[2026-04-01T18:58:23.777+0000] {processor.py:186} INFO - Started process (PID=49324) to work on /opt/airflow/dags/dag.py
[2026-04-01T18:58:23.779+0000] {processor.py:914} INFO - Processing file /opt/airflow/dags/dag.py for tasks to queue
[2026-04-01T18:58:23.782+0000] {logging_mixin.py:190} INFO - [2026-04-01T18:58:23.782+0000] {dagbag.py:588} INFO - Filling up the DagBag from /opt/airflow/dags/dag.py
[2026-04-01T18:58:23.797+0000] {processor.py:925} INFO - DAG(s) 'matrix_minio' retrieved from /opt/airflow/dags/dag.py
[2026-04-01T18:58:23.840+0000] {logging_mixin.py:190} INFO - [2026-04-01T18:58:23.840+0000] {dag.py:3239} INFO - Sync 1 DAGs
[2026-04-01T18:58:23.868+0000] {logging_mixin.py:190} INFO - [2026-04-01T18:58:23.867+0000] {dag.py:4180} INFO - Setting next_dagrun for matrix_minio to None, run_after=None
[2026-04-01T18:58:23.897+0000] {processor.py:208} INFO - Processing /opt/airflow/dags/dag.py took 0.132 seconds
[2026-04-01T18:58:54.585+0000] {processor.py:186} INFO - Started process (PID=49365) to work on /opt/airflow/dags/dag.py
[2026-04-01T18:58:54.586+0000] {processor.py:914} INFO - Processing file /opt/airflow/dags/dag.py for tasks to queue
[2026-04-01T18:58:54.590+0000] {logging_mixin.py:190} INFO - [2026-04-01T18:58:54.589+0000] {dagbag.py:588} INFO - Filling up the DagBag from /opt/airflow/dags/dag.py
[2026-04-01T18:58:54.609+0000] {processor.py:925} INFO - DAG(s) 'matrix_minio' retrieved from /opt/airflow/dags/dag.py
[2026-04-01T18:58:54.663+0000] {logging_mixin.py:190} INFO - [2026-04-01T18:58:54.663+0000] {dag.py:3239} INFO - Sync 1 DAGs
[2026-04-01T18:58:54.694+0000] {logging_mixin.py:190} INFO - [2026-04-01T18:58:54.694+0000] {dag.py:4180} INFO - Setting next_dagrun for matrix_minio to None, run_after=None
[2026-04-01T18:58:54.733+0000] {processor.py:208} INFO - Processing /opt/airflow/dags/dag.py took 0.160 seconds
[2026-04-01T18:59:25.535+0000] {processor.py:186} INFO - Started process (PID=49406) to work on /opt/airflow/dags/dag.py
[2026-04-01T18:59:25.536+0000] {processor.py:914} INFO - Processing file /opt/airflow/dags/dag.py for tasks to queue
[2026-04-01T18:59:25.540+0000] {logging_mixin.py:190} INFO - [2026-04-01T18:59:25.539+0000] {dagbag.py:588} INFO - Filling up the DagBag from /opt/airflow/dags/dag.py
[2026-04-01T18:59:25.556+0000] {processor.py:925} INFO - DAG(s) 'matrix_minio' retrieved from /opt/airflow/dags/dag.py
[2026-04-01T18:59:25.603+0000] {logging_mixin.py:190} INFO - [2026-04-01T18:59:25.602+0000] {dag.py:3239} INFO - Sync 1 DAGs
[2026-04-01T18:59:25.630+0000] {logging_mixin.py:190} INFO - [2026-04-01T18:59:25.630+0000] {dag.py:4180} INFO - Setting next_dagrun for matrix_minio to None, run_after=None
[2026-04-01T18:59:25.669+0000] {processor.py:208} INFO - Processing /opt/airflow/dags/dag.py took 0.146 seconds
[2026-04-01T18:59:56.511+0000] {processor.py:186} INFO - Started process (PID=49447) to work on /opt/airflow/dags/dag.py
[2026-04-01T18:59:56.512+0000] {processor.py:914} INFO - Processing file /opt/airflow/dags/dag.py for tasks to queue
[2026-04-01T18:59:56.517+0000] {logging_mixin.py:190} INFO - [2026-04-01T18:59:56.516+0000] {dagbag.py:588} INFO - Filling up the DagBag from /opt/airflow/dags/dag.py
[2026-04-01T18:59:56.535+0000] {processor.py:925} INFO - DAG(s) 'matrix_minio' retrieved from /opt/airflow/dags/dag.py
[2026-04-01T18:59:56.585+0000] {logging_mixin.py:190} INFO - [2026-04-01T18:59:56.585+0000] {dag.py:3239} INFO - Sync 1 DAGs
[2026-04-01T18:59:56.613+0000] {logging_mixin.py:190} INFO - [2026-04-01T18:59:56.613+0000] {dag.py:4180} INFO - Setting next_dagrun for matrix_minio to None, run_after=None
[2026-04-01T18:59:56.656+0000] {processor.py:208} INFO - Processing /opt/airflow/dags/dag.py took 0.157 seconds
[2026-04-01T19:00:27.475+0000] {processor.py:186} INFO - Started process (PID=49489) to work on /opt/airflow/dags/dag.py
[2026-04-01T19:00:27.477+0000] {processor.py:914} INFO - Processing file /opt/airflow/dags/dag.py for tasks to queue
[2026-04-01T19:00:27.480+0000] {logging_mixin.py:190} INFO - [2026-04-01T19:00:27.480+0000] {dagbag.py:588} INFO - Filling up the DagBag from /opt/airflow/dags/dag.py
[2026-04-01T19:00:27.496+0000] {processor.py:925} INFO - DAG(s) 'matrix_minio' retrieved from /opt/airflow/dags/dag.py
[2026-04-01T19:00:27.546+0000] {logging_mixin.py:190} INFO - [2026-04-01T19:00:27.545+0000] {dag.py:3239} INFO - Sync 1 DAGs
[2026-04-01T19:00:27.573+0000] {logging_mixin.py:190} INFO - [2026-04-01T19:00:27.573+0000] {dag.py:4180} INFO - Setting next_dagrun for matrix_minio to None, run_after=None
[2026-04-01T19:00:27.611+0000] {processor.py:208} INFO - Processing /opt/airflow/dags/dag.py took 0.148 seconds
[2026-04-01T19:00:58.422+0000] {processor.py:186} INFO - Started process (PID=49531) to work on /opt/airflow/dags/dag.py
[2026-04-01T19:00:58.423+0000] {processor.py:914} INFO - Processing file /opt/airflow/dags/dag.py for tasks to queue
[2026-04-01T19:00:58.427+0000] {logging_mixin.py:190} INFO - [2026-04-01T19:00:58.426+0000] {dagbag.py:588} INFO - Filling up the DagBag from /opt/airflow/dags/dag.py
[2026-04-01T19:00:58.442+0000] {processor.py:925} INFO - DAG(s) 'matrix_minio' retrieved from /opt/airflow/dags/dag.py
[2026-04-01T19:00:58.493+0000] {logging_mixin.py:190} INFO - [2026-04-01T19:00:58.492+0000] {dag.py:3239} INFO - Sync 1 DAGs
[2026-04-01T19:00:58.522+0000] {logging_mixin.py:190} INFO - [2026-04-01T19:00:58.521+0000] {dag.py:4180} INFO - Setting next_dagrun for matrix_minio to None, run_after=None
[2026-04-01T19:00:58.557+0000] {processor.py:208} INFO - Processing /opt/airflow/dags/dag.py took 0.146 seconds
[2026-04-01T19:01:29.379+0000] {processor.py:186} INFO - Started process (PID=49572) to work on /opt/airflow/dags/dag.py
[2026-04-01T19:01:29.381+0000] {processor.py:914} INFO - Processing file /opt/airflow/dags/dag.py for tasks to queue
[2026-04-01T19:01:29.384+0000] {logging_mixin.py:190} INFO - [2026-04-01T19:01:29.384+0000] {dagbag.py:588} INFO - Filling up the DagBag from /opt/airflow/dags/dag.py
[2026-04-01T19:01:29.401+0000] {processor.py:925} INFO - DAG(s) 'matrix_minio' retrieved from /opt/airflow/dags/dag.py
[2026-04-01T19:01:29.450+0000] {logging_mixin.py:190} INFO - [2026-04-01T19:01:29.450+0000] {dag.py:3239} INFO - Sync 1 DAGs
[2026-04-01T19:01:29.478+0000] {logging_mixin.py:190} INFO - [2026-04-01T19:01:29.478+0000] {dag.py:4180} INFO - Setting next_dagrun for matrix_minio to None, run_after=None
[2026-04-01T19:01:29.512+0000] {processor.py:208} INFO - Processing /opt/airflow/dags/dag.py took 0.144 seconds
[2026-04-01T19:02:00.333+0000] {processor.py:186} INFO - Started process (PID=49613) to work on /opt/airflow/dags/dag.py
[2026-04-01T19:02:00.335+0000] {processor.py:914} INFO - Processing file /opt/airflow/dags/dag.py for tasks to queue
[2026-04-01T19:02:00.340+0000] {logging_mixin.py:190} INFO - [2026-04-01T19:02:00.340+0000] {dagbag.py:588} INFO - Filling up the DagBag from /opt/airflow/dags/dag.py
[2026-04-01T19:02:00.358+0000] {processor.py:925} INFO - DAG(s) 'matrix_minio' retrieved from /opt/airflow/dags/dag.py
[2026-04-01T19:02:00.407+0000] {logging_mixin.py:190} INFO - [2026-04-01T19:02:00.406+0000] {dag.py:3239} INFO - Sync 1 DAGs
[2026-04-01T19:02:00.436+0000] {logging_mixin.py:190} INFO - [2026-04-01T19:02:00.436+0000] {dag.py:4180} INFO - Setting next_dagrun for matrix_minio to None, run_after=None
[2026-04-01T19:02:00.469+0000] {processor.py:208} INFO - Processing /opt/airflow/dags/dag.py took 0.153 seconds
[2026-04-01T19:02:31.276+0000] {processor.py:186} INFO - Started process (PID=49654) to work on /opt/airflow/dags/dag.py
[2026-04-01T19:02:31.277+0000] {processor.py:914} INFO - Processing file /opt/airflow/dags/dag.py for tasks to queue
[2026-04-01T19:02:31.280+0000] {logging_mixin.py:190} INFO - [2026-04-01T19:02:31.280+0000] {dagbag.py:588} INFO - Filling up the DagBag from /opt/airflow/dags/dag.py
[2026-04-01T19:02:31.295+0000] {processor.py:925} INFO - DAG(s) 'matrix_minio' retrieved from /opt/airflow/dags/dag.py
[2026-04-01T19:02:31.342+0000] {logging_mixin.py:190} INFO - [2026-04-01T19:02:31.342+0000] {dag.py:3239} INFO - Sync 1 DAGs
[2026-04-01T19:02:31.378+0000] {logging_mixin.py:190} INFO - [2026-04-01T19:02:31.377+0000] {dag.py:4180} INFO - Setting next_dagrun for matrix_minio to None, run_after=None
[2026-04-01T19:02:31.420+0000] {processor.py:208} INFO - Processing /opt/airflow/dags/dag.py took 0.155 seconds
[2026-04-01T19:03:02.252+0000] {processor.py:186} INFO - Started process (PID=49701) to work on /opt/airflow/dags/dag.py
[2026-04-01T19:03:02.254+0000] {processor.py:914} INFO - Processing file /opt/airflow/dags/dag.py for tasks to queue
[2026-04-01T19:03:02.257+0000] {logging_mixin.py:190} INFO - [2026-04-01T19:03:02.257+0000] {dagbag.py:588} INFO - Filling up the DagBag from /opt/airflow/dags/dag.py
[2026-04-01T19:03:02.273+0000] {processor.py:925} INFO - DAG(s) 'matrix_minio' retrieved from /opt/airflow/dags/dag.py
[2026-04-01T19:03:02.322+0000] {logging_mixin.py:190} INFO - [2026-04-01T19:03:02.322+0000] {dag.py:3239} INFO - Sync 1 DAGs
[2026-04-01T19:03:02.351+0000] {logging_mixin.py:190} INFO - [2026-04-01T19:03:02.351+0000] {dag.py:4180} INFO - Setting next_dagrun for matrix_minio to None, run_after=None
[2026-04-01T19:03:02.387+0000] {processor.py:208} INFO - Processing /opt/airflow/dags/dag.py took 0.146 seconds
[2026-04-01T19:03:33.199+0000] {processor.py:186} INFO - Started process (PID=49742) to work on /opt/airflow/dags/dag.py
[2026-04-01T19:03:33.200+0000] {processor.py:914} INFO - Processing file /opt/airflow/dags/dag.py for tasks to queue
[2026-04-01T19:03:33.203+0000] {logging_mixin.py:190} INFO - [2026-04-01T19:03:33.203+0000] {dagbag.py:588} INFO - Filling up the DagBag from /opt/airflow/dags/dag.py
[2026-04-01T19:03:33.219+0000] {processor.py:925} INFO - DAG(s) 'matrix_minio' retrieved from /opt/airflow/dags/dag.py
[2026-04-01T19:03:33.267+0000] {logging_mixin.py:190} INFO - [2026-04-01T19:03:33.267+0000] {dag.py:3239} INFO - Sync 1 DAGs
[2026-04-01T19:03:33.294+0000] {logging_mixin.py:190} INFO - [2026-04-01T19:03:33.294+0000] {dag.py:4180} INFO - Setting next_dagrun for matrix_minio to None, run_after=None
[2026-04-01T19:03:33.328+0000] {processor.py:208} INFO - Processing /opt/airflow/dags/dag.py took 0.143 seconds
[2026-04-01T19:04:04.085+0000] {processor.py:186} INFO - Started process (PID=49783) to work on /opt/airflow/dags/dag.py
[2026-04-01T19:04:04.086+0000] {processor.py:914} INFO - Processing file /opt/airflow/dags/dag.py for tasks to queue
[2026-04-01T19:04:04.090+0000] {logging_mixin.py:190} INFO - [2026-04-01T19:04:04.089+0000] {dagbag.py:588} INFO - Filling up the DagBag from /opt/airflow/dags/dag.py
[2026-04-01T19:04:04.106+0000] {processor.py:925} INFO - DAG(s) 'matrix_minio' retrieved from /opt/airflow/dags/dag.py
[2026-04-01T19:04:04.151+0000] {logging_mixin.py:190} INFO - [2026-04-01T19:04:04.151+0000] {dag.py:3239} INFO - Sync 1 DAGs
[2026-04-01T19:04:04.175+0000] {logging_mixin.py:190} INFO - [2026-04-01T19:04:04.175+0000] {dag.py:4180} INFO - Setting next_dagrun for matrix_minio to None, run_after=None
[2026-04-01T19:04:04.209+0000] {processor.py:208} INFO - Processing /opt/airflow/dags/dag.py took 0.136 seconds
[2026-04-01T19:04:35.242+0000] {processor.py:186} INFO - Started process (PID=49826) to work on /opt/airflow/dags/dag.py
[2026-04-01T19:04:35.243+0000] {processor.py:914} INFO - Processing file /opt/airflow/dags/dag.py for tasks to queue
[2026-04-01T19:04:35.247+0000] {logging_mixin.py:190} INFO - [2026-04-01T19:04:35.247+0000] {dagbag.py:588} INFO - Filling up the DagBag from /opt/airflow/dags/dag.py
[2026-04-01T19:04:35.266+0000] {processor.py:925} INFO - DAG(s) 'matrix_minio' retrieved from /opt/airflow/dags/dag.py
[2026-04-01T19:04:35.310+0000] {logging_mixin.py:190} INFO - [2026-04-01T19:04:35.310+0000] {dag.py:3239} INFO - Sync 1 DAGs
[2026-04-01T19:04:35.342+0000] {logging_mixin.py:190} INFO - [2026-04-01T19:04:35.341+0000] {dag.py:4180} INFO - Setting next_dagrun for matrix_minio to None, run_after=None
[2026-04-01T19:04:35.380+0000] {processor.py:208} INFO - Processing /opt/airflow/dags/dag.py took 0.151 seconds
[2026-04-01T19:05:06.020+0000] {processor.py:186} INFO - Started process (PID=49865) to work on /opt/airflow/dags/dag.py
[2026-04-01T19:05:06.022+0000] {processor.py:914} INFO - Processing file /opt/airflow/dags/dag.py for tasks to queue
[2026-04-01T19:05:06.026+0000] {logging_mixin.py:190} INFO - [2026-04-01T19:05:06.025+0000] {dagbag.py:588} INFO - Filling up the DagBag from /opt/airflow/dags/dag.py
[2026-04-01T19:05:06.042+0000] {processor.py:925} INFO - DAG(s) 'matrix_minio' retrieved from /opt/airflow/dags/dag.py
[2026-04-01T19:05:06.090+0000] {logging_mixin.py:190} INFO - [2026-04-01T19:05:06.089+0000] {dag.py:3239} INFO - Sync 1 DAGs
[2026-04-01T19:05:06.114+0000] {logging_mixin.py:190} INFO - [2026-04-01T19:05:06.114+0000] {dag.py:4180} INFO - Setting next_dagrun for matrix_minio to None, run_after=None
[2026-04-01T19:05:06.144+0000] {processor.py:208} INFO - Processing /opt/airflow/dags/dag.py took 0.137 seconds
[2026-04-01T19:05:36.974+0000] {processor.py:186} INFO - Started process (PID=49906) to work on /opt/airflow/dags/dag.py
[2026-04-01T19:05:36.975+0000] {processor.py:914} INFO - Processing file /opt/airflow/dags/dag.py for tasks to queue
[2026-04-01T19:05:36.979+0000] {logging_mixin.py:190} INFO - [2026-04-01T19:05:36.978+0000] {dagbag.py:588} INFO - Filling up the DagBag from /opt/airflow/dags/dag.py
[2026-04-01T19:05:36.998+0000] {processor.py:925} INFO - DAG(s) 'matrix_minio' retrieved from /opt/airflow/dags/dag.py
[2026-04-01T19:05:37.055+0000] {logging_mixin.py:190} INFO - [2026-04-01T19:05:37.054+0000] {dag.py:3239} INFO - Sync 1 DAGs
[2026-04-01T19:05:37.085+0000] {logging_mixin.py:190} INFO - [2026-04-01T19:05:37.084+0000] {dag.py:4180} INFO - Setting next_dagrun for matrix_minio to None, run_after=None
[2026-04-01T19:05:37.121+0000] {processor.py:208} INFO - Processing /opt/airflow/dags/dag.py took 0.159 seconds
[2026-04-01T19:06:08.210+0000] {processor.py:186} INFO - Started process (PID=49949) to work on /opt/airflow/dags/dag.py
[2026-04-01T19:06:08.212+0000] {processor.py:914} INFO - Processing file /opt/airflow/dags/dag.py for tasks to queue
[2026-04-01T19:06:08.215+0000] {logging_mixin.py:190} INFO - [2026-04-01T19:06:08.215+0000] {dagbag.py:588} INFO - Filling up the DagBag from /opt/airflow/dags/dag.py
[2026-04-01T19:06:08.231+0000] {processor.py:925} INFO - DAG(s) 'matrix_minio' retrieved from /opt/airflow/dags/dag.py
[2026-04-01T19:06:08.283+0000] {logging_mixin.py:190} INFO - [2026-04-01T19:06:08.282+0000] {dag.py:3239} INFO - Sync 1 DAGs
[2026-04-01T19:06:08.309+0000] {logging_mixin.py:190} INFO - [2026-04-01T19:06:08.309+0000] {dag.py:4180} INFO - Setting next_dagrun for matrix_minio to None, run_after=None
[2026-04-01T19:06:08.353+0000] {processor.py:208} INFO - Processing /opt/airflow/dags/dag.py took 0.154 seconds
[2026-04-01T19:06:39.054+0000] {processor.py:186} INFO - Started process (PID=49988) to work on /opt/airflow/dags/dag.py
[2026-04-01T19:06:39.056+0000] {processor.py:914} INFO - Processing file /opt/airflow/dags/dag.py for tasks to queue
[2026-04-01T19:06:39.060+0000] {logging_mixin.py:190} INFO - [2026-04-01T19:06:39.059+0000] {dagbag.py:588} INFO - Filling up the DagBag from /opt/airflow/dags/dag.py
[2026-04-01T19:06:39.081+0000] {processor.py:925} INFO - DAG(s) 'matrix_minio' retrieved from /opt/airflow/dags/dag.py
[2026-04-01T19:06:39.140+0000] {logging_mixin.py:190} INFO - [2026-04-01T19:06:39.139+0000] {dag.py:3239} INFO - Sync 1 DAGs
[2026-04-01T19:06:39.176+0000] {logging_mixin.py:190} INFO - [2026-04-01T19:06:39.175+0000] {dag.py:4180} INFO - Setting next_dagrun for matrix_minio to None, run_after=None
[2026-04-01T19:06:39.215+0000] {processor.py:208} INFO - Processing /opt/airflow/dags/dag.py took 0.174 seconds
[2026-04-01T19:07:10.135+0000] {processor.py:186} INFO - Started process (PID=50029) to work on /opt/airflow/dags/dag.py
[2026-04-01T19:07:10.136+0000] {processor.py:914} INFO - Processing file /opt/airflow/dags/dag.py for tasks to queue
[2026-04-01T19:07:10.140+0000] {logging_mixin.py:190} INFO - [2026-04-01T19:07:10.139+0000] {dagbag.py:588} INFO - Filling up the DagBag from /opt/airflow/dags/dag.py
[2026-04-01T19:07:10.157+0000] {processor.py:925} INFO - DAG(s) 'matrix_minio' retrieved from /opt/airflow/dags/dag.py
[2026-04-01T19:07:10.217+0000] {logging_mixin.py:190} INFO - [2026-04-01T19:07:10.217+0000] {dag.py:3239} INFO - Sync 1 DAGs
[2026-04-01T19:07:10.253+0000] {logging_mixin.py:190} INFO - [2026-04-01T19:07:10.252+0000] {dag.py:4180} INFO - Setting next_dagrun for matrix_minio to None, run_after=None
[2026-04-01T19:07:10.293+0000] {processor.py:208} INFO - Processing /opt/airflow/dags/dag.py took 0.171 seconds
[2026-04-01T19:07:41.119+0000] {processor.py:186} INFO - Started process (PID=50070) to work on /opt/airflow/dags/dag.py
[2026-04-01T19:07:41.120+0000] {processor.py:914} INFO - Processing file /opt/airflow/dags/dag.py for tasks to queue
[2026-04-01T19:07:41.124+0000] {logging_mixin.py:190} INFO - [2026-04-01T19:07:41.123+0000] {dagbag.py:588} INFO - Filling up the DagBag from /opt/airflow/dags/dag.py
[2026-04-01T19:07:41.139+0000] {processor.py:925} INFO - DAG(s) 'matrix_minio' retrieved from /opt/airflow/dags/dag.py
[2026-04-01T19:07:41.194+0000] {logging_mixin.py:190} INFO - [2026-04-01T19:07:41.194+0000] {dag.py:3239} INFO - Sync 1 DAGs
[2026-04-01T19:07:41.222+0000] {logging_mixin.py:190} INFO - [2026-04-01T19:07:41.222+0000] {dag.py:4180} INFO - Setting next_dagrun for matrix_minio to None, run_after=None
[2026-04-01T19:07:41.255+0000] {processor.py:208} INFO - Processing /opt/airflow/dags/dag.py took 0.147 seconds
[2026-04-01T19:08:12.131+0000] {processor.py:186} INFO - Started process (PID=50111) to work on /opt/airflow/dags/dag.py
[2026-04-01T19:08:12.133+0000] {processor.py:914} INFO - Processing file /opt/airflow/dags/dag.py for tasks to queue
[2026-04-01T19:08:12.139+0000] {logging_mixin.py:190} INFO - [2026-04-01T19:08:12.138+0000] {dagbag.py:588} INFO - Filling up the DagBag from /opt/airflow/dags/dag.py
[2026-04-01T19:08:12.157+0000] {processor.py:925} INFO - DAG(s) 'matrix_minio' retrieved from /opt/airflow/dags/dag.py
[2026-04-01T19:08:12.210+0000] {logging_mixin.py:190} INFO - [2026-04-01T19:08:12.209+0000] {dag.py:3239} INFO - Sync 1 DAGs
[2026-04-01T19:08:12.242+0000] {logging_mixin.py:190} INFO - [2026-04-01T19:08:12.241+0000] {dag.py:4180} INFO - Setting next_dagrun for matrix_minio to None, run_after=None
[2026-04-01T19:08:12.281+0000] {processor.py:208} INFO - Processing /opt/airflow/dags/dag.py took 0.168 seconds
[2026-04-01T19:08:43.136+0000] {processor.py:186} INFO - Started process (PID=50152) to work on /opt/airflow/dags/dag.py
[2026-04-01T19:08:43.138+0000] {processor.py:914} INFO - Processing file /opt/airflow/dags/dag.py for tasks to queue
[2026-04-01T19:08:43.141+0000] {logging_mixin.py:190} INFO - [2026-04-01T19:08:43.140+0000] {dagbag.py:588} INFO - Filling up the DagBag from /opt/airflow/dags/dag.py
[2026-04-01T19:08:43.156+0000] {processor.py:925} INFO - DAG(s) 'matrix_minio' retrieved from /opt/airflow/dags/dag.py
[2026-04-01T19:08:43.205+0000] {logging_mixin.py:190} INFO - [2026-04-01T19:08:43.204+0000] {dag.py:3239} INFO - Sync 1 DAGs
[2026-04-01T19:08:43.233+0000] {logging_mixin.py:190} INFO - [2026-04-01T19:08:43.233+0000] {dag.py:4180} INFO - Setting next_dagrun for matrix_minio to None, run_after=None
[2026-04-01T19:08:43.266+0000] {processor.py:208} INFO - Processing /opt/airflow/dags/dag.py took 0.140 seconds
[2026-04-01T19:09:14.144+0000] {processor.py:186} INFO - Started process (PID=50193) to work on /opt/airflow/dags/dag.py
[2026-04-01T19:09:14.146+0000] {processor.py:914} INFO - Processing file /opt/airflow/dags/dag.py for tasks to queue
[2026-04-01T19:09:14.149+0000] {logging_mixin.py:190} INFO - [2026-04-01T19:09:14.149+0000] {dagbag.py:588} INFO - Filling up the DagBag from /opt/airflow/dags/dag.py
[2026-04-01T19:09:14.166+0000] {processor.py:925} INFO - DAG(s) 'matrix_minio' retrieved from /opt/airflow/dags/dag.py
[2026-04-01T19:09:14.217+0000] {logging_mixin.py:190} INFO - [2026-04-01T19:09:14.217+0000] {dag.py:3239} INFO - Sync 1 DAGs
[2026-04-01T19:09:14.251+0000] {logging_mixin.py:190} INFO - [2026-04-01T19:09:14.250+0000] {dag.py:4180} INFO - Setting next_dagrun for matrix_minio to None, run_after=None
[2026-04-01T19:09:14.294+0000] {processor.py:208} INFO - Processing /opt/airflow/dags/dag.py took 0.160 seconds
[2026-04-01T19:09:44.946+0000] {processor.py:186} INFO - Started process (PID=50234) to work on /opt/airflow/dags/dag.py
[2026-04-01T19:09:44.948+0000] {processor.py:914} INFO - Processing file /opt/airflow/dags/dag.py for tasks to queue
[2026-04-01T19:09:44.951+0000] {logging_mixin.py:190} INFO - [2026-04-01T19:09:44.950+0000] {dagbag.py:588} INFO - Filling up the DagBag from /opt/airflow/dags/dag.py
[2026-04-01T19:09:44.966+0000] {processor.py:925} INFO - DAG(s) 'matrix_minio' retrieved from /opt/airflow/dags/dag.py
[2026-04-01T19:09:45.009+0000] {logging_mixin.py:190} INFO - [2026-04-01T19:09:45.008+0000] {dag.py:3239} INFO - Sync 1 DAGs
[2026-04-01T19:09:45.036+0000] {logging_mixin.py:190} INFO - [2026-04-01T19:09:45.036+0000] {dag.py:4180} INFO - Setting next_dagrun for matrix_minio to None, run_after=None
[2026-04-01T19:09:45.078+0000] {processor.py:208} INFO - Processing /opt/airflow/dags/dag.py took 0.142 seconds
[2026-04-01T19:10:15.744+0000] {processor.py:186} INFO - Started process (PID=50275) to work on /opt/airflow/dags/dag.py
[2026-04-01T19:10:15.746+0000] {processor.py:914} INFO - Processing file /opt/airflow/dags/dag.py for tasks to queue
[2026-04-01T19:10:15.750+0000] {logging_mixin.py:190} INFO - [2026-04-01T19:10:15.749+0000] {dagbag.py:588} INFO - Filling up the DagBag from /opt/airflow/dags/dag.py
[2026-04-01T19:10:15.764+0000] {processor.py:925} INFO - DAG(s) 'matrix_minio' retrieved from /opt/airflow/dags/dag.py
[2026-04-01T19:10:15.816+0000] {logging_mixin.py:190} INFO - [2026-04-01T19:10:15.815+0000] {dag.py:3239} INFO - Sync 1 DAGs
[2026-04-01T19:10:15.846+0000] {logging_mixin.py:190} INFO - [2026-04-01T19:10:15.846+0000] {dag.py:4180} INFO - Setting next_dagrun for matrix_minio to None, run_after=None
[2026-04-01T19:10:15.884+0000] {processor.py:208} INFO - Processing /opt/airflow/dags/dag.py took 0.150 seconds
[2026-04-01T19:10:46.711+0000] {processor.py:186} INFO - Started process (PID=50316) to work on /opt/airflow/dags/dag.py
[2026-04-01T19:10:46.713+0000] {processor.py:914} INFO - Processing file /opt/airflow/dags/dag.py for tasks to queue
[2026-04-01T19:10:46.716+0000] {logging_mixin.py:190} INFO - [2026-04-01T19:10:46.716+0000] {dagbag.py:588} INFO - Filling up the DagBag from /opt/airflow/dags/dag.py
[2026-04-01T19:10:46.733+0000] {processor.py:925} INFO - DAG(s) 'matrix_minio' retrieved from /opt/airflow/dags/dag.py
[2026-04-01T19:10:46.783+0000] {logging_mixin.py:190} INFO - [2026-04-01T19:10:46.782+0000] {dag.py:3239} INFO - Sync 1 DAGs
[2026-04-01T19:10:46.819+0000] {logging_mixin.py:190} INFO - [2026-04-01T19:10:46.818+0000] {dag.py:4180} INFO - Setting next_dagrun for matrix_minio to None, run_after=None
[2026-04-01T19:10:46.855+0000] {processor.py:208} INFO - Processing /opt/airflow/dags/dag.py took 0.154 seconds
[2026-04-01T19:11:17.680+0000] {processor.py:186} INFO - Started process (PID=50357) to work on /opt/airflow/dags/dag.py
[2026-04-01T19:11:17.682+0000] {processor.py:914} INFO - Processing file /opt/airflow/dags/dag.py for tasks to queue
[2026-04-01T19:11:17.685+0000] {logging_mixin.py:190} INFO - [2026-04-01T19:11:17.685+0000] {dagbag.py:588} INFO - Filling up the DagBag from /opt/airflow/dags/dag.py
[2026-04-01T19:11:17.701+0000] {processor.py:925} INFO - DAG(s) 'matrix_minio' retrieved from /opt/airflow/dags/dag.py
[2026-04-01T19:11:17.749+0000] {logging_mixin.py:190} INFO - [2026-04-01T19:11:17.748+0000] {dag.py:3239} INFO - Sync 1 DAGs
[2026-04-01T19:11:17.779+0000] {logging_mixin.py:190} INFO - [2026-04-01T19:11:17.779+0000] {dag.py:4180} INFO - Setting next_dagrun for matrix_minio to None, run_after=None
[2026-04-01T19:11:17.813+0000] {processor.py:208} INFO - Processing /opt/airflow/dags/dag.py took 0.144 seconds
[2026-04-01T19:11:48.638+0000] {processor.py:186} INFO - Started process (PID=50398) to work on /opt/airflow/dags/dag.py
[2026-04-01T19:11:48.639+0000] {processor.py:914} INFO - Processing file /opt/airflow/dags/dag.py for tasks to queue
[2026-04-01T19:11:48.643+0000] {logging_mixin.py:190} INFO - [2026-04-01T19:11:48.642+0000] {dagbag.py:588} INFO - Filling up the DagBag from /opt/airflow/dags/dag.py
[2026-04-01T19:11:48.658+0000] {processor.py:925} INFO - DAG(s) 'matrix_minio' retrieved from /opt/airflow/dags/dag.py
[2026-04-01T19:11:48.706+0000] {logging_mixin.py:190} INFO - [2026-04-01T19:11:48.706+0000] {dag.py:3239} INFO - Sync 1 DAGs
[2026-04-01T19:11:48.737+0000] {logging_mixin.py:190} INFO - [2026-04-01T19:11:48.736+0000] {dag.py:4180} INFO - Setting next_dagrun for matrix_minio to None, run_after=None
[2026-04-01T19:11:48.771+0000] {processor.py:208} INFO - Processing /opt/airflow/dags/dag.py took 0.144 seconds
[2026-04-01T19:12:19.627+0000] {processor.py:186} INFO - Started process (PID=50439) to work on /opt/airflow/dags/dag.py
[2026-04-01T19:12:19.628+0000] {processor.py:914} INFO - Processing file /opt/airflow/dags/dag.py for tasks to queue
[2026-04-01T19:12:19.632+0000] {logging_mixin.py:190} INFO - [2026-04-01T19:12:19.631+0000] {dagbag.py:588} INFO - Filling up the DagBag from /opt/airflow/dags/dag.py
[2026-04-01T19:12:19.649+0000] {processor.py:925} INFO - DAG(s) 'matrix_minio' retrieved from /opt/airflow/dags/dag.py
[2026-04-01T19:12:19.700+0000] {logging_mixin.py:190} INFO - [2026-04-01T19:12:19.699+0000] {dag.py:3239} INFO - Sync 1 DAGs
[2026-04-01T19:12:19.730+0000] {logging_mixin.py:190} INFO - [2026-04-01T19:12:19.729+0000] {dag.py:4180} INFO - Setting next_dagrun for matrix_minio to None, run_after=None
[2026-04-01T19:12:19.767+0000] {processor.py:208} INFO - Processing /opt/airflow/dags/dag.py took 0.152 seconds
[2026-04-01T19:12:50.512+0000] {processor.py:186} INFO - Started process (PID=50480) to work on /opt/airflow/dags/dag.py
[2026-04-01T19:12:50.514+0000] {processor.py:914} INFO - Processing file /opt/airflow/dags/dag.py for tasks to queue
[2026-04-01T19:12:50.517+0000] {logging_mixin.py:190} INFO - [2026-04-01T19:12:50.517+0000] {dagbag.py:588} INFO - Filling up the DagBag from /opt/airflow/dags/dag.py
[2026-04-01T19:12:50.536+0000] {processor.py:925} INFO - DAG(s) 'matrix_minio' retrieved from /opt/airflow/dags/dag.py
[2026-04-01T19:12:50.586+0000] {logging_mixin.py:190} INFO - [2026-04-01T19:12:50.585+0000] {dag.py:3239} INFO - Sync 1 DAGs
[2026-04-01T19:12:50.616+0000] {logging_mixin.py:190} INFO - [2026-04-01T19:12:50.616+0000] {dag.py:4180} INFO - Setting next_dagrun for matrix_minio to None, run_after=None
[2026-04-01T19:12:50.658+0000] {processor.py:208} INFO - Processing /opt/airflow/dags/dag.py took 0.158 seconds
[2026-04-01T19:13:21.476+0000] {processor.py:186} INFO - Started process (PID=50521) to work on /opt/airflow/dags/dag.py
[2026-04-01T19:13:21.478+0000] {processor.py:914} INFO - Processing file /opt/airflow/dags/dag.py for tasks to queue
[2026-04-01T19:13:21.481+0000] {logging_mixin.py:190} INFO - [2026-04-01T19:13:21.481+0000] {dagbag.py:588} INFO - Filling up the DagBag from /opt/airflow/dags/dag.py
[2026-04-01T19:13:21.498+0000] {processor.py:925} INFO - DAG(s) 'matrix_minio' retrieved from /opt/airflow/dags/dag.py
[2026-04-01T19:13:21.544+0000] {logging_mixin.py:190} INFO - [2026-04-01T19:13:21.544+0000] {dag.py:3239} INFO - Sync 1 DAGs
[2026-04-01T19:13:21.578+0000] {logging_mixin.py:190} INFO - [2026-04-01T19:13:21.577+0000] {dag.py:4180} INFO - Setting next_dagrun for matrix_minio to None, run_after=None
[2026-04-01T19:13:21.616+0000] {processor.py:208} INFO - Processing /opt/airflow/dags/dag.py took 0.150 seconds
[2026-04-01T19:13:52.416+0000] {processor.py:186} INFO - Started process (PID=50562) to work on /opt/airflow/dags/dag.py
[2026-04-01T19:13:52.418+0000] {processor.py:914} INFO - Processing file /opt/airflow/dags/dag.py for tasks to queue
[2026-04-01T19:13:52.422+0000] {logging_mixin.py:190} INFO - [2026-04-01T19:13:52.421+0000] {dagbag.py:588} INFO - Filling up the DagBag from /opt/airflow/dags/dag.py
[2026-04-01T19:13:52.441+0000] {processor.py:925} INFO - DAG(s) 'matrix_minio' retrieved from /opt/airflow/dags/dag.py
[2026-04-01T19:13:52.496+0000] {logging_mixin.py:190} INFO - [2026-04-01T19:13:52.495+0000] {dag.py:3239} INFO - Sync 1 DAGs
[2026-04-01T19:13:52.530+0000] {logging_mixin.py:190} INFO - [2026-04-01T19:13:52.529+0000] {dag.py:4180} INFO - Setting next_dagrun for matrix_minio to None, run_after=None
[2026-04-01T19:13:52.564+0000] {processor.py:208} INFO - Processing /opt/airflow/dags/dag.py took 0.160 seconds
[2026-04-01T19:14:23.222+0000] {processor.py:186} INFO - Started process (PID=50603) to work on /opt/airflow/dags/dag.py
[2026-04-01T19:14:23.223+0000] {processor.py:914} INFO - Processing file /opt/airflow/dags/dag.py for tasks to queue
[2026-04-01T19:14:23.227+0000] {logging_mixin.py:190} INFO - [2026-04-01T19:14:23.227+0000] {dagbag.py:588} INFO - Filling up the DagBag from /opt/airflow/dags/dag.py
[2026-04-01T19:14:23.245+0000] {processor.py:925} INFO - DAG(s) 'matrix_minio' retrieved from /opt/airflow/dags/dag.py
[2026-04-01T19:14:23.295+0000] {logging_mixin.py:190} INFO - [2026-04-01T19:14:23.295+0000] {dag.py:3239} INFO - Sync 1 DAGs
[2026-04-01T19:14:23.327+0000] {logging_mixin.py:190} INFO - [2026-04-01T19:14:23.327+0000] {dag.py:4180} INFO - Setting next_dagrun for matrix_minio to None, run_after=None
[2026-04-01T19:14:23.372+0000] {processor.py:208} INFO - Processing /opt/airflow/dags/dag.py took 0.161 seconds
[2026-04-01T19:14:54.197+0000] {processor.py:186} INFO - Started process (PID=50644) to work on /opt/airflow/dags/dag.py
[2026-04-01T19:14:54.199+0000] {processor.py:914} INFO - Processing file /opt/airflow/dags/dag.py for tasks to queue
[2026-04-01T19:14:54.202+0000] {logging_mixin.py:190} INFO - [2026-04-01T19:14:54.201+0000] {dagbag.py:588} INFO - Filling up the DagBag from /opt/airflow/dags/dag.py
[2026-04-01T19:14:54.219+0000] {processor.py:925} INFO - DAG(s) 'matrix_minio' retrieved from /opt/airflow/dags/dag.py
[2026-04-01T19:14:54.273+0000] {logging_mixin.py:190} INFO - [2026-04-01T19:14:54.272+0000] {dag.py:3239} INFO - Sync 1 DAGs
[2026-04-01T19:14:54.302+0000] {logging_mixin.py:190} INFO - [2026-04-01T19:14:54.302+0000] {dag.py:4180} INFO - Setting next_dagrun for matrix_minio to None, run_after=None
[2026-04-01T19:14:54.338+0000] {processor.py:208} INFO - Processing /opt/airflow/dags/dag.py took 0.153 seconds
[2026-04-01T19:15:25.160+0000] {processor.py:186} INFO - Started process (PID=50685) to work on /opt/airflow/dags/dag.py
[2026-04-01T19:15:25.162+0000] {processor.py:914} INFO - Processing file /opt/airflow/dags/dag.py for tasks to queue
[2026-04-01T19:15:25.165+0000] {logging_mixin.py:190} INFO - [2026-04-01T19:15:25.165+0000] {dagbag.py:588} INFO - Filling up the DagBag from /opt/airflow/dags/dag.py
[2026-04-01T19:15:25.181+0000] {processor.py:925} INFO - DAG(s) 'matrix_minio' retrieved from /opt/airflow/dags/dag.py
[2026-04-01T19:15:25.230+0000] {logging_mixin.py:190} INFO - [2026-04-01T19:15:25.229+0000] {dag.py:3239} INFO - Sync 1 DAGs
[2026-04-01T19:15:25.255+0000] {logging_mixin.py:190} INFO - [2026-04-01T19:15:25.254+0000] {dag.py:4180} INFO - Setting next_dagrun for matrix_minio to None, run_after=None
[2026-04-01T19:15:25.287+0000] {processor.py:208} INFO - Processing /opt/airflow/dags/dag.py took 0.137 seconds
[2026-04-01T19:15:55.957+0000] {processor.py:186} INFO - Started process (PID=50726) to work on /opt/airflow/dags/dag.py
[2026-04-01T19:15:55.959+0000] {processor.py:914} INFO - Processing file /opt/airflow/dags/dag.py for tasks to queue
[2026-04-01T19:15:55.963+0000] {logging_mixin.py:190} INFO - [2026-04-01T19:15:55.962+0000] {dagbag.py:588} INFO - Filling up the DagBag from /opt/airflow/dags/dag.py
[2026-04-01T19:15:55.978+0000] {processor.py:925} INFO - DAG(s) 'matrix_minio' retrieved from /opt/airflow/dags/dag.py
[2026-04-01T19:15:56.025+0000] {logging_mixin.py:190} INFO - [2026-04-01T19:15:56.024+0000] {dag.py:3239} INFO - Sync 1 DAGs
[2026-04-01T19:15:56.055+0000] {logging_mixin.py:190} INFO - [2026-04-01T19:15:56.055+0000] {dag.py:4180} INFO - Setting next_dagrun for matrix_minio to None, run_after=None
[2026-04-01T19:15:56.089+0000] {processor.py:208} INFO - Processing /opt/airflow/dags/dag.py took 0.142 seconds
[2026-04-01T19:16:27.115+0000] {processor.py:186} INFO - Started process (PID=50769) to work on /opt/airflow/dags/dag.py
[2026-04-01T19:16:27.116+0000] {processor.py:914} INFO - Processing file /opt/airflow/dags/dag.py for tasks to queue
[2026-04-01T19:16:27.120+0000] {logging_mixin.py:190} INFO - [2026-04-01T19:16:27.119+0000] {dagbag.py:588} INFO - Filling up the DagBag from /opt/airflow/dags/dag.py
[2026-04-01T19:16:27.134+0000] {processor.py:925} INFO - DAG(s) 'matrix_minio' retrieved from /opt/airflow/dags/dag.py
[2026-04-01T19:16:27.181+0000] {logging_mixin.py:190} INFO - [2026-04-01T19:16:27.180+0000] {dag.py:3239} INFO - Sync 1 DAGs
[2026-04-01T19:16:27.207+0000] {logging_mixin.py:190} INFO - [2026-04-01T19:16:27.206+0000] {dag.py:4180} INFO - Setting next_dagrun for matrix_minio to None, run_after=None
[2026-04-01T19:16:27.249+0000] {processor.py:208} INFO - Processing /opt/airflow/dags/dag.py took 0.144 seconds
[2026-04-01T19:16:57.916+0000] {processor.py:186} INFO - Started process (PID=50808) to work on /opt/airflow/dags/dag.py
[2026-04-01T19:16:57.917+0000] {processor.py:914} INFO - Processing file /opt/airflow/dags/dag.py for tasks to queue
[2026-04-01T19:16:57.920+0000] {logging_mixin.py:190} INFO - [2026-04-01T19:16:57.920+0000] {dagbag.py:588} INFO - Filling up the DagBag from /opt/airflow/dags/dag.py
[2026-04-01T19:16:57.935+0000] {processor.py:925} INFO - DAG(s) 'matrix_minio' retrieved from /opt/airflow/dags/dag.py
[2026-04-01T19:16:57.984+0000] {logging_mixin.py:190} INFO - [2026-04-01T19:16:57.983+0000] {dag.py:3239} INFO - Sync 1 DAGs
[2026-04-01T19:16:58.009+0000] {logging_mixin.py:190} INFO - [2026-04-01T19:16:58.009+0000] {dag.py:4180} INFO - Setting next_dagrun for matrix_minio to None, run_after=None
[2026-04-01T19:16:58.041+0000] {processor.py:208} INFO - Processing /opt/airflow/dags/dag.py took 0.136 seconds
[2026-04-01T19:17:28.864+0000] {processor.py:186} INFO - Started process (PID=50849) to work on /opt/airflow/dags/dag.py
[2026-04-01T19:17:28.866+0000] {processor.py:914} INFO - Processing file /opt/airflow/dags/dag.py for tasks to queue
[2026-04-01T19:17:28.869+0000] {logging_mixin.py:190} INFO - [2026-04-01T19:17:28.868+0000] {dagbag.py:588} INFO - Filling up the DagBag from /opt/airflow/dags/dag.py
[2026-04-01T19:17:28.884+0000] {processor.py:925} INFO - DAG(s) 'matrix_minio' retrieved from /opt/airflow/dags/dag.py
[2026-04-01T19:17:28.936+0000] {logging_mixin.py:190} INFO - [2026-04-01T19:17:28.936+0000] {dag.py:3239} INFO - Sync 1 DAGs
[2026-04-01T19:17:28.966+0000] {logging_mixin.py:190} INFO - [2026-04-01T19:17:28.966+0000] {dag.py:4180} INFO - Setting next_dagrun for matrix_minio to None, run_after=None
[2026-04-01T19:17:28.999+0000] {processor.py:208} INFO - Processing /opt/airflow/dags/dag.py took 0.146 seconds
[2026-04-01T19:17:59.785+0000] {processor.py:186} INFO - Started process (PID=50890) to work on /opt/airflow/dags/dag.py
[2026-04-01T19:17:59.786+0000] {processor.py:914} INFO - Processing file /opt/airflow/dags/dag.py for tasks to queue
[2026-04-01T19:17:59.789+0000] {logging_mixin.py:190} INFO - [2026-04-01T19:17:59.789+0000] {dagbag.py:588} INFO - Filling up the DagBag from /opt/airflow/dags/dag.py
[2026-04-01T19:17:59.805+0000] {processor.py:925} INFO - DAG(s) 'matrix_minio' retrieved from /opt/airflow/dags/dag.py
[2026-04-01T19:17:59.852+0000] {logging_mixin.py:190} INFO - [2026-04-01T19:17:59.852+0000] {dag.py:3239} INFO - Sync 1 DAGs
[2026-04-01T19:17:59.884+0000] {logging_mixin.py:190} INFO - [2026-04-01T19:17:59.883+0000] {dag.py:4180} INFO - Setting next_dagrun for matrix_minio to None, run_after=None
[2026-04-01T19:17:59.920+0000] {processor.py:208} INFO - Processing /opt/airflow/dags/dag.py took 0.148 seconds
[2026-04-01T19:18:30.731+0000] {processor.py:186} INFO - Started process (PID=50931) to work on /opt/airflow/dags/dag.py
[2026-04-01T19:18:30.733+0000] {processor.py:914} INFO - Processing file /opt/airflow/dags/dag.py for tasks to queue
[2026-04-01T19:18:30.737+0000] {logging_mixin.py:190} INFO - [2026-04-01T19:18:30.736+0000] {dagbag.py:588} INFO - Filling up the DagBag from /opt/airflow/dags/dag.py
[2026-04-01T19:18:30.754+0000] {processor.py:925} INFO - DAG(s) 'matrix_minio' retrieved from /opt/airflow/dags/dag.py
[2026-04-01T19:18:30.798+0000] {logging_mixin.py:190} INFO - [2026-04-01T19:18:30.797+0000] {dag.py:3239} INFO - Sync 1 DAGs
[2026-04-01T19:18:30.823+0000] {logging_mixin.py:190} INFO - [2026-04-01T19:18:30.823+0000] {dag.py:4180} INFO - Setting next_dagrun for matrix_minio to None, run_after=None
[2026-04-01T19:18:30.858+0000] {processor.py:208} INFO - Processing /opt/airflow/dags/dag.py took 0.138 seconds
[2026-04-01T19:19:01.537+0000] {processor.py:186} INFO - Started process (PID=50972) to work on /opt/airflow/dags/dag.py
[2026-04-01T19:19:01.539+0000] {processor.py:914} INFO - Processing file /opt/airflow/dags/dag.py for tasks to queue
[2026-04-01T19:19:01.542+0000] {logging_mixin.py:190} INFO - [2026-04-01T19:19:01.542+0000] {dagbag.py:588} INFO - Filling up the DagBag from /opt/airflow/dags/dag.py
[2026-04-01T19:19:01.559+0000] {processor.py:925} INFO - DAG(s) 'matrix_minio' retrieved from /opt/airflow/dags/dag.py
[2026-04-01T19:19:01.607+0000] {logging_mixin.py:190} INFO - [2026-04-01T19:19:01.606+0000] {dag.py:3239} INFO - Sync 1 DAGs
[2026-04-01T19:19:01.632+0000] {logging_mixin.py:190} INFO - [2026-04-01T19:19:01.631+0000] {dag.py:4180} INFO - Setting next_dagrun for matrix_minio to None, run_after=None
[2026-04-01T19:19:01.667+0000] {processor.py:208} INFO - Processing /opt/airflow/dags/dag.py took 0.140 seconds
[2026-04-01T19:19:32.336+0000] {processor.py:186} INFO - Started process (PID=51013) to work on /opt/airflow/dags/dag.py
[2026-04-01T19:19:32.338+0000] {processor.py:914} INFO - Processing file /opt/airflow/dags/dag.py for tasks to queue
[2026-04-01T19:19:32.341+0000] {logging_mixin.py:190} INFO - [2026-04-01T19:19:32.341+0000] {dagbag.py:588} INFO - Filling up the DagBag from /opt/airflow/dags/dag.py
[2026-04-01T19:19:32.357+0000] {processor.py:925} INFO - DAG(s) 'matrix_minio' retrieved from /opt/airflow/dags/dag.py
[2026-04-01T19:19:32.404+0000] {logging_mixin.py:190} INFO - [2026-04-01T19:19:32.404+0000] {dag.py:3239} INFO - Sync 1 DAGs
[2026-04-01T19:19:32.434+0000] {logging_mixin.py:190} INFO - [2026-04-01T19:19:32.433+0000] {dag.py:4180} INFO - Setting next_dagrun for matrix_minio to None, run_after=None
[2026-04-01T19:19:32.473+0000] {processor.py:208} INFO - Processing /opt/airflow/dags/dag.py took 0.148 seconds
[2026-04-01T19:20:03.293+0000] {processor.py:186} INFO - Started process (PID=51054) to work on /opt/airflow/dags/dag.py
[2026-04-01T19:20:03.294+0000] {processor.py:914} INFO - Processing file /opt/airflow/dags/dag.py for tasks to queue
[2026-04-01T19:20:03.298+0000] {logging_mixin.py:190} INFO - [2026-04-01T19:20:03.297+0000] {dagbag.py:588} INFO - Filling up the DagBag from /opt/airflow/dags/dag.py
[2026-04-01T19:20:03.313+0000] {processor.py:925} INFO - DAG(s) 'matrix_minio' retrieved from /opt/airflow/dags/dag.py
[2026-04-01T19:20:03.363+0000] {logging_mixin.py:190} INFO - [2026-04-01T19:20:03.362+0000] {dag.py:3239} INFO - Sync 1 DAGs
[2026-04-01T19:20:03.395+0000] {logging_mixin.py:190} INFO - [2026-04-01T19:20:03.395+0000] {dag.py:4180} INFO - Setting next_dagrun for matrix_minio to None, run_after=None
[2026-04-01T19:20:03.428+0000] {processor.py:208} INFO - Processing /opt/airflow/dags/dag.py took 0.146 seconds
[2026-04-01T19:20:34.121+0000] {processor.py:186} INFO - Started process (PID=51095) to work on /opt/airflow/dags/dag.py
[2026-04-01T19:20:34.122+0000] {processor.py:914} INFO - Processing file /opt/airflow/dags/dag.py for tasks to queue
[2026-04-01T19:20:34.126+0000] {logging_mixin.py:190} INFO - [2026-04-01T19:20:34.125+0000] {dagbag.py:588} INFO - Filling up the DagBag from /opt/airflow/dags/dag.py
[2026-04-01T19:20:34.140+0000] {processor.py:925} INFO - DAG(s) 'matrix_minio' retrieved from /opt/airflow/dags/dag.py
[2026-04-01T19:20:34.185+0000] {logging_mixin.py:190} INFO - [2026-04-01T19:20:34.185+0000] {dag.py:3239} INFO - Sync 1 DAGs
[2026-04-01T19:20:34.214+0000] {logging_mixin.py:190} INFO - [2026-04-01T19:20:34.213+0000] {dag.py:4180} INFO - Setting next_dagrun for matrix_minio to None, run_after=None
[2026-04-01T19:20:34.246+0000] {processor.py:208} INFO - Processing /opt/airflow/dags/dag.py took 0.136 seconds
[2026-04-01T19:21:05.129+0000] {processor.py:186} INFO - Started process (PID=51136) to work on /opt/airflow/dags/dag.py
[2026-04-01T19:21:05.131+0000] {processor.py:914} INFO - Processing file /opt/airflow/dags/dag.py for tasks to queue
[2026-04-01T19:21:05.135+0000] {logging_mixin.py:190} INFO - [2026-04-01T19:21:05.134+0000] {dagbag.py:588} INFO - Filling up the DagBag from /opt/airflow/dags/dag.py
[2026-04-01T19:21:05.159+0000] {processor.py:925} INFO - DAG(s) 'matrix_minio' retrieved from /opt/airflow/dags/dag.py
[2026-04-01T19:21:05.225+0000] {logging_mixin.py:190} INFO - [2026-04-01T19:21:05.224+0000] {dag.py:3239} INFO - Sync 1 DAGs
[2026-04-01T19:21:05.268+0000] {logging_mixin.py:190} INFO - [2026-04-01T19:21:05.267+0000] {dag.py:4180} INFO - Setting next_dagrun for matrix_minio to None, run_after=None
[2026-04-01T19:21:05.309+0000] {processor.py:208} INFO - Processing /opt/airflow/dags/dag.py took 0.195 seconds
[2026-04-01T19:21:36.169+0000] {processor.py:186} INFO - Started process (PID=51183) to work on /opt/airflow/dags/dag.py
[2026-04-01T19:21:36.171+0000] {processor.py:914} INFO - Processing file /opt/airflow/dags/dag.py for tasks to queue
[2026-04-01T19:21:36.175+0000] {logging_mixin.py:190} INFO - [2026-04-01T19:21:36.174+0000] {dagbag.py:588} INFO - Filling up the DagBag from /opt/airflow/dags/dag.py
[2026-04-01T19:21:36.197+0000] {processor.py:925} INFO - DAG(s) 'matrix_minio' retrieved from /opt/airflow/dags/dag.py
[2026-04-01T19:21:36.256+0000] {logging_mixin.py:190} INFO - [2026-04-01T19:21:36.255+0000] {dag.py:3239} INFO - Sync 1 DAGs
[2026-04-01T19:21:36.290+0000] {logging_mixin.py:190} INFO - [2026-04-01T19:21:36.290+0000] {dag.py:4180} INFO - Setting next_dagrun for matrix_minio to None, run_after=None
[2026-04-01T19:21:36.329+0000] {processor.py:208} INFO - Processing /opt/airflow/dags/dag.py took 0.181 seconds
[2026-04-01T19:22:07.212+0000] {processor.py:186} INFO - Started process (PID=51224) to work on /opt/airflow/dags/dag.py
[2026-04-01T19:22:07.214+0000] {processor.py:914} INFO - Processing file /opt/airflow/dags/dag.py for tasks to queue
[2026-04-01T19:22:07.218+0000] {logging_mixin.py:190} INFO - [2026-04-01T19:22:07.217+0000] {dagbag.py:588} INFO - Filling up the DagBag from /opt/airflow/dags/dag.py
[2026-04-01T19:22:07.238+0000] {processor.py:925} INFO - DAG(s) 'matrix_minio' retrieved from /opt/airflow/dags/dag.py
[2026-04-01T19:22:07.299+0000] {logging_mixin.py:190} INFO - [2026-04-01T19:22:07.298+0000] {dag.py:3239} INFO - Sync 1 DAGs
[2026-04-01T19:22:07.336+0000] {logging_mixin.py:190} INFO - [2026-04-01T19:22:07.336+0000] {dag.py:4180} INFO - Setting next_dagrun for matrix_minio to None, run_after=None
[2026-04-01T19:22:07.381+0000] {processor.py:208} INFO - Processing /opt/airflow/dags/dag.py took 0.180 seconds
[2026-04-01T19:22:38.205+0000] {processor.py:186} INFO - Started process (PID=51265) to work on /opt/airflow/dags/dag.py
[2026-04-01T19:22:38.206+0000] {processor.py:914} INFO - Processing file /opt/airflow/dags/dag.py for tasks to queue
[2026-04-01T19:22:38.210+0000] {logging_mixin.py:190} INFO - [2026-04-01T19:22:38.209+0000] {dagbag.py:588} INFO - Filling up the DagBag from /opt/airflow/dags/dag.py
[2026-04-01T19:22:38.225+0000] {processor.py:925} INFO - DAG(s) 'matrix_minio' retrieved from /opt/airflow/dags/dag.py
[2026-04-01T19:22:38.276+0000] {logging_mixin.py:190} INFO - [2026-04-01T19:22:38.275+0000] {dag.py:3239} INFO - Sync 1 DAGs
[2026-04-01T19:22:38.304+0000] {logging_mixin.py:190} INFO - [2026-04-01T19:22:38.304+0000] {dag.py:4180} INFO - Setting next_dagrun for matrix_minio to None, run_after=None
[2026-04-01T19:22:38.339+0000] {processor.py:208} INFO - Processing /opt/airflow/dags/dag.py took 0.144 seconds
[2026-04-01T19:23:09.208+0000] {processor.py:186} INFO - Started process (PID=51306) to work on /opt/airflow/dags/dag.py
[2026-04-01T19:23:09.209+0000] {processor.py:914} INFO - Processing file /opt/airflow/dags/dag.py for tasks to queue
[2026-04-01T19:23:09.213+0000] {logging_mixin.py:190} INFO - [2026-04-01T19:23:09.212+0000] {dagbag.py:588} INFO - Filling up the DagBag from /opt/airflow/dags/dag.py
[2026-04-01T19:23:09.228+0000] {processor.py:925} INFO - DAG(s) 'matrix_minio' retrieved from /opt/airflow/dags/dag.py
[2026-04-01T19:23:09.272+0000] {logging_mixin.py:190} INFO - [2026-04-01T19:23:09.272+0000] {dag.py:3239} INFO - Sync 1 DAGs
[2026-04-01T19:23:09.302+0000] {logging_mixin.py:190} INFO - [2026-04-01T19:23:09.302+0000] {dag.py:4180} INFO - Setting next_dagrun for matrix_minio to None, run_after=None
[2026-04-01T19:23:09.336+0000] {processor.py:208} INFO - Processing /opt/airflow/dags/dag.py took 0.138 seconds
[2026-04-01T19:23:40.343+0000] {processor.py:186} INFO - Started process (PID=51349) to work on /opt/airflow/dags/dag.py
[2026-04-01T19:23:40.344+0000] {processor.py:914} INFO - Processing file /opt/airflow/dags/dag.py for tasks to queue
[2026-04-01T19:23:40.347+0000] {logging_mixin.py:190} INFO - [2026-04-01T19:23:40.347+0000] {dagbag.py:588} INFO - Filling up the DagBag from /opt/airflow/dags/dag.py
[2026-04-01T19:23:40.362+0000] {processor.py:925} INFO - DAG(s) 'matrix_minio' retrieved from /opt/airflow/dags/dag.py
[2026-04-01T19:23:40.409+0000] {logging_mixin.py:190} INFO - [2026-04-01T19:23:40.408+0000] {dag.py:3239} INFO - Sync 1 DAGs
[2026-04-01T19:23:40.435+0000] {logging_mixin.py:190} INFO - [2026-04-01T19:23:40.434+0000] {dag.py:4180} INFO - Setting next_dagrun for matrix_minio to None, run_after=None
[2026-04-01T19:23:40.475+0000] {processor.py:208} INFO - Processing /opt/airflow/dags/dag.py took 0.145 seconds
[2026-04-01T19:24:11.152+0000] {processor.py:186} INFO - Started process (PID=51388) to work on /opt/airflow/dags/dag.py
[2026-04-01T19:24:11.154+0000] {processor.py:914} INFO - Processing file /opt/airflow/dags/dag.py for tasks to queue
[2026-04-01T19:24:11.158+0000] {logging_mixin.py:190} INFO - [2026-04-01T19:24:11.157+0000] {dagbag.py:588} INFO - Filling up the DagBag from /opt/airflow/dags/dag.py
[2026-04-01T19:24:11.176+0000] {processor.py:925} INFO - DAG(s) 'matrix_minio' retrieved from /opt/airflow/dags/dag.py
[2026-04-01T19:24:11.230+0000] {logging_mixin.py:190} INFO - [2026-04-01T19:24:11.229+0000] {dag.py:3239} INFO - Sync 1 DAGs
[2026-04-01T19:24:11.260+0000] {logging_mixin.py:190} INFO - [2026-04-01T19:24:11.259+0000] {dag.py:4180} INFO - Setting next_dagrun for matrix_minio to None, run_after=None
[2026-04-01T19:24:11.292+0000] {processor.py:208} INFO - Processing /opt/airflow/dags/dag.py took 0.152 seconds
[2026-04-01T19:24:42.166+0000] {processor.py:186} INFO - Started process (PID=51429) to work on /opt/airflow/dags/dag.py
[2026-04-01T19:24:42.168+0000] {processor.py:914} INFO - Processing file /opt/airflow/dags/dag.py for tasks to queue
[2026-04-01T19:24:42.171+0000] {logging_mixin.py:190} INFO - [2026-04-01T19:24:42.170+0000] {dagbag.py:588} INFO - Filling up the DagBag from /opt/airflow/dags/dag.py
[2026-04-01T19:24:42.185+0000] {processor.py:925} INFO - DAG(s) 'matrix_minio' retrieved from /opt/airflow/dags/dag.py
[2026-04-01T19:24:42.228+0000] {logging_mixin.py:190} INFO - [2026-04-01T19:24:42.227+0000] {dag.py:3239} INFO - Sync 1 DAGs
[2026-04-01T19:24:42.254+0000] {logging_mixin.py:190} INFO - [2026-04-01T19:24:42.253+0000] {dag.py:4180} INFO - Setting next_dagrun for matrix_minio to None, run_after=None
[2026-04-01T19:24:42.284+0000] {processor.py:208} INFO - Processing /opt/airflow/dags/dag.py took 0.128 seconds
[2026-04-01T19:25:13.089+0000] {processor.py:186} INFO - Started process (PID=51470) to work on /opt/airflow/dags/dag.py
[2026-04-01T19:25:13.090+0000] {processor.py:914} INFO - Processing file /opt/airflow/dags/dag.py for tasks to queue
[2026-04-01T19:25:13.094+0000] {logging_mixin.py:190} INFO - [2026-04-01T19:25:13.093+0000] {dagbag.py:588} INFO - Filling up the DagBag from /opt/airflow/dags/dag.py
[2026-04-01T19:25:13.108+0000] {processor.py:925} INFO - DAG(s) 'matrix_minio' retrieved from /opt/airflow/dags/dag.py
[2026-04-01T19:25:13.152+0000] {logging_mixin.py:190} INFO - [2026-04-01T19:25:13.151+0000] {dag.py:3239} INFO - Sync 1 DAGs
[2026-04-01T19:25:13.181+0000] {logging_mixin.py:190} INFO - [2026-04-01T19:25:13.181+0000] {dag.py:4180} INFO - Setting next_dagrun for matrix_minio to None, run_after=None
[2026-04-01T19:25:13.213+0000] {processor.py:208} INFO - Processing /opt/airflow/dags/dag.py took 0.135 seconds
[2026-04-01T19:25:44.024+0000] {processor.py:186} INFO - Started process (PID=51511) to work on /opt/airflow/dags/dag.py
[2026-04-01T19:25:44.025+0000] {processor.py:914} INFO - Processing file /opt/airflow/dags/dag.py for tasks to queue
[2026-04-01T19:25:44.029+0000] {logging_mixin.py:190} INFO - [2026-04-01T19:25:44.028+0000] {dagbag.py:588} INFO - Filling up the DagBag from /opt/airflow/dags/dag.py
[2026-04-01T19:25:44.046+0000] {processor.py:925} INFO - DAG(s) 'matrix_minio' retrieved from /opt/airflow/dags/dag.py
[2026-04-01T19:25:44.094+0000] {logging_mixin.py:190} INFO - [2026-04-01T19:25:44.093+0000] {dag.py:3239} INFO - Sync 1 DAGs
[2026-04-01T19:25:44.120+0000] {logging_mixin.py:190} INFO - [2026-04-01T19:25:44.119+0000] {dag.py:4180} INFO - Setting next_dagrun for matrix_minio to None, run_after=None
[2026-04-01T19:25:44.155+0000] {processor.py:208} INFO - Processing /opt/airflow/dags/dag.py took 0.143 seconds
[2026-04-01T19:26:15.152+0000] {processor.py:186} INFO - Started process (PID=51554) to work on /opt/airflow/dags/dag.py
[2026-04-01T19:26:15.154+0000] {processor.py:914} INFO - Processing file /opt/airflow/dags/dag.py for tasks to queue
[2026-04-01T19:26:15.157+0000] {logging_mixin.py:190} INFO - [2026-04-01T19:26:15.156+0000] {dagbag.py:588} INFO - Filling up the DagBag from /opt/airflow/dags/dag.py
[2026-04-01T19:26:15.172+0000] {processor.py:925} INFO - DAG(s) 'matrix_minio' retrieved from /opt/airflow/dags/dag.py
[2026-04-01T19:26:15.216+0000] {logging_mixin.py:190} INFO - [2026-04-01T19:26:15.216+0000] {dag.py:3239} INFO - Sync 1 DAGs
[2026-04-01T19:26:15.240+0000] {logging_mixin.py:190} INFO - [2026-04-01T19:26:15.240+0000] {dag.py:4180} INFO - Setting next_dagrun for matrix_minio to None, run_after=None
[2026-04-01T19:26:15.268+0000] {processor.py:208} INFO - Processing /opt/airflow/dags/dag.py took 0.127 seconds
[2026-04-01T19:26:46.130+0000] {processor.py:186} INFO - Started process (PID=51594) to work on /opt/airflow/dags/dag.py
[2026-04-01T19:26:46.131+0000] {processor.py:914} INFO - Processing file /opt/airflow/dags/dag.py for tasks to queue
[2026-04-01T19:26:46.134+0000] {logging_mixin.py:190} INFO - [2026-04-01T19:26:46.134+0000] {dagbag.py:588} INFO - Filling up the DagBag from /opt/airflow/dags/dag.py
[2026-04-01T19:26:46.149+0000] {processor.py:925} INFO - DAG(s) 'matrix_minio' retrieved from /opt/airflow/dags/dag.py
[2026-04-01T19:26:46.196+0000] {logging_mixin.py:190} INFO - [2026-04-01T19:26:46.196+0000] {dag.py:3239} INFO - Sync 1 DAGs
[2026-04-01T19:26:46.223+0000] {logging_mixin.py:190} INFO - [2026-04-01T19:26:46.223+0000] {dag.py:4180} INFO - Setting next_dagrun for matrix_minio to None, run_after=None
[2026-04-01T19:26:46.265+0000] {processor.py:208} INFO - Processing /opt/airflow/dags/dag.py took 0.145 seconds
[2026-04-01T19:27:16.912+0000] {processor.py:186} INFO - Started process (PID=51633) to work on /opt/airflow/dags/dag.py
[2026-04-01T19:27:16.914+0000] {processor.py:914} INFO - Processing file /opt/airflow/dags/dag.py for tasks to queue
[2026-04-01T19:27:16.918+0000] {logging_mixin.py:190} INFO - [2026-04-01T19:27:16.917+0000] {dagbag.py:588} INFO - Filling up the DagBag from /opt/airflow/dags/dag.py
[2026-04-01T19:27:16.933+0000] {processor.py:925} INFO - DAG(s) 'matrix_minio' retrieved from /opt/airflow/dags/dag.py
[2026-04-01T19:27:16.982+0000] {logging_mixin.py:190} INFO - [2026-04-01T19:27:16.981+0000] {dag.py:3239} INFO - Sync 1 DAGs
[2026-04-01T19:27:17.009+0000] {logging_mixin.py:190} INFO - [2026-04-01T19:27:17.008+0000] {dag.py:4180} INFO - Setting next_dagrun for matrix_minio to None, run_after=None
[2026-04-01T19:27:17.044+0000] {processor.py:208} INFO - Processing /opt/airflow/dags/dag.py took 0.143 seconds
[2026-04-01T19:27:47.904+0000] {processor.py:186} INFO - Started process (PID=51674) to work on /opt/airflow/dags/dag.py
[2026-04-01T19:27:47.906+0000] {processor.py:914} INFO - Processing file /opt/airflow/dags/dag.py for tasks to queue
[2026-04-01T19:27:47.909+0000] {logging_mixin.py:190} INFO - [2026-04-01T19:27:47.909+0000] {dagbag.py:588} INFO - Filling up the DagBag from /opt/airflow/dags/dag.py
[2026-04-01T19:27:47.926+0000] {processor.py:925} INFO - DAG(s) 'matrix_minio' retrieved from /opt/airflow/dags/dag.py
[2026-04-01T19:27:47.976+0000] {logging_mixin.py:190} INFO - [2026-04-01T19:27:47.975+0000] {dag.py:3239} INFO - Sync 1 DAGs
[2026-04-01T19:27:48.004+0000] {logging_mixin.py:190} INFO - [2026-04-01T19:27:48.003+0000] {dag.py:4180} INFO - Setting next_dagrun for matrix_minio to None, run_after=None
[2026-04-01T19:27:48.041+0000] {processor.py:208} INFO - Processing /opt/airflow/dags/dag.py took 0.147 seconds
[2026-04-01T19:28:18.893+0000] {processor.py:186} INFO - Started process (PID=51715) to work on /opt/airflow/dags/dag.py
[2026-04-01T19:28:18.894+0000] {processor.py:914} INFO - Processing file /opt/airflow/dags/dag.py for tasks to queue
[2026-04-01T19:28:18.898+0000] {logging_mixin.py:190} INFO - [2026-04-01T19:28:18.898+0000] {dagbag.py:588} INFO - Filling up the DagBag from /opt/airflow/dags/dag.py
[2026-04-01T19:28:18.917+0000] {processor.py:925} INFO - DAG(s) 'matrix_minio' retrieved from /opt/airflow/dags/dag.py
[2026-04-01T19:28:18.972+0000] {logging_mixin.py:190} INFO - [2026-04-01T19:28:18.971+0000] {dag.py:3239} INFO - Sync 1 DAGs
[2026-04-01T19:28:19.005+0000] {logging_mixin.py:190} INFO - [2026-04-01T19:28:19.004+0000] {dag.py:4180} INFO - Setting next_dagrun for matrix_minio to None, run_after=None
[2026-04-01T19:28:19.048+0000] {processor.py:208} INFO - Processing /opt/airflow/dags/dag.py took 0.166 seconds
[2026-04-01T19:28:49.883+0000] {processor.py:186} INFO - Started process (PID=51756) to work on /opt/airflow/dags/dag.py
[2026-04-01T19:28:49.885+0000] {processor.py:914} INFO - Processing file /opt/airflow/dags/dag.py for tasks to queue
[2026-04-01T19:28:49.888+0000] {logging_mixin.py:190} INFO - [2026-04-01T19:28:49.887+0000] {dagbag.py:588} INFO - Filling up the DagBag from /opt/airflow/dags/dag.py
[2026-04-01T19:28:49.904+0000] {processor.py:925} INFO - DAG(s) 'matrix_minio' retrieved from /opt/airflow/dags/dag.py
[2026-04-01T19:28:49.950+0000] {logging_mixin.py:190} INFO - [2026-04-01T19:28:49.949+0000] {dag.py:3239} INFO - Sync 1 DAGs
[2026-04-01T19:28:49.977+0000] {logging_mixin.py:190} INFO - [2026-04-01T19:28:49.977+0000] {dag.py:4180} INFO - Setting next_dagrun for matrix_minio to None, run_after=None
[2026-04-01T19:28:50.015+0000] {processor.py:208} INFO - Processing /opt/airflow/dags/dag.py took 0.143 seconds
[2026-04-01T19:29:20.821+0000] {processor.py:186} INFO - Started process (PID=51797) to work on /opt/airflow/dags/dag.py
[2026-04-01T19:29:20.823+0000] {processor.py:914} INFO - Processing file /opt/airflow/dags/dag.py for tasks to queue
[2026-04-01T19:29:20.827+0000] {logging_mixin.py:190} INFO - [2026-04-01T19:29:20.826+0000] {dagbag.py:588} INFO - Filling up the DagBag from /opt/airflow/dags/dag.py
[2026-04-01T19:29:20.843+0000] {processor.py:925} INFO - DAG(s) 'matrix_minio' retrieved from /opt/airflow/dags/dag.py
[2026-04-01T19:29:20.899+0000] {logging_mixin.py:190} INFO - [2026-04-01T19:29:20.899+0000] {dag.py:3239} INFO - Sync 1 DAGs
[2026-04-01T19:29:20.927+0000] {logging_mixin.py:190} INFO - [2026-04-01T19:29:20.927+0000] {dag.py:4180} INFO - Setting next_dagrun for matrix_minio to None, run_after=None
[2026-04-01T19:29:20.958+0000] {processor.py:208} INFO - Processing /opt/airflow/dags/dag.py took 0.148 seconds
[2026-04-01T19:29:51.792+0000] {processor.py:186} INFO - Started process (PID=51838) to work on /opt/airflow/dags/dag.py
[2026-04-01T19:29:51.793+0000] {processor.py:914} INFO - Processing file /opt/airflow/dags/dag.py for tasks to queue
[2026-04-01T19:29:51.796+0000] {logging_mixin.py:190} INFO - [2026-04-01T19:29:51.796+0000] {dagbag.py:588} INFO - Filling up the DagBag from /opt/airflow/dags/dag.py
[2026-04-01T19:29:51.812+0000] {processor.py:925} INFO - DAG(s) 'matrix_minio' retrieved from /opt/airflow/dags/dag.py
[2026-04-01T19:29:51.858+0000] {logging_mixin.py:190} INFO - [2026-04-01T19:29:51.858+0000] {dag.py:3239} INFO - Sync 1 DAGs
[2026-04-01T19:29:51.888+0000] {logging_mixin.py:190} INFO - [2026-04-01T19:29:51.888+0000] {dag.py:4180} INFO - Setting next_dagrun for matrix_minio to None, run_after=None
[2026-04-01T19:29:51.924+0000] {processor.py:208} INFO - Processing /opt/airflow/dags/dag.py took 0.142 seconds
[2026-04-01T19:30:22.727+0000] {processor.py:186} INFO - Started process (PID=51879) to work on /opt/airflow/dags/dag.py
[2026-04-01T19:30:22.729+0000] {processor.py:914} INFO - Processing file /opt/airflow/dags/dag.py for tasks to queue
[2026-04-01T19:30:22.733+0000] {logging_mixin.py:190} INFO - [2026-04-01T19:30:22.732+0000] {dagbag.py:588} INFO - Filling up the DagBag from /opt/airflow/dags/dag.py
[2026-04-01T19:30:22.750+0000] {processor.py:925} INFO - DAG(s) 'matrix_minio' retrieved from /opt/airflow/dags/dag.py
[2026-04-01T19:30:22.800+0000] {logging_mixin.py:190} INFO - [2026-04-01T19:30:22.799+0000] {dag.py:3239} INFO - Sync 1 DAGs
[2026-04-01T19:30:22.828+0000] {logging_mixin.py:190} INFO - [2026-04-01T19:30:22.827+0000] {dag.py:4180} INFO - Setting next_dagrun for matrix_minio to None, run_after=None
[2026-04-01T19:30:22.863+0000] {processor.py:208} INFO - Processing /opt/airflow/dags/dag.py took 0.148 seconds
[2026-04-01T19:30:53.696+0000] {processor.py:186} INFO - Started process (PID=51920) to work on /opt/airflow/dags/dag.py
[2026-04-01T19:30:53.698+0000] {processor.py:914} INFO - Processing file /opt/airflow/dags/dag.py for tasks to queue
[2026-04-01T19:30:53.701+0000] {logging_mixin.py:190} INFO - [2026-04-01T19:30:53.700+0000] {dagbag.py:588} INFO - Filling up the DagBag from /opt/airflow/dags/dag.py
[2026-04-01T19:30:53.717+0000] {processor.py:925} INFO - DAG(s) 'matrix_minio' retrieved from /opt/airflow/dags/dag.py
[2026-04-01T19:30:53.766+0000] {logging_mixin.py:190} INFO - [2026-04-01T19:30:53.765+0000] {dag.py:3239} INFO - Sync 1 DAGs
[2026-04-01T19:30:53.793+0000] {logging_mixin.py:190} INFO - [2026-04-01T19:30:53.793+0000] {dag.py:4180} INFO - Setting next_dagrun for matrix_minio to None, run_after=None
[2026-04-01T19:30:53.827+0000] {processor.py:208} INFO - Processing /opt/airflow/dags/dag.py took 0.141 seconds
[2026-04-01T19:31:24.655+0000] {processor.py:186} INFO - Started process (PID=51961) to work on /opt/airflow/dags/dag.py
[2026-04-01T19:31:24.656+0000] {processor.py:914} INFO - Processing file /opt/airflow/dags/dag.py for tasks to queue
[2026-04-01T19:31:24.660+0000] {logging_mixin.py:190} INFO - [2026-04-01T19:31:24.659+0000] {dagbag.py:588} INFO - Filling up the DagBag from /opt/airflow/dags/dag.py
[2026-04-01T19:31:24.677+0000] {processor.py:925} INFO - DAG(s) 'matrix_minio' retrieved from /opt/airflow/dags/dag.py
[2026-04-01T19:31:24.722+0000] {logging_mixin.py:190} INFO - [2026-04-01T19:31:24.722+0000] {dag.py:3239} INFO - Sync 1 DAGs
[2026-04-01T19:31:24.754+0000] {logging_mixin.py:190} INFO - [2026-04-01T19:31:24.754+0000] {dag.py:4180} INFO - Setting next_dagrun for matrix_minio to None, run_after=None
[2026-04-01T19:31:24.788+0000] {processor.py:208} INFO - Processing /opt/airflow/dags/dag.py took 0.144 seconds
[2026-04-01T19:31:55.610+0000] {processor.py:186} INFO - Started process (PID=52002) to work on /opt/airflow/dags/dag.py
[2026-04-01T19:31:55.611+0000] {processor.py:914} INFO - Processing file /opt/airflow/dags/dag.py for tasks to queue
[2026-04-01T19:31:55.616+0000] {logging_mixin.py:190} INFO - [2026-04-01T19:31:55.615+0000] {dagbag.py:588} INFO - Filling up the DagBag from /opt/airflow/dags/dag.py
[2026-04-01T19:31:55.636+0000] {processor.py:925} INFO - DAG(s) 'matrix_minio' retrieved from /opt/airflow/dags/dag.py
[2026-04-01T19:31:55.701+0000] {logging_mixin.py:190} INFO - [2026-04-01T19:31:55.700+0000] {dag.py:3239} INFO - Sync 1 DAGs
[2026-04-01T19:31:55.734+0000] {logging_mixin.py:190} INFO - [2026-04-01T19:31:55.733+0000] {dag.py:4180} INFO - Setting next_dagrun for matrix_minio to None, run_after=None
[2026-04-01T19:31:55.771+0000] {processor.py:208} INFO - Processing /opt/airflow/dags/dag.py took 0.172 seconds
[2026-04-01T19:32:26.603+0000] {processor.py:186} INFO - Started process (PID=52043) to work on /opt/airflow/dags/dag.py
[2026-04-01T19:32:26.605+0000] {processor.py:914} INFO - Processing file /opt/airflow/dags/dag.py for tasks to queue
[2026-04-01T19:32:26.609+0000] {logging_mixin.py:190} INFO - [2026-04-01T19:32:26.608+0000] {dagbag.py:588} INFO - Filling up the DagBag from /opt/airflow/dags/dag.py
[2026-04-01T19:32:26.625+0000] {processor.py:925} INFO - DAG(s) 'matrix_minio' retrieved from /opt/airflow/dags/dag.py
[2026-04-01T19:32:26.671+0000] {logging_mixin.py:190} INFO - [2026-04-01T19:32:26.670+0000] {dag.py:3239} INFO - Sync 1 DAGs
[2026-04-01T19:32:26.701+0000] {logging_mixin.py:190} INFO - [2026-04-01T19:32:26.701+0000] {dag.py:4180} INFO - Setting next_dagrun for matrix_minio to None, run_after=None
[2026-04-01T19:32:26.738+0000] {processor.py:208} INFO - Processing /opt/airflow/dags/dag.py took 0.146 seconds
[2026-04-01T19:32:57.538+0000] {processor.py:186} INFO - Started process (PID=52084) to work on /opt/airflow/dags/dag.py
[2026-04-01T19:32:57.539+0000] {processor.py:914} INFO - Processing file /opt/airflow/dags/dag.py for tasks to queue
[2026-04-01T19:32:57.542+0000] {logging_mixin.py:190} INFO - [2026-04-01T19:32:57.542+0000] {dagbag.py:588} INFO - Filling up the DagBag from /opt/airflow/dags/dag.py
[2026-04-01T19:32:57.558+0000] {processor.py:925} INFO - DAG(s) 'matrix_minio' retrieved from /opt/airflow/dags/dag.py
[2026-04-01T19:32:57.602+0000] {logging_mixin.py:190} INFO - [2026-04-01T19:32:57.602+0000] {dag.py:3239} INFO - Sync 1 DAGs
[2026-04-01T19:32:57.630+0000] {logging_mixin.py:190} INFO - [2026-04-01T19:32:57.629+0000] {dag.py:4180} INFO - Setting next_dagrun for matrix_minio to None, run_after=None
[2026-04-01T19:32:57.662+0000] {processor.py:208} INFO - Processing /opt/airflow/dags/dag.py took 0.135 seconds
[2026-04-01T19:33:28.481+0000] {processor.py:186} INFO - Started process (PID=52125) to work on /opt/airflow/dags/dag.py
[2026-04-01T19:33:28.483+0000] {processor.py:914} INFO - Processing file /opt/airflow/dags/dag.py for tasks to queue
[2026-04-01T19:33:28.486+0000] {logging_mixin.py:190} INFO - [2026-04-01T19:33:28.485+0000] {dagbag.py:588} INFO - Filling up the DagBag from /opt/airflow/dags/dag.py
[2026-04-01T19:33:28.502+0000] {processor.py:925} INFO - DAG(s) 'matrix_minio' retrieved from /opt/airflow/dags/dag.py
[2026-04-01T19:33:28.557+0000] {logging_mixin.py:190} INFO - [2026-04-01T19:33:28.556+0000] {dag.py:3239} INFO - Sync 1 DAGs
[2026-04-01T19:33:28.587+0000] {logging_mixin.py:190} INFO - [2026-04-01T19:33:28.586+0000] {dag.py:4180} INFO - Setting next_dagrun for matrix_minio to None, run_after=None
[2026-04-01T19:33:28.623+0000] {processor.py:208} INFO - Processing /opt/airflow/dags/dag.py took 0.151 seconds
[2026-04-01T19:33:59.422+0000] {processor.py:186} INFO - Started process (PID=52166) to work on /opt/airflow/dags/dag.py
[2026-04-01T19:33:59.423+0000] {processor.py:914} INFO - Processing file /opt/airflow/dags/dag.py for tasks to queue
[2026-04-01T19:33:59.427+0000] {logging_mixin.py:190} INFO - [2026-04-01T19:33:59.426+0000] {dagbag.py:588} INFO - Filling up the DagBag from /opt/airflow/dags/dag.py
[2026-04-01T19:33:59.442+0000] {processor.py:925} INFO - DAG(s) 'matrix_minio' retrieved from /opt/airflow/dags/dag.py
[2026-04-01T19:33:59.493+0000] {logging_mixin.py:190} INFO - [2026-04-01T19:33:59.492+0000] {dag.py:3239} INFO - Sync 1 DAGs
[2026-04-01T19:33:59.523+0000] {logging_mixin.py:190} INFO - [2026-04-01T19:33:59.522+0000] {dag.py:4180} INFO - Setting next_dagrun for matrix_minio to None, run_after=None
[2026-04-01T19:33:59.553+0000] {processor.py:208} INFO - Processing /opt/airflow/dags/dag.py took 0.141 seconds
[2026-04-01T19:34:30.352+0000] {processor.py:186} INFO - Started process (PID=52207) to work on /opt/airflow/dags/dag.py
[2026-04-01T19:34:30.353+0000] {processor.py:914} INFO - Processing file /opt/airflow/dags/dag.py for tasks to queue
[2026-04-01T19:34:30.357+0000] {logging_mixin.py:190} INFO - [2026-04-01T19:34:30.356+0000] {dagbag.py:588} INFO - Filling up the DagBag from /opt/airflow/dags/dag.py
[2026-04-01T19:34:30.372+0000] {processor.py:925} INFO - DAG(s) 'matrix_minio' retrieved from /opt/airflow/dags/dag.py
[2026-04-01T19:34:30.418+0000] {logging_mixin.py:190} INFO - [2026-04-01T19:34:30.417+0000] {dag.py:3239} INFO - Sync 1 DAGs
[2026-04-01T19:34:30.444+0000] {logging_mixin.py:190} INFO - [2026-04-01T19:34:30.443+0000] {dag.py:4180} INFO - Setting next_dagrun for matrix_minio to None, run_after=None
[2026-04-01T19:34:30.476+0000] {processor.py:208} INFO - Processing /opt/airflow/dags/dag.py took 0.133 seconds
[2026-04-01T19:35:01.316+0000] {processor.py:186} INFO - Started process (PID=52248) to work on /opt/airflow/dags/dag.py
[2026-04-01T19:35:01.318+0000] {processor.py:914} INFO - Processing file /opt/airflow/dags/dag.py for tasks to queue
[2026-04-01T19:35:01.321+0000] {logging_mixin.py:190} INFO - [2026-04-01T19:35:01.320+0000] {dagbag.py:588} INFO - Filling up the DagBag from /opt/airflow/dags/dag.py
[2026-04-01T19:35:01.339+0000] {processor.py:925} INFO - DAG(s) 'matrix_minio' retrieved from /opt/airflow/dags/dag.py
[2026-04-01T19:35:01.391+0000] {logging_mixin.py:190} INFO - [2026-04-01T19:35:01.391+0000] {dag.py:3239} INFO - Sync 1 DAGs
[2026-04-01T19:35:01.421+0000] {logging_mixin.py:190} INFO - [2026-04-01T19:35:01.420+0000] {dag.py:4180} INFO - Setting next_dagrun for matrix_minio to None, run_after=None
[2026-04-01T19:35:01.459+0000] {processor.py:208} INFO - Processing /opt/airflow/dags/dag.py took 0.156 seconds
[2026-04-01T19:35:32.256+0000] {processor.py:186} INFO - Started process (PID=52289) to work on /opt/airflow/dags/dag.py
[2026-04-01T19:35:32.258+0000] {processor.py:914} INFO - Processing file /opt/airflow/dags/dag.py for tasks to queue
[2026-04-01T19:35:32.261+0000] {logging_mixin.py:190} INFO - [2026-04-01T19:35:32.261+0000] {dagbag.py:588} INFO - Filling up the DagBag from /opt/airflow/dags/dag.py
[2026-04-01T19:35:32.280+0000] {processor.py:925} INFO - DAG(s) 'matrix_minio' retrieved from /opt/airflow/dags/dag.py
[2026-04-01T19:35:32.331+0000] {logging_mixin.py:190} INFO - [2026-04-01T19:35:32.331+0000] {dag.py:3239} INFO - Sync 1 DAGs
[2026-04-01T19:35:32.363+0000] {logging_mixin.py:190} INFO - [2026-04-01T19:35:32.362+0000] {dag.py:4180} INFO - Setting next_dagrun for matrix_minio to None, run_after=None
[2026-04-01T19:35:32.399+0000] {processor.py:208} INFO - Processing /opt/airflow/dags/dag.py took 0.153 seconds
[2026-04-01T19:36:03.232+0000] {processor.py:186} INFO - Started process (PID=52330) to work on /opt/airflow/dags/dag.py
[2026-04-01T19:36:03.233+0000] {processor.py:914} INFO - Processing file /opt/airflow/dags/dag.py for tasks to queue
[2026-04-01T19:36:03.236+0000] {logging_mixin.py:190} INFO - [2026-04-01T19:36:03.236+0000] {dagbag.py:588} INFO - Filling up the DagBag from /opt/airflow/dags/dag.py
[2026-04-01T19:36:03.251+0000] {processor.py:925} INFO - DAG(s) 'matrix_minio' retrieved from /opt/airflow/dags/dag.py
[2026-04-01T19:36:03.296+0000] {logging_mixin.py:190} INFO - [2026-04-01T19:36:03.296+0000] {dag.py:3239} INFO - Sync 1 DAGs
[2026-04-01T19:36:03.330+0000] {logging_mixin.py:190} INFO - [2026-04-01T19:36:03.329+0000] {dag.py:4180} INFO - Setting next_dagrun for matrix_minio to None, run_after=None
[2026-04-01T19:36:03.366+0000] {processor.py:208} INFO - Processing /opt/airflow/dags/dag.py took 0.144 seconds
[2026-04-01T19:36:34.370+0000] {processor.py:186} INFO - Started process (PID=52373) to work on /opt/airflow/dags/dag.py
[2026-04-01T19:36:34.372+0000] {processor.py:914} INFO - Processing file /opt/airflow/dags/dag.py for tasks to queue
[2026-04-01T19:36:34.375+0000] {logging_mixin.py:190} INFO - [2026-04-01T19:36:34.374+0000] {dagbag.py:588} INFO - Filling up the DagBag from /opt/airflow/dags/dag.py
[2026-04-01T19:36:34.389+0000] {processor.py:925} INFO - DAG(s) 'matrix_minio' retrieved from /opt/airflow/dags/dag.py
[2026-04-01T19:36:34.437+0000] {logging_mixin.py:190} INFO - [2026-04-01T19:36:34.436+0000] {dag.py:3239} INFO - Sync 1 DAGs
[2026-04-01T19:36:34.467+0000] {logging_mixin.py:190} INFO - [2026-04-01T19:36:34.466+0000] {dag.py:4180} INFO - Setting next_dagrun for matrix_minio to None, run_after=None
[2026-04-01T19:36:34.515+0000] {processor.py:208} INFO - Processing /opt/airflow/dags/dag.py took 0.154 seconds
[2026-04-01T19:37:05.190+0000] {processor.py:186} INFO - Started process (PID=52412) to work on /opt/airflow/dags/dag.py
[2026-04-01T19:37:05.191+0000] {processor.py:914} INFO - Processing file /opt/airflow/dags/dag.py for tasks to queue
[2026-04-01T19:37:05.195+0000] {logging_mixin.py:190} INFO - [2026-04-01T19:37:05.194+0000] {dagbag.py:588} INFO - Filling up the DagBag from /opt/airflow/dags/dag.py
[2026-04-01T19:37:05.214+0000] {processor.py:925} INFO - DAG(s) 'matrix_minio' retrieved from /opt/airflow/dags/dag.py
[2026-04-01T19:37:05.263+0000] {logging_mixin.py:190} INFO - [2026-04-01T19:37:05.263+0000] {dag.py:3239} INFO - Sync 1 DAGs
[2026-04-01T19:37:05.293+0000] {logging_mixin.py:190} INFO - [2026-04-01T19:37:05.293+0000] {dag.py:4180} INFO - Setting next_dagrun for matrix_minio to None, run_after=None
[2026-04-01T19:37:05.332+0000] {processor.py:208} INFO - Processing /opt/airflow/dags/dag.py took 0.154 seconds
[2026-04-01T19:37:36.221+0000] {processor.py:186} INFO - Started process (PID=52453) to work on /opt/airflow/dags/dag.py
[2026-04-01T19:37:36.223+0000] {processor.py:914} INFO - Processing file /opt/airflow/dags/dag.py for tasks to queue
[2026-04-01T19:37:36.227+0000] {logging_mixin.py:190} INFO - [2026-04-01T19:37:36.227+0000] {dagbag.py:588} INFO - Filling up the DagBag from /opt/airflow/dags/dag.py
[2026-04-01T19:37:36.243+0000] {processor.py:925} INFO - DAG(s) 'matrix_minio' retrieved from /opt/airflow/dags/dag.py
[2026-04-01T19:37:36.292+0000] {logging_mixin.py:190} INFO - [2026-04-01T19:37:36.292+0000] {dag.py:3239} INFO - Sync 1 DAGs
[2026-04-01T19:37:36.323+0000] {logging_mixin.py:190} INFO - [2026-04-01T19:37:36.322+0000] {dag.py:4180} INFO - Setting next_dagrun for matrix_minio to None, run_after=None
[2026-04-01T19:37:36.363+0000] {processor.py:208} INFO - Processing /opt/airflow/dags/dag.py took 0.153 seconds
[2026-04-01T19:38:07.218+0000] {processor.py:186} INFO - Started process (PID=52494) to work on /opt/airflow/dags/dag.py
[2026-04-01T19:38:07.220+0000] {processor.py:914} INFO - Processing file /opt/airflow/dags/dag.py for tasks to queue
[2026-04-01T19:38:07.224+0000] {logging_mixin.py:190} INFO - [2026-04-01T19:38:07.224+0000] {dagbag.py:588} INFO - Filling up the DagBag from /opt/airflow/dags/dag.py
[2026-04-01T19:38:07.242+0000] {processor.py:925} INFO - DAG(s) 'matrix_minio' retrieved from /opt/airflow/dags/dag.py
[2026-04-01T19:38:07.294+0000] {logging_mixin.py:190} INFO - [2026-04-01T19:38:07.294+0000] {dag.py:3239} INFO - Sync 1 DAGs
[2026-04-01T19:38:07.323+0000] {logging_mixin.py:190} INFO - [2026-04-01T19:38:07.322+0000] {dag.py:4180} INFO - Setting next_dagrun for matrix_minio to None, run_after=None
[2026-04-01T19:38:07.359+0000] {processor.py:208} INFO - Processing /opt/airflow/dags/dag.py took 0.152 seconds
[2026-04-01T19:38:38.197+0000] {processor.py:186} INFO - Started process (PID=52535) to work on /opt/airflow/dags/dag.py
[2026-04-01T19:38:38.199+0000] {processor.py:914} INFO - Processing file /opt/airflow/dags/dag.py for tasks to queue
[2026-04-01T19:38:38.202+0000] {logging_mixin.py:190} INFO - [2026-04-01T19:38:38.201+0000] {dagbag.py:588} INFO - Filling up the DagBag from /opt/airflow/dags/dag.py
[2026-04-01T19:38:38.220+0000] {processor.py:925} INFO - DAG(s) 'matrix_minio' retrieved from /opt/airflow/dags/dag.py
[2026-04-01T19:38:38.269+0000] {logging_mixin.py:190} INFO - [2026-04-01T19:38:38.268+0000] {dag.py:3239} INFO - Sync 1 DAGs
[2026-04-01T19:38:38.296+0000] {logging_mixin.py:190} INFO - [2026-04-01T19:38:38.296+0000] {dag.py:4180} INFO - Setting next_dagrun for matrix_minio to None, run_after=None
[2026-04-01T19:38:38.328+0000] {processor.py:208} INFO - Processing /opt/airflow/dags/dag.py took 0.141 seconds
[2026-04-01T19:39:09.180+0000] {processor.py:186} INFO - Started process (PID=52582) to work on /opt/airflow/dags/dag.py
[2026-04-01T19:39:09.182+0000] {processor.py:914} INFO - Processing file /opt/airflow/dags/dag.py for tasks to queue
[2026-04-01T19:39:09.186+0000] {logging_mixin.py:190} INFO - [2026-04-01T19:39:09.185+0000] {dagbag.py:588} INFO - Filling up the DagBag from /opt/airflow/dags/dag.py
[2026-04-01T19:39:09.205+0000] {processor.py:925} INFO - DAG(s) 'matrix_minio' retrieved from /opt/airflow/dags/dag.py
[2026-04-01T19:39:09.256+0000] {logging_mixin.py:190} INFO - [2026-04-01T19:39:09.256+0000] {dag.py:3239} INFO - Sync 1 DAGs
[2026-04-01T19:39:09.283+0000] {logging_mixin.py:190} INFO - [2026-04-01T19:39:09.282+0000] {dag.py:4180} INFO - Setting next_dagrun for matrix_minio to None, run_after=None
[2026-04-01T19:39:09.315+0000] {processor.py:208} INFO - Processing /opt/airflow/dags/dag.py took 0.146 seconds
[2026-04-01T19:39:40.145+0000] {processor.py:186} INFO - Started process (PID=52623) to work on /opt/airflow/dags/dag.py
[2026-04-01T19:39:40.146+0000] {processor.py:914} INFO - Processing file /opt/airflow/dags/dag.py for tasks to queue
[2026-04-01T19:39:40.150+0000] {logging_mixin.py:190} INFO - [2026-04-01T19:39:40.149+0000] {dagbag.py:588} INFO - Filling up the DagBag from /opt/airflow/dags/dag.py
[2026-04-01T19:39:40.165+0000] {processor.py:925} INFO - DAG(s) 'matrix_minio' retrieved from /opt/airflow/dags/dag.py
[2026-04-01T19:39:40.212+0000] {logging_mixin.py:190} INFO - [2026-04-01T19:39:40.211+0000] {dag.py:3239} INFO - Sync 1 DAGs
[2026-04-01T19:39:40.239+0000] {logging_mixin.py:190} INFO - [2026-04-01T19:39:40.238+0000] {dag.py:4180} INFO - Setting next_dagrun for matrix_minio to None, run_after=None
[2026-04-01T19:39:40.274+0000] {processor.py:208} INFO - Processing /opt/airflow/dags/dag.py took 0.139 seconds
[2026-04-01T19:40:11.126+0000] {processor.py:186} INFO - Started process (PID=52666) to work on /opt/airflow/dags/dag.py
[2026-04-01T19:40:11.127+0000] {processor.py:914} INFO - Processing file /opt/airflow/dags/dag.py for tasks to queue
[2026-04-01T19:40:11.130+0000] {logging_mixin.py:190} INFO - [2026-04-01T19:40:11.129+0000] {dagbag.py:588} INFO - Filling up the DagBag from /opt/airflow/dags/dag.py
[2026-04-01T19:40:11.145+0000] {processor.py:925} INFO - DAG(s) 'matrix_minio' retrieved from /opt/airflow/dags/dag.py
[2026-04-01T19:40:11.195+0000] {logging_mixin.py:190} INFO - [2026-04-01T19:40:11.194+0000] {dag.py:3239} INFO - Sync 1 DAGs
[2026-04-01T19:40:11.222+0000] {logging_mixin.py:190} INFO - [2026-04-01T19:40:11.221+0000] {dag.py:4180} INFO - Setting next_dagrun for matrix_minio to None, run_after=None
[2026-04-01T19:40:11.268+0000] {processor.py:208} INFO - Processing /opt/airflow/dags/dag.py took 0.154 seconds
[2026-04-01T19:40:41.942+0000] {processor.py:186} INFO - Started process (PID=52705) to work on /opt/airflow/dags/dag.py
[2026-04-01T19:40:41.944+0000] {processor.py:914} INFO - Processing file /opt/airflow/dags/dag.py for tasks to queue
[2026-04-01T19:40:41.948+0000] {logging_mixin.py:190} INFO - [2026-04-01T19:40:41.947+0000] {dagbag.py:588} INFO - Filling up the DagBag from /opt/airflow/dags/dag.py
[2026-04-01T19:40:41.965+0000] {processor.py:925} INFO - DAG(s) 'matrix_minio' retrieved from /opt/airflow/dags/dag.py
[2026-04-01T19:40:42.018+0000] {logging_mixin.py:190} INFO - [2026-04-01T19:40:42.017+0000] {dag.py:3239} INFO - Sync 1 DAGs
[2026-04-01T19:40:42.048+0000] {logging_mixin.py:190} INFO - [2026-04-01T19:40:42.048+0000] {dag.py:4180} INFO - Setting next_dagrun for matrix_minio to None, run_after=None
[2026-04-01T19:40:42.085+0000] {processor.py:208} INFO - Processing /opt/airflow/dags/dag.py took 0.155 seconds
[2026-04-01T19:41:12.978+0000] {processor.py:186} INFO - Started process (PID=52746) to work on /opt/airflow/dags/dag.py
[2026-04-01T19:41:12.980+0000] {processor.py:914} INFO - Processing file /opt/airflow/dags/dag.py for tasks to queue
[2026-04-01T19:41:12.984+0000] {logging_mixin.py:190} INFO - [2026-04-01T19:41:12.983+0000] {dagbag.py:588} INFO - Filling up the DagBag from /opt/airflow/dags/dag.py
[2026-04-01T19:41:13.002+0000] {processor.py:925} INFO - DAG(s) 'matrix_minio' retrieved from /opt/airflow/dags/dag.py
[2026-04-01T19:41:13.054+0000] {logging_mixin.py:190} INFO - [2026-04-01T19:41:13.053+0000] {dag.py:3239} INFO - Sync 1 DAGs
[2026-04-01T19:41:13.085+0000] {logging_mixin.py:190} INFO - [2026-04-01T19:41:13.084+0000] {dag.py:4180} INFO - Setting next_dagrun for matrix_minio to None, run_after=None
[2026-04-01T19:41:13.131+0000] {processor.py:208} INFO - Processing /opt/airflow/dags/dag.py took 0.164 seconds
[2026-04-01T19:41:43.774+0000] {processor.py:186} INFO - Started process (PID=52787) to work on /opt/airflow/dags/dag.py
[2026-04-01T19:41:43.775+0000] {processor.py:914} INFO - Processing file /opt/airflow/dags/dag.py for tasks to queue
[2026-04-01T19:41:43.779+0000] {logging_mixin.py:190} INFO - [2026-04-01T19:41:43.779+0000] {dagbag.py:588} INFO - Filling up the DagBag from /opt/airflow/dags/dag.py
[2026-04-01T19:41:43.796+0000] {processor.py:925} INFO - DAG(s) 'matrix_minio' retrieved from /opt/airflow/dags/dag.py
[2026-04-01T19:41:43.842+0000] {logging_mixin.py:190} INFO - [2026-04-01T19:41:43.841+0000] {dag.py:3239} INFO - Sync 1 DAGs
[2026-04-01T19:41:43.868+0000] {logging_mixin.py:190} INFO - [2026-04-01T19:41:43.867+0000] {dag.py:4180} INFO - Setting next_dagrun for matrix_minio to None, run_after=None
[2026-04-01T19:41:43.899+0000] {processor.py:208} INFO - Processing /opt/airflow/dags/dag.py took 0.138 seconds
[2026-04-01T19:42:14.578+0000] {processor.py:186} INFO - Started process (PID=52828) to work on /opt/airflow/dags/dag.py
[2026-04-01T19:42:14.579+0000] {processor.py:914} INFO - Processing file /opt/airflow/dags/dag.py for tasks to queue
[2026-04-01T19:42:14.582+0000] {logging_mixin.py:190} INFO - [2026-04-01T19:42:14.582+0000] {dagbag.py:588} INFO - Filling up the DagBag from /opt/airflow/dags/dag.py
[2026-04-01T19:42:14.598+0000] {processor.py:925} INFO - DAG(s) 'matrix_minio' retrieved from /opt/airflow/dags/dag.py
[2026-04-01T19:42:14.646+0000] {logging_mixin.py:190} INFO - [2026-04-01T19:42:14.646+0000] {dag.py:3239} INFO - Sync 1 DAGs
[2026-04-01T19:42:14.675+0000] {logging_mixin.py:190} INFO - [2026-04-01T19:42:14.674+0000] {dag.py:4180} INFO - Setting next_dagrun for matrix_minio to None, run_after=None
[2026-04-01T19:42:14.711+0000] {processor.py:208} INFO - Processing /opt/airflow/dags/dag.py took 0.144 seconds
[2026-04-01T19:42:45.541+0000] {processor.py:186} INFO - Started process (PID=52869) to work on /opt/airflow/dags/dag.py
[2026-04-01T19:42:45.543+0000] {processor.py:914} INFO - Processing file /opt/airflow/dags/dag.py for tasks to queue
[2026-04-01T19:42:45.546+0000] {logging_mixin.py:190} INFO - [2026-04-01T19:42:45.546+0000] {dagbag.py:588} INFO - Filling up the DagBag from /opt/airflow/dags/dag.py
[2026-04-01T19:42:45.562+0000] {processor.py:925} INFO - DAG(s) 'matrix_minio' retrieved from /opt/airflow/dags/dag.py
[2026-04-01T19:42:45.607+0000] {logging_mixin.py:190} INFO - [2026-04-01T19:42:45.606+0000] {dag.py:3239} INFO - Sync 1 DAGs
[2026-04-01T19:42:45.637+0000] {logging_mixin.py:190} INFO - [2026-04-01T19:42:45.636+0000] {dag.py:4180} INFO - Setting next_dagrun for matrix_minio to None, run_after=None
[2026-04-01T19:42:45.669+0000] {processor.py:208} INFO - Processing /opt/airflow/dags/dag.py took 0.139 seconds
[2026-04-01T19:43:16.485+0000] {processor.py:186} INFO - Started process (PID=52910) to work on /opt/airflow/dags/dag.py
[2026-04-01T19:43:16.486+0000] {processor.py:914} INFO - Processing file /opt/airflow/dags/dag.py for tasks to queue
[2026-04-01T19:43:16.490+0000] {logging_mixin.py:190} INFO - [2026-04-01T19:43:16.489+0000] {dagbag.py:588} INFO - Filling up the DagBag from /opt/airflow/dags/dag.py
[2026-04-01T19:43:16.505+0000] {processor.py:925} INFO - DAG(s) 'matrix_minio' retrieved from /opt/airflow/dags/dag.py
[2026-04-01T19:43:16.553+0000] {logging_mixin.py:190} INFO - [2026-04-01T19:43:16.552+0000] {dag.py:3239} INFO - Sync 1 DAGs
[2026-04-01T19:43:16.581+0000] {logging_mixin.py:190} INFO - [2026-04-01T19:43:16.581+0000] {dag.py:4180} INFO - Setting next_dagrun for matrix_minio to None, run_after=None
[2026-04-01T19:43:16.617+0000] {processor.py:208} INFO - Processing /opt/airflow/dags/dag.py took 0.144 seconds
[2026-04-01T19:43:47.684+0000] {processor.py:186} INFO - Started process (PID=52953) to work on /opt/airflow/dags/dag.py
[2026-04-01T19:43:47.685+0000] {processor.py:914} INFO - Processing file /opt/airflow/dags/dag.py for tasks to queue
[2026-04-01T19:43:47.689+0000] {logging_mixin.py:190} INFO - [2026-04-01T19:43:47.688+0000] {dagbag.py:588} INFO - Filling up the DagBag from /opt/airflow/dags/dag.py
[2026-04-01T19:43:47.705+0000] {processor.py:925} INFO - DAG(s) 'matrix_minio' retrieved from /opt/airflow/dags/dag.py
[2026-04-01T19:43:47.754+0000] {logging_mixin.py:190} INFO - [2026-04-01T19:43:47.754+0000] {dag.py:3239} INFO - Sync 1 DAGs
[2026-04-01T19:43:47.784+0000] {logging_mixin.py:190} INFO - [2026-04-01T19:43:47.784+0000] {dag.py:4180} INFO - Setting next_dagrun for matrix_minio to None, run_after=None
[2026-04-01T19:43:47.827+0000] {processor.py:208} INFO - Processing /opt/airflow/dags/dag.py took 0.155 seconds
[2026-04-01T19:44:18.685+0000] {processor.py:186} INFO - Started process (PID=52994) to work on /opt/airflow/dags/dag.py
[2026-04-01T19:44:18.686+0000] {processor.py:914} INFO - Processing file /opt/airflow/dags/dag.py for tasks to queue
[2026-04-01T19:44:18.689+0000] {logging_mixin.py:190} INFO - [2026-04-01T19:44:18.688+0000] {dagbag.py:588} INFO - Filling up the DagBag from /opt/airflow/dags/dag.py
[2026-04-01T19:44:18.704+0000] {processor.py:925} INFO - DAG(s) 'matrix_minio' retrieved from /opt/airflow/dags/dag.py
[2026-04-01T19:44:18.751+0000] {logging_mixin.py:190} INFO - [2026-04-01T19:44:18.751+0000] {dag.py:3239} INFO - Sync 1 DAGs
[2026-04-01T19:44:18.782+0000] {logging_mixin.py:190} INFO - [2026-04-01T19:44:18.781+0000] {dag.py:4180} INFO - Setting next_dagrun for matrix_minio to None, run_after=None
[2026-04-01T19:44:18.819+0000] {processor.py:208} INFO - Processing /opt/airflow/dags/dag.py took 0.147 seconds
[2026-04-01T19:44:49.473+0000] {processor.py:186} INFO - Started process (PID=53033) to work on /opt/airflow/dags/dag.py
[2026-04-01T19:44:49.475+0000] {processor.py:914} INFO - Processing file /opt/airflow/dags/dag.py for tasks to queue
[2026-04-01T19:44:49.479+0000] {logging_mixin.py:190} INFO - [2026-04-01T19:44:49.478+0000] {dagbag.py:588} INFO - Filling up the DagBag from /opt/airflow/dags/dag.py
[2026-04-01T19:44:49.500+0000] {processor.py:925} INFO - DAG(s) 'matrix_minio' retrieved from /opt/airflow/dags/dag.py
[2026-04-01T19:44:49.562+0000] {logging_mixin.py:190} INFO - [2026-04-01T19:44:49.561+0000] {dag.py:3239} INFO - Sync 1 DAGs
[2026-04-01T19:44:49.594+0000] {logging_mixin.py:190} INFO - [2026-04-01T19:44:49.594+0000] {dag.py:4180} INFO - Setting next_dagrun for matrix_minio to None, run_after=None
[2026-04-01T19:44:49.628+0000] {processor.py:208} INFO - Processing /opt/airflow/dags/dag.py took 0.167 seconds
[2026-04-01T19:45:20.456+0000] {processor.py:186} INFO - Started process (PID=53074) to work on /opt/airflow/dags/dag.py
[2026-04-01T19:45:20.457+0000] {processor.py:914} INFO - Processing file /opt/airflow/dags/dag.py for tasks to queue
[2026-04-01T19:45:20.461+0000] {logging_mixin.py:190} INFO - [2026-04-01T19:45:20.460+0000] {dagbag.py:588} INFO - Filling up the DagBag from /opt/airflow/dags/dag.py
[2026-04-01T19:45:20.476+0000] {processor.py:925} INFO - DAG(s) 'matrix_minio' retrieved from /opt/airflow/dags/dag.py
[2026-04-01T19:45:20.528+0000] {logging_mixin.py:190} INFO - [2026-04-01T19:45:20.527+0000] {dag.py:3239} INFO - Sync 1 DAGs
[2026-04-01T19:45:20.559+0000] {logging_mixin.py:190} INFO - [2026-04-01T19:45:20.558+0000] {dag.py:4180} INFO - Setting next_dagrun for matrix_minio to None, run_after=None
[2026-04-01T19:45:20.594+0000] {processor.py:208} INFO - Processing /opt/airflow/dags/dag.py took 0.149 seconds
[2026-04-01T19:45:51.411+0000] {processor.py:186} INFO - Started process (PID=53115) to work on /opt/airflow/dags/dag.py
[2026-04-01T19:45:51.412+0000] {processor.py:914} INFO - Processing file /opt/airflow/dags/dag.py for tasks to queue
[2026-04-01T19:45:51.416+0000] {logging_mixin.py:190} INFO - [2026-04-01T19:45:51.415+0000] {dagbag.py:588} INFO - Filling up the DagBag from /opt/airflow/dags/dag.py
[2026-04-01T19:45:51.432+0000] {processor.py:925} INFO - DAG(s) 'matrix_minio' retrieved from /opt/airflow/dags/dag.py
[2026-04-01T19:45:51.479+0000] {logging_mixin.py:190} INFO - [2026-04-01T19:45:51.478+0000] {dag.py:3239} INFO - Sync 1 DAGs
[2026-04-01T19:45:51.509+0000] {logging_mixin.py:190} INFO - [2026-04-01T19:45:51.509+0000] {dag.py:4180} INFO - Setting next_dagrun for matrix_minio to None, run_after=None
[2026-04-01T19:45:51.549+0000] {processor.py:208} INFO - Processing /opt/airflow/dags/dag.py took 0.150 seconds
[2026-04-01T19:46:22.378+0000] {processor.py:186} INFO - Started process (PID=53156) to work on /opt/airflow/dags/dag.py
[2026-04-01T19:46:22.379+0000] {processor.py:914} INFO - Processing file /opt/airflow/dags/dag.py for tasks to queue
[2026-04-01T19:46:22.383+0000] {logging_mixin.py:190} INFO - [2026-04-01T19:46:22.382+0000] {dagbag.py:588} INFO - Filling up the DagBag from /opt/airflow/dags/dag.py
[2026-04-01T19:46:22.399+0000] {processor.py:925} INFO - DAG(s) 'matrix_minio' retrieved from /opt/airflow/dags/dag.py
[2026-04-01T19:46:22.448+0000] {logging_mixin.py:190} INFO - [2026-04-01T19:46:22.448+0000] {dag.py:3239} INFO - Sync 1 DAGs
[2026-04-01T19:46:22.481+0000] {logging_mixin.py:190} INFO - [2026-04-01T19:46:22.480+0000] {dag.py:4180} INFO - Setting next_dagrun for matrix_minio to None, run_after=None
[2026-04-01T19:46:22.517+0000] {processor.py:208} INFO - Processing /opt/airflow/dags/dag.py took 0.150 seconds
[2026-04-01T19:46:53.342+0000] {processor.py:186} INFO - Started process (PID=53197) to work on /opt/airflow/dags/dag.py
[2026-04-01T19:46:53.344+0000] {processor.py:914} INFO - Processing file /opt/airflow/dags/dag.py for tasks to queue
[2026-04-01T19:46:53.348+0000] {logging_mixin.py:190} INFO - [2026-04-01T19:46:53.347+0000] {dagbag.py:588} INFO - Filling up the DagBag from /opt/airflow/dags/dag.py
[2026-04-01T19:46:53.365+0000] {processor.py:925} INFO - DAG(s) 'matrix_minio' retrieved from /opt/airflow/dags/dag.py
[2026-04-01T19:46:53.413+0000] {logging_mixin.py:190} INFO - [2026-04-01T19:46:53.413+0000] {dag.py:3239} INFO - Sync 1 DAGs
[2026-04-01T19:46:53.445+0000] {logging_mixin.py:190} INFO - [2026-04-01T19:46:53.444+0000] {dag.py:4180} INFO - Setting next_dagrun for matrix_minio to None, run_after=None
[2026-04-01T19:46:53.479+0000] {processor.py:208} INFO - Processing /opt/airflow/dags/dag.py took 0.148 seconds
[2026-04-01T19:47:24.279+0000] {processor.py:186} INFO - Started process (PID=53238) to work on /opt/airflow/dags/dag.py
[2026-04-01T19:47:24.280+0000] {processor.py:914} INFO - Processing file /opt/airflow/dags/dag.py for tasks to queue
[2026-04-01T19:47:24.284+0000] {logging_mixin.py:190} INFO - [2026-04-01T19:47:24.283+0000] {dagbag.py:588} INFO - Filling up the DagBag from /opt/airflow/dags/dag.py
[2026-04-01T19:47:24.298+0000] {processor.py:925} INFO - DAG(s) 'matrix_minio' retrieved from /opt/airflow/dags/dag.py
[2026-04-01T19:47:24.344+0000] {logging_mixin.py:190} INFO - [2026-04-01T19:47:24.343+0000] {dag.py:3239} INFO - Sync 1 DAGs
[2026-04-01T19:47:24.373+0000] {logging_mixin.py:190} INFO - [2026-04-01T19:47:24.372+0000] {dag.py:4180} INFO - Setting next_dagrun for matrix_minio to None, run_after=None
[2026-04-01T19:47:24.410+0000] {processor.py:208} INFO - Processing /opt/airflow/dags/dag.py took 0.141 seconds
[2026-04-01T19:47:55.073+0000] {processor.py:186} INFO - Started process (PID=53279) to work on /opt/airflow/dags/dag.py
[2026-04-01T19:47:55.075+0000] {processor.py:914} INFO - Processing file /opt/airflow/dags/dag.py for tasks to queue
[2026-04-01T19:47:55.079+0000] {logging_mixin.py:190} INFO - [2026-04-01T19:47:55.078+0000] {dagbag.py:588} INFO - Filling up the DagBag from /opt/airflow/dags/dag.py
[2026-04-01T19:47:55.095+0000] {processor.py:925} INFO - DAG(s) 'matrix_minio' retrieved from /opt/airflow/dags/dag.py
[2026-04-01T19:47:55.142+0000] {logging_mixin.py:190} INFO - [2026-04-01T19:47:55.141+0000] {dag.py:3239} INFO - Sync 1 DAGs
[2026-04-01T19:47:55.170+0000] {logging_mixin.py:190} INFO - [2026-04-01T19:47:55.170+0000] {dag.py:4180} INFO - Setting next_dagrun for matrix_minio to None, run_after=None
[2026-04-01T19:47:55.205+0000] {processor.py:208} INFO - Processing /opt/airflow/dags/dag.py took 0.142 seconds
[2026-04-01T19:48:26.068+0000] {processor.py:186} INFO - Started process (PID=53320) to work on /opt/airflow/dags/dag.py
[2026-04-01T19:48:26.069+0000] {processor.py:914} INFO - Processing file /opt/airflow/dags/dag.py for tasks to queue
[2026-04-01T19:48:26.073+0000] {logging_mixin.py:190} INFO - [2026-04-01T19:48:26.072+0000] {dagbag.py:588} INFO - Filling up the DagBag from /opt/airflow/dags/dag.py
[2026-04-01T19:48:26.089+0000] {processor.py:925} INFO - DAG(s) 'matrix_minio' retrieved from /opt/airflow/dags/dag.py
[2026-04-01T19:48:26.135+0000] {logging_mixin.py:190} INFO - [2026-04-01T19:48:26.134+0000] {dag.py:3239} INFO - Sync 1 DAGs
[2026-04-01T19:48:26.160+0000] {logging_mixin.py:190} INFO - [2026-04-01T19:48:26.160+0000] {dag.py:4180} INFO - Setting next_dagrun for matrix_minio to None, run_after=None
[2026-04-01T19:48:26.195+0000] {processor.py:208} INFO - Processing /opt/airflow/dags/dag.py took 0.138 seconds
[2026-04-01T19:48:57.025+0000] {processor.py:186} INFO - Started process (PID=53361) to work on /opt/airflow/dags/dag.py
[2026-04-01T19:48:57.027+0000] {processor.py:914} INFO - Processing file /opt/airflow/dags/dag.py for tasks to queue
[2026-04-01T19:48:57.030+0000] {logging_mixin.py:190} INFO - [2026-04-01T19:48:57.029+0000] {dagbag.py:588} INFO - Filling up the DagBag from /opt/airflow/dags/dag.py
[2026-04-01T19:48:57.044+0000] {processor.py:925} INFO - DAG(s) 'matrix_minio' retrieved from /opt/airflow/dags/dag.py
[2026-04-01T19:48:57.091+0000] {logging_mixin.py:190} INFO - [2026-04-01T19:48:57.090+0000] {dag.py:3239} INFO - Sync 1 DAGs
[2026-04-01T19:48:57.118+0000] {logging_mixin.py:190} INFO - [2026-04-01T19:48:57.117+0000] {dag.py:4180} INFO - Setting next_dagrun for matrix_minio to None, run_after=None
[2026-04-01T19:48:57.150+0000] {processor.py:208} INFO - Processing /opt/airflow/dags/dag.py took 0.137 seconds
[2026-04-01T19:49:27.935+0000] {processor.py:186} INFO - Started process (PID=53402) to work on /opt/airflow/dags/dag.py
[2026-04-01T19:49:27.936+0000] {processor.py:914} INFO - Processing file /opt/airflow/dags/dag.py for tasks to queue
[2026-04-01T19:49:27.940+0000] {logging_mixin.py:190} INFO - [2026-04-01T19:49:27.939+0000] {dagbag.py:588} INFO - Filling up the DagBag from /opt/airflow/dags/dag.py
[2026-04-01T19:49:27.955+0000] {processor.py:925} INFO - DAG(s) 'matrix_minio' retrieved from /opt/airflow/dags/dag.py
[2026-04-01T19:49:28.006+0000] {logging_mixin.py:190} INFO - [2026-04-01T19:49:28.005+0000] {dag.py:3239} INFO - Sync 1 DAGs
[2026-04-01T19:49:28.034+0000] {logging_mixin.py:190} INFO - [2026-04-01T19:49:28.033+0000] {dag.py:4180} INFO - Setting next_dagrun for matrix_minio to None, run_after=None
[2026-04-01T19:49:28.068+0000] {processor.py:208} INFO - Processing /opt/airflow/dags/dag.py took 0.144 seconds
[2026-04-01T19:49:58.853+0000] {processor.py:186} INFO - Started process (PID=53443) to work on /opt/airflow/dags/dag.py
[2026-04-01T19:49:58.854+0000] {processor.py:914} INFO - Processing file /opt/airflow/dags/dag.py for tasks to queue
[2026-04-01T19:49:58.858+0000] {logging_mixin.py:190} INFO - [2026-04-01T19:49:58.857+0000] {dagbag.py:588} INFO - Filling up the DagBag from /opt/airflow/dags/dag.py
[2026-04-01T19:49:58.873+0000] {processor.py:925} INFO - DAG(s) 'matrix_minio' retrieved from /opt/airflow/dags/dag.py
[2026-04-01T19:49:58.916+0000] {logging_mixin.py:190} INFO - [2026-04-01T19:49:58.915+0000] {dag.py:3239} INFO - Sync 1 DAGs
[2026-04-01T19:49:58.942+0000] {logging_mixin.py:190} INFO - [2026-04-01T19:49:58.942+0000] {dag.py:4180} INFO - Setting next_dagrun for matrix_minio to None, run_after=None
[2026-04-01T19:49:58.973+0000] {processor.py:208} INFO - Processing /opt/airflow/dags/dag.py took 0.129 seconds
[2026-04-01T19:50:29.628+0000] {processor.py:186} INFO - Started process (PID=53484) to work on /opt/airflow/dags/dag.py
[2026-04-01T19:50:29.629+0000] {processor.py:914} INFO - Processing file /opt/airflow/dags/dag.py for tasks to queue
[2026-04-01T19:50:29.632+0000] {logging_mixin.py:190} INFO - [2026-04-01T19:50:29.632+0000] {dagbag.py:588} INFO - Filling up the DagBag from /opt/airflow/dags/dag.py
[2026-04-01T19:50:29.647+0000] {processor.py:925} INFO - DAG(s) 'matrix_minio' retrieved from /opt/airflow/dags/dag.py
[2026-04-01T19:50:29.695+0000] {logging_mixin.py:190} INFO - [2026-04-01T19:50:29.695+0000] {dag.py:3239} INFO - Sync 1 DAGs
[2026-04-01T19:50:29.723+0000] {logging_mixin.py:190} INFO - [2026-04-01T19:50:29.722+0000] {dag.py:4180} INFO - Setting next_dagrun for matrix_minio to None, run_after=None
[2026-04-01T19:50:29.758+0000] {processor.py:208} INFO - Processing /opt/airflow/dags/dag.py took 0.140 seconds
[2026-04-01T19:51:00.588+0000] {processor.py:186} INFO - Started process (PID=53526) to work on /opt/airflow/dags/dag.py
[2026-04-01T19:51:00.589+0000] {processor.py:914} INFO - Processing file /opt/airflow/dags/dag.py for tasks to queue
[2026-04-01T19:51:00.592+0000] {logging_mixin.py:190} INFO - [2026-04-01T19:51:00.592+0000] {dagbag.py:588} INFO - Filling up the DagBag from /opt/airflow/dags/dag.py
[2026-04-01T19:51:00.608+0000] {processor.py:925} INFO - DAG(s) 'matrix_minio' retrieved from /opt/airflow/dags/dag.py
[2026-04-01T19:51:00.656+0000] {logging_mixin.py:190} INFO - [2026-04-01T19:51:00.656+0000] {dag.py:3239} INFO - Sync 1 DAGs
[2026-04-01T19:51:00.683+0000] {logging_mixin.py:190} INFO - [2026-04-01T19:51:00.682+0000] {dag.py:4180} INFO - Setting next_dagrun for matrix_minio to None, run_after=None
[2026-04-01T19:51:00.716+0000] {processor.py:208} INFO - Processing /opt/airflow/dags/dag.py took 0.139 seconds
[2026-04-01T19:51:31.523+0000] {processor.py:186} INFO - Started process (PID=53567) to work on /opt/airflow/dags/dag.py
[2026-04-01T19:51:31.525+0000] {processor.py:914} INFO - Processing file /opt/airflow/dags/dag.py for tasks to queue
[2026-04-01T19:51:31.529+0000] {logging_mixin.py:190} INFO - [2026-04-01T19:51:31.528+0000] {dagbag.py:588} INFO - Filling up the DagBag from /opt/airflow/dags/dag.py
[2026-04-01T19:51:31.545+0000] {processor.py:925} INFO - DAG(s) 'matrix_minio' retrieved from /opt/airflow/dags/dag.py
[2026-04-01T19:51:31.596+0000] {logging_mixin.py:190} INFO - [2026-04-01T19:51:31.596+0000] {dag.py:3239} INFO - Sync 1 DAGs
[2026-04-01T19:51:31.627+0000] {logging_mixin.py:190} INFO - [2026-04-01T19:51:31.627+0000] {dag.py:4180} INFO - Setting next_dagrun for matrix_minio to None, run_after=None
[2026-04-01T19:51:31.663+0000] {processor.py:208} INFO - Processing /opt/airflow/dags/dag.py took 0.151 seconds
[2026-04-01T19:52:02.498+0000] {processor.py:186} INFO - Started process (PID=53608) to work on /opt/airflow/dags/dag.py
[2026-04-01T19:52:02.500+0000] {processor.py:914} INFO - Processing file /opt/airflow/dags/dag.py for tasks to queue
[2026-04-01T19:52:02.504+0000] {logging_mixin.py:190} INFO - [2026-04-01T19:52:02.503+0000] {dagbag.py:588} INFO - Filling up the DagBag from /opt/airflow/dags/dag.py
[2026-04-01T19:52:02.525+0000] {processor.py:925} INFO - DAG(s) 'matrix_minio' retrieved from /opt/airflow/dags/dag.py
[2026-04-01T19:52:02.576+0000] {logging_mixin.py:190} INFO - [2026-04-01T19:52:02.576+0000] {dag.py:3239} INFO - Sync 1 DAGs
[2026-04-01T19:52:02.605+0000] {logging_mixin.py:190} INFO - [2026-04-01T19:52:02.604+0000] {dag.py:4180} INFO - Setting next_dagrun for matrix_minio to None, run_after=None
[2026-04-01T19:52:02.642+0000] {processor.py:208} INFO - Processing /opt/airflow/dags/dag.py took 0.157 seconds
[2026-04-01T19:52:33.465+0000] {processor.py:186} INFO - Started process (PID=53649) to work on /opt/airflow/dags/dag.py
[2026-04-01T19:52:33.467+0000] {processor.py:914} INFO - Processing file /opt/airflow/dags/dag.py for tasks to queue
[2026-04-01T19:52:33.470+0000] {logging_mixin.py:190} INFO - [2026-04-01T19:52:33.469+0000] {dagbag.py:588} INFO - Filling up the DagBag from /opt/airflow/dags/dag.py
[2026-04-01T19:52:33.485+0000] {processor.py:925} INFO - DAG(s) 'matrix_minio' retrieved from /opt/airflow/dags/dag.py
[2026-04-01T19:52:33.530+0000] {logging_mixin.py:190} INFO - [2026-04-01T19:52:33.529+0000] {dag.py:3239} INFO - Sync 1 DAGs
[2026-04-01T19:52:33.559+0000] {logging_mixin.py:190} INFO - [2026-04-01T19:52:33.558+0000] {dag.py:4180} INFO - Setting next_dagrun for matrix_minio to None, run_after=None
[2026-04-01T19:52:33.593+0000] {processor.py:208} INFO - Processing /opt/airflow/dags/dag.py took 0.138 seconds
[2026-04-01T19:53:04.406+0000] {processor.py:186} INFO - Started process (PID=53690) to work on /opt/airflow/dags/dag.py
[2026-04-01T19:53:04.407+0000] {processor.py:914} INFO - Processing file /opt/airflow/dags/dag.py for tasks to queue
[2026-04-01T19:53:04.411+0000] {logging_mixin.py:190} INFO - [2026-04-01T19:53:04.410+0000] {dagbag.py:588} INFO - Filling up the DagBag from /opt/airflow/dags/dag.py
[2026-04-01T19:53:04.427+0000] {processor.py:925} INFO - DAG(s) 'matrix_minio' retrieved from /opt/airflow/dags/dag.py
[2026-04-01T19:53:04.476+0000] {logging_mixin.py:190} INFO - [2026-04-01T19:53:04.476+0000] {dag.py:3239} INFO - Sync 1 DAGs
[2026-04-01T19:53:04.507+0000] {logging_mixin.py:190} INFO - [2026-04-01T19:53:04.507+0000] {dag.py:4180} INFO - Setting next_dagrun for matrix_minio to None, run_after=None
[2026-04-01T19:53:04.541+0000] {processor.py:208} INFO - Processing /opt/airflow/dags/dag.py took 0.145 seconds
[2026-04-01T19:53:35.353+0000] {processor.py:186} INFO - Started process (PID=53731) to work on /opt/airflow/dags/dag.py
[2026-04-01T19:53:35.355+0000] {processor.py:914} INFO - Processing file /opt/airflow/dags/dag.py for tasks to queue
[2026-04-01T19:53:35.358+0000] {logging_mixin.py:190} INFO - [2026-04-01T19:53:35.357+0000] {dagbag.py:588} INFO - Filling up the DagBag from /opt/airflow/dags/dag.py
[2026-04-01T19:53:35.373+0000] {processor.py:925} INFO - DAG(s) 'matrix_minio' retrieved from /opt/airflow/dags/dag.py
[2026-04-01T19:53:35.424+0000] {logging_mixin.py:190} INFO - [2026-04-01T19:53:35.423+0000] {dag.py:3239} INFO - Sync 1 DAGs
[2026-04-01T19:53:35.453+0000] {logging_mixin.py:190} INFO - [2026-04-01T19:53:35.453+0000] {dag.py:4180} INFO - Setting next_dagrun for matrix_minio to None, run_after=None
[2026-04-01T19:53:35.493+0000] {processor.py:208} INFO - Processing /opt/airflow/dags/dag.py took 0.151 seconds
[2026-04-01T19:54:06.308+0000] {processor.py:186} INFO - Started process (PID=53772) to work on /opt/airflow/dags/dag.py
[2026-04-01T19:54:06.309+0000] {processor.py:914} INFO - Processing file /opt/airflow/dags/dag.py for tasks to queue
[2026-04-01T19:54:06.313+0000] {logging_mixin.py:190} INFO - [2026-04-01T19:54:06.312+0000] {dagbag.py:588} INFO - Filling up the DagBag from /opt/airflow/dags/dag.py
[2026-04-01T19:54:06.328+0000] {processor.py:925} INFO - DAG(s) 'matrix_minio' retrieved from /opt/airflow/dags/dag.py
[2026-04-01T19:54:06.383+0000] {logging_mixin.py:190} INFO - [2026-04-01T19:54:06.382+0000] {dag.py:3239} INFO - Sync 1 DAGs
[2026-04-01T19:54:06.408+0000] {logging_mixin.py:190} INFO - [2026-04-01T19:54:06.408+0000] {dag.py:4180} INFO - Setting next_dagrun for matrix_minio to None, run_after=None
[2026-04-01T19:54:06.447+0000] {processor.py:208} INFO - Processing /opt/airflow/dags/dag.py took 0.149 seconds
[2026-04-01T19:54:37.308+0000] {processor.py:186} INFO - Started process (PID=53815) to work on /opt/airflow/dags/dag.py
[2026-04-01T19:54:37.309+0000] {processor.py:914} INFO - Processing file /opt/airflow/dags/dag.py for tasks to queue
[2026-04-01T19:54:37.312+0000] {logging_mixin.py:190} INFO - [2026-04-01T19:54:37.311+0000] {dagbag.py:588} INFO - Filling up the DagBag from /opt/airflow/dags/dag.py
[2026-04-01T19:54:37.327+0000] {processor.py:925} INFO - DAG(s) 'matrix_minio' retrieved from /opt/airflow/dags/dag.py
[2026-04-01T19:54:37.376+0000] {logging_mixin.py:190} INFO - [2026-04-01T19:54:37.376+0000] {dag.py:3239} INFO - Sync 1 DAGs
[2026-04-01T19:54:37.407+0000] {logging_mixin.py:190} INFO - [2026-04-01T19:54:37.407+0000] {dag.py:4180} INFO - Setting next_dagrun for matrix_minio to None, run_after=None
[2026-04-01T19:54:37.457+0000] {processor.py:208} INFO - Processing /opt/airflow/dags/dag.py took 0.163 seconds
[2026-04-01T19:55:08.275+0000] {processor.py:186} INFO - Started process (PID=53856) to work on /opt/airflow/dags/dag.py
[2026-04-01T19:55:08.277+0000] {processor.py:914} INFO - Processing file /opt/airflow/dags/dag.py for tasks to queue
[2026-04-01T19:55:08.280+0000] {logging_mixin.py:190} INFO - [2026-04-01T19:55:08.279+0000] {dagbag.py:588} INFO - Filling up the DagBag from /opt/airflow/dags/dag.py
[2026-04-01T19:55:08.295+0000] {processor.py:925} INFO - DAG(s) 'matrix_minio' retrieved from /opt/airflow/dags/dag.py
[2026-04-01T19:55:08.344+0000] {logging_mixin.py:190} INFO - [2026-04-01T19:55:08.344+0000] {dag.py:3239} INFO - Sync 1 DAGs
[2026-04-01T19:55:08.373+0000] {logging_mixin.py:190} INFO - [2026-04-01T19:55:08.372+0000] {dag.py:4180} INFO - Setting next_dagrun for matrix_minio to None, run_after=None
[2026-04-01T19:55:08.417+0000] {processor.py:208} INFO - Processing /opt/airflow/dags/dag.py took 0.152 seconds
[2026-04-01T19:55:39.079+0000] {processor.py:186} INFO - Started process (PID=53895) to work on /opt/airflow/dags/dag.py
[2026-04-01T19:55:39.081+0000] {processor.py:914} INFO - Processing file /opt/airflow/dags/dag.py for tasks to queue
[2026-04-01T19:55:39.084+0000] {logging_mixin.py:190} INFO - [2026-04-01T19:55:39.083+0000] {dagbag.py:588} INFO - Filling up the DagBag from /opt/airflow/dags/dag.py
[2026-04-01T19:55:39.100+0000] {processor.py:925} INFO - DAG(s) 'matrix_minio' retrieved from /opt/airflow/dags/dag.py
[2026-04-01T19:55:39.152+0000] {logging_mixin.py:190} INFO - [2026-04-01T19:55:39.151+0000] {dag.py:3239} INFO - Sync 1 DAGs
[2026-04-01T19:55:39.178+0000] {logging_mixin.py:190} INFO - [2026-04-01T19:55:39.178+0000] {dag.py:4180} INFO - Setting next_dagrun for matrix_minio to None, run_after=None
[2026-04-01T19:55:39.211+0000] {processor.py:208} INFO - Processing /opt/airflow/dags/dag.py took 0.142 seconds
[2026-04-01T19:56:10.065+0000] {processor.py:186} INFO - Started process (PID=53936) to work on /opt/airflow/dags/dag.py
[2026-04-01T19:56:10.066+0000] {processor.py:914} INFO - Processing file /opt/airflow/dags/dag.py for tasks to queue
[2026-04-01T19:56:10.070+0000] {logging_mixin.py:190} INFO - [2026-04-01T19:56:10.069+0000] {dagbag.py:588} INFO - Filling up the DagBag from /opt/airflow/dags/dag.py
[2026-04-01T19:56:10.086+0000] {processor.py:925} INFO - DAG(s) 'matrix_minio' retrieved from /opt/airflow/dags/dag.py
[2026-04-01T19:56:10.142+0000] {logging_mixin.py:190} INFO - [2026-04-01T19:56:10.141+0000] {dag.py:3239} INFO - Sync 1 DAGs
[2026-04-01T19:56:10.170+0000] {logging_mixin.py:190} INFO - [2026-04-01T19:56:10.169+0000] {dag.py:4180} INFO - Setting next_dagrun for matrix_minio to None, run_after=None
[2026-04-01T19:56:10.202+0000] {processor.py:208} INFO - Processing /opt/airflow/dags/dag.py took 0.148 seconds
[2026-04-01T19:56:41.216+0000] {processor.py:186} INFO - Started process (PID=53979) to work on /opt/airflow/dags/dag.py
[2026-04-01T19:56:41.217+0000] {processor.py:914} INFO - Processing file /opt/airflow/dags/dag.py for tasks to queue
[2026-04-01T19:56:41.220+0000] {logging_mixin.py:190} INFO - [2026-04-01T19:56:41.220+0000] {dagbag.py:588} INFO - Filling up the DagBag from /opt/airflow/dags/dag.py
[2026-04-01T19:56:41.235+0000] {processor.py:925} INFO - DAG(s) 'matrix_minio' retrieved from /opt/airflow/dags/dag.py
[2026-04-01T19:56:41.280+0000] {logging_mixin.py:190} INFO - [2026-04-01T19:56:41.280+0000] {dag.py:3239} INFO - Sync 1 DAGs
[2026-04-01T19:56:41.306+0000] {logging_mixin.py:190} INFO - [2026-04-01T19:56:41.306+0000] {dag.py:4180} INFO - Setting next_dagrun for matrix_minio to None, run_after=None
[2026-04-01T19:56:41.342+0000] {processor.py:208} INFO - Processing /opt/airflow/dags/dag.py took 0.139 seconds
[2026-04-01T19:57:12.028+0000] {processor.py:186} INFO - Started process (PID=54024) to work on /opt/airflow/dags/dag.py
[2026-04-01T19:57:12.029+0000] {processor.py:914} INFO - Processing file /opt/airflow/dags/dag.py for tasks to queue
[2026-04-01T19:57:12.033+0000] {logging_mixin.py:190} INFO - [2026-04-01T19:57:12.032+0000] {dagbag.py:588} INFO - Filling up the DagBag from /opt/airflow/dags/dag.py
[2026-04-01T19:57:12.048+0000] {processor.py:925} INFO - DAG(s) 'matrix_minio' retrieved from /opt/airflow/dags/dag.py
[2026-04-01T19:57:12.100+0000] {logging_mixin.py:190} INFO - [2026-04-01T19:57:12.099+0000] {dag.py:3239} INFO - Sync 1 DAGs
[2026-04-01T19:57:12.129+0000] {logging_mixin.py:190} INFO - [2026-04-01T19:57:12.128+0000] {dag.py:4180} INFO - Setting next_dagrun for matrix_minio to None, run_after=None
[2026-04-01T19:57:12.159+0000] {processor.py:208} INFO - Processing /opt/airflow/dags/dag.py took 0.141 seconds
[2026-04-01T19:57:43.200+0000] {processor.py:186} INFO - Started process (PID=54067) to work on /opt/airflow/dags/dag.py
[2026-04-01T19:57:43.202+0000] {processor.py:914} INFO - Processing file /opt/airflow/dags/dag.py for tasks to queue
[2026-04-01T19:57:43.205+0000] {logging_mixin.py:190} INFO - [2026-04-01T19:57:43.205+0000] {dagbag.py:588} INFO - Filling up the DagBag from /opt/airflow/dags/dag.py
[2026-04-01T19:57:43.220+0000] {processor.py:925} INFO - DAG(s) 'matrix_minio' retrieved from /opt/airflow/dags/dag.py
[2026-04-01T19:57:43.271+0000] {logging_mixin.py:190} INFO - [2026-04-01T19:57:43.271+0000] {dag.py:3239} INFO - Sync 1 DAGs
[2026-04-01T19:57:43.300+0000] {logging_mixin.py:190} INFO - [2026-04-01T19:57:43.300+0000] {dag.py:4180} INFO - Setting next_dagrun for matrix_minio to None, run_after=None
[2026-04-01T19:57:43.344+0000] {processor.py:208} INFO - Processing /opt/airflow/dags/dag.py took 0.154 seconds
[2026-04-01T19:58:14.039+0000] {processor.py:186} INFO - Started process (PID=54106) to work on /opt/airflow/dags/dag.py
[2026-04-01T19:58:14.041+0000] {processor.py:914} INFO - Processing file /opt/airflow/dags/dag.py for tasks to queue
[2026-04-01T19:58:14.045+0000] {logging_mixin.py:190} INFO - [2026-04-01T19:58:14.044+0000] {dagbag.py:588} INFO - Filling up the DagBag from /opt/airflow/dags/dag.py
[2026-04-01T19:58:14.063+0000] {processor.py:925} INFO - DAG(s) 'matrix_minio' retrieved from /opt/airflow/dags/dag.py
[2026-04-01T19:58:14.123+0000] {logging_mixin.py:190} INFO - [2026-04-01T19:58:14.123+0000] {dag.py:3239} INFO - Sync 1 DAGs
[2026-04-01T19:58:14.159+0000] {logging_mixin.py:190} INFO - [2026-04-01T19:58:14.159+0000] {dag.py:4180} INFO - Setting next_dagrun for matrix_minio to None, run_after=None
[2026-04-01T19:58:14.198+0000] {processor.py:208} INFO - Processing /opt/airflow/dags/dag.py took 0.171 seconds
[2026-04-01T19:58:45.084+0000] {processor.py:186} INFO - Started process (PID=54147) to work on /opt/airflow/dags/dag.py
[2026-04-01T19:58:45.086+0000] {processor.py:914} INFO - Processing file /opt/airflow/dags/dag.py for tasks to queue
[2026-04-01T19:58:45.089+0000] {logging_mixin.py:190} INFO - [2026-04-01T19:58:45.089+0000] {dagbag.py:588} INFO - Filling up the DagBag from /opt/airflow/dags/dag.py
[2026-04-01T19:58:45.105+0000] {processor.py:925} INFO - DAG(s) 'matrix_minio' retrieved from /opt/airflow/dags/dag.py
[2026-04-01T19:58:45.163+0000] {logging_mixin.py:190} INFO - [2026-04-01T19:58:45.162+0000] {dag.py:3239} INFO - Sync 1 DAGs
[2026-04-01T19:58:45.192+0000] {logging_mixin.py:190} INFO - [2026-04-01T19:58:45.191+0000] {dag.py:4180} INFO - Setting next_dagrun for matrix_minio to None, run_after=None
[2026-04-01T19:58:45.227+0000] {processor.py:208} INFO - Processing /opt/airflow/dags/dag.py took 0.158 seconds
[2026-04-01T19:59:16.243+0000] {processor.py:186} INFO - Started process (PID=54190) to work on /opt/airflow/dags/dag.py
[2026-04-01T19:59:16.244+0000] {processor.py:914} INFO - Processing file /opt/airflow/dags/dag.py for tasks to queue
[2026-04-01T19:59:16.247+0000] {logging_mixin.py:190} INFO - [2026-04-01T19:59:16.246+0000] {dagbag.py:588} INFO - Filling up the DagBag from /opt/airflow/dags/dag.py
[2026-04-01T19:59:16.261+0000] {processor.py:925} INFO - DAG(s) 'matrix_minio' retrieved from /opt/airflow/dags/dag.py
[2026-04-01T19:59:16.306+0000] {logging_mixin.py:190} INFO - [2026-04-01T19:59:16.306+0000] {dag.py:3239} INFO - Sync 1 DAGs
[2026-04-01T19:59:16.335+0000] {logging_mixin.py:190} INFO - [2026-04-01T19:59:16.335+0000] {dag.py:4180} INFO - Setting next_dagrun for matrix_minio to None, run_after=None
[2026-04-01T19:59:16.382+0000] {processor.py:208} INFO - Processing /opt/airflow/dags/dag.py took 0.151 seconds
[2026-04-01T19:59:47.230+0000] {processor.py:186} INFO - Started process (PID=54231) to work on /opt/airflow/dags/dag.py
[2026-04-01T19:59:47.232+0000] {processor.py:914} INFO - Processing file /opt/airflow/dags/dag.py for tasks to queue
[2026-04-01T19:59:47.235+0000] {logging_mixin.py:190} INFO - [2026-04-01T19:59:47.235+0000] {dagbag.py:588} INFO - Filling up the DagBag from /opt/airflow/dags/dag.py
[2026-04-01T19:59:47.250+0000] {processor.py:925} INFO - DAG(s) 'matrix_minio' retrieved from /opt/airflow/dags/dag.py
[2026-04-01T19:59:47.299+0000] {logging_mixin.py:190} INFO - [2026-04-01T19:59:47.298+0000] {dag.py:3239} INFO - Sync 1 DAGs
[2026-04-01T19:59:47.326+0000] {logging_mixin.py:190} INFO - [2026-04-01T19:59:47.326+0000] {dag.py:4180} INFO - Setting next_dagrun for matrix_minio to None, run_after=None
[2026-04-01T19:59:47.370+0000] {processor.py:208} INFO - Processing /opt/airflow/dags/dag.py took 0.153 seconds
[2026-04-01T20:00:18.039+0000] {processor.py:186} INFO - Started process (PID=54270) to work on /opt/airflow/dags/dag.py
[2026-04-01T20:00:18.040+0000] {processor.py:914} INFO - Processing file /opt/airflow/dags/dag.py for tasks to queue
[2026-04-01T20:00:18.043+0000] {logging_mixin.py:190} INFO - [2026-04-01T20:00:18.043+0000] {dagbag.py:588} INFO - Filling up the DagBag from /opt/airflow/dags/dag.py
[2026-04-01T20:00:18.059+0000] {processor.py:925} INFO - DAG(s) 'matrix_minio' retrieved from /opt/airflow/dags/dag.py
[2026-04-01T20:00:18.104+0000] {logging_mixin.py:190} INFO - [2026-04-01T20:00:18.104+0000] {dag.py:3239} INFO - Sync 1 DAGs
[2026-04-01T20:00:18.129+0000] {logging_mixin.py:190} INFO - [2026-04-01T20:00:18.129+0000] {dag.py:4180} INFO - Setting next_dagrun for matrix_minio to None, run_after=None
[2026-04-01T20:00:18.164+0000] {processor.py:208} INFO - Processing /opt/airflow/dags/dag.py took 0.137 seconds
[2026-04-01T20:00:48.970+0000] {processor.py:186} INFO - Started process (PID=54311) to work on /opt/airflow/dags/dag.py
[2026-04-01T20:00:48.971+0000] {processor.py:914} INFO - Processing file /opt/airflow/dags/dag.py for tasks to queue
[2026-04-01T20:00:48.975+0000] {logging_mixin.py:190} INFO - [2026-04-01T20:00:48.974+0000] {dagbag.py:588} INFO - Filling up the DagBag from /opt/airflow/dags/dag.py
[2026-04-01T20:00:48.991+0000] {processor.py:925} INFO - DAG(s) 'matrix_minio' retrieved from /opt/airflow/dags/dag.py
[2026-04-01T20:00:49.046+0000] {logging_mixin.py:190} INFO - [2026-04-01T20:00:49.046+0000] {dag.py:3239} INFO - Sync 1 DAGs
[2026-04-01T20:00:49.076+0000] {logging_mixin.py:190} INFO - [2026-04-01T20:00:49.075+0000] {dag.py:4180} INFO - Setting next_dagrun for matrix_minio to None, run_after=None
[2026-04-01T20:00:49.112+0000] {processor.py:208} INFO - Processing /opt/airflow/dags/dag.py took 0.152 seconds
[2026-04-01T20:01:19.933+0000] {processor.py:186} INFO - Started process (PID=54352) to work on /opt/airflow/dags/dag.py
[2026-04-01T20:01:19.934+0000] {processor.py:914} INFO - Processing file /opt/airflow/dags/dag.py for tasks to queue
[2026-04-01T20:01:19.939+0000] {logging_mixin.py:190} INFO - [2026-04-01T20:01:19.938+0000] {dagbag.py:588} INFO - Filling up the DagBag from /opt/airflow/dags/dag.py
[2026-04-01T20:01:19.956+0000] {processor.py:925} INFO - DAG(s) 'matrix_minio' retrieved from /opt/airflow/dags/dag.py
[2026-04-01T20:01:20.003+0000] {logging_mixin.py:190} INFO - [2026-04-01T20:01:20.003+0000] {dag.py:3239} INFO - Sync 1 DAGs
[2026-04-01T20:01:20.031+0000] {logging_mixin.py:190} INFO - [2026-04-01T20:01:20.030+0000] {dag.py:4180} INFO - Setting next_dagrun for matrix_minio to None, run_after=None
[2026-04-01T20:01:20.065+0000] {processor.py:208} INFO - Processing /opt/airflow/dags/dag.py took 0.142 seconds
[2026-04-01T20:01:50.952+0000] {processor.py:186} INFO - Started process (PID=54395) to work on /opt/airflow/dags/dag.py
[2026-04-01T20:01:50.954+0000] {processor.py:914} INFO - Processing file /opt/airflow/dags/dag.py for tasks to queue
[2026-04-01T20:01:50.957+0000] {logging_mixin.py:190} INFO - [2026-04-01T20:01:50.957+0000] {dagbag.py:588} INFO - Filling up the DagBag from /opt/airflow/dags/dag.py
[2026-04-01T20:01:50.974+0000] {processor.py:925} INFO - DAG(s) 'matrix_minio' retrieved from /opt/airflow/dags/dag.py
[2026-04-01T20:01:51.026+0000] {logging_mixin.py:190} INFO - [2026-04-01T20:01:51.026+0000] {dag.py:3239} INFO - Sync 1 DAGs
[2026-04-01T20:01:51.052+0000] {logging_mixin.py:190} INFO - [2026-04-01T20:01:51.052+0000] {dag.py:4180} INFO - Setting next_dagrun for matrix_minio to None, run_after=None
[2026-04-01T20:01:51.095+0000] {processor.py:208} INFO - Processing /opt/airflow/dags/dag.py took 0.154 seconds
[2026-04-01T20:02:21.758+0000] {processor.py:186} INFO - Started process (PID=54434) to work on /opt/airflow/dags/dag.py
[2026-04-01T20:02:21.760+0000] {processor.py:914} INFO - Processing file /opt/airflow/dags/dag.py for tasks to queue
[2026-04-01T20:02:21.763+0000] {logging_mixin.py:190} INFO - [2026-04-01T20:02:21.763+0000] {dagbag.py:588} INFO - Filling up the DagBag from /opt/airflow/dags/dag.py
[2026-04-01T20:02:21.780+0000] {processor.py:925} INFO - DAG(s) 'matrix_minio' retrieved from /opt/airflow/dags/dag.py
[2026-04-01T20:02:21.828+0000] {logging_mixin.py:190} INFO - [2026-04-01T20:02:21.827+0000] {dag.py:3239} INFO - Sync 1 DAGs
[2026-04-01T20:02:21.857+0000] {logging_mixin.py:190} INFO - [2026-04-01T20:02:21.856+0000] {dag.py:4180} INFO - Setting next_dagrun for matrix_minio to None, run_after=None
[2026-04-01T20:02:21.893+0000] {processor.py:208} INFO - Processing /opt/airflow/dags/dag.py took 0.146 seconds
[2026-04-01T20:02:52.926+0000] {processor.py:186} INFO - Started process (PID=54477) to work on /opt/airflow/dags/dag.py
[2026-04-01T20:02:52.928+0000] {processor.py:914} INFO - Processing file /opt/airflow/dags/dag.py for tasks to queue
[2026-04-01T20:02:52.932+0000] {logging_mixin.py:190} INFO - [2026-04-01T20:02:52.931+0000] {dagbag.py:588} INFO - Filling up the DagBag from /opt/airflow/dags/dag.py
[2026-04-01T20:02:52.947+0000] {processor.py:925} INFO - DAG(s) 'matrix_minio' retrieved from /opt/airflow/dags/dag.py
[2026-04-01T20:02:53.001+0000] {logging_mixin.py:190} INFO - [2026-04-01T20:02:53.001+0000] {dag.py:3239} INFO - Sync 1 DAGs
[2026-04-01T20:02:53.030+0000] {logging_mixin.py:190} INFO - [2026-04-01T20:02:53.029+0000] {dag.py:4180} INFO - Setting next_dagrun for matrix_minio to None, run_after=None
[2026-04-01T20:02:53.067+0000] {processor.py:208} INFO - Processing /opt/airflow/dags/dag.py took 0.152 seconds
[2026-04-01T20:03:23.728+0000] {processor.py:186} INFO - Started process (PID=54516) to work on /opt/airflow/dags/dag.py
[2026-04-01T20:03:23.730+0000] {processor.py:914} INFO - Processing file /opt/airflow/dags/dag.py for tasks to queue
[2026-04-01T20:03:23.734+0000] {logging_mixin.py:190} INFO - [2026-04-01T20:03:23.733+0000] {dagbag.py:588} INFO - Filling up the DagBag from /opt/airflow/dags/dag.py
[2026-04-01T20:03:23.751+0000] {processor.py:925} INFO - DAG(s) 'matrix_minio' retrieved from /opt/airflow/dags/dag.py
[2026-04-01T20:03:23.800+0000] {logging_mixin.py:190} INFO - [2026-04-01T20:03:23.800+0000] {dag.py:3239} INFO - Sync 1 DAGs
[2026-04-01T20:03:23.828+0000] {logging_mixin.py:190} INFO - [2026-04-01T20:03:23.827+0000] {dag.py:4180} INFO - Setting next_dagrun for matrix_minio to None, run_after=None
[2026-04-01T20:03:23.862+0000] {processor.py:208} INFO - Processing /opt/airflow/dags/dag.py took 0.145 seconds
[2026-04-01T20:03:54.689+0000] {processor.py:186} INFO - Started process (PID=54557) to work on /opt/airflow/dags/dag.py
[2026-04-01T20:03:54.690+0000] {processor.py:914} INFO - Processing file /opt/airflow/dags/dag.py for tasks to queue
[2026-04-01T20:03:54.694+0000] {logging_mixin.py:190} INFO - [2026-04-01T20:03:54.693+0000] {dagbag.py:588} INFO - Filling up the DagBag from /opt/airflow/dags/dag.py
[2026-04-01T20:03:54.710+0000] {processor.py:925} INFO - DAG(s) 'matrix_minio' retrieved from /opt/airflow/dags/dag.py
[2026-04-01T20:03:54.759+0000] {logging_mixin.py:190} INFO - [2026-04-01T20:03:54.758+0000] {dag.py:3239} INFO - Sync 1 DAGs
[2026-04-01T20:03:54.792+0000] {logging_mixin.py:190} INFO - [2026-04-01T20:03:54.792+0000] {dag.py:4180} INFO - Setting next_dagrun for matrix_minio to None, run_after=None
[2026-04-01T20:03:54.828+0000] {processor.py:208} INFO - Processing /opt/airflow/dags/dag.py took 0.150 seconds
[2026-04-01T20:04:25.641+0000] {processor.py:186} INFO - Started process (PID=54598) to work on /opt/airflow/dags/dag.py
[2026-04-01T20:04:25.643+0000] {processor.py:914} INFO - Processing file /opt/airflow/dags/dag.py for tasks to queue
[2026-04-01T20:04:25.646+0000] {logging_mixin.py:190} INFO - [2026-04-01T20:04:25.645+0000] {dagbag.py:588} INFO - Filling up the DagBag from /opt/airflow/dags/dag.py
[2026-04-01T20:04:25.663+0000] {processor.py:925} INFO - DAG(s) 'matrix_minio' retrieved from /opt/airflow/dags/dag.py
[2026-04-01T20:04:25.708+0000] {logging_mixin.py:190} INFO - [2026-04-01T20:04:25.708+0000] {dag.py:3239} INFO - Sync 1 DAGs
[2026-04-01T20:04:25.735+0000] {logging_mixin.py:190} INFO - [2026-04-01T20:04:25.735+0000] {dag.py:4180} INFO - Setting next_dagrun for matrix_minio to None, run_after=None
[2026-04-01T20:04:25.770+0000] {processor.py:208} INFO - Processing /opt/airflow/dags/dag.py took 0.143 seconds
[2026-04-01T20:04:56.622+0000] {processor.py:186} INFO - Started process (PID=54639) to work on /opt/airflow/dags/dag.py
[2026-04-01T20:04:56.624+0000] {processor.py:914} INFO - Processing file /opt/airflow/dags/dag.py for tasks to queue
[2026-04-01T20:04:56.628+0000] {logging_mixin.py:190} INFO - [2026-04-01T20:04:56.627+0000] {dagbag.py:588} INFO - Filling up the DagBag from /opt/airflow/dags/dag.py
[2026-04-01T20:04:56.644+0000] {processor.py:925} INFO - DAG(s) 'matrix_minio' retrieved from /opt/airflow/dags/dag.py
[2026-04-01T20:04:56.696+0000] {logging_mixin.py:190} INFO - [2026-04-01T20:04:56.696+0000] {dag.py:3239} INFO - Sync 1 DAGs
[2026-04-01T20:04:56.724+0000] {logging_mixin.py:190} INFO - [2026-04-01T20:04:56.723+0000] {dag.py:4180} INFO - Setting next_dagrun for matrix_minio to None, run_after=None
[2026-04-01T20:04:56.757+0000] {processor.py:208} INFO - Processing /opt/airflow/dags/dag.py took 0.146 seconds
