[2026-04-07T14:49:35.880+0000] {processor.py:186} INFO - Started process (PID=245) to work on /opt/airflow/dags/airflow_utils.py
[2026-04-07T14:49:35.881+0000] {processor.py:914} INFO - Processing file /opt/airflow/dags/airflow_utils.py for tasks to queue
[2026-04-07T14:49:35.888+0000] {logging_mixin.py:190} INFO - [2026-04-07T14:49:35.887+0000] {dagbag.py:588} INFO - Filling up the DagBag from /opt/airflow/dags/airflow_utils.py
[2026-04-07T14:49:35.892+0000] {processor.py:927} WARNING - No viable dags retrieved from /opt/airflow/dags/airflow_utils.py
[2026-04-07T14:49:35.925+0000] {processor.py:208} INFO - Processing /opt/airflow/dags/airflow_utils.py took 0.068 seconds
[2026-04-07T14:50:06.429+0000] {processor.py:186} INFO - Started process (PID=328) to work on /opt/airflow/dags/airflow_utils.py
[2026-04-07T14:50:06.430+0000] {processor.py:914} INFO - Processing file /opt/airflow/dags/airflow_utils.py for tasks to queue
[2026-04-07T14:50:06.433+0000] {logging_mixin.py:190} INFO - [2026-04-07T14:50:06.433+0000] {dagbag.py:588} INFO - Filling up the DagBag from /opt/airflow/dags/airflow_utils.py
[2026-04-07T14:50:06.437+0000] {processor.py:927} WARNING - No viable dags retrieved from /opt/airflow/dags/airflow_utils.py
[2026-04-07T14:50:06.458+0000] {processor.py:208} INFO - Processing /opt/airflow/dags/airflow_utils.py took 0.039 seconds
[2026-04-07T14:50:36.644+0000] {processor.py:186} INFO - Started process (PID=401) to work on /opt/airflow/dags/airflow_utils.py
[2026-04-07T14:50:36.645+0000] {processor.py:914} INFO - Processing file /opt/airflow/dags/airflow_utils.py for tasks to queue
[2026-04-07T14:50:36.648+0000] {logging_mixin.py:190} INFO - [2026-04-07T14:50:36.647+0000] {dagbag.py:588} INFO - Filling up the DagBag from /opt/airflow/dags/airflow_utils.py
[2026-04-07T14:50:36.668+0000] {processor.py:927} WARNING - No viable dags retrieved from /opt/airflow/dags/airflow_utils.py
[2026-04-07T14:50:36.694+0000] {processor.py:208} INFO - Processing /opt/airflow/dags/airflow_utils.py took 0.058 seconds
[2026-04-07T14:51:07.044+0000] {processor.py:186} INFO - Started process (PID=472) to work on /opt/airflow/dags/airflow_utils.py
[2026-04-07T14:51:07.045+0000] {processor.py:914} INFO - Processing file /opt/airflow/dags/airflow_utils.py for tasks to queue
[2026-04-07T14:51:07.047+0000] {logging_mixin.py:190} INFO - [2026-04-07T14:51:07.047+0000] {dagbag.py:588} INFO - Filling up the DagBag from /opt/airflow/dags/airflow_utils.py
[2026-04-07T14:51:07.049+0000] {processor.py:927} WARNING - No viable dags retrieved from /opt/airflow/dags/airflow_utils.py
[2026-04-07T14:51:07.069+0000] {processor.py:208} INFO - Processing /opt/airflow/dags/airflow_utils.py took 0.040 seconds
[2026-04-07T14:51:37.238+0000] {processor.py:186} INFO - Started process (PID=541) to work on /opt/airflow/dags/airflow_utils.py
[2026-04-07T14:51:37.239+0000] {processor.py:914} INFO - Processing file /opt/airflow/dags/airflow_utils.py for tasks to queue
[2026-04-07T14:51:37.243+0000] {logging_mixin.py:190} INFO - [2026-04-07T14:51:37.242+0000] {dagbag.py:588} INFO - Filling up the DagBag from /opt/airflow/dags/airflow_utils.py
[2026-04-07T14:51:37.247+0000] {processor.py:927} WARNING - No viable dags retrieved from /opt/airflow/dags/airflow_utils.py
[2026-04-07T14:51:37.269+0000] {processor.py:208} INFO - Processing /opt/airflow/dags/airflow_utils.py took 0.043 seconds
[2026-04-07T14:52:07.470+0000] {processor.py:186} INFO - Started process (PID=612) to work on /opt/airflow/dags/airflow_utils.py
[2026-04-07T14:52:07.471+0000] {processor.py:914} INFO - Processing file /opt/airflow/dags/airflow_utils.py for tasks to queue
[2026-04-07T14:52:07.473+0000] {logging_mixin.py:190} INFO - [2026-04-07T14:52:07.473+0000] {dagbag.py:588} INFO - Filling up the DagBag from /opt/airflow/dags/airflow_utils.py
[2026-04-07T14:52:07.475+0000] {processor.py:927} WARNING - No viable dags retrieved from /opt/airflow/dags/airflow_utils.py
[2026-04-07T14:52:07.491+0000] {processor.py:208} INFO - Processing /opt/airflow/dags/airflow_utils.py took 0.028 seconds
[2026-04-07T14:52:38.687+0000] {processor.py:186} INFO - Started process (PID=683) to work on /opt/airflow/dags/airflow_utils.py
[2026-04-07T14:52:38.689+0000] {processor.py:914} INFO - Processing file /opt/airflow/dags/airflow_utils.py for tasks to queue
[2026-04-07T14:52:38.692+0000] {logging_mixin.py:190} INFO - [2026-04-07T14:52:38.691+0000] {dagbag.py:588} INFO - Filling up the DagBag from /opt/airflow/dags/airflow_utils.py
[2026-04-07T14:52:38.695+0000] {processor.py:927} WARNING - No viable dags retrieved from /opt/airflow/dags/airflow_utils.py
[2026-04-07T14:52:38.716+0000] {processor.py:208} INFO - Processing /opt/airflow/dags/airflow_utils.py took 0.039 seconds
[2026-04-07T14:53:08.852+0000] {processor.py:186} INFO - Started process (PID=754) to work on /opt/airflow/dags/airflow_utils.py
[2026-04-07T14:53:08.853+0000] {processor.py:914} INFO - Processing file /opt/airflow/dags/airflow_utils.py for tasks to queue
[2026-04-07T14:53:08.855+0000] {logging_mixin.py:190} INFO - [2026-04-07T14:53:08.855+0000] {dagbag.py:588} INFO - Filling up the DagBag from /opt/airflow/dags/airflow_utils.py
[2026-04-07T14:53:08.858+0000] {processor.py:927} WARNING - No viable dags retrieved from /opt/airflow/dags/airflow_utils.py
[2026-04-07T14:53:08.876+0000] {processor.py:208} INFO - Processing /opt/airflow/dags/airflow_utils.py took 0.031 seconds
[2026-04-07T14:53:40.079+0000] {processor.py:186} INFO - Started process (PID=827) to work on /opt/airflow/dags/airflow_utils.py
[2026-04-07T14:53:40.080+0000] {processor.py:914} INFO - Processing file /opt/airflow/dags/airflow_utils.py for tasks to queue
[2026-04-07T14:53:40.083+0000] {logging_mixin.py:190} INFO - [2026-04-07T14:53:40.083+0000] {dagbag.py:588} INFO - Filling up the DagBag from /opt/airflow/dags/airflow_utils.py
[2026-04-07T14:53:40.086+0000] {processor.py:927} WARNING - No viable dags retrieved from /opt/airflow/dags/airflow_utils.py
[2026-04-07T14:53:40.106+0000] {processor.py:208} INFO - Processing /opt/airflow/dags/airflow_utils.py took 0.038 seconds
[2026-04-07T14:54:10.329+0000] {processor.py:186} INFO - Started process (PID=898) to work on /opt/airflow/dags/airflow_utils.py
[2026-04-07T14:54:10.330+0000] {processor.py:914} INFO - Processing file /opt/airflow/dags/airflow_utils.py for tasks to queue
[2026-04-07T14:54:10.332+0000] {logging_mixin.py:190} INFO - [2026-04-07T14:54:10.332+0000] {dagbag.py:588} INFO - Filling up the DagBag from /opt/airflow/dags/airflow_utils.py
[2026-04-07T14:54:10.336+0000] {processor.py:927} WARNING - No viable dags retrieved from /opt/airflow/dags/airflow_utils.py
[2026-04-07T14:54:10.352+0000] {processor.py:208} INFO - Processing /opt/airflow/dags/airflow_utils.py took 0.031 seconds
[2026-04-07T14:54:41.215+0000] {processor.py:186} INFO - Started process (PID=999) to work on /opt/airflow/dags/airflow_utils.py
[2026-04-07T14:54:41.217+0000] {processor.py:914} INFO - Processing file /opt/airflow/dags/airflow_utils.py for tasks to queue
[2026-04-07T14:54:41.223+0000] {logging_mixin.py:190} INFO - [2026-04-07T14:54:41.223+0000] {dagbag.py:588} INFO - Filling up the DagBag from /opt/airflow/dags/airflow_utils.py
[2026-04-07T14:54:41.229+0000] {processor.py:927} WARNING - No viable dags retrieved from /opt/airflow/dags/airflow_utils.py
[2026-04-07T14:54:41.273+0000] {processor.py:208} INFO - Processing /opt/airflow/dags/airflow_utils.py took 0.072 seconds
[2026-04-07T14:55:11.527+0000] {processor.py:186} INFO - Started process (PID=1218) to work on /opt/airflow/dags/airflow_utils.py
[2026-04-07T14:55:11.527+0000] {processor.py:914} INFO - Processing file /opt/airflow/dags/airflow_utils.py for tasks to queue
[2026-04-07T14:55:11.529+0000] {logging_mixin.py:190} INFO - [2026-04-07T14:55:11.529+0000] {dagbag.py:588} INFO - Filling up the DagBag from /opt/airflow/dags/airflow_utils.py
[2026-04-07T14:55:11.531+0000] {processor.py:927} WARNING - No viable dags retrieved from /opt/airflow/dags/airflow_utils.py
[2026-04-07T14:55:11.548+0000] {processor.py:208} INFO - Processing /opt/airflow/dags/airflow_utils.py took 0.027 seconds
[2026-04-07T14:55:42.669+0000] {processor.py:186} INFO - Started process (PID=1287) to work on /opt/airflow/dags/airflow_utils.py
[2026-04-07T14:55:42.670+0000] {processor.py:914} INFO - Processing file /opt/airflow/dags/airflow_utils.py for tasks to queue
[2026-04-07T14:55:42.673+0000] {logging_mixin.py:190} INFO - [2026-04-07T14:55:42.672+0000] {dagbag.py:588} INFO - Filling up the DagBag from /opt/airflow/dags/airflow_utils.py
[2026-04-07T14:55:42.676+0000] {processor.py:927} WARNING - No viable dags retrieved from /opt/airflow/dags/airflow_utils.py
[2026-04-07T14:55:42.696+0000] {processor.py:208} INFO - Processing /opt/airflow/dags/airflow_utils.py took 0.036 seconds
[2026-04-07T14:56:12.879+0000] {processor.py:186} INFO - Started process (PID=1361) to work on /opt/airflow/dags/airflow_utils.py
[2026-04-07T14:56:12.880+0000] {processor.py:914} INFO - Processing file /opt/airflow/dags/airflow_utils.py for tasks to queue
[2026-04-07T14:56:12.882+0000] {logging_mixin.py:190} INFO - [2026-04-07T14:56:12.882+0000] {dagbag.py:588} INFO - Filling up the DagBag from /opt/airflow/dags/airflow_utils.py
[2026-04-07T14:56:12.885+0000] {processor.py:927} WARNING - No viable dags retrieved from /opt/airflow/dags/airflow_utils.py
[2026-04-07T14:56:12.902+0000] {processor.py:208} INFO - Processing /opt/airflow/dags/airflow_utils.py took 0.030 seconds
[2026-04-07T14:56:44.858+0000] {processor.py:186} INFO - Started process (PID=1430) to work on /opt/airflow/dags/airflow_utils.py
[2026-04-07T14:56:44.868+0000] {processor.py:914} INFO - Processing file /opt/airflow/dags/airflow_utils.py for tasks to queue
[2026-04-07T14:56:44.873+0000] {logging_mixin.py:190} INFO - [2026-04-07T14:56:44.872+0000] {dagbag.py:588} INFO - Filling up the DagBag from /opt/airflow/dags/airflow_utils.py
[2026-04-07T14:56:44.877+0000] {processor.py:927} WARNING - No viable dags retrieved from /opt/airflow/dags/airflow_utils.py
[2026-04-07T14:56:44.917+0000] {processor.py:208} INFO - Processing /opt/airflow/dags/airflow_utils.py took 0.072 seconds
[2026-04-07T14:57:15.686+0000] {processor.py:186} INFO - Started process (PID=1501) to work on /opt/airflow/dags/airflow_utils.py
[2026-04-07T14:57:15.688+0000] {processor.py:914} INFO - Processing file /opt/airflow/dags/airflow_utils.py for tasks to queue
[2026-04-07T14:57:15.694+0000] {logging_mixin.py:190} INFO - [2026-04-07T14:57:15.693+0000] {dagbag.py:588} INFO - Filling up the DagBag from /opt/airflow/dags/airflow_utils.py
[2026-04-07T14:57:15.698+0000] {processor.py:927} WARNING - No viable dags retrieved from /opt/airflow/dags/airflow_utils.py
[2026-04-07T14:57:15.732+0000] {processor.py:208} INFO - Processing /opt/airflow/dags/airflow_utils.py took 0.061 seconds
[2026-04-07T14:57:45.905+0000] {processor.py:186} INFO - Started process (PID=1574) to work on /opt/airflow/dags/airflow_utils.py
[2026-04-07T14:57:45.906+0000] {processor.py:914} INFO - Processing file /opt/airflow/dags/airflow_utils.py for tasks to queue
[2026-04-07T14:57:45.908+0000] {logging_mixin.py:190} INFO - [2026-04-07T14:57:45.907+0000] {dagbag.py:588} INFO - Filling up the DagBag from /opt/airflow/dags/airflow_utils.py
[2026-04-07T14:57:45.909+0000] {processor.py:927} WARNING - No viable dags retrieved from /opt/airflow/dags/airflow_utils.py
[2026-04-07T14:57:45.926+0000] {processor.py:208} INFO - Processing /opt/airflow/dags/airflow_utils.py took 0.032 seconds
[2026-04-07T14:58:16.641+0000] {processor.py:186} INFO - Started process (PID=1645) to work on /opt/airflow/dags/airflow_utils.py
[2026-04-07T14:58:16.643+0000] {processor.py:914} INFO - Processing file /opt/airflow/dags/airflow_utils.py for tasks to queue
[2026-04-07T14:58:16.647+0000] {logging_mixin.py:190} INFO - [2026-04-07T14:58:16.647+0000] {dagbag.py:588} INFO - Filling up the DagBag from /opt/airflow/dags/airflow_utils.py
[2026-04-07T14:58:16.652+0000] {processor.py:927} WARNING - No viable dags retrieved from /opt/airflow/dags/airflow_utils.py
[2026-04-07T14:58:16.682+0000] {processor.py:208} INFO - Processing /opt/airflow/dags/airflow_utils.py took 0.053 seconds
[2026-04-07T14:58:47.022+0000] {processor.py:186} INFO - Started process (PID=1714) to work on /opt/airflow/dags/airflow_utils.py
[2026-04-07T14:58:47.024+0000] {processor.py:914} INFO - Processing file /opt/airflow/dags/airflow_utils.py for tasks to queue
[2026-04-07T14:58:47.027+0000] {logging_mixin.py:190} INFO - [2026-04-07T14:58:47.027+0000] {dagbag.py:588} INFO - Filling up the DagBag from /opt/airflow/dags/airflow_utils.py
[2026-04-07T14:58:47.031+0000] {processor.py:927} WARNING - No viable dags retrieved from /opt/airflow/dags/airflow_utils.py
[2026-04-07T14:58:47.058+0000] {processor.py:208} INFO - Processing /opt/airflow/dags/airflow_utils.py took 0.049 seconds
[2026-04-07T14:59:17.488+0000] {processor.py:186} INFO - Started process (PID=1787) to work on /opt/airflow/dags/airflow_utils.py
[2026-04-07T14:59:17.489+0000] {processor.py:914} INFO - Processing file /opt/airflow/dags/airflow_utils.py for tasks to queue
[2026-04-07T14:59:17.492+0000] {logging_mixin.py:190} INFO - [2026-04-07T14:59:17.492+0000] {dagbag.py:588} INFO - Filling up the DagBag from /opt/airflow/dags/airflow_utils.py
[2026-04-07T14:59:17.494+0000] {processor.py:927} WARNING - No viable dags retrieved from /opt/airflow/dags/airflow_utils.py
[2026-04-07T14:59:17.510+0000] {processor.py:208} INFO - Processing /opt/airflow/dags/airflow_utils.py took 0.030 seconds
[2026-04-07T14:59:48.052+0000] {processor.py:186} INFO - Started process (PID=1858) to work on /opt/airflow/dags/airflow_utils.py
[2026-04-07T14:59:48.054+0000] {processor.py:914} INFO - Processing file /opt/airflow/dags/airflow_utils.py for tasks to queue
[2026-04-07T14:59:48.058+0000] {logging_mixin.py:190} INFO - [2026-04-07T14:59:48.057+0000] {dagbag.py:588} INFO - Filling up the DagBag from /opt/airflow/dags/airflow_utils.py
[2026-04-07T14:59:48.062+0000] {processor.py:927} WARNING - No viable dags retrieved from /opt/airflow/dags/airflow_utils.py
[2026-04-07T14:59:48.091+0000] {processor.py:208} INFO - Processing /opt/airflow/dags/airflow_utils.py took 0.051 seconds
[2026-04-07T15:00:18.837+0000] {processor.py:186} INFO - Started process (PID=2086) to work on /opt/airflow/dags/airflow_utils.py
[2026-04-07T15:00:18.838+0000] {processor.py:914} INFO - Processing file /opt/airflow/dags/airflow_utils.py for tasks to queue
[2026-04-07T15:00:18.841+0000] {logging_mixin.py:190} INFO - [2026-04-07T15:00:18.841+0000] {dagbag.py:588} INFO - Filling up the DagBag from /opt/airflow/dags/airflow_utils.py
[2026-04-07T15:00:18.845+0000] {processor.py:927} WARNING - No viable dags retrieved from /opt/airflow/dags/airflow_utils.py
[2026-04-07T15:00:18.868+0000] {processor.py:208} INFO - Processing /opt/airflow/dags/airflow_utils.py took 0.041 seconds
[2026-04-07T15:00:49.427+0000] {processor.py:186} INFO - Started process (PID=2157) to work on /opt/airflow/dags/airflow_utils.py
[2026-04-07T15:00:49.429+0000] {processor.py:914} INFO - Processing file /opt/airflow/dags/airflow_utils.py for tasks to queue
[2026-04-07T15:00:49.433+0000] {logging_mixin.py:190} INFO - [2026-04-07T15:00:49.432+0000] {dagbag.py:588} INFO - Filling up the DagBag from /opt/airflow/dags/airflow_utils.py
[2026-04-07T15:00:49.437+0000] {processor.py:927} WARNING - No viable dags retrieved from /opt/airflow/dags/airflow_utils.py
[2026-04-07T15:00:49.464+0000] {processor.py:208} INFO - Processing /opt/airflow/dags/airflow_utils.py took 0.050 seconds
[2026-04-07T15:01:19.888+0000] {processor.py:186} INFO - Started process (PID=2228) to work on /opt/airflow/dags/airflow_utils.py
[2026-04-07T15:01:19.889+0000] {processor.py:914} INFO - Processing file /opt/airflow/dags/airflow_utils.py for tasks to queue
[2026-04-07T15:01:19.891+0000] {logging_mixin.py:190} INFO - [2026-04-07T15:01:19.891+0000] {dagbag.py:588} INFO - Filling up the DagBag from /opt/airflow/dags/airflow_utils.py
[2026-04-07T15:01:19.893+0000] {processor.py:927} WARNING - No viable dags retrieved from /opt/airflow/dags/airflow_utils.py
[2026-04-07T15:01:19.912+0000] {processor.py:208} INFO - Processing /opt/airflow/dags/airflow_utils.py took 0.030 seconds
[2026-04-07T15:01:50.020+0000] {processor.py:186} INFO - Started process (PID=2297) to work on /opt/airflow/dags/airflow_utils.py
[2026-04-07T15:01:50.021+0000] {processor.py:914} INFO - Processing file /opt/airflow/dags/airflow_utils.py for tasks to queue
[2026-04-07T15:01:50.023+0000] {logging_mixin.py:190} INFO - [2026-04-07T15:01:50.023+0000] {dagbag.py:588} INFO - Filling up the DagBag from /opt/airflow/dags/airflow_utils.py
[2026-04-07T15:01:50.026+0000] {processor.py:927} WARNING - No viable dags retrieved from /opt/airflow/dags/airflow_utils.py
[2026-04-07T15:01:50.047+0000] {processor.py:208} INFO - Processing /opt/airflow/dags/airflow_utils.py took 0.034 seconds
[2026-04-07T15:02:20.572+0000] {processor.py:186} INFO - Started process (PID=2368) to work on /opt/airflow/dags/airflow_utils.py
[2026-04-07T15:02:20.574+0000] {processor.py:914} INFO - Processing file /opt/airflow/dags/airflow_utils.py for tasks to queue
[2026-04-07T15:02:20.577+0000] {logging_mixin.py:190} INFO - [2026-04-07T15:02:20.576+0000] {dagbag.py:588} INFO - Filling up the DagBag from /opt/airflow/dags/airflow_utils.py
[2026-04-07T15:02:20.579+0000] {processor.py:927} WARNING - No viable dags retrieved from /opt/airflow/dags/airflow_utils.py
[2026-04-07T15:02:20.599+0000] {processor.py:208} INFO - Processing /opt/airflow/dags/airflow_utils.py took 0.034 seconds
[2026-04-07T15:02:51.578+0000] {processor.py:186} INFO - Started process (PID=2439) to work on /opt/airflow/dags/airflow_utils.py
[2026-04-07T15:02:51.579+0000] {processor.py:914} INFO - Processing file /opt/airflow/dags/airflow_utils.py for tasks to queue
[2026-04-07T15:02:51.582+0000] {logging_mixin.py:190} INFO - [2026-04-07T15:02:51.582+0000] {dagbag.py:588} INFO - Filling up the DagBag from /opt/airflow/dags/airflow_utils.py
[2026-04-07T15:02:51.585+0000] {processor.py:927} WARNING - No viable dags retrieved from /opt/airflow/dags/airflow_utils.py
[2026-04-07T15:02:51.607+0000] {processor.py:208} INFO - Processing /opt/airflow/dags/airflow_utils.py took 0.037 seconds
[2026-04-07T15:03:21.805+0000] {processor.py:186} INFO - Started process (PID=2510) to work on /opt/airflow/dags/airflow_utils.py
[2026-04-07T15:03:21.806+0000] {processor.py:914} INFO - Processing file /opt/airflow/dags/airflow_utils.py for tasks to queue
[2026-04-07T15:03:21.810+0000] {logging_mixin.py:190} INFO - [2026-04-07T15:03:21.809+0000] {dagbag.py:588} INFO - Filling up the DagBag from /opt/airflow/dags/airflow_utils.py
[2026-04-07T15:03:21.813+0000] {processor.py:927} WARNING - No viable dags retrieved from /opt/airflow/dags/airflow_utils.py
[2026-04-07T15:03:21.835+0000] {processor.py:208} INFO - Processing /opt/airflow/dags/airflow_utils.py took 0.040 seconds
[2026-04-07T15:03:52.064+0000] {processor.py:186} INFO - Started process (PID=2581) to work on /opt/airflow/dags/airflow_utils.py
[2026-04-07T15:03:52.065+0000] {processor.py:914} INFO - Processing file /opt/airflow/dags/airflow_utils.py for tasks to queue
[2026-04-07T15:03:52.068+0000] {logging_mixin.py:190} INFO - [2026-04-07T15:03:52.067+0000] {dagbag.py:588} INFO - Filling up the DagBag from /opt/airflow/dags/airflow_utils.py
[2026-04-07T15:03:52.070+0000] {processor.py:927} WARNING - No viable dags retrieved from /opt/airflow/dags/airflow_utils.py
[2026-04-07T15:03:52.089+0000] {processor.py:208} INFO - Processing /opt/airflow/dags/airflow_utils.py took 0.031 seconds
[2026-04-07T15:04:22.403+0000] {processor.py:186} INFO - Started process (PID=2652) to work on /opt/airflow/dags/airflow_utils.py
[2026-04-07T15:04:22.404+0000] {processor.py:914} INFO - Processing file /opt/airflow/dags/airflow_utils.py for tasks to queue
[2026-04-07T15:04:22.406+0000] {logging_mixin.py:190} INFO - [2026-04-07T15:04:22.406+0000] {dagbag.py:588} INFO - Filling up the DagBag from /opt/airflow/dags/airflow_utils.py
[2026-04-07T15:04:22.409+0000] {processor.py:927} WARNING - No viable dags retrieved from /opt/airflow/dags/airflow_utils.py
[2026-04-07T15:04:22.431+0000] {processor.py:208} INFO - Processing /opt/airflow/dags/airflow_utils.py took 0.035 seconds
[2026-04-07T15:04:52.671+0000] {processor.py:186} INFO - Started process (PID=2723) to work on /opt/airflow/dags/airflow_utils.py
[2026-04-07T15:04:52.672+0000] {processor.py:914} INFO - Processing file /opt/airflow/dags/airflow_utils.py for tasks to queue
[2026-04-07T15:04:52.675+0000] {logging_mixin.py:190} INFO - [2026-04-07T15:04:52.674+0000] {dagbag.py:588} INFO - Filling up the DagBag from /opt/airflow/dags/airflow_utils.py
[2026-04-07T15:04:52.677+0000] {processor.py:927} WARNING - No viable dags retrieved from /opt/airflow/dags/airflow_utils.py
[2026-04-07T15:04:52.700+0000] {processor.py:208} INFO - Processing /opt/airflow/dags/airflow_utils.py took 0.036 seconds
[2026-04-07T15:05:22.929+0000] {processor.py:186} INFO - Started process (PID=2796) to work on /opt/airflow/dags/airflow_utils.py
[2026-04-07T15:05:22.930+0000] {processor.py:914} INFO - Processing file /opt/airflow/dags/airflow_utils.py for tasks to queue
[2026-04-07T15:05:22.932+0000] {logging_mixin.py:190} INFO - [2026-04-07T15:05:22.932+0000] {dagbag.py:588} INFO - Filling up the DagBag from /opt/airflow/dags/airflow_utils.py
[2026-04-07T15:05:22.934+0000] {processor.py:927} WARNING - No viable dags retrieved from /opt/airflow/dags/airflow_utils.py
[2026-04-07T15:05:22.954+0000] {processor.py:208} INFO - Processing /opt/airflow/dags/airflow_utils.py took 0.037 seconds
[2026-04-07T15:05:53.115+0000] {processor.py:186} INFO - Started process (PID=2867) to work on /opt/airflow/dags/airflow_utils.py
[2026-04-07T15:05:53.116+0000] {processor.py:914} INFO - Processing file /opt/airflow/dags/airflow_utils.py for tasks to queue
[2026-04-07T15:05:53.118+0000] {logging_mixin.py:190} INFO - [2026-04-07T15:05:53.118+0000] {dagbag.py:588} INFO - Filling up the DagBag from /opt/airflow/dags/airflow_utils.py
[2026-04-07T15:05:53.120+0000] {processor.py:927} WARNING - No viable dags retrieved from /opt/airflow/dags/airflow_utils.py
[2026-04-07T15:05:53.136+0000] {processor.py:208} INFO - Processing /opt/airflow/dags/airflow_utils.py took 0.033 seconds
[2026-04-07T15:06:23.348+0000] {processor.py:186} INFO - Started process (PID=2938) to work on /opt/airflow/dags/airflow_utils.py
[2026-04-07T15:06:23.349+0000] {processor.py:914} INFO - Processing file /opt/airflow/dags/airflow_utils.py for tasks to queue
[2026-04-07T15:06:23.351+0000] {logging_mixin.py:190} INFO - [2026-04-07T15:06:23.351+0000] {dagbag.py:588} INFO - Filling up the DagBag from /opt/airflow/dags/airflow_utils.py
[2026-04-07T15:06:23.353+0000] {processor.py:927} WARNING - No viable dags retrieved from /opt/airflow/dags/airflow_utils.py
[2026-04-07T15:06:23.372+0000] {processor.py:208} INFO - Processing /opt/airflow/dags/airflow_utils.py took 0.035 seconds
[2026-04-07T15:06:53.517+0000] {processor.py:186} INFO - Started process (PID=3007) to work on /opt/airflow/dags/airflow_utils.py
[2026-04-07T15:06:53.518+0000] {processor.py:914} INFO - Processing file /opt/airflow/dags/airflow_utils.py for tasks to queue
[2026-04-07T15:06:53.521+0000] {logging_mixin.py:190} INFO - [2026-04-07T15:06:53.521+0000] {dagbag.py:588} INFO - Filling up the DagBag from /opt/airflow/dags/airflow_utils.py
[2026-04-07T15:06:53.524+0000] {processor.py:927} WARNING - No viable dags retrieved from /opt/airflow/dags/airflow_utils.py
[2026-04-07T15:06:53.543+0000] {processor.py:208} INFO - Processing /opt/airflow/dags/airflow_utils.py took 0.035 seconds
[2026-04-07T15:07:24.701+0000] {processor.py:186} INFO - Started process (PID=3078) to work on /opt/airflow/dags/airflow_utils.py
[2026-04-07T15:07:24.702+0000] {processor.py:914} INFO - Processing file /opt/airflow/dags/airflow_utils.py for tasks to queue
[2026-04-07T15:07:24.705+0000] {logging_mixin.py:190} INFO - [2026-04-07T15:07:24.705+0000] {dagbag.py:588} INFO - Filling up the DagBag from /opt/airflow/dags/airflow_utils.py
[2026-04-07T15:07:24.708+0000] {processor.py:927} WARNING - No viable dags retrieved from /opt/airflow/dags/airflow_utils.py
[2026-04-07T15:07:24.730+0000] {processor.py:208} INFO - Processing /opt/airflow/dags/airflow_utils.py took 0.036 seconds
[2026-04-07T15:07:55.153+0000] {processor.py:186} INFO - Started process (PID=3149) to work on /opt/airflow/dags/airflow_utils.py
[2026-04-07T15:07:55.154+0000] {processor.py:914} INFO - Processing file /opt/airflow/dags/airflow_utils.py for tasks to queue
[2026-04-07T15:07:55.158+0000] {logging_mixin.py:190} INFO - [2026-04-07T15:07:55.157+0000] {dagbag.py:588} INFO - Filling up the DagBag from /opt/airflow/dags/airflow_utils.py
[2026-04-07T15:07:55.162+0000] {processor.py:927} WARNING - No viable dags retrieved from /opt/airflow/dags/airflow_utils.py
[2026-04-07T15:07:55.183+0000] {processor.py:208} INFO - Processing /opt/airflow/dags/airflow_utils.py took 0.040 seconds
[2026-04-07T15:08:26.137+0000] {processor.py:186} INFO - Started process (PID=3220) to work on /opt/airflow/dags/airflow_utils.py
[2026-04-07T15:08:26.145+0000] {processor.py:914} INFO - Processing file /opt/airflow/dags/airflow_utils.py for tasks to queue
[2026-04-07T15:08:26.166+0000] {logging_mixin.py:190} INFO - [2026-04-07T15:08:26.165+0000] {dagbag.py:588} INFO - Filling up the DagBag from /opt/airflow/dags/airflow_utils.py
[2026-04-07T15:08:26.169+0000] {processor.py:927} WARNING - No viable dags retrieved from /opt/airflow/dags/airflow_utils.py
[2026-04-07T15:08:26.212+0000] {processor.py:208} INFO - Processing /opt/airflow/dags/airflow_utils.py took 0.084 seconds
[2026-04-07T15:08:56.552+0000] {processor.py:186} INFO - Started process (PID=3285) to work on /opt/airflow/dags/airflow_utils.py
[2026-04-07T15:08:56.554+0000] {processor.py:914} INFO - Processing file /opt/airflow/dags/airflow_utils.py for tasks to queue
[2026-04-07T15:08:56.558+0000] {logging_mixin.py:190} INFO - [2026-04-07T15:08:56.557+0000] {dagbag.py:588} INFO - Filling up the DagBag from /opt/airflow/dags/airflow_utils.py
[2026-04-07T15:08:56.562+0000] {processor.py:927} WARNING - No viable dags retrieved from /opt/airflow/dags/airflow_utils.py
[2026-04-07T15:08:56.592+0000] {processor.py:208} INFO - Processing /opt/airflow/dags/airflow_utils.py took 0.048 seconds
[2026-04-07T15:09:26.850+0000] {processor.py:186} INFO - Started process (PID=3361) to work on /opt/airflow/dags/airflow_utils.py
[2026-04-07T15:09:26.851+0000] {processor.py:914} INFO - Processing file /opt/airflow/dags/airflow_utils.py for tasks to queue
[2026-04-07T15:09:26.854+0000] {logging_mixin.py:190} INFO - [2026-04-07T15:09:26.854+0000] {dagbag.py:588} INFO - Filling up the DagBag from /opt/airflow/dags/airflow_utils.py
[2026-04-07T15:09:26.857+0000] {processor.py:927} WARNING - No viable dags retrieved from /opt/airflow/dags/airflow_utils.py
[2026-04-07T15:09:26.875+0000] {processor.py:208} INFO - Processing /opt/airflow/dags/airflow_utils.py took 0.031 seconds
[2026-04-07T15:09:57.261+0000] {processor.py:186} INFO - Started process (PID=3434) to work on /opt/airflow/dags/airflow_utils.py
[2026-04-07T15:09:57.262+0000] {processor.py:914} INFO - Processing file /opt/airflow/dags/airflow_utils.py for tasks to queue
[2026-04-07T15:09:57.264+0000] {logging_mixin.py:190} INFO - [2026-04-07T15:09:57.264+0000] {dagbag.py:588} INFO - Filling up the DagBag from /opt/airflow/dags/airflow_utils.py
[2026-04-07T15:09:57.266+0000] {processor.py:927} WARNING - No viable dags retrieved from /opt/airflow/dags/airflow_utils.py
[2026-04-07T15:09:57.285+0000] {processor.py:208} INFO - Processing /opt/airflow/dags/airflow_utils.py took 0.031 seconds
[2026-04-07T15:10:27.689+0000] {processor.py:186} INFO - Started process (PID=3505) to work on /opt/airflow/dags/airflow_utils.py
[2026-04-07T15:10:27.690+0000] {processor.py:914} INFO - Processing file /opt/airflow/dags/airflow_utils.py for tasks to queue
[2026-04-07T15:10:27.694+0000] {logging_mixin.py:190} INFO - [2026-04-07T15:10:27.693+0000] {dagbag.py:588} INFO - Filling up the DagBag from /opt/airflow/dags/airflow_utils.py
[2026-04-07T15:10:27.697+0000] {processor.py:927} WARNING - No viable dags retrieved from /opt/airflow/dags/airflow_utils.py
[2026-04-07T15:10:27.716+0000] {processor.py:208} INFO - Processing /opt/airflow/dags/airflow_utils.py took 0.037 seconds
[2026-04-07T15:10:57.906+0000] {processor.py:186} INFO - Started process (PID=3574) to work on /opt/airflow/dags/airflow_utils.py
[2026-04-07T15:10:57.907+0000] {processor.py:914} INFO - Processing file /opt/airflow/dags/airflow_utils.py for tasks to queue
[2026-04-07T15:10:57.909+0000] {logging_mixin.py:190} INFO - [2026-04-07T15:10:57.909+0000] {dagbag.py:588} INFO - Filling up the DagBag from /opt/airflow/dags/airflow_utils.py
[2026-04-07T15:10:57.912+0000] {processor.py:927} WARNING - No viable dags retrieved from /opt/airflow/dags/airflow_utils.py
[2026-04-07T15:10:57.933+0000] {processor.py:208} INFO - Processing /opt/airflow/dags/airflow_utils.py took 0.035 seconds
[2026-04-07T15:11:28.239+0000] {processor.py:186} INFO - Started process (PID=3645) to work on /opt/airflow/dags/airflow_utils.py
[2026-04-07T15:11:28.240+0000] {processor.py:914} INFO - Processing file /opt/airflow/dags/airflow_utils.py for tasks to queue
[2026-04-07T15:11:28.243+0000] {logging_mixin.py:190} INFO - [2026-04-07T15:11:28.242+0000] {dagbag.py:588} INFO - Filling up the DagBag from /opt/airflow/dags/airflow_utils.py
[2026-04-07T15:11:28.245+0000] {processor.py:927} WARNING - No viable dags retrieved from /opt/airflow/dags/airflow_utils.py
[2026-04-07T15:11:28.266+0000] {processor.py:208} INFO - Processing /opt/airflow/dags/airflow_utils.py took 0.034 seconds
[2026-04-07T15:11:58.491+0000] {processor.py:186} INFO - Started process (PID=3718) to work on /opt/airflow/dags/airflow_utils.py
[2026-04-07T15:11:58.492+0000] {processor.py:914} INFO - Processing file /opt/airflow/dags/airflow_utils.py for tasks to queue
[2026-04-07T15:11:58.494+0000] {logging_mixin.py:190} INFO - [2026-04-07T15:11:58.494+0000] {dagbag.py:588} INFO - Filling up the DagBag from /opt/airflow/dags/airflow_utils.py
[2026-04-07T15:11:58.496+0000] {processor.py:927} WARNING - No viable dags retrieved from /opt/airflow/dags/airflow_utils.py
[2026-04-07T15:11:58.514+0000] {processor.py:208} INFO - Processing /opt/airflow/dags/airflow_utils.py took 0.031 seconds
[2026-04-07T15:12:28.695+0000] {processor.py:186} INFO - Started process (PID=3789) to work on /opt/airflow/dags/airflow_utils.py
[2026-04-07T15:12:28.696+0000] {processor.py:914} INFO - Processing file /opt/airflow/dags/airflow_utils.py for tasks to queue
[2026-04-07T15:12:28.698+0000] {logging_mixin.py:190} INFO - [2026-04-07T15:12:28.698+0000] {dagbag.py:588} INFO - Filling up the DagBag from /opt/airflow/dags/airflow_utils.py
[2026-04-07T15:12:28.700+0000] {processor.py:927} WARNING - No viable dags retrieved from /opt/airflow/dags/airflow_utils.py
[2026-04-07T15:12:28.719+0000] {processor.py:208} INFO - Processing /opt/airflow/dags/airflow_utils.py took 0.036 seconds
[2026-04-07T15:12:58.893+0000] {processor.py:186} INFO - Started process (PID=3860) to work on /opt/airflow/dags/airflow_utils.py
[2026-04-07T15:12:58.894+0000] {processor.py:914} INFO - Processing file /opt/airflow/dags/airflow_utils.py for tasks to queue
[2026-04-07T15:12:58.896+0000] {logging_mixin.py:190} INFO - [2026-04-07T15:12:58.896+0000] {dagbag.py:588} INFO - Filling up the DagBag from /opt/airflow/dags/airflow_utils.py
[2026-04-07T15:12:58.898+0000] {processor.py:927} WARNING - No viable dags retrieved from /opt/airflow/dags/airflow_utils.py
[2026-04-07T15:12:58.916+0000] {processor.py:208} INFO - Processing /opt/airflow/dags/airflow_utils.py took 0.029 seconds
[2026-04-07T15:13:29.197+0000] {processor.py:186} INFO - Started process (PID=3931) to work on /opt/airflow/dags/airflow_utils.py
[2026-04-07T15:13:29.198+0000] {processor.py:914} INFO - Processing file /opt/airflow/dags/airflow_utils.py for tasks to queue
[2026-04-07T15:13:29.201+0000] {logging_mixin.py:190} INFO - [2026-04-07T15:13:29.200+0000] {dagbag.py:588} INFO - Filling up the DagBag from /opt/airflow/dags/airflow_utils.py
[2026-04-07T15:13:29.204+0000] {processor.py:927} WARNING - No viable dags retrieved from /opt/airflow/dags/airflow_utils.py
[2026-04-07T15:13:29.226+0000] {processor.py:208} INFO - Processing /opt/airflow/dags/airflow_utils.py took 0.037 seconds
[2026-04-07T15:13:59.417+0000] {processor.py:186} INFO - Started process (PID=4002) to work on /opt/airflow/dags/airflow_utils.py
[2026-04-07T15:13:59.418+0000] {processor.py:914} INFO - Processing file /opt/airflow/dags/airflow_utils.py for tasks to queue
[2026-04-07T15:13:59.421+0000] {logging_mixin.py:190} INFO - [2026-04-07T15:13:59.420+0000] {dagbag.py:588} INFO - Filling up the DagBag from /opt/airflow/dags/airflow_utils.py
[2026-04-07T15:13:59.423+0000] {processor.py:927} WARNING - No viable dags retrieved from /opt/airflow/dags/airflow_utils.py
[2026-04-07T15:13:59.443+0000] {processor.py:208} INFO - Processing /opt/airflow/dags/airflow_utils.py took 0.033 seconds
[2026-04-07T15:14:29.653+0000] {processor.py:186} INFO - Started process (PID=4071) to work on /opt/airflow/dags/airflow_utils.py
[2026-04-07T15:14:29.655+0000] {processor.py:914} INFO - Processing file /opt/airflow/dags/airflow_utils.py for tasks to queue
[2026-04-07T15:14:29.657+0000] {logging_mixin.py:190} INFO - [2026-04-07T15:14:29.657+0000] {dagbag.py:588} INFO - Filling up the DagBag from /opt/airflow/dags/airflow_utils.py
[2026-04-07T15:14:29.660+0000] {processor.py:927} WARNING - No viable dags retrieved from /opt/airflow/dags/airflow_utils.py
[2026-04-07T15:14:29.683+0000] {processor.py:208} INFO - Processing /opt/airflow/dags/airflow_utils.py took 0.038 seconds
[2026-04-07T15:14:59.933+0000] {processor.py:186} INFO - Started process (PID=4142) to work on /opt/airflow/dags/airflow_utils.py
[2026-04-07T15:14:59.934+0000] {processor.py:914} INFO - Processing file /opt/airflow/dags/airflow_utils.py for tasks to queue
[2026-04-07T15:14:59.936+0000] {logging_mixin.py:190} INFO - [2026-04-07T15:14:59.936+0000] {dagbag.py:588} INFO - Filling up the DagBag from /opt/airflow/dags/airflow_utils.py
[2026-04-07T15:14:59.939+0000] {processor.py:927} WARNING - No viable dags retrieved from /opt/airflow/dags/airflow_utils.py
[2026-04-07T15:14:59.964+0000] {processor.py:208} INFO - Processing /opt/airflow/dags/airflow_utils.py took 0.038 seconds
[2026-04-07T15:15:30.173+0000] {processor.py:186} INFO - Started process (PID=4214) to work on /opt/airflow/dags/airflow_utils.py
[2026-04-07T15:15:30.174+0000] {processor.py:914} INFO - Processing file /opt/airflow/dags/airflow_utils.py for tasks to queue
[2026-04-07T15:15:30.177+0000] {logging_mixin.py:190} INFO - [2026-04-07T15:15:30.177+0000] {dagbag.py:588} INFO - Filling up the DagBag from /opt/airflow/dags/airflow_utils.py
[2026-04-07T15:15:30.180+0000] {processor.py:927} WARNING - No viable dags retrieved from /opt/airflow/dags/airflow_utils.py
[2026-04-07T15:15:30.199+0000] {processor.py:208} INFO - Processing /opt/airflow/dags/airflow_utils.py took 0.033 seconds
[2026-04-07T15:16:00.510+0000] {processor.py:186} INFO - Started process (PID=4285) to work on /opt/airflow/dags/airflow_utils.py
[2026-04-07T15:16:00.511+0000] {processor.py:914} INFO - Processing file /opt/airflow/dags/airflow_utils.py for tasks to queue
[2026-04-07T15:16:00.513+0000] {logging_mixin.py:190} INFO - [2026-04-07T15:16:00.513+0000] {dagbag.py:588} INFO - Filling up the DagBag from /opt/airflow/dags/airflow_utils.py
[2026-04-07T15:16:00.516+0000] {processor.py:927} WARNING - No viable dags retrieved from /opt/airflow/dags/airflow_utils.py
[2026-04-07T15:16:00.535+0000] {processor.py:208} INFO - Processing /opt/airflow/dags/airflow_utils.py took 0.032 seconds
[2026-04-07T15:16:30.859+0000] {processor.py:186} INFO - Started process (PID=4356) to work on /opt/airflow/dags/airflow_utils.py
[2026-04-07T15:16:30.860+0000] {processor.py:914} INFO - Processing file /opt/airflow/dags/airflow_utils.py for tasks to queue
[2026-04-07T15:16:30.863+0000] {logging_mixin.py:190} INFO - [2026-04-07T15:16:30.862+0000] {dagbag.py:588} INFO - Filling up the DagBag from /opt/airflow/dags/airflow_utils.py
[2026-04-07T15:16:30.865+0000] {processor.py:927} WARNING - No viable dags retrieved from /opt/airflow/dags/airflow_utils.py
[2026-04-07T15:16:30.885+0000] {processor.py:208} INFO - Processing /opt/airflow/dags/airflow_utils.py took 0.039 seconds
[2026-04-07T15:17:01.176+0000] {processor.py:186} INFO - Started process (PID=4427) to work on /opt/airflow/dags/airflow_utils.py
[2026-04-07T15:17:01.177+0000] {processor.py:914} INFO - Processing file /opt/airflow/dags/airflow_utils.py for tasks to queue
[2026-04-07T15:17:01.180+0000] {logging_mixin.py:190} INFO - [2026-04-07T15:17:01.179+0000] {dagbag.py:588} INFO - Filling up the DagBag from /opt/airflow/dags/airflow_utils.py
[2026-04-07T15:17:01.182+0000] {processor.py:927} WARNING - No viable dags retrieved from /opt/airflow/dags/airflow_utils.py
[2026-04-07T15:17:01.202+0000] {processor.py:208} INFO - Processing /opt/airflow/dags/airflow_utils.py took 0.034 seconds
[2026-04-07T15:17:31.377+0000] {processor.py:186} INFO - Started process (PID=4498) to work on /opt/airflow/dags/airflow_utils.py
[2026-04-07T15:17:31.378+0000] {processor.py:914} INFO - Processing file /opt/airflow/dags/airflow_utils.py for tasks to queue
[2026-04-07T15:17:31.380+0000] {logging_mixin.py:190} INFO - [2026-04-07T15:17:31.380+0000] {dagbag.py:588} INFO - Filling up the DagBag from /opt/airflow/dags/airflow_utils.py
[2026-04-07T15:17:31.382+0000] {processor.py:927} WARNING - No viable dags retrieved from /opt/airflow/dags/airflow_utils.py
[2026-04-07T15:17:31.404+0000] {processor.py:208} INFO - Processing /opt/airflow/dags/airflow_utils.py took 0.038 seconds
[2026-04-07T15:18:05.172+0000] {processor.py:186} INFO - Started process (PID=4569) to work on /opt/airflow/dags/airflow_utils.py
[2026-04-07T15:18:05.174+0000] {processor.py:914} INFO - Processing file /opt/airflow/dags/airflow_utils.py for tasks to queue
[2026-04-07T15:18:05.177+0000] {logging_mixin.py:190} INFO - [2026-04-07T15:18:05.176+0000] {dagbag.py:588} INFO - Filling up the DagBag from /opt/airflow/dags/airflow_utils.py
[2026-04-07T15:18:05.180+0000] {processor.py:927} WARNING - No viable dags retrieved from /opt/airflow/dags/airflow_utils.py
[2026-04-07T15:18:05.202+0000] {processor.py:208} INFO - Processing /opt/airflow/dags/airflow_utils.py took 0.041 seconds
[2026-04-07T15:18:51.226+0000] {processor.py:186} INFO - Started process (PID=4640) to work on /opt/airflow/dags/airflow_utils.py
[2026-04-07T15:18:51.226+0000] {processor.py:914} INFO - Processing file /opt/airflow/dags/airflow_utils.py for tasks to queue
[2026-04-07T15:18:51.229+0000] {logging_mixin.py:190} INFO - [2026-04-07T15:18:51.228+0000] {dagbag.py:588} INFO - Filling up the DagBag from /opt/airflow/dags/airflow_utils.py
[2026-04-07T15:18:51.231+0000] {processor.py:927} WARNING - No viable dags retrieved from /opt/airflow/dags/airflow_utils.py
[2026-04-07T15:18:51.254+0000] {processor.py:208} INFO - Processing /opt/airflow/dags/airflow_utils.py took 0.035 seconds
[2026-04-07T15:19:32.176+0000] {processor.py:186} INFO - Started process (PID=4711) to work on /opt/airflow/dags/airflow_utils.py
[2026-04-07T15:19:32.177+0000] {processor.py:914} INFO - Processing file /opt/airflow/dags/airflow_utils.py for tasks to queue
[2026-04-07T15:19:32.180+0000] {logging_mixin.py:190} INFO - [2026-04-07T15:19:32.180+0000] {dagbag.py:588} INFO - Filling up the DagBag from /opt/airflow/dags/airflow_utils.py
[2026-04-07T15:19:32.184+0000] {processor.py:927} WARNING - No viable dags retrieved from /opt/airflow/dags/airflow_utils.py
[2026-04-07T15:19:32.205+0000] {processor.py:208} INFO - Processing /opt/airflow/dags/airflow_utils.py took 0.037 seconds
[2026-04-07T15:20:13.144+0000] {processor.py:186} INFO - Started process (PID=4782) to work on /opt/airflow/dags/airflow_utils.py
[2026-04-07T15:20:13.146+0000] {processor.py:914} INFO - Processing file /opt/airflow/dags/airflow_utils.py for tasks to queue
[2026-04-07T15:20:13.149+0000] {logging_mixin.py:190} INFO - [2026-04-07T15:20:13.149+0000] {dagbag.py:588} INFO - Filling up the DagBag from /opt/airflow/dags/airflow_utils.py
[2026-04-07T15:20:13.153+0000] {processor.py:927} WARNING - No viable dags retrieved from /opt/airflow/dags/airflow_utils.py
[2026-04-07T15:20:13.174+0000] {processor.py:208} INFO - Processing /opt/airflow/dags/airflow_utils.py took 0.041 seconds
[2026-04-07T15:20:54.078+0000] {processor.py:186} INFO - Started process (PID=4853) to work on /opt/airflow/dags/airflow_utils.py
[2026-04-07T15:20:54.079+0000] {processor.py:914} INFO - Processing file /opt/airflow/dags/airflow_utils.py for tasks to queue
[2026-04-07T15:20:54.082+0000] {logging_mixin.py:190} INFO - [2026-04-07T15:20:54.081+0000] {dagbag.py:588} INFO - Filling up the DagBag from /opt/airflow/dags/airflow_utils.py
[2026-04-07T15:20:54.084+0000] {processor.py:927} WARNING - No viable dags retrieved from /opt/airflow/dags/airflow_utils.py
[2026-04-07T15:20:54.104+0000] {processor.py:208} INFO - Processing /opt/airflow/dags/airflow_utils.py took 0.034 seconds
[2026-04-07T15:21:32.153+0000] {processor.py:186} INFO - Started process (PID=4924) to work on /opt/airflow/dags/airflow_utils.py
[2026-04-07T15:21:32.154+0000] {processor.py:914} INFO - Processing file /opt/airflow/dags/airflow_utils.py for tasks to queue
[2026-04-07T15:21:32.157+0000] {logging_mixin.py:190} INFO - [2026-04-07T15:21:32.156+0000] {dagbag.py:588} INFO - Filling up the DagBag from /opt/airflow/dags/airflow_utils.py
[2026-04-07T15:21:32.159+0000] {processor.py:927} WARNING - No viable dags retrieved from /opt/airflow/dags/airflow_utils.py
[2026-04-07T15:21:32.181+0000] {processor.py:208} INFO - Processing /opt/airflow/dags/airflow_utils.py took 0.034 seconds
[2026-04-07T15:24:28.178+0000] {processor.py:186} INFO - Started process (PID=4993) to work on /opt/airflow/dags/airflow_utils.py
[2026-04-07T15:24:28.179+0000] {processor.py:914} INFO - Processing file /opt/airflow/dags/airflow_utils.py for tasks to queue
[2026-04-07T15:24:28.182+0000] {logging_mixin.py:190} INFO - [2026-04-07T15:24:28.182+0000] {dagbag.py:588} INFO - Filling up the DagBag from /opt/airflow/dags/airflow_utils.py
[2026-04-07T15:24:28.185+0000] {processor.py:927} WARNING - No viable dags retrieved from /opt/airflow/dags/airflow_utils.py
[2026-04-07T15:24:28.206+0000] {processor.py:208} INFO - Processing /opt/airflow/dags/airflow_utils.py took 0.038 seconds
[2026-04-07T15:25:09.194+0000] {processor.py:186} INFO - Started process (PID=5064) to work on /opt/airflow/dags/airflow_utils.py
[2026-04-07T15:25:09.195+0000] {processor.py:914} INFO - Processing file /opt/airflow/dags/airflow_utils.py for tasks to queue
[2026-04-07T15:25:09.198+0000] {logging_mixin.py:190} INFO - [2026-04-07T15:25:09.198+0000] {dagbag.py:588} INFO - Filling up the DagBag from /opt/airflow/dags/airflow_utils.py
[2026-04-07T15:25:09.201+0000] {processor.py:927} WARNING - No viable dags retrieved from /opt/airflow/dags/airflow_utils.py
[2026-04-07T15:25:09.221+0000] {processor.py:208} INFO - Processing /opt/airflow/dags/airflow_utils.py took 0.035 seconds
[2026-04-07T15:25:50.203+0000] {processor.py:186} INFO - Started process (PID=5135) to work on /opt/airflow/dags/airflow_utils.py
[2026-04-07T15:25:50.204+0000] {processor.py:914} INFO - Processing file /opt/airflow/dags/airflow_utils.py for tasks to queue
[2026-04-07T15:25:50.207+0000] {logging_mixin.py:190} INFO - [2026-04-07T15:25:50.207+0000] {dagbag.py:588} INFO - Filling up the DagBag from /opt/airflow/dags/airflow_utils.py
[2026-04-07T15:25:50.210+0000] {processor.py:927} WARNING - No viable dags retrieved from /opt/airflow/dags/airflow_utils.py
[2026-04-07T15:25:50.229+0000] {processor.py:208} INFO - Processing /opt/airflow/dags/airflow_utils.py took 0.033 seconds
[2026-04-07T15:26:32.155+0000] {processor.py:186} INFO - Started process (PID=5206) to work on /opt/airflow/dags/airflow_utils.py
[2026-04-07T15:26:32.156+0000] {processor.py:914} INFO - Processing file /opt/airflow/dags/airflow_utils.py for tasks to queue
[2026-04-07T15:26:32.160+0000] {logging_mixin.py:190} INFO - [2026-04-07T15:26:32.159+0000] {dagbag.py:588} INFO - Filling up the DagBag from /opt/airflow/dags/airflow_utils.py
[2026-04-07T15:26:32.164+0000] {processor.py:927} WARNING - No viable dags retrieved from /opt/airflow/dags/airflow_utils.py
[2026-04-07T15:26:32.185+0000] {processor.py:208} INFO - Processing /opt/airflow/dags/airflow_utils.py took 0.041 seconds
[2026-04-07T15:27:13.232+0000] {processor.py:186} INFO - Started process (PID=5277) to work on /opt/airflow/dags/airflow_utils.py
[2026-04-07T15:27:13.233+0000] {processor.py:914} INFO - Processing file /opt/airflow/dags/airflow_utils.py for tasks to queue
[2026-04-07T15:27:13.237+0000] {logging_mixin.py:190} INFO - [2026-04-07T15:27:13.236+0000] {dagbag.py:588} INFO - Filling up the DagBag from /opt/airflow/dags/airflow_utils.py
[2026-04-07T15:27:13.240+0000] {processor.py:927} WARNING - No viable dags retrieved from /opt/airflow/dags/airflow_utils.py
[2026-04-07T15:27:13.261+0000] {processor.py:208} INFO - Processing /opt/airflow/dags/airflow_utils.py took 0.036 seconds
[2026-04-07T15:27:54.133+0000] {processor.py:186} INFO - Started process (PID=5348) to work on /opt/airflow/dags/airflow_utils.py
[2026-04-07T15:27:54.135+0000] {processor.py:914} INFO - Processing file /opt/airflow/dags/airflow_utils.py for tasks to queue
[2026-04-07T15:27:54.138+0000] {logging_mixin.py:190} INFO - [2026-04-07T15:27:54.138+0000] {dagbag.py:588} INFO - Filling up the DagBag from /opt/airflow/dags/airflow_utils.py
[2026-04-07T15:27:54.142+0000] {processor.py:927} WARNING - No viable dags retrieved from /opt/airflow/dags/airflow_utils.py
[2026-04-07T15:27:54.161+0000] {processor.py:208} INFO - Processing /opt/airflow/dags/airflow_utils.py took 0.037 seconds
[2026-04-07T15:28:35.229+0000] {processor.py:186} INFO - Started process (PID=5421) to work on /opt/airflow/dags/airflow_utils.py
[2026-04-07T15:28:35.231+0000] {processor.py:914} INFO - Processing file /opt/airflow/dags/airflow_utils.py for tasks to queue
[2026-04-07T15:28:35.234+0000] {logging_mixin.py:190} INFO - [2026-04-07T15:28:35.233+0000] {dagbag.py:588} INFO - Filling up the DagBag from /opt/airflow/dags/airflow_utils.py
[2026-04-07T15:28:35.237+0000] {processor.py:927} WARNING - No viable dags retrieved from /opt/airflow/dags/airflow_utils.py
[2026-04-07T15:28:35.261+0000] {processor.py:208} INFO - Processing /opt/airflow/dags/airflow_utils.py took 0.041 seconds
[2026-04-07T15:29:16.256+0000] {processor.py:186} INFO - Started process (PID=5492) to work on /opt/airflow/dags/airflow_utils.py
[2026-04-07T15:29:16.256+0000] {processor.py:914} INFO - Processing file /opt/airflow/dags/airflow_utils.py for tasks to queue
[2026-04-07T15:29:16.259+0000] {logging_mixin.py:190} INFO - [2026-04-07T15:29:16.258+0000] {dagbag.py:588} INFO - Filling up the DagBag from /opt/airflow/dags/airflow_utils.py
[2026-04-07T15:29:16.261+0000] {processor.py:927} WARNING - No viable dags retrieved from /opt/airflow/dags/airflow_utils.py
[2026-04-07T15:29:16.283+0000] {processor.py:208} INFO - Processing /opt/airflow/dags/airflow_utils.py took 0.034 seconds
[2026-04-07T15:29:57.185+0000] {processor.py:186} INFO - Started process (PID=5561) to work on /opt/airflow/dags/airflow_utils.py
[2026-04-07T15:29:57.186+0000] {processor.py:914} INFO - Processing file /opt/airflow/dags/airflow_utils.py for tasks to queue
[2026-04-07T15:29:57.189+0000] {logging_mixin.py:190} INFO - [2026-04-07T15:29:57.188+0000] {dagbag.py:588} INFO - Filling up the DagBag from /opt/airflow/dags/airflow_utils.py
[2026-04-07T15:29:57.192+0000] {processor.py:927} WARNING - No viable dags retrieved from /opt/airflow/dags/airflow_utils.py
[2026-04-07T15:29:57.222+0000] {processor.py:208} INFO - Processing /opt/airflow/dags/airflow_utils.py took 0.046 seconds
[2026-04-07T15:30:38.116+0000] {processor.py:186} INFO - Started process (PID=5632) to work on /opt/airflow/dags/airflow_utils.py
[2026-04-07T15:30:38.117+0000] {processor.py:914} INFO - Processing file /opt/airflow/dags/airflow_utils.py for tasks to queue
[2026-04-07T15:30:38.119+0000] {logging_mixin.py:190} INFO - [2026-04-07T15:30:38.119+0000] {dagbag.py:588} INFO - Filling up the DagBag from /opt/airflow/dags/airflow_utils.py
[2026-04-07T15:30:38.122+0000] {processor.py:927} WARNING - No viable dags retrieved from /opt/airflow/dags/airflow_utils.py
[2026-04-07T15:30:38.138+0000] {processor.py:208} INFO - Processing /opt/airflow/dags/airflow_utils.py took 0.031 seconds
[2026-04-07T15:31:15.352+0000] {processor.py:186} INFO - Started process (PID=5705) to work on /opt/airflow/dags/airflow_utils.py
[2026-04-07T15:31:15.353+0000] {processor.py:914} INFO - Processing file /opt/airflow/dags/airflow_utils.py for tasks to queue
[2026-04-07T15:31:15.357+0000] {logging_mixin.py:190} INFO - [2026-04-07T15:31:15.356+0000] {dagbag.py:588} INFO - Filling up the DagBag from /opt/airflow/dags/airflow_utils.py
[2026-04-07T15:31:15.361+0000] {processor.py:927} WARNING - No viable dags retrieved from /opt/airflow/dags/airflow_utils.py
[2026-04-07T15:31:15.383+0000] {processor.py:208} INFO - Processing /opt/airflow/dags/airflow_utils.py took 0.038 seconds
[2026-04-07T15:31:55.183+0000] {processor.py:186} INFO - Started process (PID=5774) to work on /opt/airflow/dags/airflow_utils.py
[2026-04-07T15:31:55.185+0000] {processor.py:914} INFO - Processing file /opt/airflow/dags/airflow_utils.py for tasks to queue
[2026-04-07T15:31:55.188+0000] {logging_mixin.py:190} INFO - [2026-04-07T15:31:55.188+0000] {dagbag.py:588} INFO - Filling up the DagBag from /opt/airflow/dags/airflow_utils.py
[2026-04-07T15:31:55.192+0000] {processor.py:927} WARNING - No viable dags retrieved from /opt/airflow/dags/airflow_utils.py
[2026-04-07T15:31:55.215+0000] {processor.py:208} INFO - Processing /opt/airflow/dags/airflow_utils.py took 0.040 seconds
[2026-04-07T15:32:41.229+0000] {processor.py:186} INFO - Started process (PID=5851) to work on /opt/airflow/dags/airflow_utils.py
[2026-04-07T15:32:41.230+0000] {processor.py:914} INFO - Processing file /opt/airflow/dags/airflow_utils.py for tasks to queue
[2026-04-07T15:32:41.234+0000] {logging_mixin.py:190} INFO - [2026-04-07T15:32:41.233+0000] {dagbag.py:588} INFO - Filling up the DagBag from /opt/airflow/dags/airflow_utils.py
[2026-04-07T15:32:41.237+0000] {processor.py:927} WARNING - No viable dags retrieved from /opt/airflow/dags/airflow_utils.py
[2026-04-07T15:32:41.258+0000] {processor.py:208} INFO - Processing /opt/airflow/dags/airflow_utils.py took 0.040 seconds
[2026-04-07T15:33:22.200+0000] {processor.py:186} INFO - Started process (PID=5922) to work on /opt/airflow/dags/airflow_utils.py
[2026-04-07T15:33:22.201+0000] {processor.py:914} INFO - Processing file /opt/airflow/dags/airflow_utils.py for tasks to queue
[2026-04-07T15:33:22.205+0000] {logging_mixin.py:190} INFO - [2026-04-07T15:33:22.204+0000] {dagbag.py:588} INFO - Filling up the DagBag from /opt/airflow/dags/airflow_utils.py
[2026-04-07T15:33:22.208+0000] {processor.py:927} WARNING - No viable dags retrieved from /opt/airflow/dags/airflow_utils.py
[2026-04-07T15:33:22.231+0000] {processor.py:208} INFO - Processing /opt/airflow/dags/airflow_utils.py took 0.041 seconds
[2026-04-07T15:34:03.136+0000] {processor.py:186} INFO - Started process (PID=5995) to work on /opt/airflow/dags/airflow_utils.py
[2026-04-07T15:34:03.137+0000] {processor.py:914} INFO - Processing file /opt/airflow/dags/airflow_utils.py for tasks to queue
[2026-04-07T15:34:03.140+0000] {logging_mixin.py:190} INFO - [2026-04-07T15:34:03.139+0000] {dagbag.py:588} INFO - Filling up the DagBag from /opt/airflow/dags/airflow_utils.py
[2026-04-07T15:34:03.142+0000] {processor.py:927} WARNING - No viable dags retrieved from /opt/airflow/dags/airflow_utils.py
[2026-04-07T15:34:03.163+0000] {processor.py:208} INFO - Processing /opt/airflow/dags/airflow_utils.py took 0.033 seconds
[2026-04-07T15:34:45.258+0000] {processor.py:186} INFO - Started process (PID=6064) to work on /opt/airflow/dags/airflow_utils.py
[2026-04-07T15:34:45.259+0000] {processor.py:914} INFO - Processing file /opt/airflow/dags/airflow_utils.py for tasks to queue
[2026-04-07T15:34:45.262+0000] {logging_mixin.py:190} INFO - [2026-04-07T15:34:45.262+0000] {dagbag.py:588} INFO - Filling up the DagBag from /opt/airflow/dags/airflow_utils.py
[2026-04-07T15:34:45.265+0000] {processor.py:927} WARNING - No viable dags retrieved from /opt/airflow/dags/airflow_utils.py
[2026-04-07T15:34:45.290+0000] {processor.py:208} INFO - Processing /opt/airflow/dags/airflow_utils.py took 0.040 seconds
[2026-04-07T15:35:26.197+0000] {processor.py:186} INFO - Started process (PID=6135) to work on /opt/airflow/dags/airflow_utils.py
[2026-04-07T15:35:26.198+0000] {processor.py:914} INFO - Processing file /opt/airflow/dags/airflow_utils.py for tasks to queue
[2026-04-07T15:35:26.201+0000] {logging_mixin.py:190} INFO - [2026-04-07T15:35:26.200+0000] {dagbag.py:588} INFO - Filling up the DagBag from /opt/airflow/dags/airflow_utils.py
[2026-04-07T15:35:26.204+0000] {processor.py:927} WARNING - No viable dags retrieved from /opt/airflow/dags/airflow_utils.py
[2026-04-07T15:35:26.230+0000] {processor.py:208} INFO - Processing /opt/airflow/dags/airflow_utils.py took 0.043 seconds
[2026-04-07T15:36:07.204+0000] {processor.py:186} INFO - Started process (PID=6206) to work on /opt/airflow/dags/airflow_utils.py
[2026-04-07T15:36:07.205+0000] {processor.py:914} INFO - Processing file /opt/airflow/dags/airflow_utils.py for tasks to queue
[2026-04-07T15:36:07.207+0000] {logging_mixin.py:190} INFO - [2026-04-07T15:36:07.207+0000] {dagbag.py:588} INFO - Filling up the DagBag from /opt/airflow/dags/airflow_utils.py
[2026-04-07T15:36:07.210+0000] {processor.py:927} WARNING - No viable dags retrieved from /opt/airflow/dags/airflow_utils.py
[2026-04-07T15:36:07.232+0000] {processor.py:208} INFO - Processing /opt/airflow/dags/airflow_utils.py took 0.039 seconds
[2026-04-07T15:36:48.123+0000] {processor.py:186} INFO - Started process (PID=6277) to work on /opt/airflow/dags/airflow_utils.py
[2026-04-07T15:36:48.125+0000] {processor.py:914} INFO - Processing file /opt/airflow/dags/airflow_utils.py for tasks to queue
[2026-04-07T15:36:48.128+0000] {logging_mixin.py:190} INFO - [2026-04-07T15:36:48.128+0000] {dagbag.py:588} INFO - Filling up the DagBag from /opt/airflow/dags/airflow_utils.py
[2026-04-07T15:36:48.132+0000] {processor.py:927} WARNING - No viable dags retrieved from /opt/airflow/dags/airflow_utils.py
[2026-04-07T15:36:48.151+0000] {processor.py:208} INFO - Processing /opt/airflow/dags/airflow_utils.py took 0.038 seconds
[2026-04-07T15:37:29.165+0000] {processor.py:186} INFO - Started process (PID=6348) to work on /opt/airflow/dags/airflow_utils.py
[2026-04-07T15:37:29.166+0000] {processor.py:914} INFO - Processing file /opt/airflow/dags/airflow_utils.py for tasks to queue
[2026-04-07T15:37:29.168+0000] {logging_mixin.py:190} INFO - [2026-04-07T15:37:29.168+0000] {dagbag.py:588} INFO - Filling up the DagBag from /opt/airflow/dags/airflow_utils.py
[2026-04-07T15:37:29.170+0000] {processor.py:927} WARNING - No viable dags retrieved from /opt/airflow/dags/airflow_utils.py
[2026-04-07T15:37:29.187+0000] {processor.py:208} INFO - Processing /opt/airflow/dags/airflow_utils.py took 0.034 seconds
[2026-04-07T15:38:10.198+0000] {processor.py:186} INFO - Started process (PID=6419) to work on /opt/airflow/dags/airflow_utils.py
[2026-04-07T15:38:10.199+0000] {processor.py:914} INFO - Processing file /opt/airflow/dags/airflow_utils.py for tasks to queue
[2026-04-07T15:38:10.202+0000] {logging_mixin.py:190} INFO - [2026-04-07T15:38:10.201+0000] {dagbag.py:588} INFO - Filling up the DagBag from /opt/airflow/dags/airflow_utils.py
[2026-04-07T15:38:10.206+0000] {processor.py:927} WARNING - No viable dags retrieved from /opt/airflow/dags/airflow_utils.py
[2026-04-07T15:38:10.227+0000] {processor.py:208} INFO - Processing /opt/airflow/dags/airflow_utils.py took 0.038 seconds
[2026-04-07T15:38:56.094+0000] {processor.py:186} INFO - Started process (PID=6490) to work on /opt/airflow/dags/airflow_utils.py
[2026-04-07T15:38:56.095+0000] {processor.py:914} INFO - Processing file /opt/airflow/dags/airflow_utils.py for tasks to queue
[2026-04-07T15:38:56.098+0000] {logging_mixin.py:190} INFO - [2026-04-07T15:38:56.097+0000] {dagbag.py:588} INFO - Filling up the DagBag from /opt/airflow/dags/airflow_utils.py
[2026-04-07T15:38:56.100+0000] {processor.py:927} WARNING - No viable dags retrieved from /opt/airflow/dags/airflow_utils.py
[2026-04-07T15:38:56.122+0000] {processor.py:208} INFO - Processing /opt/airflow/dags/airflow_utils.py took 0.035 seconds
[2026-04-07T15:39:38.197+0000] {processor.py:186} INFO - Started process (PID=6561) to work on /opt/airflow/dags/airflow_utils.py
[2026-04-07T15:39:38.199+0000] {processor.py:914} INFO - Processing file /opt/airflow/dags/airflow_utils.py for tasks to queue
[2026-04-07T15:39:38.203+0000] {logging_mixin.py:190} INFO - [2026-04-07T15:39:38.203+0000] {dagbag.py:588} INFO - Filling up the DagBag from /opt/airflow/dags/airflow_utils.py
[2026-04-07T15:39:38.207+0000] {processor.py:927} WARNING - No viable dags retrieved from /opt/airflow/dags/airflow_utils.py
[2026-04-07T15:39:38.230+0000] {processor.py:208} INFO - Processing /opt/airflow/dags/airflow_utils.py took 0.043 seconds
[2026-04-07T15:40:19.304+0000] {processor.py:186} INFO - Started process (PID=6634) to work on /opt/airflow/dags/airflow_utils.py
[2026-04-07T15:40:19.305+0000] {processor.py:914} INFO - Processing file /opt/airflow/dags/airflow_utils.py for tasks to queue
[2026-04-07T15:40:19.307+0000] {logging_mixin.py:190} INFO - [2026-04-07T15:40:19.307+0000] {dagbag.py:588} INFO - Filling up the DagBag from /opt/airflow/dags/airflow_utils.py
[2026-04-07T15:40:19.310+0000] {processor.py:927} WARNING - No viable dags retrieved from /opt/airflow/dags/airflow_utils.py
[2026-04-07T15:40:19.329+0000] {processor.py:208} INFO - Processing /opt/airflow/dags/airflow_utils.py took 0.032 seconds
[2026-04-07T15:41:00.143+0000] {processor.py:186} INFO - Started process (PID=6705) to work on /opt/airflow/dags/airflow_utils.py
[2026-04-07T15:41:00.144+0000] {processor.py:914} INFO - Processing file /opt/airflow/dags/airflow_utils.py for tasks to queue
[2026-04-07T15:41:00.147+0000] {logging_mixin.py:190} INFO - [2026-04-07T15:41:00.147+0000] {dagbag.py:588} INFO - Filling up the DagBag from /opt/airflow/dags/airflow_utils.py
[2026-04-07T15:41:00.150+0000] {processor.py:927} WARNING - No viable dags retrieved from /opt/airflow/dags/airflow_utils.py
[2026-04-07T15:41:00.171+0000] {processor.py:208} INFO - Processing /opt/airflow/dags/airflow_utils.py took 0.037 seconds
[2026-04-07T15:41:46.206+0000] {processor.py:186} INFO - Started process (PID=6776) to work on /opt/airflow/dags/airflow_utils.py
[2026-04-07T15:41:46.207+0000] {processor.py:914} INFO - Processing file /opt/airflow/dags/airflow_utils.py for tasks to queue
[2026-04-07T15:41:46.210+0000] {logging_mixin.py:190} INFO - [2026-04-07T15:41:46.209+0000] {dagbag.py:588} INFO - Filling up the DagBag from /opt/airflow/dags/airflow_utils.py
[2026-04-07T15:41:46.213+0000] {processor.py:927} WARNING - No viable dags retrieved from /opt/airflow/dags/airflow_utils.py
[2026-04-07T15:41:46.232+0000] {processor.py:208} INFO - Processing /opt/airflow/dags/airflow_utils.py took 0.034 seconds
[2026-04-07T15:42:27.129+0000] {processor.py:186} INFO - Started process (PID=6845) to work on /opt/airflow/dags/airflow_utils.py
[2026-04-07T15:42:27.130+0000] {processor.py:914} INFO - Processing file /opt/airflow/dags/airflow_utils.py for tasks to queue
[2026-04-07T15:42:27.133+0000] {logging_mixin.py:190} INFO - [2026-04-07T15:42:27.132+0000] {dagbag.py:588} INFO - Filling up the DagBag from /opt/airflow/dags/airflow_utils.py
[2026-04-07T15:42:27.136+0000] {processor.py:927} WARNING - No viable dags retrieved from /opt/airflow/dags/airflow_utils.py
[2026-04-07T15:42:27.159+0000] {processor.py:208} INFO - Processing /opt/airflow/dags/airflow_utils.py took 0.038 seconds
[2026-04-07T15:43:13.133+0000] {processor.py:186} INFO - Started process (PID=6916) to work on /opt/airflow/dags/airflow_utils.py
[2026-04-07T15:43:13.134+0000] {processor.py:914} INFO - Processing file /opt/airflow/dags/airflow_utils.py for tasks to queue
[2026-04-07T15:43:13.138+0000] {logging_mixin.py:190} INFO - [2026-04-07T15:43:13.137+0000] {dagbag.py:588} INFO - Filling up the DagBag from /opt/airflow/dags/airflow_utils.py
[2026-04-07T15:43:13.141+0000] {processor.py:927} WARNING - No viable dags retrieved from /opt/airflow/dags/airflow_utils.py
[2026-04-07T15:43:13.162+0000] {processor.py:208} INFO - Processing /opt/airflow/dags/airflow_utils.py took 0.039 seconds
[2026-04-07T15:43:54.180+0000] {processor.py:186} INFO - Started process (PID=6987) to work on /opt/airflow/dags/airflow_utils.py
[2026-04-07T15:43:54.181+0000] {processor.py:914} INFO - Processing file /opt/airflow/dags/airflow_utils.py for tasks to queue
[2026-04-07T15:43:54.184+0000] {logging_mixin.py:190} INFO - [2026-04-07T15:43:54.183+0000] {dagbag.py:588} INFO - Filling up the DagBag from /opt/airflow/dags/airflow_utils.py
[2026-04-07T15:43:54.186+0000] {processor.py:927} WARNING - No viable dags retrieved from /opt/airflow/dags/airflow_utils.py
[2026-04-07T15:43:54.206+0000] {processor.py:208} INFO - Processing /opt/airflow/dags/airflow_utils.py took 0.034 seconds
[2026-04-07T15:44:41.113+0000] {processor.py:186} INFO - Started process (PID=7057) to work on /opt/airflow/dags/airflow_utils.py
[2026-04-07T15:44:41.114+0000] {processor.py:914} INFO - Processing file /opt/airflow/dags/airflow_utils.py for tasks to queue
[2026-04-07T15:44:41.118+0000] {logging_mixin.py:190} INFO - [2026-04-07T15:44:41.118+0000] {dagbag.py:588} INFO - Filling up the DagBag from /opt/airflow/dags/airflow_utils.py
[2026-04-07T15:44:41.121+0000] {processor.py:927} WARNING - No viable dags retrieved from /opt/airflow/dags/airflow_utils.py
[2026-04-07T15:44:41.145+0000] {processor.py:208} INFO - Processing /opt/airflow/dags/airflow_utils.py took 0.039 seconds
[2026-04-07T15:45:27.047+0000] {processor.py:186} INFO - Started process (PID=7130) to work on /opt/airflow/dags/airflow_utils.py
[2026-04-07T15:45:27.048+0000] {processor.py:914} INFO - Processing file /opt/airflow/dags/airflow_utils.py for tasks to queue
[2026-04-07T15:45:27.050+0000] {logging_mixin.py:190} INFO - [2026-04-07T15:45:27.050+0000] {dagbag.py:588} INFO - Filling up the DagBag from /opt/airflow/dags/airflow_utils.py
[2026-04-07T15:45:27.053+0000] {processor.py:927} WARNING - No viable dags retrieved from /opt/airflow/dags/airflow_utils.py
[2026-04-07T15:45:27.074+0000] {processor.py:208} INFO - Processing /opt/airflow/dags/airflow_utils.py took 0.034 seconds
[2026-04-07T15:46:08.303+0000] {processor.py:186} INFO - Started process (PID=7201) to work on /opt/airflow/dags/airflow_utils.py
[2026-04-07T15:46:08.304+0000] {processor.py:914} INFO - Processing file /opt/airflow/dags/airflow_utils.py for tasks to queue
[2026-04-07T15:46:08.307+0000] {logging_mixin.py:190} INFO - [2026-04-07T15:46:08.306+0000] {dagbag.py:588} INFO - Filling up the DagBag from /opt/airflow/dags/airflow_utils.py
[2026-04-07T15:46:08.310+0000] {processor.py:927} WARNING - No viable dags retrieved from /opt/airflow/dags/airflow_utils.py
[2026-04-07T15:46:08.332+0000] {processor.py:208} INFO - Processing /opt/airflow/dags/airflow_utils.py took 0.038 seconds
[2026-04-07T15:46:49.114+0000] {processor.py:186} INFO - Started process (PID=7270) to work on /opt/airflow/dags/airflow_utils.py
[2026-04-07T15:46:49.115+0000] {processor.py:914} INFO - Processing file /opt/airflow/dags/airflow_utils.py for tasks to queue
[2026-04-07T15:46:49.118+0000] {logging_mixin.py:190} INFO - [2026-04-07T15:46:49.118+0000] {dagbag.py:588} INFO - Filling up the DagBag from /opt/airflow/dags/airflow_utils.py
[2026-04-07T15:46:49.121+0000] {processor.py:927} WARNING - No viable dags retrieved from /opt/airflow/dags/airflow_utils.py
[2026-04-07T15:46:49.140+0000] {processor.py:208} INFO - Processing /opt/airflow/dags/airflow_utils.py took 0.034 seconds
[2026-04-07T15:47:30.161+0000] {processor.py:186} INFO - Started process (PID=7343) to work on /opt/airflow/dags/airflow_utils.py
[2026-04-07T15:47:30.162+0000] {processor.py:914} INFO - Processing file /opt/airflow/dags/airflow_utils.py for tasks to queue
[2026-04-07T15:47:30.164+0000] {logging_mixin.py:190} INFO - [2026-04-07T15:47:30.164+0000] {dagbag.py:588} INFO - Filling up the DagBag from /opt/airflow/dags/airflow_utils.py
[2026-04-07T15:47:30.167+0000] {processor.py:927} WARNING - No viable dags retrieved from /opt/airflow/dags/airflow_utils.py
[2026-04-07T15:47:30.188+0000] {processor.py:208} INFO - Processing /opt/airflow/dags/airflow_utils.py took 0.035 seconds
[2026-04-07T15:48:16.267+0000] {processor.py:186} INFO - Started process (PID=7412) to work on /opt/airflow/dags/airflow_utils.py
[2026-04-07T15:48:16.269+0000] {processor.py:914} INFO - Processing file /opt/airflow/dags/airflow_utils.py for tasks to queue
[2026-04-07T15:48:16.273+0000] {logging_mixin.py:190} INFO - [2026-04-07T15:48:16.272+0000] {dagbag.py:588} INFO - Filling up the DagBag from /opt/airflow/dags/airflow_utils.py
[2026-04-07T15:48:16.277+0000] {processor.py:927} WARNING - No viable dags retrieved from /opt/airflow/dags/airflow_utils.py
[2026-04-07T15:48:16.305+0000] {processor.py:208} INFO - Processing /opt/airflow/dags/airflow_utils.py took 0.048 seconds
[2026-04-07T15:48:53.228+0000] {processor.py:186} INFO - Started process (PID=7483) to work on /opt/airflow/dags/airflow_utils.py
[2026-04-07T15:48:53.230+0000] {processor.py:914} INFO - Processing file /opt/airflow/dags/airflow_utils.py for tasks to queue
[2026-04-07T15:48:53.233+0000] {logging_mixin.py:190} INFO - [2026-04-07T15:48:53.232+0000] {dagbag.py:588} INFO - Filling up the DagBag from /opt/airflow/dags/airflow_utils.py
[2026-04-07T15:48:53.236+0000] {processor.py:927} WARNING - No viable dags retrieved from /opt/airflow/dags/airflow_utils.py
[2026-04-07T15:48:53.262+0000] {processor.py:208} INFO - Processing /opt/airflow/dags/airflow_utils.py took 0.042 seconds
[2026-04-07T15:49:39.264+0000] {processor.py:186} INFO - Started process (PID=7554) to work on /opt/airflow/dags/airflow_utils.py
[2026-04-07T15:49:39.265+0000] {processor.py:914} INFO - Processing file /opt/airflow/dags/airflow_utils.py for tasks to queue
[2026-04-07T15:49:39.267+0000] {logging_mixin.py:190} INFO - [2026-04-07T15:49:39.267+0000] {dagbag.py:588} INFO - Filling up the DagBag from /opt/airflow/dags/airflow_utils.py
[2026-04-07T15:49:39.270+0000] {processor.py:927} WARNING - No viable dags retrieved from /opt/airflow/dags/airflow_utils.py
[2026-04-07T15:49:39.292+0000] {processor.py:208} INFO - Processing /opt/airflow/dags/airflow_utils.py took 0.039 seconds
[2026-04-07T15:50:25.119+0000] {processor.py:186} INFO - Started process (PID=7626) to work on /opt/airflow/dags/airflow_utils.py
[2026-04-07T15:50:25.120+0000] {processor.py:914} INFO - Processing file /opt/airflow/dags/airflow_utils.py for tasks to queue
[2026-04-07T15:50:25.124+0000] {logging_mixin.py:190} INFO - [2026-04-07T15:50:25.123+0000] {dagbag.py:588} INFO - Filling up the DagBag from /opt/airflow/dags/airflow_utils.py
[2026-04-07T15:50:25.128+0000] {processor.py:927} WARNING - No viable dags retrieved from /opt/airflow/dags/airflow_utils.py
[2026-04-07T15:50:25.148+0000] {processor.py:208} INFO - Processing /opt/airflow/dags/airflow_utils.py took 0.038 seconds
[2026-04-07T15:51:02.240+0000] {processor.py:186} INFO - Started process (PID=7696) to work on /opt/airflow/dags/airflow_utils.py
[2026-04-07T15:51:02.241+0000] {processor.py:914} INFO - Processing file /opt/airflow/dags/airflow_utils.py for tasks to queue
[2026-04-07T15:51:02.244+0000] {logging_mixin.py:190} INFO - [2026-04-07T15:51:02.243+0000] {dagbag.py:588} INFO - Filling up the DagBag from /opt/airflow/dags/airflow_utils.py
[2026-04-07T15:51:02.246+0000] {processor.py:927} WARNING - No viable dags retrieved from /opt/airflow/dags/airflow_utils.py
[2026-04-07T15:51:02.266+0000] {processor.py:208} INFO - Processing /opt/airflow/dags/airflow_utils.py took 0.033 seconds
[2026-04-07T15:51:42.212+0000] {processor.py:186} INFO - Started process (PID=7767) to work on /opt/airflow/dags/airflow_utils.py
[2026-04-07T15:51:42.213+0000] {processor.py:914} INFO - Processing file /opt/airflow/dags/airflow_utils.py for tasks to queue
[2026-04-07T15:51:42.216+0000] {logging_mixin.py:190} INFO - [2026-04-07T15:51:42.216+0000] {dagbag.py:588} INFO - Filling up the DagBag from /opt/airflow/dags/airflow_utils.py
[2026-04-07T15:51:42.220+0000] {processor.py:927} WARNING - No viable dags retrieved from /opt/airflow/dags/airflow_utils.py
[2026-04-07T15:51:42.240+0000] {processor.py:208} INFO - Processing /opt/airflow/dags/airflow_utils.py took 0.038 seconds
[2026-04-07T15:52:23.123+0000] {processor.py:186} INFO - Started process (PID=7838) to work on /opt/airflow/dags/airflow_utils.py
[2026-04-07T15:52:23.124+0000] {processor.py:914} INFO - Processing file /opt/airflow/dags/airflow_utils.py for tasks to queue
[2026-04-07T15:52:23.126+0000] {logging_mixin.py:190} INFO - [2026-04-07T15:52:23.126+0000] {dagbag.py:588} INFO - Filling up the DagBag from /opt/airflow/dags/airflow_utils.py
[2026-04-07T15:52:23.128+0000] {processor.py:927} WARNING - No viable dags retrieved from /opt/airflow/dags/airflow_utils.py
[2026-04-07T15:52:23.147+0000] {processor.py:208} INFO - Processing /opt/airflow/dags/airflow_utils.py took 0.031 seconds
[2026-04-07T15:53:09.081+0000] {processor.py:186} INFO - Started process (PID=7911) to work on /opt/airflow/dags/airflow_utils.py
[2026-04-07T15:53:09.083+0000] {processor.py:914} INFO - Processing file /opt/airflow/dags/airflow_utils.py for tasks to queue
[2026-04-07T15:53:09.086+0000] {logging_mixin.py:190} INFO - [2026-04-07T15:53:09.086+0000] {dagbag.py:588} INFO - Filling up the DagBag from /opt/airflow/dags/airflow_utils.py
[2026-04-07T15:53:09.090+0000] {processor.py:927} WARNING - No viable dags retrieved from /opt/airflow/dags/airflow_utils.py
[2026-04-07T15:53:09.112+0000] {processor.py:208} INFO - Processing /opt/airflow/dags/airflow_utils.py took 0.041 seconds
[2026-04-07T15:53:56.067+0000] {processor.py:186} INFO - Started process (PID=7982) to work on /opt/airflow/dags/airflow_utils.py
[2026-04-07T15:53:56.068+0000] {processor.py:914} INFO - Processing file /opt/airflow/dags/airflow_utils.py for tasks to queue
[2026-04-07T15:53:56.071+0000] {logging_mixin.py:190} INFO - [2026-04-07T15:53:56.071+0000] {dagbag.py:588} INFO - Filling up the DagBag from /opt/airflow/dags/airflow_utils.py
[2026-04-07T15:53:56.074+0000] {processor.py:927} WARNING - No viable dags retrieved from /opt/airflow/dags/airflow_utils.py
[2026-04-07T15:53:56.096+0000] {processor.py:208} INFO - Processing /opt/airflow/dags/airflow_utils.py took 0.037 seconds
[2026-04-07T15:54:37.420+0000] {processor.py:186} INFO - Started process (PID=8052) to work on /opt/airflow/dags/airflow_utils.py
[2026-04-07T15:54:37.421+0000] {processor.py:914} INFO - Processing file /opt/airflow/dags/airflow_utils.py for tasks to queue
[2026-04-07T15:54:37.423+0000] {logging_mixin.py:190} INFO - [2026-04-07T15:54:37.423+0000] {dagbag.py:588} INFO - Filling up the DagBag from /opt/airflow/dags/airflow_utils.py
[2026-04-07T15:54:37.426+0000] {processor.py:927} WARNING - No viable dags retrieved from /opt/airflow/dags/airflow_utils.py
[2026-04-07T15:54:37.445+0000] {processor.py:208} INFO - Processing /opt/airflow/dags/airflow_utils.py took 0.032 seconds
[2026-04-07T15:55:18.274+0000] {processor.py:186} INFO - Started process (PID=8125) to work on /opt/airflow/dags/airflow_utils.py
[2026-04-07T15:55:18.275+0000] {processor.py:914} INFO - Processing file /opt/airflow/dags/airflow_utils.py for tasks to queue
[2026-04-07T15:55:18.278+0000] {logging_mixin.py:190} INFO - [2026-04-07T15:55:18.278+0000] {dagbag.py:588} INFO - Filling up the DagBag from /opt/airflow/dags/airflow_utils.py
[2026-04-07T15:55:18.281+0000] {processor.py:927} WARNING - No viable dags retrieved from /opt/airflow/dags/airflow_utils.py
[2026-04-07T15:55:18.302+0000] {processor.py:208} INFO - Processing /opt/airflow/dags/airflow_utils.py took 0.035 seconds
[2026-04-07T15:56:04.198+0000] {processor.py:186} INFO - Started process (PID=8194) to work on /opt/airflow/dags/airflow_utils.py
[2026-04-07T15:56:04.199+0000] {processor.py:914} INFO - Processing file /opt/airflow/dags/airflow_utils.py for tasks to queue
[2026-04-07T15:56:04.202+0000] {logging_mixin.py:190} INFO - [2026-04-07T15:56:04.201+0000] {dagbag.py:588} INFO - Filling up the DagBag from /opt/airflow/dags/airflow_utils.py
[2026-04-07T15:56:04.204+0000] {processor.py:927} WARNING - No viable dags retrieved from /opt/airflow/dags/airflow_utils.py
[2026-04-07T15:56:04.223+0000] {processor.py:208} INFO - Processing /opt/airflow/dags/airflow_utils.py took 0.032 seconds
[2026-04-07T15:56:45.195+0000] {processor.py:186} INFO - Started process (PID=8265) to work on /opt/airflow/dags/airflow_utils.py
[2026-04-07T15:56:45.196+0000] {processor.py:914} INFO - Processing file /opt/airflow/dags/airflow_utils.py for tasks to queue
[2026-04-07T15:56:45.199+0000] {logging_mixin.py:190} INFO - [2026-04-07T15:56:45.198+0000] {dagbag.py:588} INFO - Filling up the DagBag from /opt/airflow/dags/airflow_utils.py
[2026-04-07T15:56:45.202+0000] {processor.py:927} WARNING - No viable dags retrieved from /opt/airflow/dags/airflow_utils.py
[2026-04-07T15:56:45.222+0000] {processor.py:208} INFO - Processing /opt/airflow/dags/airflow_utils.py took 0.035 seconds
[2026-04-07T15:57:22.228+0000] {processor.py:186} INFO - Started process (PID=8336) to work on /opt/airflow/dags/airflow_utils.py
[2026-04-07T15:57:22.229+0000] {processor.py:914} INFO - Processing file /opt/airflow/dags/airflow_utils.py for tasks to queue
[2026-04-07T15:57:22.233+0000] {logging_mixin.py:190} INFO - [2026-04-07T15:57:22.233+0000] {dagbag.py:588} INFO - Filling up the DagBag from /opt/airflow/dags/airflow_utils.py
[2026-04-07T15:57:22.237+0000] {processor.py:927} WARNING - No viable dags retrieved from /opt/airflow/dags/airflow_utils.py
[2026-04-07T15:57:22.262+0000] {processor.py:208} INFO - Processing /opt/airflow/dags/airflow_utils.py took 0.045 seconds
[2026-04-07T15:58:07.151+0000] {processor.py:186} INFO - Started process (PID=8413) to work on /opt/airflow/dags/airflow_utils.py
[2026-04-07T15:58:07.152+0000] {processor.py:914} INFO - Processing file /opt/airflow/dags/airflow_utils.py for tasks to queue
[2026-04-07T15:58:07.155+0000] {logging_mixin.py:190} INFO - [2026-04-07T15:58:07.155+0000] {dagbag.py:588} INFO - Filling up the DagBag from /opt/airflow/dags/airflow_utils.py
[2026-04-07T15:58:07.158+0000] {processor.py:927} WARNING - No viable dags retrieved from /opt/airflow/dags/airflow_utils.py
[2026-04-07T15:58:07.176+0000] {processor.py:208} INFO - Processing /opt/airflow/dags/airflow_utils.py took 0.032 seconds
[2026-04-07T15:58:48.240+0000] {processor.py:186} INFO - Started process (PID=8484) to work on /opt/airflow/dags/airflow_utils.py
[2026-04-07T15:58:48.241+0000] {processor.py:914} INFO - Processing file /opt/airflow/dags/airflow_utils.py for tasks to queue
[2026-04-07T15:58:48.244+0000] {logging_mixin.py:190} INFO - [2026-04-07T15:58:48.243+0000] {dagbag.py:588} INFO - Filling up the DagBag from /opt/airflow/dags/airflow_utils.py
[2026-04-07T15:58:48.246+0000] {processor.py:927} WARNING - No viable dags retrieved from /opt/airflow/dags/airflow_utils.py
[2026-04-07T15:58:48.266+0000] {processor.py:208} INFO - Processing /opt/airflow/dags/airflow_utils.py took 0.034 seconds
[2026-04-07T15:59:40.347+0000] {processor.py:186} INFO - Started process (PID=8555) to work on /opt/airflow/dags/airflow_utils.py
[2026-04-07T15:59:40.348+0000] {processor.py:914} INFO - Processing file /opt/airflow/dags/airflow_utils.py for tasks to queue
[2026-04-07T15:59:40.350+0000] {logging_mixin.py:190} INFO - [2026-04-07T15:59:40.350+0000] {dagbag.py:588} INFO - Filling up the DagBag from /opt/airflow/dags/airflow_utils.py
[2026-04-07T15:59:40.353+0000] {processor.py:927} WARNING - No viable dags retrieved from /opt/airflow/dags/airflow_utils.py
[2026-04-07T15:59:40.375+0000] {processor.py:208} INFO - Processing /opt/airflow/dags/airflow_utils.py took 0.036 seconds
[2026-04-07T16:03:00.362+0000] {processor.py:186} INFO - Started process (PID=8626) to work on /opt/airflow/dags/airflow_utils.py
[2026-04-07T16:03:00.364+0000] {processor.py:914} INFO - Processing file /opt/airflow/dags/airflow_utils.py for tasks to queue
[2026-04-07T16:03:00.367+0000] {logging_mixin.py:190} INFO - [2026-04-07T16:03:00.366+0000] {dagbag.py:588} INFO - Filling up the DagBag from /opt/airflow/dags/airflow_utils.py
[2026-04-07T16:03:00.369+0000] {processor.py:927} WARNING - No viable dags retrieved from /opt/airflow/dags/airflow_utils.py
[2026-04-07T16:03:00.390+0000] {processor.py:208} INFO - Processing /opt/airflow/dags/airflow_utils.py took 0.039 seconds
[2026-04-07T16:06:07.239+0000] {processor.py:186} INFO - Started process (PID=8699) to work on /opt/airflow/dags/airflow_utils.py
[2026-04-07T16:06:07.240+0000] {processor.py:914} INFO - Processing file /opt/airflow/dags/airflow_utils.py for tasks to queue
[2026-04-07T16:06:07.243+0000] {logging_mixin.py:190} INFO - [2026-04-07T16:06:07.243+0000] {dagbag.py:588} INFO - Filling up the DagBag from /opt/airflow/dags/airflow_utils.py
[2026-04-07T16:06:07.246+0000] {processor.py:927} WARNING - No viable dags retrieved from /opt/airflow/dags/airflow_utils.py
[2026-04-07T16:06:07.265+0000] {processor.py:208} INFO - Processing /opt/airflow/dags/airflow_utils.py took 0.032 seconds
[2026-04-07T16:07:37.253+0000] {processor.py:186} INFO - Started process (PID=8768) to work on /opt/airflow/dags/airflow_utils.py
[2026-04-07T16:07:37.254+0000] {processor.py:914} INFO - Processing file /opt/airflow/dags/airflow_utils.py for tasks to queue
[2026-04-07T16:07:37.258+0000] {logging_mixin.py:190} INFO - [2026-04-07T16:07:37.258+0000] {dagbag.py:588} INFO - Filling up the DagBag from /opt/airflow/dags/airflow_utils.py
[2026-04-07T16:07:37.262+0000] {processor.py:927} WARNING - No viable dags retrieved from /opt/airflow/dags/airflow_utils.py
[2026-04-07T16:07:37.284+0000] {processor.py:208} INFO - Processing /opt/airflow/dags/airflow_utils.py took 0.041 seconds
[2026-04-07T16:08:51.314+0000] {processor.py:186} INFO - Started process (PID=8839) to work on /opt/airflow/dags/airflow_utils.py
[2026-04-07T16:08:51.316+0000] {processor.py:914} INFO - Processing file /opt/airflow/dags/airflow_utils.py for tasks to queue
[2026-04-07T16:08:51.319+0000] {logging_mixin.py:190} INFO - [2026-04-07T16:08:51.318+0000] {dagbag.py:588} INFO - Filling up the DagBag from /opt/airflow/dags/airflow_utils.py
[2026-04-07T16:08:51.322+0000] {processor.py:927} WARNING - No viable dags retrieved from /opt/airflow/dags/airflow_utils.py
[2026-04-07T16:08:51.345+0000] {processor.py:208} INFO - Processing /opt/airflow/dags/airflow_utils.py took 0.039 seconds
[2026-04-07T16:09:31.129+0000] {processor.py:186} INFO - Started process (PID=8910) to work on /opt/airflow/dags/airflow_utils.py
[2026-04-07T16:09:31.130+0000] {processor.py:914} INFO - Processing file /opt/airflow/dags/airflow_utils.py for tasks to queue
[2026-04-07T16:09:31.133+0000] {logging_mixin.py:190} INFO - [2026-04-07T16:09:31.133+0000] {dagbag.py:588} INFO - Filling up the DagBag from /opt/airflow/dags/airflow_utils.py
[2026-04-07T16:09:31.137+0000] {processor.py:927} WARNING - No viable dags retrieved from /opt/airflow/dags/airflow_utils.py
[2026-04-07T16:09:31.163+0000] {processor.py:208} INFO - Processing /opt/airflow/dags/airflow_utils.py took 0.043 seconds
[2026-04-07T16:10:33.595+0000] {processor.py:186} INFO - Started process (PID=8981) to work on /opt/airflow/dags/airflow_utils.py
[2026-04-07T16:10:33.596+0000] {processor.py:914} INFO - Processing file /opt/airflow/dags/airflow_utils.py for tasks to queue
[2026-04-07T16:10:33.598+0000] {logging_mixin.py:190} INFO - [2026-04-07T16:10:33.597+0000] {dagbag.py:588} INFO - Filling up the DagBag from /opt/airflow/dags/airflow_utils.py
[2026-04-07T16:10:33.600+0000] {processor.py:927} WARNING - No viable dags retrieved from /opt/airflow/dags/airflow_utils.py
[2026-04-07T16:10:33.622+0000] {processor.py:208} INFO - Processing /opt/airflow/dags/airflow_utils.py took 0.040 seconds
[2026-04-07T16:11:16.201+0000] {processor.py:186} INFO - Started process (PID=9052) to work on /opt/airflow/dags/airflow_utils.py
[2026-04-07T16:11:16.202+0000] {processor.py:914} INFO - Processing file /opt/airflow/dags/airflow_utils.py for tasks to queue
[2026-04-07T16:11:16.206+0000] {logging_mixin.py:190} INFO - [2026-04-07T16:11:16.206+0000] {dagbag.py:588} INFO - Filling up the DagBag from /opt/airflow/dags/airflow_utils.py
[2026-04-07T16:11:16.210+0000] {processor.py:927} WARNING - No viable dags retrieved from /opt/airflow/dags/airflow_utils.py
[2026-04-07T16:11:16.234+0000] {processor.py:208} INFO - Processing /opt/airflow/dags/airflow_utils.py took 0.040 seconds
[2026-04-07T16:11:57.190+0000] {processor.py:186} INFO - Started process (PID=9125) to work on /opt/airflow/dags/airflow_utils.py
[2026-04-07T16:11:57.191+0000] {processor.py:914} INFO - Processing file /opt/airflow/dags/airflow_utils.py for tasks to queue
[2026-04-07T16:11:57.194+0000] {logging_mixin.py:190} INFO - [2026-04-07T16:11:57.194+0000] {dagbag.py:588} INFO - Filling up the DagBag from /opt/airflow/dags/airflow_utils.py
[2026-04-07T16:11:57.197+0000] {processor.py:927} WARNING - No viable dags retrieved from /opt/airflow/dags/airflow_utils.py
[2026-04-07T16:11:57.219+0000] {processor.py:208} INFO - Processing /opt/airflow/dags/airflow_utils.py took 0.038 seconds
[2026-04-07T16:12:35.185+0000] {processor.py:186} INFO - Started process (PID=9196) to work on /opt/airflow/dags/airflow_utils.py
[2026-04-07T16:12:35.186+0000] {processor.py:914} INFO - Processing file /opt/airflow/dags/airflow_utils.py for tasks to queue
[2026-04-07T16:12:35.189+0000] {logging_mixin.py:190} INFO - [2026-04-07T16:12:35.188+0000] {dagbag.py:588} INFO - Filling up the DagBag from /opt/airflow/dags/airflow_utils.py
[2026-04-07T16:12:35.191+0000] {processor.py:927} WARNING - No viable dags retrieved from /opt/airflow/dags/airflow_utils.py
[2026-04-07T16:12:35.213+0000] {processor.py:208} INFO - Processing /opt/airflow/dags/airflow_utils.py took 0.036 seconds
[2026-04-07T16:13:14.198+0000] {processor.py:186} INFO - Started process (PID=9265) to work on /opt/airflow/dags/airflow_utils.py
[2026-04-07T16:13:14.200+0000] {processor.py:914} INFO - Processing file /opt/airflow/dags/airflow_utils.py for tasks to queue
[2026-04-07T16:13:14.202+0000] {logging_mixin.py:190} INFO - [2026-04-07T16:13:14.202+0000] {dagbag.py:588} INFO - Filling up the DagBag from /opt/airflow/dags/airflow_utils.py
[2026-04-07T16:13:14.205+0000] {processor.py:927} WARNING - No viable dags retrieved from /opt/airflow/dags/airflow_utils.py
[2026-04-07T16:13:14.228+0000] {processor.py:208} INFO - Processing /opt/airflow/dags/airflow_utils.py took 0.037 seconds
[2026-04-07T16:13:51.226+0000] {processor.py:186} INFO - Started process (PID=9336) to work on /opt/airflow/dags/airflow_utils.py
[2026-04-07T16:13:51.227+0000] {processor.py:914} INFO - Processing file /opt/airflow/dags/airflow_utils.py for tasks to queue
[2026-04-07T16:13:51.230+0000] {logging_mixin.py:190} INFO - [2026-04-07T16:13:51.230+0000] {dagbag.py:588} INFO - Filling up the DagBag from /opt/airflow/dags/airflow_utils.py
[2026-04-07T16:13:51.234+0000] {processor.py:927} WARNING - No viable dags retrieved from /opt/airflow/dags/airflow_utils.py
[2026-04-07T16:13:51.261+0000] {processor.py:208} INFO - Processing /opt/airflow/dags/airflow_utils.py took 0.044 seconds
[2026-04-07T16:14:36.299+0000] {processor.py:186} INFO - Started process (PID=9409) to work on /opt/airflow/dags/airflow_utils.py
[2026-04-07T16:14:36.300+0000] {processor.py:914} INFO - Processing file /opt/airflow/dags/airflow_utils.py for tasks to queue
[2026-04-07T16:14:36.303+0000] {logging_mixin.py:190} INFO - [2026-04-07T16:14:36.302+0000] {dagbag.py:588} INFO - Filling up the DagBag from /opt/airflow/dags/airflow_utils.py
[2026-04-07T16:14:36.305+0000] {processor.py:927} WARNING - No viable dags retrieved from /opt/airflow/dags/airflow_utils.py
[2026-04-07T16:14:36.328+0000] {processor.py:208} INFO - Processing /opt/airflow/dags/airflow_utils.py took 0.041 seconds
[2026-04-07T16:15:14.128+0000] {processor.py:186} INFO - Started process (PID=9480) to work on /opt/airflow/dags/airflow_utils.py
[2026-04-07T16:15:14.130+0000] {processor.py:914} INFO - Processing file /opt/airflow/dags/airflow_utils.py for tasks to queue
[2026-04-07T16:15:14.134+0000] {logging_mixin.py:190} INFO - [2026-04-07T16:15:14.133+0000] {dagbag.py:588} INFO - Filling up the DagBag from /opt/airflow/dags/airflow_utils.py
[2026-04-07T16:15:14.138+0000] {processor.py:927} WARNING - No viable dags retrieved from /opt/airflow/dags/airflow_utils.py
[2026-04-07T16:15:14.161+0000] {processor.py:208} INFO - Processing /opt/airflow/dags/airflow_utils.py took 0.042 seconds
[2026-04-07T16:15:51.229+0000] {processor.py:186} INFO - Started process (PID=9549) to work on /opt/airflow/dags/airflow_utils.py
[2026-04-07T16:15:51.230+0000] {processor.py:914} INFO - Processing file /opt/airflow/dags/airflow_utils.py for tasks to queue
[2026-04-07T16:15:51.232+0000] {logging_mixin.py:190} INFO - [2026-04-07T16:15:51.232+0000] {dagbag.py:588} INFO - Filling up the DagBag from /opt/airflow/dags/airflow_utils.py
[2026-04-07T16:15:51.235+0000] {processor.py:927} WARNING - No viable dags retrieved from /opt/airflow/dags/airflow_utils.py
[2026-04-07T16:15:51.253+0000] {processor.py:208} INFO - Processing /opt/airflow/dags/airflow_utils.py took 0.030 seconds
[2026-04-07T16:16:36.276+0000] {processor.py:186} INFO - Started process (PID=9620) to work on /opt/airflow/dags/airflow_utils.py
[2026-04-07T16:16:36.278+0000] {processor.py:914} INFO - Processing file /opt/airflow/dags/airflow_utils.py for tasks to queue
[2026-04-07T16:16:36.281+0000] {logging_mixin.py:190} INFO - [2026-04-07T16:16:36.280+0000] {dagbag.py:588} INFO - Filling up the DagBag from /opt/airflow/dags/airflow_utils.py
[2026-04-07T16:16:36.284+0000] {processor.py:927} WARNING - No viable dags retrieved from /opt/airflow/dags/airflow_utils.py
[2026-04-07T16:16:36.306+0000] {processor.py:208} INFO - Processing /opt/airflow/dags/airflow_utils.py took 0.037 seconds
[2026-04-07T16:17:17.277+0000] {processor.py:186} INFO - Started process (PID=9693) to work on /opt/airflow/dags/airflow_utils.py
[2026-04-07T16:17:17.278+0000] {processor.py:914} INFO - Processing file /opt/airflow/dags/airflow_utils.py for tasks to queue
[2026-04-07T16:17:17.280+0000] {logging_mixin.py:190} INFO - [2026-04-07T16:17:17.280+0000] {dagbag.py:588} INFO - Filling up the DagBag from /opt/airflow/dags/airflow_utils.py
[2026-04-07T16:17:17.283+0000] {processor.py:927} WARNING - No viable dags retrieved from /opt/airflow/dags/airflow_utils.py
[2026-04-07T16:17:17.304+0000] {processor.py:208} INFO - Processing /opt/airflow/dags/airflow_utils.py took 0.034 seconds
[2026-04-07T16:18:03.182+0000] {processor.py:186} INFO - Started process (PID=9764) to work on /opt/airflow/dags/airflow_utils.py
[2026-04-07T16:18:03.183+0000] {processor.py:914} INFO - Processing file /opt/airflow/dags/airflow_utils.py for tasks to queue
[2026-04-07T16:18:03.185+0000] {logging_mixin.py:190} INFO - [2026-04-07T16:18:03.185+0000] {dagbag.py:588} INFO - Filling up the DagBag from /opt/airflow/dags/airflow_utils.py
[2026-04-07T16:18:03.188+0000] {processor.py:927} WARNING - No viable dags retrieved from /opt/airflow/dags/airflow_utils.py
[2026-04-07T16:18:03.207+0000] {processor.py:208} INFO - Processing /opt/airflow/dags/airflow_utils.py took 0.032 seconds
[2026-04-07T16:19:17.319+0000] {processor.py:186} INFO - Started process (PID=9833) to work on /opt/airflow/dags/airflow_utils.py
[2026-04-07T16:19:17.321+0000] {processor.py:914} INFO - Processing file /opt/airflow/dags/airflow_utils.py for tasks to queue
[2026-04-07T16:19:17.324+0000] {logging_mixin.py:190} INFO - [2026-04-07T16:19:17.323+0000] {dagbag.py:588} INFO - Filling up the DagBag from /opt/airflow/dags/airflow_utils.py
[2026-04-07T16:19:17.327+0000] {processor.py:927} WARNING - No viable dags retrieved from /opt/airflow/dags/airflow_utils.py
[2026-04-07T16:19:17.346+0000] {processor.py:208} INFO - Processing /opt/airflow/dags/airflow_utils.py took 0.036 seconds
[2026-04-07T16:20:10.292+0000] {processor.py:186} INFO - Started process (PID=9904) to work on /opt/airflow/dags/airflow_utils.py
[2026-04-07T16:20:10.293+0000] {processor.py:914} INFO - Processing file /opt/airflow/dags/airflow_utils.py for tasks to queue
[2026-04-07T16:20:10.296+0000] {logging_mixin.py:190} INFO - [2026-04-07T16:20:10.296+0000] {dagbag.py:588} INFO - Filling up the DagBag from /opt/airflow/dags/airflow_utils.py
[2026-04-07T16:20:10.300+0000] {processor.py:927} WARNING - No viable dags retrieved from /opt/airflow/dags/airflow_utils.py
[2026-04-07T16:20:10.323+0000] {processor.py:208} INFO - Processing /opt/airflow/dags/airflow_utils.py took 0.040 seconds
[2026-04-07T16:21:49.229+0000] {processor.py:186} INFO - Started process (PID=9975) to work on /opt/airflow/dags/airflow_utils.py
[2026-04-07T16:21:49.230+0000] {processor.py:914} INFO - Processing file /opt/airflow/dags/airflow_utils.py for tasks to queue
[2026-04-07T16:21:49.233+0000] {logging_mixin.py:190} INFO - [2026-04-07T16:21:49.232+0000] {dagbag.py:588} INFO - Filling up the DagBag from /opt/airflow/dags/airflow_utils.py
[2026-04-07T16:21:49.235+0000] {processor.py:927} WARNING - No viable dags retrieved from /opt/airflow/dags/airflow_utils.py
[2026-04-07T16:21:49.254+0000] {processor.py:208} INFO - Processing /opt/airflow/dags/airflow_utils.py took 0.032 seconds
[2026-04-07T16:22:42.348+0000] {processor.py:186} INFO - Started process (PID=10048) to work on /opt/airflow/dags/airflow_utils.py
[2026-04-07T16:22:42.349+0000] {processor.py:914} INFO - Processing file /opt/airflow/dags/airflow_utils.py for tasks to queue
[2026-04-07T16:22:42.352+0000] {logging_mixin.py:190} INFO - [2026-04-07T16:22:42.351+0000] {dagbag.py:588} INFO - Filling up the DagBag from /opt/airflow/dags/airflow_utils.py
[2026-04-07T16:22:42.355+0000] {processor.py:927} WARNING - No viable dags retrieved from /opt/airflow/dags/airflow_utils.py
[2026-04-07T16:22:42.377+0000] {processor.py:208} INFO - Processing /opt/airflow/dags/airflow_utils.py took 0.037 seconds
[2026-04-07T16:23:46.279+0000] {processor.py:186} INFO - Started process (PID=10117) to work on /opt/airflow/dags/airflow_utils.py
[2026-04-07T16:23:46.280+0000] {processor.py:914} INFO - Processing file /opt/airflow/dags/airflow_utils.py for tasks to queue
[2026-04-07T16:23:46.283+0000] {logging_mixin.py:190} INFO - [2026-04-07T16:23:46.283+0000] {dagbag.py:588} INFO - Filling up the DagBag from /opt/airflow/dags/airflow_utils.py
[2026-04-07T16:23:46.287+0000] {processor.py:927} WARNING - No viable dags retrieved from /opt/airflow/dags/airflow_utils.py
[2026-04-07T16:23:46.309+0000] {processor.py:208} INFO - Processing /opt/airflow/dags/airflow_utils.py took 0.037 seconds
[2026-04-07T16:25:07.253+0000] {processor.py:186} INFO - Started process (PID=10188) to work on /opt/airflow/dags/airflow_utils.py
[2026-04-07T16:25:07.255+0000] {processor.py:914} INFO - Processing file /opt/airflow/dags/airflow_utils.py for tasks to queue
[2026-04-07T16:25:07.258+0000] {logging_mixin.py:190} INFO - [2026-04-07T16:25:07.257+0000] {dagbag.py:588} INFO - Filling up the DagBag from /opt/airflow/dags/airflow_utils.py
[2026-04-07T16:25:07.261+0000] {processor.py:927} WARNING - No viable dags retrieved from /opt/airflow/dags/airflow_utils.py
[2026-04-07T16:25:07.280+0000] {processor.py:208} INFO - Processing /opt/airflow/dags/airflow_utils.py took 0.035 seconds
[2026-04-07T16:26:42.543+0000] {processor.py:186} INFO - Started process (PID=10261) to work on /opt/airflow/dags/airflow_utils.py
[2026-04-07T16:26:42.544+0000] {processor.py:914} INFO - Processing file /opt/airflow/dags/airflow_utils.py for tasks to queue
[2026-04-07T16:26:42.548+0000] {logging_mixin.py:190} INFO - [2026-04-07T16:26:42.547+0000] {dagbag.py:588} INFO - Filling up the DagBag from /opt/airflow/dags/airflow_utils.py
[2026-04-07T16:26:42.552+0000] {processor.py:927} WARNING - No viable dags retrieved from /opt/airflow/dags/airflow_utils.py
[2026-04-07T16:26:42.576+0000] {processor.py:208} INFO - Processing /opt/airflow/dags/airflow_utils.py took 0.045 seconds
[2026-04-07T16:29:10.562+0000] {processor.py:186} INFO - Started process (PID=10332) to work on /opt/airflow/dags/airflow_utils.py
[2026-04-07T16:29:10.563+0000] {processor.py:914} INFO - Processing file /opt/airflow/dags/airflow_utils.py for tasks to queue
[2026-04-07T16:29:10.567+0000] {logging_mixin.py:190} INFO - [2026-04-07T16:29:10.566+0000] {dagbag.py:588} INFO - Filling up the DagBag from /opt/airflow/dags/airflow_utils.py
[2026-04-07T16:29:10.570+0000] {processor.py:927} WARNING - No viable dags retrieved from /opt/airflow/dags/airflow_utils.py
[2026-04-07T16:29:10.592+0000] {processor.py:208} INFO - Processing /opt/airflow/dags/airflow_utils.py took 0.042 seconds
[2026-04-07T16:30:05.627+0000] {processor.py:186} INFO - Started process (PID=10401) to work on /opt/airflow/dags/airflow_utils.py
[2026-04-07T16:30:05.628+0000] {processor.py:914} INFO - Processing file /opt/airflow/dags/airflow_utils.py for tasks to queue
[2026-04-07T16:30:05.632+0000] {logging_mixin.py:190} INFO - [2026-04-07T16:30:05.631+0000] {dagbag.py:588} INFO - Filling up the DagBag from /opt/airflow/dags/airflow_utils.py
[2026-04-07T16:30:05.635+0000] {processor.py:927} WARNING - No viable dags retrieved from /opt/airflow/dags/airflow_utils.py
[2026-04-07T16:30:05.667+0000] {processor.py:208} INFO - Processing /opt/airflow/dags/airflow_utils.py took 0.054 seconds
[2026-04-07T16:31:19.742+0000] {processor.py:186} INFO - Started process (PID=10474) to work on /opt/airflow/dags/airflow_utils.py
[2026-04-07T16:31:19.743+0000] {processor.py:914} INFO - Processing file /opt/airflow/dags/airflow_utils.py for tasks to queue
[2026-04-07T16:31:19.746+0000] {logging_mixin.py:190} INFO - [2026-04-07T16:31:19.746+0000] {dagbag.py:588} INFO - Filling up the DagBag from /opt/airflow/dags/airflow_utils.py
[2026-04-07T16:31:19.751+0000] {processor.py:927} WARNING - No viable dags retrieved from /opt/airflow/dags/airflow_utils.py
[2026-04-07T16:31:19.775+0000] {processor.py:208} INFO - Processing /opt/airflow/dags/airflow_utils.py took 0.044 seconds
[2026-04-07T16:32:45.490+0000] {processor.py:186} INFO - Started process (PID=10545) to work on /opt/airflow/dags/airflow_utils.py
[2026-04-07T16:32:45.491+0000] {processor.py:914} INFO - Processing file /opt/airflow/dags/airflow_utils.py for tasks to queue
[2026-04-07T16:32:45.494+0000] {logging_mixin.py:190} INFO - [2026-04-07T16:32:45.494+0000] {dagbag.py:588} INFO - Filling up the DagBag from /opt/airflow/dags/airflow_utils.py
[2026-04-07T16:32:45.498+0000] {processor.py:927} WARNING - No viable dags retrieved from /opt/airflow/dags/airflow_utils.py
[2026-04-07T16:32:45.523+0000] {processor.py:208} INFO - Processing /opt/airflow/dags/airflow_utils.py took 0.043 seconds
[2026-04-07T16:35:12.440+0000] {processor.py:186} INFO - Started process (PID=10616) to work on /opt/airflow/dags/airflow_utils.py
[2026-04-07T16:35:12.441+0000] {processor.py:914} INFO - Processing file /opt/airflow/dags/airflow_utils.py for tasks to queue
[2026-04-07T16:35:12.445+0000] {logging_mixin.py:190} INFO - [2026-04-07T16:35:12.444+0000] {dagbag.py:588} INFO - Filling up the DagBag from /opt/airflow/dags/airflow_utils.py
[2026-04-07T16:35:12.449+0000] {processor.py:927} WARNING - No viable dags retrieved from /opt/airflow/dags/airflow_utils.py
[2026-04-07T16:35:12.478+0000] {processor.py:208} INFO - Processing /opt/airflow/dags/airflow_utils.py took 0.049 seconds
[2026-04-07T16:36:06.469+0000] {processor.py:186} INFO - Started process (PID=10685) to work on /opt/airflow/dags/airflow_utils.py
[2026-04-07T16:36:06.470+0000] {processor.py:914} INFO - Processing file /opt/airflow/dags/airflow_utils.py for tasks to queue
[2026-04-07T16:36:06.474+0000] {logging_mixin.py:190} INFO - [2026-04-07T16:36:06.473+0000] {dagbag.py:588} INFO - Filling up the DagBag from /opt/airflow/dags/airflow_utils.py
[2026-04-07T16:36:06.478+0000] {processor.py:927} WARNING - No viable dags retrieved from /opt/airflow/dags/airflow_utils.py
[2026-04-07T16:36:06.503+0000] {processor.py:208} INFO - Processing /opt/airflow/dags/airflow_utils.py took 0.047 seconds
[2026-04-07T16:37:04.600+0000] {processor.py:186} INFO - Started process (PID=10763) to work on /opt/airflow/dags/airflow_utils.py
[2026-04-07T16:37:04.601+0000] {processor.py:914} INFO - Processing file /opt/airflow/dags/airflow_utils.py for tasks to queue
[2026-04-07T16:37:04.605+0000] {logging_mixin.py:190} INFO - [2026-04-07T16:37:04.604+0000] {dagbag.py:588} INFO - Filling up the DagBag from /opt/airflow/dags/airflow_utils.py
[2026-04-07T16:37:04.608+0000] {processor.py:927} WARNING - No viable dags retrieved from /opt/airflow/dags/airflow_utils.py
[2026-04-07T16:37:04.632+0000] {processor.py:208} INFO - Processing /opt/airflow/dags/airflow_utils.py took 0.043 seconds
[2026-04-07T16:37:55.455+0000] {processor.py:186} INFO - Started process (PID=10834) to work on /opt/airflow/dags/airflow_utils.py
[2026-04-07T16:37:55.457+0000] {processor.py:914} INFO - Processing file /opt/airflow/dags/airflow_utils.py for tasks to queue
[2026-04-07T16:37:55.460+0000] {logging_mixin.py:190} INFO - [2026-04-07T16:37:55.460+0000] {dagbag.py:588} INFO - Filling up the DagBag from /opt/airflow/dags/airflow_utils.py
[2026-04-07T16:37:55.464+0000] {processor.py:927} WARNING - No viable dags retrieved from /opt/airflow/dags/airflow_utils.py
[2026-04-07T16:37:55.493+0000] {processor.py:208} INFO - Processing /opt/airflow/dags/airflow_utils.py took 0.052 seconds
[2026-04-07T16:38:55.800+0000] {processor.py:186} INFO - Started process (PID=10907) to work on /opt/airflow/dags/airflow_utils.py
[2026-04-07T16:38:55.802+0000] {processor.py:914} INFO - Processing file /opt/airflow/dags/airflow_utils.py for tasks to queue
[2026-04-07T16:38:55.805+0000] {logging_mixin.py:190} INFO - [2026-04-07T16:38:55.805+0000] {dagbag.py:588} INFO - Filling up the DagBag from /opt/airflow/dags/airflow_utils.py
[2026-04-07T16:38:55.809+0000] {processor.py:927} WARNING - No viable dags retrieved from /opt/airflow/dags/airflow_utils.py
[2026-04-07T16:38:55.833+0000] {processor.py:208} INFO - Processing /opt/airflow/dags/airflow_utils.py took 0.046 seconds
[2026-04-07T16:39:37.424+0000] {processor.py:186} INFO - Started process (PID=10976) to work on /opt/airflow/dags/airflow_utils.py
[2026-04-07T16:39:37.426+0000] {processor.py:914} INFO - Processing file /opt/airflow/dags/airflow_utils.py for tasks to queue
[2026-04-07T16:39:37.430+0000] {logging_mixin.py:190} INFO - [2026-04-07T16:39:37.429+0000] {dagbag.py:588} INFO - Filling up the DagBag from /opt/airflow/dags/airflow_utils.py
[2026-04-07T16:39:37.434+0000] {processor.py:927} WARNING - No viable dags retrieved from /opt/airflow/dags/airflow_utils.py
[2026-04-07T16:39:37.458+0000] {processor.py:208} INFO - Processing /opt/airflow/dags/airflow_utils.py took 0.045 seconds
[2026-04-07T16:40:18.399+0000] {processor.py:186} INFO - Started process (PID=11047) to work on /opt/airflow/dags/airflow_utils.py
[2026-04-07T16:40:18.400+0000] {processor.py:914} INFO - Processing file /opt/airflow/dags/airflow_utils.py for tasks to queue
[2026-04-07T16:40:18.404+0000] {logging_mixin.py:190} INFO - [2026-04-07T16:40:18.403+0000] {dagbag.py:588} INFO - Filling up the DagBag from /opt/airflow/dags/airflow_utils.py
[2026-04-07T16:40:18.408+0000] {processor.py:927} WARNING - No viable dags retrieved from /opt/airflow/dags/airflow_utils.py
[2026-04-07T16:40:18.433+0000] {processor.py:208} INFO - Processing /opt/airflow/dags/airflow_utils.py took 0.047 seconds
[2026-04-07T16:41:05.492+0000] {processor.py:186} INFO - Started process (PID=11118) to work on /opt/airflow/dags/airflow_utils.py
[2026-04-07T16:41:05.493+0000] {processor.py:914} INFO - Processing file /opt/airflow/dags/airflow_utils.py for tasks to queue
[2026-04-07T16:41:05.497+0000] {logging_mixin.py:190} INFO - [2026-04-07T16:41:05.497+0000] {dagbag.py:588} INFO - Filling up the DagBag from /opt/airflow/dags/airflow_utils.py
[2026-04-07T16:41:05.501+0000] {processor.py:927} WARNING - No viable dags retrieved from /opt/airflow/dags/airflow_utils.py
[2026-04-07T16:41:05.530+0000] {processor.py:208} INFO - Processing /opt/airflow/dags/airflow_utils.py took 0.050 seconds
[2026-04-07T16:41:47.434+0000] {processor.py:186} INFO - Started process (PID=11191) to work on /opt/airflow/dags/airflow_utils.py
[2026-04-07T16:41:47.436+0000] {processor.py:914} INFO - Processing file /opt/airflow/dags/airflow_utils.py for tasks to queue
[2026-04-07T16:41:47.440+0000] {logging_mixin.py:190} INFO - [2026-04-07T16:41:47.439+0000] {dagbag.py:588} INFO - Filling up the DagBag from /opt/airflow/dags/airflow_utils.py
[2026-04-07T16:41:47.443+0000] {processor.py:927} WARNING - No viable dags retrieved from /opt/airflow/dags/airflow_utils.py
[2026-04-07T16:41:47.472+0000] {processor.py:208} INFO - Processing /opt/airflow/dags/airflow_utils.py took 0.050 seconds
[2026-04-07T16:42:28.570+0000] {processor.py:186} INFO - Started process (PID=11262) to work on /opt/airflow/dags/airflow_utils.py
[2026-04-07T16:42:28.571+0000] {processor.py:914} INFO - Processing file /opt/airflow/dags/airflow_utils.py for tasks to queue
[2026-04-07T16:42:28.575+0000] {logging_mixin.py:190} INFO - [2026-04-07T16:42:28.574+0000] {dagbag.py:588} INFO - Filling up the DagBag from /opt/airflow/dags/airflow_utils.py
[2026-04-07T16:42:28.578+0000] {processor.py:927} WARNING - No viable dags retrieved from /opt/airflow/dags/airflow_utils.py
[2026-04-07T16:42:28.600+0000] {processor.py:208} INFO - Processing /opt/airflow/dags/airflow_utils.py took 0.040 seconds
[2026-04-07T16:43:37.634+0000] {processor.py:186} INFO - Started process (PID=11334) to work on /opt/airflow/dags/airflow_utils.py
[2026-04-07T16:43:37.635+0000] {processor.py:914} INFO - Processing file /opt/airflow/dags/airflow_utils.py for tasks to queue
[2026-04-07T16:43:37.639+0000] {logging_mixin.py:190} INFO - [2026-04-07T16:43:37.638+0000] {dagbag.py:588} INFO - Filling up the DagBag from /opt/airflow/dags/airflow_utils.py
[2026-04-07T16:43:37.642+0000] {processor.py:927} WARNING - No viable dags retrieved from /opt/airflow/dags/airflow_utils.py
[2026-04-07T16:43:37.666+0000] {processor.py:208} INFO - Processing /opt/airflow/dags/airflow_utils.py took 0.042 seconds
[2026-04-07T16:45:12.700+0000] {processor.py:186} INFO - Started process (PID=11405) to work on /opt/airflow/dags/airflow_utils.py
[2026-04-07T16:45:12.702+0000] {processor.py:914} INFO - Processing file /opt/airflow/dags/airflow_utils.py for tasks to queue
[2026-04-07T16:45:12.705+0000] {logging_mixin.py:190} INFO - [2026-04-07T16:45:12.705+0000] {dagbag.py:588} INFO - Filling up the DagBag from /opt/airflow/dags/airflow_utils.py
[2026-04-07T16:45:12.708+0000] {processor.py:927} WARNING - No viable dags retrieved from /opt/airflow/dags/airflow_utils.py
[2026-04-07T16:45:12.732+0000] {processor.py:208} INFO - Processing /opt/airflow/dags/airflow_utils.py took 0.045 seconds
[2026-04-07T16:45:53.461+0000] {processor.py:186} INFO - Started process (PID=11474) to work on /opt/airflow/dags/airflow_utils.py
[2026-04-07T16:45:53.463+0000] {processor.py:914} INFO - Processing file /opt/airflow/dags/airflow_utils.py for tasks to queue
[2026-04-07T16:45:53.466+0000] {logging_mixin.py:190} INFO - [2026-04-07T16:45:53.466+0000] {dagbag.py:588} INFO - Filling up the DagBag from /opt/airflow/dags/airflow_utils.py
[2026-04-07T16:45:53.470+0000] {processor.py:927} WARNING - No viable dags retrieved from /opt/airflow/dags/airflow_utils.py
[2026-04-07T16:45:53.495+0000] {processor.py:208} INFO - Processing /opt/airflow/dags/airflow_utils.py took 0.044 seconds
[2026-04-07T16:46:52.550+0000] {processor.py:186} INFO - Started process (PID=11547) to work on /opt/airflow/dags/airflow_utils.py
[2026-04-07T16:46:52.552+0000] {processor.py:914} INFO - Processing file /opt/airflow/dags/airflow_utils.py for tasks to queue
[2026-04-07T16:46:52.557+0000] {logging_mixin.py:190} INFO - [2026-04-07T16:46:52.556+0000] {dagbag.py:588} INFO - Filling up the DagBag from /opt/airflow/dags/airflow_utils.py
[2026-04-07T16:46:52.560+0000] {processor.py:927} WARNING - No viable dags retrieved from /opt/airflow/dags/airflow_utils.py
[2026-04-07T16:46:52.590+0000] {processor.py:208} INFO - Processing /opt/airflow/dags/airflow_utils.py took 0.051 seconds
[2026-04-07T16:47:46.503+0000] {processor.py:186} INFO - Started process (PID=11618) to work on /opt/airflow/dags/airflow_utils.py
[2026-04-07T16:47:46.505+0000] {processor.py:914} INFO - Processing file /opt/airflow/dags/airflow_utils.py for tasks to queue
[2026-04-07T16:47:46.509+0000] {logging_mixin.py:190} INFO - [2026-04-07T16:47:46.508+0000] {dagbag.py:588} INFO - Filling up the DagBag from /opt/airflow/dags/airflow_utils.py
[2026-04-07T16:47:46.512+0000] {processor.py:927} WARNING - No viable dags retrieved from /opt/airflow/dags/airflow_utils.py
[2026-04-07T16:47:46.541+0000] {processor.py:208} INFO - Processing /opt/airflow/dags/airflow_utils.py took 0.049 seconds
[2026-04-07T16:48:52.596+0000] {processor.py:186} INFO - Started process (PID=11687) to work on /opt/airflow/dags/airflow_utils.py
[2026-04-07T16:48:52.597+0000] {processor.py:914} INFO - Processing file /opt/airflow/dags/airflow_utils.py for tasks to queue
[2026-04-07T16:48:52.601+0000] {logging_mixin.py:190} INFO - [2026-04-07T16:48:52.600+0000] {dagbag.py:588} INFO - Filling up the DagBag from /opt/airflow/dags/airflow_utils.py
[2026-04-07T16:48:52.605+0000] {processor.py:927} WARNING - No viable dags retrieved from /opt/airflow/dags/airflow_utils.py
[2026-04-07T16:48:52.634+0000] {processor.py:208} INFO - Processing /opt/airflow/dags/airflow_utils.py took 0.049 seconds
[2026-04-07T16:49:33.614+0000] {processor.py:186} INFO - Started process (PID=11760) to work on /opt/airflow/dags/airflow_utils.py
[2026-04-07T16:49:33.615+0000] {processor.py:914} INFO - Processing file /opt/airflow/dags/airflow_utils.py for tasks to queue
[2026-04-07T16:49:33.620+0000] {logging_mixin.py:190} INFO - [2026-04-07T16:49:33.619+0000] {dagbag.py:588} INFO - Filling up the DagBag from /opt/airflow/dags/airflow_utils.py
[2026-04-07T16:49:33.624+0000] {processor.py:927} WARNING - No viable dags retrieved from /opt/airflow/dags/airflow_utils.py
[2026-04-07T16:49:33.648+0000] {processor.py:208} INFO - Processing /opt/airflow/dags/airflow_utils.py took 0.047 seconds
[2026-04-07T16:50:40.613+0000] {processor.py:186} INFO - Started process (PID=11829) to work on /opt/airflow/dags/airflow_utils.py
[2026-04-07T16:50:40.615+0000] {processor.py:914} INFO - Processing file /opt/airflow/dags/airflow_utils.py for tasks to queue
[2026-04-07T16:50:40.619+0000] {logging_mixin.py:190} INFO - [2026-04-07T16:50:40.618+0000] {dagbag.py:588} INFO - Filling up the DagBag from /opt/airflow/dags/airflow_utils.py
[2026-04-07T16:50:40.622+0000] {processor.py:927} WARNING - No viable dags retrieved from /opt/airflow/dags/airflow_utils.py
[2026-04-07T16:50:40.652+0000] {processor.py:208} INFO - Processing /opt/airflow/dags/airflow_utils.py took 0.049 seconds
[2026-04-07T16:51:26.522+0000] {processor.py:186} INFO - Started process (PID=11902) to work on /opt/airflow/dags/airflow_utils.py
[2026-04-07T16:51:26.523+0000] {processor.py:914} INFO - Processing file /opt/airflow/dags/airflow_utils.py for tasks to queue
[2026-04-07T16:51:26.526+0000] {logging_mixin.py:190} INFO - [2026-04-07T16:51:26.526+0000] {dagbag.py:588} INFO - Filling up the DagBag from /opt/airflow/dags/airflow_utils.py
[2026-04-07T16:51:26.530+0000] {processor.py:927} WARNING - No viable dags retrieved from /opt/airflow/dags/airflow_utils.py
[2026-04-07T16:51:26.562+0000] {processor.py:208} INFO - Processing /opt/airflow/dags/airflow_utils.py took 0.055 seconds
[2026-04-07T16:52:12.539+0000] {processor.py:186} INFO - Started process (PID=11971) to work on /opt/airflow/dags/airflow_utils.py
[2026-04-07T16:52:12.541+0000] {processor.py:914} INFO - Processing file /opt/airflow/dags/airflow_utils.py for tasks to queue
[2026-04-07T16:52:12.545+0000] {logging_mixin.py:190} INFO - [2026-04-07T16:52:12.544+0000] {dagbag.py:588} INFO - Filling up the DagBag from /opt/airflow/dags/airflow_utils.py
[2026-04-07T16:52:12.549+0000] {processor.py:927} WARNING - No viable dags retrieved from /opt/airflow/dags/airflow_utils.py
[2026-04-07T16:52:12.574+0000] {processor.py:208} INFO - Processing /opt/airflow/dags/airflow_utils.py took 0.046 seconds
[2026-04-07T16:52:50.042+0000] {processor.py:186} INFO - Started process (PID=12044) to work on /opt/airflow/dags/airflow_utils.py
[2026-04-07T16:52:50.044+0000] {processor.py:914} INFO - Processing file /opt/airflow/dags/airflow_utils.py for tasks to queue
[2026-04-07T16:52:50.049+0000] {logging_mixin.py:190} INFO - [2026-04-07T16:52:50.048+0000] {dagbag.py:588} INFO - Filling up the DagBag from /opt/airflow/dags/airflow_utils.py
[2026-04-07T16:52:50.054+0000] {processor.py:927} WARNING - No viable dags retrieved from /opt/airflow/dags/airflow_utils.py
[2026-04-07T16:52:50.080+0000] {processor.py:208} INFO - Processing /opt/airflow/dags/airflow_utils.py took 0.053 seconds
[2026-04-07T16:53:32.507+0000] {processor.py:186} INFO - Started process (PID=12113) to work on /opt/airflow/dags/airflow_utils.py
[2026-04-07T16:53:32.509+0000] {processor.py:914} INFO - Processing file /opt/airflow/dags/airflow_utils.py for tasks to queue
[2026-04-07T16:53:32.513+0000] {logging_mixin.py:190} INFO - [2026-04-07T16:53:32.512+0000] {dagbag.py:588} INFO - Filling up the DagBag from /opt/airflow/dags/airflow_utils.py
[2026-04-07T16:53:32.517+0000] {processor.py:927} WARNING - No viable dags retrieved from /opt/airflow/dags/airflow_utils.py
[2026-04-07T16:53:32.540+0000] {processor.py:208} INFO - Processing /opt/airflow/dags/airflow_utils.py took 0.046 seconds
[2026-04-07T16:54:18.589+0000] {processor.py:186} INFO - Started process (PID=12185) to work on /opt/airflow/dags/airflow_utils.py
[2026-04-07T16:54:18.590+0000] {processor.py:914} INFO - Processing file /opt/airflow/dags/airflow_utils.py for tasks to queue
[2026-04-07T16:54:18.594+0000] {logging_mixin.py:190} INFO - [2026-04-07T16:54:18.594+0000] {dagbag.py:588} INFO - Filling up the DagBag from /opt/airflow/dags/airflow_utils.py
[2026-04-07T16:54:18.598+0000] {processor.py:927} WARNING - No viable dags retrieved from /opt/airflow/dags/airflow_utils.py
[2026-04-07T16:54:18.624+0000] {processor.py:208} INFO - Processing /opt/airflow/dags/airflow_utils.py took 0.046 seconds
[2026-04-07T16:55:04.443+0000] {processor.py:186} INFO - Started process (PID=12255) to work on /opt/airflow/dags/airflow_utils.py
[2026-04-07T16:55:04.444+0000] {processor.py:914} INFO - Processing file /opt/airflow/dags/airflow_utils.py for tasks to queue
[2026-04-07T16:55:04.449+0000] {logging_mixin.py:190} INFO - [2026-04-07T16:55:04.448+0000] {dagbag.py:588} INFO - Filling up the DagBag from /opt/airflow/dags/airflow_utils.py
[2026-04-07T16:55:04.453+0000] {processor.py:927} WARNING - No viable dags retrieved from /opt/airflow/dags/airflow_utils.py
[2026-04-07T16:55:04.483+0000] {processor.py:208} INFO - Processing /opt/airflow/dags/airflow_utils.py took 0.054 seconds
[2026-04-07T16:55:50.565+0000] {processor.py:186} INFO - Started process (PID=12326) to work on /opt/airflow/dags/airflow_utils.py
[2026-04-07T16:55:50.566+0000] {processor.py:914} INFO - Processing file /opt/airflow/dags/airflow_utils.py for tasks to queue
[2026-04-07T16:55:50.570+0000] {logging_mixin.py:190} INFO - [2026-04-07T16:55:50.569+0000] {dagbag.py:588} INFO - Filling up the DagBag from /opt/airflow/dags/airflow_utils.py
[2026-04-07T16:55:50.574+0000] {processor.py:927} WARNING - No viable dags retrieved from /opt/airflow/dags/airflow_utils.py
[2026-04-07T16:55:50.601+0000] {processor.py:208} INFO - Processing /opt/airflow/dags/airflow_utils.py took 0.048 seconds
[2026-04-07T16:56:31.860+0000] {processor.py:186} INFO - Started process (PID=12398) to work on /opt/airflow/dags/airflow_utils.py
[2026-04-07T16:56:31.861+0000] {processor.py:914} INFO - Processing file /opt/airflow/dags/airflow_utils.py for tasks to queue
[2026-04-07T16:56:31.865+0000] {logging_mixin.py:190} INFO - [2026-04-07T16:56:31.864+0000] {dagbag.py:588} INFO - Filling up the DagBag from /opt/airflow/dags/airflow_utils.py
[2026-04-07T16:56:31.869+0000] {processor.py:927} WARNING - No viable dags retrieved from /opt/airflow/dags/airflow_utils.py
[2026-04-07T16:56:31.897+0000] {processor.py:208} INFO - Processing /opt/airflow/dags/airflow_utils.py took 0.048 seconds
[2026-04-07T16:58:32.772+0000] {processor.py:186} INFO - Started process (PID=12470) to work on /opt/airflow/dags/airflow_utils.py
[2026-04-07T16:58:32.773+0000] {processor.py:914} INFO - Processing file /opt/airflow/dags/airflow_utils.py for tasks to queue
[2026-04-07T16:58:32.776+0000] {logging_mixin.py:190} INFO - [2026-04-07T16:58:32.776+0000] {dagbag.py:588} INFO - Filling up the DagBag from /opt/airflow/dags/airflow_utils.py
[2026-04-07T16:58:32.780+0000] {processor.py:927} WARNING - No viable dags retrieved from /opt/airflow/dags/airflow_utils.py
[2026-04-07T16:58:32.807+0000] {processor.py:208} INFO - Processing /opt/airflow/dags/airflow_utils.py took 0.047 seconds
[2026-04-07T17:01:35.246+0000] {processor.py:186} INFO - Started process (PID=12541) to work on /opt/airflow/dags/airflow_utils.py
[2026-04-07T17:01:35.248+0000] {processor.py:914} INFO - Processing file /opt/airflow/dags/airflow_utils.py for tasks to queue
[2026-04-07T17:01:35.252+0000] {logging_mixin.py:190} INFO - [2026-04-07T17:01:35.252+0000] {dagbag.py:588} INFO - Filling up the DagBag from /opt/airflow/dags/airflow_utils.py
[2026-04-07T17:01:35.256+0000] {processor.py:927} WARNING - No viable dags retrieved from /opt/airflow/dags/airflow_utils.py
[2026-04-07T17:01:35.509+0000] {processor.py:208} INFO - Processing /opt/airflow/dags/airflow_utils.py took 0.274 seconds
[2026-04-07T17:02:25.650+0000] {processor.py:186} INFO - Started process (PID=12610) to work on /opt/airflow/dags/airflow_utils.py
[2026-04-07T17:02:25.651+0000] {processor.py:914} INFO - Processing file /opt/airflow/dags/airflow_utils.py for tasks to queue
[2026-04-07T17:02:25.654+0000] {logging_mixin.py:190} INFO - [2026-04-07T17:02:25.653+0000] {dagbag.py:588} INFO - Filling up the DagBag from /opt/airflow/dags/airflow_utils.py
[2026-04-07T17:02:25.658+0000] {processor.py:927} WARNING - No viable dags retrieved from /opt/airflow/dags/airflow_utils.py
[2026-04-07T17:02:25.681+0000] {processor.py:208} INFO - Processing /opt/airflow/dags/airflow_utils.py took 0.041 seconds
[2026-04-07T17:03:23.465+0000] {processor.py:186} INFO - Started process (PID=12683) to work on /opt/airflow/dags/airflow_utils.py
[2026-04-07T17:03:23.466+0000] {processor.py:914} INFO - Processing file /opt/airflow/dags/airflow_utils.py for tasks to queue
[2026-04-07T17:03:23.469+0000] {logging_mixin.py:190} INFO - [2026-04-07T17:03:23.469+0000] {dagbag.py:588} INFO - Filling up the DagBag from /opt/airflow/dags/airflow_utils.py
[2026-04-07T17:03:23.473+0000] {processor.py:927} WARNING - No viable dags retrieved from /opt/airflow/dags/airflow_utils.py
[2026-04-07T17:03:23.494+0000] {processor.py:208} INFO - Processing /opt/airflow/dags/airflow_utils.py took 0.040 seconds
[2026-04-07T17:04:09.351+0000] {processor.py:186} INFO - Started process (PID=12752) to work on /opt/airflow/dags/airflow_utils.py
[2026-04-07T17:04:09.353+0000] {processor.py:914} INFO - Processing file /opt/airflow/dags/airflow_utils.py for tasks to queue
[2026-04-07T17:04:09.356+0000] {logging_mixin.py:190} INFO - [2026-04-07T17:04:09.356+0000] {dagbag.py:588} INFO - Filling up the DagBag from /opt/airflow/dags/airflow_utils.py
[2026-04-07T17:04:09.361+0000] {processor.py:927} WARNING - No viable dags retrieved from /opt/airflow/dags/airflow_utils.py
[2026-04-07T17:04:09.390+0000] {processor.py:208} INFO - Processing /opt/airflow/dags/airflow_utils.py took 0.049 seconds
[2026-04-07T17:04:46.316+0000] {processor.py:186} INFO - Started process (PID=12825) to work on /opt/airflow/dags/airflow_utils.py
[2026-04-07T17:04:46.318+0000] {processor.py:914} INFO - Processing file /opt/airflow/dags/airflow_utils.py for tasks to queue
[2026-04-07T17:04:46.321+0000] {logging_mixin.py:190} INFO - [2026-04-07T17:04:46.320+0000] {dagbag.py:588} INFO - Filling up the DagBag from /opt/airflow/dags/airflow_utils.py
[2026-04-07T17:04:46.324+0000] {processor.py:927} WARNING - No viable dags retrieved from /opt/airflow/dags/airflow_utils.py
[2026-04-07T17:04:46.351+0000] {processor.py:208} INFO - Processing /opt/airflow/dags/airflow_utils.py took 0.045 seconds
[2026-04-07T17:05:26.304+0000] {processor.py:186} INFO - Started process (PID=12896) to work on /opt/airflow/dags/airflow_utils.py
[2026-04-07T17:05:26.305+0000] {processor.py:914} INFO - Processing file /opt/airflow/dags/airflow_utils.py for tasks to queue
[2026-04-07T17:05:26.308+0000] {logging_mixin.py:190} INFO - [2026-04-07T17:05:26.308+0000] {dagbag.py:588} INFO - Filling up the DagBag from /opt/airflow/dags/airflow_utils.py
[2026-04-07T17:05:26.312+0000] {processor.py:927} WARNING - No viable dags retrieved from /opt/airflow/dags/airflow_utils.py
[2026-04-07T17:05:26.335+0000] {processor.py:208} INFO - Processing /opt/airflow/dags/airflow_utils.py took 0.041 seconds
[2026-04-07T17:06:07.548+0000] {processor.py:186} INFO - Started process (PID=12965) to work on /opt/airflow/dags/airflow_utils.py
[2026-04-07T17:06:07.550+0000] {processor.py:914} INFO - Processing file /opt/airflow/dags/airflow_utils.py for tasks to queue
[2026-04-07T17:06:07.553+0000] {logging_mixin.py:190} INFO - [2026-04-07T17:06:07.552+0000] {dagbag.py:588} INFO - Filling up the DagBag from /opt/airflow/dags/airflow_utils.py
[2026-04-07T17:06:07.556+0000] {processor.py:927} WARNING - No viable dags retrieved from /opt/airflow/dags/airflow_utils.py
[2026-04-07T17:06:07.586+0000] {processor.py:208} INFO - Processing /opt/airflow/dags/airflow_utils.py took 0.048 seconds
[2026-04-07T17:06:53.443+0000] {processor.py:186} INFO - Started process (PID=13038) to work on /opt/airflow/dags/airflow_utils.py
[2026-04-07T17:06:53.444+0000] {processor.py:914} INFO - Processing file /opt/airflow/dags/airflow_utils.py for tasks to queue
[2026-04-07T17:06:53.448+0000] {logging_mixin.py:190} INFO - [2026-04-07T17:06:53.447+0000] {dagbag.py:588} INFO - Filling up the DagBag from /opt/airflow/dags/airflow_utils.py
[2026-04-07T17:06:53.451+0000] {processor.py:927} WARNING - No viable dags retrieved from /opt/airflow/dags/airflow_utils.py
[2026-04-07T17:06:53.476+0000] {processor.py:208} INFO - Processing /opt/airflow/dags/airflow_utils.py took 0.042 seconds
[2026-04-07T17:07:34.455+0000] {processor.py:186} INFO - Started process (PID=13107) to work on /opt/airflow/dags/airflow_utils.py
[2026-04-07T17:07:34.456+0000] {processor.py:914} INFO - Processing file /opt/airflow/dags/airflow_utils.py for tasks to queue
[2026-04-07T17:07:34.460+0000] {logging_mixin.py:190} INFO - [2026-04-07T17:07:34.460+0000] {dagbag.py:588} INFO - Filling up the DagBag from /opt/airflow/dags/airflow_utils.py
[2026-04-07T17:07:34.464+0000] {processor.py:927} WARNING - No viable dags retrieved from /opt/airflow/dags/airflow_utils.py
[2026-04-07T17:07:34.496+0000] {processor.py:208} INFO - Processing /opt/airflow/dags/airflow_utils.py took 0.053 seconds
[2026-04-07T17:08:20.377+0000] {processor.py:186} INFO - Started process (PID=13178) to work on /opt/airflow/dags/airflow_utils.py
[2026-04-07T17:08:20.378+0000] {processor.py:914} INFO - Processing file /opt/airflow/dags/airflow_utils.py for tasks to queue
[2026-04-07T17:08:20.382+0000] {logging_mixin.py:190} INFO - [2026-04-07T17:08:20.381+0000] {dagbag.py:588} INFO - Filling up the DagBag from /opt/airflow/dags/airflow_utils.py
[2026-04-07T17:08:20.385+0000] {processor.py:927} WARNING - No viable dags retrieved from /opt/airflow/dags/airflow_utils.py
[2026-04-07T17:08:20.415+0000] {processor.py:208} INFO - Processing /opt/airflow/dags/airflow_utils.py took 0.047 seconds
[2026-04-07T17:09:01.434+0000] {processor.py:186} INFO - Started process (PID=13251) to work on /opt/airflow/dags/airflow_utils.py
[2026-04-07T17:09:01.436+0000] {processor.py:914} INFO - Processing file /opt/airflow/dags/airflow_utils.py for tasks to queue
[2026-04-07T17:09:01.440+0000] {logging_mixin.py:190} INFO - [2026-04-07T17:09:01.439+0000] {dagbag.py:588} INFO - Filling up the DagBag from /opt/airflow/dags/airflow_utils.py
[2026-04-07T17:09:01.444+0000] {processor.py:927} WARNING - No viable dags retrieved from /opt/airflow/dags/airflow_utils.py
[2026-04-07T17:09:01.473+0000] {processor.py:208} INFO - Processing /opt/airflow/dags/airflow_utils.py took 0.051 seconds
[2026-04-07T17:09:43.473+0000] {processor.py:186} INFO - Started process (PID=13322) to work on /opt/airflow/dags/airflow_utils.py
[2026-04-07T17:09:43.475+0000] {processor.py:914} INFO - Processing file /opt/airflow/dags/airflow_utils.py for tasks to queue
[2026-04-07T17:09:43.479+0000] {logging_mixin.py:190} INFO - [2026-04-07T17:09:43.478+0000] {dagbag.py:588} INFO - Filling up the DagBag from /opt/airflow/dags/airflow_utils.py
[2026-04-07T17:09:43.483+0000] {processor.py:927} WARNING - No viable dags retrieved from /opt/airflow/dags/airflow_utils.py
[2026-04-07T17:09:43.505+0000] {processor.py:208} INFO - Processing /opt/airflow/dags/airflow_utils.py took 0.042 seconds
[2026-04-07T17:10:24.340+0000] {processor.py:186} INFO - Started process (PID=13393) to work on /opt/airflow/dags/airflow_utils.py
[2026-04-07T17:10:24.341+0000] {processor.py:914} INFO - Processing file /opt/airflow/dags/airflow_utils.py for tasks to queue
[2026-04-07T17:10:24.345+0000] {logging_mixin.py:190} INFO - [2026-04-07T17:10:24.344+0000] {dagbag.py:588} INFO - Filling up the DagBag from /opt/airflow/dags/airflow_utils.py
[2026-04-07T17:10:24.349+0000] {processor.py:927} WARNING - No viable dags retrieved from /opt/airflow/dags/airflow_utils.py
[2026-04-07T17:10:24.375+0000] {processor.py:208} INFO - Processing /opt/airflow/dags/airflow_utils.py took 0.046 seconds
[2026-04-07T17:11:05.412+0000] {processor.py:186} INFO - Started process (PID=13464) to work on /opt/airflow/dags/airflow_utils.py
[2026-04-07T17:11:05.413+0000] {processor.py:914} INFO - Processing file /opt/airflow/dags/airflow_utils.py for tasks to queue
[2026-04-07T17:11:05.417+0000] {logging_mixin.py:190} INFO - [2026-04-07T17:11:05.417+0000] {dagbag.py:588} INFO - Filling up the DagBag from /opt/airflow/dags/airflow_utils.py
[2026-04-07T17:11:05.421+0000] {processor.py:927} WARNING - No viable dags retrieved from /opt/airflow/dags/airflow_utils.py
[2026-04-07T17:11:05.446+0000] {processor.py:208} INFO - Processing /opt/airflow/dags/airflow_utils.py took 0.044 seconds
[2026-04-07T17:11:46.384+0000] {processor.py:186} INFO - Started process (PID=13535) to work on /opt/airflow/dags/airflow_utils.py
[2026-04-07T17:11:46.385+0000] {processor.py:914} INFO - Processing file /opt/airflow/dags/airflow_utils.py for tasks to queue
[2026-04-07T17:11:46.388+0000] {logging_mixin.py:190} INFO - [2026-04-07T17:11:46.388+0000] {dagbag.py:588} INFO - Filling up the DagBag from /opt/airflow/dags/airflow_utils.py
[2026-04-07T17:11:46.391+0000] {processor.py:927} WARNING - No viable dags retrieved from /opt/airflow/dags/airflow_utils.py
[2026-04-07T17:11:46.413+0000] {processor.py:208} INFO - Processing /opt/airflow/dags/airflow_utils.py took 0.039 seconds
[2026-04-07T17:12:23.471+0000] {processor.py:186} INFO - Started process (PID=13604) to work on /opt/airflow/dags/airflow_utils.py
[2026-04-07T17:12:23.473+0000] {processor.py:914} INFO - Processing file /opt/airflow/dags/airflow_utils.py for tasks to queue
[2026-04-07T17:12:23.476+0000] {logging_mixin.py:190} INFO - [2026-04-07T17:12:23.476+0000] {dagbag.py:588} INFO - Filling up the DagBag from /opt/airflow/dags/airflow_utils.py
[2026-04-07T17:12:23.480+0000] {processor.py:927} WARNING - No viable dags retrieved from /opt/airflow/dags/airflow_utils.py
[2026-04-07T17:12:23.502+0000] {processor.py:208} INFO - Processing /opt/airflow/dags/airflow_utils.py took 0.041 seconds
[2026-04-07T17:13:08.291+0000] {processor.py:186} INFO - Started process (PID=13675) to work on /opt/airflow/dags/airflow_utils.py
[2026-04-07T17:13:08.293+0000] {processor.py:914} INFO - Processing file /opt/airflow/dags/airflow_utils.py for tasks to queue
[2026-04-07T17:13:08.296+0000] {logging_mixin.py:190} INFO - [2026-04-07T17:13:08.295+0000] {dagbag.py:588} INFO - Filling up the DagBag from /opt/airflow/dags/airflow_utils.py
[2026-04-07T17:13:08.300+0000] {processor.py:927} WARNING - No viable dags retrieved from /opt/airflow/dags/airflow_utils.py
[2026-04-07T17:13:08.328+0000] {processor.py:208} INFO - Processing /opt/airflow/dags/airflow_utils.py took 0.047 seconds
[2026-04-07T17:13:49.548+0000] {processor.py:186} INFO - Started process (PID=13754) to work on /opt/airflow/dags/airflow_utils.py
[2026-04-07T17:13:49.550+0000] {processor.py:914} INFO - Processing file /opt/airflow/dags/airflow_utils.py for tasks to queue
[2026-04-07T17:13:49.553+0000] {logging_mixin.py:190} INFO - [2026-04-07T17:13:49.553+0000] {dagbag.py:588} INFO - Filling up the DagBag from /opt/airflow/dags/airflow_utils.py
[2026-04-07T17:13:49.557+0000] {processor.py:927} WARNING - No viable dags retrieved from /opt/airflow/dags/airflow_utils.py
[2026-04-07T17:13:49.584+0000] {processor.py:208} INFO - Processing /opt/airflow/dags/airflow_utils.py took 0.045 seconds
[2026-04-07T17:14:27.405+0000] {processor.py:186} INFO - Started process (PID=13823) to work on /opt/airflow/dags/airflow_utils.py
[2026-04-07T17:14:27.406+0000] {processor.py:914} INFO - Processing file /opt/airflow/dags/airflow_utils.py for tasks to queue
[2026-04-07T17:14:27.410+0000] {logging_mixin.py:190} INFO - [2026-04-07T17:14:27.409+0000] {dagbag.py:588} INFO - Filling up the DagBag from /opt/airflow/dags/airflow_utils.py
[2026-04-07T17:14:27.413+0000] {processor.py:927} WARNING - No viable dags retrieved from /opt/airflow/dags/airflow_utils.py
[2026-04-07T17:14:27.444+0000] {processor.py:208} INFO - Processing /opt/airflow/dags/airflow_utils.py took 0.049 seconds
[2026-04-07T17:15:07.412+0000] {processor.py:186} INFO - Started process (PID=13894) to work on /opt/airflow/dags/airflow_utils.py
[2026-04-07T17:15:07.413+0000] {processor.py:914} INFO - Processing file /opt/airflow/dags/airflow_utils.py for tasks to queue
[2026-04-07T17:15:07.416+0000] {logging_mixin.py:190} INFO - [2026-04-07T17:15:07.416+0000] {dagbag.py:588} INFO - Filling up the DagBag from /opt/airflow/dags/airflow_utils.py
[2026-04-07T17:15:07.420+0000] {processor.py:927} WARNING - No viable dags retrieved from /opt/airflow/dags/airflow_utils.py
[2026-04-07T17:15:07.448+0000] {processor.py:208} INFO - Processing /opt/airflow/dags/airflow_utils.py took 0.049 seconds
[2026-04-07T17:15:43.350+0000] {processor.py:186} INFO - Started process (PID=13965) to work on /opt/airflow/dags/airflow_utils.py
[2026-04-07T17:15:43.351+0000] {processor.py:914} INFO - Processing file /opt/airflow/dags/airflow_utils.py for tasks to queue
[2026-04-07T17:15:43.355+0000] {logging_mixin.py:190} INFO - [2026-04-07T17:15:43.354+0000] {dagbag.py:588} INFO - Filling up the DagBag from /opt/airflow/dags/airflow_utils.py
[2026-04-07T17:15:43.359+0000] {processor.py:927} WARNING - No viable dags retrieved from /opt/airflow/dags/airflow_utils.py
[2026-04-07T17:15:43.380+0000] {processor.py:208} INFO - Processing /opt/airflow/dags/airflow_utils.py took 0.041 seconds
[2026-04-07T17:16:24.376+0000] {processor.py:186} INFO - Started process (PID=14038) to work on /opt/airflow/dags/airflow_utils.py
[2026-04-07T17:16:24.378+0000] {processor.py:914} INFO - Processing file /opt/airflow/dags/airflow_utils.py for tasks to queue
[2026-04-07T17:16:24.382+0000] {logging_mixin.py:190} INFO - [2026-04-07T17:16:24.381+0000] {dagbag.py:588} INFO - Filling up the DagBag from /opt/airflow/dags/airflow_utils.py
[2026-04-07T17:16:24.386+0000] {processor.py:927} WARNING - No viable dags retrieved from /opt/airflow/dags/airflow_utils.py
[2026-04-07T17:16:24.418+0000] {processor.py:208} INFO - Processing /opt/airflow/dags/airflow_utils.py took 0.051 seconds
[2026-04-07T17:17:02.395+0000] {processor.py:186} INFO - Started process (PID=14107) to work on /opt/airflow/dags/airflow_utils.py
[2026-04-07T17:17:02.397+0000] {processor.py:914} INFO - Processing file /opt/airflow/dags/airflow_utils.py for tasks to queue
[2026-04-07T17:17:02.401+0000] {logging_mixin.py:190} INFO - [2026-04-07T17:17:02.400+0000] {dagbag.py:588} INFO - Filling up the DagBag from /opt/airflow/dags/airflow_utils.py
[2026-04-07T17:17:02.405+0000] {processor.py:927} WARNING - No viable dags retrieved from /opt/airflow/dags/airflow_utils.py
[2026-04-07T17:17:02.430+0000] {processor.py:208} INFO - Processing /opt/airflow/dags/airflow_utils.py took 0.046 seconds
[2026-04-07T17:17:43.367+0000] {processor.py:186} INFO - Started process (PID=14178) to work on /opt/airflow/dags/airflow_utils.py
[2026-04-07T17:17:43.368+0000] {processor.py:914} INFO - Processing file /opt/airflow/dags/airflow_utils.py for tasks to queue
[2026-04-07T17:17:43.372+0000] {logging_mixin.py:190} INFO - [2026-04-07T17:17:43.371+0000] {dagbag.py:588} INFO - Filling up the DagBag from /opt/airflow/dags/airflow_utils.py
[2026-04-07T17:17:43.376+0000] {processor.py:927} WARNING - No viable dags retrieved from /opt/airflow/dags/airflow_utils.py
[2026-04-07T17:17:43.399+0000] {processor.py:208} INFO - Processing /opt/airflow/dags/airflow_utils.py took 0.043 seconds
[2026-04-07T17:18:24.368+0000] {processor.py:186} INFO - Started process (PID=14250) to work on /opt/airflow/dags/airflow_utils.py
[2026-04-07T17:18:24.370+0000] {processor.py:914} INFO - Processing file /opt/airflow/dags/airflow_utils.py for tasks to queue
[2026-04-07T17:18:24.374+0000] {logging_mixin.py:190} INFO - [2026-04-07T17:18:24.373+0000] {dagbag.py:588} INFO - Filling up the DagBag from /opt/airflow/dags/airflow_utils.py
[2026-04-07T17:18:24.377+0000] {processor.py:927} WARNING - No viable dags retrieved from /opt/airflow/dags/airflow_utils.py
[2026-04-07T17:18:24.403+0000] {processor.py:208} INFO - Processing /opt/airflow/dags/airflow_utils.py took 0.045 seconds
[2026-04-07T17:19:05.438+0000] {processor.py:186} INFO - Started process (PID=14321) to work on /opt/airflow/dags/airflow_utils.py
[2026-04-07T17:19:05.440+0000] {processor.py:914} INFO - Processing file /opt/airflow/dags/airflow_utils.py for tasks to queue
[2026-04-07T17:19:05.443+0000] {logging_mixin.py:190} INFO - [2026-04-07T17:19:05.443+0000] {dagbag.py:588} INFO - Filling up the DagBag from /opt/airflow/dags/airflow_utils.py
[2026-04-07T17:19:05.447+0000] {processor.py:927} WARNING - No viable dags retrieved from /opt/airflow/dags/airflow_utils.py
[2026-04-07T17:19:05.483+0000] {processor.py:208} INFO - Processing /opt/airflow/dags/airflow_utils.py took 0.055 seconds
[2026-04-07T17:19:51.329+0000] {processor.py:186} INFO - Started process (PID=14390) to work on /opt/airflow/dags/airflow_utils.py
[2026-04-07T17:19:51.331+0000] {processor.py:914} INFO - Processing file /opt/airflow/dags/airflow_utils.py for tasks to queue
[2026-04-07T17:19:51.335+0000] {logging_mixin.py:190} INFO - [2026-04-07T17:19:51.334+0000] {dagbag.py:588} INFO - Filling up the DagBag from /opt/airflow/dags/airflow_utils.py
[2026-04-07T17:19:51.338+0000] {processor.py:927} WARNING - No viable dags retrieved from /opt/airflow/dags/airflow_utils.py
[2026-04-07T17:19:51.365+0000] {processor.py:208} INFO - Processing /opt/airflow/dags/airflow_utils.py took 0.047 seconds
[2026-04-07T17:20:32.371+0000] {processor.py:186} INFO - Started process (PID=14463) to work on /opt/airflow/dags/airflow_utils.py
[2026-04-07T17:20:32.372+0000] {processor.py:914} INFO - Processing file /opt/airflow/dags/airflow_utils.py for tasks to queue
[2026-04-07T17:20:32.376+0000] {logging_mixin.py:190} INFO - [2026-04-07T17:20:32.375+0000] {dagbag.py:588} INFO - Filling up the DagBag from /opt/airflow/dags/airflow_utils.py
[2026-04-07T17:20:32.379+0000] {processor.py:927} WARNING - No viable dags retrieved from /opt/airflow/dags/airflow_utils.py
[2026-04-07T17:20:32.402+0000] {processor.py:208} INFO - Processing /opt/airflow/dags/airflow_utils.py took 0.042 seconds
[2026-04-07T17:21:09.360+0000] {processor.py:186} INFO - Started process (PID=14534) to work on /opt/airflow/dags/airflow_utils.py
[2026-04-07T17:21:09.362+0000] {processor.py:914} INFO - Processing file /opt/airflow/dags/airflow_utils.py for tasks to queue
[2026-04-07T17:21:09.365+0000] {logging_mixin.py:190} INFO - [2026-04-07T17:21:09.365+0000] {dagbag.py:588} INFO - Filling up the DagBag from /opt/airflow/dags/airflow_utils.py
[2026-04-07T17:21:09.369+0000] {processor.py:927} WARNING - No viable dags retrieved from /opt/airflow/dags/airflow_utils.py
[2026-04-07T17:21:09.396+0000] {processor.py:208} INFO - Processing /opt/airflow/dags/airflow_utils.py took 0.045 seconds
[2026-04-07T17:21:49.437+0000] {processor.py:186} INFO - Started process (PID=14605) to work on /opt/airflow/dags/airflow_utils.py
[2026-04-07T17:21:49.439+0000] {processor.py:914} INFO - Processing file /opt/airflow/dags/airflow_utils.py for tasks to queue
[2026-04-07T17:21:49.442+0000] {logging_mixin.py:190} INFO - [2026-04-07T17:21:49.442+0000] {dagbag.py:588} INFO - Filling up the DagBag from /opt/airflow/dags/airflow_utils.py
[2026-04-07T17:21:49.446+0000] {processor.py:927} WARNING - No viable dags retrieved from /opt/airflow/dags/airflow_utils.py
[2026-04-07T17:21:49.468+0000] {processor.py:208} INFO - Processing /opt/airflow/dags/airflow_utils.py took 0.040 seconds
[2026-04-07T17:22:36.494+0000] {processor.py:186} INFO - Started process (PID=14674) to work on /opt/airflow/dags/airflow_utils.py
[2026-04-07T17:22:36.496+0000] {processor.py:914} INFO - Processing file /opt/airflow/dags/airflow_utils.py for tasks to queue
[2026-04-07T17:22:36.501+0000] {logging_mixin.py:190} INFO - [2026-04-07T17:22:36.500+0000] {dagbag.py:588} INFO - Filling up the DagBag from /opt/airflow/dags/airflow_utils.py
[2026-04-07T17:22:36.504+0000] {processor.py:927} WARNING - No viable dags retrieved from /opt/airflow/dags/airflow_utils.py
[2026-04-07T17:22:36.531+0000] {processor.py:208} INFO - Processing /opt/airflow/dags/airflow_utils.py took 0.047 seconds
[2026-04-07T17:23:22.332+0000] {processor.py:186} INFO - Started process (PID=14746) to work on /opt/airflow/dags/airflow_utils.py
[2026-04-07T17:23:22.333+0000] {processor.py:914} INFO - Processing file /opt/airflow/dags/airflow_utils.py for tasks to queue
[2026-04-07T17:23:22.337+0000] {logging_mixin.py:190} INFO - [2026-04-07T17:23:22.336+0000] {dagbag.py:588} INFO - Filling up the DagBag from /opt/airflow/dags/airflow_utils.py
[2026-04-07T17:23:22.341+0000] {processor.py:927} WARNING - No viable dags retrieved from /opt/airflow/dags/airflow_utils.py
[2026-04-07T17:23:22.365+0000] {processor.py:208} INFO - Processing /opt/airflow/dags/airflow_utils.py took 0.047 seconds
[2026-04-07T17:24:03.472+0000] {processor.py:186} INFO - Started process (PID=14817) to work on /opt/airflow/dags/airflow_utils.py
[2026-04-07T17:24:03.473+0000] {processor.py:914} INFO - Processing file /opt/airflow/dags/airflow_utils.py for tasks to queue
[2026-04-07T17:24:03.477+0000] {logging_mixin.py:190} INFO - [2026-04-07T17:24:03.477+0000] {dagbag.py:588} INFO - Filling up the DagBag from /opt/airflow/dags/airflow_utils.py
[2026-04-07T17:24:03.481+0000] {processor.py:927} WARNING - No viable dags retrieved from /opt/airflow/dags/airflow_utils.py
[2026-04-07T17:24:03.511+0000] {processor.py:208} INFO - Processing /opt/airflow/dags/airflow_utils.py took 0.051 seconds
[2026-04-07T17:24:40.434+0000] {processor.py:186} INFO - Started process (PID=14890) to work on /opt/airflow/dags/airflow_utils.py
[2026-04-07T17:24:40.436+0000] {processor.py:914} INFO - Processing file /opt/airflow/dags/airflow_utils.py for tasks to queue
[2026-04-07T17:24:40.439+0000] {logging_mixin.py:190} INFO - [2026-04-07T17:24:40.439+0000] {dagbag.py:588} INFO - Filling up the DagBag from /opt/airflow/dags/airflow_utils.py
[2026-04-07T17:24:40.443+0000] {processor.py:927} WARNING - No viable dags retrieved from /opt/airflow/dags/airflow_utils.py
[2026-04-07T17:24:40.470+0000] {processor.py:208} INFO - Processing /opt/airflow/dags/airflow_utils.py took 0.046 seconds
[2026-04-07T17:25:20.619+0000] {processor.py:186} INFO - Started process (PID=14962) to work on /opt/airflow/dags/airflow_utils.py
[2026-04-07T17:25:20.620+0000] {processor.py:914} INFO - Processing file /opt/airflow/dags/airflow_utils.py for tasks to queue
[2026-04-07T17:25:20.624+0000] {logging_mixin.py:190} INFO - [2026-04-07T17:25:20.623+0000] {dagbag.py:588} INFO - Filling up the DagBag from /opt/airflow/dags/airflow_utils.py
[2026-04-07T17:25:20.627+0000] {processor.py:927} WARNING - No viable dags retrieved from /opt/airflow/dags/airflow_utils.py
[2026-04-07T17:25:20.650+0000] {processor.py:208} INFO - Processing /opt/airflow/dags/airflow_utils.py took 0.041 seconds
[2026-04-07T17:26:01.401+0000] {processor.py:186} INFO - Started process (PID=15031) to work on /opt/airflow/dags/airflow_utils.py
[2026-04-07T17:26:01.403+0000] {processor.py:914} INFO - Processing file /opt/airflow/dags/airflow_utils.py for tasks to queue
[2026-04-07T17:26:01.407+0000] {logging_mixin.py:190} INFO - [2026-04-07T17:26:01.406+0000] {dagbag.py:588} INFO - Filling up the DagBag from /opt/airflow/dags/airflow_utils.py
[2026-04-07T17:26:01.410+0000] {processor.py:927} WARNING - No viable dags retrieved from /opt/airflow/dags/airflow_utils.py
[2026-04-07T17:26:01.438+0000] {processor.py:208} INFO - Processing /opt/airflow/dags/airflow_utils.py took 0.048 seconds
[2026-04-07T17:26:42.553+0000] {processor.py:186} INFO - Started process (PID=15102) to work on /opt/airflow/dags/airflow_utils.py
[2026-04-07T17:26:42.554+0000] {processor.py:914} INFO - Processing file /opt/airflow/dags/airflow_utils.py for tasks to queue
[2026-04-07T17:26:42.557+0000] {logging_mixin.py:190} INFO - [2026-04-07T17:26:42.557+0000] {dagbag.py:588} INFO - Filling up the DagBag from /opt/airflow/dags/airflow_utils.py
[2026-04-07T17:26:42.561+0000] {processor.py:927} WARNING - No viable dags retrieved from /opt/airflow/dags/airflow_utils.py
[2026-04-07T17:26:42.587+0000] {processor.py:208} INFO - Processing /opt/airflow/dags/airflow_utils.py took 0.047 seconds
[2026-04-07T17:27:23.278+0000] {processor.py:186} INFO - Started process (PID=15173) to work on /opt/airflow/dags/airflow_utils.py
[2026-04-07T17:27:23.279+0000] {processor.py:914} INFO - Processing file /opt/airflow/dags/airflow_utils.py for tasks to queue
[2026-04-07T17:27:23.283+0000] {logging_mixin.py:190} INFO - [2026-04-07T17:27:23.282+0000] {dagbag.py:588} INFO - Filling up the DagBag from /opt/airflow/dags/airflow_utils.py
[2026-04-07T17:27:23.286+0000] {processor.py:927} WARNING - No viable dags retrieved from /opt/airflow/dags/airflow_utils.py
[2026-04-07T17:27:23.314+0000] {processor.py:208} INFO - Processing /opt/airflow/dags/airflow_utils.py took 0.047 seconds
[2026-04-07T17:28:05.361+0000] {processor.py:186} INFO - Started process (PID=15245) to work on /opt/airflow/dags/airflow_utils.py
[2026-04-07T17:28:05.363+0000] {processor.py:914} INFO - Processing file /opt/airflow/dags/airflow_utils.py for tasks to queue
[2026-04-07T17:28:05.366+0000] {logging_mixin.py:190} INFO - [2026-04-07T17:28:05.366+0000] {dagbag.py:588} INFO - Filling up the DagBag from /opt/airflow/dags/airflow_utils.py
[2026-04-07T17:28:05.370+0000] {processor.py:927} WARNING - No viable dags retrieved from /opt/airflow/dags/airflow_utils.py
[2026-04-07T17:28:05.392+0000] {processor.py:208} INFO - Processing /opt/airflow/dags/airflow_utils.py took 0.041 seconds
[2026-04-07T17:28:46.401+0000] {processor.py:186} INFO - Started process (PID=15316) to work on /opt/airflow/dags/airflow_utils.py
[2026-04-07T17:28:46.403+0000] {processor.py:914} INFO - Processing file /opt/airflow/dags/airflow_utils.py for tasks to queue
[2026-04-07T17:28:46.406+0000] {logging_mixin.py:190} INFO - [2026-04-07T17:28:46.406+0000] {dagbag.py:588} INFO - Filling up the DagBag from /opt/airflow/dags/airflow_utils.py
[2026-04-07T17:28:46.410+0000] {processor.py:927} WARNING - No viable dags retrieved from /opt/airflow/dags/airflow_utils.py
[2026-04-07T17:28:46.433+0000] {processor.py:208} INFO - Processing /opt/airflow/dags/airflow_utils.py took 0.041 seconds
[2026-04-07T17:29:27.521+0000] {processor.py:186} INFO - Started process (PID=15386) to work on /opt/airflow/dags/airflow_utils.py
[2026-04-07T17:29:27.522+0000] {processor.py:914} INFO - Processing file /opt/airflow/dags/airflow_utils.py for tasks to queue
[2026-04-07T17:29:27.526+0000] {logging_mixin.py:190} INFO - [2026-04-07T17:29:27.526+0000] {dagbag.py:588} INFO - Filling up the DagBag from /opt/airflow/dags/airflow_utils.py
[2026-04-07T17:29:27.530+0000] {processor.py:927} WARNING - No viable dags retrieved from /opt/airflow/dags/airflow_utils.py
[2026-04-07T17:29:27.554+0000] {processor.py:208} INFO - Processing /opt/airflow/dags/airflow_utils.py took 0.043 seconds
[2026-04-07T17:30:13.449+0000] {processor.py:186} INFO - Started process (PID=15457) to work on /opt/airflow/dags/airflow_utils.py
[2026-04-07T17:30:13.450+0000] {processor.py:914} INFO - Processing file /opt/airflow/dags/airflow_utils.py for tasks to queue
[2026-04-07T17:30:13.454+0000] {logging_mixin.py:190} INFO - [2026-04-07T17:30:13.453+0000] {dagbag.py:588} INFO - Filling up the DagBag from /opt/airflow/dags/airflow_utils.py
[2026-04-07T17:30:13.458+0000] {processor.py:927} WARNING - No viable dags retrieved from /opt/airflow/dags/airflow_utils.py
[2026-04-07T17:30:13.483+0000] {processor.py:208} INFO - Processing /opt/airflow/dags/airflow_utils.py took 0.048 seconds
[2026-04-07T17:30:54.390+0000] {processor.py:186} INFO - Started process (PID=15528) to work on /opt/airflow/dags/airflow_utils.py
[2026-04-07T17:30:54.391+0000] {processor.py:914} INFO - Processing file /opt/airflow/dags/airflow_utils.py for tasks to queue
[2026-04-07T17:30:54.395+0000] {logging_mixin.py:190} INFO - [2026-04-07T17:30:54.394+0000] {dagbag.py:588} INFO - Filling up the DagBag from /opt/airflow/dags/airflow_utils.py
[2026-04-07T17:30:54.399+0000] {processor.py:927} WARNING - No viable dags retrieved from /opt/airflow/dags/airflow_utils.py
[2026-04-07T17:30:54.426+0000] {processor.py:208} INFO - Processing /opt/airflow/dags/airflow_utils.py took 0.047 seconds
[2026-04-07T17:31:35.439+0000] {processor.py:186} INFO - Started process (PID=15599) to work on /opt/airflow/dags/airflow_utils.py
[2026-04-07T17:31:35.440+0000] {processor.py:914} INFO - Processing file /opt/airflow/dags/airflow_utils.py for tasks to queue
[2026-04-07T17:31:35.444+0000] {logging_mixin.py:190} INFO - [2026-04-07T17:31:35.443+0000] {dagbag.py:588} INFO - Filling up the DagBag from /opt/airflow/dags/airflow_utils.py
[2026-04-07T17:31:35.448+0000] {processor.py:927} WARNING - No viable dags retrieved from /opt/airflow/dags/airflow_utils.py
[2026-04-07T17:31:35.473+0000] {processor.py:208} INFO - Processing /opt/airflow/dags/airflow_utils.py took 0.048 seconds
[2026-04-07T17:32:17.590+0000] {processor.py:186} INFO - Started process (PID=15672) to work on /opt/airflow/dags/airflow_utils.py
[2026-04-07T17:32:17.592+0000] {processor.py:914} INFO - Processing file /opt/airflow/dags/airflow_utils.py for tasks to queue
[2026-04-07T17:32:17.595+0000] {logging_mixin.py:190} INFO - [2026-04-07T17:32:17.595+0000] {dagbag.py:588} INFO - Filling up the DagBag from /opt/airflow/dags/airflow_utils.py
[2026-04-07T17:32:17.599+0000] {processor.py:927} WARNING - No viable dags retrieved from /opt/airflow/dags/airflow_utils.py
[2026-04-07T17:32:17.630+0000] {processor.py:208} INFO - Processing /opt/airflow/dags/airflow_utils.py took 0.052 seconds
[2026-04-07T17:32:58.483+0000] {processor.py:186} INFO - Started process (PID=15742) to work on /opt/airflow/dags/airflow_utils.py
[2026-04-07T17:32:58.484+0000] {processor.py:914} INFO - Processing file /opt/airflow/dags/airflow_utils.py for tasks to queue
[2026-04-07T17:32:58.488+0000] {logging_mixin.py:190} INFO - [2026-04-07T17:32:58.487+0000] {dagbag.py:588} INFO - Filling up the DagBag from /opt/airflow/dags/airflow_utils.py
[2026-04-07T17:32:58.491+0000] {processor.py:927} WARNING - No viable dags retrieved from /opt/airflow/dags/airflow_utils.py
[2026-04-07T17:32:58.516+0000] {processor.py:208} INFO - Processing /opt/airflow/dags/airflow_utils.py took 0.043 seconds
[2026-04-07T17:33:39.410+0000] {processor.py:186} INFO - Started process (PID=15813) to work on /opt/airflow/dags/airflow_utils.py
[2026-04-07T17:33:39.412+0000] {processor.py:914} INFO - Processing file /opt/airflow/dags/airflow_utils.py for tasks to queue
[2026-04-07T17:33:39.415+0000] {logging_mixin.py:190} INFO - [2026-04-07T17:33:39.414+0000] {dagbag.py:588} INFO - Filling up the DagBag from /opt/airflow/dags/airflow_utils.py
[2026-04-07T17:33:39.418+0000] {processor.py:927} WARNING - No viable dags retrieved from /opt/airflow/dags/airflow_utils.py
[2026-04-07T17:33:39.444+0000] {processor.py:208} INFO - Processing /opt/airflow/dags/airflow_utils.py took 0.045 seconds
[2026-04-07T17:34:20.540+0000] {processor.py:186} INFO - Started process (PID=15886) to work on /opt/airflow/dags/airflow_utils.py
[2026-04-07T17:34:20.542+0000] {processor.py:914} INFO - Processing file /opt/airflow/dags/airflow_utils.py for tasks to queue
[2026-04-07T17:34:20.546+0000] {logging_mixin.py:190} INFO - [2026-04-07T17:34:20.545+0000] {dagbag.py:588} INFO - Filling up the DagBag from /opt/airflow/dags/airflow_utils.py
[2026-04-07T17:34:20.550+0000] {processor.py:927} WARNING - No viable dags retrieved from /opt/airflow/dags/airflow_utils.py
[2026-04-07T17:34:20.574+0000] {processor.py:208} INFO - Processing /opt/airflow/dags/airflow_utils.py took 0.044 seconds
[2026-04-07T17:35:01.362+0000] {processor.py:186} INFO - Started process (PID=15955) to work on /opt/airflow/dags/airflow_utils.py
[2026-04-07T17:35:01.364+0000] {processor.py:914} INFO - Processing file /opt/airflow/dags/airflow_utils.py for tasks to queue
[2026-04-07T17:35:01.368+0000] {logging_mixin.py:190} INFO - [2026-04-07T17:35:01.367+0000] {dagbag.py:588} INFO - Filling up the DagBag from /opt/airflow/dags/airflow_utils.py
[2026-04-07T17:35:01.371+0000] {processor.py:927} WARNING - No viable dags retrieved from /opt/airflow/dags/airflow_utils.py
[2026-04-07T17:35:01.402+0000] {processor.py:208} INFO - Processing /opt/airflow/dags/airflow_utils.py took 0.050 seconds
[2026-04-07T17:35:42.434+0000] {processor.py:186} INFO - Started process (PID=16026) to work on /opt/airflow/dags/airflow_utils.py
[2026-04-07T17:35:42.436+0000] {processor.py:914} INFO - Processing file /opt/airflow/dags/airflow_utils.py for tasks to queue
[2026-04-07T17:35:42.439+0000] {logging_mixin.py:190} INFO - [2026-04-07T17:35:42.439+0000] {dagbag.py:588} INFO - Filling up the DagBag from /opt/airflow/dags/airflow_utils.py
[2026-04-07T17:35:42.443+0000] {processor.py:927} WARNING - No viable dags retrieved from /opt/airflow/dags/airflow_utils.py
[2026-04-07T17:35:42.471+0000] {processor.py:208} INFO - Processing /opt/airflow/dags/airflow_utils.py took 0.047 seconds
[2026-04-07T17:36:23.427+0000] {processor.py:186} INFO - Started process (PID=16098) to work on /opt/airflow/dags/airflow_utils.py
[2026-04-07T17:36:23.429+0000] {processor.py:914} INFO - Processing file /opt/airflow/dags/airflow_utils.py for tasks to queue
[2026-04-07T17:36:23.433+0000] {logging_mixin.py:190} INFO - [2026-04-07T17:36:23.432+0000] {dagbag.py:588} INFO - Filling up the DagBag from /opt/airflow/dags/airflow_utils.py
[2026-04-07T17:36:23.437+0000] {processor.py:927} WARNING - No viable dags retrieved from /opt/airflow/dags/airflow_utils.py
[2026-04-07T17:36:23.463+0000] {processor.py:208} INFO - Processing /opt/airflow/dags/airflow_utils.py took 0.045 seconds
[2026-04-07T17:37:00.316+0000] {processor.py:186} INFO - Started process (PID=16170) to work on /opt/airflow/dags/airflow_utils.py
[2026-04-07T17:37:00.317+0000] {processor.py:914} INFO - Processing file /opt/airflow/dags/airflow_utils.py for tasks to queue
[2026-04-07T17:37:00.321+0000] {logging_mixin.py:190} INFO - [2026-04-07T17:37:00.320+0000] {dagbag.py:588} INFO - Filling up the DagBag from /opt/airflow/dags/airflow_utils.py
[2026-04-07T17:37:00.325+0000] {processor.py:927} WARNING - No viable dags retrieved from /opt/airflow/dags/airflow_utils.py
[2026-04-07T17:37:00.350+0000] {processor.py:208} INFO - Processing /opt/airflow/dags/airflow_utils.py took 0.045 seconds
[2026-04-07T17:37:46.412+0000] {processor.py:186} INFO - Started process (PID=16241) to work on /opt/airflow/dags/airflow_utils.py
[2026-04-07T17:37:46.413+0000] {processor.py:914} INFO - Processing file /opt/airflow/dags/airflow_utils.py for tasks to queue
[2026-04-07T17:37:46.417+0000] {logging_mixin.py:190} INFO - [2026-04-07T17:37:46.416+0000] {dagbag.py:588} INFO - Filling up the DagBag from /opt/airflow/dags/airflow_utils.py
[2026-04-07T17:37:46.420+0000] {processor.py:927} WARNING - No viable dags retrieved from /opt/airflow/dags/airflow_utils.py
[2026-04-07T17:37:46.445+0000] {processor.py:208} INFO - Processing /opt/airflow/dags/airflow_utils.py took 0.043 seconds
[2026-04-07T17:38:27.429+0000] {processor.py:186} INFO - Started process (PID=16312) to work on /opt/airflow/dags/airflow_utils.py
[2026-04-07T17:38:27.431+0000] {processor.py:914} INFO - Processing file /opt/airflow/dags/airflow_utils.py for tasks to queue
[2026-04-07T17:38:27.434+0000] {logging_mixin.py:190} INFO - [2026-04-07T17:38:27.433+0000] {dagbag.py:588} INFO - Filling up the DagBag from /opt/airflow/dags/airflow_utils.py
[2026-04-07T17:38:27.437+0000] {processor.py:927} WARNING - No viable dags retrieved from /opt/airflow/dags/airflow_utils.py
[2026-04-07T17:38:27.464+0000] {processor.py:208} INFO - Processing /opt/airflow/dags/airflow_utils.py took 0.044 seconds
[2026-04-07T17:39:09.550+0000] {processor.py:186} INFO - Started process (PID=16385) to work on /opt/airflow/dags/airflow_utils.py
[2026-04-07T17:39:09.552+0000] {processor.py:914} INFO - Processing file /opt/airflow/dags/airflow_utils.py for tasks to queue
[2026-04-07T17:39:09.555+0000] {logging_mixin.py:190} INFO - [2026-04-07T17:39:09.554+0000] {dagbag.py:588} INFO - Filling up the DagBag from /opt/airflow/dags/airflow_utils.py
[2026-04-07T17:39:09.558+0000] {processor.py:927} WARNING - No viable dags retrieved from /opt/airflow/dags/airflow_utils.py
[2026-04-07T17:39:09.587+0000] {processor.py:208} INFO - Processing /opt/airflow/dags/airflow_utils.py took 0.046 seconds
[2026-04-07T17:39:55.458+0000] {processor.py:186} INFO - Started process (PID=16454) to work on /opt/airflow/dags/airflow_utils.py
[2026-04-07T17:39:55.459+0000] {processor.py:914} INFO - Processing file /opt/airflow/dags/airflow_utils.py for tasks to queue
[2026-04-07T17:39:55.462+0000] {logging_mixin.py:190} INFO - [2026-04-07T17:39:55.462+0000] {dagbag.py:588} INFO - Filling up the DagBag from /opt/airflow/dags/airflow_utils.py
[2026-04-07T17:39:55.466+0000] {processor.py:927} WARNING - No viable dags retrieved from /opt/airflow/dags/airflow_utils.py
[2026-04-07T17:39:55.492+0000] {processor.py:208} INFO - Processing /opt/airflow/dags/airflow_utils.py took 0.045 seconds
[2026-04-07T17:40:36.506+0000] {processor.py:186} INFO - Started process (PID=16525) to work on /opt/airflow/dags/airflow_utils.py
[2026-04-07T17:40:36.508+0000] {processor.py:914} INFO - Processing file /opt/airflow/dags/airflow_utils.py for tasks to queue
[2026-04-07T17:40:36.511+0000] {logging_mixin.py:190} INFO - [2026-04-07T17:40:36.510+0000] {dagbag.py:588} INFO - Filling up the DagBag from /opt/airflow/dags/airflow_utils.py
[2026-04-07T17:40:36.515+0000] {processor.py:927} WARNING - No viable dags retrieved from /opt/airflow/dags/airflow_utils.py
[2026-04-07T17:40:36.543+0000] {processor.py:208} INFO - Processing /opt/airflow/dags/airflow_utils.py took 0.050 seconds
[2026-04-07T17:41:17.350+0000] {processor.py:186} INFO - Started process (PID=16596) to work on /opt/airflow/dags/airflow_utils.py
[2026-04-07T17:41:17.352+0000] {processor.py:914} INFO - Processing file /opt/airflow/dags/airflow_utils.py for tasks to queue
[2026-04-07T17:41:17.356+0000] {logging_mixin.py:190} INFO - [2026-04-07T17:41:17.356+0000] {dagbag.py:588} INFO - Filling up the DagBag from /opt/airflow/dags/airflow_utils.py
[2026-04-07T17:41:17.361+0000] {processor.py:927} WARNING - No viable dags retrieved from /opt/airflow/dags/airflow_utils.py
[2026-04-07T17:41:17.388+0000] {processor.py:208} INFO - Processing /opt/airflow/dags/airflow_utils.py took 0.052 seconds
[2026-04-07T17:41:58.624+0000] {processor.py:186} INFO - Started process (PID=16669) to work on /opt/airflow/dags/airflow_utils.py
[2026-04-07T17:41:58.626+0000] {processor.py:914} INFO - Processing file /opt/airflow/dags/airflow_utils.py for tasks to queue
[2026-04-07T17:41:58.630+0000] {logging_mixin.py:190} INFO - [2026-04-07T17:41:58.629+0000] {dagbag.py:588} INFO - Filling up the DagBag from /opt/airflow/dags/airflow_utils.py
[2026-04-07T17:41:58.633+0000] {processor.py:927} WARNING - No viable dags retrieved from /opt/airflow/dags/airflow_utils.py
[2026-04-07T17:41:58.659+0000] {processor.py:208} INFO - Processing /opt/airflow/dags/airflow_utils.py took 0.050 seconds
[2026-04-07T17:42:44.530+0000] {processor.py:186} INFO - Started process (PID=16740) to work on /opt/airflow/dags/airflow_utils.py
[2026-04-07T17:42:44.531+0000] {processor.py:914} INFO - Processing file /opt/airflow/dags/airflow_utils.py for tasks to queue
[2026-04-07T17:42:44.535+0000] {logging_mixin.py:190} INFO - [2026-04-07T17:42:44.534+0000] {dagbag.py:588} INFO - Filling up the DagBag from /opt/airflow/dags/airflow_utils.py
[2026-04-07T17:42:44.538+0000] {processor.py:927} WARNING - No viable dags retrieved from /opt/airflow/dags/airflow_utils.py
[2026-04-07T17:42:44.565+0000] {processor.py:208} INFO - Processing /opt/airflow/dags/airflow_utils.py took 0.045 seconds
[2026-04-07T17:43:30.632+0000] {processor.py:186} INFO - Started process (PID=16811) to work on /opt/airflow/dags/airflow_utils.py
[2026-04-07T17:43:30.634+0000] {processor.py:914} INFO - Processing file /opt/airflow/dags/airflow_utils.py for tasks to queue
[2026-04-07T17:43:30.637+0000] {logging_mixin.py:190} INFO - [2026-04-07T17:43:30.637+0000] {dagbag.py:588} INFO - Filling up the DagBag from /opt/airflow/dags/airflow_utils.py
[2026-04-07T17:43:30.641+0000] {processor.py:927} WARNING - No viable dags retrieved from /opt/airflow/dags/airflow_utils.py
[2026-04-07T17:43:30.668+0000] {processor.py:208} INFO - Processing /opt/airflow/dags/airflow_utils.py took 0.045 seconds
[2026-04-07T17:44:17.355+0000] {processor.py:186} INFO - Started process (PID=16882) to work on /opt/airflow/dags/airflow_utils.py
[2026-04-07T17:44:17.357+0000] {processor.py:914} INFO - Processing file /opt/airflow/dags/airflow_utils.py for tasks to queue
[2026-04-07T17:44:17.360+0000] {logging_mixin.py:190} INFO - [2026-04-07T17:44:17.360+0000] {dagbag.py:588} INFO - Filling up the DagBag from /opt/airflow/dags/airflow_utils.py
[2026-04-07T17:44:17.365+0000] {processor.py:927} WARNING - No viable dags retrieved from /opt/airflow/dags/airflow_utils.py
[2026-04-07T17:44:17.394+0000] {processor.py:208} INFO - Processing /opt/airflow/dags/airflow_utils.py took 0.050 seconds
[2026-04-07T17:44:58.417+0000] {processor.py:186} INFO - Started process (PID=16953) to work on /opt/airflow/dags/airflow_utils.py
[2026-04-07T17:44:58.419+0000] {processor.py:914} INFO - Processing file /opt/airflow/dags/airflow_utils.py for tasks to queue
[2026-04-07T17:44:58.422+0000] {logging_mixin.py:190} INFO - [2026-04-07T17:44:58.422+0000] {dagbag.py:588} INFO - Filling up the DagBag from /opt/airflow/dags/airflow_utils.py
[2026-04-07T17:44:58.426+0000] {processor.py:927} WARNING - No viable dags retrieved from /opt/airflow/dags/airflow_utils.py
[2026-04-07T17:44:58.451+0000] {processor.py:208} INFO - Processing /opt/airflow/dags/airflow_utils.py took 0.044 seconds
[2026-04-07T17:45:39.579+0000] {processor.py:186} INFO - Started process (PID=17022) to work on /opt/airflow/dags/airflow_utils.py
[2026-04-07T17:45:39.580+0000] {processor.py:914} INFO - Processing file /opt/airflow/dags/airflow_utils.py for tasks to queue
[2026-04-07T17:45:39.584+0000] {logging_mixin.py:190} INFO - [2026-04-07T17:45:39.583+0000] {dagbag.py:588} INFO - Filling up the DagBag from /opt/airflow/dags/airflow_utils.py
[2026-04-07T17:45:39.588+0000] {processor.py:927} WARNING - No viable dags retrieved from /opt/airflow/dags/airflow_utils.py
[2026-04-07T17:45:39.613+0000] {processor.py:208} INFO - Processing /opt/airflow/dags/airflow_utils.py took 0.045 seconds
[2026-04-07T17:46:15.516+0000] {processor.py:186} INFO - Started process (PID=17093) to work on /opt/airflow/dags/airflow_utils.py
[2026-04-07T17:46:15.517+0000] {processor.py:914} INFO - Processing file /opt/airflow/dags/airflow_utils.py for tasks to queue
[2026-04-07T17:46:15.520+0000] {logging_mixin.py:190} INFO - [2026-04-07T17:46:15.520+0000] {dagbag.py:588} INFO - Filling up the DagBag from /opt/airflow/dags/airflow_utils.py
[2026-04-07T17:46:15.524+0000] {processor.py:927} WARNING - No viable dags retrieved from /opt/airflow/dags/airflow_utils.py
[2026-04-07T17:46:15.553+0000] {processor.py:208} INFO - Processing /opt/airflow/dags/airflow_utils.py took 0.048 seconds
[2026-04-07T17:46:58.558+0000] {processor.py:186} INFO - Started process (PID=17164) to work on /opt/airflow/dags/airflow_utils.py
[2026-04-07T17:46:58.559+0000] {processor.py:914} INFO - Processing file /opt/airflow/dags/airflow_utils.py for tasks to queue
[2026-04-07T17:46:58.563+0000] {logging_mixin.py:190} INFO - [2026-04-07T17:46:58.562+0000] {dagbag.py:588} INFO - Filling up the DagBag from /opt/airflow/dags/airflow_utils.py
[2026-04-07T17:46:58.567+0000] {processor.py:927} WARNING - No viable dags retrieved from /opt/airflow/dags/airflow_utils.py
[2026-04-07T17:46:58.595+0000] {processor.py:208} INFO - Processing /opt/airflow/dags/airflow_utils.py took 0.047 seconds
[2026-04-07T17:47:44.458+0000] {processor.py:186} INFO - Started process (PID=17235) to work on /opt/airflow/dags/airflow_utils.py
[2026-04-07T17:47:44.459+0000] {processor.py:914} INFO - Processing file /opt/airflow/dags/airflow_utils.py for tasks to queue
[2026-04-07T17:47:44.463+0000] {logging_mixin.py:190} INFO - [2026-04-07T17:47:44.463+0000] {dagbag.py:588} INFO - Filling up the DagBag from /opt/airflow/dags/airflow_utils.py
[2026-04-07T17:47:44.467+0000] {processor.py:927} WARNING - No viable dags retrieved from /opt/airflow/dags/airflow_utils.py
[2026-04-07T17:47:44.498+0000] {processor.py:208} INFO - Processing /opt/airflow/dags/airflow_utils.py took 0.050 seconds
[2026-04-07T17:48:22.707+0000] {processor.py:186} INFO - Started process (PID=17306) to work on /opt/airflow/dags/airflow_utils.py
[2026-04-07T17:48:22.709+0000] {processor.py:914} INFO - Processing file /opt/airflow/dags/airflow_utils.py for tasks to queue
[2026-04-07T17:48:22.712+0000] {logging_mixin.py:190} INFO - [2026-04-07T17:48:22.712+0000] {dagbag.py:588} INFO - Filling up the DagBag from /opt/airflow/dags/airflow_utils.py
[2026-04-07T17:48:22.716+0000] {processor.py:927} WARNING - No viable dags retrieved from /opt/airflow/dags/airflow_utils.py
[2026-04-07T17:48:22.745+0000] {processor.py:208} INFO - Processing /opt/airflow/dags/airflow_utils.py took 0.050 seconds
[2026-04-07T17:49:01.403+0000] {processor.py:186} INFO - Started process (PID=17379) to work on /opt/airflow/dags/airflow_utils.py
[2026-04-07T17:49:01.404+0000] {processor.py:914} INFO - Processing file /opt/airflow/dags/airflow_utils.py for tasks to queue
[2026-04-07T17:49:01.409+0000] {logging_mixin.py:190} INFO - [2026-04-07T17:49:01.408+0000] {dagbag.py:588} INFO - Filling up the DagBag from /opt/airflow/dags/airflow_utils.py
[2026-04-07T17:49:01.413+0000] {processor.py:927} WARNING - No viable dags retrieved from /opt/airflow/dags/airflow_utils.py
[2026-04-07T17:49:01.437+0000] {processor.py:208} INFO - Processing /opt/airflow/dags/airflow_utils.py took 0.046 seconds
[2026-04-07T17:49:47.481+0000] {processor.py:186} INFO - Started process (PID=17448) to work on /opt/airflow/dags/airflow_utils.py
[2026-04-07T17:49:47.483+0000] {processor.py:914} INFO - Processing file /opt/airflow/dags/airflow_utils.py for tasks to queue
[2026-04-07T17:49:47.487+0000] {logging_mixin.py:190} INFO - [2026-04-07T17:49:47.486+0000] {dagbag.py:588} INFO - Filling up the DagBag from /opt/airflow/dags/airflow_utils.py
[2026-04-07T17:49:47.491+0000] {processor.py:927} WARNING - No viable dags retrieved from /opt/airflow/dags/airflow_utils.py
[2026-04-07T17:49:47.516+0000] {processor.py:208} INFO - Processing /opt/airflow/dags/airflow_utils.py took 0.048 seconds
[2026-04-07T17:50:28.394+0000] {processor.py:186} INFO - Started process (PID=17519) to work on /opt/airflow/dags/airflow_utils.py
[2026-04-07T17:50:28.396+0000] {processor.py:914} INFO - Processing file /opt/airflow/dags/airflow_utils.py for tasks to queue
[2026-04-07T17:50:28.399+0000] {logging_mixin.py:190} INFO - [2026-04-07T17:50:28.398+0000] {dagbag.py:588} INFO - Filling up the DagBag from /opt/airflow/dags/airflow_utils.py
[2026-04-07T17:50:28.403+0000] {processor.py:927} WARNING - No viable dags retrieved from /opt/airflow/dags/airflow_utils.py
[2026-04-07T17:50:28.429+0000] {processor.py:208} INFO - Processing /opt/airflow/dags/airflow_utils.py took 0.045 seconds
[2026-04-07T17:51:09.470+0000] {processor.py:186} INFO - Started process (PID=17592) to work on /opt/airflow/dags/airflow_utils.py
[2026-04-07T17:51:09.471+0000] {processor.py:914} INFO - Processing file /opt/airflow/dags/airflow_utils.py for tasks to queue
[2026-04-07T17:51:09.475+0000] {logging_mixin.py:190} INFO - [2026-04-07T17:51:09.474+0000] {dagbag.py:588} INFO - Filling up the DagBag from /opt/airflow/dags/airflow_utils.py
[2026-04-07T17:51:09.478+0000] {processor.py:927} WARNING - No viable dags retrieved from /opt/airflow/dags/airflow_utils.py
[2026-04-07T17:51:09.503+0000] {processor.py:208} INFO - Processing /opt/airflow/dags/airflow_utils.py took 0.042 seconds
[2026-04-07T17:51:55.621+0000] {processor.py:186} INFO - Started process (PID=17663) to work on /opt/airflow/dags/airflow_utils.py
[2026-04-07T17:51:55.623+0000] {processor.py:914} INFO - Processing file /opt/airflow/dags/airflow_utils.py for tasks to queue
[2026-04-07T17:51:55.626+0000] {logging_mixin.py:190} INFO - [2026-04-07T17:51:55.626+0000] {dagbag.py:588} INFO - Filling up the DagBag from /opt/airflow/dags/airflow_utils.py
[2026-04-07T17:51:55.631+0000] {processor.py:927} WARNING - No viable dags retrieved from /opt/airflow/dags/airflow_utils.py
[2026-04-07T17:51:55.657+0000] {processor.py:208} INFO - Processing /opt/airflow/dags/airflow_utils.py took 0.046 seconds
[2026-04-07T17:52:42.492+0000] {processor.py:186} INFO - Started process (PID=17734) to work on /opt/airflow/dags/airflow_utils.py
[2026-04-07T17:52:42.494+0000] {processor.py:914} INFO - Processing file /opt/airflow/dags/airflow_utils.py for tasks to queue
[2026-04-07T17:52:42.498+0000] {logging_mixin.py:190} INFO - [2026-04-07T17:52:42.497+0000] {dagbag.py:588} INFO - Filling up the DagBag from /opt/airflow/dags/airflow_utils.py
[2026-04-07T17:52:42.501+0000] {processor.py:927} WARNING - No viable dags retrieved from /opt/airflow/dags/airflow_utils.py
[2026-04-07T17:52:42.524+0000] {processor.py:208} INFO - Processing /opt/airflow/dags/airflow_utils.py took 0.042 seconds
[2026-04-07T17:53:23.447+0000] {processor.py:186} INFO - Started process (PID=17805) to work on /opt/airflow/dags/airflow_utils.py
[2026-04-07T17:53:23.449+0000] {processor.py:914} INFO - Processing file /opt/airflow/dags/airflow_utils.py for tasks to queue
[2026-04-07T17:53:23.453+0000] {logging_mixin.py:190} INFO - [2026-04-07T17:53:23.452+0000] {dagbag.py:588} INFO - Filling up the DagBag from /opt/airflow/dags/airflow_utils.py
[2026-04-07T17:53:23.457+0000] {processor.py:927} WARNING - No viable dags retrieved from /opt/airflow/dags/airflow_utils.py
[2026-04-07T17:53:23.483+0000] {processor.py:208} INFO - Processing /opt/airflow/dags/airflow_utils.py took 0.046 seconds
[2026-04-07T17:54:01.452+0000] {processor.py:186} INFO - Started process (PID=17874) to work on /opt/airflow/dags/airflow_utils.py
[2026-04-07T17:54:01.454+0000] {processor.py:914} INFO - Processing file /opt/airflow/dags/airflow_utils.py for tasks to queue
[2026-04-07T17:54:01.457+0000] {logging_mixin.py:190} INFO - [2026-04-07T17:54:01.457+0000] {dagbag.py:588} INFO - Filling up the DagBag from /opt/airflow/dags/airflow_utils.py
[2026-04-07T17:54:01.461+0000] {processor.py:927} WARNING - No viable dags retrieved from /opt/airflow/dags/airflow_utils.py
[2026-04-07T17:54:01.487+0000] {processor.py:208} INFO - Processing /opt/airflow/dags/airflow_utils.py took 0.046 seconds
[2026-04-07T17:54:45.484+0000] {processor.py:186} INFO - Started process (PID=17945) to work on /opt/airflow/dags/airflow_utils.py
[2026-04-07T17:54:45.486+0000] {processor.py:914} INFO - Processing file /opt/airflow/dags/airflow_utils.py for tasks to queue
[2026-04-07T17:54:45.489+0000] {logging_mixin.py:190} INFO - [2026-04-07T17:54:45.489+0000] {dagbag.py:588} INFO - Filling up the DagBag from /opt/airflow/dags/airflow_utils.py
[2026-04-07T17:54:45.493+0000] {processor.py:927} WARNING - No viable dags retrieved from /opt/airflow/dags/airflow_utils.py
[2026-04-07T17:54:45.524+0000] {processor.py:208} INFO - Processing /opt/airflow/dags/airflow_utils.py took 0.049 seconds
[2026-04-07T17:55:26.582+0000] {processor.py:186} INFO - Started process (PID=18016) to work on /opt/airflow/dags/airflow_utils.py
[2026-04-07T17:55:26.584+0000] {processor.py:914} INFO - Processing file /opt/airflow/dags/airflow_utils.py for tasks to queue
[2026-04-07T17:55:26.587+0000] {logging_mixin.py:190} INFO - [2026-04-07T17:55:26.587+0000] {dagbag.py:588} INFO - Filling up the DagBag from /opt/airflow/dags/airflow_utils.py
[2026-04-07T17:55:26.591+0000] {processor.py:927} WARNING - No viable dags retrieved from /opt/airflow/dags/airflow_utils.py
[2026-04-07T17:55:26.617+0000] {processor.py:208} INFO - Processing /opt/airflow/dags/airflow_utils.py took 0.047 seconds
[2026-04-07T17:56:12.467+0000] {processor.py:186} INFO - Started process (PID=18087) to work on /opt/airflow/dags/airflow_utils.py
[2026-04-07T17:56:12.469+0000] {processor.py:914} INFO - Processing file /opt/airflow/dags/airflow_utils.py for tasks to queue
[2026-04-07T17:56:12.472+0000] {logging_mixin.py:190} INFO - [2026-04-07T17:56:12.472+0000] {dagbag.py:588} INFO - Filling up the DagBag from /opt/airflow/dags/airflow_utils.py
[2026-04-07T17:56:12.476+0000] {processor.py:927} WARNING - No viable dags retrieved from /opt/airflow/dags/airflow_utils.py
[2026-04-07T17:56:12.503+0000] {processor.py:208} INFO - Processing /opt/airflow/dags/airflow_utils.py took 0.047 seconds
[2026-04-07T17:56:58.516+0000] {processor.py:186} INFO - Started process (PID=18158) to work on /opt/airflow/dags/airflow_utils.py
[2026-04-07T17:56:58.517+0000] {processor.py:914} INFO - Processing file /opt/airflow/dags/airflow_utils.py for tasks to queue
[2026-04-07T17:56:58.521+0000] {logging_mixin.py:190} INFO - [2026-04-07T17:56:58.520+0000] {dagbag.py:588} INFO - Filling up the DagBag from /opt/airflow/dags/airflow_utils.py
[2026-04-07T17:56:58.525+0000] {processor.py:927} WARNING - No viable dags retrieved from /opt/airflow/dags/airflow_utils.py
[2026-04-07T17:56:58.553+0000] {processor.py:208} INFO - Processing /opt/airflow/dags/airflow_utils.py took 0.051 seconds
[2026-04-07T17:57:45.507+0000] {processor.py:186} INFO - Started process (PID=18229) to work on /opt/airflow/dags/airflow_utils.py
[2026-04-07T17:57:45.509+0000] {processor.py:914} INFO - Processing file /opt/airflow/dags/airflow_utils.py for tasks to queue
[2026-04-07T17:57:45.512+0000] {logging_mixin.py:190} INFO - [2026-04-07T17:57:45.511+0000] {dagbag.py:588} INFO - Filling up the DagBag from /opt/airflow/dags/airflow_utils.py
[2026-04-07T17:57:45.515+0000] {processor.py:927} WARNING - No viable dags retrieved from /opt/airflow/dags/airflow_utils.py
[2026-04-07T17:57:45.541+0000] {processor.py:208} INFO - Processing /opt/airflow/dags/airflow_utils.py took 0.044 seconds
[2026-04-07T17:58:31.368+0000] {processor.py:186} INFO - Started process (PID=18300) to work on /opt/airflow/dags/airflow_utils.py
[2026-04-07T17:58:31.369+0000] {processor.py:914} INFO - Processing file /opt/airflow/dags/airflow_utils.py for tasks to queue
[2026-04-07T17:58:31.374+0000] {logging_mixin.py:190} INFO - [2026-04-07T17:58:31.373+0000] {dagbag.py:588} INFO - Filling up the DagBag from /opt/airflow/dags/airflow_utils.py
[2026-04-07T17:58:31.378+0000] {processor.py:927} WARNING - No viable dags retrieved from /opt/airflow/dags/airflow_utils.py
[2026-04-07T17:58:31.407+0000] {processor.py:208} INFO - Processing /opt/airflow/dags/airflow_utils.py took 0.052 seconds
[2026-04-07T17:59:12.630+0000] {processor.py:186} INFO - Started process (PID=18373) to work on /opt/airflow/dags/airflow_utils.py
[2026-04-07T17:59:12.632+0000] {processor.py:914} INFO - Processing file /opt/airflow/dags/airflow_utils.py for tasks to queue
[2026-04-07T17:59:12.636+0000] {logging_mixin.py:190} INFO - [2026-04-07T17:59:12.635+0000] {dagbag.py:588} INFO - Filling up the DagBag from /opt/airflow/dags/airflow_utils.py
[2026-04-07T17:59:12.640+0000] {processor.py:927} WARNING - No viable dags retrieved from /opt/airflow/dags/airflow_utils.py
[2026-04-07T17:59:12.666+0000] {processor.py:208} INFO - Processing /opt/airflow/dags/airflow_utils.py took 0.050 seconds
[2026-04-07T17:59:53.597+0000] {processor.py:186} INFO - Started process (PID=18444) to work on /opt/airflow/dags/airflow_utils.py
[2026-04-07T17:59:53.599+0000] {processor.py:914} INFO - Processing file /opt/airflow/dags/airflow_utils.py for tasks to queue
[2026-04-07T17:59:53.602+0000] {logging_mixin.py:190} INFO - [2026-04-07T17:59:53.602+0000] {dagbag.py:588} INFO - Filling up the DagBag from /opt/airflow/dags/airflow_utils.py
[2026-04-07T17:59:53.606+0000] {processor.py:927} WARNING - No viable dags retrieved from /opt/airflow/dags/airflow_utils.py
[2026-04-07T17:59:53.636+0000] {processor.py:208} INFO - Processing /opt/airflow/dags/airflow_utils.py took 0.051 seconds
[2026-04-07T18:00:34.406+0000] {processor.py:186} INFO - Started process (PID=18513) to work on /opt/airflow/dags/airflow_utils.py
[2026-04-07T18:00:34.408+0000] {processor.py:914} INFO - Processing file /opt/airflow/dags/airflow_utils.py for tasks to queue
[2026-04-07T18:00:34.413+0000] {logging_mixin.py:190} INFO - [2026-04-07T18:00:34.412+0000] {dagbag.py:588} INFO - Filling up the DagBag from /opt/airflow/dags/airflow_utils.py
[2026-04-07T18:00:34.417+0000] {processor.py:927} WARNING - No viable dags retrieved from /opt/airflow/dags/airflow_utils.py
[2026-04-07T18:00:34.442+0000] {processor.py:208} INFO - Processing /opt/airflow/dags/airflow_utils.py took 0.049 seconds
[2026-04-07T18:01:15.418+0000] {processor.py:186} INFO - Started process (PID=18586) to work on /opt/airflow/dags/airflow_utils.py
[2026-04-07T18:01:15.419+0000] {processor.py:914} INFO - Processing file /opt/airflow/dags/airflow_utils.py for tasks to queue
[2026-04-07T18:01:15.423+0000] {logging_mixin.py:190} INFO - [2026-04-07T18:01:15.423+0000] {dagbag.py:588} INFO - Filling up the DagBag from /opt/airflow/dags/airflow_utils.py
[2026-04-07T18:01:15.427+0000] {processor.py:927} WARNING - No viable dags retrieved from /opt/airflow/dags/airflow_utils.py
[2026-04-07T18:01:15.448+0000] {processor.py:208} INFO - Processing /opt/airflow/dags/airflow_utils.py took 0.041 seconds
[2026-04-07T18:02:02.479+0000] {processor.py:186} INFO - Started process (PID=18657) to work on /opt/airflow/dags/airflow_utils.py
[2026-04-07T18:02:02.480+0000] {processor.py:914} INFO - Processing file /opt/airflow/dags/airflow_utils.py for tasks to queue
[2026-04-07T18:02:02.485+0000] {logging_mixin.py:190} INFO - [2026-04-07T18:02:02.484+0000] {dagbag.py:588} INFO - Filling up the DagBag from /opt/airflow/dags/airflow_utils.py
[2026-04-07T18:02:02.488+0000] {processor.py:927} WARNING - No viable dags retrieved from /opt/airflow/dags/airflow_utils.py
[2026-04-07T18:02:02.512+0000] {processor.py:208} INFO - Processing /opt/airflow/dags/airflow_utils.py took 0.045 seconds
[2026-04-07T18:02:40.482+0000] {processor.py:186} INFO - Started process (PID=18732) to work on /opt/airflow/dags/airflow_utils.py
[2026-04-07T18:02:40.484+0000] {processor.py:914} INFO - Processing file /opt/airflow/dags/airflow_utils.py for tasks to queue
[2026-04-07T18:02:40.487+0000] {logging_mixin.py:190} INFO - [2026-04-07T18:02:40.487+0000] {dagbag.py:588} INFO - Filling up the DagBag from /opt/airflow/dags/airflow_utils.py
[2026-04-07T18:02:40.491+0000] {processor.py:927} WARNING - No viable dags retrieved from /opt/airflow/dags/airflow_utils.py
[2026-04-07T18:02:40.521+0000] {processor.py:208} INFO - Processing /opt/airflow/dags/airflow_utils.py took 0.050 seconds
[2026-04-07T18:03:18.467+0000] {processor.py:186} INFO - Started process (PID=18805) to work on /opt/airflow/dags/airflow_utils.py
[2026-04-07T18:03:18.469+0000] {processor.py:914} INFO - Processing file /opt/airflow/dags/airflow_utils.py for tasks to queue
[2026-04-07T18:03:18.473+0000] {logging_mixin.py:190} INFO - [2026-04-07T18:03:18.473+0000] {dagbag.py:588} INFO - Filling up the DagBag from /opt/airflow/dags/airflow_utils.py
[2026-04-07T18:03:18.478+0000] {processor.py:927} WARNING - No viable dags retrieved from /opt/airflow/dags/airflow_utils.py
[2026-04-07T18:03:18.504+0000] {processor.py:208} INFO - Processing /opt/airflow/dags/airflow_utils.py took 0.046 seconds
[2026-04-07T18:04:06.531+0000] {processor.py:186} INFO - Started process (PID=18874) to work on /opt/airflow/dags/airflow_utils.py
[2026-04-07T18:04:06.532+0000] {processor.py:914} INFO - Processing file /opt/airflow/dags/airflow_utils.py for tasks to queue
[2026-04-07T18:04:06.536+0000] {logging_mixin.py:190} INFO - [2026-04-07T18:04:06.535+0000] {dagbag.py:588} INFO - Filling up the DagBag from /opt/airflow/dags/airflow_utils.py
[2026-04-07T18:04:06.540+0000] {processor.py:927} WARNING - No viable dags retrieved from /opt/airflow/dags/airflow_utils.py
[2026-04-07T18:04:06.566+0000] {processor.py:208} INFO - Processing /opt/airflow/dags/airflow_utils.py took 0.046 seconds
[2026-04-07T18:04:47.440+0000] {processor.py:186} INFO - Started process (PID=18945) to work on /opt/airflow/dags/airflow_utils.py
[2026-04-07T18:04:47.441+0000] {processor.py:914} INFO - Processing file /opt/airflow/dags/airflow_utils.py for tasks to queue
[2026-04-07T18:04:47.444+0000] {logging_mixin.py:190} INFO - [2026-04-07T18:04:47.444+0000] {dagbag.py:588} INFO - Filling up the DagBag from /opt/airflow/dags/airflow_utils.py
[2026-04-07T18:04:47.448+0000] {processor.py:927} WARNING - No viable dags retrieved from /opt/airflow/dags/airflow_utils.py
[2026-04-07T18:04:47.473+0000] {processor.py:208} INFO - Processing /opt/airflow/dags/airflow_utils.py took 0.043 seconds
[2026-04-07T18:05:24.393+0000] {processor.py:186} INFO - Started process (PID=19017) to work on /opt/airflow/dags/airflow_utils.py
[2026-04-07T18:05:24.395+0000] {processor.py:914} INFO - Processing file /opt/airflow/dags/airflow_utils.py for tasks to queue
[2026-04-07T18:05:24.399+0000] {logging_mixin.py:190} INFO - [2026-04-07T18:05:24.398+0000] {dagbag.py:588} INFO - Filling up the DagBag from /opt/airflow/dags/airflow_utils.py
[2026-04-07T18:05:24.402+0000] {processor.py:927} WARNING - No viable dags retrieved from /opt/airflow/dags/airflow_utils.py
[2026-04-07T18:05:24.427+0000] {processor.py:208} INFO - Processing /opt/airflow/dags/airflow_utils.py took 0.044 seconds
[2026-04-07T18:06:03.314+0000] {processor.py:186} INFO - Started process (PID=19086) to work on /opt/airflow/dags/airflow_utils.py
[2026-04-07T18:06:03.315+0000] {processor.py:914} INFO - Processing file /opt/airflow/dags/airflow_utils.py for tasks to queue
[2026-04-07T18:06:03.318+0000] {logging_mixin.py:190} INFO - [2026-04-07T18:06:03.318+0000] {dagbag.py:588} INFO - Filling up the DagBag from /opt/airflow/dags/airflow_utils.py
[2026-04-07T18:06:03.323+0000] {processor.py:927} WARNING - No viable dags retrieved from /opt/airflow/dags/airflow_utils.py
[2026-04-07T18:06:03.348+0000] {processor.py:208} INFO - Processing /opt/airflow/dags/airflow_utils.py took 0.044 seconds
[2026-04-07T18:06:44.322+0000] {processor.py:186} INFO - Started process (PID=19157) to work on /opt/airflow/dags/airflow_utils.py
[2026-04-07T18:06:44.323+0000] {processor.py:914} INFO - Processing file /opt/airflow/dags/airflow_utils.py for tasks to queue
[2026-04-07T18:06:44.327+0000] {logging_mixin.py:190} INFO - [2026-04-07T18:06:44.326+0000] {dagbag.py:588} INFO - Filling up the DagBag from /opt/airflow/dags/airflow_utils.py
[2026-04-07T18:06:44.330+0000] {processor.py:927} WARNING - No viable dags retrieved from /opt/airflow/dags/airflow_utils.py
[2026-04-07T18:06:44.360+0000] {processor.py:208} INFO - Processing /opt/airflow/dags/airflow_utils.py took 0.048 seconds
[2026-04-07T18:07:21.361+0000] {processor.py:186} INFO - Started process (PID=19230) to work on /opt/airflow/dags/airflow_utils.py
[2026-04-07T18:07:21.362+0000] {processor.py:914} INFO - Processing file /opt/airflow/dags/airflow_utils.py for tasks to queue
[2026-04-07T18:07:21.367+0000] {logging_mixin.py:190} INFO - [2026-04-07T18:07:21.366+0000] {dagbag.py:588} INFO - Filling up the DagBag from /opt/airflow/dags/airflow_utils.py
[2026-04-07T18:07:21.370+0000] {processor.py:927} WARNING - No viable dags retrieved from /opt/airflow/dags/airflow_utils.py
[2026-04-07T18:07:21.396+0000] {processor.py:208} INFO - Processing /opt/airflow/dags/airflow_utils.py took 0.047 seconds
[2026-04-07T18:08:02.222+0000] {processor.py:186} INFO - Started process (PID=19301) to work on /opt/airflow/dags/airflow_utils.py
[2026-04-07T18:08:02.223+0000] {processor.py:914} INFO - Processing file /opt/airflow/dags/airflow_utils.py for tasks to queue
[2026-04-07T18:08:02.227+0000] {logging_mixin.py:190} INFO - [2026-04-07T18:08:02.227+0000] {dagbag.py:588} INFO - Filling up the DagBag from /opt/airflow/dags/airflow_utils.py
[2026-04-07T18:08:02.231+0000] {processor.py:927} WARNING - No viable dags retrieved from /opt/airflow/dags/airflow_utils.py
[2026-04-07T18:08:02.254+0000] {processor.py:208} INFO - Processing /opt/airflow/dags/airflow_utils.py took 0.041 seconds
[2026-04-07T18:08:39.252+0000] {processor.py:186} INFO - Started process (PID=19370) to work on /opt/airflow/dags/airflow_utils.py
[2026-04-07T18:08:39.253+0000] {processor.py:914} INFO - Processing file /opt/airflow/dags/airflow_utils.py for tasks to queue
[2026-04-07T18:08:39.257+0000] {logging_mixin.py:190} INFO - [2026-04-07T18:08:39.257+0000] {dagbag.py:588} INFO - Filling up the DagBag from /opt/airflow/dags/airflow_utils.py
[2026-04-07T18:08:39.261+0000] {processor.py:927} WARNING - No viable dags retrieved from /opt/airflow/dags/airflow_utils.py
[2026-04-07T18:08:39.286+0000] {processor.py:208} INFO - Processing /opt/airflow/dags/airflow_utils.py took 0.046 seconds
[2026-04-07T18:09:24.501+0000] {processor.py:186} INFO - Started process (PID=19443) to work on /opt/airflow/dags/airflow_utils.py
[2026-04-07T18:09:24.502+0000] {processor.py:914} INFO - Processing file /opt/airflow/dags/airflow_utils.py for tasks to queue
[2026-04-07T18:09:24.506+0000] {logging_mixin.py:190} INFO - [2026-04-07T18:09:24.505+0000] {dagbag.py:588} INFO - Filling up the DagBag from /opt/airflow/dags/airflow_utils.py
[2026-04-07T18:09:24.509+0000] {processor.py:927} WARNING - No viable dags retrieved from /opt/airflow/dags/airflow_utils.py
[2026-04-07T18:09:24.538+0000] {processor.py:208} INFO - Processing /opt/airflow/dags/airflow_utils.py took 0.049 seconds
[2026-04-07T18:10:05.329+0000] {processor.py:186} INFO - Started process (PID=19514) to work on /opt/airflow/dags/airflow_utils.py
[2026-04-07T18:10:05.330+0000] {processor.py:914} INFO - Processing file /opt/airflow/dags/airflow_utils.py for tasks to queue
[2026-04-07T18:10:05.334+0000] {logging_mixin.py:190} INFO - [2026-04-07T18:10:05.333+0000] {dagbag.py:588} INFO - Filling up the DagBag from /opt/airflow/dags/airflow_utils.py
[2026-04-07T18:10:05.337+0000] {processor.py:927} WARNING - No viable dags retrieved from /opt/airflow/dags/airflow_utils.py
[2026-04-07T18:10:05.366+0000] {processor.py:208} INFO - Processing /opt/airflow/dags/airflow_utils.py took 0.048 seconds
[2026-04-07T18:10:46.221+0000] {processor.py:186} INFO - Started process (PID=19585) to work on /opt/airflow/dags/airflow_utils.py
[2026-04-07T18:10:46.222+0000] {processor.py:914} INFO - Processing file /opt/airflow/dags/airflow_utils.py for tasks to queue
[2026-04-07T18:10:46.226+0000] {logging_mixin.py:190} INFO - [2026-04-07T18:10:46.225+0000] {dagbag.py:588} INFO - Filling up the DagBag from /opt/airflow/dags/airflow_utils.py
[2026-04-07T18:10:46.229+0000] {processor.py:927} WARNING - No viable dags retrieved from /opt/airflow/dags/airflow_utils.py
[2026-04-07T18:10:46.253+0000] {processor.py:208} INFO - Processing /opt/airflow/dags/airflow_utils.py took 0.043 seconds
[2026-04-07T18:11:27.295+0000] {processor.py:186} INFO - Started process (PID=19654) to work on /opt/airflow/dags/airflow_utils.py
[2026-04-07T18:11:27.297+0000] {processor.py:914} INFO - Processing file /opt/airflow/dags/airflow_utils.py for tasks to queue
[2026-04-07T18:11:27.300+0000] {logging_mixin.py:190} INFO - [2026-04-07T18:11:27.299+0000] {dagbag.py:588} INFO - Filling up the DagBag from /opt/airflow/dags/airflow_utils.py
[2026-04-07T18:11:27.303+0000] {processor.py:927} WARNING - No viable dags retrieved from /opt/airflow/dags/airflow_utils.py
[2026-04-07T18:11:27.328+0000] {processor.py:208} INFO - Processing /opt/airflow/dags/airflow_utils.py took 0.044 seconds
[2026-04-07T18:12:32.378+0000] {processor.py:186} INFO - Started process (PID=19725) to work on /opt/airflow/dags/airflow_utils.py
[2026-04-07T18:12:32.379+0000] {processor.py:914} INFO - Processing file /opt/airflow/dags/airflow_utils.py for tasks to queue
[2026-04-07T18:12:32.383+0000] {logging_mixin.py:190} INFO - [2026-04-07T18:12:32.382+0000] {dagbag.py:588} INFO - Filling up the DagBag from /opt/airflow/dags/airflow_utils.py
[2026-04-07T18:12:32.386+0000] {processor.py:927} WARNING - No viable dags retrieved from /opt/airflow/dags/airflow_utils.py
[2026-04-07T18:12:32.409+0000] {processor.py:208} INFO - Processing /opt/airflow/dags/airflow_utils.py took 0.041 seconds
[2026-04-07T18:15:20.390+0000] {processor.py:186} INFO - Started process (PID=19796) to work on /opt/airflow/dags/airflow_utils.py
[2026-04-07T18:15:20.391+0000] {processor.py:914} INFO - Processing file /opt/airflow/dags/airflow_utils.py for tasks to queue
[2026-04-07T18:15:20.395+0000] {logging_mixin.py:190} INFO - [2026-04-07T18:15:20.394+0000] {dagbag.py:588} INFO - Filling up the DagBag from /opt/airflow/dags/airflow_utils.py
[2026-04-07T18:15:20.399+0000] {processor.py:927} WARNING - No viable dags retrieved from /opt/airflow/dags/airflow_utils.py
[2026-04-07T18:15:20.422+0000] {processor.py:208} INFO - Processing /opt/airflow/dags/airflow_utils.py took 0.043 seconds
[2026-04-07T18:24:02.545+0000] {processor.py:186} INFO - Started process (PID=19867) to work on /opt/airflow/dags/airflow_utils.py
[2026-04-07T18:24:02.546+0000] {processor.py:914} INFO - Processing file /opt/airflow/dags/airflow_utils.py for tasks to queue
[2026-04-07T18:24:02.550+0000] {logging_mixin.py:190} INFO - [2026-04-07T18:24:02.550+0000] {dagbag.py:588} INFO - Filling up the DagBag from /opt/airflow/dags/airflow_utils.py
[2026-04-07T18:24:02.554+0000] {processor.py:927} WARNING - No viable dags retrieved from /opt/airflow/dags/airflow_utils.py
[2026-04-07T18:24:02.578+0000] {processor.py:208} INFO - Processing /opt/airflow/dags/airflow_utils.py took 0.044 seconds
