[2026-04-07T14:49:35.350+0000] {processor.py:186} INFO - Started process (PID=216) to work on /opt/airflow/dags/branch.py
[2026-04-07T14:49:35.351+0000] {processor.py:914} INFO - Processing file /opt/airflow/dags/branch.py for tasks to queue
[2026-04-07T14:49:35.355+0000] {logging_mixin.py:190} INFO - [2026-04-07T14:49:35.354+0000] {dagbag.py:588} INFO - Filling up the DagBag from /opt/airflow/dags/branch.py
[2026-04-07T14:49:35.362+0000] {logging_mixin.py:190} INFO - [2026-04-07T14:49:35.359+0000] {dagbag.py:387} ERROR - Failed to import: /opt/airflow/dags/branch.py
Traceback (most recent call last):
  File "/home/airflow/.local/lib/python3.12/site-packages/airflow/models/dagbag.py", line 383, in parse
    loader.exec_module(new_module)
  File "<frozen importlib._bootstrap_external>", line 999, in exec_module
  File "<frozen importlib._bootstrap>", line 488, in _call_with_frames_removed
  File "/opt/airflow/dags/branch.py", line 6, in <module>
    from airflow.operators.branching import BranchPythonOperator
ModuleNotFoundError: No module named 'airflow.operators.branching'
[2026-04-07T14:49:35.364+0000] {processor.py:927} WARNING - No viable dags retrieved from /opt/airflow/dags/branch.py
[2026-04-07T14:49:35.401+0000] {processor.py:208} INFO - Processing /opt/airflow/dags/branch.py took 0.061 seconds
[2026-04-07T14:50:06.052+0000] {processor.py:186} INFO - Started process (PID=300) to work on /opt/airflow/dags/branch.py
[2026-04-07T14:50:06.053+0000] {processor.py:914} INFO - Processing file /opt/airflow/dags/branch.py for tasks to queue
[2026-04-07T14:50:06.057+0000] {logging_mixin.py:190} INFO - [2026-04-07T14:50:06.057+0000] {dagbag.py:588} INFO - Filling up the DagBag from /opt/airflow/dags/branch.py
[2026-04-07T14:50:06.064+0000] {logging_mixin.py:190} INFO - [2026-04-07T14:50:06.062+0000] {dagbag.py:387} ERROR - Failed to import: /opt/airflow/dags/branch.py
Traceback (most recent call last):
  File "/home/airflow/.local/lib/python3.12/site-packages/airflow/models/dagbag.py", line 383, in parse
    loader.exec_module(new_module)
  File "<frozen importlib._bootstrap_external>", line 999, in exec_module
  File "<frozen importlib._bootstrap>", line 488, in _call_with_frames_removed
  File "/opt/airflow/dags/branch.py", line 6, in <module>
    from airflow.operators.branching import BranchPythonOperator
ModuleNotFoundError: No module named 'airflow.operators.branching'
[2026-04-07T14:50:06.065+0000] {processor.py:927} WARNING - No viable dags retrieved from /opt/airflow/dags/branch.py
[2026-04-07T14:50:06.101+0000] {processor.py:208} INFO - Processing /opt/airflow/dags/branch.py took 0.063 seconds
[2026-04-07T14:50:36.324+0000] {processor.py:186} INFO - Started process (PID=371) to work on /opt/airflow/dags/branch.py
[2026-04-07T14:50:36.325+0000] {processor.py:914} INFO - Processing file /opt/airflow/dags/branch.py for tasks to queue
[2026-04-07T14:50:36.329+0000] {logging_mixin.py:190} INFO - [2026-04-07T14:50:36.329+0000] {dagbag.py:588} INFO - Filling up the DagBag from /opt/airflow/dags/branch.py
[2026-04-07T14:50:36.335+0000] {logging_mixin.py:190} INFO - [2026-04-07T14:50:36.333+0000] {dagbag.py:387} ERROR - Failed to import: /opt/airflow/dags/branch.py
Traceback (most recent call last):
  File "/home/airflow/.local/lib/python3.12/site-packages/airflow/models/dagbag.py", line 383, in parse
    loader.exec_module(new_module)
  File "<frozen importlib._bootstrap_external>", line 999, in exec_module
  File "<frozen importlib._bootstrap>", line 488, in _call_with_frames_removed
  File "/opt/airflow/dags/branch.py", line 6, in <module>
    from airflow.operators.branching import BranchPythonOperator
ModuleNotFoundError: No module named 'airflow.operators.branching'
[2026-04-07T14:50:36.336+0000] {processor.py:927} WARNING - No viable dags retrieved from /opt/airflow/dags/branch.py
[2026-04-07T14:50:36.364+0000] {processor.py:208} INFO - Processing /opt/airflow/dags/branch.py took 0.050 seconds
[2026-04-07T14:51:06.622+0000] {processor.py:186} INFO - Started process (PID=442) to work on /opt/airflow/dags/branch.py
[2026-04-07T14:51:06.623+0000] {processor.py:914} INFO - Processing file /opt/airflow/dags/branch.py for tasks to queue
[2026-04-07T14:51:06.625+0000] {logging_mixin.py:190} INFO - [2026-04-07T14:51:06.625+0000] {dagbag.py:588} INFO - Filling up the DagBag from /opt/airflow/dags/branch.py
[2026-04-07T14:51:06.630+0000] {logging_mixin.py:190} INFO - [2026-04-07T14:51:06.628+0000] {dagbag.py:387} ERROR - Failed to import: /opt/airflow/dags/branch.py
Traceback (most recent call last):
  File "/home/airflow/.local/lib/python3.12/site-packages/airflow/models/dagbag.py", line 383, in parse
    loader.exec_module(new_module)
  File "<frozen importlib._bootstrap_external>", line 999, in exec_module
  File "<frozen importlib._bootstrap>", line 488, in _call_with_frames_removed
  File "/opt/airflow/dags/branch.py", line 6, in <module>
    from airflow.operators.branching import BranchPythonOperator
ModuleNotFoundError: No module named 'airflow.operators.branching'
[2026-04-07T14:51:06.631+0000] {processor.py:927} WARNING - No viable dags retrieved from /opt/airflow/dags/branch.py
[2026-04-07T14:51:06.656+0000] {processor.py:208} INFO - Processing /opt/airflow/dags/branch.py took 0.044 seconds
[2026-04-07T14:51:36.852+0000] {processor.py:186} INFO - Started process (PID=511) to work on /opt/airflow/dags/branch.py
[2026-04-07T14:51:36.853+0000] {processor.py:914} INFO - Processing file /opt/airflow/dags/branch.py for tasks to queue
[2026-04-07T14:51:36.856+0000] {logging_mixin.py:190} INFO - [2026-04-07T14:51:36.856+0000] {dagbag.py:588} INFO - Filling up the DagBag from /opt/airflow/dags/branch.py
[2026-04-07T14:51:36.861+0000] {logging_mixin.py:190} INFO - [2026-04-07T14:51:36.859+0000] {dagbag.py:387} ERROR - Failed to import: /opt/airflow/dags/branch.py
Traceback (most recent call last):
  File "/home/airflow/.local/lib/python3.12/site-packages/airflow/models/dagbag.py", line 383, in parse
    loader.exec_module(new_module)
  File "<frozen importlib._bootstrap_external>", line 999, in exec_module
  File "<frozen importlib._bootstrap>", line 488, in _call_with_frames_removed
  File "/opt/airflow/dags/branch.py", line 6, in <module>
    from airflow.operators.branching import BranchPythonOperator
ModuleNotFoundError: No module named 'airflow.operators.branching'
[2026-04-07T14:51:36.862+0000] {processor.py:927} WARNING - No viable dags retrieved from /opt/airflow/dags/branch.py
[2026-04-07T14:51:36.889+0000] {processor.py:208} INFO - Processing /opt/airflow/dags/branch.py took 0.046 seconds
[2026-04-07T14:52:07.107+0000] {processor.py:186} INFO - Started process (PID=582) to work on /opt/airflow/dags/branch.py
[2026-04-07T14:52:07.108+0000] {processor.py:914} INFO - Processing file /opt/airflow/dags/branch.py for tasks to queue
[2026-04-07T14:52:07.111+0000] {logging_mixin.py:190} INFO - [2026-04-07T14:52:07.110+0000] {dagbag.py:588} INFO - Filling up the DagBag from /opt/airflow/dags/branch.py
[2026-04-07T14:52:07.114+0000] {logging_mixin.py:190} INFO - [2026-04-07T14:52:07.113+0000] {dagbag.py:387} ERROR - Failed to import: /opt/airflow/dags/branch.py
Traceback (most recent call last):
  File "/home/airflow/.local/lib/python3.12/site-packages/airflow/models/dagbag.py", line 383, in parse
    loader.exec_module(new_module)
  File "<frozen importlib._bootstrap_external>", line 999, in exec_module
  File "<frozen importlib._bootstrap>", line 488, in _call_with_frames_removed
  File "/opt/airflow/dags/branch.py", line 6, in <module>
    from airflow.operators.branching import BranchPythonOperator
ModuleNotFoundError: No module named 'airflow.operators.branching'
[2026-04-07T14:52:07.115+0000] {processor.py:927} WARNING - No viable dags retrieved from /opt/airflow/dags/branch.py
[2026-04-07T14:52:07.138+0000] {processor.py:208} INFO - Processing /opt/airflow/dags/branch.py took 0.040 seconds
[2026-04-07T14:52:38.358+0000] {processor.py:186} INFO - Started process (PID=655) to work on /opt/airflow/dags/branch.py
[2026-04-07T14:52:38.359+0000] {processor.py:914} INFO - Processing file /opt/airflow/dags/branch.py for tasks to queue
[2026-04-07T14:52:38.362+0000] {logging_mixin.py:190} INFO - [2026-04-07T14:52:38.362+0000] {dagbag.py:588} INFO - Filling up the DagBag from /opt/airflow/dags/branch.py
[2026-04-07T14:52:38.368+0000] {logging_mixin.py:190} INFO - [2026-04-07T14:52:38.366+0000] {dagbag.py:387} ERROR - Failed to import: /opt/airflow/dags/branch.py
Traceback (most recent call last):
  File "/home/airflow/.local/lib/python3.12/site-packages/airflow/models/dagbag.py", line 383, in parse
    loader.exec_module(new_module)
  File "<frozen importlib._bootstrap_external>", line 999, in exec_module
  File "<frozen importlib._bootstrap>", line 488, in _call_with_frames_removed
  File "/opt/airflow/dags/branch.py", line 6, in <module>
    from airflow.operators.branching import BranchPythonOperator
ModuleNotFoundError: No module named 'airflow.operators.branching'
[2026-04-07T14:52:38.368+0000] {processor.py:927} WARNING - No viable dags retrieved from /opt/airflow/dags/branch.py
[2026-04-07T14:52:38.400+0000] {processor.py:208} INFO - Processing /opt/airflow/dags/branch.py took 0.051 seconds
[2026-04-07T14:53:08.528+0000] {processor.py:186} INFO - Started process (PID=724) to work on /opt/airflow/dags/branch.py
[2026-04-07T14:53:08.529+0000] {processor.py:914} INFO - Processing file /opt/airflow/dags/branch.py for tasks to queue
[2026-04-07T14:53:08.532+0000] {logging_mixin.py:190} INFO - [2026-04-07T14:53:08.532+0000] {dagbag.py:588} INFO - Filling up the DagBag from /opt/airflow/dags/branch.py
[2026-04-07T14:53:08.536+0000] {logging_mixin.py:190} INFO - [2026-04-07T14:53:08.535+0000] {dagbag.py:387} ERROR - Failed to import: /opt/airflow/dags/branch.py
Traceback (most recent call last):
  File "/home/airflow/.local/lib/python3.12/site-packages/airflow/models/dagbag.py", line 383, in parse
    loader.exec_module(new_module)
  File "<frozen importlib._bootstrap_external>", line 999, in exec_module
  File "<frozen importlib._bootstrap>", line 488, in _call_with_frames_removed
  File "/opt/airflow/dags/branch.py", line 6, in <module>
    from airflow.operators.branching import BranchPythonOperator
ModuleNotFoundError: No module named 'airflow.operators.branching'
[2026-04-07T14:53:08.537+0000] {processor.py:927} WARNING - No viable dags retrieved from /opt/airflow/dags/branch.py
[2026-04-07T14:53:08.566+0000] {processor.py:208} INFO - Processing /opt/airflow/dags/branch.py took 0.045 seconds
[2026-04-07T14:53:39.775+0000] {processor.py:186} INFO - Started process (PID=797) to work on /opt/airflow/dags/branch.py
[2026-04-07T14:53:39.776+0000] {processor.py:914} INFO - Processing file /opt/airflow/dags/branch.py for tasks to queue
[2026-04-07T14:53:39.779+0000] {logging_mixin.py:190} INFO - [2026-04-07T14:53:39.778+0000] {dagbag.py:588} INFO - Filling up the DagBag from /opt/airflow/dags/branch.py
[2026-04-07T14:53:39.782+0000] {logging_mixin.py:190} INFO - [2026-04-07T14:53:39.781+0000] {dagbag.py:387} ERROR - Failed to import: /opt/airflow/dags/branch.py
Traceback (most recent call last):
  File "/home/airflow/.local/lib/python3.12/site-packages/airflow/models/dagbag.py", line 383, in parse
    loader.exec_module(new_module)
  File "<frozen importlib._bootstrap_external>", line 999, in exec_module
  File "<frozen importlib._bootstrap>", line 488, in _call_with_frames_removed
  File "/opt/airflow/dags/branch.py", line 6, in <module>
    from airflow.operators.branching import BranchPythonOperator
ModuleNotFoundError: No module named 'airflow.operators.branching'
[2026-04-07T14:53:39.783+0000] {processor.py:927} WARNING - No viable dags retrieved from /opt/airflow/dags/branch.py
[2026-04-07T14:53:39.807+0000] {processor.py:208} INFO - Processing /opt/airflow/dags/branch.py took 0.042 seconds
[2026-04-07T14:54:10.022+0000] {processor.py:186} INFO - Started process (PID=868) to work on /opt/airflow/dags/branch.py
[2026-04-07T14:54:10.023+0000] {processor.py:914} INFO - Processing file /opt/airflow/dags/branch.py for tasks to queue
[2026-04-07T14:54:10.024+0000] {logging_mixin.py:190} INFO - [2026-04-07T14:54:10.024+0000] {dagbag.py:588} INFO - Filling up the DagBag from /opt/airflow/dags/branch.py
[2026-04-07T14:54:10.027+0000] {logging_mixin.py:190} INFO - [2026-04-07T14:54:10.026+0000] {dagbag.py:387} ERROR - Failed to import: /opt/airflow/dags/branch.py
Traceback (most recent call last):
  File "/home/airflow/.local/lib/python3.12/site-packages/airflow/models/dagbag.py", line 383, in parse
    loader.exec_module(new_module)
  File "<frozen importlib._bootstrap_external>", line 999, in exec_module
  File "<frozen importlib._bootstrap>", line 488, in _call_with_frames_removed
  File "/opt/airflow/dags/branch.py", line 6, in <module>
    from airflow.operators.branching import BranchPythonOperator
ModuleNotFoundError: No module named 'airflow.operators.branching'
[2026-04-07T14:54:10.028+0000] {processor.py:927} WARNING - No viable dags retrieved from /opt/airflow/dags/branch.py
[2026-04-07T14:54:10.049+0000] {processor.py:208} INFO - Processing /opt/airflow/dags/branch.py took 0.033 seconds
[2026-04-07T14:54:40.624+0000] {processor.py:186} INFO - Started process (PID=965) to work on /opt/airflow/dags/branch.py
[2026-04-07T14:54:40.626+0000] {processor.py:914} INFO - Processing file /opt/airflow/dags/branch.py for tasks to queue
[2026-04-07T14:54:40.631+0000] {logging_mixin.py:190} INFO - [2026-04-07T14:54:40.630+0000] {dagbag.py:588} INFO - Filling up the DagBag from /opt/airflow/dags/branch.py
[2026-04-07T14:54:40.645+0000] {logging_mixin.py:190} INFO - [2026-04-07T14:54:40.637+0000] {dagbag.py:387} ERROR - Failed to import: /opt/airflow/dags/branch.py
Traceback (most recent call last):
  File "/home/airflow/.local/lib/python3.12/site-packages/airflow/models/dagbag.py", line 383, in parse
    loader.exec_module(new_module)
  File "<frozen importlib._bootstrap_external>", line 999, in exec_module
  File "<frozen importlib._bootstrap>", line 488, in _call_with_frames_removed
  File "/opt/airflow/dags/branch.py", line 6, in <module>
    from airflow.operators.branching import BranchPythonOperator
ModuleNotFoundError: No module named 'airflow.operators.branching'
[2026-04-07T14:54:40.647+0000] {processor.py:927} WARNING - No viable dags retrieved from /opt/airflow/dags/branch.py
[2026-04-07T14:54:40.705+0000] {processor.py:208} INFO - Processing /opt/airflow/dags/branch.py took 0.094 seconds
[2026-04-07T14:55:11.116+0000] {processor.py:186} INFO - Started process (PID=1186) to work on /opt/airflow/dags/branch.py
[2026-04-07T14:55:11.117+0000] {processor.py:914} INFO - Processing file /opt/airflow/dags/branch.py for tasks to queue
[2026-04-07T14:55:11.120+0000] {logging_mixin.py:190} INFO - [2026-04-07T14:55:11.119+0000] {dagbag.py:588} INFO - Filling up the DagBag from /opt/airflow/dags/branch.py
[2026-04-07T14:55:11.126+0000] {logging_mixin.py:190} INFO - [2026-04-07T14:55:11.125+0000] {dagbag.py:387} ERROR - Failed to import: /opt/airflow/dags/branch.py
Traceback (most recent call last):
  File "/home/airflow/.local/lib/python3.12/site-packages/airflow/models/dagbag.py", line 383, in parse
    loader.exec_module(new_module)
  File "<frozen importlib._bootstrap_external>", line 999, in exec_module
  File "<frozen importlib._bootstrap>", line 488, in _call_with_frames_removed
  File "/opt/airflow/dags/branch.py", line 6, in <module>
    from airflow.operators.branching import BranchPythonOperator
ModuleNotFoundError: No module named 'airflow.operators.branching'
[2026-04-07T14:55:11.127+0000] {processor.py:927} WARNING - No viable dags retrieved from /opt/airflow/dags/branch.py
[2026-04-07T14:55:11.154+0000] {processor.py:208} INFO - Processing /opt/airflow/dags/branch.py took 0.051 seconds
[2026-04-07T14:55:42.301+0000] {processor.py:186} INFO - Started process (PID=1257) to work on /opt/airflow/dags/branch.py
[2026-04-07T14:55:42.302+0000] {processor.py:914} INFO - Processing file /opt/airflow/dags/branch.py for tasks to queue
[2026-04-07T14:55:42.305+0000] {logging_mixin.py:190} INFO - [2026-04-07T14:55:42.305+0000] {dagbag.py:588} INFO - Filling up the DagBag from /opt/airflow/dags/branch.py
[2026-04-07T14:55:42.310+0000] {logging_mixin.py:190} INFO - [2026-04-07T14:55:42.308+0000] {dagbag.py:387} ERROR - Failed to import: /opt/airflow/dags/branch.py
Traceback (most recent call last):
  File "/home/airflow/.local/lib/python3.12/site-packages/airflow/models/dagbag.py", line 383, in parse
    loader.exec_module(new_module)
  File "<frozen importlib._bootstrap_external>", line 999, in exec_module
  File "<frozen importlib._bootstrap>", line 488, in _call_with_frames_removed
  File "/opt/airflow/dags/branch.py", line 6, in <module>
    from airflow.operators.branching import BranchPythonOperator
ModuleNotFoundError: No module named 'airflow.operators.branching'
[2026-04-07T14:55:42.310+0000] {processor.py:927} WARNING - No viable dags retrieved from /opt/airflow/dags/branch.py
[2026-04-07T14:55:42.338+0000] {processor.py:208} INFO - Processing /opt/airflow/dags/branch.py took 0.047 seconds
[2026-04-07T14:56:12.525+0000] {processor.py:186} INFO - Started process (PID=1329) to work on /opt/airflow/dags/branch.py
[2026-04-07T14:56:12.526+0000] {processor.py:914} INFO - Processing file /opt/airflow/dags/branch.py for tasks to queue
[2026-04-07T14:56:12.528+0000] {logging_mixin.py:190} INFO - [2026-04-07T14:56:12.528+0000] {dagbag.py:588} INFO - Filling up the DagBag from /opt/airflow/dags/branch.py
[2026-04-07T14:56:12.533+0000] {logging_mixin.py:190} INFO - [2026-04-07T14:56:12.531+0000] {dagbag.py:387} ERROR - Failed to import: /opt/airflow/dags/branch.py
Traceback (most recent call last):
  File "/home/airflow/.local/lib/python3.12/site-packages/airflow/models/dagbag.py", line 383, in parse
    loader.exec_module(new_module)
  File "<frozen importlib._bootstrap_external>", line 999, in exec_module
  File "<frozen importlib._bootstrap>", line 488, in _call_with_frames_removed
  File "/opt/airflow/dags/branch.py", line 6, in <module>
    from airflow.operators.branching import BranchPythonOperator
ModuleNotFoundError: No module named 'airflow.operators.branching'
[2026-04-07T14:56:12.533+0000] {processor.py:927} WARNING - No viable dags retrieved from /opt/airflow/dags/branch.py
[2026-04-07T14:56:12.563+0000] {processor.py:208} INFO - Processing /opt/airflow/dags/branch.py took 0.046 seconds
[2026-04-07T14:56:44.210+0000] {processor.py:186} INFO - Started process (PID=1402) to work on /opt/airflow/dags/branch.py
[2026-04-07T14:56:44.212+0000] {processor.py:914} INFO - Processing file /opt/airflow/dags/branch.py for tasks to queue
[2026-04-07T14:56:44.215+0000] {logging_mixin.py:190} INFO - [2026-04-07T14:56:44.215+0000] {dagbag.py:588} INFO - Filling up the DagBag from /opt/airflow/dags/branch.py
[2026-04-07T14:56:44.222+0000] {logging_mixin.py:190} INFO - [2026-04-07T14:56:44.220+0000] {dagbag.py:387} ERROR - Failed to import: /opt/airflow/dags/branch.py
Traceback (most recent call last):
  File "/home/airflow/.local/lib/python3.12/site-packages/airflow/models/dagbag.py", line 383, in parse
    loader.exec_module(new_module)
  File "<frozen importlib._bootstrap_external>", line 999, in exec_module
  File "<frozen importlib._bootstrap>", line 488, in _call_with_frames_removed
  File "/opt/airflow/dags/branch.py", line 6, in <module>
    from airflow.operators.branching import BranchPythonOperator
ModuleNotFoundError: No module named 'airflow.operators.branching'
[2026-04-07T14:56:44.224+0000] {processor.py:927} WARNING - No viable dags retrieved from /opt/airflow/dags/branch.py
[2026-04-07T14:56:44.268+0000] {processor.py:208} INFO - Processing /opt/airflow/dags/branch.py took 0.070 seconds
[2026-04-07T14:57:15.210+0000] {processor.py:186} INFO - Started process (PID=1471) to work on /opt/airflow/dags/branch.py
[2026-04-07T14:57:15.212+0000] {processor.py:914} INFO - Processing file /opt/airflow/dags/branch.py for tasks to queue
[2026-04-07T14:57:15.218+0000] {logging_mixin.py:190} INFO - [2026-04-07T14:57:15.216+0000] {dagbag.py:588} INFO - Filling up the DagBag from /opt/airflow/dags/branch.py
[2026-04-07T14:57:15.225+0000] {logging_mixin.py:190} INFO - [2026-04-07T14:57:15.223+0000] {dagbag.py:387} ERROR - Failed to import: /opt/airflow/dags/branch.py
Traceback (most recent call last):
  File "/home/airflow/.local/lib/python3.12/site-packages/airflow/models/dagbag.py", line 383, in parse
    loader.exec_module(new_module)
  File "<frozen importlib._bootstrap_external>", line 999, in exec_module
  File "<frozen importlib._bootstrap>", line 488, in _call_with_frames_removed
  File "/opt/airflow/dags/branch.py", line 6, in <module>
    from airflow.operators.branching import BranchPythonOperator
ModuleNotFoundError: No module named 'airflow.operators.branching'
[2026-04-07T14:57:15.226+0000] {processor.py:927} WARNING - No viable dags retrieved from /opt/airflow/dags/branch.py
[2026-04-07T14:57:15.260+0000] {processor.py:208} INFO - Processing /opt/airflow/dags/branch.py took 0.068 seconds
[2026-04-07T14:57:45.598+0000] {processor.py:186} INFO - Started process (PID=1544) to work on /opt/airflow/dags/branch.py
[2026-04-07T14:57:45.599+0000] {processor.py:914} INFO - Processing file /opt/airflow/dags/branch.py for tasks to queue
[2026-04-07T14:57:45.601+0000] {logging_mixin.py:190} INFO - [2026-04-07T14:57:45.601+0000] {dagbag.py:588} INFO - Filling up the DagBag from /opt/airflow/dags/branch.py
[2026-04-07T14:57:45.604+0000] {logging_mixin.py:190} INFO - [2026-04-07T14:57:45.603+0000] {dagbag.py:387} ERROR - Failed to import: /opt/airflow/dags/branch.py
Traceback (most recent call last):
  File "/home/airflow/.local/lib/python3.12/site-packages/airflow/models/dagbag.py", line 383, in parse
    loader.exec_module(new_module)
  File "<frozen importlib._bootstrap_external>", line 999, in exec_module
  File "<frozen importlib._bootstrap>", line 488, in _call_with_frames_removed
  File "/opt/airflow/dags/branch.py", line 6, in <module>
    from airflow.operators.branching import BranchPythonOperator
ModuleNotFoundError: No module named 'airflow.operators.branching'
[2026-04-07T14:57:45.605+0000] {processor.py:927} WARNING - No viable dags retrieved from /opt/airflow/dags/branch.py
[2026-04-07T14:57:45.630+0000] {processor.py:208} INFO - Processing /opt/airflow/dags/branch.py took 0.045 seconds
[2026-04-07T14:58:16.133+0000] {processor.py:186} INFO - Started process (PID=1615) to work on /opt/airflow/dags/branch.py
[2026-04-07T14:58:16.134+0000] {processor.py:914} INFO - Processing file /opt/airflow/dags/branch.py for tasks to queue
[2026-04-07T14:58:16.137+0000] {logging_mixin.py:190} INFO - [2026-04-07T14:58:16.137+0000] {dagbag.py:588} INFO - Filling up the DagBag from /opt/airflow/dags/branch.py
[2026-04-07T14:58:16.142+0000] {logging_mixin.py:190} INFO - [2026-04-07T14:58:16.140+0000] {dagbag.py:387} ERROR - Failed to import: /opt/airflow/dags/branch.py
Traceback (most recent call last):
  File "/home/airflow/.local/lib/python3.12/site-packages/airflow/models/dagbag.py", line 383, in parse
    loader.exec_module(new_module)
  File "<frozen importlib._bootstrap_external>", line 999, in exec_module
  File "<frozen importlib._bootstrap>", line 488, in _call_with_frames_removed
  File "/opt/airflow/dags/branch.py", line 6, in <module>
    from airflow.operators.branching import BranchPythonOperator
ModuleNotFoundError: No module named 'airflow.operators.branching'
[2026-04-07T14:58:16.143+0000] {processor.py:927} WARNING - No viable dags retrieved from /opt/airflow/dags/branch.py
[2026-04-07T14:58:16.172+0000] {processor.py:208} INFO - Processing /opt/airflow/dags/branch.py took 0.049 seconds
[2026-04-07T14:58:46.552+0000] {processor.py:186} INFO - Started process (PID=1684) to work on /opt/airflow/dags/branch.py
[2026-04-07T14:58:46.553+0000] {processor.py:914} INFO - Processing file /opt/airflow/dags/branch.py for tasks to queue
[2026-04-07T14:58:46.557+0000] {logging_mixin.py:190} INFO - [2026-04-07T14:58:46.556+0000] {dagbag.py:588} INFO - Filling up the DagBag from /opt/airflow/dags/branch.py
[2026-04-07T14:58:46.564+0000] {logging_mixin.py:190} INFO - [2026-04-07T14:58:46.561+0000] {dagbag.py:387} ERROR - Failed to import: /opt/airflow/dags/branch.py
Traceback (most recent call last):
  File "/home/airflow/.local/lib/python3.12/site-packages/airflow/models/dagbag.py", line 383, in parse
    loader.exec_module(new_module)
  File "<frozen importlib._bootstrap_external>", line 999, in exec_module
  File "<frozen importlib._bootstrap>", line 488, in _call_with_frames_removed
  File "/opt/airflow/dags/branch.py", line 6, in <module>
    from airflow.operators.branching import BranchPythonOperator
ModuleNotFoundError: No module named 'airflow.operators.branching'
[2026-04-07T14:58:46.565+0000] {processor.py:927} WARNING - No viable dags retrieved from /opt/airflow/dags/branch.py
[2026-04-07T14:58:46.599+0000] {processor.py:208} INFO - Processing /opt/airflow/dags/branch.py took 0.055 seconds
[2026-04-07T14:59:17.024+0000] {processor.py:186} INFO - Started process (PID=1755) to work on /opt/airflow/dags/branch.py
[2026-04-07T14:59:17.026+0000] {processor.py:914} INFO - Processing file /opt/airflow/dags/branch.py for tasks to queue
[2026-04-07T14:59:17.028+0000] {logging_mixin.py:190} INFO - [2026-04-07T14:59:17.028+0000] {dagbag.py:588} INFO - Filling up the DagBag from /opt/airflow/dags/branch.py
[2026-04-07T14:59:17.034+0000] {logging_mixin.py:190} INFO - [2026-04-07T14:59:17.032+0000] {dagbag.py:387} ERROR - Failed to import: /opt/airflow/dags/branch.py
Traceback (most recent call last):
  File "/home/airflow/.local/lib/python3.12/site-packages/airflow/models/dagbag.py", line 383, in parse
    loader.exec_module(new_module)
  File "<frozen importlib._bootstrap_external>", line 999, in exec_module
  File "<frozen importlib._bootstrap>", line 488, in _call_with_frames_removed
  File "/opt/airflow/dags/branch.py", line 6, in <module>
    from airflow.operators.branching import BranchPythonOperator
ModuleNotFoundError: No module named 'airflow.operators.branching'
[2026-04-07T14:59:17.034+0000] {processor.py:927} WARNING - No viable dags retrieved from /opt/airflow/dags/branch.py
[2026-04-07T14:59:17.063+0000] {processor.py:208} INFO - Processing /opt/airflow/dags/branch.py took 0.048 seconds
[2026-04-07T14:59:47.543+0000] {processor.py:186} INFO - Started process (PID=1826) to work on /opt/airflow/dags/branch.py
[2026-04-07T14:59:47.545+0000] {processor.py:914} INFO - Processing file /opt/airflow/dags/branch.py for tasks to queue
[2026-04-07T14:59:47.550+0000] {logging_mixin.py:190} INFO - [2026-04-07T14:59:47.549+0000] {dagbag.py:588} INFO - Filling up the DagBag from /opt/airflow/dags/branch.py
[2026-04-07T14:59:47.557+0000] {logging_mixin.py:190} INFO - [2026-04-07T14:59:47.555+0000] {dagbag.py:387} ERROR - Failed to import: /opt/airflow/dags/branch.py
Traceback (most recent call last):
  File "/home/airflow/.local/lib/python3.12/site-packages/airflow/models/dagbag.py", line 383, in parse
    loader.exec_module(new_module)
  File "<frozen importlib._bootstrap_external>", line 999, in exec_module
  File "<frozen importlib._bootstrap>", line 488, in _call_with_frames_removed
  File "/opt/airflow/dags/branch.py", line 6, in <module>
    from airflow.operators.branching import BranchPythonOperator
ModuleNotFoundError: No module named 'airflow.operators.branching'
[2026-04-07T14:59:47.558+0000] {processor.py:927} WARNING - No viable dags retrieved from /opt/airflow/dags/branch.py
[2026-04-07T14:59:47.594+0000] {processor.py:208} INFO - Processing /opt/airflow/dags/branch.py took 0.064 seconds
[2026-04-07T15:00:18.175+0000] {processor.py:186} INFO - Started process (PID=2054) to work on /opt/airflow/dags/branch.py
[2026-04-07T15:00:18.176+0000] {processor.py:914} INFO - Processing file /opt/airflow/dags/branch.py for tasks to queue
[2026-04-07T15:00:18.179+0000] {logging_mixin.py:190} INFO - [2026-04-07T15:00:18.179+0000] {dagbag.py:588} INFO - Filling up the DagBag from /opt/airflow/dags/branch.py
[2026-04-07T15:00:18.185+0000] {logging_mixin.py:190} INFO - [2026-04-07T15:00:18.183+0000] {dagbag.py:387} ERROR - Failed to import: /opt/airflow/dags/branch.py
Traceback (most recent call last):
  File "/home/airflow/.local/lib/python3.12/site-packages/airflow/models/dagbag.py", line 383, in parse
    loader.exec_module(new_module)
  File "<frozen importlib._bootstrap_external>", line 999, in exec_module
  File "<frozen importlib._bootstrap>", line 488, in _call_with_frames_removed
  File "/opt/airflow/dags/branch.py", line 6, in <module>
    from airflow.operators.branching import BranchPythonOperator
ModuleNotFoundError: No module named 'airflow.operators.branching'
[2026-04-07T15:00:18.185+0000] {processor.py:927} WARNING - No viable dags retrieved from /opt/airflow/dags/branch.py
[2026-04-07T15:00:18.225+0000] {processor.py:208} INFO - Processing /opt/airflow/dags/branch.py took 0.063 seconds
[2026-04-07T15:00:48.760+0000] {processor.py:186} INFO - Started process (PID=2120) to work on /opt/airflow/dags/branch.py
[2026-04-07T15:00:48.762+0000] {processor.py:914} INFO - Processing file /opt/airflow/dags/branch.py for tasks to queue
[2026-04-07T15:00:48.765+0000] {logging_mixin.py:190} INFO - [2026-04-07T15:00:48.764+0000] {dagbag.py:588} INFO - Filling up the DagBag from /opt/airflow/dags/branch.py
[2026-04-07T15:00:48.770+0000] {logging_mixin.py:190} INFO - [2026-04-07T15:00:48.768+0000] {dagbag.py:387} ERROR - Failed to import: /opt/airflow/dags/branch.py
Traceback (most recent call last):
  File "/home/airflow/.local/lib/python3.12/site-packages/airflow/models/dagbag.py", line 383, in parse
    loader.exec_module(new_module)
  File "<frozen importlib._bootstrap_external>", line 999, in exec_module
  File "<frozen importlib._bootstrap>", line 488, in _call_with_frames_removed
  File "/opt/airflow/dags/branch.py", line 6, in <module>
    from airflow.operators.branching import BranchPythonOperator
ModuleNotFoundError: No module named 'airflow.operators.branching'
[2026-04-07T15:00:48.771+0000] {processor.py:927} WARNING - No viable dags retrieved from /opt/airflow/dags/branch.py
[2026-04-07T15:00:48.811+0000] {processor.py:208} INFO - Processing /opt/airflow/dags/branch.py took 0.062 seconds
[2026-04-07T15:01:19.252+0000] {processor.py:186} INFO - Started process (PID=2188) to work on /opt/airflow/dags/branch.py
[2026-04-07T15:01:19.253+0000] {processor.py:914} INFO - Processing file /opt/airflow/dags/branch.py for tasks to queue
[2026-04-07T15:01:19.256+0000] {logging_mixin.py:190} INFO - [2026-04-07T15:01:19.256+0000] {dagbag.py:588} INFO - Filling up the DagBag from /opt/airflow/dags/branch.py
[2026-04-07T15:01:19.261+0000] {logging_mixin.py:190} INFO - [2026-04-07T15:01:19.259+0000] {dagbag.py:387} ERROR - Failed to import: /opt/airflow/dags/branch.py
Traceback (most recent call last):
  File "/home/airflow/.local/lib/python3.12/site-packages/airflow/models/dagbag.py", line 383, in parse
    loader.exec_module(new_module)
  File "<frozen importlib._bootstrap_external>", line 999, in exec_module
  File "<frozen importlib._bootstrap>", line 488, in _call_with_frames_removed
  File "/opt/airflow/dags/branch.py", line 6, in <module>
    from airflow.operators.branching import BranchPythonOperator
ModuleNotFoundError: No module named 'airflow.operators.branching'
[2026-04-07T15:01:19.262+0000] {processor.py:927} WARNING - No viable dags retrieved from /opt/airflow/dags/branch.py
[2026-04-07T15:01:19.289+0000] {processor.py:208} INFO - Processing /opt/airflow/dags/branch.py took 0.046 seconds
[2026-04-07T15:01:49.597+0000] {processor.py:186} INFO - Started process (PID=2262) to work on /opt/airflow/dags/branch.py
[2026-04-07T15:01:49.598+0000] {processor.py:914} INFO - Processing file /opt/airflow/dags/branch.py for tasks to queue
[2026-04-07T15:01:49.600+0000] {logging_mixin.py:190} INFO - [2026-04-07T15:01:49.600+0000] {dagbag.py:588} INFO - Filling up the DagBag from /opt/airflow/dags/branch.py
[2026-04-07T15:01:49.604+0000] {logging_mixin.py:190} INFO - [2026-04-07T15:01:49.603+0000] {dagbag.py:387} ERROR - Failed to import: /opt/airflow/dags/branch.py
Traceback (most recent call last):
  File "/home/airflow/.local/lib/python3.12/site-packages/airflow/models/dagbag.py", line 383, in parse
    loader.exec_module(new_module)
  File "<frozen importlib._bootstrap_external>", line 999, in exec_module
  File "<frozen importlib._bootstrap>", line 488, in _call_with_frames_removed
  File "/opt/airflow/dags/branch.py", line 6, in <module>
    from airflow.operators.branching import BranchPythonOperator
ModuleNotFoundError: No module named 'airflow.operators.branching'
[2026-04-07T15:01:49.604+0000] {processor.py:927} WARNING - No viable dags retrieved from /opt/airflow/dags/branch.py
[2026-04-07T15:01:49.630+0000] {processor.py:208} INFO - Processing /opt/airflow/dags/branch.py took 0.039 seconds
[2026-04-07T15:02:19.834+0000] {processor.py:186} INFO - Started process (PID=2328) to work on /opt/airflow/dags/branch.py
[2026-04-07T15:02:19.835+0000] {processor.py:914} INFO - Processing file /opt/airflow/dags/branch.py for tasks to queue
[2026-04-07T15:02:19.837+0000] {logging_mixin.py:190} INFO - [2026-04-07T15:02:19.837+0000] {dagbag.py:588} INFO - Filling up the DagBag from /opt/airflow/dags/branch.py
[2026-04-07T15:02:19.841+0000] {logging_mixin.py:190} INFO - [2026-04-07T15:02:19.840+0000] {dagbag.py:387} ERROR - Failed to import: /opt/airflow/dags/branch.py
Traceback (most recent call last):
  File "/home/airflow/.local/lib/python3.12/site-packages/airflow/models/dagbag.py", line 383, in parse
    loader.exec_module(new_module)
  File "<frozen importlib._bootstrap_external>", line 999, in exec_module
  File "<frozen importlib._bootstrap>", line 488, in _call_with_frames_removed
  File "/opt/airflow/dags/branch.py", line 6, in <module>
    from airflow.operators.branching import BranchPythonOperator
ModuleNotFoundError: No module named 'airflow.operators.branching'
[2026-04-07T15:02:19.842+0000] {processor.py:927} WARNING - No viable dags retrieved from /opt/airflow/dags/branch.py
[2026-04-07T15:02:19.873+0000] {processor.py:208} INFO - Processing /opt/airflow/dags/branch.py took 0.045 seconds
[2026-04-07T15:02:50.771+0000] {processor.py:186} INFO - Started process (PID=2401) to work on /opt/airflow/dags/branch.py
[2026-04-07T15:02:50.772+0000] {processor.py:914} INFO - Processing file /opt/airflow/dags/branch.py for tasks to queue
[2026-04-07T15:02:50.774+0000] {logging_mixin.py:190} INFO - [2026-04-07T15:02:50.773+0000] {dagbag.py:588} INFO - Filling up the DagBag from /opt/airflow/dags/branch.py
[2026-04-07T15:02:50.777+0000] {logging_mixin.py:190} INFO - [2026-04-07T15:02:50.776+0000] {dagbag.py:387} ERROR - Failed to import: /opt/airflow/dags/branch.py
Traceback (most recent call last):
  File "/home/airflow/.local/lib/python3.12/site-packages/airflow/models/dagbag.py", line 383, in parse
    loader.exec_module(new_module)
  File "<frozen importlib._bootstrap_external>", line 999, in exec_module
  File "<frozen importlib._bootstrap>", line 488, in _call_with_frames_removed
  File "/opt/airflow/dags/branch.py", line 6, in <module>
    from airflow.operators.branching import BranchPythonOperator
ModuleNotFoundError: No module named 'airflow.operators.branching'
[2026-04-07T15:02:50.777+0000] {processor.py:927} WARNING - No viable dags retrieved from /opt/airflow/dags/branch.py
[2026-04-07T15:02:50.968+0000] {processor.py:208} INFO - Processing /opt/airflow/dags/branch.py took 0.206 seconds
[2026-04-07T15:03:21.297+0000] {processor.py:186} INFO - Started process (PID=2472) to work on /opt/airflow/dags/branch.py
[2026-04-07T15:03:21.298+0000] {processor.py:914} INFO - Processing file /opt/airflow/dags/branch.py for tasks to queue
[2026-04-07T15:03:21.301+0000] {logging_mixin.py:190} INFO - [2026-04-07T15:03:21.300+0000] {dagbag.py:588} INFO - Filling up the DagBag from /opt/airflow/dags/branch.py
[2026-04-07T15:03:21.305+0000] {logging_mixin.py:190} INFO - [2026-04-07T15:03:21.303+0000] {dagbag.py:387} ERROR - Failed to import: /opt/airflow/dags/branch.py
Traceback (most recent call last):
  File "/home/airflow/.local/lib/python3.12/site-packages/airflow/models/dagbag.py", line 383, in parse
    loader.exec_module(new_module)
  File "<frozen importlib._bootstrap_external>", line 999, in exec_module
  File "<frozen importlib._bootstrap>", line 488, in _call_with_frames_removed
  File "/opt/airflow/dags/branch.py", line 6, in <module>
    from airflow.operators.branching import BranchPythonOperator
ModuleNotFoundError: No module named 'airflow.operators.branching'
[2026-04-07T15:03:21.305+0000] {processor.py:927} WARNING - No viable dags retrieved from /opt/airflow/dags/branch.py
[2026-04-07T15:03:21.331+0000] {processor.py:208} INFO - Processing /opt/airflow/dags/branch.py took 0.041 seconds
[2026-04-07T15:03:51.766+0000] {processor.py:186} INFO - Started process (PID=2551) to work on /opt/airflow/dags/branch.py
[2026-04-07T15:03:51.767+0000] {processor.py:914} INFO - Processing file /opt/airflow/dags/branch.py for tasks to queue
[2026-04-07T15:03:51.769+0000] {logging_mixin.py:190} INFO - [2026-04-07T15:03:51.769+0000] {dagbag.py:588} INFO - Filling up the DagBag from /opt/airflow/dags/branch.py
[2026-04-07T15:03:51.773+0000] {logging_mixin.py:190} INFO - [2026-04-07T15:03:51.772+0000] {dagbag.py:387} ERROR - Failed to import: /opt/airflow/dags/branch.py
Traceback (most recent call last):
  File "/home/airflow/.local/lib/python3.12/site-packages/airflow/models/dagbag.py", line 383, in parse
    loader.exec_module(new_module)
  File "<frozen importlib._bootstrap_external>", line 999, in exec_module
  File "<frozen importlib._bootstrap>", line 488, in _call_with_frames_removed
  File "/opt/airflow/dags/branch.py", line 6, in <module>
    from airflow.operators.branching import BranchPythonOperator
ModuleNotFoundError: No module named 'airflow.operators.branching'
[2026-04-07T15:03:51.774+0000] {processor.py:927} WARNING - No viable dags retrieved from /opt/airflow/dags/branch.py
[2026-04-07T15:03:51.800+0000] {processor.py:208} INFO - Processing /opt/airflow/dags/branch.py took 0.041 seconds
[2026-04-07T15:04:22.101+0000] {processor.py:186} INFO - Started process (PID=2624) to work on /opt/airflow/dags/branch.py
[2026-04-07T15:04:22.102+0000] {processor.py:914} INFO - Processing file /opt/airflow/dags/branch.py for tasks to queue
[2026-04-07T15:04:22.104+0000] {logging_mixin.py:190} INFO - [2026-04-07T15:04:22.104+0000] {dagbag.py:588} INFO - Filling up the DagBag from /opt/airflow/dags/branch.py
[2026-04-07T15:04:22.107+0000] {logging_mixin.py:190} INFO - [2026-04-07T15:04:22.106+0000] {dagbag.py:387} ERROR - Failed to import: /opt/airflow/dags/branch.py
Traceback (most recent call last):
  File "/home/airflow/.local/lib/python3.12/site-packages/airflow/models/dagbag.py", line 383, in parse
    loader.exec_module(new_module)
  File "<frozen importlib._bootstrap_external>", line 999, in exec_module
  File "<frozen importlib._bootstrap>", line 488, in _call_with_frames_removed
  File "/opt/airflow/dags/branch.py", line 6, in <module>
    from airflow.operators.branching import BranchPythonOperator
ModuleNotFoundError: No module named 'airflow.operators.branching'
[2026-04-07T15:04:22.107+0000] {processor.py:927} WARNING - No viable dags retrieved from /opt/airflow/dags/branch.py
[2026-04-07T15:04:22.136+0000] {processor.py:208} INFO - Processing /opt/airflow/dags/branch.py took 0.045 seconds
[2026-04-07T15:04:52.374+0000] {processor.py:186} INFO - Started process (PID=2693) to work on /opt/airflow/dags/branch.py
[2026-04-07T15:04:52.375+0000] {processor.py:914} INFO - Processing file /opt/airflow/dags/branch.py for tasks to queue
[2026-04-07T15:04:52.378+0000] {logging_mixin.py:190} INFO - [2026-04-07T15:04:52.377+0000] {dagbag.py:588} INFO - Filling up the DagBag from /opt/airflow/dags/branch.py
[2026-04-07T15:04:52.381+0000] {logging_mixin.py:190} INFO - [2026-04-07T15:04:52.380+0000] {dagbag.py:387} ERROR - Failed to import: /opt/airflow/dags/branch.py
Traceback (most recent call last):
  File "/home/airflow/.local/lib/python3.12/site-packages/airflow/models/dagbag.py", line 383, in parse
    loader.exec_module(new_module)
  File "<frozen importlib._bootstrap_external>", line 999, in exec_module
  File "<frozen importlib._bootstrap>", line 488, in _call_with_frames_removed
  File "/opt/airflow/dags/branch.py", line 6, in <module>
    from airflow.operators.branching import BranchPythonOperator
ModuleNotFoundError: No module named 'airflow.operators.branching'
[2026-04-07T15:04:52.381+0000] {processor.py:927} WARNING - No viable dags retrieved from /opt/airflow/dags/branch.py
[2026-04-07T15:04:52.409+0000] {processor.py:208} INFO - Processing /opt/airflow/dags/branch.py took 0.046 seconds
[2026-04-07T15:05:22.581+0000] {processor.py:186} INFO - Started process (PID=2764) to work on /opt/airflow/dags/branch.py
[2026-04-07T15:05:22.582+0000] {processor.py:914} INFO - Processing file /opt/airflow/dags/branch.py for tasks to queue
[2026-04-07T15:05:22.585+0000] {logging_mixin.py:190} INFO - [2026-04-07T15:05:22.584+0000] {dagbag.py:588} INFO - Filling up the DagBag from /opt/airflow/dags/branch.py
[2026-04-07T15:05:22.588+0000] {logging_mixin.py:190} INFO - [2026-04-07T15:05:22.587+0000] {dagbag.py:387} ERROR - Failed to import: /opt/airflow/dags/branch.py
Traceback (most recent call last):
  File "/home/airflow/.local/lib/python3.12/site-packages/airflow/models/dagbag.py", line 383, in parse
    loader.exec_module(new_module)
  File "<frozen importlib._bootstrap_external>", line 999, in exec_module
  File "<frozen importlib._bootstrap>", line 488, in _call_with_frames_removed
  File "/opt/airflow/dags/branch.py", line 6, in <module>
    from airflow.operators.branching import BranchPythonOperator
ModuleNotFoundError: No module named 'airflow.operators.branching'
[2026-04-07T15:05:22.589+0000] {processor.py:927} WARNING - No viable dags retrieved from /opt/airflow/dags/branch.py
[2026-04-07T15:05:22.613+0000] {processor.py:208} INFO - Processing /opt/airflow/dags/branch.py took 0.042 seconds
[2026-04-07T15:05:52.776+0000] {processor.py:186} INFO - Started process (PID=2837) to work on /opt/airflow/dags/branch.py
[2026-04-07T15:05:52.777+0000] {processor.py:914} INFO - Processing file /opt/airflow/dags/branch.py for tasks to queue
[2026-04-07T15:05:52.779+0000] {logging_mixin.py:190} INFO - [2026-04-07T15:05:52.778+0000] {dagbag.py:588} INFO - Filling up the DagBag from /opt/airflow/dags/branch.py
[2026-04-07T15:05:52.782+0000] {logging_mixin.py:190} INFO - [2026-04-07T15:05:52.781+0000] {dagbag.py:387} ERROR - Failed to import: /opt/airflow/dags/branch.py
Traceback (most recent call last):
  File "/home/airflow/.local/lib/python3.12/site-packages/airflow/models/dagbag.py", line 383, in parse
    loader.exec_module(new_module)
  File "<frozen importlib._bootstrap_external>", line 999, in exec_module
  File "<frozen importlib._bootstrap>", line 488, in _call_with_frames_removed
  File "/opt/airflow/dags/branch.py", line 6, in <module>
    from airflow.operators.branching import BranchPythonOperator
ModuleNotFoundError: No module named 'airflow.operators.branching'
[2026-04-07T15:05:52.783+0000] {processor.py:927} WARNING - No viable dags retrieved from /opt/airflow/dags/branch.py
[2026-04-07T15:05:52.808+0000] {processor.py:208} INFO - Processing /opt/airflow/dags/branch.py took 0.039 seconds
[2026-04-07T15:06:22.981+0000] {processor.py:186} INFO - Started process (PID=2907) to work on /opt/airflow/dags/branch.py
[2026-04-07T15:06:22.982+0000] {processor.py:914} INFO - Processing file /opt/airflow/dags/branch.py for tasks to queue
[2026-04-07T15:06:22.985+0000] {logging_mixin.py:190} INFO - [2026-04-07T15:06:22.985+0000] {dagbag.py:588} INFO - Filling up the DagBag from /opt/airflow/dags/branch.py
[2026-04-07T15:06:22.989+0000] {logging_mixin.py:190} INFO - [2026-04-07T15:06:22.988+0000] {dagbag.py:387} ERROR - Failed to import: /opt/airflow/dags/branch.py
Traceback (most recent call last):
  File "/home/airflow/.local/lib/python3.12/site-packages/airflow/models/dagbag.py", line 383, in parse
    loader.exec_module(new_module)
  File "<frozen importlib._bootstrap_external>", line 999, in exec_module
  File "<frozen importlib._bootstrap>", line 488, in _call_with_frames_removed
  File "/opt/airflow/dags/branch.py", line 6, in <module>
    from airflow.operators.branching import BranchPythonOperator
ModuleNotFoundError: No module named 'airflow.operators.branching'
[2026-04-07T15:06:22.989+0000] {processor.py:927} WARNING - No viable dags retrieved from /opt/airflow/dags/branch.py
[2026-04-07T15:06:23.014+0000] {processor.py:208} INFO - Processing /opt/airflow/dags/branch.py took 0.041 seconds
[2026-04-07T15:06:53.217+0000] {processor.py:186} INFO - Started process (PID=2977) to work on /opt/airflow/dags/branch.py
[2026-04-07T15:06:53.218+0000] {processor.py:914} INFO - Processing file /opt/airflow/dags/branch.py for tasks to queue
[2026-04-07T15:06:53.221+0000] {logging_mixin.py:190} INFO - [2026-04-07T15:06:53.220+0000] {dagbag.py:588} INFO - Filling up the DagBag from /opt/airflow/dags/branch.py
[2026-04-07T15:06:53.224+0000] {logging_mixin.py:190} INFO - [2026-04-07T15:06:53.223+0000] {dagbag.py:387} ERROR - Failed to import: /opt/airflow/dags/branch.py
Traceback (most recent call last):
  File "/home/airflow/.local/lib/python3.12/site-packages/airflow/models/dagbag.py", line 383, in parse
    loader.exec_module(new_module)
  File "<frozen importlib._bootstrap_external>", line 999, in exec_module
  File "<frozen importlib._bootstrap>", line 488, in _call_with_frames_removed
  File "/opt/airflow/dags/branch.py", line 6, in <module>
    from airflow.operators.branching import BranchPythonOperator
ModuleNotFoundError: No module named 'airflow.operators.branching'
[2026-04-07T15:06:53.224+0000] {processor.py:927} WARNING - No viable dags retrieved from /opt/airflow/dags/branch.py
[2026-04-07T15:06:53.251+0000] {processor.py:208} INFO - Processing /opt/airflow/dags/branch.py took 0.044 seconds
[2026-04-07T15:07:24.395+0000] {processor.py:186} INFO - Started process (PID=3050) to work on /opt/airflow/dags/branch.py
[2026-04-07T15:07:24.397+0000] {processor.py:914} INFO - Processing file /opt/airflow/dags/branch.py for tasks to queue
[2026-04-07T15:07:24.399+0000] {logging_mixin.py:190} INFO - [2026-04-07T15:07:24.399+0000] {dagbag.py:588} INFO - Filling up the DagBag from /opt/airflow/dags/branch.py
[2026-04-07T15:07:24.404+0000] {logging_mixin.py:190} INFO - [2026-04-07T15:07:24.402+0000] {dagbag.py:387} ERROR - Failed to import: /opt/airflow/dags/branch.py
Traceback (most recent call last):
  File "/home/airflow/.local/lib/python3.12/site-packages/airflow/models/dagbag.py", line 383, in parse
    loader.exec_module(new_module)
  File "<frozen importlib._bootstrap_external>", line 999, in exec_module
  File "<frozen importlib._bootstrap>", line 488, in _call_with_frames_removed
  File "/opt/airflow/dags/branch.py", line 6, in <module>
    from airflow.operators.branching import BranchPythonOperator
ModuleNotFoundError: No module named 'airflow.operators.branching'
[2026-04-07T15:07:24.404+0000] {processor.py:927} WARNING - No viable dags retrieved from /opt/airflow/dags/branch.py
[2026-04-07T15:07:24.434+0000] {processor.py:208} INFO - Processing /opt/airflow/dags/branch.py took 0.047 seconds
[2026-04-07T15:07:54.745+0000] {processor.py:186} INFO - Started process (PID=3121) to work on /opt/airflow/dags/branch.py
[2026-04-07T15:07:54.746+0000] {processor.py:914} INFO - Processing file /opt/airflow/dags/branch.py for tasks to queue
[2026-04-07T15:07:54.749+0000] {logging_mixin.py:190} INFO - [2026-04-07T15:07:54.749+0000] {dagbag.py:588} INFO - Filling up the DagBag from /opt/airflow/dags/branch.py
[2026-04-07T15:07:54.753+0000] {logging_mixin.py:190} INFO - [2026-04-07T15:07:54.751+0000] {dagbag.py:387} ERROR - Failed to import: /opt/airflow/dags/branch.py
Traceback (most recent call last):
  File "/home/airflow/.local/lib/python3.12/site-packages/airflow/models/dagbag.py", line 383, in parse
    loader.exec_module(new_module)
  File "<frozen importlib._bootstrap_external>", line 999, in exec_module
  File "<frozen importlib._bootstrap>", line 488, in _call_with_frames_removed
  File "/opt/airflow/dags/branch.py", line 6, in <module>
    from airflow.operators.branching import BranchPythonOperator
ModuleNotFoundError: No module named 'airflow.operators.branching'
[2026-04-07T15:07:54.753+0000] {processor.py:927} WARNING - No viable dags retrieved from /opt/airflow/dags/branch.py
[2026-04-07T15:07:54.782+0000] {processor.py:208} INFO - Processing /opt/airflow/dags/branch.py took 0.045 seconds
[2026-04-07T15:08:25.428+0000] {processor.py:186} INFO - Started process (PID=3192) to work on /opt/airflow/dags/branch.py
[2026-04-07T15:08:25.442+0000] {processor.py:914} INFO - Processing file /opt/airflow/dags/branch.py for tasks to queue
[2026-04-07T15:08:25.446+0000] {logging_mixin.py:190} INFO - [2026-04-07T15:08:25.445+0000] {dagbag.py:588} INFO - Filling up the DagBag from /opt/airflow/dags/branch.py
[2026-04-07T15:08:25.472+0000] {logging_mixin.py:190} INFO - [2026-04-07T15:08:25.470+0000] {dagbag.py:387} ERROR - Failed to import: /opt/airflow/dags/branch.py
Traceback (most recent call last):
  File "/home/airflow/.local/lib/python3.12/site-packages/airflow/models/dagbag.py", line 383, in parse
    loader.exec_module(new_module)
  File "<frozen importlib._bootstrap_external>", line 999, in exec_module
  File "<frozen importlib._bootstrap>", line 488, in _call_with_frames_removed
  File "/opt/airflow/dags/branch.py", line 6, in <module>
    from airflow.operators.branching import BranchPythonOperator
ModuleNotFoundError: No module named 'airflow.operators.branching'
[2026-04-07T15:08:25.476+0000] {processor.py:927} WARNING - No viable dags retrieved from /opt/airflow/dags/branch.py
[2026-04-07T15:08:25.550+0000] {processor.py:208} INFO - Processing /opt/airflow/dags/branch.py took 0.130 seconds
[2026-04-07T15:08:56.239+0000] {processor.py:186} INFO - Started process (PID=3261) to work on /opt/airflow/dags/branch.py
[2026-04-07T15:08:56.241+0000] {processor.py:914} INFO - Processing file /opt/airflow/dags/branch.py for tasks to queue
[2026-04-07T15:08:56.245+0000] {logging_mixin.py:190} INFO - [2026-04-07T15:08:56.244+0000] {dagbag.py:588} INFO - Filling up the DagBag from /opt/airflow/dags/branch.py
[2026-04-07T15:08:56.251+0000] {logging_mixin.py:190} INFO - [2026-04-07T15:08:56.249+0000] {dagbag.py:387} ERROR - Failed to import: /opt/airflow/dags/branch.py
Traceback (most recent call last):
  File "/home/airflow/.local/lib/python3.12/site-packages/airflow/models/dagbag.py", line 383, in parse
    loader.exec_module(new_module)
  File "<frozen importlib._bootstrap_external>", line 999, in exec_module
  File "<frozen importlib._bootstrap>", line 488, in _call_with_frames_removed
  File "/opt/airflow/dags/branch.py", line 6, in <module>
    from airflow.operators.branching import BranchPythonOperator
ModuleNotFoundError: No module named 'airflow.operators.branching'
[2026-04-07T15:08:56.252+0000] {processor.py:927} WARNING - No viable dags retrieved from /opt/airflow/dags/branch.py
[2026-04-07T15:08:56.300+0000] {processor.py:208} INFO - Processing /opt/airflow/dags/branch.py took 0.074 seconds
[2026-04-07T15:09:26.537+0000] {processor.py:186} INFO - Started process (PID=3331) to work on /opt/airflow/dags/branch.py
[2026-04-07T15:09:26.538+0000] {processor.py:914} INFO - Processing file /opt/airflow/dags/branch.py for tasks to queue
[2026-04-07T15:09:26.541+0000] {logging_mixin.py:190} INFO - [2026-04-07T15:09:26.541+0000] {dagbag.py:588} INFO - Filling up the DagBag from /opt/airflow/dags/branch.py
[2026-04-07T15:09:26.545+0000] {logging_mixin.py:190} INFO - [2026-04-07T15:09:26.544+0000] {dagbag.py:387} ERROR - Failed to import: /opt/airflow/dags/branch.py
Traceback (most recent call last):
  File "/home/airflow/.local/lib/python3.12/site-packages/airflow/models/dagbag.py", line 383, in parse
    loader.exec_module(new_module)
  File "<frozen importlib._bootstrap_external>", line 999, in exec_module
  File "<frozen importlib._bootstrap>", line 488, in _call_with_frames_removed
  File "/opt/airflow/dags/branch.py", line 6, in <module>
    from airflow.operators.branching import BranchPythonOperator
ModuleNotFoundError: No module named 'airflow.operators.branching'
[2026-04-07T15:09:26.546+0000] {processor.py:927} WARNING - No viable dags retrieved from /opt/airflow/dags/branch.py
[2026-04-07T15:09:26.574+0000] {processor.py:208} INFO - Processing /opt/airflow/dags/branch.py took 0.043 seconds
[2026-04-07T15:09:56.852+0000] {processor.py:186} INFO - Started process (PID=3404) to work on /opt/airflow/dags/branch.py
[2026-04-07T15:09:56.853+0000] {processor.py:914} INFO - Processing file /opt/airflow/dags/branch.py for tasks to queue
[2026-04-07T15:09:56.856+0000] {logging_mixin.py:190} INFO - [2026-04-07T15:09:56.855+0000] {dagbag.py:588} INFO - Filling up the DagBag from /opt/airflow/dags/branch.py
[2026-04-07T15:09:56.859+0000] {logging_mixin.py:190} INFO - [2026-04-07T15:09:56.858+0000] {dagbag.py:387} ERROR - Failed to import: /opt/airflow/dags/branch.py
Traceback (most recent call last):
  File "/home/airflow/.local/lib/python3.12/site-packages/airflow/models/dagbag.py", line 383, in parse
    loader.exec_module(new_module)
  File "<frozen importlib._bootstrap_external>", line 999, in exec_module
  File "<frozen importlib._bootstrap>", line 488, in _call_with_frames_removed
  File "/opt/airflow/dags/branch.py", line 6, in <module>
    from airflow.operators.branching import BranchPythonOperator
ModuleNotFoundError: No module named 'airflow.operators.branching'
[2026-04-07T15:09:56.859+0000] {processor.py:927} WARNING - No viable dags retrieved from /opt/airflow/dags/branch.py
[2026-04-07T15:09:56.883+0000] {processor.py:208} INFO - Processing /opt/airflow/dags/branch.py took 0.042 seconds
[2026-04-07T15:10:27.307+0000] {processor.py:186} INFO - Started process (PID=3475) to work on /opt/airflow/dags/branch.py
[2026-04-07T15:10:27.309+0000] {processor.py:914} INFO - Processing file /opt/airflow/dags/branch.py for tasks to queue
[2026-04-07T15:10:27.313+0000] {logging_mixin.py:190} INFO - [2026-04-07T15:10:27.313+0000] {dagbag.py:588} INFO - Filling up the DagBag from /opt/airflow/dags/branch.py
[2026-04-07T15:10:27.318+0000] {logging_mixin.py:190} INFO - [2026-04-07T15:10:27.316+0000] {dagbag.py:387} ERROR - Failed to import: /opt/airflow/dags/branch.py
Traceback (most recent call last):
  File "/home/airflow/.local/lib/python3.12/site-packages/airflow/models/dagbag.py", line 383, in parse
    loader.exec_module(new_module)
  File "<frozen importlib._bootstrap_external>", line 999, in exec_module
  File "<frozen importlib._bootstrap>", line 488, in _call_with_frames_removed
  File "/opt/airflow/dags/branch.py", line 6, in <module>
    from airflow.operators.branching import BranchPythonOperator
ModuleNotFoundError: No module named 'airflow.operators.branching'
[2026-04-07T15:10:27.319+0000] {processor.py:927} WARNING - No viable dags retrieved from /opt/airflow/dags/branch.py
[2026-04-07T15:10:27.352+0000] {processor.py:208} INFO - Processing /opt/airflow/dags/branch.py took 0.054 seconds
[2026-04-07T15:10:57.588+0000] {processor.py:186} INFO - Started process (PID=3544) to work on /opt/airflow/dags/branch.py
[2026-04-07T15:10:57.589+0000] {processor.py:914} INFO - Processing file /opt/airflow/dags/branch.py for tasks to queue
[2026-04-07T15:10:57.592+0000] {logging_mixin.py:190} INFO - [2026-04-07T15:10:57.592+0000] {dagbag.py:588} INFO - Filling up the DagBag from /opt/airflow/dags/branch.py
[2026-04-07T15:10:57.596+0000] {logging_mixin.py:190} INFO - [2026-04-07T15:10:57.595+0000] {dagbag.py:387} ERROR - Failed to import: /opt/airflow/dags/branch.py
Traceback (most recent call last):
  File "/home/airflow/.local/lib/python3.12/site-packages/airflow/models/dagbag.py", line 383, in parse
    loader.exec_module(new_module)
  File "<frozen importlib._bootstrap_external>", line 999, in exec_module
  File "<frozen importlib._bootstrap>", line 488, in _call_with_frames_removed
  File "/opt/airflow/dags/branch.py", line 6, in <module>
    from airflow.operators.branching import BranchPythonOperator
ModuleNotFoundError: No module named 'airflow.operators.branching'
[2026-04-07T15:10:57.596+0000] {processor.py:927} WARNING - No viable dags retrieved from /opt/airflow/dags/branch.py
[2026-04-07T15:10:57.622+0000] {processor.py:208} INFO - Processing /opt/airflow/dags/branch.py took 0.043 seconds
[2026-04-07T15:11:27.958+0000] {processor.py:186} INFO - Started process (PID=3615) to work on /opt/airflow/dags/branch.py
[2026-04-07T15:11:27.959+0000] {processor.py:914} INFO - Processing file /opt/airflow/dags/branch.py for tasks to queue
[2026-04-07T15:11:27.961+0000] {logging_mixin.py:190} INFO - [2026-04-07T15:11:27.961+0000] {dagbag.py:588} INFO - Filling up the DagBag from /opt/airflow/dags/branch.py
[2026-04-07T15:11:27.965+0000] {logging_mixin.py:190} INFO - [2026-04-07T15:11:27.964+0000] {dagbag.py:387} ERROR - Failed to import: /opt/airflow/dags/branch.py
Traceback (most recent call last):
  File "/home/airflow/.local/lib/python3.12/site-packages/airflow/models/dagbag.py", line 383, in parse
    loader.exec_module(new_module)
  File "<frozen importlib._bootstrap_external>", line 999, in exec_module
  File "<frozen importlib._bootstrap>", line 488, in _call_with_frames_removed
  File "/opt/airflow/dags/branch.py", line 6, in <module>
    from airflow.operators.branching import BranchPythonOperator
ModuleNotFoundError: No module named 'airflow.operators.branching'
[2026-04-07T15:11:27.966+0000] {processor.py:927} WARNING - No viable dags retrieved from /opt/airflow/dags/branch.py
[2026-04-07T15:11:27.993+0000] {processor.py:208} INFO - Processing /opt/airflow/dags/branch.py took 0.041 seconds
[2026-04-07T15:11:58.131+0000] {processor.py:186} INFO - Started process (PID=3688) to work on /opt/airflow/dags/branch.py
[2026-04-07T15:11:58.132+0000] {processor.py:914} INFO - Processing file /opt/airflow/dags/branch.py for tasks to queue
[2026-04-07T15:11:58.135+0000] {logging_mixin.py:190} INFO - [2026-04-07T15:11:58.135+0000] {dagbag.py:588} INFO - Filling up the DagBag from /opt/airflow/dags/branch.py
[2026-04-07T15:11:58.139+0000] {logging_mixin.py:190} INFO - [2026-04-07T15:11:58.138+0000] {dagbag.py:387} ERROR - Failed to import: /opt/airflow/dags/branch.py
Traceback (most recent call last):
  File "/home/airflow/.local/lib/python3.12/site-packages/airflow/models/dagbag.py", line 383, in parse
    loader.exec_module(new_module)
  File "<frozen importlib._bootstrap_external>", line 999, in exec_module
  File "<frozen importlib._bootstrap>", line 488, in _call_with_frames_removed
  File "/opt/airflow/dags/branch.py", line 6, in <module>
    from airflow.operators.branching import BranchPythonOperator
ModuleNotFoundError: No module named 'airflow.operators.branching'
[2026-04-07T15:11:58.139+0000] {processor.py:927} WARNING - No viable dags retrieved from /opt/airflow/dags/branch.py
[2026-04-07T15:11:58.167+0000] {processor.py:208} INFO - Processing /opt/airflow/dags/branch.py took 0.043 seconds
[2026-04-07T15:12:28.335+0000] {processor.py:186} INFO - Started process (PID=3759) to work on /opt/airflow/dags/branch.py
[2026-04-07T15:12:28.336+0000] {processor.py:914} INFO - Processing file /opt/airflow/dags/branch.py for tasks to queue
[2026-04-07T15:12:28.338+0000] {logging_mixin.py:190} INFO - [2026-04-07T15:12:28.338+0000] {dagbag.py:588} INFO - Filling up the DagBag from /opt/airflow/dags/branch.py
[2026-04-07T15:12:28.341+0000] {logging_mixin.py:190} INFO - [2026-04-07T15:12:28.340+0000] {dagbag.py:387} ERROR - Failed to import: /opt/airflow/dags/branch.py
Traceback (most recent call last):
  File "/home/airflow/.local/lib/python3.12/site-packages/airflow/models/dagbag.py", line 383, in parse
    loader.exec_module(new_module)
  File "<frozen importlib._bootstrap_external>", line 999, in exec_module
  File "<frozen importlib._bootstrap>", line 488, in _call_with_frames_removed
  File "/opt/airflow/dags/branch.py", line 6, in <module>
    from airflow.operators.branching import BranchPythonOperator
ModuleNotFoundError: No module named 'airflow.operators.branching'
[2026-04-07T15:12:28.342+0000] {processor.py:927} WARNING - No viable dags retrieved from /opt/airflow/dags/branch.py
[2026-04-07T15:12:28.366+0000] {processor.py:208} INFO - Processing /opt/airflow/dags/branch.py took 0.037 seconds
[2026-04-07T15:12:58.559+0000] {processor.py:186} INFO - Started process (PID=3828) to work on /opt/airflow/dags/branch.py
[2026-04-07T15:12:58.560+0000] {processor.py:914} INFO - Processing file /opt/airflow/dags/branch.py for tasks to queue
[2026-04-07T15:12:58.563+0000] {logging_mixin.py:190} INFO - [2026-04-07T15:12:58.563+0000] {dagbag.py:588} INFO - Filling up the DagBag from /opt/airflow/dags/branch.py
[2026-04-07T15:12:58.568+0000] {logging_mixin.py:190} INFO - [2026-04-07T15:12:58.566+0000] {dagbag.py:387} ERROR - Failed to import: /opt/airflow/dags/branch.py
Traceback (most recent call last):
  File "/home/airflow/.local/lib/python3.12/site-packages/airflow/models/dagbag.py", line 383, in parse
    loader.exec_module(new_module)
  File "<frozen importlib._bootstrap_external>", line 999, in exec_module
  File "<frozen importlib._bootstrap>", line 488, in _call_with_frames_removed
  File "/opt/airflow/dags/branch.py", line 6, in <module>
    from airflow.operators.branching import BranchPythonOperator
ModuleNotFoundError: No module named 'airflow.operators.branching'
[2026-04-07T15:12:58.569+0000] {processor.py:927} WARNING - No viable dags retrieved from /opt/airflow/dags/branch.py
[2026-04-07T15:12:58.593+0000] {processor.py:208} INFO - Processing /opt/airflow/dags/branch.py took 0.042 seconds
[2026-04-07T15:13:28.825+0000] {processor.py:186} INFO - Started process (PID=3901) to work on /opt/airflow/dags/branch.py
[2026-04-07T15:13:28.826+0000] {processor.py:914} INFO - Processing file /opt/airflow/dags/branch.py for tasks to queue
[2026-04-07T15:13:28.829+0000] {logging_mixin.py:190} INFO - [2026-04-07T15:13:28.829+0000] {dagbag.py:588} INFO - Filling up the DagBag from /opt/airflow/dags/branch.py
[2026-04-07T15:13:28.833+0000] {logging_mixin.py:190} INFO - [2026-04-07T15:13:28.832+0000] {dagbag.py:387} ERROR - Failed to import: /opt/airflow/dags/branch.py
Traceback (most recent call last):
  File "/home/airflow/.local/lib/python3.12/site-packages/airflow/models/dagbag.py", line 383, in parse
    loader.exec_module(new_module)
  File "<frozen importlib._bootstrap_external>", line 999, in exec_module
  File "<frozen importlib._bootstrap>", line 488, in _call_with_frames_removed
  File "/opt/airflow/dags/branch.py", line 6, in <module>
    from airflow.operators.branching import BranchPythonOperator
ModuleNotFoundError: No module named 'airflow.operators.branching'
[2026-04-07T15:13:28.834+0000] {processor.py:927} WARNING - No viable dags retrieved from /opt/airflow/dags/branch.py
[2026-04-07T15:13:28.863+0000] {processor.py:208} INFO - Processing /opt/airflow/dags/branch.py took 0.047 seconds
[2026-04-07T15:13:59.097+0000] {processor.py:186} INFO - Started process (PID=3970) to work on /opt/airflow/dags/branch.py
[2026-04-07T15:13:59.099+0000] {processor.py:914} INFO - Processing file /opt/airflow/dags/branch.py for tasks to queue
[2026-04-07T15:13:59.102+0000] {logging_mixin.py:190} INFO - [2026-04-07T15:13:59.101+0000] {dagbag.py:588} INFO - Filling up the DagBag from /opt/airflow/dags/branch.py
[2026-04-07T15:13:59.106+0000] {logging_mixin.py:190} INFO - [2026-04-07T15:13:59.104+0000] {dagbag.py:387} ERROR - Failed to import: /opt/airflow/dags/branch.py
Traceback (most recent call last):
  File "/home/airflow/.local/lib/python3.12/site-packages/airflow/models/dagbag.py", line 383, in parse
    loader.exec_module(new_module)
  File "<frozen importlib._bootstrap_external>", line 999, in exec_module
  File "<frozen importlib._bootstrap>", line 488, in _call_with_frames_removed
  File "/opt/airflow/dags/branch.py", line 6, in <module>
    from airflow.operators.branching import BranchPythonOperator
ModuleNotFoundError: No module named 'airflow.operators.branching'
[2026-04-07T15:13:59.106+0000] {processor.py:927} WARNING - No viable dags retrieved from /opt/airflow/dags/branch.py
[2026-04-07T15:13:59.135+0000] {processor.py:208} INFO - Processing /opt/airflow/dags/branch.py took 0.046 seconds
[2026-04-07T15:14:29.322+0000] {processor.py:186} INFO - Started process (PID=4043) to work on /opt/airflow/dags/branch.py
[2026-04-07T15:14:29.323+0000] {processor.py:914} INFO - Processing file /opt/airflow/dags/branch.py for tasks to queue
[2026-04-07T15:14:29.326+0000] {logging_mixin.py:190} INFO - [2026-04-07T15:14:29.326+0000] {dagbag.py:588} INFO - Filling up the DagBag from /opt/airflow/dags/branch.py
[2026-04-07T15:14:29.331+0000] {logging_mixin.py:190} INFO - [2026-04-07T15:14:29.329+0000] {dagbag.py:387} ERROR - Failed to import: /opt/airflow/dags/branch.py
Traceback (most recent call last):
  File "/home/airflow/.local/lib/python3.12/site-packages/airflow/models/dagbag.py", line 383, in parse
    loader.exec_module(new_module)
  File "<frozen importlib._bootstrap_external>", line 999, in exec_module
  File "<frozen importlib._bootstrap>", line 488, in _call_with_frames_removed
  File "/opt/airflow/dags/branch.py", line 6, in <module>
    from airflow.operators.branching import BranchPythonOperator
ModuleNotFoundError: No module named 'airflow.operators.branching'
[2026-04-07T15:14:29.331+0000] {processor.py:927} WARNING - No viable dags retrieved from /opt/airflow/dags/branch.py
[2026-04-07T15:14:29.357+0000] {processor.py:208} INFO - Processing /opt/airflow/dags/branch.py took 0.043 seconds
[2026-04-07T15:14:59.630+0000] {processor.py:186} INFO - Started process (PID=4112) to work on /opt/airflow/dags/branch.py
[2026-04-07T15:14:59.631+0000] {processor.py:914} INFO - Processing file /opt/airflow/dags/branch.py for tasks to queue
[2026-04-07T15:14:59.634+0000] {logging_mixin.py:190} INFO - [2026-04-07T15:14:59.633+0000] {dagbag.py:588} INFO - Filling up the DagBag from /opt/airflow/dags/branch.py
[2026-04-07T15:14:59.638+0000] {logging_mixin.py:190} INFO - [2026-04-07T15:14:59.636+0000] {dagbag.py:387} ERROR - Failed to import: /opt/airflow/dags/branch.py
Traceback (most recent call last):
  File "/home/airflow/.local/lib/python3.12/site-packages/airflow/models/dagbag.py", line 383, in parse
    loader.exec_module(new_module)
  File "<frozen importlib._bootstrap_external>", line 999, in exec_module
  File "<frozen importlib._bootstrap>", line 488, in _call_with_frames_removed
  File "/opt/airflow/dags/branch.py", line 6, in <module>
    from airflow.operators.branching import BranchPythonOperator
ModuleNotFoundError: No module named 'airflow.operators.branching'
[2026-04-07T15:14:59.638+0000] {processor.py:927} WARNING - No viable dags retrieved from /opt/airflow/dags/branch.py
[2026-04-07T15:14:59.664+0000] {processor.py:208} INFO - Processing /opt/airflow/dags/branch.py took 0.045 seconds
[2026-04-07T15:15:29.873+0000] {processor.py:186} INFO - Started process (PID=4186) to work on /opt/airflow/dags/branch.py
[2026-04-07T15:15:29.874+0000] {processor.py:914} INFO - Processing file /opt/airflow/dags/branch.py for tasks to queue
[2026-04-07T15:15:29.876+0000] {logging_mixin.py:190} INFO - [2026-04-07T15:15:29.875+0000] {dagbag.py:588} INFO - Filling up the DagBag from /opt/airflow/dags/branch.py
[2026-04-07T15:15:29.879+0000] {logging_mixin.py:190} INFO - [2026-04-07T15:15:29.878+0000] {dagbag.py:387} ERROR - Failed to import: /opt/airflow/dags/branch.py
Traceback (most recent call last):
  File "/home/airflow/.local/lib/python3.12/site-packages/airflow/models/dagbag.py", line 383, in parse
    loader.exec_module(new_module)
  File "<frozen importlib._bootstrap_external>", line 999, in exec_module
  File "<frozen importlib._bootstrap>", line 488, in _call_with_frames_removed
  File "/opt/airflow/dags/branch.py", line 6, in <module>
    from airflow.operators.branching import BranchPythonOperator
ModuleNotFoundError: No module named 'airflow.operators.branching'
[2026-04-07T15:15:29.879+0000] {processor.py:927} WARNING - No viable dags retrieved from /opt/airflow/dags/branch.py
[2026-04-07T15:15:29.909+0000] {processor.py:208} INFO - Processing /opt/airflow/dags/branch.py took 0.042 seconds
[2026-04-07T15:16:00.209+0000] {processor.py:186} INFO - Started process (PID=4255) to work on /opt/airflow/dags/branch.py
[2026-04-07T15:16:00.211+0000] {processor.py:914} INFO - Processing file /opt/airflow/dags/branch.py for tasks to queue
[2026-04-07T15:16:00.214+0000] {logging_mixin.py:190} INFO - [2026-04-07T15:16:00.213+0000] {dagbag.py:588} INFO - Filling up the DagBag from /opt/airflow/dags/branch.py
[2026-04-07T15:16:00.217+0000] {logging_mixin.py:190} INFO - [2026-04-07T15:16:00.216+0000] {dagbag.py:387} ERROR - Failed to import: /opt/airflow/dags/branch.py
Traceback (most recent call last):
  File "/home/airflow/.local/lib/python3.12/site-packages/airflow/models/dagbag.py", line 383, in parse
    loader.exec_module(new_module)
  File "<frozen importlib._bootstrap_external>", line 999, in exec_module
  File "<frozen importlib._bootstrap>", line 488, in _call_with_frames_removed
  File "/opt/airflow/dags/branch.py", line 6, in <module>
    from airflow.operators.branching import BranchPythonOperator
ModuleNotFoundError: No module named 'airflow.operators.branching'
[2026-04-07T15:16:00.218+0000] {processor.py:927} WARNING - No viable dags retrieved from /opt/airflow/dags/branch.py
[2026-04-07T15:16:00.242+0000] {processor.py:208} INFO - Processing /opt/airflow/dags/branch.py took 0.041 seconds
[2026-04-07T15:16:30.547+0000] {processor.py:186} INFO - Started process (PID=4328) to work on /opt/airflow/dags/branch.py
[2026-04-07T15:16:30.548+0000] {processor.py:914} INFO - Processing file /opt/airflow/dags/branch.py for tasks to queue
[2026-04-07T15:16:30.551+0000] {logging_mixin.py:190} INFO - [2026-04-07T15:16:30.550+0000] {dagbag.py:588} INFO - Filling up the DagBag from /opt/airflow/dags/branch.py
[2026-04-07T15:16:30.555+0000] {logging_mixin.py:190} INFO - [2026-04-07T15:16:30.553+0000] {dagbag.py:387} ERROR - Failed to import: /opt/airflow/dags/branch.py
Traceback (most recent call last):
  File "/home/airflow/.local/lib/python3.12/site-packages/airflow/models/dagbag.py", line 383, in parse
    loader.exec_module(new_module)
  File "<frozen importlib._bootstrap_external>", line 999, in exec_module
  File "<frozen importlib._bootstrap>", line 488, in _call_with_frames_removed
  File "/opt/airflow/dags/branch.py", line 6, in <module>
    from airflow.operators.branching import BranchPythonOperator
ModuleNotFoundError: No module named 'airflow.operators.branching'
[2026-04-07T15:16:30.555+0000] {processor.py:927} WARNING - No viable dags retrieved from /opt/airflow/dags/branch.py
[2026-04-07T15:16:30.580+0000] {processor.py:208} INFO - Processing /opt/airflow/dags/branch.py took 0.040 seconds
[2026-04-07T15:17:00.881+0000] {processor.py:186} INFO - Started process (PID=4399) to work on /opt/airflow/dags/branch.py
[2026-04-07T15:17:00.882+0000] {processor.py:914} INFO - Processing file /opt/airflow/dags/branch.py for tasks to queue
[2026-04-07T15:17:00.884+0000] {logging_mixin.py:190} INFO - [2026-04-07T15:17:00.884+0000] {dagbag.py:588} INFO - Filling up the DagBag from /opt/airflow/dags/branch.py
[2026-04-07T15:17:00.887+0000] {logging_mixin.py:190} INFO - [2026-04-07T15:17:00.886+0000] {dagbag.py:387} ERROR - Failed to import: /opt/airflow/dags/branch.py
Traceback (most recent call last):
  File "/home/airflow/.local/lib/python3.12/site-packages/airflow/models/dagbag.py", line 383, in parse
    loader.exec_module(new_module)
  File "<frozen importlib._bootstrap_external>", line 999, in exec_module
  File "<frozen importlib._bootstrap>", line 488, in _call_with_frames_removed
  File "/opt/airflow/dags/branch.py", line 6, in <module>
    from airflow.operators.branching import BranchPythonOperator
ModuleNotFoundError: No module named 'airflow.operators.branching'
[2026-04-07T15:17:00.888+0000] {processor.py:927} WARNING - No viable dags retrieved from /opt/airflow/dags/branch.py
[2026-04-07T15:17:00.913+0000] {processor.py:208} INFO - Processing /opt/airflow/dags/branch.py took 0.039 seconds
[2026-04-07T15:17:31.100+0000] {processor.py:186} INFO - Started process (PID=4469) to work on /opt/airflow/dags/branch.py
[2026-04-07T15:17:31.101+0000] {processor.py:914} INFO - Processing file /opt/airflow/dags/branch.py for tasks to queue
[2026-04-07T15:17:31.104+0000] {logging_mixin.py:190} INFO - [2026-04-07T15:17:31.104+0000] {dagbag.py:588} INFO - Filling up the DagBag from /opt/airflow/dags/branch.py
[2026-04-07T15:17:31.108+0000] {logging_mixin.py:190} INFO - [2026-04-07T15:17:31.107+0000] {dagbag.py:387} ERROR - Failed to import: /opt/airflow/dags/branch.py
Traceback (most recent call last):
  File "/home/airflow/.local/lib/python3.12/site-packages/airflow/models/dagbag.py", line 383, in parse
    loader.exec_module(new_module)
  File "<frozen importlib._bootstrap_external>", line 999, in exec_module
  File "<frozen importlib._bootstrap>", line 488, in _call_with_frames_removed
  File "/opt/airflow/dags/branch.py", line 6, in <module>
    from airflow.operators.branching import BranchPythonOperator
ModuleNotFoundError: No module named 'airflow.operators.branching'
[2026-04-07T15:17:31.109+0000] {processor.py:927} WARNING - No viable dags retrieved from /opt/airflow/dags/branch.py
[2026-04-07T15:17:31.132+0000] {processor.py:208} INFO - Processing /opt/airflow/dags/branch.py took 0.040 seconds
[2026-04-07T15:18:04.766+0000] {processor.py:186} INFO - Started process (PID=4539) to work on /opt/airflow/dags/branch.py
[2026-04-07T15:18:04.767+0000] {processor.py:914} INFO - Processing file /opt/airflow/dags/branch.py for tasks to queue
[2026-04-07T15:18:04.771+0000] {logging_mixin.py:190} INFO - [2026-04-07T15:18:04.771+0000] {dagbag.py:588} INFO - Filling up the DagBag from /opt/airflow/dags/branch.py
[2026-04-07T15:18:04.776+0000] {logging_mixin.py:190} INFO - [2026-04-07T15:18:04.775+0000] {dagbag.py:387} ERROR - Failed to import: /opt/airflow/dags/branch.py
Traceback (most recent call last):
  File "/home/airflow/.local/lib/python3.12/site-packages/airflow/models/dagbag.py", line 383, in parse
    loader.exec_module(new_module)
  File "<frozen importlib._bootstrap_external>", line 999, in exec_module
  File "<frozen importlib._bootstrap>", line 488, in _call_with_frames_removed
  File "/opt/airflow/dags/branch.py", line 6, in <module>
    from airflow.operators.branching import BranchPythonOperator
ModuleNotFoundError: No module named 'airflow.operators.branching'
[2026-04-07T15:18:04.777+0000] {processor.py:927} WARNING - No viable dags retrieved from /opt/airflow/dags/branch.py
[2026-04-07T15:18:04.807+0000] {processor.py:208} INFO - Processing /opt/airflow/dags/branch.py took 0.050 seconds
[2026-04-07T15:18:50.901+0000] {processor.py:186} INFO - Started process (PID=4612) to work on /opt/airflow/dags/branch.py
[2026-04-07T15:18:50.902+0000] {processor.py:914} INFO - Processing file /opt/airflow/dags/branch.py for tasks to queue
[2026-04-07T15:18:50.906+0000] {logging_mixin.py:190} INFO - [2026-04-07T15:18:50.905+0000] {dagbag.py:588} INFO - Filling up the DagBag from /opt/airflow/dags/branch.py
[2026-04-07T15:18:50.910+0000] {logging_mixin.py:190} INFO - [2026-04-07T15:18:50.909+0000] {dagbag.py:387} ERROR - Failed to import: /opt/airflow/dags/branch.py
Traceback (most recent call last):
  File "/home/airflow/.local/lib/python3.12/site-packages/airflow/models/dagbag.py", line 383, in parse
    loader.exec_module(new_module)
  File "<frozen importlib._bootstrap_external>", line 999, in exec_module
  File "<frozen importlib._bootstrap>", line 488, in _call_with_frames_removed
  File "/opt/airflow/dags/branch.py", line 6, in <module>
    from airflow.operators.branching import BranchPythonOperator
ModuleNotFoundError: No module named 'airflow.operators.branching'
[2026-04-07T15:18:50.911+0000] {processor.py:927} WARNING - No viable dags retrieved from /opt/airflow/dags/branch.py
[2026-04-07T15:18:50.943+0000] {processor.py:208} INFO - Processing /opt/airflow/dags/branch.py took 0.051 seconds
[2026-04-07T15:19:31.853+0000] {processor.py:186} INFO - Started process (PID=4681) to work on /opt/airflow/dags/branch.py
[2026-04-07T15:19:31.854+0000] {processor.py:914} INFO - Processing file /opt/airflow/dags/branch.py for tasks to queue
[2026-04-07T15:19:31.857+0000] {logging_mixin.py:190} INFO - [2026-04-07T15:19:31.856+0000] {dagbag.py:588} INFO - Filling up the DagBag from /opt/airflow/dags/branch.py
[2026-04-07T15:19:31.861+0000] {logging_mixin.py:190} INFO - [2026-04-07T15:19:31.860+0000] {dagbag.py:387} ERROR - Failed to import: /opt/airflow/dags/branch.py
Traceback (most recent call last):
  File "/home/airflow/.local/lib/python3.12/site-packages/airflow/models/dagbag.py", line 383, in parse
    loader.exec_module(new_module)
  File "<frozen importlib._bootstrap_external>", line 999, in exec_module
  File "<frozen importlib._bootstrap>", line 488, in _call_with_frames_removed
  File "/opt/airflow/dags/branch.py", line 6, in <module>
    from airflow.operators.branching import BranchPythonOperator
ModuleNotFoundError: No module named 'airflow.operators.branching'
[2026-04-07T15:19:31.862+0000] {processor.py:927} WARNING - No viable dags retrieved from /opt/airflow/dags/branch.py
[2026-04-07T15:19:31.894+0000] {processor.py:208} INFO - Processing /opt/airflow/dags/branch.py took 0.052 seconds
[2026-04-07T15:20:12.815+0000] {processor.py:186} INFO - Started process (PID=4752) to work on /opt/airflow/dags/branch.py
[2026-04-07T15:20:12.817+0000] {processor.py:914} INFO - Processing file /opt/airflow/dags/branch.py for tasks to queue
[2026-04-07T15:20:12.820+0000] {logging_mixin.py:190} INFO - [2026-04-07T15:20:12.820+0000] {dagbag.py:588} INFO - Filling up the DagBag from /opt/airflow/dags/branch.py
[2026-04-07T15:20:12.823+0000] {logging_mixin.py:190} INFO - [2026-04-07T15:20:12.822+0000] {dagbag.py:387} ERROR - Failed to import: /opt/airflow/dags/branch.py
Traceback (most recent call last):
  File "/home/airflow/.local/lib/python3.12/site-packages/airflow/models/dagbag.py", line 383, in parse
    loader.exec_module(new_module)
  File "<frozen importlib._bootstrap_external>", line 999, in exec_module
  File "<frozen importlib._bootstrap>", line 488, in _call_with_frames_removed
  File "/opt/airflow/dags/branch.py", line 6, in <module>
    from airflow.operators.branching import BranchPythonOperator
ModuleNotFoundError: No module named 'airflow.operators.branching'
[2026-04-07T15:20:12.824+0000] {processor.py:927} WARNING - No viable dags retrieved from /opt/airflow/dags/branch.py
[2026-04-07T15:20:12.857+0000] {processor.py:208} INFO - Processing /opt/airflow/dags/branch.py took 0.049 seconds
[2026-04-07T15:20:53.735+0000] {processor.py:186} INFO - Started process (PID=4823) to work on /opt/airflow/dags/branch.py
[2026-04-07T15:20:53.736+0000] {processor.py:914} INFO - Processing file /opt/airflow/dags/branch.py for tasks to queue
[2026-04-07T15:20:53.739+0000] {logging_mixin.py:190} INFO - [2026-04-07T15:20:53.739+0000] {dagbag.py:588} INFO - Filling up the DagBag from /opt/airflow/dags/branch.py
[2026-04-07T15:20:53.743+0000] {logging_mixin.py:190} INFO - [2026-04-07T15:20:53.742+0000] {dagbag.py:387} ERROR - Failed to import: /opt/airflow/dags/branch.py
Traceback (most recent call last):
  File "/home/airflow/.local/lib/python3.12/site-packages/airflow/models/dagbag.py", line 383, in parse
    loader.exec_module(new_module)
  File "<frozen importlib._bootstrap_external>", line 999, in exec_module
  File "<frozen importlib._bootstrap>", line 488, in _call_with_frames_removed
  File "/opt/airflow/dags/branch.py", line 6, in <module>
    from airflow.operators.branching import BranchPythonOperator
ModuleNotFoundError: No module named 'airflow.operators.branching'
[2026-04-07T15:20:53.743+0000] {processor.py:927} WARNING - No viable dags retrieved from /opt/airflow/dags/branch.py
[2026-04-07T15:20:53.771+0000] {processor.py:208} INFO - Processing /opt/airflow/dags/branch.py took 0.045 seconds
[2026-04-07T15:21:31.820+0000] {processor.py:186} INFO - Started process (PID=4894) to work on /opt/airflow/dags/branch.py
[2026-04-07T15:21:31.821+0000] {processor.py:914} INFO - Processing file /opt/airflow/dags/branch.py for tasks to queue
[2026-04-07T15:21:31.825+0000] {logging_mixin.py:190} INFO - [2026-04-07T15:21:31.824+0000] {dagbag.py:588} INFO - Filling up the DagBag from /opt/airflow/dags/branch.py
[2026-04-07T15:21:31.829+0000] {logging_mixin.py:190} INFO - [2026-04-07T15:21:31.827+0000] {dagbag.py:387} ERROR - Failed to import: /opt/airflow/dags/branch.py
Traceback (most recent call last):
  File "/home/airflow/.local/lib/python3.12/site-packages/airflow/models/dagbag.py", line 383, in parse
    loader.exec_module(new_module)
  File "<frozen importlib._bootstrap_external>", line 999, in exec_module
  File "<frozen importlib._bootstrap>", line 488, in _call_with_frames_removed
  File "/opt/airflow/dags/branch.py", line 6, in <module>
    from airflow.operators.branching import BranchPythonOperator
ModuleNotFoundError: No module named 'airflow.operators.branching'
[2026-04-07T15:21:31.829+0000] {processor.py:927} WARNING - No viable dags retrieved from /opt/airflow/dags/branch.py
[2026-04-07T15:21:31.856+0000] {processor.py:208} INFO - Processing /opt/airflow/dags/branch.py took 0.044 seconds
[2026-04-07T15:24:27.824+0000] {processor.py:186} INFO - Started process (PID=4963) to work on /opt/airflow/dags/branch.py
[2026-04-07T15:24:27.825+0000] {processor.py:914} INFO - Processing file /opt/airflow/dags/branch.py for tasks to queue
[2026-04-07T15:24:27.828+0000] {logging_mixin.py:190} INFO - [2026-04-07T15:24:27.827+0000] {dagbag.py:588} INFO - Filling up the DagBag from /opt/airflow/dags/branch.py
[2026-04-07T15:24:27.833+0000] {logging_mixin.py:190} INFO - [2026-04-07T15:24:27.831+0000] {dagbag.py:387} ERROR - Failed to import: /opt/airflow/dags/branch.py
Traceback (most recent call last):
  File "/home/airflow/.local/lib/python3.12/site-packages/airflow/models/dagbag.py", line 383, in parse
    loader.exec_module(new_module)
  File "<frozen importlib._bootstrap_external>", line 999, in exec_module
  File "<frozen importlib._bootstrap>", line 488, in _call_with_frames_removed
  File "/opt/airflow/dags/branch.py", line 6, in <module>
    from airflow.operators.branching import BranchPythonOperator
ModuleNotFoundError: No module named 'airflow.operators.branching'
[2026-04-07T15:24:27.833+0000] {processor.py:927} WARNING - No viable dags retrieved from /opt/airflow/dags/branch.py
[2026-04-07T15:24:27.862+0000] {processor.py:208} INFO - Processing /opt/airflow/dags/branch.py took 0.047 seconds
[2026-04-07T15:25:08.848+0000] {processor.py:186} INFO - Started process (PID=5036) to work on /opt/airflow/dags/branch.py
[2026-04-07T15:25:08.849+0000] {processor.py:914} INFO - Processing file /opt/airflow/dags/branch.py for tasks to queue
[2026-04-07T15:25:08.851+0000] {logging_mixin.py:190} INFO - [2026-04-07T15:25:08.851+0000] {dagbag.py:588} INFO - Filling up the DagBag from /opt/airflow/dags/branch.py
[2026-04-07T15:25:08.854+0000] {logging_mixin.py:190} INFO - [2026-04-07T15:25:08.853+0000] {dagbag.py:387} ERROR - Failed to import: /opt/airflow/dags/branch.py
Traceback (most recent call last):
  File "/home/airflow/.local/lib/python3.12/site-packages/airflow/models/dagbag.py", line 383, in parse
    loader.exec_module(new_module)
  File "<frozen importlib._bootstrap_external>", line 999, in exec_module
  File "<frozen importlib._bootstrap>", line 488, in _call_with_frames_removed
  File "/opt/airflow/dags/branch.py", line 6, in <module>
    from airflow.operators.branching import BranchPythonOperator
ModuleNotFoundError: No module named 'airflow.operators.branching'
[2026-04-07T15:25:08.855+0000] {processor.py:927} WARNING - No viable dags retrieved from /opt/airflow/dags/branch.py
[2026-04-07T15:25:08.878+0000] {processor.py:208} INFO - Processing /opt/airflow/dags/branch.py took 0.036 seconds
[2026-04-07T15:25:49.859+0000] {processor.py:186} INFO - Started process (PID=5105) to work on /opt/airflow/dags/branch.py
[2026-04-07T15:25:49.860+0000] {processor.py:914} INFO - Processing file /opt/airflow/dags/branch.py for tasks to queue
[2026-04-07T15:25:49.862+0000] {logging_mixin.py:190} INFO - [2026-04-07T15:25:49.862+0000] {dagbag.py:588} INFO - Filling up the DagBag from /opt/airflow/dags/branch.py
[2026-04-07T15:25:49.866+0000] {logging_mixin.py:190} INFO - [2026-04-07T15:25:49.865+0000] {dagbag.py:387} ERROR - Failed to import: /opt/airflow/dags/branch.py
Traceback (most recent call last):
  File "/home/airflow/.local/lib/python3.12/site-packages/airflow/models/dagbag.py", line 383, in parse
    loader.exec_module(new_module)
  File "<frozen importlib._bootstrap_external>", line 999, in exec_module
  File "<frozen importlib._bootstrap>", line 488, in _call_with_frames_removed
  File "/opt/airflow/dags/branch.py", line 6, in <module>
    from airflow.operators.branching import BranchPythonOperator
ModuleNotFoundError: No module named 'airflow.operators.branching'
[2026-04-07T15:25:49.867+0000] {processor.py:927} WARNING - No viable dags retrieved from /opt/airflow/dags/branch.py
[2026-04-07T15:25:49.894+0000] {processor.py:208} INFO - Processing /opt/airflow/dags/branch.py took 0.043 seconds
[2026-04-07T15:26:31.766+0000] {processor.py:186} INFO - Started process (PID=5176) to work on /opt/airflow/dags/branch.py
[2026-04-07T15:26:31.767+0000] {processor.py:914} INFO - Processing file /opt/airflow/dags/branch.py for tasks to queue
[2026-04-07T15:26:31.771+0000] {logging_mixin.py:190} INFO - [2026-04-07T15:26:31.770+0000] {dagbag.py:588} INFO - Filling up the DagBag from /opt/airflow/dags/branch.py
[2026-04-07T15:26:31.775+0000] {logging_mixin.py:190} INFO - [2026-04-07T15:26:31.773+0000] {dagbag.py:387} ERROR - Failed to import: /opt/airflow/dags/branch.py
Traceback (most recent call last):
  File "/home/airflow/.local/lib/python3.12/site-packages/airflow/models/dagbag.py", line 383, in parse
    loader.exec_module(new_module)
  File "<frozen importlib._bootstrap_external>", line 999, in exec_module
  File "<frozen importlib._bootstrap>", line 488, in _call_with_frames_removed
  File "/opt/airflow/dags/branch.py", line 6, in <module>
    from airflow.operators.branching import BranchPythonOperator
ModuleNotFoundError: No module named 'airflow.operators.branching'
[2026-04-07T15:26:31.776+0000] {processor.py:927} WARNING - No viable dags retrieved from /opt/airflow/dags/branch.py
[2026-04-07T15:26:31.802+0000] {processor.py:208} INFO - Processing /opt/airflow/dags/branch.py took 0.043 seconds
[2026-04-07T15:27:12.884+0000] {processor.py:186} INFO - Started process (PID=5249) to work on /opt/airflow/dags/branch.py
[2026-04-07T15:27:12.885+0000] {processor.py:914} INFO - Processing file /opt/airflow/dags/branch.py for tasks to queue
[2026-04-07T15:27:12.888+0000] {logging_mixin.py:190} INFO - [2026-04-07T15:27:12.887+0000] {dagbag.py:588} INFO - Filling up the DagBag from /opt/airflow/dags/branch.py
[2026-04-07T15:27:12.893+0000] {logging_mixin.py:190} INFO - [2026-04-07T15:27:12.891+0000] {dagbag.py:387} ERROR - Failed to import: /opt/airflow/dags/branch.py
Traceback (most recent call last):
  File "/home/airflow/.local/lib/python3.12/site-packages/airflow/models/dagbag.py", line 383, in parse
    loader.exec_module(new_module)
  File "<frozen importlib._bootstrap_external>", line 999, in exec_module
  File "<frozen importlib._bootstrap>", line 488, in _call_with_frames_removed
  File "/opt/airflow/dags/branch.py", line 6, in <module>
    from airflow.operators.branching import BranchPythonOperator
ModuleNotFoundError: No module named 'airflow.operators.branching'
[2026-04-07T15:27:12.893+0000] {processor.py:927} WARNING - No viable dags retrieved from /opt/airflow/dags/branch.py
[2026-04-07T15:27:12.920+0000] {processor.py:208} INFO - Processing /opt/airflow/dags/branch.py took 0.048 seconds
[2026-04-07T15:27:53.823+0000] {processor.py:186} INFO - Started process (PID=5320) to work on /opt/airflow/dags/branch.py
[2026-04-07T15:27:53.824+0000] {processor.py:914} INFO - Processing file /opt/airflow/dags/branch.py for tasks to queue
[2026-04-07T15:27:53.827+0000] {logging_mixin.py:190} INFO - [2026-04-07T15:27:53.826+0000] {dagbag.py:588} INFO - Filling up the DagBag from /opt/airflow/dags/branch.py
[2026-04-07T15:27:53.830+0000] {logging_mixin.py:190} INFO - [2026-04-07T15:27:53.829+0000] {dagbag.py:387} ERROR - Failed to import: /opt/airflow/dags/branch.py
Traceback (most recent call last):
  File "/home/airflow/.local/lib/python3.12/site-packages/airflow/models/dagbag.py", line 383, in parse
    loader.exec_module(new_module)
  File "<frozen importlib._bootstrap_external>", line 999, in exec_module
  File "<frozen importlib._bootstrap>", line 488, in _call_with_frames_removed
  File "/opt/airflow/dags/branch.py", line 6, in <module>
    from airflow.operators.branching import BranchPythonOperator
ModuleNotFoundError: No module named 'airflow.operators.branching'
[2026-04-07T15:27:53.831+0000] {processor.py:927} WARNING - No viable dags retrieved from /opt/airflow/dags/branch.py
[2026-04-07T15:27:53.860+0000] {processor.py:208} INFO - Processing /opt/airflow/dags/branch.py took 0.044 seconds
[2026-04-07T15:28:34.901+0000] {processor.py:186} INFO - Started process (PID=5391) to work on /opt/airflow/dags/branch.py
[2026-04-07T15:28:34.902+0000] {processor.py:914} INFO - Processing file /opt/airflow/dags/branch.py for tasks to queue
[2026-04-07T15:28:34.904+0000] {logging_mixin.py:190} INFO - [2026-04-07T15:28:34.904+0000] {dagbag.py:588} INFO - Filling up the DagBag from /opt/airflow/dags/branch.py
[2026-04-07T15:28:34.908+0000] {logging_mixin.py:190} INFO - [2026-04-07T15:28:34.907+0000] {dagbag.py:387} ERROR - Failed to import: /opt/airflow/dags/branch.py
Traceback (most recent call last):
  File "/home/airflow/.local/lib/python3.12/site-packages/airflow/models/dagbag.py", line 383, in parse
    loader.exec_module(new_module)
  File "<frozen importlib._bootstrap_external>", line 999, in exec_module
  File "<frozen importlib._bootstrap>", line 488, in _call_with_frames_removed
  File "/opt/airflow/dags/branch.py", line 6, in <module>
    from airflow.operators.branching import BranchPythonOperator
ModuleNotFoundError: No module named 'airflow.operators.branching'
[2026-04-07T15:28:34.909+0000] {processor.py:927} WARNING - No viable dags retrieved from /opt/airflow/dags/branch.py
[2026-04-07T15:28:34.937+0000] {processor.py:208} INFO - Processing /opt/airflow/dags/branch.py took 0.044 seconds
[2026-04-07T15:29:15.844+0000] {processor.py:186} INFO - Started process (PID=5462) to work on /opt/airflow/dags/branch.py
[2026-04-07T15:29:15.845+0000] {processor.py:914} INFO - Processing file /opt/airflow/dags/branch.py for tasks to queue
[2026-04-07T15:29:15.848+0000] {logging_mixin.py:190} INFO - [2026-04-07T15:29:15.848+0000] {dagbag.py:588} INFO - Filling up the DagBag from /opt/airflow/dags/branch.py
[2026-04-07T15:29:15.853+0000] {logging_mixin.py:190} INFO - [2026-04-07T15:29:15.851+0000] {dagbag.py:387} ERROR - Failed to import: /opt/airflow/dags/branch.py
Traceback (most recent call last):
  File "/home/airflow/.local/lib/python3.12/site-packages/airflow/models/dagbag.py", line 383, in parse
    loader.exec_module(new_module)
  File "<frozen importlib._bootstrap_external>", line 999, in exec_module
  File "<frozen importlib._bootstrap>", line 488, in _call_with_frames_removed
  File "/opt/airflow/dags/branch.py", line 6, in <module>
    from airflow.operators.branching import BranchPythonOperator
ModuleNotFoundError: No module named 'airflow.operators.branching'
[2026-04-07T15:29:15.854+0000] {processor.py:927} WARNING - No viable dags retrieved from /opt/airflow/dags/branch.py
[2026-04-07T15:29:15.887+0000] {processor.py:208} INFO - Processing /opt/airflow/dags/branch.py took 0.053 seconds
[2026-04-07T15:29:56.789+0000] {processor.py:186} INFO - Started process (PID=5531) to work on /opt/airflow/dags/branch.py
[2026-04-07T15:29:56.790+0000] {processor.py:914} INFO - Processing file /opt/airflow/dags/branch.py for tasks to queue
[2026-04-07T15:29:56.793+0000] {logging_mixin.py:190} INFO - [2026-04-07T15:29:56.793+0000] {dagbag.py:588} INFO - Filling up the DagBag from /opt/airflow/dags/branch.py
[2026-04-07T15:29:56.798+0000] {logging_mixin.py:190} INFO - [2026-04-07T15:29:56.797+0000] {dagbag.py:387} ERROR - Failed to import: /opt/airflow/dags/branch.py
Traceback (most recent call last):
  File "/home/airflow/.local/lib/python3.12/site-packages/airflow/models/dagbag.py", line 383, in parse
    loader.exec_module(new_module)
  File "<frozen importlib._bootstrap_external>", line 999, in exec_module
  File "<frozen importlib._bootstrap>", line 488, in _call_with_frames_removed
  File "/opt/airflow/dags/branch.py", line 6, in <module>
    from airflow.operators.branching import BranchPythonOperator
ModuleNotFoundError: No module named 'airflow.operators.branching'
[2026-04-07T15:29:56.799+0000] {processor.py:927} WARNING - No viable dags retrieved from /opt/airflow/dags/branch.py
[2026-04-07T15:29:56.826+0000] {processor.py:208} INFO - Processing /opt/airflow/dags/branch.py took 0.047 seconds
[2026-04-07T15:30:37.850+0000] {processor.py:186} INFO - Started process (PID=5604) to work on /opt/airflow/dags/branch.py
[2026-04-07T15:30:37.851+0000] {processor.py:914} INFO - Processing file /opt/airflow/dags/branch.py for tasks to queue
[2026-04-07T15:30:37.853+0000] {logging_mixin.py:190} INFO - [2026-04-07T15:30:37.853+0000] {dagbag.py:588} INFO - Filling up the DagBag from /opt/airflow/dags/branch.py
[2026-04-07T15:30:37.857+0000] {logging_mixin.py:190} INFO - [2026-04-07T15:30:37.856+0000] {dagbag.py:387} ERROR - Failed to import: /opt/airflow/dags/branch.py
Traceback (most recent call last):
  File "/home/airflow/.local/lib/python3.12/site-packages/airflow/models/dagbag.py", line 383, in parse
    loader.exec_module(new_module)
  File "<frozen importlib._bootstrap_external>", line 999, in exec_module
  File "<frozen importlib._bootstrap>", line 488, in _call_with_frames_removed
  File "/opt/airflow/dags/branch.py", line 6, in <module>
    from airflow.operators.branching import BranchPythonOperator
ModuleNotFoundError: No module named 'airflow.operators.branching'
[2026-04-07T15:30:37.858+0000] {processor.py:927} WARNING - No viable dags retrieved from /opt/airflow/dags/branch.py
[2026-04-07T15:30:37.884+0000] {processor.py:208} INFO - Processing /opt/airflow/dags/branch.py took 0.042 seconds
[2026-04-07T15:31:14.910+0000] {processor.py:186} INFO - Started process (PID=5675) to work on /opt/airflow/dags/branch.py
[2026-04-07T15:31:14.911+0000] {processor.py:914} INFO - Processing file /opt/airflow/dags/branch.py for tasks to queue
[2026-04-07T15:31:14.914+0000] {logging_mixin.py:190} INFO - [2026-04-07T15:31:14.914+0000] {dagbag.py:588} INFO - Filling up the DagBag from /opt/airflow/dags/branch.py
[2026-04-07T15:31:14.919+0000] {logging_mixin.py:190} INFO - [2026-04-07T15:31:14.917+0000] {dagbag.py:387} ERROR - Failed to import: /opt/airflow/dags/branch.py
Traceback (most recent call last):
  File "/home/airflow/.local/lib/python3.12/site-packages/airflow/models/dagbag.py", line 383, in parse
    loader.exec_module(new_module)
  File "<frozen importlib._bootstrap_external>", line 999, in exec_module
  File "<frozen importlib._bootstrap>", line 488, in _call_with_frames_removed
  File "/opt/airflow/dags/branch.py", line 6, in <module>
    from airflow.operators.branching import BranchPythonOperator
ModuleNotFoundError: No module named 'airflow.operators.branching'
[2026-04-07T15:31:14.920+0000] {processor.py:927} WARNING - No viable dags retrieved from /opt/airflow/dags/branch.py
[2026-04-07T15:31:14.949+0000] {processor.py:208} INFO - Processing /opt/airflow/dags/branch.py took 0.045 seconds
[2026-04-07T15:31:54.807+0000] {processor.py:186} INFO - Started process (PID=5744) to work on /opt/airflow/dags/branch.py
[2026-04-07T15:31:54.808+0000] {processor.py:914} INFO - Processing file /opt/airflow/dags/branch.py for tasks to queue
[2026-04-07T15:31:54.811+0000] {logging_mixin.py:190} INFO - [2026-04-07T15:31:54.811+0000] {dagbag.py:588} INFO - Filling up the DagBag from /opt/airflow/dags/branch.py
[2026-04-07T15:31:54.817+0000] {logging_mixin.py:190} INFO - [2026-04-07T15:31:54.815+0000] {dagbag.py:387} ERROR - Failed to import: /opt/airflow/dags/branch.py
Traceback (most recent call last):
  File "/home/airflow/.local/lib/python3.12/site-packages/airflow/models/dagbag.py", line 383, in parse
    loader.exec_module(new_module)
  File "<frozen importlib._bootstrap_external>", line 999, in exec_module
  File "<frozen importlib._bootstrap>", line 488, in _call_with_frames_removed
  File "/opt/airflow/dags/branch.py", line 6, in <module>
    from airflow.operators.branching import BranchPythonOperator
ModuleNotFoundError: No module named 'airflow.operators.branching'
[2026-04-07T15:31:54.818+0000] {processor.py:927} WARNING - No viable dags retrieved from /opt/airflow/dags/branch.py
[2026-04-07T15:31:54.847+0000] {processor.py:208} INFO - Processing /opt/airflow/dags/branch.py took 0.050 seconds
[2026-04-07T15:32:40.879+0000] {processor.py:186} INFO - Started process (PID=5823) to work on /opt/airflow/dags/branch.py
[2026-04-07T15:32:40.880+0000] {processor.py:914} INFO - Processing file /opt/airflow/dags/branch.py for tasks to queue
[2026-04-07T15:32:40.882+0000] {logging_mixin.py:190} INFO - [2026-04-07T15:32:40.882+0000] {dagbag.py:588} INFO - Filling up the DagBag from /opt/airflow/dags/branch.py
[2026-04-07T15:32:40.886+0000] {logging_mixin.py:190} INFO - [2026-04-07T15:32:40.885+0000] {dagbag.py:387} ERROR - Failed to import: /opt/airflow/dags/branch.py
Traceback (most recent call last):
  File "/home/airflow/.local/lib/python3.12/site-packages/airflow/models/dagbag.py", line 383, in parse
    loader.exec_module(new_module)
  File "<frozen importlib._bootstrap_external>", line 999, in exec_module
  File "<frozen importlib._bootstrap>", line 488, in _call_with_frames_removed
  File "/opt/airflow/dags/branch.py", line 6, in <module>
    from airflow.operators.branching import BranchPythonOperator
ModuleNotFoundError: No module named 'airflow.operators.branching'
[2026-04-07T15:32:40.887+0000] {processor.py:927} WARNING - No viable dags retrieved from /opt/airflow/dags/branch.py
[2026-04-07T15:32:40.912+0000] {processor.py:208} INFO - Processing /opt/airflow/dags/branch.py took 0.042 seconds
[2026-04-07T15:33:21.804+0000] {processor.py:186} INFO - Started process (PID=5892) to work on /opt/airflow/dags/branch.py
[2026-04-07T15:33:21.805+0000] {processor.py:914} INFO - Processing file /opt/airflow/dags/branch.py for tasks to queue
[2026-04-07T15:33:21.808+0000] {logging_mixin.py:190} INFO - [2026-04-07T15:33:21.808+0000] {dagbag.py:588} INFO - Filling up the DagBag from /opt/airflow/dags/branch.py
[2026-04-07T15:33:21.812+0000] {logging_mixin.py:190} INFO - [2026-04-07T15:33:21.810+0000] {dagbag.py:387} ERROR - Failed to import: /opt/airflow/dags/branch.py
Traceback (most recent call last):
  File "/home/airflow/.local/lib/python3.12/site-packages/airflow/models/dagbag.py", line 383, in parse
    loader.exec_module(new_module)
  File "<frozen importlib._bootstrap_external>", line 999, in exec_module
  File "<frozen importlib._bootstrap>", line 488, in _call_with_frames_removed
  File "/opt/airflow/dags/branch.py", line 6, in <module>
    from airflow.operators.branching import BranchPythonOperator
ModuleNotFoundError: No module named 'airflow.operators.branching'
[2026-04-07T15:33:21.812+0000] {processor.py:927} WARNING - No viable dags retrieved from /opt/airflow/dags/branch.py
[2026-04-07T15:33:21.841+0000] {processor.py:208} INFO - Processing /opt/airflow/dags/branch.py took 0.045 seconds
[2026-04-07T15:34:02.761+0000] {processor.py:186} INFO - Started process (PID=5963) to work on /opt/airflow/dags/branch.py
[2026-04-07T15:34:02.762+0000] {processor.py:914} INFO - Processing file /opt/airflow/dags/branch.py for tasks to queue
[2026-04-07T15:34:02.765+0000] {logging_mixin.py:190} INFO - [2026-04-07T15:34:02.765+0000] {dagbag.py:588} INFO - Filling up the DagBag from /opt/airflow/dags/branch.py
[2026-04-07T15:34:02.770+0000] {logging_mixin.py:190} INFO - [2026-04-07T15:34:02.768+0000] {dagbag.py:387} ERROR - Failed to import: /opt/airflow/dags/branch.py
Traceback (most recent call last):
  File "/home/airflow/.local/lib/python3.12/site-packages/airflow/models/dagbag.py", line 383, in parse
    loader.exec_module(new_module)
  File "<frozen importlib._bootstrap_external>", line 999, in exec_module
  File "<frozen importlib._bootstrap>", line 488, in _call_with_frames_removed
  File "/opt/airflow/dags/branch.py", line 6, in <module>
    from airflow.operators.branching import BranchPythonOperator
ModuleNotFoundError: No module named 'airflow.operators.branching'
[2026-04-07T15:34:02.771+0000] {processor.py:927} WARNING - No viable dags retrieved from /opt/airflow/dags/branch.py
[2026-04-07T15:34:02.799+0000] {processor.py:208} INFO - Processing /opt/airflow/dags/branch.py took 0.046 seconds
[2026-04-07T15:34:44.916+0000] {processor.py:186} INFO - Started process (PID=6036) to work on /opt/airflow/dags/branch.py
[2026-04-07T15:34:44.918+0000] {processor.py:914} INFO - Processing file /opt/airflow/dags/branch.py for tasks to queue
[2026-04-07T15:34:44.921+0000] {logging_mixin.py:190} INFO - [2026-04-07T15:34:44.920+0000] {dagbag.py:588} INFO - Filling up the DagBag from /opt/airflow/dags/branch.py
[2026-04-07T15:34:44.926+0000] {logging_mixin.py:190} INFO - [2026-04-07T15:34:44.924+0000] {dagbag.py:387} ERROR - Failed to import: /opt/airflow/dags/branch.py
Traceback (most recent call last):
  File "/home/airflow/.local/lib/python3.12/site-packages/airflow/models/dagbag.py", line 383, in parse
    loader.exec_module(new_module)
  File "<frozen importlib._bootstrap_external>", line 999, in exec_module
  File "<frozen importlib._bootstrap>", line 488, in _call_with_frames_removed
  File "/opt/airflow/dags/branch.py", line 6, in <module>
    from airflow.operators.branching import BranchPythonOperator
ModuleNotFoundError: No module named 'airflow.operators.branching'
[2026-04-07T15:34:44.926+0000] {processor.py:927} WARNING - No viable dags retrieved from /opt/airflow/dags/branch.py
[2026-04-07T15:34:44.959+0000] {processor.py:208} INFO - Processing /opt/airflow/dags/branch.py took 0.052 seconds
[2026-04-07T15:35:25.865+0000] {processor.py:186} INFO - Started process (PID=6107) to work on /opt/airflow/dags/branch.py
[2026-04-07T15:35:25.866+0000] {processor.py:914} INFO - Processing file /opt/airflow/dags/branch.py for tasks to queue
[2026-04-07T15:35:25.868+0000] {logging_mixin.py:190} INFO - [2026-04-07T15:35:25.868+0000] {dagbag.py:588} INFO - Filling up the DagBag from /opt/airflow/dags/branch.py
[2026-04-07T15:35:25.872+0000] {logging_mixin.py:190} INFO - [2026-04-07T15:35:25.871+0000] {dagbag.py:387} ERROR - Failed to import: /opt/airflow/dags/branch.py
Traceback (most recent call last):
  File "/home/airflow/.local/lib/python3.12/site-packages/airflow/models/dagbag.py", line 383, in parse
    loader.exec_module(new_module)
  File "<frozen importlib._bootstrap_external>", line 999, in exec_module
  File "<frozen importlib._bootstrap>", line 488, in _call_with_frames_removed
  File "/opt/airflow/dags/branch.py", line 6, in <module>
    from airflow.operators.branching import BranchPythonOperator
ModuleNotFoundError: No module named 'airflow.operators.branching'
[2026-04-07T15:35:25.873+0000] {processor.py:927} WARNING - No viable dags retrieved from /opt/airflow/dags/branch.py
[2026-04-07T15:35:25.905+0000] {processor.py:208} INFO - Processing /opt/airflow/dags/branch.py took 0.049 seconds
[2026-04-07T15:36:06.865+0000] {processor.py:186} INFO - Started process (PID=6176) to work on /opt/airflow/dags/branch.py
[2026-04-07T15:36:06.866+0000] {processor.py:914} INFO - Processing file /opt/airflow/dags/branch.py for tasks to queue
[2026-04-07T15:36:06.869+0000] {logging_mixin.py:190} INFO - [2026-04-07T15:36:06.868+0000] {dagbag.py:588} INFO - Filling up the DagBag from /opt/airflow/dags/branch.py
[2026-04-07T15:36:06.875+0000] {logging_mixin.py:190} INFO - [2026-04-07T15:36:06.871+0000] {dagbag.py:387} ERROR - Failed to import: /opt/airflow/dags/branch.py
Traceback (most recent call last):
  File "/home/airflow/.local/lib/python3.12/site-packages/airflow/models/dagbag.py", line 383, in parse
    loader.exec_module(new_module)
  File "<frozen importlib._bootstrap_external>", line 999, in exec_module
  File "<frozen importlib._bootstrap>", line 488, in _call_with_frames_removed
  File "/opt/airflow/dags/branch.py", line 6, in <module>
    from airflow.operators.branching import BranchPythonOperator
ModuleNotFoundError: No module named 'airflow.operators.branching'
[2026-04-07T15:36:06.876+0000] {processor.py:927} WARNING - No viable dags retrieved from /opt/airflow/dags/branch.py
[2026-04-07T15:36:06.902+0000] {processor.py:208} INFO - Processing /opt/airflow/dags/branch.py took 0.045 seconds
[2026-04-07T15:36:47.814+0000] {processor.py:186} INFO - Started process (PID=6248) to work on /opt/airflow/dags/branch.py
[2026-04-07T15:36:47.815+0000] {processor.py:914} INFO - Processing file /opt/airflow/dags/branch.py for tasks to queue
[2026-04-07T15:36:47.817+0000] {logging_mixin.py:190} INFO - [2026-04-07T15:36:47.817+0000] {dagbag.py:588} INFO - Filling up the DagBag from /opt/airflow/dags/branch.py
[2026-04-07T15:36:47.821+0000] {logging_mixin.py:190} INFO - [2026-04-07T15:36:47.820+0000] {dagbag.py:387} ERROR - Failed to import: /opt/airflow/dags/branch.py
Traceback (most recent call last):
  File "/home/airflow/.local/lib/python3.12/site-packages/airflow/models/dagbag.py", line 383, in parse
    loader.exec_module(new_module)
  File "<frozen importlib._bootstrap_external>", line 999, in exec_module
  File "<frozen importlib._bootstrap>", line 488, in _call_with_frames_removed
  File "/opt/airflow/dags/branch.py", line 6, in <module>
    from airflow.operators.branching import BranchPythonOperator
ModuleNotFoundError: No module named 'airflow.operators.branching'
[2026-04-07T15:36:47.821+0000] {processor.py:927} WARNING - No viable dags retrieved from /opt/airflow/dags/branch.py
[2026-04-07T15:36:47.849+0000] {processor.py:208} INFO - Processing /opt/airflow/dags/branch.py took 0.044 seconds
[2026-04-07T15:37:28.835+0000] {processor.py:186} INFO - Started process (PID=6318) to work on /opt/airflow/dags/branch.py
[2026-04-07T15:37:28.836+0000] {processor.py:914} INFO - Processing file /opt/airflow/dags/branch.py for tasks to queue
[2026-04-07T15:37:28.839+0000] {logging_mixin.py:190} INFO - [2026-04-07T15:37:28.838+0000] {dagbag.py:588} INFO - Filling up the DagBag from /opt/airflow/dags/branch.py
[2026-04-07T15:37:28.843+0000] {logging_mixin.py:190} INFO - [2026-04-07T15:37:28.841+0000] {dagbag.py:387} ERROR - Failed to import: /opt/airflow/dags/branch.py
Traceback (most recent call last):
  File "/home/airflow/.local/lib/python3.12/site-packages/airflow/models/dagbag.py", line 383, in parse
    loader.exec_module(new_module)
  File "<frozen importlib._bootstrap_external>", line 999, in exec_module
  File "<frozen importlib._bootstrap>", line 488, in _call_with_frames_removed
  File "/opt/airflow/dags/branch.py", line 6, in <module>
    from airflow.operators.branching import BranchPythonOperator
ModuleNotFoundError: No module named 'airflow.operators.branching'
[2026-04-07T15:37:28.843+0000] {processor.py:927} WARNING - No viable dags retrieved from /opt/airflow/dags/branch.py
[2026-04-07T15:37:28.869+0000] {processor.py:208} INFO - Processing /opt/airflow/dags/branch.py took 0.042 seconds
[2026-04-07T15:38:09.821+0000] {processor.py:186} INFO - Started process (PID=6391) to work on /opt/airflow/dags/branch.py
[2026-04-07T15:38:09.822+0000] {processor.py:914} INFO - Processing file /opt/airflow/dags/branch.py for tasks to queue
[2026-04-07T15:38:09.824+0000] {logging_mixin.py:190} INFO - [2026-04-07T15:38:09.824+0000] {dagbag.py:588} INFO - Filling up the DagBag from /opt/airflow/dags/branch.py
[2026-04-07T15:38:09.828+0000] {logging_mixin.py:190} INFO - [2026-04-07T15:38:09.826+0000] {dagbag.py:387} ERROR - Failed to import: /opt/airflow/dags/branch.py
Traceback (most recent call last):
  File "/home/airflow/.local/lib/python3.12/site-packages/airflow/models/dagbag.py", line 383, in parse
    loader.exec_module(new_module)
  File "<frozen importlib._bootstrap_external>", line 999, in exec_module
  File "<frozen importlib._bootstrap>", line 488, in _call_with_frames_removed
  File "/opt/airflow/dags/branch.py", line 6, in <module>
    from airflow.operators.branching import BranchPythonOperator
ModuleNotFoundError: No module named 'airflow.operators.branching'
[2026-04-07T15:38:09.828+0000] {processor.py:927} WARNING - No viable dags retrieved from /opt/airflow/dags/branch.py
[2026-04-07T15:38:09.854+0000] {processor.py:208} INFO - Processing /opt/airflow/dags/branch.py took 0.041 seconds
[2026-04-07T15:38:55.729+0000] {processor.py:186} INFO - Started process (PID=6460) to work on /opt/airflow/dags/branch.py
[2026-04-07T15:38:55.730+0000] {processor.py:914} INFO - Processing file /opt/airflow/dags/branch.py for tasks to queue
[2026-04-07T15:38:55.733+0000] {logging_mixin.py:190} INFO - [2026-04-07T15:38:55.732+0000] {dagbag.py:588} INFO - Filling up the DagBag from /opt/airflow/dags/branch.py
[2026-04-07T15:38:55.737+0000] {logging_mixin.py:190} INFO - [2026-04-07T15:38:55.735+0000] {dagbag.py:387} ERROR - Failed to import: /opt/airflow/dags/branch.py
Traceback (most recent call last):
  File "/home/airflow/.local/lib/python3.12/site-packages/airflow/models/dagbag.py", line 383, in parse
    loader.exec_module(new_module)
  File "<frozen importlib._bootstrap_external>", line 999, in exec_module
  File "<frozen importlib._bootstrap>", line 488, in _call_with_frames_removed
  File "/opt/airflow/dags/branch.py", line 6, in <module>
    from airflow.operators.branching import BranchPythonOperator
ModuleNotFoundError: No module named 'airflow.operators.branching'
[2026-04-07T15:38:55.737+0000] {processor.py:927} WARNING - No viable dags retrieved from /opt/airflow/dags/branch.py
[2026-04-07T15:38:55.764+0000] {processor.py:208} INFO - Processing /opt/airflow/dags/branch.py took 0.041 seconds
[2026-04-07T15:39:37.831+0000] {processor.py:186} INFO - Started process (PID=6531) to work on /opt/airflow/dags/branch.py
[2026-04-07T15:39:37.832+0000] {processor.py:914} INFO - Processing file /opt/airflow/dags/branch.py for tasks to queue
[2026-04-07T15:39:37.835+0000] {logging_mixin.py:190} INFO - [2026-04-07T15:39:37.834+0000] {dagbag.py:588} INFO - Filling up the DagBag from /opt/airflow/dags/branch.py
[2026-04-07T15:39:37.839+0000] {logging_mixin.py:190} INFO - [2026-04-07T15:39:37.837+0000] {dagbag.py:387} ERROR - Failed to import: /opt/airflow/dags/branch.py
Traceback (most recent call last):
  File "/home/airflow/.local/lib/python3.12/site-packages/airflow/models/dagbag.py", line 383, in parse
    loader.exec_module(new_module)
  File "<frozen importlib._bootstrap_external>", line 999, in exec_module
  File "<frozen importlib._bootstrap>", line 488, in _call_with_frames_removed
  File "/opt/airflow/dags/branch.py", line 6, in <module>
    from airflow.operators.branching import BranchPythonOperator
ModuleNotFoundError: No module named 'airflow.operators.branching'
[2026-04-07T15:39:37.839+0000] {processor.py:927} WARNING - No viable dags retrieved from /opt/airflow/dags/branch.py
[2026-04-07T15:39:37.869+0000] {processor.py:208} INFO - Processing /opt/airflow/dags/branch.py took 0.045 seconds
[2026-04-07T15:40:18.884+0000] {processor.py:186} INFO - Started process (PID=6604) to work on /opt/airflow/dags/branch.py
[2026-04-07T15:40:18.885+0000] {processor.py:914} INFO - Processing file /opt/airflow/dags/branch.py for tasks to queue
[2026-04-07T15:40:18.889+0000] {logging_mixin.py:190} INFO - [2026-04-07T15:40:18.888+0000] {dagbag.py:588} INFO - Filling up the DagBag from /opt/airflow/dags/branch.py
[2026-04-07T15:40:18.893+0000] {logging_mixin.py:190} INFO - [2026-04-07T15:40:18.892+0000] {dagbag.py:387} ERROR - Failed to import: /opt/airflow/dags/branch.py
Traceback (most recent call last):
  File "/home/airflow/.local/lib/python3.12/site-packages/airflow/models/dagbag.py", line 383, in parse
    loader.exec_module(new_module)
  File "<frozen importlib._bootstrap_external>", line 999, in exec_module
  File "<frozen importlib._bootstrap>", line 488, in _call_with_frames_removed
  File "/opt/airflow/dags/branch.py", line 6, in <module>
    from airflow.operators.branching import BranchPythonOperator
ModuleNotFoundError: No module named 'airflow.operators.branching'
[2026-04-07T15:40:18.894+0000] {processor.py:927} WARNING - No viable dags retrieved from /opt/airflow/dags/branch.py
[2026-04-07T15:40:18.928+0000] {processor.py:208} INFO - Processing /opt/airflow/dags/branch.py took 0.055 seconds
[2026-04-07T15:40:59.817+0000] {processor.py:186} INFO - Started process (PID=6675) to work on /opt/airflow/dags/branch.py
[2026-04-07T15:40:59.818+0000] {processor.py:914} INFO - Processing file /opt/airflow/dags/branch.py for tasks to queue
[2026-04-07T15:40:59.821+0000] {logging_mixin.py:190} INFO - [2026-04-07T15:40:59.821+0000] {dagbag.py:588} INFO - Filling up the DagBag from /opt/airflow/dags/branch.py
[2026-04-07T15:40:59.826+0000] {logging_mixin.py:190} INFO - [2026-04-07T15:40:59.824+0000] {dagbag.py:387} ERROR - Failed to import: /opt/airflow/dags/branch.py
Traceback (most recent call last):
  File "/home/airflow/.local/lib/python3.12/site-packages/airflow/models/dagbag.py", line 383, in parse
    loader.exec_module(new_module)
  File "<frozen importlib._bootstrap_external>", line 999, in exec_module
  File "<frozen importlib._bootstrap>", line 488, in _call_with_frames_removed
  File "/opt/airflow/dags/branch.py", line 6, in <module>
    from airflow.operators.branching import BranchPythonOperator
ModuleNotFoundError: No module named 'airflow.operators.branching'
[2026-04-07T15:40:59.827+0000] {processor.py:927} WARNING - No viable dags retrieved from /opt/airflow/dags/branch.py
[2026-04-07T15:40:59.855+0000] {processor.py:208} INFO - Processing /opt/airflow/dags/branch.py took 0.050 seconds
[2026-04-07T15:41:45.894+0000] {processor.py:186} INFO - Started process (PID=6746) to work on /opt/airflow/dags/branch.py
[2026-04-07T15:41:45.895+0000] {processor.py:914} INFO - Processing file /opt/airflow/dags/branch.py for tasks to queue
[2026-04-07T15:41:45.897+0000] {logging_mixin.py:190} INFO - [2026-04-07T15:41:45.897+0000] {dagbag.py:588} INFO - Filling up the DagBag from /opt/airflow/dags/branch.py
[2026-04-07T15:41:45.901+0000] {logging_mixin.py:190} INFO - [2026-04-07T15:41:45.900+0000] {dagbag.py:387} ERROR - Failed to import: /opt/airflow/dags/branch.py
Traceback (most recent call last):
  File "/home/airflow/.local/lib/python3.12/site-packages/airflow/models/dagbag.py", line 383, in parse
    loader.exec_module(new_module)
  File "<frozen importlib._bootstrap_external>", line 999, in exec_module
  File "<frozen importlib._bootstrap>", line 488, in _call_with_frames_removed
  File "/opt/airflow/dags/branch.py", line 6, in <module>
    from airflow.operators.branching import BranchPythonOperator
ModuleNotFoundError: No module named 'airflow.operators.branching'
[2026-04-07T15:41:45.902+0000] {processor.py:927} WARNING - No viable dags retrieved from /opt/airflow/dags/branch.py
[2026-04-07T15:41:45.933+0000] {processor.py:208} INFO - Processing /opt/airflow/dags/branch.py took 0.048 seconds
[2026-04-07T15:42:26.832+0000] {processor.py:186} INFO - Started process (PID=6817) to work on /opt/airflow/dags/branch.py
[2026-04-07T15:42:26.833+0000] {processor.py:914} INFO - Processing file /opt/airflow/dags/branch.py for tasks to queue
[2026-04-07T15:42:26.836+0000] {logging_mixin.py:190} INFO - [2026-04-07T15:42:26.836+0000] {dagbag.py:588} INFO - Filling up the DagBag from /opt/airflow/dags/branch.py
[2026-04-07T15:42:26.839+0000] {logging_mixin.py:190} INFO - [2026-04-07T15:42:26.838+0000] {dagbag.py:387} ERROR - Failed to import: /opt/airflow/dags/branch.py
Traceback (most recent call last):
  File "/home/airflow/.local/lib/python3.12/site-packages/airflow/models/dagbag.py", line 383, in parse
    loader.exec_module(new_module)
  File "<frozen importlib._bootstrap_external>", line 999, in exec_module
  File "<frozen importlib._bootstrap>", line 488, in _call_with_frames_removed
  File "/opt/airflow/dags/branch.py", line 6, in <module>
    from airflow.operators.branching import BranchPythonOperator
ModuleNotFoundError: No module named 'airflow.operators.branching'
[2026-04-07T15:42:26.840+0000] {processor.py:927} WARNING - No viable dags retrieved from /opt/airflow/dags/branch.py
[2026-04-07T15:42:26.869+0000] {processor.py:208} INFO - Processing /opt/airflow/dags/branch.py took 0.049 seconds
[2026-04-07T15:43:12.744+0000] {processor.py:186} INFO - Started process (PID=6886) to work on /opt/airflow/dags/branch.py
[2026-04-07T15:43:12.745+0000] {processor.py:914} INFO - Processing file /opt/airflow/dags/branch.py for tasks to queue
[2026-04-07T15:43:12.748+0000] {logging_mixin.py:190} INFO - [2026-04-07T15:43:12.747+0000] {dagbag.py:588} INFO - Filling up the DagBag from /opt/airflow/dags/branch.py
[2026-04-07T15:43:12.752+0000] {logging_mixin.py:190} INFO - [2026-04-07T15:43:12.750+0000] {dagbag.py:387} ERROR - Failed to import: /opt/airflow/dags/branch.py
Traceback (most recent call last):
  File "/home/airflow/.local/lib/python3.12/site-packages/airflow/models/dagbag.py", line 383, in parse
    loader.exec_module(new_module)
  File "<frozen importlib._bootstrap_external>", line 999, in exec_module
  File "<frozen importlib._bootstrap>", line 488, in _call_with_frames_removed
  File "/opt/airflow/dags/branch.py", line 6, in <module>
    from airflow.operators.branching import BranchPythonOperator
ModuleNotFoundError: No module named 'airflow.operators.branching'
[2026-04-07T15:43:12.752+0000] {processor.py:927} WARNING - No viable dags retrieved from /opt/airflow/dags/branch.py
[2026-04-07T15:43:12.779+0000] {processor.py:208} INFO - Processing /opt/airflow/dags/branch.py took 0.043 seconds
[2026-04-07T15:43:53.783+0000] {processor.py:186} INFO - Started process (PID=6957) to work on /opt/airflow/dags/branch.py
[2026-04-07T15:43:53.784+0000] {processor.py:914} INFO - Processing file /opt/airflow/dags/branch.py for tasks to queue
[2026-04-07T15:43:53.786+0000] {logging_mixin.py:190} INFO - [2026-04-07T15:43:53.786+0000] {dagbag.py:588} INFO - Filling up the DagBag from /opt/airflow/dags/branch.py
[2026-04-07T15:43:53.790+0000] {logging_mixin.py:190} INFO - [2026-04-07T15:43:53.789+0000] {dagbag.py:387} ERROR - Failed to import: /opt/airflow/dags/branch.py
Traceback (most recent call last):
  File "/home/airflow/.local/lib/python3.12/site-packages/airflow/models/dagbag.py", line 383, in parse
    loader.exec_module(new_module)
  File "<frozen importlib._bootstrap_external>", line 999, in exec_module
  File "<frozen importlib._bootstrap>", line 488, in _call_with_frames_removed
  File "/opt/airflow/dags/branch.py", line 6, in <module>
    from airflow.operators.branching import BranchPythonOperator
ModuleNotFoundError: No module named 'airflow.operators.branching'
[2026-04-07T15:43:53.790+0000] {processor.py:927} WARNING - No viable dags retrieved from /opt/airflow/dags/branch.py
[2026-04-07T15:43:53.820+0000] {processor.py:208} INFO - Processing /opt/airflow/dags/branch.py took 0.045 seconds
[2026-04-07T15:44:40.815+0000] {processor.py:186} INFO - Started process (PID=7027) to work on /opt/airflow/dags/branch.py
[2026-04-07T15:44:40.816+0000] {processor.py:914} INFO - Processing file /opt/airflow/dags/branch.py for tasks to queue
[2026-04-07T15:44:40.819+0000] {logging_mixin.py:190} INFO - [2026-04-07T15:44:40.819+0000] {dagbag.py:588} INFO - Filling up the DagBag from /opt/airflow/dags/branch.py
[2026-04-07T15:44:40.823+0000] {logging_mixin.py:190} INFO - [2026-04-07T15:44:40.822+0000] {dagbag.py:387} ERROR - Failed to import: /opt/airflow/dags/branch.py
Traceback (most recent call last):
  File "/home/airflow/.local/lib/python3.12/site-packages/airflow/models/dagbag.py", line 383, in parse
    loader.exec_module(new_module)
  File "<frozen importlib._bootstrap_external>", line 999, in exec_module
  File "<frozen importlib._bootstrap>", line 488, in _call_with_frames_removed
  File "/opt/airflow/dags/branch.py", line 6, in <module>
    from airflow.operators.branching import BranchPythonOperator
ModuleNotFoundError: No module named 'airflow.operators.branching'
[2026-04-07T15:44:40.824+0000] {processor.py:927} WARNING - No viable dags retrieved from /opt/airflow/dags/branch.py
[2026-04-07T15:44:40.852+0000] {processor.py:208} INFO - Processing /opt/airflow/dags/branch.py took 0.044 seconds
[2026-04-07T15:45:26.705+0000] {processor.py:186} INFO - Started process (PID=7098) to work on /opt/airflow/dags/branch.py
[2026-04-07T15:45:26.706+0000] {processor.py:914} INFO - Processing file /opt/airflow/dags/branch.py for tasks to queue
[2026-04-07T15:45:26.708+0000] {logging_mixin.py:190} INFO - [2026-04-07T15:45:26.708+0000] {dagbag.py:588} INFO - Filling up the DagBag from /opt/airflow/dags/branch.py
[2026-04-07T15:45:26.712+0000] {logging_mixin.py:190} INFO - [2026-04-07T15:45:26.711+0000] {dagbag.py:387} ERROR - Failed to import: /opt/airflow/dags/branch.py
Traceback (most recent call last):
  File "/home/airflow/.local/lib/python3.12/site-packages/airflow/models/dagbag.py", line 383, in parse
    loader.exec_module(new_module)
  File "<frozen importlib._bootstrap_external>", line 999, in exec_module
  File "<frozen importlib._bootstrap>", line 488, in _call_with_frames_removed
  File "/opt/airflow/dags/branch.py", line 6, in <module>
    from airflow.operators.branching import BranchPythonOperator
ModuleNotFoundError: No module named 'airflow.operators.branching'
[2026-04-07T15:45:26.712+0000] {processor.py:927} WARNING - No viable dags retrieved from /opt/airflow/dags/branch.py
[2026-04-07T15:45:26.741+0000] {processor.py:208} INFO - Processing /opt/airflow/dags/branch.py took 0.045 seconds
[2026-04-07T15:46:07.864+0000] {processor.py:186} INFO - Started process (PID=7171) to work on /opt/airflow/dags/branch.py
[2026-04-07T15:46:07.865+0000] {processor.py:914} INFO - Processing file /opt/airflow/dags/branch.py for tasks to queue
[2026-04-07T15:46:07.869+0000] {logging_mixin.py:190} INFO - [2026-04-07T15:46:07.869+0000] {dagbag.py:588} INFO - Filling up the DagBag from /opt/airflow/dags/branch.py
[2026-04-07T15:46:07.875+0000] {logging_mixin.py:190} INFO - [2026-04-07T15:46:07.873+0000] {dagbag.py:387} ERROR - Failed to import: /opt/airflow/dags/branch.py
Traceback (most recent call last):
  File "/home/airflow/.local/lib/python3.12/site-packages/airflow/models/dagbag.py", line 383, in parse
    loader.exec_module(new_module)
  File "<frozen importlib._bootstrap_external>", line 999, in exec_module
  File "<frozen importlib._bootstrap>", line 488, in _call_with_frames_removed
  File "/opt/airflow/dags/branch.py", line 6, in <module>
    from airflow.operators.branching import BranchPythonOperator
ModuleNotFoundError: No module named 'airflow.operators.branching'
[2026-04-07T15:46:07.875+0000] {processor.py:927} WARNING - No viable dags retrieved from /opt/airflow/dags/branch.py
[2026-04-07T15:46:07.907+0000] {processor.py:208} INFO - Processing /opt/airflow/dags/branch.py took 0.054 seconds
[2026-04-07T15:46:48.826+0000] {processor.py:186} INFO - Started process (PID=7242) to work on /opt/airflow/dags/branch.py
[2026-04-07T15:46:48.827+0000] {processor.py:914} INFO - Processing file /opt/airflow/dags/branch.py for tasks to queue
[2026-04-07T15:46:48.829+0000] {logging_mixin.py:190} INFO - [2026-04-07T15:46:48.829+0000] {dagbag.py:588} INFO - Filling up the DagBag from /opt/airflow/dags/branch.py
[2026-04-07T15:46:48.833+0000] {logging_mixin.py:190} INFO - [2026-04-07T15:46:48.832+0000] {dagbag.py:387} ERROR - Failed to import: /opt/airflow/dags/branch.py
Traceback (most recent call last):
  File "/home/airflow/.local/lib/python3.12/site-packages/airflow/models/dagbag.py", line 383, in parse
    loader.exec_module(new_module)
  File "<frozen importlib._bootstrap_external>", line 999, in exec_module
  File "<frozen importlib._bootstrap>", line 488, in _call_with_frames_removed
  File "/opt/airflow/dags/branch.py", line 6, in <module>
    from airflow.operators.branching import BranchPythonOperator
ModuleNotFoundError: No module named 'airflow.operators.branching'
[2026-04-07T15:46:48.834+0000] {processor.py:927} WARNING - No viable dags retrieved from /opt/airflow/dags/branch.py
[2026-04-07T15:46:48.860+0000] {processor.py:208} INFO - Processing /opt/airflow/dags/branch.py took 0.040 seconds
[2026-04-07T15:47:29.848+0000] {processor.py:186} INFO - Started process (PID=7313) to work on /opt/airflow/dags/branch.py
[2026-04-07T15:47:29.849+0000] {processor.py:914} INFO - Processing file /opt/airflow/dags/branch.py for tasks to queue
[2026-04-07T15:47:29.852+0000] {logging_mixin.py:190} INFO - [2026-04-07T15:47:29.852+0000] {dagbag.py:588} INFO - Filling up the DagBag from /opt/airflow/dags/branch.py
[2026-04-07T15:47:29.857+0000] {logging_mixin.py:190} INFO - [2026-04-07T15:47:29.855+0000] {dagbag.py:387} ERROR - Failed to import: /opt/airflow/dags/branch.py
Traceback (most recent call last):
  File "/home/airflow/.local/lib/python3.12/site-packages/airflow/models/dagbag.py", line 383, in parse
    loader.exec_module(new_module)
  File "<frozen importlib._bootstrap_external>", line 999, in exec_module
  File "<frozen importlib._bootstrap>", line 488, in _call_with_frames_removed
  File "/opt/airflow/dags/branch.py", line 6, in <module>
    from airflow.operators.branching import BranchPythonOperator
ModuleNotFoundError: No module named 'airflow.operators.branching'
[2026-04-07T15:47:29.858+0000] {processor.py:927} WARNING - No viable dags retrieved from /opt/airflow/dags/branch.py
[2026-04-07T15:47:29.887+0000] {processor.py:208} INFO - Processing /opt/airflow/dags/branch.py took 0.047 seconds
[2026-04-07T15:48:15.789+0000] {processor.py:186} INFO - Started process (PID=7382) to work on /opt/airflow/dags/branch.py
[2026-04-07T15:48:15.791+0000] {processor.py:914} INFO - Processing file /opt/airflow/dags/branch.py for tasks to queue
[2026-04-07T15:48:15.795+0000] {logging_mixin.py:190} INFO - [2026-04-07T15:48:15.794+0000] {dagbag.py:588} INFO - Filling up the DagBag from /opt/airflow/dags/branch.py
[2026-04-07T15:48:15.801+0000] {logging_mixin.py:190} INFO - [2026-04-07T15:48:15.799+0000] {dagbag.py:387} ERROR - Failed to import: /opt/airflow/dags/branch.py
Traceback (most recent call last):
  File "/home/airflow/.local/lib/python3.12/site-packages/airflow/models/dagbag.py", line 383, in parse
    loader.exec_module(new_module)
  File "<frozen importlib._bootstrap_external>", line 999, in exec_module
  File "<frozen importlib._bootstrap>", line 488, in _call_with_frames_removed
  File "/opt/airflow/dags/branch.py", line 6, in <module>
    from airflow.operators.branching import BranchPythonOperator
ModuleNotFoundError: No module named 'airflow.operators.branching'
[2026-04-07T15:48:15.802+0000] {processor.py:927} WARNING - No viable dags retrieved from /opt/airflow/dags/branch.py
[2026-04-07T15:48:15.839+0000] {processor.py:208} INFO - Processing /opt/airflow/dags/branch.py took 0.060 seconds
[2026-04-07T15:48:52.857+0000] {processor.py:186} INFO - Started process (PID=7453) to work on /opt/airflow/dags/branch.py
[2026-04-07T15:48:52.858+0000] {processor.py:914} INFO - Processing file /opt/airflow/dags/branch.py for tasks to queue
[2026-04-07T15:48:52.860+0000] {logging_mixin.py:190} INFO - [2026-04-07T15:48:52.860+0000] {dagbag.py:588} INFO - Filling up the DagBag from /opt/airflow/dags/branch.py
[2026-04-07T15:48:52.864+0000] {logging_mixin.py:190} INFO - [2026-04-07T15:48:52.863+0000] {dagbag.py:387} ERROR - Failed to import: /opt/airflow/dags/branch.py
Traceback (most recent call last):
  File "/home/airflow/.local/lib/python3.12/site-packages/airflow/models/dagbag.py", line 383, in parse
    loader.exec_module(new_module)
  File "<frozen importlib._bootstrap_external>", line 999, in exec_module
  File "<frozen importlib._bootstrap>", line 488, in _call_with_frames_removed
  File "/opt/airflow/dags/branch.py", line 6, in <module>
    from airflow.operators.branching import BranchPythonOperator
ModuleNotFoundError: No module named 'airflow.operators.branching'
[2026-04-07T15:48:52.865+0000] {processor.py:927} WARNING - No viable dags retrieved from /opt/airflow/dags/branch.py
[2026-04-07T15:48:52.897+0000] {processor.py:208} INFO - Processing /opt/airflow/dags/branch.py took 0.048 seconds
[2026-04-07T15:49:38.915+0000] {processor.py:186} INFO - Started process (PID=7524) to work on /opt/airflow/dags/branch.py
[2026-04-07T15:49:38.916+0000] {processor.py:914} INFO - Processing file /opt/airflow/dags/branch.py for tasks to queue
[2026-04-07T15:49:38.919+0000] {logging_mixin.py:190} INFO - [2026-04-07T15:49:38.918+0000] {dagbag.py:588} INFO - Filling up the DagBag from /opt/airflow/dags/branch.py
[2026-04-07T15:49:38.923+0000] {logging_mixin.py:190} INFO - [2026-04-07T15:49:38.921+0000] {dagbag.py:387} ERROR - Failed to import: /opt/airflow/dags/branch.py
Traceback (most recent call last):
  File "/home/airflow/.local/lib/python3.12/site-packages/airflow/models/dagbag.py", line 383, in parse
    loader.exec_module(new_module)
  File "<frozen importlib._bootstrap_external>", line 999, in exec_module
  File "<frozen importlib._bootstrap>", line 488, in _call_with_frames_removed
  File "/opt/airflow/dags/branch.py", line 6, in <module>
    from airflow.operators.branching import BranchPythonOperator
ModuleNotFoundError: No module named 'airflow.operators.branching'
[2026-04-07T15:49:38.923+0000] {processor.py:927} WARNING - No viable dags retrieved from /opt/airflow/dags/branch.py
[2026-04-07T15:49:38.951+0000] {processor.py:208} INFO - Processing /opt/airflow/dags/branch.py took 0.044 seconds
[2026-04-07T15:50:24.818+0000] {processor.py:186} INFO - Started process (PID=7597) to work on /opt/airflow/dags/branch.py
[2026-04-07T15:50:24.820+0000] {processor.py:914} INFO - Processing file /opt/airflow/dags/branch.py for tasks to queue
[2026-04-07T15:50:24.823+0000] {logging_mixin.py:190} INFO - [2026-04-07T15:50:24.823+0000] {dagbag.py:588} INFO - Filling up the DagBag from /opt/airflow/dags/branch.py
[2026-04-07T15:50:24.827+0000] {logging_mixin.py:190} INFO - [2026-04-07T15:50:24.826+0000] {dagbag.py:387} ERROR - Failed to import: /opt/airflow/dags/branch.py
Traceback (most recent call last):
  File "/home/airflow/.local/lib/python3.12/site-packages/airflow/models/dagbag.py", line 383, in parse
    loader.exec_module(new_module)
  File "<frozen importlib._bootstrap_external>", line 999, in exec_module
  File "<frozen importlib._bootstrap>", line 488, in _call_with_frames_removed
  File "/opt/airflow/dags/branch.py", line 6, in <module>
    from airflow.operators.branching import BranchPythonOperator
ModuleNotFoundError: No module named 'airflow.operators.branching'
[2026-04-07T15:50:24.828+0000] {processor.py:927} WARNING - No viable dags retrieved from /opt/airflow/dags/branch.py
[2026-04-07T15:50:24.853+0000] {processor.py:208} INFO - Processing /opt/airflow/dags/branch.py took 0.041 seconds
[2026-04-07T15:51:01.871+0000] {processor.py:186} INFO - Started process (PID=7668) to work on /opt/airflow/dags/branch.py
[2026-04-07T15:51:01.872+0000] {processor.py:914} INFO - Processing file /opt/airflow/dags/branch.py for tasks to queue
[2026-04-07T15:51:01.874+0000] {logging_mixin.py:190} INFO - [2026-04-07T15:51:01.874+0000] {dagbag.py:588} INFO - Filling up the DagBag from /opt/airflow/dags/branch.py
[2026-04-07T15:51:01.877+0000] {logging_mixin.py:190} INFO - [2026-04-07T15:51:01.876+0000] {dagbag.py:387} ERROR - Failed to import: /opt/airflow/dags/branch.py
Traceback (most recent call last):
  File "/home/airflow/.local/lib/python3.12/site-packages/airflow/models/dagbag.py", line 383, in parse
    loader.exec_module(new_module)
  File "<frozen importlib._bootstrap_external>", line 999, in exec_module
  File "<frozen importlib._bootstrap>", line 488, in _call_with_frames_removed
  File "/opt/airflow/dags/branch.py", line 6, in <module>
    from airflow.operators.branching import BranchPythonOperator
ModuleNotFoundError: No module named 'airflow.operators.branching'
[2026-04-07T15:51:01.878+0000] {processor.py:927} WARNING - No viable dags retrieved from /opt/airflow/dags/branch.py
[2026-04-07T15:51:01.911+0000] {processor.py:208} INFO - Processing /opt/airflow/dags/branch.py took 0.046 seconds
[2026-04-07T15:51:41.850+0000] {processor.py:186} INFO - Started process (PID=7739) to work on /opt/airflow/dags/branch.py
[2026-04-07T15:51:41.851+0000] {processor.py:914} INFO - Processing file /opt/airflow/dags/branch.py for tasks to queue
[2026-04-07T15:51:41.854+0000] {logging_mixin.py:190} INFO - [2026-04-07T15:51:41.853+0000] {dagbag.py:588} INFO - Filling up the DagBag from /opt/airflow/dags/branch.py
[2026-04-07T15:51:41.857+0000] {logging_mixin.py:190} INFO - [2026-04-07T15:51:41.856+0000] {dagbag.py:387} ERROR - Failed to import: /opt/airflow/dags/branch.py
Traceback (most recent call last):
  File "/home/airflow/.local/lib/python3.12/site-packages/airflow/models/dagbag.py", line 383, in parse
    loader.exec_module(new_module)
  File "<frozen importlib._bootstrap_external>", line 999, in exec_module
  File "<frozen importlib._bootstrap>", line 488, in _call_with_frames_removed
  File "/opt/airflow/dags/branch.py", line 6, in <module>
    from airflow.operators.branching import BranchPythonOperator
ModuleNotFoundError: No module named 'airflow.operators.branching'
[2026-04-07T15:51:41.858+0000] {processor.py:927} WARNING - No viable dags retrieved from /opt/airflow/dags/branch.py
[2026-04-07T15:51:41.891+0000] {processor.py:208} INFO - Processing /opt/airflow/dags/branch.py took 0.051 seconds
[2026-04-07T15:52:22.814+0000] {processor.py:186} INFO - Started process (PID=7808) to work on /opt/airflow/dags/branch.py
[2026-04-07T15:52:22.815+0000] {processor.py:914} INFO - Processing file /opt/airflow/dags/branch.py for tasks to queue
[2026-04-07T15:52:22.818+0000] {logging_mixin.py:190} INFO - [2026-04-07T15:52:22.817+0000] {dagbag.py:588} INFO - Filling up the DagBag from /opt/airflow/dags/branch.py
[2026-04-07T15:52:22.822+0000] {logging_mixin.py:190} INFO - [2026-04-07T15:52:22.820+0000] {dagbag.py:387} ERROR - Failed to import: /opt/airflow/dags/branch.py
Traceback (most recent call last):
  File "/home/airflow/.local/lib/python3.12/site-packages/airflow/models/dagbag.py", line 383, in parse
    loader.exec_module(new_module)
  File "<frozen importlib._bootstrap_external>", line 999, in exec_module
  File "<frozen importlib._bootstrap>", line 488, in _call_with_frames_removed
  File "/opt/airflow/dags/branch.py", line 6, in <module>
    from airflow.operators.branching import BranchPythonOperator
ModuleNotFoundError: No module named 'airflow.operators.branching'
[2026-04-07T15:52:22.822+0000] {processor.py:927} WARNING - No viable dags retrieved from /opt/airflow/dags/branch.py
[2026-04-07T15:52:22.851+0000] {processor.py:208} INFO - Processing /opt/airflow/dags/branch.py took 0.046 seconds
[2026-04-07T15:53:08.720+0000] {processor.py:186} INFO - Started process (PID=7879) to work on /opt/airflow/dags/branch.py
[2026-04-07T15:53:08.722+0000] {processor.py:914} INFO - Processing file /opt/airflow/dags/branch.py for tasks to queue
[2026-04-07T15:53:08.725+0000] {logging_mixin.py:190} INFO - [2026-04-07T15:53:08.724+0000] {dagbag.py:588} INFO - Filling up the DagBag from /opt/airflow/dags/branch.py
[2026-04-07T15:53:08.728+0000] {logging_mixin.py:190} INFO - [2026-04-07T15:53:08.727+0000] {dagbag.py:387} ERROR - Failed to import: /opt/airflow/dags/branch.py
Traceback (most recent call last):
  File "/home/airflow/.local/lib/python3.12/site-packages/airflow/models/dagbag.py", line 383, in parse
    loader.exec_module(new_module)
  File "<frozen importlib._bootstrap_external>", line 999, in exec_module
  File "<frozen importlib._bootstrap>", line 488, in _call_with_frames_removed
  File "/opt/airflow/dags/branch.py", line 6, in <module>
    from airflow.operators.branching import BranchPythonOperator
ModuleNotFoundError: No module named 'airflow.operators.branching'
[2026-04-07T15:53:08.729+0000] {processor.py:927} WARNING - No viable dags retrieved from /opt/airflow/dags/branch.py
[2026-04-07T15:53:08.759+0000] {processor.py:208} INFO - Processing /opt/airflow/dags/branch.py took 0.045 seconds
[2026-04-07T15:53:55.725+0000] {processor.py:186} INFO - Started process (PID=7950) to work on /opt/airflow/dags/branch.py
[2026-04-07T15:53:55.727+0000] {processor.py:914} INFO - Processing file /opt/airflow/dags/branch.py for tasks to queue
[2026-04-07T15:53:55.729+0000] {logging_mixin.py:190} INFO - [2026-04-07T15:53:55.728+0000] {dagbag.py:588} INFO - Filling up the DagBag from /opt/airflow/dags/branch.py
[2026-04-07T15:53:55.733+0000] {logging_mixin.py:190} INFO - [2026-04-07T15:53:55.731+0000] {dagbag.py:387} ERROR - Failed to import: /opt/airflow/dags/branch.py
Traceback (most recent call last):
  File "/home/airflow/.local/lib/python3.12/site-packages/airflow/models/dagbag.py", line 383, in parse
    loader.exec_module(new_module)
  File "<frozen importlib._bootstrap_external>", line 999, in exec_module
  File "<frozen importlib._bootstrap>", line 488, in _call_with_frames_removed
  File "/opt/airflow/dags/branch.py", line 6, in <module>
    from airflow.operators.branching import BranchPythonOperator
ModuleNotFoundError: No module named 'airflow.operators.branching'
[2026-04-07T15:53:55.733+0000] {processor.py:927} WARNING - No viable dags retrieved from /opt/airflow/dags/branch.py
[2026-04-07T15:53:55.761+0000] {processor.py:208} INFO - Processing /opt/airflow/dags/branch.py took 0.042 seconds
[2026-04-07T15:54:37.041+0000] {processor.py:186} INFO - Started process (PID=8024) to work on /opt/airflow/dags/branch.py
[2026-04-07T15:54:37.042+0000] {processor.py:914} INFO - Processing file /opt/airflow/dags/branch.py for tasks to queue
[2026-04-07T15:54:37.044+0000] {logging_mixin.py:190} INFO - [2026-04-07T15:54:37.044+0000] {dagbag.py:588} INFO - Filling up the DagBag from /opt/airflow/dags/branch.py
[2026-04-07T15:54:37.049+0000] {logging_mixin.py:190} INFO - [2026-04-07T15:54:37.047+0000] {dagbag.py:387} ERROR - Failed to import: /opt/airflow/dags/branch.py
Traceback (most recent call last):
  File "/home/airflow/.local/lib/python3.12/site-packages/airflow/models/dagbag.py", line 383, in parse
    loader.exec_module(new_module)
  File "<frozen importlib._bootstrap_external>", line 999, in exec_module
  File "<frozen importlib._bootstrap>", line 488, in _call_with_frames_removed
  File "/opt/airflow/dags/branch.py", line 6, in <module>
    from airflow.operators.branching import BranchPythonOperator
ModuleNotFoundError: No module named 'airflow.operators.branching'
[2026-04-07T15:54:37.050+0000] {processor.py:927} WARNING - No viable dags retrieved from /opt/airflow/dags/branch.py
[2026-04-07T15:54:37.087+0000] {processor.py:208} INFO - Processing /opt/airflow/dags/branch.py took 0.056 seconds
[2026-04-07T15:55:17.845+0000] {processor.py:186} INFO - Started process (PID=8095) to work on /opt/airflow/dags/branch.py
[2026-04-07T15:55:17.846+0000] {processor.py:914} INFO - Processing file /opt/airflow/dags/branch.py for tasks to queue
[2026-04-07T15:55:17.850+0000] {logging_mixin.py:190} INFO - [2026-04-07T15:55:17.849+0000] {dagbag.py:588} INFO - Filling up the DagBag from /opt/airflow/dags/branch.py
[2026-04-07T15:55:17.854+0000] {logging_mixin.py:190} INFO - [2026-04-07T15:55:17.852+0000] {dagbag.py:387} ERROR - Failed to import: /opt/airflow/dags/branch.py
Traceback (most recent call last):
  File "/home/airflow/.local/lib/python3.12/site-packages/airflow/models/dagbag.py", line 383, in parse
    loader.exec_module(new_module)
  File "<frozen importlib._bootstrap_external>", line 999, in exec_module
  File "<frozen importlib._bootstrap>", line 488, in _call_with_frames_removed
  File "/opt/airflow/dags/branch.py", line 6, in <module>
    from airflow.operators.branching import BranchPythonOperator
ModuleNotFoundError: No module named 'airflow.operators.branching'
[2026-04-07T15:55:17.854+0000] {processor.py:927} WARNING - No viable dags retrieved from /opt/airflow/dags/branch.py
[2026-04-07T15:55:17.888+0000] {processor.py:208} INFO - Processing /opt/airflow/dags/branch.py took 0.052 seconds
[2026-04-07T15:56:03.870+0000] {processor.py:186} INFO - Started process (PID=8166) to work on /opt/airflow/dags/branch.py
[2026-04-07T15:56:03.871+0000] {processor.py:914} INFO - Processing file /opt/airflow/dags/branch.py for tasks to queue
[2026-04-07T15:56:03.873+0000] {logging_mixin.py:190} INFO - [2026-04-07T15:56:03.873+0000] {dagbag.py:588} INFO - Filling up the DagBag from /opt/airflow/dags/branch.py
[2026-04-07T15:56:03.877+0000] {logging_mixin.py:190} INFO - [2026-04-07T15:56:03.876+0000] {dagbag.py:387} ERROR - Failed to import: /opt/airflow/dags/branch.py
Traceback (most recent call last):
  File "/home/airflow/.local/lib/python3.12/site-packages/airflow/models/dagbag.py", line 383, in parse
    loader.exec_module(new_module)
  File "<frozen importlib._bootstrap_external>", line 999, in exec_module
  File "<frozen importlib._bootstrap>", line 488, in _call_with_frames_removed
  File "/opt/airflow/dags/branch.py", line 6, in <module>
    from airflow.operators.branching import BranchPythonOperator
ModuleNotFoundError: No module named 'airflow.operators.branching'
[2026-04-07T15:56:03.877+0000] {processor.py:927} WARNING - No viable dags retrieved from /opt/airflow/dags/branch.py
[2026-04-07T15:56:03.907+0000] {processor.py:208} INFO - Processing /opt/airflow/dags/branch.py took 0.045 seconds
[2026-04-07T15:56:44.840+0000] {processor.py:186} INFO - Started process (PID=8237) to work on /opt/airflow/dags/branch.py
[2026-04-07T15:56:44.841+0000] {processor.py:914} INFO - Processing file /opt/airflow/dags/branch.py for tasks to queue
[2026-04-07T15:56:44.844+0000] {logging_mixin.py:190} INFO - [2026-04-07T15:56:44.843+0000] {dagbag.py:588} INFO - Filling up the DagBag from /opt/airflow/dags/branch.py
[2026-04-07T15:56:44.849+0000] {logging_mixin.py:190} INFO - [2026-04-07T15:56:44.847+0000] {dagbag.py:387} ERROR - Failed to import: /opt/airflow/dags/branch.py
Traceback (most recent call last):
  File "/home/airflow/.local/lib/python3.12/site-packages/airflow/models/dagbag.py", line 383, in parse
    loader.exec_module(new_module)
  File "<frozen importlib._bootstrap_external>", line 999, in exec_module
  File "<frozen importlib._bootstrap>", line 488, in _call_with_frames_removed
  File "/opt/airflow/dags/branch.py", line 6, in <module>
    from airflow.operators.branching import BranchPythonOperator
ModuleNotFoundError: No module named 'airflow.operators.branching'
[2026-04-07T15:56:44.850+0000] {processor.py:927} WARNING - No viable dags retrieved from /opt/airflow/dags/branch.py
[2026-04-07T15:56:44.876+0000] {processor.py:208} INFO - Processing /opt/airflow/dags/branch.py took 0.044 seconds
[2026-04-07T15:57:21.854+0000] {processor.py:186} INFO - Started process (PID=8306) to work on /opt/airflow/dags/branch.py
[2026-04-07T15:57:21.855+0000] {processor.py:914} INFO - Processing file /opt/airflow/dags/branch.py for tasks to queue
[2026-04-07T15:57:21.858+0000] {logging_mixin.py:190} INFO - [2026-04-07T15:57:21.857+0000] {dagbag.py:588} INFO - Filling up the DagBag from /opt/airflow/dags/branch.py
[2026-04-07T15:57:21.861+0000] {logging_mixin.py:190} INFO - [2026-04-07T15:57:21.860+0000] {dagbag.py:387} ERROR - Failed to import: /opt/airflow/dags/branch.py
Traceback (most recent call last):
  File "/home/airflow/.local/lib/python3.12/site-packages/airflow/models/dagbag.py", line 383, in parse
    loader.exec_module(new_module)
  File "<frozen importlib._bootstrap_external>", line 999, in exec_module
  File "<frozen importlib._bootstrap>", line 488, in _call_with_frames_removed
  File "/opt/airflow/dags/branch.py", line 6, in <module>
    from airflow.operators.branching import BranchPythonOperator
ModuleNotFoundError: No module named 'airflow.operators.branching'
[2026-04-07T15:57:21.862+0000] {processor.py:927} WARNING - No viable dags retrieved from /opt/airflow/dags/branch.py
[2026-04-07T15:57:21.890+0000] {processor.py:208} INFO - Processing /opt/airflow/dags/branch.py took 0.043 seconds
[2026-04-07T15:58:06.858+0000] {processor.py:186} INFO - Started process (PID=8379) to work on /opt/airflow/dags/branch.py
[2026-04-07T15:58:06.859+0000] {processor.py:914} INFO - Processing file /opt/airflow/dags/branch.py for tasks to queue
[2026-04-07T15:58:06.861+0000] {logging_mixin.py:190} INFO - [2026-04-07T15:58:06.861+0000] {dagbag.py:588} INFO - Filling up the DagBag from /opt/airflow/dags/branch.py
[2026-04-07T15:58:06.865+0000] {logging_mixin.py:190} INFO - [2026-04-07T15:58:06.864+0000] {dagbag.py:387} ERROR - Failed to import: /opt/airflow/dags/branch.py
Traceback (most recent call last):
  File "/home/airflow/.local/lib/python3.12/site-packages/airflow/models/dagbag.py", line 383, in parse
    loader.exec_module(new_module)
  File "<frozen importlib._bootstrap_external>", line 999, in exec_module
  File "<frozen importlib._bootstrap>", line 488, in _call_with_frames_removed
  File "/opt/airflow/dags/branch.py", line 6, in <module>
    from airflow.operators.branching import BranchPythonOperator
ModuleNotFoundError: No module named 'airflow.operators.branching'
[2026-04-07T15:58:06.865+0000] {processor.py:927} WARNING - No viable dags retrieved from /opt/airflow/dags/branch.py
[2026-04-07T15:58:06.894+0000] {processor.py:208} INFO - Processing /opt/airflow/dags/branch.py took 0.046 seconds
[2026-04-07T15:58:47.879+0000] {processor.py:186} INFO - Started process (PID=8456) to work on /opt/airflow/dags/branch.py
[2026-04-07T15:58:47.881+0000] {processor.py:914} INFO - Processing file /opt/airflow/dags/branch.py for tasks to queue
[2026-04-07T15:58:47.884+0000] {logging_mixin.py:190} INFO - [2026-04-07T15:58:47.884+0000] {dagbag.py:588} INFO - Filling up the DagBag from /opt/airflow/dags/branch.py
[2026-04-07T15:58:47.890+0000] {logging_mixin.py:190} INFO - [2026-04-07T15:58:47.887+0000] {dagbag.py:387} ERROR - Failed to import: /opt/airflow/dags/branch.py
Traceback (most recent call last):
  File "/home/airflow/.local/lib/python3.12/site-packages/airflow/models/dagbag.py", line 383, in parse
    loader.exec_module(new_module)
  File "<frozen importlib._bootstrap_external>", line 999, in exec_module
  File "<frozen importlib._bootstrap>", line 488, in _call_with_frames_removed
  File "/opt/airflow/dags/branch.py", line 6, in <module>
    from airflow.operators.branching import BranchPythonOperator
ModuleNotFoundError: No module named 'airflow.operators.branching'
[2026-04-07T15:58:47.891+0000] {processor.py:927} WARNING - No viable dags retrieved from /opt/airflow/dags/branch.py
[2026-04-07T15:58:47.924+0000] {processor.py:208} INFO - Processing /opt/airflow/dags/branch.py took 0.053 seconds
[2026-04-07T15:59:39.957+0000] {processor.py:186} INFO - Started process (PID=8527) to work on /opt/airflow/dags/branch.py
[2026-04-07T15:59:39.958+0000] {processor.py:914} INFO - Processing file /opt/airflow/dags/branch.py for tasks to queue
[2026-04-07T15:59:39.961+0000] {logging_mixin.py:190} INFO - [2026-04-07T15:59:39.960+0000] {dagbag.py:588} INFO - Filling up the DagBag from /opt/airflow/dags/branch.py
[2026-04-07T15:59:39.964+0000] {logging_mixin.py:190} INFO - [2026-04-07T15:59:39.963+0000] {dagbag.py:387} ERROR - Failed to import: /opt/airflow/dags/branch.py
Traceback (most recent call last):
  File "/home/airflow/.local/lib/python3.12/site-packages/airflow/models/dagbag.py", line 383, in parse
    loader.exec_module(new_module)
  File "<frozen importlib._bootstrap_external>", line 999, in exec_module
  File "<frozen importlib._bootstrap>", line 488, in _call_with_frames_removed
  File "/opt/airflow/dags/branch.py", line 6, in <module>
    from airflow.operators.branching import BranchPythonOperator
ModuleNotFoundError: No module named 'airflow.operators.branching'
[2026-04-07T15:59:39.964+0000] {processor.py:927} WARNING - No viable dags retrieved from /opt/airflow/dags/branch.py
[2026-04-07T15:59:39.996+0000] {processor.py:208} INFO - Processing /opt/airflow/dags/branch.py took 0.045 seconds
[2026-04-07T16:02:59.986+0000] {processor.py:186} INFO - Started process (PID=8598) to work on /opt/airflow/dags/branch.py
[2026-04-07T16:02:59.987+0000] {processor.py:914} INFO - Processing file /opt/airflow/dags/branch.py for tasks to queue
[2026-04-07T16:02:59.989+0000] {logging_mixin.py:190} INFO - [2026-04-07T16:02:59.989+0000] {dagbag.py:588} INFO - Filling up the DagBag from /opt/airflow/dags/branch.py
[2026-04-07T16:02:59.993+0000] {logging_mixin.py:190} INFO - [2026-04-07T16:02:59.992+0000] {dagbag.py:387} ERROR - Failed to import: /opt/airflow/dags/branch.py
Traceback (most recent call last):
  File "/home/airflow/.local/lib/python3.12/site-packages/airflow/models/dagbag.py", line 383, in parse
    loader.exec_module(new_module)
  File "<frozen importlib._bootstrap_external>", line 999, in exec_module
  File "<frozen importlib._bootstrap>", line 488, in _call_with_frames_removed
  File "/opt/airflow/dags/branch.py", line 6, in <module>
    from airflow.operators.branching import BranchPythonOperator
ModuleNotFoundError: No module named 'airflow.operators.branching'
[2026-04-07T16:02:59.994+0000] {processor.py:927} WARNING - No viable dags retrieved from /opt/airflow/dags/branch.py
[2026-04-07T16:03:00.019+0000] {processor.py:208} INFO - Processing /opt/airflow/dags/branch.py took 0.042 seconds
[2026-04-07T16:06:06.928+0000] {processor.py:186} INFO - Started process (PID=8667) to work on /opt/airflow/dags/branch.py
[2026-04-07T16:06:06.929+0000] {processor.py:914} INFO - Processing file /opt/airflow/dags/branch.py for tasks to queue
[2026-04-07T16:06:06.932+0000] {logging_mixin.py:190} INFO - [2026-04-07T16:06:06.931+0000] {dagbag.py:588} INFO - Filling up the DagBag from /opt/airflow/dags/branch.py
[2026-04-07T16:06:06.936+0000] {logging_mixin.py:190} INFO - [2026-04-07T16:06:06.934+0000] {dagbag.py:387} ERROR - Failed to import: /opt/airflow/dags/branch.py
Traceback (most recent call last):
  File "/home/airflow/.local/lib/python3.12/site-packages/airflow/models/dagbag.py", line 383, in parse
    loader.exec_module(new_module)
  File "<frozen importlib._bootstrap_external>", line 999, in exec_module
  File "<frozen importlib._bootstrap>", line 488, in _call_with_frames_removed
  File "/opt/airflow/dags/branch.py", line 6, in <module>
    from airflow.operators.branching import BranchPythonOperator
ModuleNotFoundError: No module named 'airflow.operators.branching'
[2026-04-07T16:06:06.937+0000] {processor.py:927} WARNING - No viable dags retrieved from /opt/airflow/dags/branch.py
[2026-04-07T16:06:06.967+0000] {processor.py:208} INFO - Processing /opt/airflow/dags/branch.py took 0.049 seconds
[2026-04-07T16:07:36.932+0000] {processor.py:186} INFO - Started process (PID=8740) to work on /opt/airflow/dags/branch.py
[2026-04-07T16:07:36.933+0000] {processor.py:914} INFO - Processing file /opt/airflow/dags/branch.py for tasks to queue
[2026-04-07T16:07:36.935+0000] {logging_mixin.py:190} INFO - [2026-04-07T16:07:36.935+0000] {dagbag.py:588} INFO - Filling up the DagBag from /opt/airflow/dags/branch.py
[2026-04-07T16:07:36.939+0000] {logging_mixin.py:190} INFO - [2026-04-07T16:07:36.938+0000] {dagbag.py:387} ERROR - Failed to import: /opt/airflow/dags/branch.py
Traceback (most recent call last):
  File "/home/airflow/.local/lib/python3.12/site-packages/airflow/models/dagbag.py", line 383, in parse
    loader.exec_module(new_module)
  File "<frozen importlib._bootstrap_external>", line 999, in exec_module
  File "<frozen importlib._bootstrap>", line 488, in _call_with_frames_removed
  File "/opt/airflow/dags/branch.py", line 6, in <module>
    from airflow.operators.branching import BranchPythonOperator
ModuleNotFoundError: No module named 'airflow.operators.branching'
[2026-04-07T16:07:36.939+0000] {processor.py:927} WARNING - No viable dags retrieved from /opt/airflow/dags/branch.py
[2026-04-07T16:07:36.970+0000] {processor.py:208} INFO - Processing /opt/airflow/dags/branch.py took 0.043 seconds
[2026-04-07T16:08:50.989+0000] {processor.py:186} INFO - Started process (PID=8811) to work on /opt/airflow/dags/branch.py
[2026-04-07T16:08:50.990+0000] {processor.py:914} INFO - Processing file /opt/airflow/dags/branch.py for tasks to queue
[2026-04-07T16:08:50.993+0000] {logging_mixin.py:190} INFO - [2026-04-07T16:08:50.993+0000] {dagbag.py:588} INFO - Filling up the DagBag from /opt/airflow/dags/branch.py
[2026-04-07T16:08:50.998+0000] {logging_mixin.py:190} INFO - [2026-04-07T16:08:50.997+0000] {dagbag.py:387} ERROR - Failed to import: /opt/airflow/dags/branch.py
Traceback (most recent call last):
  File "/home/airflow/.local/lib/python3.12/site-packages/airflow/models/dagbag.py", line 383, in parse
    loader.exec_module(new_module)
  File "<frozen importlib._bootstrap_external>", line 999, in exec_module
  File "<frozen importlib._bootstrap>", line 488, in _call_with_frames_removed
  File "/opt/airflow/dags/branch.py", line 6, in <module>
    from airflow.operators.branching import BranchPythonOperator
ModuleNotFoundError: No module named 'airflow.operators.branching'
[2026-04-07T16:08:50.999+0000] {processor.py:927} WARNING - No viable dags retrieved from /opt/airflow/dags/branch.py
[2026-04-07T16:08:51.025+0000] {processor.py:208} INFO - Processing /opt/airflow/dags/branch.py took 0.045 seconds
[2026-04-07T16:09:30.730+0000] {processor.py:186} INFO - Started process (PID=8880) to work on /opt/airflow/dags/branch.py
[2026-04-07T16:09:30.731+0000] {processor.py:914} INFO - Processing file /opt/airflow/dags/branch.py for tasks to queue
[2026-04-07T16:09:30.734+0000] {logging_mixin.py:190} INFO - [2026-04-07T16:09:30.734+0000] {dagbag.py:588} INFO - Filling up the DagBag from /opt/airflow/dags/branch.py
[2026-04-07T16:09:30.739+0000] {logging_mixin.py:190} INFO - [2026-04-07T16:09:30.737+0000] {dagbag.py:387} ERROR - Failed to import: /opt/airflow/dags/branch.py
Traceback (most recent call last):
  File "/home/airflow/.local/lib/python3.12/site-packages/airflow/models/dagbag.py", line 383, in parse
    loader.exec_module(new_module)
  File "<frozen importlib._bootstrap_external>", line 999, in exec_module
  File "<frozen importlib._bootstrap>", line 488, in _call_with_frames_removed
  File "/opt/airflow/dags/branch.py", line 6, in <module>
    from airflow.operators.branching import BranchPythonOperator
ModuleNotFoundError: No module named 'airflow.operators.branching'
[2026-04-07T16:09:30.740+0000] {processor.py:927} WARNING - No viable dags retrieved from /opt/airflow/dags/branch.py
[2026-04-07T16:09:30.771+0000] {processor.py:208} INFO - Processing /opt/airflow/dags/branch.py took 0.051 seconds
[2026-04-07T16:10:33.238+0000] {processor.py:186} INFO - Started process (PID=8951) to work on /opt/airflow/dags/branch.py
[2026-04-07T16:10:33.239+0000] {processor.py:914} INFO - Processing file /opt/airflow/dags/branch.py for tasks to queue
[2026-04-07T16:10:33.242+0000] {logging_mixin.py:190} INFO - [2026-04-07T16:10:33.241+0000] {dagbag.py:588} INFO - Filling up the DagBag from /opt/airflow/dags/branch.py
[2026-04-07T16:10:33.246+0000] {logging_mixin.py:190} INFO - [2026-04-07T16:10:33.245+0000] {dagbag.py:387} ERROR - Failed to import: /opt/airflow/dags/branch.py
Traceback (most recent call last):
  File "/home/airflow/.local/lib/python3.12/site-packages/airflow/models/dagbag.py", line 383, in parse
    loader.exec_module(new_module)
  File "<frozen importlib._bootstrap_external>", line 999, in exec_module
  File "<frozen importlib._bootstrap>", line 488, in _call_with_frames_removed
  File "/opt/airflow/dags/branch.py", line 6, in <module>
    from airflow.operators.branching import BranchPythonOperator
ModuleNotFoundError: No module named 'airflow.operators.branching'
[2026-04-07T16:10:33.247+0000] {processor.py:927} WARNING - No viable dags retrieved from /opt/airflow/dags/branch.py
[2026-04-07T16:10:33.277+0000] {processor.py:208} INFO - Processing /opt/airflow/dags/branch.py took 0.048 seconds
[2026-04-07T16:11:15.819+0000] {processor.py:186} INFO - Started process (PID=9022) to work on /opt/airflow/dags/branch.py
[2026-04-07T16:11:15.820+0000] {processor.py:914} INFO - Processing file /opt/airflow/dags/branch.py for tasks to queue
[2026-04-07T16:11:15.823+0000] {logging_mixin.py:190} INFO - [2026-04-07T16:11:15.823+0000] {dagbag.py:588} INFO - Filling up the DagBag from /opt/airflow/dags/branch.py
[2026-04-07T16:11:15.827+0000] {logging_mixin.py:190} INFO - [2026-04-07T16:11:15.826+0000] {dagbag.py:387} ERROR - Failed to import: /opt/airflow/dags/branch.py
Traceback (most recent call last):
  File "/home/airflow/.local/lib/python3.12/site-packages/airflow/models/dagbag.py", line 383, in parse
    loader.exec_module(new_module)
  File "<frozen importlib._bootstrap_external>", line 999, in exec_module
  File "<frozen importlib._bootstrap>", line 488, in _call_with_frames_removed
  File "/opt/airflow/dags/branch.py", line 6, in <module>
    from airflow.operators.branching import BranchPythonOperator
ModuleNotFoundError: No module named 'airflow.operators.branching'
[2026-04-07T16:11:15.828+0000] {processor.py:927} WARNING - No viable dags retrieved from /opt/airflow/dags/branch.py
[2026-04-07T16:11:15.860+0000] {processor.py:208} INFO - Processing /opt/airflow/dags/branch.py took 0.049 seconds
[2026-04-07T16:11:56.879+0000] {processor.py:186} INFO - Started process (PID=9095) to work on /opt/airflow/dags/branch.py
[2026-04-07T16:11:56.881+0000] {processor.py:914} INFO - Processing file /opt/airflow/dags/branch.py for tasks to queue
[2026-04-07T16:11:56.886+0000] {logging_mixin.py:190} INFO - [2026-04-07T16:11:56.885+0000] {dagbag.py:588} INFO - Filling up the DagBag from /opt/airflow/dags/branch.py
[2026-04-07T16:11:56.893+0000] {logging_mixin.py:190} INFO - [2026-04-07T16:11:56.890+0000] {dagbag.py:387} ERROR - Failed to import: /opt/airflow/dags/branch.py
Traceback (most recent call last):
  File "/home/airflow/.local/lib/python3.12/site-packages/airflow/models/dagbag.py", line 383, in parse
    loader.exec_module(new_module)
  File "<frozen importlib._bootstrap_external>", line 999, in exec_module
  File "<frozen importlib._bootstrap>", line 488, in _call_with_frames_removed
  File "/opt/airflow/dags/branch.py", line 6, in <module>
    from airflow.operators.branching import BranchPythonOperator
ModuleNotFoundError: No module named 'airflow.operators.branching'
[2026-04-07T16:11:56.894+0000] {processor.py:927} WARNING - No viable dags retrieved from /opt/airflow/dags/branch.py
[2026-04-07T16:11:56.920+0000] {processor.py:208} INFO - Processing /opt/airflow/dags/branch.py took 0.048 seconds
[2026-04-07T16:12:34.873+0000] {processor.py:186} INFO - Started process (PID=9166) to work on /opt/airflow/dags/branch.py
[2026-04-07T16:12:34.874+0000] {processor.py:914} INFO - Processing file /opt/airflow/dags/branch.py for tasks to queue
[2026-04-07T16:12:34.876+0000] {logging_mixin.py:190} INFO - [2026-04-07T16:12:34.876+0000] {dagbag.py:588} INFO - Filling up the DagBag from /opt/airflow/dags/branch.py
[2026-04-07T16:12:34.880+0000] {logging_mixin.py:190} INFO - [2026-04-07T16:12:34.879+0000] {dagbag.py:387} ERROR - Failed to import: /opt/airflow/dags/branch.py
Traceback (most recent call last):
  File "/home/airflow/.local/lib/python3.12/site-packages/airflow/models/dagbag.py", line 383, in parse
    loader.exec_module(new_module)
  File "<frozen importlib._bootstrap_external>", line 999, in exec_module
  File "<frozen importlib._bootstrap>", line 488, in _call_with_frames_removed
  File "/opt/airflow/dags/branch.py", line 6, in <module>
    from airflow.operators.branching import BranchPythonOperator
ModuleNotFoundError: No module named 'airflow.operators.branching'
[2026-04-07T16:12:34.881+0000] {processor.py:927} WARNING - No viable dags retrieved from /opt/airflow/dags/branch.py
[2026-04-07T16:12:34.908+0000] {processor.py:208} INFO - Processing /opt/airflow/dags/branch.py took 0.043 seconds
[2026-04-07T16:13:13.895+0000] {processor.py:186} INFO - Started process (PID=9237) to work on /opt/airflow/dags/branch.py
[2026-04-07T16:13:13.896+0000] {processor.py:914} INFO - Processing file /opt/airflow/dags/branch.py for tasks to queue
[2026-04-07T16:13:13.898+0000] {logging_mixin.py:190} INFO - [2026-04-07T16:13:13.898+0000] {dagbag.py:588} INFO - Filling up the DagBag from /opt/airflow/dags/branch.py
[2026-04-07T16:13:13.902+0000] {logging_mixin.py:190} INFO - [2026-04-07T16:13:13.901+0000] {dagbag.py:387} ERROR - Failed to import: /opt/airflow/dags/branch.py
Traceback (most recent call last):
  File "/home/airflow/.local/lib/python3.12/site-packages/airflow/models/dagbag.py", line 383, in parse
    loader.exec_module(new_module)
  File "<frozen importlib._bootstrap_external>", line 999, in exec_module
  File "<frozen importlib._bootstrap>", line 488, in _call_with_frames_removed
  File "/opt/airflow/dags/branch.py", line 6, in <module>
    from airflow.operators.branching import BranchPythonOperator
ModuleNotFoundError: No module named 'airflow.operators.branching'
[2026-04-07T16:13:13.903+0000] {processor.py:927} WARNING - No viable dags retrieved from /opt/airflow/dags/branch.py
[2026-04-07T16:13:13.932+0000] {processor.py:208} INFO - Processing /opt/airflow/dags/branch.py took 0.050 seconds
[2026-04-07T16:13:50.892+0000] {processor.py:186} INFO - Started process (PID=9308) to work on /opt/airflow/dags/branch.py
[2026-04-07T16:13:50.893+0000] {processor.py:914} INFO - Processing file /opt/airflow/dags/branch.py for tasks to queue
[2026-04-07T16:13:50.895+0000] {logging_mixin.py:190} INFO - [2026-04-07T16:13:50.895+0000] {dagbag.py:588} INFO - Filling up the DagBag from /opt/airflow/dags/branch.py
[2026-04-07T16:13:50.900+0000] {logging_mixin.py:190} INFO - [2026-04-07T16:13:50.898+0000] {dagbag.py:387} ERROR - Failed to import: /opt/airflow/dags/branch.py
Traceback (most recent call last):
  File "/home/airflow/.local/lib/python3.12/site-packages/airflow/models/dagbag.py", line 383, in parse
    loader.exec_module(new_module)
  File "<frozen importlib._bootstrap_external>", line 999, in exec_module
  File "<frozen importlib._bootstrap>", line 488, in _call_with_frames_removed
  File "/opt/airflow/dags/branch.py", line 6, in <module>
    from airflow.operators.branching import BranchPythonOperator
ModuleNotFoundError: No module named 'airflow.operators.branching'
[2026-04-07T16:13:50.900+0000] {processor.py:927} WARNING - No viable dags retrieved from /opt/airflow/dags/branch.py
[2026-04-07T16:13:50.928+0000] {processor.py:208} INFO - Processing /opt/airflow/dags/branch.py took 0.043 seconds
[2026-04-07T16:14:35.961+0000] {processor.py:186} INFO - Started process (PID=9378) to work on /opt/airflow/dags/branch.py
[2026-04-07T16:14:35.962+0000] {processor.py:914} INFO - Processing file /opt/airflow/dags/branch.py for tasks to queue
[2026-04-07T16:14:35.966+0000] {logging_mixin.py:190} INFO - [2026-04-07T16:14:35.965+0000] {dagbag.py:588} INFO - Filling up the DagBag from /opt/airflow/dags/branch.py
[2026-04-07T16:14:35.972+0000] {logging_mixin.py:190} INFO - [2026-04-07T16:14:35.969+0000] {dagbag.py:387} ERROR - Failed to import: /opt/airflow/dags/branch.py
Traceback (most recent call last):
  File "/home/airflow/.local/lib/python3.12/site-packages/airflow/models/dagbag.py", line 383, in parse
    loader.exec_module(new_module)
  File "<frozen importlib._bootstrap_external>", line 999, in exec_module
  File "<frozen importlib._bootstrap>", line 488, in _call_with_frames_removed
  File "/opt/airflow/dags/branch.py", line 6, in <module>
    from airflow.operators.branching import BranchPythonOperator
ModuleNotFoundError: No module named 'airflow.operators.branching'
[2026-04-07T16:14:35.973+0000] {processor.py:927} WARNING - No viable dags retrieved from /opt/airflow/dags/branch.py
[2026-04-07T16:14:36.006+0000] {processor.py:208} INFO - Processing /opt/airflow/dags/branch.py took 0.052 seconds
[2026-04-07T16:15:13.762+0000] {processor.py:186} INFO - Started process (PID=9448) to work on /opt/airflow/dags/branch.py
[2026-04-07T16:15:13.763+0000] {processor.py:914} INFO - Processing file /opt/airflow/dags/branch.py for tasks to queue
[2026-04-07T16:15:13.766+0000] {logging_mixin.py:190} INFO - [2026-04-07T16:15:13.766+0000] {dagbag.py:588} INFO - Filling up the DagBag from /opt/airflow/dags/branch.py
[2026-04-07T16:15:13.771+0000] {logging_mixin.py:190} INFO - [2026-04-07T16:15:13.769+0000] {dagbag.py:387} ERROR - Failed to import: /opt/airflow/dags/branch.py
Traceback (most recent call last):
  File "/home/airflow/.local/lib/python3.12/site-packages/airflow/models/dagbag.py", line 383, in parse
    loader.exec_module(new_module)
  File "<frozen importlib._bootstrap_external>", line 999, in exec_module
  File "<frozen importlib._bootstrap>", line 488, in _call_with_frames_removed
  File "/opt/airflow/dags/branch.py", line 6, in <module>
    from airflow.operators.branching import BranchPythonOperator
ModuleNotFoundError: No module named 'airflow.operators.branching'
[2026-04-07T16:15:13.771+0000] {processor.py:927} WARNING - No viable dags retrieved from /opt/airflow/dags/branch.py
[2026-04-07T16:15:13.798+0000] {processor.py:208} INFO - Processing /opt/airflow/dags/branch.py took 0.044 seconds
[2026-04-07T16:15:50.898+0000] {processor.py:186} INFO - Started process (PID=9521) to work on /opt/airflow/dags/branch.py
[2026-04-07T16:15:50.899+0000] {processor.py:914} INFO - Processing file /opt/airflow/dags/branch.py for tasks to queue
[2026-04-07T16:15:50.902+0000] {logging_mixin.py:190} INFO - [2026-04-07T16:15:50.902+0000] {dagbag.py:588} INFO - Filling up the DagBag from /opt/airflow/dags/branch.py
[2026-04-07T16:15:50.906+0000] {logging_mixin.py:190} INFO - [2026-04-07T16:15:50.905+0000] {dagbag.py:387} ERROR - Failed to import: /opt/airflow/dags/branch.py
Traceback (most recent call last):
  File "/home/airflow/.local/lib/python3.12/site-packages/airflow/models/dagbag.py", line 383, in parse
    loader.exec_module(new_module)
  File "<frozen importlib._bootstrap_external>", line 999, in exec_module
  File "<frozen importlib._bootstrap>", line 488, in _call_with_frames_removed
  File "/opt/airflow/dags/branch.py", line 6, in <module>
    from airflow.operators.branching import BranchPythonOperator
ModuleNotFoundError: No module named 'airflow.operators.branching'
[2026-04-07T16:15:50.907+0000] {processor.py:927} WARNING - No viable dags retrieved from /opt/airflow/dags/branch.py
[2026-04-07T16:15:50.935+0000] {processor.py:208} INFO - Processing /opt/airflow/dags/branch.py took 0.044 seconds
[2026-04-07T16:16:35.912+0000] {processor.py:186} INFO - Started process (PID=9592) to work on /opt/airflow/dags/branch.py
[2026-04-07T16:16:35.913+0000] {processor.py:914} INFO - Processing file /opt/airflow/dags/branch.py for tasks to queue
[2026-04-07T16:16:35.915+0000] {logging_mixin.py:190} INFO - [2026-04-07T16:16:35.915+0000] {dagbag.py:588} INFO - Filling up the DagBag from /opt/airflow/dags/branch.py
[2026-04-07T16:16:35.918+0000] {logging_mixin.py:190} INFO - [2026-04-07T16:16:35.917+0000] {dagbag.py:387} ERROR - Failed to import: /opt/airflow/dags/branch.py
Traceback (most recent call last):
  File "/home/airflow/.local/lib/python3.12/site-packages/airflow/models/dagbag.py", line 383, in parse
    loader.exec_module(new_module)
  File "<frozen importlib._bootstrap_external>", line 999, in exec_module
  File "<frozen importlib._bootstrap>", line 488, in _call_with_frames_removed
  File "/opt/airflow/dags/branch.py", line 6, in <module>
    from airflow.operators.branching import BranchPythonOperator
ModuleNotFoundError: No module named 'airflow.operators.branching'
[2026-04-07T16:16:35.919+0000] {processor.py:927} WARNING - No viable dags retrieved from /opt/airflow/dags/branch.py
[2026-04-07T16:16:35.946+0000] {processor.py:208} INFO - Processing /opt/airflow/dags/branch.py took 0.040 seconds
[2026-04-07T16:17:16.882+0000] {processor.py:186} INFO - Started process (PID=9663) to work on /opt/airflow/dags/branch.py
[2026-04-07T16:17:16.883+0000] {processor.py:914} INFO - Processing file /opt/airflow/dags/branch.py for tasks to queue
[2026-04-07T16:17:16.886+0000] {logging_mixin.py:190} INFO - [2026-04-07T16:17:16.885+0000] {dagbag.py:588} INFO - Filling up the DagBag from /opt/airflow/dags/branch.py
[2026-04-07T16:17:16.889+0000] {logging_mixin.py:190} INFO - [2026-04-07T16:17:16.888+0000] {dagbag.py:387} ERROR - Failed to import: /opt/airflow/dags/branch.py
Traceback (most recent call last):
  File "/home/airflow/.local/lib/python3.12/site-packages/airflow/models/dagbag.py", line 383, in parse
    loader.exec_module(new_module)
  File "<frozen importlib._bootstrap_external>", line 999, in exec_module
  File "<frozen importlib._bootstrap>", line 488, in _call_with_frames_removed
  File "/opt/airflow/dags/branch.py", line 6, in <module>
    from airflow.operators.branching import BranchPythonOperator
ModuleNotFoundError: No module named 'airflow.operators.branching'
[2026-04-07T16:17:16.890+0000] {processor.py:927} WARNING - No viable dags retrieved from /opt/airflow/dags/branch.py
[2026-04-07T16:17:16.919+0000] {processor.py:208} INFO - Processing /opt/airflow/dags/branch.py took 0.049 seconds
[2026-04-07T16:18:02.867+0000] {processor.py:186} INFO - Started process (PID=9734) to work on /opt/airflow/dags/branch.py
[2026-04-07T16:18:02.868+0000] {processor.py:914} INFO - Processing file /opt/airflow/dags/branch.py for tasks to queue
[2026-04-07T16:18:02.870+0000] {logging_mixin.py:190} INFO - [2026-04-07T16:18:02.870+0000] {dagbag.py:588} INFO - Filling up the DagBag from /opt/airflow/dags/branch.py
[2026-04-07T16:18:02.874+0000] {logging_mixin.py:190} INFO - [2026-04-07T16:18:02.873+0000] {dagbag.py:387} ERROR - Failed to import: /opt/airflow/dags/branch.py
Traceback (most recent call last):
  File "/home/airflow/.local/lib/python3.12/site-packages/airflow/models/dagbag.py", line 383, in parse
    loader.exec_module(new_module)
  File "<frozen importlib._bootstrap_external>", line 999, in exec_module
  File "<frozen importlib._bootstrap>", line 488, in _call_with_frames_removed
  File "/opt/airflow/dags/branch.py", line 6, in <module>
    from airflow.operators.branching import BranchPythonOperator
ModuleNotFoundError: No module named 'airflow.operators.branching'
[2026-04-07T16:18:02.875+0000] {processor.py:927} WARNING - No viable dags retrieved from /opt/airflow/dags/branch.py
[2026-04-07T16:18:02.903+0000] {processor.py:208} INFO - Processing /opt/airflow/dags/branch.py took 0.044 seconds
[2026-04-07T16:19:17.002+0000] {processor.py:186} INFO - Started process (PID=9805) to work on /opt/airflow/dags/branch.py
[2026-04-07T16:19:17.003+0000] {processor.py:914} INFO - Processing file /opt/airflow/dags/branch.py for tasks to queue
[2026-04-07T16:19:17.006+0000] {logging_mixin.py:190} INFO - [2026-04-07T16:19:17.005+0000] {dagbag.py:588} INFO - Filling up the DagBag from /opt/airflow/dags/branch.py
[2026-04-07T16:19:17.010+0000] {logging_mixin.py:190} INFO - [2026-04-07T16:19:17.008+0000] {dagbag.py:387} ERROR - Failed to import: /opt/airflow/dags/branch.py
Traceback (most recent call last):
  File "/home/airflow/.local/lib/python3.12/site-packages/airflow/models/dagbag.py", line 383, in parse
    loader.exec_module(new_module)
  File "<frozen importlib._bootstrap_external>", line 999, in exec_module
  File "<frozen importlib._bootstrap>", line 488, in _call_with_frames_removed
  File "/opt/airflow/dags/branch.py", line 6, in <module>
    from airflow.operators.branching import BranchPythonOperator
ModuleNotFoundError: No module named 'airflow.operators.branching'
[2026-04-07T16:19:17.010+0000] {processor.py:927} WARNING - No viable dags retrieved from /opt/airflow/dags/branch.py
[2026-04-07T16:19:17.042+0000] {processor.py:208} INFO - Processing /opt/airflow/dags/branch.py took 0.049 seconds
[2026-04-07T16:20:09.908+0000] {processor.py:186} INFO - Started process (PID=9874) to work on /opt/airflow/dags/branch.py
[2026-04-07T16:20:09.909+0000] {processor.py:914} INFO - Processing file /opt/airflow/dags/branch.py for tasks to queue
[2026-04-07T16:20:09.912+0000] {logging_mixin.py:190} INFO - [2026-04-07T16:20:09.911+0000] {dagbag.py:588} INFO - Filling up the DagBag from /opt/airflow/dags/branch.py
[2026-04-07T16:20:09.916+0000] {logging_mixin.py:190} INFO - [2026-04-07T16:20:09.914+0000] {dagbag.py:387} ERROR - Failed to import: /opt/airflow/dags/branch.py
Traceback (most recent call last):
  File "/home/airflow/.local/lib/python3.12/site-packages/airflow/models/dagbag.py", line 383, in parse
    loader.exec_module(new_module)
  File "<frozen importlib._bootstrap_external>", line 999, in exec_module
  File "<frozen importlib._bootstrap>", line 488, in _call_with_frames_removed
  File "/opt/airflow/dags/branch.py", line 6, in <module>
    from airflow.operators.branching import BranchPythonOperator
ModuleNotFoundError: No module named 'airflow.operators.branching'
[2026-04-07T16:20:09.916+0000] {processor.py:927} WARNING - No viable dags retrieved from /opt/airflow/dags/branch.py
[2026-04-07T16:20:09.942+0000] {processor.py:208} INFO - Processing /opt/airflow/dags/branch.py took 0.040 seconds
[2026-04-07T16:21:48.915+0000] {processor.py:186} INFO - Started process (PID=9945) to work on /opt/airflow/dags/branch.py
[2026-04-07T16:21:48.916+0000] {processor.py:914} INFO - Processing file /opt/airflow/dags/branch.py for tasks to queue
[2026-04-07T16:21:48.920+0000] {logging_mixin.py:190} INFO - [2026-04-07T16:21:48.920+0000] {dagbag.py:588} INFO - Filling up the DagBag from /opt/airflow/dags/branch.py
[2026-04-07T16:21:48.925+0000] {logging_mixin.py:190} INFO - [2026-04-07T16:21:48.924+0000] {dagbag.py:387} ERROR - Failed to import: /opt/airflow/dags/branch.py
Traceback (most recent call last):
  File "/home/airflow/.local/lib/python3.12/site-packages/airflow/models/dagbag.py", line 383, in parse
    loader.exec_module(new_module)
  File "<frozen importlib._bootstrap_external>", line 999, in exec_module
  File "<frozen importlib._bootstrap>", line 488, in _call_with_frames_removed
  File "/opt/airflow/dags/branch.py", line 6, in <module>
    from airflow.operators.branching import BranchPythonOperator
ModuleNotFoundError: No module named 'airflow.operators.branching'
[2026-04-07T16:21:48.926+0000] {processor.py:927} WARNING - No viable dags retrieved from /opt/airflow/dags/branch.py
[2026-04-07T16:21:48.956+0000] {processor.py:208} INFO - Processing /opt/airflow/dags/branch.py took 0.051 seconds
[2026-04-07T16:22:41.895+0000] {processor.py:186} INFO - Started process (PID=10018) to work on /opt/airflow/dags/branch.py
[2026-04-07T16:22:41.896+0000] {processor.py:914} INFO - Processing file /opt/airflow/dags/branch.py for tasks to queue
[2026-04-07T16:22:41.899+0000] {logging_mixin.py:190} INFO - [2026-04-07T16:22:41.899+0000] {dagbag.py:588} INFO - Filling up the DagBag from /opt/airflow/dags/branch.py
[2026-04-07T16:22:41.903+0000] {logging_mixin.py:190} INFO - [2026-04-07T16:22:41.902+0000] {dagbag.py:387} ERROR - Failed to import: /opt/airflow/dags/branch.py
Traceback (most recent call last):
  File "/home/airflow/.local/lib/python3.12/site-packages/airflow/models/dagbag.py", line 383, in parse
    loader.exec_module(new_module)
  File "<frozen importlib._bootstrap_external>", line 999, in exec_module
  File "<frozen importlib._bootstrap>", line 488, in _call_with_frames_removed
  File "/opt/airflow/dags/branch.py", line 6, in <module>
    from airflow.operators.branching import BranchPythonOperator
ModuleNotFoundError: No module named 'airflow.operators.branching'
[2026-04-07T16:22:41.904+0000] {processor.py:927} WARNING - No viable dags retrieved from /opt/airflow/dags/branch.py
[2026-04-07T16:22:41.937+0000] {processor.py:208} INFO - Processing /opt/airflow/dags/branch.py took 0.050 seconds
[2026-04-07T16:23:45.900+0000] {processor.py:186} INFO - Started process (PID=10087) to work on /opt/airflow/dags/branch.py
[2026-04-07T16:23:45.901+0000] {processor.py:914} INFO - Processing file /opt/airflow/dags/branch.py for tasks to queue
[2026-04-07T16:23:45.904+0000] {logging_mixin.py:190} INFO - [2026-04-07T16:23:45.903+0000] {dagbag.py:588} INFO - Filling up the DagBag from /opt/airflow/dags/branch.py
[2026-04-07T16:23:45.908+0000] {logging_mixin.py:190} INFO - [2026-04-07T16:23:45.907+0000] {dagbag.py:387} ERROR - Failed to import: /opt/airflow/dags/branch.py
Traceback (most recent call last):
  File "/home/airflow/.local/lib/python3.12/site-packages/airflow/models/dagbag.py", line 383, in parse
    loader.exec_module(new_module)
  File "<frozen importlib._bootstrap_external>", line 999, in exec_module
  File "<frozen importlib._bootstrap>", line 488, in _call_with_frames_removed
  File "/opt/airflow/dags/branch.py", line 6, in <module>
    from airflow.operators.branching import BranchPythonOperator
ModuleNotFoundError: No module named 'airflow.operators.branching'
[2026-04-07T16:23:45.909+0000] {processor.py:927} WARNING - No viable dags retrieved from /opt/airflow/dags/branch.py
[2026-04-07T16:23:45.943+0000] {processor.py:208} INFO - Processing /opt/airflow/dags/branch.py took 0.051 seconds
[2026-04-07T16:25:06.917+0000] {processor.py:186} INFO - Started process (PID=10158) to work on /opt/airflow/dags/branch.py
[2026-04-07T16:25:06.918+0000] {processor.py:914} INFO - Processing file /opt/airflow/dags/branch.py for tasks to queue
[2026-04-07T16:25:06.921+0000] {logging_mixin.py:190} INFO - [2026-04-07T16:25:06.920+0000] {dagbag.py:588} INFO - Filling up the DagBag from /opt/airflow/dags/branch.py
[2026-04-07T16:25:06.924+0000] {logging_mixin.py:190} INFO - [2026-04-07T16:25:06.923+0000] {dagbag.py:387} ERROR - Failed to import: /opt/airflow/dags/branch.py
Traceback (most recent call last):
  File "/home/airflow/.local/lib/python3.12/site-packages/airflow/models/dagbag.py", line 383, in parse
    loader.exec_module(new_module)
  File "<frozen importlib._bootstrap_external>", line 999, in exec_module
  File "<frozen importlib._bootstrap>", line 488, in _call_with_frames_removed
  File "/opt/airflow/dags/branch.py", line 6, in <module>
    from airflow.operators.branching import BranchPythonOperator
ModuleNotFoundError: No module named 'airflow.operators.branching'
[2026-04-07T16:25:06.925+0000] {processor.py:927} WARNING - No viable dags retrieved from /opt/airflow/dags/branch.py
[2026-04-07T16:25:06.953+0000] {processor.py:208} INFO - Processing /opt/airflow/dags/branch.py took 0.046 seconds
[2026-04-07T16:26:42.130+0000] {processor.py:186} INFO - Started process (PID=10230) to work on /opt/airflow/dags/branch.py
[2026-04-07T16:26:42.131+0000] {processor.py:914} INFO - Processing file /opt/airflow/dags/branch.py for tasks to queue
[2026-04-07T16:26:42.135+0000] {logging_mixin.py:190} INFO - [2026-04-07T16:26:42.135+0000] {dagbag.py:588} INFO - Filling up the DagBag from /opt/airflow/dags/branch.py
[2026-04-07T16:26:42.142+0000] {logging_mixin.py:190} INFO - [2026-04-07T16:26:42.140+0000] {dagbag.py:387} ERROR - Failed to import: /opt/airflow/dags/branch.py
Traceback (most recent call last):
  File "/home/airflow/.local/lib/python3.12/site-packages/airflow/models/dagbag.py", line 383, in parse
    loader.exec_module(new_module)
  File "<frozen importlib._bootstrap_external>", line 999, in exec_module
  File "<frozen importlib._bootstrap>", line 488, in _call_with_frames_removed
  File "/opt/airflow/dags/branch.py", line 6, in <module>
    from airflow.operators.branching import BranchPythonOperator
ModuleNotFoundError: No module named 'airflow.operators.branching'
[2026-04-07T16:26:42.144+0000] {processor.py:927} WARNING - No viable dags retrieved from /opt/airflow/dags/branch.py
[2026-04-07T16:26:42.183+0000] {processor.py:208} INFO - Processing /opt/airflow/dags/branch.py took 0.064 seconds
[2026-04-07T16:29:10.170+0000] {processor.py:186} INFO - Started process (PID=10302) to work on /opt/airflow/dags/branch.py
[2026-04-07T16:29:10.171+0000] {processor.py:914} INFO - Processing file /opt/airflow/dags/branch.py for tasks to queue
[2026-04-07T16:29:10.175+0000] {logging_mixin.py:190} INFO - [2026-04-07T16:29:10.174+0000] {dagbag.py:588} INFO - Filling up the DagBag from /opt/airflow/dags/branch.py
[2026-04-07T16:29:10.181+0000] {logging_mixin.py:190} INFO - [2026-04-07T16:29:10.179+0000] {dagbag.py:387} ERROR - Failed to import: /opt/airflow/dags/branch.py
Traceback (most recent call last):
  File "/home/airflow/.local/lib/python3.12/site-packages/airflow/models/dagbag.py", line 383, in parse
    loader.exec_module(new_module)
  File "<frozen importlib._bootstrap_external>", line 999, in exec_module
  File "<frozen importlib._bootstrap>", line 488, in _call_with_frames_removed
  File "/opt/airflow/dags/branch.py", line 6, in <module>
    from airflow.operators.branching import BranchPythonOperator
ModuleNotFoundError: No module named 'airflow.operators.branching'
[2026-04-07T16:29:10.182+0000] {processor.py:927} WARNING - No viable dags retrieved from /opt/airflow/dags/branch.py
[2026-04-07T16:29:10.215+0000] {processor.py:208} INFO - Processing /opt/airflow/dags/branch.py took 0.056 seconds
[2026-04-07T16:30:05.181+0000] {processor.py:186} INFO - Started process (PID=10371) to work on /opt/airflow/dags/branch.py
[2026-04-07T16:30:05.182+0000] {processor.py:914} INFO - Processing file /opt/airflow/dags/branch.py for tasks to queue
[2026-04-07T16:30:05.187+0000] {logging_mixin.py:190} INFO - [2026-04-07T16:30:05.186+0000] {dagbag.py:588} INFO - Filling up the DagBag from /opt/airflow/dags/branch.py
[2026-04-07T16:30:05.193+0000] {logging_mixin.py:190} INFO - [2026-04-07T16:30:05.191+0000] {dagbag.py:387} ERROR - Failed to import: /opt/airflow/dags/branch.py
Traceback (most recent call last):
  File "/home/airflow/.local/lib/python3.12/site-packages/airflow/models/dagbag.py", line 383, in parse
    loader.exec_module(new_module)
  File "<frozen importlib._bootstrap_external>", line 999, in exec_module
  File "<frozen importlib._bootstrap>", line 488, in _call_with_frames_removed
  File "/opt/airflow/dags/branch.py", line 6, in <module>
    from airflow.operators.branching import BranchPythonOperator
ModuleNotFoundError: No module named 'airflow.operators.branching'
[2026-04-07T16:30:05.194+0000] {processor.py:927} WARNING - No viable dags retrieved from /opt/airflow/dags/branch.py
[2026-04-07T16:30:05.232+0000] {processor.py:208} INFO - Processing /opt/airflow/dags/branch.py took 0.062 seconds
[2026-04-07T16:31:19.338+0000] {processor.py:186} INFO - Started process (PID=10442) to work on /opt/airflow/dags/branch.py
[2026-04-07T16:31:19.340+0000] {processor.py:914} INFO - Processing file /opt/airflow/dags/branch.py for tasks to queue
[2026-04-07T16:31:19.343+0000] {logging_mixin.py:190} INFO - [2026-04-07T16:31:19.343+0000] {dagbag.py:588} INFO - Filling up the DagBag from /opt/airflow/dags/branch.py
[2026-04-07T16:31:19.349+0000] {logging_mixin.py:190} INFO - [2026-04-07T16:31:19.347+0000] {dagbag.py:387} ERROR - Failed to import: /opt/airflow/dags/branch.py
Traceback (most recent call last):
  File "/home/airflow/.local/lib/python3.12/site-packages/airflow/models/dagbag.py", line 383, in parse
    loader.exec_module(new_module)
  File "<frozen importlib._bootstrap_external>", line 999, in exec_module
  File "<frozen importlib._bootstrap>", line 488, in _call_with_frames_removed
  File "/opt/airflow/dags/branch.py", line 6, in <module>
    from airflow.operators.branching import BranchPythonOperator
ModuleNotFoundError: No module named 'airflow.operators.branching'
[2026-04-07T16:31:19.350+0000] {processor.py:927} WARNING - No viable dags retrieved from /opt/airflow/dags/branch.py
[2026-04-07T16:31:19.381+0000] {processor.py:208} INFO - Processing /opt/airflow/dags/branch.py took 0.053 seconds
[2026-04-07T16:32:45.096+0000] {processor.py:186} INFO - Started process (PID=10515) to work on /opt/airflow/dags/branch.py
[2026-04-07T16:32:45.098+0000] {processor.py:914} INFO - Processing file /opt/airflow/dags/branch.py for tasks to queue
[2026-04-07T16:32:45.102+0000] {logging_mixin.py:190} INFO - [2026-04-07T16:32:45.101+0000] {dagbag.py:588} INFO - Filling up the DagBag from /opt/airflow/dags/branch.py
[2026-04-07T16:32:45.107+0000] {logging_mixin.py:190} INFO - [2026-04-07T16:32:45.105+0000] {dagbag.py:387} ERROR - Failed to import: /opt/airflow/dags/branch.py
Traceback (most recent call last):
  File "/home/airflow/.local/lib/python3.12/site-packages/airflow/models/dagbag.py", line 383, in parse
    loader.exec_module(new_module)
  File "<frozen importlib._bootstrap_external>", line 999, in exec_module
  File "<frozen importlib._bootstrap>", line 488, in _call_with_frames_removed
  File "/opt/airflow/dags/branch.py", line 6, in <module>
    from airflow.operators.branching import BranchPythonOperator
ModuleNotFoundError: No module named 'airflow.operators.branching'
[2026-04-07T16:32:45.108+0000] {processor.py:927} WARNING - No viable dags retrieved from /opt/airflow/dags/branch.py
[2026-04-07T16:32:45.141+0000] {processor.py:208} INFO - Processing /opt/airflow/dags/branch.py took 0.058 seconds
[2026-04-07T16:35:11.961+0000] {processor.py:186} INFO - Started process (PID=10584) to work on /opt/airflow/dags/branch.py
[2026-04-07T16:35:11.962+0000] {processor.py:914} INFO - Processing file /opt/airflow/dags/branch.py for tasks to queue
[2026-04-07T16:35:11.966+0000] {logging_mixin.py:190} INFO - [2026-04-07T16:35:11.965+0000] {dagbag.py:588} INFO - Filling up the DagBag from /opt/airflow/dags/branch.py
[2026-04-07T16:35:11.972+0000] {logging_mixin.py:190} INFO - [2026-04-07T16:35:11.970+0000] {dagbag.py:387} ERROR - Failed to import: /opt/airflow/dags/branch.py
Traceback (most recent call last):
  File "/home/airflow/.local/lib/python3.12/site-packages/airflow/models/dagbag.py", line 383, in parse
    loader.exec_module(new_module)
  File "<frozen importlib._bootstrap_external>", line 999, in exec_module
  File "<frozen importlib._bootstrap>", line 488, in _call_with_frames_removed
  File "/opt/airflow/dags/branch.py", line 6, in <module>
    from airflow.operators.branching import BranchPythonOperator
ModuleNotFoundError: No module named 'airflow.operators.branching'
[2026-04-07T16:35:11.973+0000] {processor.py:927} WARNING - No viable dags retrieved from /opt/airflow/dags/branch.py
[2026-04-07T16:35:12.014+0000] {processor.py:208} INFO - Processing /opt/airflow/dags/branch.py took 0.065 seconds
[2026-04-07T16:36:06.059+0000] {processor.py:186} INFO - Started process (PID=10657) to work on /opt/airflow/dags/branch.py
[2026-04-07T16:36:06.060+0000] {processor.py:914} INFO - Processing file /opt/airflow/dags/branch.py for tasks to queue
[2026-04-07T16:36:06.064+0000] {logging_mixin.py:190} INFO - [2026-04-07T16:36:06.063+0000] {dagbag.py:588} INFO - Filling up the DagBag from /opt/airflow/dags/branch.py
[2026-04-07T16:36:06.070+0000] {logging_mixin.py:190} INFO - [2026-04-07T16:36:06.068+0000] {dagbag.py:387} ERROR - Failed to import: /opt/airflow/dags/branch.py
Traceback (most recent call last):
  File "/home/airflow/.local/lib/python3.12/site-packages/airflow/models/dagbag.py", line 383, in parse
    loader.exec_module(new_module)
  File "<frozen importlib._bootstrap_external>", line 999, in exec_module
  File "<frozen importlib._bootstrap>", line 488, in _call_with_frames_removed
  File "/opt/airflow/dags/branch.py", line 6, in <module>
    from airflow.operators.branching import BranchPythonOperator
ModuleNotFoundError: No module named 'airflow.operators.branching'
[2026-04-07T16:36:06.071+0000] {processor.py:927} WARNING - No viable dags retrieved from /opt/airflow/dags/branch.py
[2026-04-07T16:36:06.104+0000] {processor.py:208} INFO - Processing /opt/airflow/dags/branch.py took 0.056 seconds
[2026-04-07T16:37:04.108+0000] {processor.py:186} INFO - Started process (PID=10735) to work on /opt/airflow/dags/branch.py
[2026-04-07T16:37:04.109+0000] {processor.py:914} INFO - Processing file /opt/airflow/dags/branch.py for tasks to queue
[2026-04-07T16:37:04.114+0000] {logging_mixin.py:190} INFO - [2026-04-07T16:37:04.113+0000] {dagbag.py:588} INFO - Filling up the DagBag from /opt/airflow/dags/branch.py
[2026-04-07T16:37:04.121+0000] {logging_mixin.py:190} INFO - [2026-04-07T16:37:04.119+0000] {dagbag.py:387} ERROR - Failed to import: /opt/airflow/dags/branch.py
Traceback (most recent call last):
  File "/home/airflow/.local/lib/python3.12/site-packages/airflow/models/dagbag.py", line 383, in parse
    loader.exec_module(new_module)
  File "<frozen importlib._bootstrap_external>", line 999, in exec_module
  File "<frozen importlib._bootstrap>", line 488, in _call_with_frames_removed
  File "/opt/airflow/dags/branch.py", line 6, in <module>
    from airflow.operators.branching import BranchPythonOperator
ModuleNotFoundError: No module named 'airflow.operators.branching'
[2026-04-07T16:37:04.122+0000] {processor.py:927} WARNING - No viable dags retrieved from /opt/airflow/dags/branch.py
[2026-04-07T16:37:04.166+0000] {processor.py:208} INFO - Processing /opt/airflow/dags/branch.py took 0.070 seconds
[2026-04-07T16:37:54.954+0000] {processor.py:186} INFO - Started process (PID=10804) to work on /opt/airflow/dags/branch.py
[2026-04-07T16:37:54.956+0000] {processor.py:914} INFO - Processing file /opt/airflow/dags/branch.py for tasks to queue
[2026-04-07T16:37:54.960+0000] {logging_mixin.py:190} INFO - [2026-04-07T16:37:54.959+0000] {dagbag.py:588} INFO - Filling up the DagBag from /opt/airflow/dags/branch.py
[2026-04-07T16:37:54.966+0000] {logging_mixin.py:190} INFO - [2026-04-07T16:37:54.964+0000] {dagbag.py:387} ERROR - Failed to import: /opt/airflow/dags/branch.py
Traceback (most recent call last):
  File "/home/airflow/.local/lib/python3.12/site-packages/airflow/models/dagbag.py", line 383, in parse
    loader.exec_module(new_module)
  File "<frozen importlib._bootstrap_external>", line 999, in exec_module
  File "<frozen importlib._bootstrap>", line 488, in _call_with_frames_removed
  File "/opt/airflow/dags/branch.py", line 6, in <module>
    from airflow.operators.branching import BranchPythonOperator
ModuleNotFoundError: No module named 'airflow.operators.branching'
[2026-04-07T16:37:54.967+0000] {processor.py:927} WARNING - No viable dags retrieved from /opt/airflow/dags/branch.py
[2026-04-07T16:37:55.003+0000] {processor.py:208} INFO - Processing /opt/airflow/dags/branch.py took 0.060 seconds
[2026-04-07T16:38:55.229+0000] {processor.py:186} INFO - Started process (PID=10877) to work on /opt/airflow/dags/branch.py
[2026-04-07T16:38:55.230+0000] {processor.py:914} INFO - Processing file /opt/airflow/dags/branch.py for tasks to queue
[2026-04-07T16:38:55.235+0000] {logging_mixin.py:190} INFO - [2026-04-07T16:38:55.234+0000] {dagbag.py:588} INFO - Filling up the DagBag from /opt/airflow/dags/branch.py
[2026-04-07T16:38:55.241+0000] {logging_mixin.py:190} INFO - [2026-04-07T16:38:55.239+0000] {dagbag.py:387} ERROR - Failed to import: /opt/airflow/dags/branch.py
Traceback (most recent call last):
  File "/home/airflow/.local/lib/python3.12/site-packages/airflow/models/dagbag.py", line 383, in parse
    loader.exec_module(new_module)
  File "<frozen importlib._bootstrap_external>", line 999, in exec_module
  File "<frozen importlib._bootstrap>", line 488, in _call_with_frames_removed
  File "/opt/airflow/dags/branch.py", line 6, in <module>
    from airflow.operators.branching import BranchPythonOperator
ModuleNotFoundError: No module named 'airflow.operators.branching'
[2026-04-07T16:38:55.243+0000] {processor.py:927} WARNING - No viable dags retrieved from /opt/airflow/dags/branch.py
[2026-04-07T16:38:55.280+0000] {processor.py:208} INFO - Processing /opt/airflow/dags/branch.py took 0.062 seconds
[2026-04-07T16:39:37.040+0000] {processor.py:186} INFO - Started process (PID=10948) to work on /opt/airflow/dags/branch.py
[2026-04-07T16:39:37.041+0000] {processor.py:914} INFO - Processing file /opt/airflow/dags/branch.py for tasks to queue
[2026-04-07T16:39:37.045+0000] {logging_mixin.py:190} INFO - [2026-04-07T16:39:37.044+0000] {dagbag.py:588} INFO - Filling up the DagBag from /opt/airflow/dags/branch.py
[2026-04-07T16:39:37.050+0000] {logging_mixin.py:190} INFO - [2026-04-07T16:39:37.048+0000] {dagbag.py:387} ERROR - Failed to import: /opt/airflow/dags/branch.py
Traceback (most recent call last):
  File "/home/airflow/.local/lib/python3.12/site-packages/airflow/models/dagbag.py", line 383, in parse
    loader.exec_module(new_module)
  File "<frozen importlib._bootstrap_external>", line 999, in exec_module
  File "<frozen importlib._bootstrap>", line 488, in _call_with_frames_removed
  File "/opt/airflow/dags/branch.py", line 6, in <module>
    from airflow.operators.branching import BranchPythonOperator
ModuleNotFoundError: No module named 'airflow.operators.branching'
[2026-04-07T16:39:37.051+0000] {processor.py:927} WARNING - No viable dags retrieved from /opt/airflow/dags/branch.py
[2026-04-07T16:39:37.087+0000] {processor.py:208} INFO - Processing /opt/airflow/dags/branch.py took 0.058 seconds
[2026-04-07T16:40:17.997+0000] {processor.py:186} INFO - Started process (PID=11019) to work on /opt/airflow/dags/branch.py
[2026-04-07T16:40:17.998+0000] {processor.py:914} INFO - Processing file /opt/airflow/dags/branch.py for tasks to queue
[2026-04-07T16:40:18.002+0000] {logging_mixin.py:190} INFO - [2026-04-07T16:40:18.001+0000] {dagbag.py:588} INFO - Filling up the DagBag from /opt/airflow/dags/branch.py
[2026-04-07T16:40:18.008+0000] {logging_mixin.py:190} INFO - [2026-04-07T16:40:18.006+0000] {dagbag.py:387} ERROR - Failed to import: /opt/airflow/dags/branch.py
Traceback (most recent call last):
  File "/home/airflow/.local/lib/python3.12/site-packages/airflow/models/dagbag.py", line 383, in parse
    loader.exec_module(new_module)
  File "<frozen importlib._bootstrap_external>", line 999, in exec_module
  File "<frozen importlib._bootstrap>", line 488, in _call_with_frames_removed
  File "/opt/airflow/dags/branch.py", line 6, in <module>
    from airflow.operators.branching import BranchPythonOperator
ModuleNotFoundError: No module named 'airflow.operators.branching'
[2026-04-07T16:40:18.009+0000] {processor.py:927} WARNING - No viable dags retrieved from /opt/airflow/dags/branch.py
[2026-04-07T16:40:18.046+0000] {processor.py:208} INFO - Processing /opt/airflow/dags/branch.py took 0.058 seconds
[2026-04-07T16:41:05.086+0000] {processor.py:186} INFO - Started process (PID=11090) to work on /opt/airflow/dags/branch.py
[2026-04-07T16:41:05.088+0000] {processor.py:914} INFO - Processing file /opt/airflow/dags/branch.py for tasks to queue
[2026-04-07T16:41:05.092+0000] {logging_mixin.py:190} INFO - [2026-04-07T16:41:05.091+0000] {dagbag.py:588} INFO - Filling up the DagBag from /opt/airflow/dags/branch.py
[2026-04-07T16:41:05.099+0000] {logging_mixin.py:190} INFO - [2026-04-07T16:41:05.096+0000] {dagbag.py:387} ERROR - Failed to import: /opt/airflow/dags/branch.py
Traceback (most recent call last):
  File "/home/airflow/.local/lib/python3.12/site-packages/airflow/models/dagbag.py", line 383, in parse
    loader.exec_module(new_module)
  File "<frozen importlib._bootstrap_external>", line 999, in exec_module
  File "<frozen importlib._bootstrap>", line 488, in _call_with_frames_removed
  File "/opt/airflow/dags/branch.py", line 6, in <module>
    from airflow.operators.branching import BranchPythonOperator
ModuleNotFoundError: No module named 'airflow.operators.branching'
[2026-04-07T16:41:05.100+0000] {processor.py:927} WARNING - No viable dags retrieved from /opt/airflow/dags/branch.py
[2026-04-07T16:41:05.136+0000] {processor.py:208} INFO - Processing /opt/airflow/dags/branch.py took 0.061 seconds
[2026-04-07T16:41:47.039+0000] {processor.py:186} INFO - Started process (PID=11161) to work on /opt/airflow/dags/branch.py
[2026-04-07T16:41:47.041+0000] {processor.py:914} INFO - Processing file /opt/airflow/dags/branch.py for tasks to queue
[2026-04-07T16:41:47.045+0000] {logging_mixin.py:190} INFO - [2026-04-07T16:41:47.044+0000] {dagbag.py:588} INFO - Filling up the DagBag from /opt/airflow/dags/branch.py
[2026-04-07T16:41:47.051+0000] {logging_mixin.py:190} INFO - [2026-04-07T16:41:47.049+0000] {dagbag.py:387} ERROR - Failed to import: /opt/airflow/dags/branch.py
Traceback (most recent call last):
  File "/home/airflow/.local/lib/python3.12/site-packages/airflow/models/dagbag.py", line 383, in parse
    loader.exec_module(new_module)
  File "<frozen importlib._bootstrap_external>", line 999, in exec_module
  File "<frozen importlib._bootstrap>", line 488, in _call_with_frames_removed
  File "/opt/airflow/dags/branch.py", line 6, in <module>
    from airflow.operators.branching import BranchPythonOperator
ModuleNotFoundError: No module named 'airflow.operators.branching'
[2026-04-07T16:41:47.052+0000] {processor.py:927} WARNING - No viable dags retrieved from /opt/airflow/dags/branch.py
[2026-04-07T16:41:47.089+0000] {processor.py:208} INFO - Processing /opt/airflow/dags/branch.py took 0.061 seconds
[2026-04-07T16:42:28.008+0000] {processor.py:186} INFO - Started process (PID=11232) to work on /opt/airflow/dags/branch.py
[2026-04-07T16:42:28.009+0000] {processor.py:914} INFO - Processing file /opt/airflow/dags/branch.py for tasks to queue
[2026-04-07T16:42:28.013+0000] {logging_mixin.py:190} INFO - [2026-04-07T16:42:28.012+0000] {dagbag.py:588} INFO - Filling up the DagBag from /opt/airflow/dags/branch.py
[2026-04-07T16:42:28.017+0000] {logging_mixin.py:190} INFO - [2026-04-07T16:42:28.016+0000] {dagbag.py:387} ERROR - Failed to import: /opt/airflow/dags/branch.py
Traceback (most recent call last):
  File "/home/airflow/.local/lib/python3.12/site-packages/airflow/models/dagbag.py", line 383, in parse
    loader.exec_module(new_module)
  File "<frozen importlib._bootstrap_external>", line 999, in exec_module
  File "<frozen importlib._bootstrap>", line 488, in _call_with_frames_removed
  File "/opt/airflow/dags/branch.py", line 6, in <module>
    from airflow.operators.branching import BranchPythonOperator
ModuleNotFoundError: No module named 'airflow.operators.branching'
[2026-04-07T16:42:28.018+0000] {processor.py:927} WARNING - No viable dags retrieved from /opt/airflow/dags/branch.py
[2026-04-07T16:42:28.053+0000] {processor.py:208} INFO - Processing /opt/airflow/dags/branch.py took 0.056 seconds
[2026-04-07T16:43:37.082+0000] {processor.py:186} INFO - Started process (PID=11304) to work on /opt/airflow/dags/branch.py
[2026-04-07T16:43:37.084+0000] {processor.py:914} INFO - Processing file /opt/airflow/dags/branch.py for tasks to queue
[2026-04-07T16:43:37.088+0000] {logging_mixin.py:190} INFO - [2026-04-07T16:43:37.088+0000] {dagbag.py:588} INFO - Filling up the DagBag from /opt/airflow/dags/branch.py
[2026-04-07T16:43:37.095+0000] {logging_mixin.py:190} INFO - [2026-04-07T16:43:37.093+0000] {dagbag.py:387} ERROR - Failed to import: /opt/airflow/dags/branch.py
Traceback (most recent call last):
  File "/home/airflow/.local/lib/python3.12/site-packages/airflow/models/dagbag.py", line 383, in parse
    loader.exec_module(new_module)
  File "<frozen importlib._bootstrap_external>", line 999, in exec_module
  File "<frozen importlib._bootstrap>", line 488, in _call_with_frames_removed
  File "/opt/airflow/dags/branch.py", line 6, in <module>
    from airflow.operators.branching import BranchPythonOperator
ModuleNotFoundError: No module named 'airflow.operators.branching'
[2026-04-07T16:43:37.097+0000] {processor.py:927} WARNING - No viable dags retrieved from /opt/airflow/dags/branch.py
[2026-04-07T16:43:37.132+0000] {processor.py:208} INFO - Processing /opt/airflow/dags/branch.py took 0.060 seconds
[2026-04-07T16:45:12.107+0000] {processor.py:186} INFO - Started process (PID=11375) to work on /opt/airflow/dags/branch.py
[2026-04-07T16:45:12.108+0000] {processor.py:914} INFO - Processing file /opt/airflow/dags/branch.py for tasks to queue
[2026-04-07T16:45:12.112+0000] {logging_mixin.py:190} INFO - [2026-04-07T16:45:12.111+0000] {dagbag.py:588} INFO - Filling up the DagBag from /opt/airflow/dags/branch.py
[2026-04-07T16:45:12.118+0000] {logging_mixin.py:190} INFO - [2026-04-07T16:45:12.116+0000] {dagbag.py:387} ERROR - Failed to import: /opt/airflow/dags/branch.py
Traceback (most recent call last):
  File "/home/airflow/.local/lib/python3.12/site-packages/airflow/models/dagbag.py", line 383, in parse
    loader.exec_module(new_module)
  File "<frozen importlib._bootstrap_external>", line 999, in exec_module
  File "<frozen importlib._bootstrap>", line 488, in _call_with_frames_removed
  File "/opt/airflow/dags/branch.py", line 6, in <module>
    from airflow.operators.branching import BranchPythonOperator
ModuleNotFoundError: No module named 'airflow.operators.branching'
[2026-04-07T16:45:12.119+0000] {processor.py:927} WARNING - No viable dags retrieved from /opt/airflow/dags/branch.py
[2026-04-07T16:45:12.162+0000] {processor.py:208} INFO - Processing /opt/airflow/dags/branch.py took 0.069 seconds
[2026-04-07T16:45:53.034+0000] {processor.py:186} INFO - Started process (PID=11446) to work on /opt/airflow/dags/branch.py
[2026-04-07T16:45:53.035+0000] {processor.py:914} INFO - Processing file /opt/airflow/dags/branch.py for tasks to queue
[2026-04-07T16:45:53.039+0000] {logging_mixin.py:190} INFO - [2026-04-07T16:45:53.038+0000] {dagbag.py:588} INFO - Filling up the DagBag from /opt/airflow/dags/branch.py
[2026-04-07T16:45:53.044+0000] {logging_mixin.py:190} INFO - [2026-04-07T16:45:53.042+0000] {dagbag.py:387} ERROR - Failed to import: /opt/airflow/dags/branch.py
Traceback (most recent call last):
  File "/home/airflow/.local/lib/python3.12/site-packages/airflow/models/dagbag.py", line 383, in parse
    loader.exec_module(new_module)
  File "<frozen importlib._bootstrap_external>", line 999, in exec_module
  File "<frozen importlib._bootstrap>", line 488, in _call_with_frames_removed
  File "/opt/airflow/dags/branch.py", line 6, in <module>
    from airflow.operators.branching import BranchPythonOperator
ModuleNotFoundError: No module named 'airflow.operators.branching'
[2026-04-07T16:45:53.045+0000] {processor.py:927} WARNING - No viable dags retrieved from /opt/airflow/dags/branch.py
[2026-04-07T16:45:53.080+0000] {processor.py:208} INFO - Processing /opt/airflow/dags/branch.py took 0.057 seconds
[2026-04-07T16:46:52.131+0000] {processor.py:186} INFO - Started process (PID=11517) to work on /opt/airflow/dags/branch.py
[2026-04-07T16:46:52.132+0000] {processor.py:914} INFO - Processing file /opt/airflow/dags/branch.py for tasks to queue
[2026-04-07T16:46:52.136+0000] {logging_mixin.py:190} INFO - [2026-04-07T16:46:52.136+0000] {dagbag.py:588} INFO - Filling up the DagBag from /opt/airflow/dags/branch.py
[2026-04-07T16:46:52.144+0000] {logging_mixin.py:190} INFO - [2026-04-07T16:46:52.141+0000] {dagbag.py:387} ERROR - Failed to import: /opt/airflow/dags/branch.py
Traceback (most recent call last):
  File "/home/airflow/.local/lib/python3.12/site-packages/airflow/models/dagbag.py", line 383, in parse
    loader.exec_module(new_module)
  File "<frozen importlib._bootstrap_external>", line 999, in exec_module
  File "<frozen importlib._bootstrap>", line 488, in _call_with_frames_removed
  File "/opt/airflow/dags/branch.py", line 6, in <module>
    from airflow.operators.branching import BranchPythonOperator
ModuleNotFoundError: No module named 'airflow.operators.branching'
[2026-04-07T16:46:52.146+0000] {processor.py:927} WARNING - No viable dags retrieved from /opt/airflow/dags/branch.py
[2026-04-07T16:46:52.187+0000] {processor.py:208} INFO - Processing /opt/airflow/dags/branch.py took 0.070 seconds
[2026-04-07T16:47:45.960+0000] {processor.py:186} INFO - Started process (PID=11586) to work on /opt/airflow/dags/branch.py
[2026-04-07T16:47:45.962+0000] {processor.py:914} INFO - Processing file /opt/airflow/dags/branch.py for tasks to queue
[2026-04-07T16:47:45.966+0000] {logging_mixin.py:190} INFO - [2026-04-07T16:47:45.965+0000] {dagbag.py:588} INFO - Filling up the DagBag from /opt/airflow/dags/branch.py
[2026-04-07T16:47:45.972+0000] {logging_mixin.py:190} INFO - [2026-04-07T16:47:45.970+0000] {dagbag.py:387} ERROR - Failed to import: /opt/airflow/dags/branch.py
Traceback (most recent call last):
  File "/home/airflow/.local/lib/python3.12/site-packages/airflow/models/dagbag.py", line 383, in parse
    loader.exec_module(new_module)
  File "<frozen importlib._bootstrap_external>", line 999, in exec_module
  File "<frozen importlib._bootstrap>", line 488, in _call_with_frames_removed
  File "/opt/airflow/dags/branch.py", line 6, in <module>
    from airflow.operators.branching import BranchPythonOperator
ModuleNotFoundError: No module named 'airflow.operators.branching'
[2026-04-07T16:47:45.973+0000] {processor.py:927} WARNING - No viable dags retrieved from /opt/airflow/dags/branch.py
[2026-04-07T16:47:46.012+0000] {processor.py:208} INFO - Processing /opt/airflow/dags/branch.py took 0.063 seconds
[2026-04-07T16:48:52.116+0000] {processor.py:186} INFO - Started process (PID=11659) to work on /opt/airflow/dags/branch.py
[2026-04-07T16:48:52.118+0000] {processor.py:914} INFO - Processing file /opt/airflow/dags/branch.py for tasks to queue
[2026-04-07T16:48:52.122+0000] {logging_mixin.py:190} INFO - [2026-04-07T16:48:52.121+0000] {dagbag.py:588} INFO - Filling up the DagBag from /opt/airflow/dags/branch.py
[2026-04-07T16:48:52.130+0000] {logging_mixin.py:190} INFO - [2026-04-07T16:48:52.127+0000] {dagbag.py:387} ERROR - Failed to import: /opt/airflow/dags/branch.py
Traceback (most recent call last):
  File "/home/airflow/.local/lib/python3.12/site-packages/airflow/models/dagbag.py", line 383, in parse
    loader.exec_module(new_module)
  File "<frozen importlib._bootstrap_external>", line 999, in exec_module
  File "<frozen importlib._bootstrap>", line 488, in _call_with_frames_removed
  File "/opt/airflow/dags/branch.py", line 6, in <module>
    from airflow.operators.branching import BranchPythonOperator
ModuleNotFoundError: No module named 'airflow.operators.branching'
[2026-04-07T16:48:52.131+0000] {processor.py:927} WARNING - No viable dags retrieved from /opt/airflow/dags/branch.py
[2026-04-07T16:48:52.174+0000] {processor.py:208} INFO - Processing /opt/airflow/dags/branch.py took 0.069 seconds
[2026-04-07T16:49:33.045+0000] {processor.py:186} INFO - Started process (PID=11728) to work on /opt/airflow/dags/branch.py
[2026-04-07T16:49:33.046+0000] {processor.py:914} INFO - Processing file /opt/airflow/dags/branch.py for tasks to queue
[2026-04-07T16:49:33.050+0000] {logging_mixin.py:190} INFO - [2026-04-07T16:49:33.050+0000] {dagbag.py:588} INFO - Filling up the DagBag from /opt/airflow/dags/branch.py
[2026-04-07T16:49:33.057+0000] {logging_mixin.py:190} INFO - [2026-04-07T16:49:33.055+0000] {dagbag.py:387} ERROR - Failed to import: /opt/airflow/dags/branch.py
Traceback (most recent call last):
  File "/home/airflow/.local/lib/python3.12/site-packages/airflow/models/dagbag.py", line 383, in parse
    loader.exec_module(new_module)
  File "<frozen importlib._bootstrap_external>", line 999, in exec_module
  File "<frozen importlib._bootstrap>", line 488, in _call_with_frames_removed
  File "/opt/airflow/dags/branch.py", line 6, in <module>
    from airflow.operators.branching import BranchPythonOperator
ModuleNotFoundError: No module named 'airflow.operators.branching'
[2026-04-07T16:49:33.059+0000] {processor.py:927} WARNING - No viable dags retrieved from /opt/airflow/dags/branch.py
[2026-04-07T16:49:33.093+0000] {processor.py:208} INFO - Processing /opt/airflow/dags/branch.py took 0.063 seconds
[2026-04-07T16:50:40.158+0000] {processor.py:186} INFO - Started process (PID=11799) to work on /opt/airflow/dags/branch.py
[2026-04-07T16:50:40.160+0000] {processor.py:914} INFO - Processing file /opt/airflow/dags/branch.py for tasks to queue
[2026-04-07T16:50:40.165+0000] {logging_mixin.py:190} INFO - [2026-04-07T16:50:40.164+0000] {dagbag.py:588} INFO - Filling up the DagBag from /opt/airflow/dags/branch.py
[2026-04-07T16:50:40.171+0000] {logging_mixin.py:190} INFO - [2026-04-07T16:50:40.169+0000] {dagbag.py:387} ERROR - Failed to import: /opt/airflow/dags/branch.py
Traceback (most recent call last):
  File "/home/airflow/.local/lib/python3.12/site-packages/airflow/models/dagbag.py", line 383, in parse
    loader.exec_module(new_module)
  File "<frozen importlib._bootstrap_external>", line 999, in exec_module
  File "<frozen importlib._bootstrap>", line 488, in _call_with_frames_removed
  File "/opt/airflow/dags/branch.py", line 6, in <module>
    from airflow.operators.branching import BranchPythonOperator
ModuleNotFoundError: No module named 'airflow.operators.branching'
[2026-04-07T16:50:40.172+0000] {processor.py:927} WARNING - No viable dags retrieved from /opt/airflow/dags/branch.py
[2026-04-07T16:50:40.208+0000] {processor.py:208} INFO - Processing /opt/airflow/dags/branch.py took 0.061 seconds
[2026-04-07T16:51:25.884+0000] {processor.py:186} INFO - Started process (PID=11870) to work on /opt/airflow/dags/branch.py
[2026-04-07T16:51:25.886+0000] {processor.py:914} INFO - Processing file /opt/airflow/dags/branch.py for tasks to queue
[2026-04-07T16:51:25.890+0000] {logging_mixin.py:190} INFO - [2026-04-07T16:51:25.889+0000] {dagbag.py:588} INFO - Filling up the DagBag from /opt/airflow/dags/branch.py
[2026-04-07T16:51:25.896+0000] {logging_mixin.py:190} INFO - [2026-04-07T16:51:25.894+0000] {dagbag.py:387} ERROR - Failed to import: /opt/airflow/dags/branch.py
Traceback (most recent call last):
  File "/home/airflow/.local/lib/python3.12/site-packages/airflow/models/dagbag.py", line 383, in parse
    loader.exec_module(new_module)
  File "<frozen importlib._bootstrap_external>", line 999, in exec_module
  File "<frozen importlib._bootstrap>", line 488, in _call_with_frames_removed
  File "/opt/airflow/dags/branch.py", line 6, in <module>
    from airflow.operators.branching import BranchPythonOperator
ModuleNotFoundError: No module named 'airflow.operators.branching'
[2026-04-07T16:51:25.897+0000] {processor.py:927} WARNING - No viable dags retrieved from /opt/airflow/dags/branch.py
[2026-04-07T16:51:25.936+0000] {processor.py:208} INFO - Processing /opt/airflow/dags/branch.py took 0.064 seconds
[2026-04-07T16:52:12.088+0000] {processor.py:186} INFO - Started process (PID=11941) to work on /opt/airflow/dags/branch.py
[2026-04-07T16:52:12.090+0000] {processor.py:914} INFO - Processing file /opt/airflow/dags/branch.py for tasks to queue
[2026-04-07T16:52:12.095+0000] {logging_mixin.py:190} INFO - [2026-04-07T16:52:12.094+0000] {dagbag.py:588} INFO - Filling up the DagBag from /opt/airflow/dags/branch.py
[2026-04-07T16:52:12.102+0000] {logging_mixin.py:190} INFO - [2026-04-07T16:52:12.100+0000] {dagbag.py:387} ERROR - Failed to import: /opt/airflow/dags/branch.py
Traceback (most recent call last):
  File "/home/airflow/.local/lib/python3.12/site-packages/airflow/models/dagbag.py", line 383, in parse
    loader.exec_module(new_module)
  File "<frozen importlib._bootstrap_external>", line 999, in exec_module
  File "<frozen importlib._bootstrap>", line 488, in _call_with_frames_removed
  File "/opt/airflow/dags/branch.py", line 6, in <module>
    from airflow.operators.branching import BranchPythonOperator
ModuleNotFoundError: No module named 'airflow.operators.branching'
[2026-04-07T16:52:12.103+0000] {processor.py:927} WARNING - No viable dags retrieved from /opt/airflow/dags/branch.py
[2026-04-07T16:52:12.142+0000] {processor.py:208} INFO - Processing /opt/airflow/dags/branch.py took 0.067 seconds
[2026-04-07T16:52:49.193+0000] {processor.py:186} INFO - Started process (PID=12014) to work on /opt/airflow/dags/branch.py
[2026-04-07T16:52:49.194+0000] {processor.py:914} INFO - Processing file /opt/airflow/dags/branch.py for tasks to queue
[2026-04-07T16:52:49.198+0000] {logging_mixin.py:190} INFO - [2026-04-07T16:52:49.197+0000] {dagbag.py:588} INFO - Filling up the DagBag from /opt/airflow/dags/branch.py
[2026-04-07T16:52:49.204+0000] {logging_mixin.py:190} INFO - [2026-04-07T16:52:49.202+0000] {dagbag.py:387} ERROR - Failed to import: /opt/airflow/dags/branch.py
Traceback (most recent call last):
  File "/home/airflow/.local/lib/python3.12/site-packages/airflow/models/dagbag.py", line 383, in parse
    loader.exec_module(new_module)
  File "<frozen importlib._bootstrap_external>", line 999, in exec_module
  File "<frozen importlib._bootstrap>", line 488, in _call_with_frames_removed
  File "/opt/airflow/dags/branch.py", line 6, in <module>
    from airflow.operators.branching import BranchPythonOperator
ModuleNotFoundError: No module named 'airflow.operators.branching'
[2026-04-07T16:52:49.205+0000] {processor.py:927} WARNING - No viable dags retrieved from /opt/airflow/dags/branch.py
[2026-04-07T16:52:49.248+0000] {processor.py:208} INFO - Processing /opt/airflow/dags/branch.py took 0.067 seconds
[2026-04-07T16:53:32.076+0000] {processor.py:186} INFO - Started process (PID=12085) to work on /opt/airflow/dags/branch.py
[2026-04-07T16:53:32.077+0000] {processor.py:914} INFO - Processing file /opt/airflow/dags/branch.py for tasks to queue
[2026-04-07T16:53:32.081+0000] {logging_mixin.py:190} INFO - [2026-04-07T16:53:32.081+0000] {dagbag.py:588} INFO - Filling up the DagBag from /opt/airflow/dags/branch.py
[2026-04-07T16:53:32.087+0000] {logging_mixin.py:190} INFO - [2026-04-07T16:53:32.085+0000] {dagbag.py:387} ERROR - Failed to import: /opt/airflow/dags/branch.py
Traceback (most recent call last):
  File "/home/airflow/.local/lib/python3.12/site-packages/airflow/models/dagbag.py", line 383, in parse
    loader.exec_module(new_module)
  File "<frozen importlib._bootstrap_external>", line 999, in exec_module
  File "<frozen importlib._bootstrap>", line 488, in _call_with_frames_removed
  File "/opt/airflow/dags/branch.py", line 6, in <module>
    from airflow.operators.branching import BranchPythonOperator
ModuleNotFoundError: No module named 'airflow.operators.branching'
[2026-04-07T16:53:32.088+0000] {processor.py:927} WARNING - No viable dags retrieved from /opt/airflow/dags/branch.py
[2026-04-07T16:53:32.120+0000] {processor.py:208} INFO - Processing /opt/airflow/dags/branch.py took 0.056 seconds
[2026-04-07T16:54:18.012+0000] {processor.py:186} INFO - Started process (PID=12156) to work on /opt/airflow/dags/branch.py
[2026-04-07T16:54:18.013+0000] {processor.py:914} INFO - Processing file /opt/airflow/dags/branch.py for tasks to queue
[2026-04-07T16:54:18.017+0000] {logging_mixin.py:190} INFO - [2026-04-07T16:54:18.016+0000] {dagbag.py:588} INFO - Filling up the DagBag from /opt/airflow/dags/branch.py
[2026-04-07T16:54:18.022+0000] {logging_mixin.py:190} INFO - [2026-04-07T16:54:18.020+0000] {dagbag.py:387} ERROR - Failed to import: /opt/airflow/dags/branch.py
Traceback (most recent call last):
  File "/home/airflow/.local/lib/python3.12/site-packages/airflow/models/dagbag.py", line 383, in parse
    loader.exec_module(new_module)
  File "<frozen importlib._bootstrap_external>", line 999, in exec_module
  File "<frozen importlib._bootstrap>", line 488, in _call_with_frames_removed
  File "/opt/airflow/dags/branch.py", line 6, in <module>
    from airflow.operators.branching import BranchPythonOperator
ModuleNotFoundError: No module named 'airflow.operators.branching'
[2026-04-07T16:54:18.023+0000] {processor.py:927} WARNING - No viable dags retrieved from /opt/airflow/dags/branch.py
[2026-04-07T16:54:18.062+0000] {processor.py:208} INFO - Processing /opt/airflow/dags/branch.py took 0.060 seconds
[2026-04-07T16:55:03.999+0000] {processor.py:186} INFO - Started process (PID=12225) to work on /opt/airflow/dags/branch.py
[2026-04-07T16:55:04.000+0000] {processor.py:914} INFO - Processing file /opt/airflow/dags/branch.py for tasks to queue
[2026-04-07T16:55:04.004+0000] {logging_mixin.py:190} INFO - [2026-04-07T16:55:04.003+0000] {dagbag.py:588} INFO - Filling up the DagBag from /opt/airflow/dags/branch.py
[2026-04-07T16:55:04.009+0000] {logging_mixin.py:190} INFO - [2026-04-07T16:55:04.007+0000] {dagbag.py:387} ERROR - Failed to import: /opt/airflow/dags/branch.py
Traceback (most recent call last):
  File "/home/airflow/.local/lib/python3.12/site-packages/airflow/models/dagbag.py", line 383, in parse
    loader.exec_module(new_module)
  File "<frozen importlib._bootstrap_external>", line 999, in exec_module
  File "<frozen importlib._bootstrap>", line 488, in _call_with_frames_removed
  File "/opt/airflow/dags/branch.py", line 6, in <module>
    from airflow.operators.branching import BranchPythonOperator
ModuleNotFoundError: No module named 'airflow.operators.branching'
[2026-04-07T16:55:04.010+0000] {processor.py:927} WARNING - No viable dags retrieved from /opt/airflow/dags/branch.py
[2026-04-07T16:55:04.040+0000] {processor.py:208} INFO - Processing /opt/airflow/dags/branch.py took 0.053 seconds
[2026-04-07T16:55:50.037+0000] {processor.py:186} INFO - Started process (PID=12296) to work on /opt/airflow/dags/branch.py
[2026-04-07T16:55:50.039+0000] {processor.py:914} INFO - Processing file /opt/airflow/dags/branch.py for tasks to queue
[2026-04-07T16:55:50.042+0000] {logging_mixin.py:190} INFO - [2026-04-07T16:55:50.042+0000] {dagbag.py:588} INFO - Filling up the DagBag from /opt/airflow/dags/branch.py
[2026-04-07T16:55:50.048+0000] {logging_mixin.py:190} INFO - [2026-04-07T16:55:50.046+0000] {dagbag.py:387} ERROR - Failed to import: /opt/airflow/dags/branch.py
Traceback (most recent call last):
  File "/home/airflow/.local/lib/python3.12/site-packages/airflow/models/dagbag.py", line 383, in parse
    loader.exec_module(new_module)
  File "<frozen importlib._bootstrap_external>", line 999, in exec_module
  File "<frozen importlib._bootstrap>", line 488, in _call_with_frames_removed
  File "/opt/airflow/dags/branch.py", line 6, in <module>
    from airflow.operators.branching import BranchPythonOperator
ModuleNotFoundError: No module named 'airflow.operators.branching'
[2026-04-07T16:55:50.049+0000] {processor.py:927} WARNING - No viable dags retrieved from /opt/airflow/dags/branch.py
[2026-04-07T16:55:50.079+0000] {processor.py:208} INFO - Processing /opt/airflow/dags/branch.py took 0.054 seconds
[2026-04-07T16:56:31.466+0000] {processor.py:186} INFO - Started process (PID=12369) to work on /opt/airflow/dags/branch.py
[2026-04-07T16:56:31.468+0000] {processor.py:914} INFO - Processing file /opt/airflow/dags/branch.py for tasks to queue
[2026-04-07T16:56:31.472+0000] {logging_mixin.py:190} INFO - [2026-04-07T16:56:31.472+0000] {dagbag.py:588} INFO - Filling up the DagBag from /opt/airflow/dags/branch.py
[2026-04-07T16:56:31.478+0000] {logging_mixin.py:190} INFO - [2026-04-07T16:56:31.476+0000] {dagbag.py:387} ERROR - Failed to import: /opt/airflow/dags/branch.py
Traceback (most recent call last):
  File "/home/airflow/.local/lib/python3.12/site-packages/airflow/models/dagbag.py", line 383, in parse
    loader.exec_module(new_module)
  File "<frozen importlib._bootstrap_external>", line 999, in exec_module
  File "<frozen importlib._bootstrap>", line 488, in _call_with_frames_removed
  File "/opt/airflow/dags/branch.py", line 6, in <module>
    from airflow.operators.branching import BranchPythonOperator
ModuleNotFoundError: No module named 'airflow.operators.branching'
[2026-04-07T16:56:31.479+0000] {processor.py:927} WARNING - No viable dags retrieved from /opt/airflow/dags/branch.py
[2026-04-07T16:56:31.517+0000] {processor.py:208} INFO - Processing /opt/airflow/dags/branch.py took 0.060 seconds
[2026-04-07T16:58:32.232+0000] {processor.py:186} INFO - Started process (PID=12440) to work on /opt/airflow/dags/branch.py
[2026-04-07T16:58:32.234+0000] {processor.py:914} INFO - Processing file /opt/airflow/dags/branch.py for tasks to queue
[2026-04-07T16:58:32.237+0000] {logging_mixin.py:190} INFO - [2026-04-07T16:58:32.237+0000] {dagbag.py:588} INFO - Filling up the DagBag from /opt/airflow/dags/branch.py
[2026-04-07T16:58:32.243+0000] {logging_mixin.py:190} INFO - [2026-04-07T16:58:32.241+0000] {dagbag.py:387} ERROR - Failed to import: /opt/airflow/dags/branch.py
Traceback (most recent call last):
  File "/home/airflow/.local/lib/python3.12/site-packages/airflow/models/dagbag.py", line 383, in parse
    loader.exec_module(new_module)
  File "<frozen importlib._bootstrap_external>", line 999, in exec_module
  File "<frozen importlib._bootstrap>", line 488, in _call_with_frames_removed
  File "/opt/airflow/dags/branch.py", line 6, in <module>
    from airflow.operators.branching import BranchPythonOperator
ModuleNotFoundError: No module named 'airflow.operators.branching'
[2026-04-07T16:58:32.244+0000] {processor.py:927} WARNING - No viable dags retrieved from /opt/airflow/dags/branch.py
[2026-04-07T16:58:32.279+0000] {processor.py:208} INFO - Processing /opt/airflow/dags/branch.py took 0.061 seconds
[2026-04-07T17:01:33.757+0000] {processor.py:186} INFO - Started process (PID=12511) to work on /opt/airflow/dags/branch.py
[2026-04-07T17:01:33.758+0000] {processor.py:914} INFO - Processing file /opt/airflow/dags/branch.py for tasks to queue
[2026-04-07T17:01:33.762+0000] {logging_mixin.py:190} INFO - [2026-04-07T17:01:33.761+0000] {dagbag.py:588} INFO - Filling up the DagBag from /opt/airflow/dags/branch.py
[2026-04-07T17:01:33.767+0000] {logging_mixin.py:190} INFO - [2026-04-07T17:01:33.765+0000] {dagbag.py:387} ERROR - Failed to import: /opt/airflow/dags/branch.py
Traceback (most recent call last):
  File "/home/airflow/.local/lib/python3.12/site-packages/airflow/models/dagbag.py", line 383, in parse
    loader.exec_module(new_module)
  File "<frozen importlib._bootstrap_external>", line 999, in exec_module
  File "<frozen importlib._bootstrap>", line 488, in _call_with_frames_removed
  File "/opt/airflow/dags/branch.py", line 6, in <module>
    from airflow.operators.branching import BranchPythonOperator
ModuleNotFoundError: No module named 'airflow.operators.branching'
[2026-04-07T17:01:33.768+0000] {processor.py:927} WARNING - No viable dags retrieved from /opt/airflow/dags/branch.py
[2026-04-07T17:01:34.051+0000] {processor.py:208} INFO - Processing /opt/airflow/dags/branch.py took 0.304 seconds
[2026-04-07T17:02:25.191+0000] {processor.py:186} INFO - Started process (PID=12582) to work on /opt/airflow/dags/branch.py
[2026-04-07T17:02:25.192+0000] {processor.py:914} INFO - Processing file /opt/airflow/dags/branch.py for tasks to queue
[2026-04-07T17:02:25.197+0000] {logging_mixin.py:190} INFO - [2026-04-07T17:02:25.197+0000] {dagbag.py:588} INFO - Filling up the DagBag from /opt/airflow/dags/branch.py
[2026-04-07T17:02:25.204+0000] {logging_mixin.py:190} INFO - [2026-04-07T17:02:25.202+0000] {dagbag.py:387} ERROR - Failed to import: /opt/airflow/dags/branch.py
Traceback (most recent call last):
  File "/home/airflow/.local/lib/python3.12/site-packages/airflow/models/dagbag.py", line 383, in parse
    loader.exec_module(new_module)
  File "<frozen importlib._bootstrap_external>", line 999, in exec_module
  File "<frozen importlib._bootstrap>", line 488, in _call_with_frames_removed
  File "/opt/airflow/dags/branch.py", line 6, in <module>
    from airflow.operators.branching import BranchPythonOperator
ModuleNotFoundError: No module named 'airflow.operators.branching'
[2026-04-07T17:02:25.206+0000] {processor.py:927} WARNING - No viable dags retrieved from /opt/airflow/dags/branch.py
[2026-04-07T17:02:25.242+0000] {processor.py:208} INFO - Processing /opt/airflow/dags/branch.py took 0.064 seconds
[2026-04-07T17:03:23.078+0000] {processor.py:186} INFO - Started process (PID=12653) to work on /opt/airflow/dags/branch.py
[2026-04-07T17:03:23.079+0000] {processor.py:914} INFO - Processing file /opt/airflow/dags/branch.py for tasks to queue
[2026-04-07T17:03:23.084+0000] {logging_mixin.py:190} INFO - [2026-04-07T17:03:23.084+0000] {dagbag.py:588} INFO - Filling up the DagBag from /opt/airflow/dags/branch.py
[2026-04-07T17:03:23.091+0000] {logging_mixin.py:190} INFO - [2026-04-07T17:03:23.089+0000] {dagbag.py:387} ERROR - Failed to import: /opt/airflow/dags/branch.py
Traceback (most recent call last):
  File "/home/airflow/.local/lib/python3.12/site-packages/airflow/models/dagbag.py", line 383, in parse
    loader.exec_module(new_module)
  File "<frozen importlib._bootstrap_external>", line 999, in exec_module
  File "<frozen importlib._bootstrap>", line 488, in _call_with_frames_removed
  File "/opt/airflow/dags/branch.py", line 6, in <module>
    from airflow.operators.branching import BranchPythonOperator
ModuleNotFoundError: No module named 'airflow.operators.branching'
[2026-04-07T17:03:23.092+0000] {processor.py:927} WARNING - No viable dags retrieved from /opt/airflow/dags/branch.py
[2026-04-07T17:03:23.127+0000] {processor.py:208} INFO - Processing /opt/airflow/dags/branch.py took 0.062 seconds
[2026-04-07T17:04:08.858+0000] {processor.py:186} INFO - Started process (PID=12722) to work on /opt/airflow/dags/branch.py
[2026-04-07T17:04:08.859+0000] {processor.py:914} INFO - Processing file /opt/airflow/dags/branch.py for tasks to queue
[2026-04-07T17:04:08.863+0000] {logging_mixin.py:190} INFO - [2026-04-07T17:04:08.862+0000] {dagbag.py:588} INFO - Filling up the DagBag from /opt/airflow/dags/branch.py
[2026-04-07T17:04:08.869+0000] {logging_mixin.py:190} INFO - [2026-04-07T17:04:08.867+0000] {dagbag.py:387} ERROR - Failed to import: /opt/airflow/dags/branch.py
Traceback (most recent call last):
  File "/home/airflow/.local/lib/python3.12/site-packages/airflow/models/dagbag.py", line 383, in parse
    loader.exec_module(new_module)
  File "<frozen importlib._bootstrap_external>", line 999, in exec_module
  File "<frozen importlib._bootstrap>", line 488, in _call_with_frames_removed
  File "/opt/airflow/dags/branch.py", line 6, in <module>
    from airflow.operators.branching import BranchPythonOperator
ModuleNotFoundError: No module named 'airflow.operators.branching'
[2026-04-07T17:04:08.870+0000] {processor.py:927} WARNING - No viable dags retrieved from /opt/airflow/dags/branch.py
[2026-04-07T17:04:08.907+0000] {processor.py:208} INFO - Processing /opt/airflow/dags/branch.py took 0.060 seconds
[2026-04-07T17:04:45.844+0000] {processor.py:186} INFO - Started process (PID=12793) to work on /opt/airflow/dags/branch.py
[2026-04-07T17:04:45.846+0000] {processor.py:914} INFO - Processing file /opt/airflow/dags/branch.py for tasks to queue
[2026-04-07T17:04:45.849+0000] {logging_mixin.py:190} INFO - [2026-04-07T17:04:45.849+0000] {dagbag.py:588} INFO - Filling up the DagBag from /opt/airflow/dags/branch.py
[2026-04-07T17:04:45.855+0000] {logging_mixin.py:190} INFO - [2026-04-07T17:04:45.853+0000] {dagbag.py:387} ERROR - Failed to import: /opt/airflow/dags/branch.py
Traceback (most recent call last):
  File "/home/airflow/.local/lib/python3.12/site-packages/airflow/models/dagbag.py", line 383, in parse
    loader.exec_module(new_module)
  File "<frozen importlib._bootstrap_external>", line 999, in exec_module
  File "<frozen importlib._bootstrap>", line 488, in _call_with_frames_removed
  File "/opt/airflow/dags/branch.py", line 6, in <module>
    from airflow.operators.branching import BranchPythonOperator
ModuleNotFoundError: No module named 'airflow.operators.branching'
[2026-04-07T17:04:45.856+0000] {processor.py:927} WARNING - No viable dags retrieved from /opt/airflow/dags/branch.py
[2026-04-07T17:04:45.893+0000] {processor.py:208} INFO - Processing /opt/airflow/dags/branch.py took 0.059 seconds
[2026-04-07T17:05:25.839+0000] {processor.py:186} INFO - Started process (PID=12864) to work on /opt/airflow/dags/branch.py
[2026-04-07T17:05:25.841+0000] {processor.py:914} INFO - Processing file /opt/airflow/dags/branch.py for tasks to queue
[2026-04-07T17:05:25.844+0000] {logging_mixin.py:190} INFO - [2026-04-07T17:05:25.844+0000] {dagbag.py:588} INFO - Filling up the DagBag from /opt/airflow/dags/branch.py
[2026-04-07T17:05:25.851+0000] {logging_mixin.py:190} INFO - [2026-04-07T17:05:25.849+0000] {dagbag.py:387} ERROR - Failed to import: /opt/airflow/dags/branch.py
Traceback (most recent call last):
  File "/home/airflow/.local/lib/python3.12/site-packages/airflow/models/dagbag.py", line 383, in parse
    loader.exec_module(new_module)
  File "<frozen importlib._bootstrap_external>", line 999, in exec_module
  File "<frozen importlib._bootstrap>", line 488, in _call_with_frames_removed
  File "/opt/airflow/dags/branch.py", line 6, in <module>
    from airflow.operators.branching import BranchPythonOperator
ModuleNotFoundError: No module named 'airflow.operators.branching'
[2026-04-07T17:05:25.852+0000] {processor.py:927} WARNING - No viable dags retrieved from /opt/airflow/dags/branch.py
[2026-04-07T17:05:25.892+0000] {processor.py:208} INFO - Processing /opt/airflow/dags/branch.py took 0.065 seconds
[2026-04-07T17:06:07.107+0000] {processor.py:186} INFO - Started process (PID=12937) to work on /opt/airflow/dags/branch.py
[2026-04-07T17:06:07.108+0000] {processor.py:914} INFO - Processing file /opt/airflow/dags/branch.py for tasks to queue
[2026-04-07T17:06:07.112+0000] {logging_mixin.py:190} INFO - [2026-04-07T17:06:07.112+0000] {dagbag.py:588} INFO - Filling up the DagBag from /opt/airflow/dags/branch.py
[2026-04-07T17:06:07.118+0000] {logging_mixin.py:190} INFO - [2026-04-07T17:06:07.116+0000] {dagbag.py:387} ERROR - Failed to import: /opt/airflow/dags/branch.py
Traceback (most recent call last):
  File "/home/airflow/.local/lib/python3.12/site-packages/airflow/models/dagbag.py", line 383, in parse
    loader.exec_module(new_module)
  File "<frozen importlib._bootstrap_external>", line 999, in exec_module
  File "<frozen importlib._bootstrap>", line 488, in _call_with_frames_removed
  File "/opt/airflow/dags/branch.py", line 6, in <module>
    from airflow.operators.branching import BranchPythonOperator
ModuleNotFoundError: No module named 'airflow.operators.branching'
[2026-04-07T17:06:07.119+0000] {processor.py:927} WARNING - No viable dags retrieved from /opt/airflow/dags/branch.py
[2026-04-07T17:06:07.154+0000] {processor.py:208} INFO - Processing /opt/airflow/dags/branch.py took 0.058 seconds
[2026-04-07T17:06:53.041+0000] {processor.py:186} INFO - Started process (PID=13008) to work on /opt/airflow/dags/branch.py
[2026-04-07T17:06:53.042+0000] {processor.py:914} INFO - Processing file /opt/airflow/dags/branch.py for tasks to queue
[2026-04-07T17:06:53.047+0000] {logging_mixin.py:190} INFO - [2026-04-07T17:06:53.046+0000] {dagbag.py:588} INFO - Filling up the DagBag from /opt/airflow/dags/branch.py
[2026-04-07T17:06:53.052+0000] {logging_mixin.py:190} INFO - [2026-04-07T17:06:53.050+0000] {dagbag.py:387} ERROR - Failed to import: /opt/airflow/dags/branch.py
Traceback (most recent call last):
  File "/home/airflow/.local/lib/python3.12/site-packages/airflow/models/dagbag.py", line 383, in parse
    loader.exec_module(new_module)
  File "<frozen importlib._bootstrap_external>", line 999, in exec_module
  File "<frozen importlib._bootstrap>", line 488, in _call_with_frames_removed
  File "/opt/airflow/dags/branch.py", line 6, in <module>
    from airflow.operators.branching import BranchPythonOperator
ModuleNotFoundError: No module named 'airflow.operators.branching'
[2026-04-07T17:06:53.053+0000] {processor.py:927} WARNING - No viable dags retrieved from /opt/airflow/dags/branch.py
[2026-04-07T17:06:53.089+0000] {processor.py:208} INFO - Processing /opt/airflow/dags/branch.py took 0.059 seconds
[2026-04-07T17:07:34.004+0000] {processor.py:186} INFO - Started process (PID=13079) to work on /opt/airflow/dags/branch.py
[2026-04-07T17:07:34.005+0000] {processor.py:914} INFO - Processing file /opt/airflow/dags/branch.py for tasks to queue
[2026-04-07T17:07:34.010+0000] {logging_mixin.py:190} INFO - [2026-04-07T17:07:34.009+0000] {dagbag.py:588} INFO - Filling up the DagBag from /opt/airflow/dags/branch.py
[2026-04-07T17:07:34.017+0000] {logging_mixin.py:190} INFO - [2026-04-07T17:07:34.014+0000] {dagbag.py:387} ERROR - Failed to import: /opt/airflow/dags/branch.py
Traceback (most recent call last):
  File "/home/airflow/.local/lib/python3.12/site-packages/airflow/models/dagbag.py", line 383, in parse
    loader.exec_module(new_module)
  File "<frozen importlib._bootstrap_external>", line 999, in exec_module
  File "<frozen importlib._bootstrap>", line 488, in _call_with_frames_removed
  File "/opt/airflow/dags/branch.py", line 6, in <module>
    from airflow.operators.branching import BranchPythonOperator
ModuleNotFoundError: No module named 'airflow.operators.branching'
[2026-04-07T17:07:34.018+0000] {processor.py:927} WARNING - No viable dags retrieved from /opt/airflow/dags/branch.py
[2026-04-07T17:07:34.061+0000] {processor.py:208} INFO - Processing /opt/airflow/dags/branch.py took 0.070 seconds
[2026-04-07T17:08:19.864+0000] {processor.py:186} INFO - Started process (PID=13148) to work on /opt/airflow/dags/branch.py
[2026-04-07T17:08:19.866+0000] {processor.py:914} INFO - Processing file /opt/airflow/dags/branch.py for tasks to queue
[2026-04-07T17:08:19.870+0000] {logging_mixin.py:190} INFO - [2026-04-07T17:08:19.869+0000] {dagbag.py:588} INFO - Filling up the DagBag from /opt/airflow/dags/branch.py
[2026-04-07T17:08:19.877+0000] {logging_mixin.py:190} INFO - [2026-04-07T17:08:19.875+0000] {dagbag.py:387} ERROR - Failed to import: /opt/airflow/dags/branch.py
Traceback (most recent call last):
  File "/home/airflow/.local/lib/python3.12/site-packages/airflow/models/dagbag.py", line 383, in parse
    loader.exec_module(new_module)
  File "<frozen importlib._bootstrap_external>", line 999, in exec_module
  File "<frozen importlib._bootstrap>", line 488, in _call_with_frames_removed
  File "/opt/airflow/dags/branch.py", line 6, in <module>
    from airflow.operators.branching import BranchPythonOperator
ModuleNotFoundError: No module named 'airflow.operators.branching'
[2026-04-07T17:08:19.878+0000] {processor.py:927} WARNING - No viable dags retrieved from /opt/airflow/dags/branch.py
[2026-04-07T17:08:19.921+0000] {processor.py:208} INFO - Processing /opt/airflow/dags/branch.py took 0.070 seconds
[2026-04-07T17:09:01.034+0000] {processor.py:186} INFO - Started process (PID=13219) to work on /opt/airflow/dags/branch.py
[2026-04-07T17:09:01.035+0000] {processor.py:914} INFO - Processing file /opt/airflow/dags/branch.py for tasks to queue
[2026-04-07T17:09:01.039+0000] {logging_mixin.py:190} INFO - [2026-04-07T17:09:01.039+0000] {dagbag.py:588} INFO - Filling up the DagBag from /opt/airflow/dags/branch.py
[2026-04-07T17:09:01.046+0000] {logging_mixin.py:190} INFO - [2026-04-07T17:09:01.044+0000] {dagbag.py:387} ERROR - Failed to import: /opt/airflow/dags/branch.py
Traceback (most recent call last):
  File "/home/airflow/.local/lib/python3.12/site-packages/airflow/models/dagbag.py", line 383, in parse
    loader.exec_module(new_module)
  File "<frozen importlib._bootstrap_external>", line 999, in exec_module
  File "<frozen importlib._bootstrap>", line 488, in _call_with_frames_removed
  File "/opt/airflow/dags/branch.py", line 6, in <module>
    from airflow.operators.branching import BranchPythonOperator
ModuleNotFoundError: No module named 'airflow.operators.branching'
[2026-04-07T17:09:01.047+0000] {processor.py:927} WARNING - No viable dags retrieved from /opt/airflow/dags/branch.py
[2026-04-07T17:09:01.085+0000] {processor.py:208} INFO - Processing /opt/airflow/dags/branch.py took 0.063 seconds
[2026-04-07T17:09:43.025+0000] {processor.py:186} INFO - Started process (PID=13292) to work on /opt/airflow/dags/branch.py
[2026-04-07T17:09:43.026+0000] {processor.py:914} INFO - Processing file /opt/airflow/dags/branch.py for tasks to queue
[2026-04-07T17:09:43.030+0000] {logging_mixin.py:190} INFO - [2026-04-07T17:09:43.029+0000] {dagbag.py:588} INFO - Filling up the DagBag from /opt/airflow/dags/branch.py
[2026-04-07T17:09:43.035+0000] {logging_mixin.py:190} INFO - [2026-04-07T17:09:43.033+0000] {dagbag.py:387} ERROR - Failed to import: /opt/airflow/dags/branch.py
Traceback (most recent call last):
  File "/home/airflow/.local/lib/python3.12/site-packages/airflow/models/dagbag.py", line 383, in parse
    loader.exec_module(new_module)
  File "<frozen importlib._bootstrap_external>", line 999, in exec_module
  File "<frozen importlib._bootstrap>", line 488, in _call_with_frames_removed
  File "/opt/airflow/dags/branch.py", line 6, in <module>
    from airflow.operators.branching import BranchPythonOperator
ModuleNotFoundError: No module named 'airflow.operators.branching'
[2026-04-07T17:09:43.036+0000] {processor.py:927} WARNING - No viable dags retrieved from /opt/airflow/dags/branch.py
[2026-04-07T17:09:43.076+0000] {processor.py:208} INFO - Processing /opt/airflow/dags/branch.py took 0.061 seconds
[2026-04-07T17:10:23.955+0000] {processor.py:186} INFO - Started process (PID=13363) to work on /opt/airflow/dags/branch.py
[2026-04-07T17:10:23.956+0000] {processor.py:914} INFO - Processing file /opt/airflow/dags/branch.py for tasks to queue
[2026-04-07T17:10:23.960+0000] {logging_mixin.py:190} INFO - [2026-04-07T17:10:23.959+0000] {dagbag.py:588} INFO - Filling up the DagBag from /opt/airflow/dags/branch.py
[2026-04-07T17:10:23.965+0000] {logging_mixin.py:190} INFO - [2026-04-07T17:10:23.963+0000] {dagbag.py:387} ERROR - Failed to import: /opt/airflow/dags/branch.py
Traceback (most recent call last):
  File "/home/airflow/.local/lib/python3.12/site-packages/airflow/models/dagbag.py", line 383, in parse
    loader.exec_module(new_module)
  File "<frozen importlib._bootstrap_external>", line 999, in exec_module
  File "<frozen importlib._bootstrap>", line 488, in _call_with_frames_removed
  File "/opt/airflow/dags/branch.py", line 6, in <module>
    from airflow.operators.branching import BranchPythonOperator
ModuleNotFoundError: No module named 'airflow.operators.branching'
[2026-04-07T17:10:23.966+0000] {processor.py:927} WARNING - No viable dags retrieved from /opt/airflow/dags/branch.py
[2026-04-07T17:10:24.005+0000] {processor.py:208} INFO - Processing /opt/airflow/dags/branch.py took 0.060 seconds
[2026-04-07T17:11:04.982+0000] {processor.py:186} INFO - Started process (PID=13434) to work on /opt/airflow/dags/branch.py
[2026-04-07T17:11:04.984+0000] {processor.py:914} INFO - Processing file /opt/airflow/dags/branch.py for tasks to queue
[2026-04-07T17:11:04.987+0000] {logging_mixin.py:190} INFO - [2026-04-07T17:11:04.987+0000] {dagbag.py:588} INFO - Filling up the DagBag from /opt/airflow/dags/branch.py
[2026-04-07T17:11:04.992+0000] {logging_mixin.py:190} INFO - [2026-04-07T17:11:04.991+0000] {dagbag.py:387} ERROR - Failed to import: /opt/airflow/dags/branch.py
Traceback (most recent call last):
  File "/home/airflow/.local/lib/python3.12/site-packages/airflow/models/dagbag.py", line 383, in parse
    loader.exec_module(new_module)
  File "<frozen importlib._bootstrap_external>", line 999, in exec_module
  File "<frozen importlib._bootstrap>", line 488, in _call_with_frames_removed
  File "/opt/airflow/dags/branch.py", line 6, in <module>
    from airflow.operators.branching import BranchPythonOperator
ModuleNotFoundError: No module named 'airflow.operators.branching'
[2026-04-07T17:11:04.993+0000] {processor.py:927} WARNING - No viable dags retrieved from /opt/airflow/dags/branch.py
[2026-04-07T17:11:05.026+0000] {processor.py:208} INFO - Processing /opt/airflow/dags/branch.py took 0.053 seconds
[2026-04-07T17:11:45.984+0000] {processor.py:186} INFO - Started process (PID=13503) to work on /opt/airflow/dags/branch.py
[2026-04-07T17:11:45.986+0000] {processor.py:914} INFO - Processing file /opt/airflow/dags/branch.py for tasks to queue
[2026-04-07T17:11:45.990+0000] {logging_mixin.py:190} INFO - [2026-04-07T17:11:45.989+0000] {dagbag.py:588} INFO - Filling up the DagBag from /opt/airflow/dags/branch.py
[2026-04-07T17:11:45.996+0000] {logging_mixin.py:190} INFO - [2026-04-07T17:11:45.994+0000] {dagbag.py:387} ERROR - Failed to import: /opt/airflow/dags/branch.py
Traceback (most recent call last):
  File "/home/airflow/.local/lib/python3.12/site-packages/airflow/models/dagbag.py", line 383, in parse
    loader.exec_module(new_module)
  File "<frozen importlib._bootstrap_external>", line 999, in exec_module
  File "<frozen importlib._bootstrap>", line 488, in _call_with_frames_removed
  File "/opt/airflow/dags/branch.py", line 6, in <module>
    from airflow.operators.branching import BranchPythonOperator
ModuleNotFoundError: No module named 'airflow.operators.branching'
[2026-04-07T17:11:45.997+0000] {processor.py:927} WARNING - No viable dags retrieved from /opt/airflow/dags/branch.py
[2026-04-07T17:11:46.031+0000] {processor.py:208} INFO - Processing /opt/airflow/dags/branch.py took 0.058 seconds
[2026-04-07T17:12:23.073+0000] {processor.py:186} INFO - Started process (PID=13576) to work on /opt/airflow/dags/branch.py
[2026-04-07T17:12:23.074+0000] {processor.py:914} INFO - Processing file /opt/airflow/dags/branch.py for tasks to queue
[2026-04-07T17:12:23.078+0000] {logging_mixin.py:190} INFO - [2026-04-07T17:12:23.078+0000] {dagbag.py:588} INFO - Filling up the DagBag from /opt/airflow/dags/branch.py
[2026-04-07T17:12:23.086+0000] {logging_mixin.py:190} INFO - [2026-04-07T17:12:23.083+0000] {dagbag.py:387} ERROR - Failed to import: /opt/airflow/dags/branch.py
Traceback (most recent call last):
  File "/home/airflow/.local/lib/python3.12/site-packages/airflow/models/dagbag.py", line 383, in parse
    loader.exec_module(new_module)
  File "<frozen importlib._bootstrap_external>", line 999, in exec_module
  File "<frozen importlib._bootstrap>", line 488, in _call_with_frames_removed
  File "/opt/airflow/dags/branch.py", line 6, in <module>
    from airflow.operators.branching import BranchPythonOperator
ModuleNotFoundError: No module named 'airflow.operators.branching'
[2026-04-07T17:12:23.087+0000] {processor.py:927} WARNING - No viable dags retrieved from /opt/airflow/dags/branch.py
[2026-04-07T17:12:23.125+0000] {processor.py:208} INFO - Processing /opt/airflow/dags/branch.py took 0.065 seconds
[2026-04-07T17:13:07.792+0000] {processor.py:186} INFO - Started process (PID=13645) to work on /opt/airflow/dags/branch.py
[2026-04-07T17:13:07.794+0000] {processor.py:914} INFO - Processing file /opt/airflow/dags/branch.py for tasks to queue
[2026-04-07T17:13:07.798+0000] {logging_mixin.py:190} INFO - [2026-04-07T17:13:07.798+0000] {dagbag.py:588} INFO - Filling up the DagBag from /opt/airflow/dags/branch.py
[2026-04-07T17:13:07.806+0000] {logging_mixin.py:190} INFO - [2026-04-07T17:13:07.804+0000] {dagbag.py:387} ERROR - Failed to import: /opt/airflow/dags/branch.py
Traceback (most recent call last):
  File "/home/airflow/.local/lib/python3.12/site-packages/airflow/models/dagbag.py", line 383, in parse
    loader.exec_module(new_module)
  File "<frozen importlib._bootstrap_external>", line 999, in exec_module
  File "<frozen importlib._bootstrap>", line 488, in _call_with_frames_removed
  File "/opt/airflow/dags/branch.py", line 6, in <module>
    from airflow.operators.branching import BranchPythonOperator
ModuleNotFoundError: No module named 'airflow.operators.branching'
[2026-04-07T17:13:07.807+0000] {processor.py:927} WARNING - No viable dags retrieved from /opt/airflow/dags/branch.py
[2026-04-07T17:13:07.851+0000] {processor.py:208} INFO - Processing /opt/airflow/dags/branch.py took 0.070 seconds
[2026-04-07T17:13:48.967+0000] {processor.py:186} INFO - Started process (PID=13718) to work on /opt/airflow/dags/branch.py
[2026-04-07T17:13:48.968+0000] {processor.py:914} INFO - Processing file /opt/airflow/dags/branch.py for tasks to queue
[2026-04-07T17:13:48.972+0000] {logging_mixin.py:190} INFO - [2026-04-07T17:13:48.971+0000] {dagbag.py:588} INFO - Filling up the DagBag from /opt/airflow/dags/branch.py
[2026-04-07T17:13:48.978+0000] {logging_mixin.py:190} INFO - [2026-04-07T17:13:48.976+0000] {dagbag.py:387} ERROR - Failed to import: /opt/airflow/dags/branch.py
Traceback (most recent call last):
  File "/home/airflow/.local/lib/python3.12/site-packages/airflow/models/dagbag.py", line 383, in parse
    loader.exec_module(new_module)
  File "<frozen importlib._bootstrap_external>", line 999, in exec_module
  File "<frozen importlib._bootstrap>", line 488, in _call_with_frames_removed
  File "/opt/airflow/dags/branch.py", line 6, in <module>
    from airflow.operators.branching import BranchPythonOperator
ModuleNotFoundError: No module named 'airflow.operators.branching'
[2026-04-07T17:13:48.979+0000] {processor.py:927} WARNING - No viable dags retrieved from /opt/airflow/dags/branch.py
[2026-04-07T17:13:49.014+0000] {processor.py:208} INFO - Processing /opt/airflow/dags/branch.py took 0.057 seconds
[2026-04-07T17:14:26.950+0000] {processor.py:186} INFO - Started process (PID=13789) to work on /opt/airflow/dags/branch.py
[2026-04-07T17:14:26.951+0000] {processor.py:914} INFO - Processing file /opt/airflow/dags/branch.py for tasks to queue
[2026-04-07T17:14:26.954+0000] {logging_mixin.py:190} INFO - [2026-04-07T17:14:26.954+0000] {dagbag.py:588} INFO - Filling up the DagBag from /opt/airflow/dags/branch.py
[2026-04-07T17:14:26.960+0000] {logging_mixin.py:190} INFO - [2026-04-07T17:14:26.958+0000] {dagbag.py:387} ERROR - Failed to import: /opt/airflow/dags/branch.py
Traceback (most recent call last):
  File "/home/airflow/.local/lib/python3.12/site-packages/airflow/models/dagbag.py", line 383, in parse
    loader.exec_module(new_module)
  File "<frozen importlib._bootstrap_external>", line 999, in exec_module
  File "<frozen importlib._bootstrap>", line 488, in _call_with_frames_removed
  File "/opt/airflow/dags/branch.py", line 6, in <module>
    from airflow.operators.branching import BranchPythonOperator
ModuleNotFoundError: No module named 'airflow.operators.branching'
[2026-04-07T17:14:26.961+0000] {processor.py:927} WARNING - No viable dags retrieved from /opt/airflow/dags/branch.py
[2026-04-07T17:14:26.995+0000] {processor.py:208} INFO - Processing /opt/airflow/dags/branch.py took 0.054 seconds
[2026-04-07T17:15:06.972+0000] {processor.py:186} INFO - Started process (PID=13859) to work on /opt/airflow/dags/branch.py
[2026-04-07T17:15:06.973+0000] {processor.py:914} INFO - Processing file /opt/airflow/dags/branch.py for tasks to queue
[2026-04-07T17:15:06.977+0000] {logging_mixin.py:190} INFO - [2026-04-07T17:15:06.976+0000] {dagbag.py:588} INFO - Filling up the DagBag from /opt/airflow/dags/branch.py
[2026-04-07T17:15:06.983+0000] {logging_mixin.py:190} INFO - [2026-04-07T17:15:06.981+0000] {dagbag.py:387} ERROR - Failed to import: /opt/airflow/dags/branch.py
Traceback (most recent call last):
  File "/home/airflow/.local/lib/python3.12/site-packages/airflow/models/dagbag.py", line 383, in parse
    loader.exec_module(new_module)
  File "<frozen importlib._bootstrap_external>", line 999, in exec_module
  File "<frozen importlib._bootstrap>", line 488, in _call_with_frames_removed
  File "/opt/airflow/dags/branch.py", line 6, in <module>
    from airflow.operators.branching import BranchPythonOperator
ModuleNotFoundError: No module named 'airflow.operators.branching'
[2026-04-07T17:15:06.984+0000] {processor.py:927} WARNING - No viable dags retrieved from /opt/airflow/dags/branch.py
[2026-04-07T17:15:07.020+0000] {processor.py:208} INFO - Processing /opt/airflow/dags/branch.py took 0.059 seconds
[2026-04-07T17:15:42.940+0000] {processor.py:186} INFO - Started process (PID=13931) to work on /opt/airflow/dags/branch.py
[2026-04-07T17:15:42.941+0000] {processor.py:914} INFO - Processing file /opt/airflow/dags/branch.py for tasks to queue
[2026-04-07T17:15:42.944+0000] {logging_mixin.py:190} INFO - [2026-04-07T17:15:42.943+0000] {dagbag.py:588} INFO - Filling up the DagBag from /opt/airflow/dags/branch.py
[2026-04-07T17:15:42.949+0000] {logging_mixin.py:190} INFO - [2026-04-07T17:15:42.947+0000] {dagbag.py:387} ERROR - Failed to import: /opt/airflow/dags/branch.py
Traceback (most recent call last):
  File "/home/airflow/.local/lib/python3.12/site-packages/airflow/models/dagbag.py", line 383, in parse
    loader.exec_module(new_module)
  File "<frozen importlib._bootstrap_external>", line 999, in exec_module
  File "<frozen importlib._bootstrap>", line 488, in _call_with_frames_removed
  File "/opt/airflow/dags/branch.py", line 6, in <module>
    from airflow.operators.branching import BranchPythonOperator
ModuleNotFoundError: No module named 'airflow.operators.branching'
[2026-04-07T17:15:42.950+0000] {processor.py:927} WARNING - No viable dags retrieved from /opt/airflow/dags/branch.py
[2026-04-07T17:15:42.987+0000] {processor.py:208} INFO - Processing /opt/airflow/dags/branch.py took 0.056 seconds
[2026-04-07T17:16:23.962+0000] {processor.py:186} INFO - Started process (PID=14008) to work on /opt/airflow/dags/branch.py
[2026-04-07T17:16:23.963+0000] {processor.py:914} INFO - Processing file /opt/airflow/dags/branch.py for tasks to queue
[2026-04-07T17:16:23.967+0000] {logging_mixin.py:190} INFO - [2026-04-07T17:16:23.966+0000] {dagbag.py:588} INFO - Filling up the DagBag from /opt/airflow/dags/branch.py
[2026-04-07T17:16:23.973+0000] {logging_mixin.py:190} INFO - [2026-04-07T17:16:23.971+0000] {dagbag.py:387} ERROR - Failed to import: /opt/airflow/dags/branch.py
Traceback (most recent call last):
  File "/home/airflow/.local/lib/python3.12/site-packages/airflow/models/dagbag.py", line 383, in parse
    loader.exec_module(new_module)
  File "<frozen importlib._bootstrap_external>", line 999, in exec_module
  File "<frozen importlib._bootstrap>", line 488, in _call_with_frames_removed
  File "/opt/airflow/dags/branch.py", line 6, in <module>
    from airflow.operators.branching import BranchPythonOperator
ModuleNotFoundError: No module named 'airflow.operators.branching'
[2026-04-07T17:16:23.974+0000] {processor.py:927} WARNING - No viable dags retrieved from /opt/airflow/dags/branch.py
[2026-04-07T17:16:24.013+0000] {processor.py:208} INFO - Processing /opt/airflow/dags/branch.py took 0.062 seconds
[2026-04-07T17:17:02.014+0000] {processor.py:186} INFO - Started process (PID=14079) to work on /opt/airflow/dags/branch.py
[2026-04-07T17:17:02.015+0000] {processor.py:914} INFO - Processing file /opt/airflow/dags/branch.py for tasks to queue
[2026-04-07T17:17:02.019+0000] {logging_mixin.py:190} INFO - [2026-04-07T17:17:02.019+0000] {dagbag.py:588} INFO - Filling up the DagBag from /opt/airflow/dags/branch.py
[2026-04-07T17:17:02.026+0000] {logging_mixin.py:190} INFO - [2026-04-07T17:17:02.024+0000] {dagbag.py:387} ERROR - Failed to import: /opt/airflow/dags/branch.py
Traceback (most recent call last):
  File "/home/airflow/.local/lib/python3.12/site-packages/airflow/models/dagbag.py", line 383, in parse
    loader.exec_module(new_module)
  File "<frozen importlib._bootstrap_external>", line 999, in exec_module
  File "<frozen importlib._bootstrap>", line 488, in _call_with_frames_removed
  File "/opt/airflow/dags/branch.py", line 6, in <module>
    from airflow.operators.branching import BranchPythonOperator
ModuleNotFoundError: No module named 'airflow.operators.branching'
[2026-04-07T17:17:02.027+0000] {processor.py:927} WARNING - No viable dags retrieved from /opt/airflow/dags/branch.py
[2026-04-07T17:17:02.058+0000] {processor.py:208} INFO - Processing /opt/airflow/dags/branch.py took 0.057 seconds
[2026-04-07T17:17:42.958+0000] {processor.py:186} INFO - Started process (PID=14150) to work on /opt/airflow/dags/branch.py
[2026-04-07T17:17:42.960+0000] {processor.py:914} INFO - Processing file /opt/airflow/dags/branch.py for tasks to queue
[2026-04-07T17:17:42.964+0000] {logging_mixin.py:190} INFO - [2026-04-07T17:17:42.963+0000] {dagbag.py:588} INFO - Filling up the DagBag from /opt/airflow/dags/branch.py
[2026-04-07T17:17:42.970+0000] {logging_mixin.py:190} INFO - [2026-04-07T17:17:42.968+0000] {dagbag.py:387} ERROR - Failed to import: /opt/airflow/dags/branch.py
Traceback (most recent call last):
  File "/home/airflow/.local/lib/python3.12/site-packages/airflow/models/dagbag.py", line 383, in parse
    loader.exec_module(new_module)
  File "<frozen importlib._bootstrap_external>", line 999, in exec_module
  File "<frozen importlib._bootstrap>", line 488, in _call_with_frames_removed
  File "/opt/airflow/dags/branch.py", line 6, in <module>
    from airflow.operators.branching import BranchPythonOperator
ModuleNotFoundError: No module named 'airflow.operators.branching'
[2026-04-07T17:17:42.970+0000] {processor.py:927} WARNING - No viable dags retrieved from /opt/airflow/dags/branch.py
[2026-04-07T17:17:43.005+0000] {processor.py:208} INFO - Processing /opt/airflow/dags/branch.py took 0.058 seconds
[2026-04-07T17:18:23.995+0000] {processor.py:186} INFO - Started process (PID=14220) to work on /opt/airflow/dags/branch.py
[2026-04-07T17:18:23.997+0000] {processor.py:914} INFO - Processing file /opt/airflow/dags/branch.py for tasks to queue
[2026-04-07T17:18:24.000+0000] {logging_mixin.py:190} INFO - [2026-04-07T17:18:24.000+0000] {dagbag.py:588} INFO - Filling up the DagBag from /opt/airflow/dags/branch.py
[2026-04-07T17:18:24.006+0000] {logging_mixin.py:190} INFO - [2026-04-07T17:18:24.004+0000] {dagbag.py:387} ERROR - Failed to import: /opt/airflow/dags/branch.py
Traceback (most recent call last):
  File "/home/airflow/.local/lib/python3.12/site-packages/airflow/models/dagbag.py", line 383, in parse
    loader.exec_module(new_module)
  File "<frozen importlib._bootstrap_external>", line 999, in exec_module
  File "<frozen importlib._bootstrap>", line 488, in _call_with_frames_removed
  File "/opt/airflow/dags/branch.py", line 6, in <module>
    from airflow.operators.branching import BranchPythonOperator
ModuleNotFoundError: No module named 'airflow.operators.branching'
[2026-04-07T17:18:24.007+0000] {processor.py:927} WARNING - No viable dags retrieved from /opt/airflow/dags/branch.py
[2026-04-07T17:18:24.043+0000] {processor.py:208} INFO - Processing /opt/airflow/dags/branch.py took 0.059 seconds
[2026-04-07T17:19:05.062+0000] {processor.py:186} INFO - Started process (PID=14291) to work on /opt/airflow/dags/branch.py
[2026-04-07T17:19:05.063+0000] {processor.py:914} INFO - Processing file /opt/airflow/dags/branch.py for tasks to queue
[2026-04-07T17:19:05.066+0000] {logging_mixin.py:190} INFO - [2026-04-07T17:19:05.066+0000] {dagbag.py:588} INFO - Filling up the DagBag from /opt/airflow/dags/branch.py
[2026-04-07T17:19:05.072+0000] {logging_mixin.py:190} INFO - [2026-04-07T17:19:05.070+0000] {dagbag.py:387} ERROR - Failed to import: /opt/airflow/dags/branch.py
Traceback (most recent call last):
  File "/home/airflow/.local/lib/python3.12/site-packages/airflow/models/dagbag.py", line 383, in parse
    loader.exec_module(new_module)
  File "<frozen importlib._bootstrap_external>", line 999, in exec_module
  File "<frozen importlib._bootstrap>", line 488, in _call_with_frames_removed
  File "/opt/airflow/dags/branch.py", line 6, in <module>
    from airflow.operators.branching import BranchPythonOperator
ModuleNotFoundError: No module named 'airflow.operators.branching'
[2026-04-07T17:19:05.072+0000] {processor.py:927} WARNING - No viable dags retrieved from /opt/airflow/dags/branch.py
[2026-04-07T17:19:05.105+0000] {processor.py:208} INFO - Processing /opt/airflow/dags/branch.py took 0.053 seconds
[2026-04-07T17:19:50.836+0000] {processor.py:186} INFO - Started process (PID=14360) to work on /opt/airflow/dags/branch.py
[2026-04-07T17:19:50.837+0000] {processor.py:914} INFO - Processing file /opt/airflow/dags/branch.py for tasks to queue
[2026-04-07T17:19:50.841+0000] {logging_mixin.py:190} INFO - [2026-04-07T17:19:50.840+0000] {dagbag.py:588} INFO - Filling up the DagBag from /opt/airflow/dags/branch.py
[2026-04-07T17:19:50.847+0000] {logging_mixin.py:190} INFO - [2026-04-07T17:19:50.845+0000] {dagbag.py:387} ERROR - Failed to import: /opt/airflow/dags/branch.py
Traceback (most recent call last):
  File "/home/airflow/.local/lib/python3.12/site-packages/airflow/models/dagbag.py", line 383, in parse
    loader.exec_module(new_module)
  File "<frozen importlib._bootstrap_external>", line 999, in exec_module
  File "<frozen importlib._bootstrap>", line 488, in _call_with_frames_removed
  File "/opt/airflow/dags/branch.py", line 6, in <module>
    from airflow.operators.branching import BranchPythonOperator
ModuleNotFoundError: No module named 'airflow.operators.branching'
[2026-04-07T17:19:50.848+0000] {processor.py:927} WARNING - No viable dags retrieved from /opt/airflow/dags/branch.py
[2026-04-07T17:19:50.885+0000] {processor.py:208} INFO - Processing /opt/airflow/dags/branch.py took 0.060 seconds
[2026-04-07T17:20:31.947+0000] {processor.py:186} INFO - Started process (PID=14433) to work on /opt/airflow/dags/branch.py
[2026-04-07T17:20:31.948+0000] {processor.py:914} INFO - Processing file /opt/airflow/dags/branch.py for tasks to queue
[2026-04-07T17:20:31.952+0000] {logging_mixin.py:190} INFO - [2026-04-07T17:20:31.951+0000] {dagbag.py:588} INFO - Filling up the DagBag from /opt/airflow/dags/branch.py
[2026-04-07T17:20:31.957+0000] {logging_mixin.py:190} INFO - [2026-04-07T17:20:31.955+0000] {dagbag.py:387} ERROR - Failed to import: /opt/airflow/dags/branch.py
Traceback (most recent call last):
  File "/home/airflow/.local/lib/python3.12/site-packages/airflow/models/dagbag.py", line 383, in parse
    loader.exec_module(new_module)
  File "<frozen importlib._bootstrap_external>", line 999, in exec_module
  File "<frozen importlib._bootstrap>", line 488, in _call_with_frames_removed
  File "/opt/airflow/dags/branch.py", line 6, in <module>
    from airflow.operators.branching import BranchPythonOperator
ModuleNotFoundError: No module named 'airflow.operators.branching'
[2026-04-07T17:20:31.958+0000] {processor.py:927} WARNING - No viable dags retrieved from /opt/airflow/dags/branch.py
[2026-04-07T17:20:31.994+0000] {processor.py:208} INFO - Processing /opt/airflow/dags/branch.py took 0.058 seconds
[2026-04-07T17:21:08.960+0000] {processor.py:186} INFO - Started process (PID=14504) to work on /opt/airflow/dags/branch.py
[2026-04-07T17:21:08.961+0000] {processor.py:914} INFO - Processing file /opt/airflow/dags/branch.py for tasks to queue
[2026-04-07T17:21:08.965+0000] {logging_mixin.py:190} INFO - [2026-04-07T17:21:08.964+0000] {dagbag.py:588} INFO - Filling up the DagBag from /opt/airflow/dags/branch.py
[2026-04-07T17:21:08.970+0000] {logging_mixin.py:190} INFO - [2026-04-07T17:21:08.968+0000] {dagbag.py:387} ERROR - Failed to import: /opt/airflow/dags/branch.py
Traceback (most recent call last):
  File "/home/airflow/.local/lib/python3.12/site-packages/airflow/models/dagbag.py", line 383, in parse
    loader.exec_module(new_module)
  File "<frozen importlib._bootstrap_external>", line 999, in exec_module
  File "<frozen importlib._bootstrap>", line 488, in _call_with_frames_removed
  File "/opt/airflow/dags/branch.py", line 6, in <module>
    from airflow.operators.branching import BranchPythonOperator
ModuleNotFoundError: No module named 'airflow.operators.branching'
[2026-04-07T17:21:08.971+0000] {processor.py:927} WARNING - No viable dags retrieved from /opt/airflow/dags/branch.py
[2026-04-07T17:21:09.012+0000] {processor.py:208} INFO - Processing /opt/airflow/dags/branch.py took 0.062 seconds
[2026-04-07T17:21:48.993+0000] {processor.py:186} INFO - Started process (PID=14575) to work on /opt/airflow/dags/branch.py
[2026-04-07T17:21:48.994+0000] {processor.py:914} INFO - Processing file /opt/airflow/dags/branch.py for tasks to queue
[2026-04-07T17:21:48.998+0000] {logging_mixin.py:190} INFO - [2026-04-07T17:21:48.998+0000] {dagbag.py:588} INFO - Filling up the DagBag from /opt/airflow/dags/branch.py
[2026-04-07T17:21:49.004+0000] {logging_mixin.py:190} INFO - [2026-04-07T17:21:49.002+0000] {dagbag.py:387} ERROR - Failed to import: /opt/airflow/dags/branch.py
Traceback (most recent call last):
  File "/home/airflow/.local/lib/python3.12/site-packages/airflow/models/dagbag.py", line 383, in parse
    loader.exec_module(new_module)
  File "<frozen importlib._bootstrap_external>", line 999, in exec_module
  File "<frozen importlib._bootstrap>", line 488, in _call_with_frames_removed
  File "/opt/airflow/dags/branch.py", line 6, in <module>
    from airflow.operators.branching import BranchPythonOperator
ModuleNotFoundError: No module named 'airflow.operators.branching'
[2026-04-07T17:21:49.005+0000] {processor.py:927} WARNING - No viable dags retrieved from /opt/airflow/dags/branch.py
[2026-04-07T17:21:49.046+0000] {processor.py:208} INFO - Processing /opt/airflow/dags/branch.py took 0.064 seconds
[2026-04-07T17:22:36.051+0000] {processor.py:186} INFO - Started process (PID=14646) to work on /opt/airflow/dags/branch.py
[2026-04-07T17:22:36.052+0000] {processor.py:914} INFO - Processing file /opt/airflow/dags/branch.py for tasks to queue
[2026-04-07T17:22:36.056+0000] {logging_mixin.py:190} INFO - [2026-04-07T17:22:36.055+0000] {dagbag.py:588} INFO - Filling up the DagBag from /opt/airflow/dags/branch.py
[2026-04-07T17:22:36.061+0000] {logging_mixin.py:190} INFO - [2026-04-07T17:22:36.059+0000] {dagbag.py:387} ERROR - Failed to import: /opt/airflow/dags/branch.py
Traceback (most recent call last):
  File "/home/airflow/.local/lib/python3.12/site-packages/airflow/models/dagbag.py", line 383, in parse
    loader.exec_module(new_module)
  File "<frozen importlib._bootstrap_external>", line 999, in exec_module
  File "<frozen importlib._bootstrap>", line 488, in _call_with_frames_removed
  File "/opt/airflow/dags/branch.py", line 6, in <module>
    from airflow.operators.branching import BranchPythonOperator
ModuleNotFoundError: No module named 'airflow.operators.branching'
[2026-04-07T17:22:36.062+0000] {processor.py:927} WARNING - No viable dags retrieved from /opt/airflow/dags/branch.py
[2026-04-07T17:22:36.097+0000] {processor.py:208} INFO - Processing /opt/airflow/dags/branch.py took 0.059 seconds
[2026-04-07T17:23:21.846+0000] {processor.py:186} INFO - Started process (PID=14716) to work on /opt/airflow/dags/branch.py
[2026-04-07T17:23:21.847+0000] {processor.py:914} INFO - Processing file /opt/airflow/dags/branch.py for tasks to queue
[2026-04-07T17:23:21.851+0000] {logging_mixin.py:190} INFO - [2026-04-07T17:23:21.851+0000] {dagbag.py:588} INFO - Filling up the DagBag from /opt/airflow/dags/branch.py
[2026-04-07T17:23:21.858+0000] {logging_mixin.py:190} INFO - [2026-04-07T17:23:21.856+0000] {dagbag.py:387} ERROR - Failed to import: /opt/airflow/dags/branch.py
Traceback (most recent call last):
  File "/home/airflow/.local/lib/python3.12/site-packages/airflow/models/dagbag.py", line 383, in parse
    loader.exec_module(new_module)
  File "<frozen importlib._bootstrap_external>", line 999, in exec_module
  File "<frozen importlib._bootstrap>", line 488, in _call_with_frames_removed
  File "/opt/airflow/dags/branch.py", line 6, in <module>
    from airflow.operators.branching import BranchPythonOperator
ModuleNotFoundError: No module named 'airflow.operators.branching'
[2026-04-07T17:23:21.859+0000] {processor.py:927} WARNING - No viable dags retrieved from /opt/airflow/dags/branch.py
[2026-04-07T17:23:21.895+0000] {processor.py:208} INFO - Processing /opt/airflow/dags/branch.py took 0.062 seconds
[2026-04-07T17:24:03.064+0000] {processor.py:186} INFO - Started process (PID=14788) to work on /opt/airflow/dags/branch.py
[2026-04-07T17:24:03.069+0000] {processor.py:914} INFO - Processing file /opt/airflow/dags/branch.py for tasks to queue
[2026-04-07T17:24:03.073+0000] {logging_mixin.py:190} INFO - [2026-04-07T17:24:03.072+0000] {dagbag.py:588} INFO - Filling up the DagBag from /opt/airflow/dags/branch.py
[2026-04-07T17:24:03.079+0000] {logging_mixin.py:190} INFO - [2026-04-07T17:24:03.077+0000] {dagbag.py:387} ERROR - Failed to import: /opt/airflow/dags/branch.py
Traceback (most recent call last):
  File "/home/airflow/.local/lib/python3.12/site-packages/airflow/models/dagbag.py", line 383, in parse
    loader.exec_module(new_module)
  File "<frozen importlib._bootstrap_external>", line 999, in exec_module
  File "<frozen importlib._bootstrap>", line 488, in _call_with_frames_removed
  File "/opt/airflow/dags/branch.py", line 6, in <module>
    from airflow.operators.branching import BranchPythonOperator
ModuleNotFoundError: No module named 'airflow.operators.branching'
[2026-04-07T17:24:03.080+0000] {processor.py:927} WARNING - No viable dags retrieved from /opt/airflow/dags/branch.py
[2026-04-07T17:24:03.119+0000] {processor.py:208} INFO - Processing /opt/airflow/dags/branch.py took 0.069 seconds
[2026-04-07T17:24:40.020+0000] {processor.py:186} INFO - Started process (PID=14858) to work on /opt/airflow/dags/branch.py
[2026-04-07T17:24:40.022+0000] {processor.py:914} INFO - Processing file /opt/airflow/dags/branch.py for tasks to queue
[2026-04-07T17:24:40.026+0000] {logging_mixin.py:190} INFO - [2026-04-07T17:24:40.025+0000] {dagbag.py:588} INFO - Filling up the DagBag from /opt/airflow/dags/branch.py
[2026-04-07T17:24:40.031+0000] {logging_mixin.py:190} INFO - [2026-04-07T17:24:40.029+0000] {dagbag.py:387} ERROR - Failed to import: /opt/airflow/dags/branch.py
Traceback (most recent call last):
  File "/home/airflow/.local/lib/python3.12/site-packages/airflow/models/dagbag.py", line 383, in parse
    loader.exec_module(new_module)
  File "<frozen importlib._bootstrap_external>", line 999, in exec_module
  File "<frozen importlib._bootstrap>", line 488, in _call_with_frames_removed
  File "/opt/airflow/dags/branch.py", line 6, in <module>
    from airflow.operators.branching import BranchPythonOperator
ModuleNotFoundError: No module named 'airflow.operators.branching'
[2026-04-07T17:24:40.033+0000] {processor.py:927} WARNING - No viable dags retrieved from /opt/airflow/dags/branch.py
[2026-04-07T17:24:40.068+0000] {processor.py:208} INFO - Processing /opt/airflow/dags/branch.py took 0.059 seconds
[2026-04-07T17:25:20.025+0000] {processor.py:186} INFO - Started process (PID=14932) to work on /opt/airflow/dags/branch.py
[2026-04-07T17:25:20.026+0000] {processor.py:914} INFO - Processing file /opt/airflow/dags/branch.py for tasks to queue
[2026-04-07T17:25:20.030+0000] {logging_mixin.py:190} INFO - [2026-04-07T17:25:20.030+0000] {dagbag.py:588} INFO - Filling up the DagBag from /opt/airflow/dags/branch.py
[2026-04-07T17:25:20.036+0000] {logging_mixin.py:190} INFO - [2026-04-07T17:25:20.034+0000] {dagbag.py:387} ERROR - Failed to import: /opt/airflow/dags/branch.py
Traceback (most recent call last):
  File "/home/airflow/.local/lib/python3.12/site-packages/airflow/models/dagbag.py", line 383, in parse
    loader.exec_module(new_module)
  File "<frozen importlib._bootstrap_external>", line 999, in exec_module
  File "<frozen importlib._bootstrap>", line 488, in _call_with_frames_removed
  File "/opt/airflow/dags/branch.py", line 6, in <module>
    from airflow.operators.branching import BranchPythonOperator
ModuleNotFoundError: No module named 'airflow.operators.branching'
[2026-04-07T17:25:20.037+0000] {processor.py:927} WARNING - No viable dags retrieved from /opt/airflow/dags/branch.py
[2026-04-07T17:25:20.083+0000] {processor.py:208} INFO - Processing /opt/airflow/dags/branch.py took 0.072 seconds
[2026-04-07T17:26:00.968+0000] {processor.py:186} INFO - Started process (PID=15003) to work on /opt/airflow/dags/branch.py
[2026-04-07T17:26:00.970+0000] {processor.py:914} INFO - Processing file /opt/airflow/dags/branch.py for tasks to queue
[2026-04-07T17:26:00.974+0000] {logging_mixin.py:190} INFO - [2026-04-07T17:26:00.973+0000] {dagbag.py:588} INFO - Filling up the DagBag from /opt/airflow/dags/branch.py
[2026-04-07T17:26:00.979+0000] {logging_mixin.py:190} INFO - [2026-04-07T17:26:00.978+0000] {dagbag.py:387} ERROR - Failed to import: /opt/airflow/dags/branch.py
Traceback (most recent call last):
  File "/home/airflow/.local/lib/python3.12/site-packages/airflow/models/dagbag.py", line 383, in parse
    loader.exec_module(new_module)
  File "<frozen importlib._bootstrap_external>", line 999, in exec_module
  File "<frozen importlib._bootstrap>", line 488, in _call_with_frames_removed
  File "/opt/airflow/dags/branch.py", line 6, in <module>
    from airflow.operators.branching import BranchPythonOperator
ModuleNotFoundError: No module named 'airflow.operators.branching'
[2026-04-07T17:26:00.980+0000] {processor.py:927} WARNING - No viable dags retrieved from /opt/airflow/dags/branch.py
[2026-04-07T17:26:01.019+0000] {processor.py:208} INFO - Processing /opt/airflow/dags/branch.py took 0.063 seconds
[2026-04-07T17:26:42.072+0000] {processor.py:186} INFO - Started process (PID=15074) to work on /opt/airflow/dags/branch.py
[2026-04-07T17:26:42.073+0000] {processor.py:914} INFO - Processing file /opt/airflow/dags/branch.py for tasks to queue
[2026-04-07T17:26:42.077+0000] {logging_mixin.py:190} INFO - [2026-04-07T17:26:42.076+0000] {dagbag.py:588} INFO - Filling up the DagBag from /opt/airflow/dags/branch.py
[2026-04-07T17:26:42.082+0000] {logging_mixin.py:190} INFO - [2026-04-07T17:26:42.080+0000] {dagbag.py:387} ERROR - Failed to import: /opt/airflow/dags/branch.py
Traceback (most recent call last):
  File "/home/airflow/.local/lib/python3.12/site-packages/airflow/models/dagbag.py", line 383, in parse
    loader.exec_module(new_module)
  File "<frozen importlib._bootstrap_external>", line 999, in exec_module
  File "<frozen importlib._bootstrap>", line 488, in _call_with_frames_removed
  File "/opt/airflow/dags/branch.py", line 6, in <module>
    from airflow.operators.branching import BranchPythonOperator
ModuleNotFoundError: No module named 'airflow.operators.branching'
[2026-04-07T17:26:42.083+0000] {processor.py:927} WARNING - No viable dags retrieved from /opt/airflow/dags/branch.py
[2026-04-07T17:26:42.118+0000] {processor.py:208} INFO - Processing /opt/airflow/dags/branch.py took 0.056 seconds
[2026-04-07T17:27:22.791+0000] {processor.py:186} INFO - Started process (PID=15143) to work on /opt/airflow/dags/branch.py
[2026-04-07T17:27:22.792+0000] {processor.py:914} INFO - Processing file /opt/airflow/dags/branch.py for tasks to queue
[2026-04-07T17:27:22.796+0000] {logging_mixin.py:190} INFO - [2026-04-07T17:27:22.795+0000] {dagbag.py:588} INFO - Filling up the DagBag from /opt/airflow/dags/branch.py
[2026-04-07T17:27:22.802+0000] {logging_mixin.py:190} INFO - [2026-04-07T17:27:22.800+0000] {dagbag.py:387} ERROR - Failed to import: /opt/airflow/dags/branch.py
Traceback (most recent call last):
  File "/home/airflow/.local/lib/python3.12/site-packages/airflow/models/dagbag.py", line 383, in parse
    loader.exec_module(new_module)
  File "<frozen importlib._bootstrap_external>", line 999, in exec_module
  File "<frozen importlib._bootstrap>", line 488, in _call_with_frames_removed
  File "/opt/airflow/dags/branch.py", line 6, in <module>
    from airflow.operators.branching import BranchPythonOperator
ModuleNotFoundError: No module named 'airflow.operators.branching'
[2026-04-07T17:27:22.803+0000] {processor.py:927} WARNING - No viable dags retrieved from /opt/airflow/dags/branch.py
[2026-04-07T17:27:22.843+0000] {processor.py:208} INFO - Processing /opt/airflow/dags/branch.py took 0.062 seconds
[2026-04-07T17:28:04.994+0000] {processor.py:186} INFO - Started process (PID=15217) to work on /opt/airflow/dags/branch.py
[2026-04-07T17:28:04.995+0000] {processor.py:914} INFO - Processing file /opt/airflow/dags/branch.py for tasks to queue
[2026-04-07T17:28:04.999+0000] {logging_mixin.py:190} INFO - [2026-04-07T17:28:04.998+0000] {dagbag.py:588} INFO - Filling up the DagBag from /opt/airflow/dags/branch.py
[2026-04-07T17:28:05.007+0000] {logging_mixin.py:190} INFO - [2026-04-07T17:28:05.004+0000] {dagbag.py:387} ERROR - Failed to import: /opt/airflow/dags/branch.py
Traceback (most recent call last):
  File "/home/airflow/.local/lib/python3.12/site-packages/airflow/models/dagbag.py", line 383, in parse
    loader.exec_module(new_module)
  File "<frozen importlib._bootstrap_external>", line 999, in exec_module
  File "<frozen importlib._bootstrap>", line 488, in _call_with_frames_removed
  File "/opt/airflow/dags/branch.py", line 6, in <module>
    from airflow.operators.branching import BranchPythonOperator
ModuleNotFoundError: No module named 'airflow.operators.branching'
[2026-04-07T17:28:05.008+0000] {processor.py:927} WARNING - No viable dags retrieved from /opt/airflow/dags/branch.py
[2026-04-07T17:28:05.039+0000] {processor.py:208} INFO - Processing /opt/airflow/dags/branch.py took 0.058 seconds
[2026-04-07T17:28:45.995+0000] {processor.py:186} INFO - Started process (PID=15288) to work on /opt/airflow/dags/branch.py
[2026-04-07T17:28:45.996+0000] {processor.py:914} INFO - Processing file /opt/airflow/dags/branch.py for tasks to queue
[2026-04-07T17:28:46.000+0000] {logging_mixin.py:190} INFO - [2026-04-07T17:28:46.000+0000] {dagbag.py:588} INFO - Filling up the DagBag from /opt/airflow/dags/branch.py
[2026-04-07T17:28:46.006+0000] {logging_mixin.py:190} INFO - [2026-04-07T17:28:46.004+0000] {dagbag.py:387} ERROR - Failed to import: /opt/airflow/dags/branch.py
Traceback (most recent call last):
  File "/home/airflow/.local/lib/python3.12/site-packages/airflow/models/dagbag.py", line 383, in parse
    loader.exec_module(new_module)
  File "<frozen importlib._bootstrap_external>", line 999, in exec_module
  File "<frozen importlib._bootstrap>", line 488, in _call_with_frames_removed
  File "/opt/airflow/dags/branch.py", line 6, in <module>
    from airflow.operators.branching import BranchPythonOperator
ModuleNotFoundError: No module named 'airflow.operators.branching'
[2026-04-07T17:28:46.007+0000] {processor.py:927} WARNING - No viable dags retrieved from /opt/airflow/dags/branch.py
[2026-04-07T17:28:46.048+0000] {processor.py:208} INFO - Processing /opt/airflow/dags/branch.py took 0.063 seconds
[2026-04-07T17:29:27.102+0000] {processor.py:186} INFO - Started process (PID=15358) to work on /opt/airflow/dags/branch.py
[2026-04-07T17:29:27.104+0000] {processor.py:914} INFO - Processing file /opt/airflow/dags/branch.py for tasks to queue
[2026-04-07T17:29:27.108+0000] {logging_mixin.py:190} INFO - [2026-04-07T17:29:27.107+0000] {dagbag.py:588} INFO - Filling up the DagBag from /opt/airflow/dags/branch.py
[2026-04-07T17:29:27.113+0000] {logging_mixin.py:190} INFO - [2026-04-07T17:29:27.111+0000] {dagbag.py:387} ERROR - Failed to import: /opt/airflow/dags/branch.py
Traceback (most recent call last):
  File "/home/airflow/.local/lib/python3.12/site-packages/airflow/models/dagbag.py", line 383, in parse
    loader.exec_module(new_module)
  File "<frozen importlib._bootstrap_external>", line 999, in exec_module
  File "<frozen importlib._bootstrap>", line 488, in _call_with_frames_removed
  File "/opt/airflow/dags/branch.py", line 6, in <module>
    from airflow.operators.branching import BranchPythonOperator
ModuleNotFoundError: No module named 'airflow.operators.branching'
[2026-04-07T17:29:27.113+0000] {processor.py:927} WARNING - No viable dags retrieved from /opt/airflow/dags/branch.py
[2026-04-07T17:29:27.147+0000] {processor.py:208} INFO - Processing /opt/airflow/dags/branch.py took 0.056 seconds
[2026-04-07T17:30:12.961+0000] {processor.py:186} INFO - Started process (PID=15429) to work on /opt/airflow/dags/branch.py
[2026-04-07T17:30:12.963+0000] {processor.py:914} INFO - Processing file /opt/airflow/dags/branch.py for tasks to queue
[2026-04-07T17:30:12.966+0000] {logging_mixin.py:190} INFO - [2026-04-07T17:30:12.966+0000] {dagbag.py:588} INFO - Filling up the DagBag from /opt/airflow/dags/branch.py
[2026-04-07T17:30:12.972+0000] {logging_mixin.py:190} INFO - [2026-04-07T17:30:12.970+0000] {dagbag.py:387} ERROR - Failed to import: /opt/airflow/dags/branch.py
Traceback (most recent call last):
  File "/home/airflow/.local/lib/python3.12/site-packages/airflow/models/dagbag.py", line 383, in parse
    loader.exec_module(new_module)
  File "<frozen importlib._bootstrap_external>", line 999, in exec_module
  File "<frozen importlib._bootstrap>", line 488, in _call_with_frames_removed
  File "/opt/airflow/dags/branch.py", line 6, in <module>
    from airflow.operators.branching import BranchPythonOperator
ModuleNotFoundError: No module named 'airflow.operators.branching'
[2026-04-07T17:30:12.973+0000] {processor.py:927} WARNING - No viable dags retrieved from /opt/airflow/dags/branch.py
[2026-04-07T17:30:13.010+0000] {processor.py:208} INFO - Processing /opt/airflow/dags/branch.py took 0.063 seconds
[2026-04-07T17:30:53.983+0000] {processor.py:186} INFO - Started process (PID=15500) to work on /opt/airflow/dags/branch.py
[2026-04-07T17:30:53.984+0000] {processor.py:914} INFO - Processing file /opt/airflow/dags/branch.py for tasks to queue
[2026-04-07T17:30:53.988+0000] {logging_mixin.py:190} INFO - [2026-04-07T17:30:53.987+0000] {dagbag.py:588} INFO - Filling up the DagBag from /opt/airflow/dags/branch.py
[2026-04-07T17:30:53.993+0000] {logging_mixin.py:190} INFO - [2026-04-07T17:30:53.991+0000] {dagbag.py:387} ERROR - Failed to import: /opt/airflow/dags/branch.py
Traceback (most recent call last):
  File "/home/airflow/.local/lib/python3.12/site-packages/airflow/models/dagbag.py", line 383, in parse
    loader.exec_module(new_module)
  File "<frozen importlib._bootstrap_external>", line 999, in exec_module
  File "<frozen importlib._bootstrap>", line 488, in _call_with_frames_removed
  File "/opt/airflow/dags/branch.py", line 6, in <module>
    from airflow.operators.branching import BranchPythonOperator
ModuleNotFoundError: No module named 'airflow.operators.branching'
[2026-04-07T17:30:53.994+0000] {processor.py:927} WARNING - No viable dags retrieved from /opt/airflow/dags/branch.py
[2026-04-07T17:30:54.028+0000] {processor.py:208} INFO - Processing /opt/airflow/dags/branch.py took 0.055 seconds
[2026-04-07T17:31:34.980+0000] {processor.py:186} INFO - Started process (PID=15571) to work on /opt/airflow/dags/branch.py
[2026-04-07T17:31:34.982+0000] {processor.py:914} INFO - Processing file /opt/airflow/dags/branch.py for tasks to queue
[2026-04-07T17:31:34.986+0000] {logging_mixin.py:190} INFO - [2026-04-07T17:31:34.985+0000] {dagbag.py:588} INFO - Filling up the DagBag from /opt/airflow/dags/branch.py
[2026-04-07T17:31:34.991+0000] {logging_mixin.py:190} INFO - [2026-04-07T17:31:34.989+0000] {dagbag.py:387} ERROR - Failed to import: /opt/airflow/dags/branch.py
Traceback (most recent call last):
  File "/home/airflow/.local/lib/python3.12/site-packages/airflow/models/dagbag.py", line 383, in parse
    loader.exec_module(new_module)
  File "<frozen importlib._bootstrap_external>", line 999, in exec_module
  File "<frozen importlib._bootstrap>", line 488, in _call_with_frames_removed
  File "/opt/airflow/dags/branch.py", line 6, in <module>
    from airflow.operators.branching import BranchPythonOperator
ModuleNotFoundError: No module named 'airflow.operators.branching'
[2026-04-07T17:31:34.992+0000] {processor.py:927} WARNING - No viable dags retrieved from /opt/airflow/dags/branch.py
[2026-04-07T17:31:35.027+0000] {processor.py:208} INFO - Processing /opt/airflow/dags/branch.py took 0.058 seconds
[2026-04-07T17:32:17.005+0000] {processor.py:186} INFO - Started process (PID=15642) to work on /opt/airflow/dags/branch.py
[2026-04-07T17:32:17.007+0000] {processor.py:914} INFO - Processing file /opt/airflow/dags/branch.py for tasks to queue
[2026-04-07T17:32:17.010+0000] {logging_mixin.py:190} INFO - [2026-04-07T17:32:17.010+0000] {dagbag.py:588} INFO - Filling up the DagBag from /opt/airflow/dags/branch.py
[2026-04-07T17:32:17.016+0000] {logging_mixin.py:190} INFO - [2026-04-07T17:32:17.014+0000] {dagbag.py:387} ERROR - Failed to import: /opt/airflow/dags/branch.py
Traceback (most recent call last):
  File "/home/airflow/.local/lib/python3.12/site-packages/airflow/models/dagbag.py", line 383, in parse
    loader.exec_module(new_module)
  File "<frozen importlib._bootstrap_external>", line 999, in exec_module
  File "<frozen importlib._bootstrap>", line 488, in _call_with_frames_removed
  File "/opt/airflow/dags/branch.py", line 6, in <module>
    from airflow.operators.branching import BranchPythonOperator
ModuleNotFoundError: No module named 'airflow.operators.branching'
[2026-04-07T17:32:17.017+0000] {processor.py:927} WARNING - No viable dags retrieved from /opt/airflow/dags/branch.py
[2026-04-07T17:32:17.063+0000] {processor.py:208} INFO - Processing /opt/airflow/dags/branch.py took 0.072 seconds
[2026-04-07T17:32:58.085+0000] {processor.py:186} INFO - Started process (PID=15714) to work on /opt/airflow/dags/branch.py
[2026-04-07T17:32:58.086+0000] {processor.py:914} INFO - Processing file /opt/airflow/dags/branch.py for tasks to queue
[2026-04-07T17:32:58.090+0000] {logging_mixin.py:190} INFO - [2026-04-07T17:32:58.090+0000] {dagbag.py:588} INFO - Filling up the DagBag from /opt/airflow/dags/branch.py
[2026-04-07T17:32:58.097+0000] {logging_mixin.py:190} INFO - [2026-04-07T17:32:58.094+0000] {dagbag.py:387} ERROR - Failed to import: /opt/airflow/dags/branch.py
Traceback (most recent call last):
  File "/home/airflow/.local/lib/python3.12/site-packages/airflow/models/dagbag.py", line 383, in parse
    loader.exec_module(new_module)
  File "<frozen importlib._bootstrap_external>", line 999, in exec_module
  File "<frozen importlib._bootstrap>", line 488, in _call_with_frames_removed
  File "/opt/airflow/dags/branch.py", line 6, in <module>
    from airflow.operators.branching import BranchPythonOperator
ModuleNotFoundError: No module named 'airflow.operators.branching'
[2026-04-07T17:32:58.098+0000] {processor.py:927} WARNING - No viable dags retrieved from /opt/airflow/dags/branch.py
[2026-04-07T17:32:58.137+0000] {processor.py:208} INFO - Processing /opt/airflow/dags/branch.py took 0.063 seconds
[2026-04-07T17:33:38.979+0000] {processor.py:186} INFO - Started process (PID=15785) to work on /opt/airflow/dags/branch.py
[2026-04-07T17:33:38.981+0000] {processor.py:914} INFO - Processing file /opt/airflow/dags/branch.py for tasks to queue
[2026-04-07T17:33:38.984+0000] {logging_mixin.py:190} INFO - [2026-04-07T17:33:38.984+0000] {dagbag.py:588} INFO - Filling up the DagBag from /opt/airflow/dags/branch.py
[2026-04-07T17:33:38.990+0000] {logging_mixin.py:190} INFO - [2026-04-07T17:33:38.988+0000] {dagbag.py:387} ERROR - Failed to import: /opt/airflow/dags/branch.py
Traceback (most recent call last):
  File "/home/airflow/.local/lib/python3.12/site-packages/airflow/models/dagbag.py", line 383, in parse
    loader.exec_module(new_module)
  File "<frozen importlib._bootstrap_external>", line 999, in exec_module
  File "<frozen importlib._bootstrap>", line 488, in _call_with_frames_removed
  File "/opt/airflow/dags/branch.py", line 6, in <module>
    from airflow.operators.branching import BranchPythonOperator
ModuleNotFoundError: No module named 'airflow.operators.branching'
[2026-04-07T17:33:38.990+0000] {processor.py:927} WARNING - No viable dags retrieved from /opt/airflow/dags/branch.py
[2026-04-07T17:33:39.023+0000] {processor.py:208} INFO - Processing /opt/airflow/dags/branch.py took 0.054 seconds
[2026-04-07T17:34:20.077+0000] {processor.py:186} INFO - Started process (PID=15854) to work on /opt/airflow/dags/branch.py
[2026-04-07T17:34:20.078+0000] {processor.py:914} INFO - Processing file /opt/airflow/dags/branch.py for tasks to queue
[2026-04-07T17:34:20.082+0000] {logging_mixin.py:190} INFO - [2026-04-07T17:34:20.081+0000] {dagbag.py:588} INFO - Filling up the DagBag from /opt/airflow/dags/branch.py
[2026-04-07T17:34:20.088+0000] {logging_mixin.py:190} INFO - [2026-04-07T17:34:20.086+0000] {dagbag.py:387} ERROR - Failed to import: /opt/airflow/dags/branch.py
Traceback (most recent call last):
  File "/home/airflow/.local/lib/python3.12/site-packages/airflow/models/dagbag.py", line 383, in parse
    loader.exec_module(new_module)
  File "<frozen importlib._bootstrap_external>", line 999, in exec_module
  File "<frozen importlib._bootstrap>", line 488, in _call_with_frames_removed
  File "/opt/airflow/dags/branch.py", line 6, in <module>
    from airflow.operators.branching import BranchPythonOperator
ModuleNotFoundError: No module named 'airflow.operators.branching'
[2026-04-07T17:34:20.089+0000] {processor.py:927} WARNING - No viable dags retrieved from /opt/airflow/dags/branch.py
[2026-04-07T17:34:20.126+0000] {processor.py:208} INFO - Processing /opt/airflow/dags/branch.py took 0.060 seconds
[2026-04-07T17:35:00.967+0000] {processor.py:186} INFO - Started process (PID=15927) to work on /opt/airflow/dags/branch.py
[2026-04-07T17:35:00.968+0000] {processor.py:914} INFO - Processing file /opt/airflow/dags/branch.py for tasks to queue
[2026-04-07T17:35:00.971+0000] {logging_mixin.py:190} INFO - [2026-04-07T17:35:00.971+0000] {dagbag.py:588} INFO - Filling up the DagBag from /opt/airflow/dags/branch.py
[2026-04-07T17:35:00.976+0000] {logging_mixin.py:190} INFO - [2026-04-07T17:35:00.974+0000] {dagbag.py:387} ERROR - Failed to import: /opt/airflow/dags/branch.py
Traceback (most recent call last):
  File "/home/airflow/.local/lib/python3.12/site-packages/airflow/models/dagbag.py", line 383, in parse
    loader.exec_module(new_module)
  File "<frozen importlib._bootstrap_external>", line 999, in exec_module
  File "<frozen importlib._bootstrap>", line 488, in _call_with_frames_removed
  File "/opt/airflow/dags/branch.py", line 6, in <module>
    from airflow.operators.branching import BranchPythonOperator
ModuleNotFoundError: No module named 'airflow.operators.branching'
[2026-04-07T17:35:00.977+0000] {processor.py:927} WARNING - No viable dags retrieved from /opt/airflow/dags/branch.py
[2026-04-07T17:35:01.011+0000] {processor.py:208} INFO - Processing /opt/airflow/dags/branch.py took 0.055 seconds
[2026-04-07T17:35:41.995+0000] {processor.py:186} INFO - Started process (PID=15998) to work on /opt/airflow/dags/branch.py
[2026-04-07T17:35:41.997+0000] {processor.py:914} INFO - Processing file /opt/airflow/dags/branch.py for tasks to queue
[2026-04-07T17:35:42.001+0000] {logging_mixin.py:190} INFO - [2026-04-07T17:35:42.000+0000] {dagbag.py:588} INFO - Filling up the DagBag from /opt/airflow/dags/branch.py
[2026-04-07T17:35:42.007+0000] {logging_mixin.py:190} INFO - [2026-04-07T17:35:42.005+0000] {dagbag.py:387} ERROR - Failed to import: /opt/airflow/dags/branch.py
Traceback (most recent call last):
  File "/home/airflow/.local/lib/python3.12/site-packages/airflow/models/dagbag.py", line 383, in parse
    loader.exec_module(new_module)
  File "<frozen importlib._bootstrap_external>", line 999, in exec_module
  File "<frozen importlib._bootstrap>", line 488, in _call_with_frames_removed
  File "/opt/airflow/dags/branch.py", line 6, in <module>
    from airflow.operators.branching import BranchPythonOperator
ModuleNotFoundError: No module named 'airflow.operators.branching'
[2026-04-07T17:35:42.007+0000] {processor.py:927} WARNING - No viable dags retrieved from /opt/airflow/dags/branch.py
[2026-04-07T17:35:42.046+0000] {processor.py:208} INFO - Processing /opt/airflow/dags/branch.py took 0.065 seconds
[2026-04-07T17:36:22.999+0000] {processor.py:186} INFO - Started process (PID=16070) to work on /opt/airflow/dags/branch.py
[2026-04-07T17:36:23.000+0000] {processor.py:914} INFO - Processing file /opt/airflow/dags/branch.py for tasks to queue
[2026-04-07T17:36:23.003+0000] {logging_mixin.py:190} INFO - [2026-04-07T17:36:23.003+0000] {dagbag.py:588} INFO - Filling up the DagBag from /opt/airflow/dags/branch.py
[2026-04-07T17:36:23.009+0000] {logging_mixin.py:190} INFO - [2026-04-07T17:36:23.007+0000] {dagbag.py:387} ERROR - Failed to import: /opt/airflow/dags/branch.py
Traceback (most recent call last):
  File "/home/airflow/.local/lib/python3.12/site-packages/airflow/models/dagbag.py", line 383, in parse
    loader.exec_module(new_module)
  File "<frozen importlib._bootstrap_external>", line 999, in exec_module
  File "<frozen importlib._bootstrap>", line 488, in _call_with_frames_removed
  File "/opt/airflow/dags/branch.py", line 6, in <module>
    from airflow.operators.branching import BranchPythonOperator
ModuleNotFoundError: No module named 'airflow.operators.branching'
[2026-04-07T17:36:23.010+0000] {processor.py:927} WARNING - No viable dags retrieved from /opt/airflow/dags/branch.py
[2026-04-07T17:36:23.047+0000] {processor.py:208} INFO - Processing /opt/airflow/dags/branch.py took 0.057 seconds
[2026-04-07T17:36:59.819+0000] {processor.py:186} INFO - Started process (PID=16140) to work on /opt/airflow/dags/branch.py
[2026-04-07T17:36:59.821+0000] {processor.py:914} INFO - Processing file /opt/airflow/dags/branch.py for tasks to queue
[2026-04-07T17:36:59.825+0000] {logging_mixin.py:190} INFO - [2026-04-07T17:36:59.825+0000] {dagbag.py:588} INFO - Filling up the DagBag from /opt/airflow/dags/branch.py
[2026-04-07T17:36:59.832+0000] {logging_mixin.py:190} INFO - [2026-04-07T17:36:59.830+0000] {dagbag.py:387} ERROR - Failed to import: /opt/airflow/dags/branch.py
Traceback (most recent call last):
  File "/home/airflow/.local/lib/python3.12/site-packages/airflow/models/dagbag.py", line 383, in parse
    loader.exec_module(new_module)
  File "<frozen importlib._bootstrap_external>", line 999, in exec_module
  File "<frozen importlib._bootstrap>", line 488, in _call_with_frames_removed
  File "/opt/airflow/dags/branch.py", line 6, in <module>
    from airflow.operators.branching import BranchPythonOperator
ModuleNotFoundError: No module named 'airflow.operators.branching'
[2026-04-07T17:36:59.833+0000] {processor.py:927} WARNING - No viable dags retrieved from /opt/airflow/dags/branch.py
[2026-04-07T17:36:59.869+0000] {processor.py:208} INFO - Processing /opt/airflow/dags/branch.py took 0.063 seconds
[2026-04-07T17:37:45.985+0000] {processor.py:186} INFO - Started process (PID=16213) to work on /opt/airflow/dags/branch.py
[2026-04-07T17:37:45.987+0000] {processor.py:914} INFO - Processing file /opt/airflow/dags/branch.py for tasks to queue
[2026-04-07T17:37:45.990+0000] {logging_mixin.py:190} INFO - [2026-04-07T17:37:45.990+0000] {dagbag.py:588} INFO - Filling up the DagBag from /opt/airflow/dags/branch.py
[2026-04-07T17:37:45.996+0000] {logging_mixin.py:190} INFO - [2026-04-07T17:37:45.994+0000] {dagbag.py:387} ERROR - Failed to import: /opt/airflow/dags/branch.py
Traceback (most recent call last):
  File "/home/airflow/.local/lib/python3.12/site-packages/airflow/models/dagbag.py", line 383, in parse
    loader.exec_module(new_module)
  File "<frozen importlib._bootstrap_external>", line 999, in exec_module
  File "<frozen importlib._bootstrap>", line 488, in _call_with_frames_removed
  File "/opt/airflow/dags/branch.py", line 6, in <module>
    from airflow.operators.branching import BranchPythonOperator
ModuleNotFoundError: No module named 'airflow.operators.branching'
[2026-04-07T17:37:45.997+0000] {processor.py:927} WARNING - No viable dags retrieved from /opt/airflow/dags/branch.py
[2026-04-07T17:37:46.034+0000] {processor.py:208} INFO - Processing /opt/airflow/dags/branch.py took 0.059 seconds
[2026-04-07T17:38:26.988+0000] {processor.py:186} INFO - Started process (PID=16282) to work on /opt/airflow/dags/branch.py
[2026-04-07T17:38:26.989+0000] {processor.py:914} INFO - Processing file /opt/airflow/dags/branch.py for tasks to queue
[2026-04-07T17:38:26.993+0000] {logging_mixin.py:190} INFO - [2026-04-07T17:38:26.992+0000] {dagbag.py:588} INFO - Filling up the DagBag from /opt/airflow/dags/branch.py
[2026-04-07T17:38:27.000+0000] {logging_mixin.py:190} INFO - [2026-04-07T17:38:26.997+0000] {dagbag.py:387} ERROR - Failed to import: /opt/airflow/dags/branch.py
Traceback (most recent call last):
  File "/home/airflow/.local/lib/python3.12/site-packages/airflow/models/dagbag.py", line 383, in parse
    loader.exec_module(new_module)
  File "<frozen importlib._bootstrap_external>", line 999, in exec_module
  File "<frozen importlib._bootstrap>", line 488, in _call_with_frames_removed
  File "/opt/airflow/dags/branch.py", line 6, in <module>
    from airflow.operators.branching import BranchPythonOperator
ModuleNotFoundError: No module named 'airflow.operators.branching'
[2026-04-07T17:38:27.001+0000] {processor.py:927} WARNING - No viable dags retrieved from /opt/airflow/dags/branch.py
[2026-04-07T17:38:27.036+0000] {processor.py:208} INFO - Processing /opt/airflow/dags/branch.py took 0.061 seconds
[2026-04-07T17:39:09.000+0000] {processor.py:186} INFO - Started process (PID=16355) to work on /opt/airflow/dags/branch.py
[2026-04-07T17:39:09.001+0000] {processor.py:914} INFO - Processing file /opt/airflow/dags/branch.py for tasks to queue
[2026-04-07T17:39:09.006+0000] {logging_mixin.py:190} INFO - [2026-04-07T17:39:09.005+0000] {dagbag.py:588} INFO - Filling up the DagBag from /opt/airflow/dags/branch.py
[2026-04-07T17:39:09.012+0000] {logging_mixin.py:190} INFO - [2026-04-07T17:39:09.010+0000] {dagbag.py:387} ERROR - Failed to import: /opt/airflow/dags/branch.py
Traceback (most recent call last):
  File "/home/airflow/.local/lib/python3.12/site-packages/airflow/models/dagbag.py", line 383, in parse
    loader.exec_module(new_module)
  File "<frozen importlib._bootstrap_external>", line 999, in exec_module
  File "<frozen importlib._bootstrap>", line 488, in _call_with_frames_removed
  File "/opt/airflow/dags/branch.py", line 6, in <module>
    from airflow.operators.branching import BranchPythonOperator
ModuleNotFoundError: No module named 'airflow.operators.branching'
[2026-04-07T17:39:09.013+0000] {processor.py:927} WARNING - No viable dags retrieved from /opt/airflow/dags/branch.py
[2026-04-07T17:39:09.046+0000] {processor.py:208} INFO - Processing /opt/airflow/dags/branch.py took 0.056 seconds
[2026-04-07T17:39:55.047+0000] {processor.py:186} INFO - Started process (PID=16424) to work on /opt/airflow/dags/branch.py
[2026-04-07T17:39:55.049+0000] {processor.py:914} INFO - Processing file /opt/airflow/dags/branch.py for tasks to queue
[2026-04-07T17:39:55.054+0000] {logging_mixin.py:190} INFO - [2026-04-07T17:39:55.053+0000] {dagbag.py:588} INFO - Filling up the DagBag from /opt/airflow/dags/branch.py
[2026-04-07T17:39:55.061+0000] {logging_mixin.py:190} INFO - [2026-04-07T17:39:55.058+0000] {dagbag.py:387} ERROR - Failed to import: /opt/airflow/dags/branch.py
Traceback (most recent call last):
  File "/home/airflow/.local/lib/python3.12/site-packages/airflow/models/dagbag.py", line 383, in parse
    loader.exec_module(new_module)
  File "<frozen importlib._bootstrap_external>", line 999, in exec_module
  File "<frozen importlib._bootstrap>", line 488, in _call_with_frames_removed
  File "/opt/airflow/dags/branch.py", line 6, in <module>
    from airflow.operators.branching import BranchPythonOperator
ModuleNotFoundError: No module named 'airflow.operators.branching'
[2026-04-07T17:39:55.062+0000] {processor.py:927} WARNING - No viable dags retrieved from /opt/airflow/dags/branch.py
[2026-04-07T17:39:55.102+0000] {processor.py:208} INFO - Processing /opt/airflow/dags/branch.py took 0.067 seconds
[2026-04-07T17:40:36.067+0000] {processor.py:186} INFO - Started process (PID=16497) to work on /opt/airflow/dags/branch.py
[2026-04-07T17:40:36.069+0000] {processor.py:914} INFO - Processing file /opt/airflow/dags/branch.py for tasks to queue
[2026-04-07T17:40:36.073+0000] {logging_mixin.py:190} INFO - [2026-04-07T17:40:36.072+0000] {dagbag.py:588} INFO - Filling up the DagBag from /opt/airflow/dags/branch.py
[2026-04-07T17:40:36.079+0000] {logging_mixin.py:190} INFO - [2026-04-07T17:40:36.077+0000] {dagbag.py:387} ERROR - Failed to import: /opt/airflow/dags/branch.py
Traceback (most recent call last):
  File "/home/airflow/.local/lib/python3.12/site-packages/airflow/models/dagbag.py", line 383, in parse
    loader.exec_module(new_module)
  File "<frozen importlib._bootstrap_external>", line 999, in exec_module
  File "<frozen importlib._bootstrap>", line 488, in _call_with_frames_removed
  File "/opt/airflow/dags/branch.py", line 6, in <module>
    from airflow.operators.branching import BranchPythonOperator
ModuleNotFoundError: No module named 'airflow.operators.branching'
[2026-04-07T17:40:36.080+0000] {processor.py:927} WARNING - No viable dags retrieved from /opt/airflow/dags/branch.py
[2026-04-07T17:40:36.113+0000] {processor.py:208} INFO - Processing /opt/airflow/dags/branch.py took 0.057 seconds
[2026-04-07T17:41:16.820+0000] {processor.py:186} INFO - Started process (PID=16566) to work on /opt/airflow/dags/branch.py
[2026-04-07T17:41:16.821+0000] {processor.py:914} INFO - Processing file /opt/airflow/dags/branch.py for tasks to queue
[2026-04-07T17:41:16.826+0000] {logging_mixin.py:190} INFO - [2026-04-07T17:41:16.825+0000] {dagbag.py:588} INFO - Filling up the DagBag from /opt/airflow/dags/branch.py
[2026-04-07T17:41:16.833+0000] {logging_mixin.py:190} INFO - [2026-04-07T17:41:16.831+0000] {dagbag.py:387} ERROR - Failed to import: /opt/airflow/dags/branch.py
Traceback (most recent call last):
  File "/home/airflow/.local/lib/python3.12/site-packages/airflow/models/dagbag.py", line 383, in parse
    loader.exec_module(new_module)
  File "<frozen importlib._bootstrap_external>", line 999, in exec_module
  File "<frozen importlib._bootstrap>", line 488, in _call_with_frames_removed
  File "/opt/airflow/dags/branch.py", line 6, in <module>
    from airflow.operators.branching import BranchPythonOperator
ModuleNotFoundError: No module named 'airflow.operators.branching'
[2026-04-07T17:41:16.834+0000] {processor.py:927} WARNING - No viable dags retrieved from /opt/airflow/dags/branch.py
[2026-04-07T17:41:16.874+0000] {processor.py:208} INFO - Processing /opt/airflow/dags/branch.py took 0.066 seconds
[2026-04-07T17:41:58.031+0000] {processor.py:186} INFO - Started process (PID=16639) to work on /opt/airflow/dags/branch.py
[2026-04-07T17:41:58.032+0000] {processor.py:914} INFO - Processing file /opt/airflow/dags/branch.py for tasks to queue
[2026-04-07T17:41:58.037+0000] {logging_mixin.py:190} INFO - [2026-04-07T17:41:58.036+0000] {dagbag.py:588} INFO - Filling up the DagBag from /opt/airflow/dags/branch.py
[2026-04-07T17:41:58.043+0000] {logging_mixin.py:190} INFO - [2026-04-07T17:41:58.041+0000] {dagbag.py:387} ERROR - Failed to import: /opt/airflow/dags/branch.py
Traceback (most recent call last):
  File "/home/airflow/.local/lib/python3.12/site-packages/airflow/models/dagbag.py", line 383, in parse
    loader.exec_module(new_module)
  File "<frozen importlib._bootstrap_external>", line 999, in exec_module
  File "<frozen importlib._bootstrap>", line 488, in _call_with_frames_removed
  File "/opt/airflow/dags/branch.py", line 6, in <module>
    from airflow.operators.branching import BranchPythonOperator
ModuleNotFoundError: No module named 'airflow.operators.branching'
[2026-04-07T17:41:58.044+0000] {processor.py:927} WARNING - No viable dags retrieved from /opt/airflow/dags/branch.py
[2026-04-07T17:41:58.082+0000] {processor.py:208} INFO - Processing /opt/airflow/dags/branch.py took 0.067 seconds
[2026-04-07T17:42:44.050+0000] {processor.py:186} INFO - Started process (PID=16710) to work on /opt/airflow/dags/branch.py
[2026-04-07T17:42:44.052+0000] {processor.py:914} INFO - Processing file /opt/airflow/dags/branch.py for tasks to queue
[2026-04-07T17:42:44.056+0000] {logging_mixin.py:190} INFO - [2026-04-07T17:42:44.055+0000] {dagbag.py:588} INFO - Filling up the DagBag from /opt/airflow/dags/branch.py
[2026-04-07T17:42:44.063+0000] {logging_mixin.py:190} INFO - [2026-04-07T17:42:44.061+0000] {dagbag.py:387} ERROR - Failed to import: /opt/airflow/dags/branch.py
Traceback (most recent call last):
  File "/home/airflow/.local/lib/python3.12/site-packages/airflow/models/dagbag.py", line 383, in parse
    loader.exec_module(new_module)
  File "<frozen importlib._bootstrap_external>", line 999, in exec_module
  File "<frozen importlib._bootstrap>", line 488, in _call_with_frames_removed
  File "/opt/airflow/dags/branch.py", line 6, in <module>
    from airflow.operators.branching import BranchPythonOperator
ModuleNotFoundError: No module named 'airflow.operators.branching'
[2026-04-07T17:42:44.064+0000] {processor.py:927} WARNING - No viable dags retrieved from /opt/airflow/dags/branch.py
[2026-04-07T17:42:44.110+0000] {processor.py:208} INFO - Processing /opt/airflow/dags/branch.py took 0.071 seconds
[2026-04-07T17:43:30.057+0000] {processor.py:186} INFO - Started process (PID=16781) to work on /opt/airflow/dags/branch.py
[2026-04-07T17:43:30.059+0000] {processor.py:914} INFO - Processing file /opt/airflow/dags/branch.py for tasks to queue
[2026-04-07T17:43:30.062+0000] {logging_mixin.py:190} INFO - [2026-04-07T17:43:30.061+0000] {dagbag.py:588} INFO - Filling up the DagBag from /opt/airflow/dags/branch.py
[2026-04-07T17:43:30.068+0000] {logging_mixin.py:190} INFO - [2026-04-07T17:43:30.066+0000] {dagbag.py:387} ERROR - Failed to import: /opt/airflow/dags/branch.py
Traceback (most recent call last):
  File "/home/airflow/.local/lib/python3.12/site-packages/airflow/models/dagbag.py", line 383, in parse
    loader.exec_module(new_module)
  File "<frozen importlib._bootstrap_external>", line 999, in exec_module
  File "<frozen importlib._bootstrap>", line 488, in _call_with_frames_removed
  File "/opt/airflow/dags/branch.py", line 6, in <module>
    from airflow.operators.branching import BranchPythonOperator
ModuleNotFoundError: No module named 'airflow.operators.branching'
[2026-04-07T17:43:30.069+0000] {processor.py:927} WARNING - No viable dags retrieved from /opt/airflow/dags/branch.py
[2026-04-07T17:43:30.110+0000] {processor.py:208} INFO - Processing /opt/airflow/dags/branch.py took 0.064 seconds
[2026-04-07T17:44:16.821+0000] {processor.py:186} INFO - Started process (PID=16850) to work on /opt/airflow/dags/branch.py
[2026-04-07T17:44:16.823+0000] {processor.py:914} INFO - Processing file /opt/airflow/dags/branch.py for tasks to queue
[2026-04-07T17:44:16.827+0000] {logging_mixin.py:190} INFO - [2026-04-07T17:44:16.826+0000] {dagbag.py:588} INFO - Filling up the DagBag from /opt/airflow/dags/branch.py
[2026-04-07T17:44:16.833+0000] {logging_mixin.py:190} INFO - [2026-04-07T17:44:16.831+0000] {dagbag.py:387} ERROR - Failed to import: /opt/airflow/dags/branch.py
Traceback (most recent call last):
  File "/home/airflow/.local/lib/python3.12/site-packages/airflow/models/dagbag.py", line 383, in parse
    loader.exec_module(new_module)
  File "<frozen importlib._bootstrap_external>", line 999, in exec_module
  File "<frozen importlib._bootstrap>", line 488, in _call_with_frames_removed
  File "/opt/airflow/dags/branch.py", line 6, in <module>
    from airflow.operators.branching import BranchPythonOperator
ModuleNotFoundError: No module named 'airflow.operators.branching'
[2026-04-07T17:44:16.834+0000] {processor.py:927} WARNING - No viable dags retrieved from /opt/airflow/dags/branch.py
[2026-04-07T17:44:16.876+0000] {processor.py:208} INFO - Processing /opt/airflow/dags/branch.py took 0.066 seconds
[2026-04-07T17:44:57.997+0000] {processor.py:186} INFO - Started process (PID=16923) to work on /opt/airflow/dags/branch.py
[2026-04-07T17:44:57.998+0000] {processor.py:914} INFO - Processing file /opt/airflow/dags/branch.py for tasks to queue
[2026-04-07T17:44:58.002+0000] {logging_mixin.py:190} INFO - [2026-04-07T17:44:58.001+0000] {dagbag.py:588} INFO - Filling up the DagBag from /opt/airflow/dags/branch.py
[2026-04-07T17:44:58.008+0000] {logging_mixin.py:190} INFO - [2026-04-07T17:44:58.006+0000] {dagbag.py:387} ERROR - Failed to import: /opt/airflow/dags/branch.py
Traceback (most recent call last):
  File "/home/airflow/.local/lib/python3.12/site-packages/airflow/models/dagbag.py", line 383, in parse
    loader.exec_module(new_module)
  File "<frozen importlib._bootstrap_external>", line 999, in exec_module
  File "<frozen importlib._bootstrap>", line 488, in _call_with_frames_removed
  File "/opt/airflow/dags/branch.py", line 6, in <module>
    from airflow.operators.branching import BranchPythonOperator
ModuleNotFoundError: No module named 'airflow.operators.branching'
[2026-04-07T17:44:58.009+0000] {processor.py:927} WARNING - No viable dags retrieved from /opt/airflow/dags/branch.py
[2026-04-07T17:44:58.049+0000] {processor.py:208} INFO - Processing /opt/airflow/dags/branch.py took 0.064 seconds
[2026-04-07T17:45:39.170+0000] {processor.py:186} INFO - Started process (PID=16994) to work on /opt/airflow/dags/branch.py
[2026-04-07T17:45:39.171+0000] {processor.py:914} INFO - Processing file /opt/airflow/dags/branch.py for tasks to queue
[2026-04-07T17:45:39.176+0000] {logging_mixin.py:190} INFO - [2026-04-07T17:45:39.175+0000] {dagbag.py:588} INFO - Filling up the DagBag from /opt/airflow/dags/branch.py
[2026-04-07T17:45:39.183+0000] {logging_mixin.py:190} INFO - [2026-04-07T17:45:39.181+0000] {dagbag.py:387} ERROR - Failed to import: /opt/airflow/dags/branch.py
Traceback (most recent call last):
  File "/home/airflow/.local/lib/python3.12/site-packages/airflow/models/dagbag.py", line 383, in parse
    loader.exec_module(new_module)
  File "<frozen importlib._bootstrap_external>", line 999, in exec_module
  File "<frozen importlib._bootstrap>", line 488, in _call_with_frames_removed
  File "/opt/airflow/dags/branch.py", line 6, in <module>
    from airflow.operators.branching import BranchPythonOperator
ModuleNotFoundError: No module named 'airflow.operators.branching'
[2026-04-07T17:45:39.184+0000] {processor.py:927} WARNING - No viable dags retrieved from /opt/airflow/dags/branch.py
[2026-04-07T17:45:39.226+0000] {processor.py:208} INFO - Processing /opt/airflow/dags/branch.py took 0.067 seconds
[2026-04-07T17:46:15.049+0000] {processor.py:186} INFO - Started process (PID=17065) to work on /opt/airflow/dags/branch.py
[2026-04-07T17:46:15.050+0000] {processor.py:914} INFO - Processing file /opt/airflow/dags/branch.py for tasks to queue
[2026-04-07T17:46:15.054+0000] {logging_mixin.py:190} INFO - [2026-04-07T17:46:15.053+0000] {dagbag.py:588} INFO - Filling up the DagBag from /opt/airflow/dags/branch.py
[2026-04-07T17:46:15.059+0000] {logging_mixin.py:190} INFO - [2026-04-07T17:46:15.057+0000] {dagbag.py:387} ERROR - Failed to import: /opt/airflow/dags/branch.py
Traceback (most recent call last):
  File "/home/airflow/.local/lib/python3.12/site-packages/airflow/models/dagbag.py", line 383, in parse
    loader.exec_module(new_module)
  File "<frozen importlib._bootstrap_external>", line 999, in exec_module
  File "<frozen importlib._bootstrap>", line 488, in _call_with_frames_removed
  File "/opt/airflow/dags/branch.py", line 6, in <module>
    from airflow.operators.branching import BranchPythonOperator
ModuleNotFoundError: No module named 'airflow.operators.branching'
[2026-04-07T17:46:15.060+0000] {processor.py:927} WARNING - No viable dags retrieved from /opt/airflow/dags/branch.py
[2026-04-07T17:46:15.098+0000] {processor.py:208} INFO - Processing /opt/airflow/dags/branch.py took 0.058 seconds
[2026-04-07T17:46:58.118+0000] {processor.py:186} INFO - Started process (PID=17136) to work on /opt/airflow/dags/branch.py
[2026-04-07T17:46:58.123+0000] {processor.py:914} INFO - Processing file /opt/airflow/dags/branch.py for tasks to queue
[2026-04-07T17:46:58.128+0000] {logging_mixin.py:190} INFO - [2026-04-07T17:46:58.127+0000] {dagbag.py:588} INFO - Filling up the DagBag from /opt/airflow/dags/branch.py
[2026-04-07T17:46:58.135+0000] {logging_mixin.py:190} INFO - [2026-04-07T17:46:58.133+0000] {dagbag.py:387} ERROR - Failed to import: /opt/airflow/dags/branch.py
Traceback (most recent call last):
  File "/home/airflow/.local/lib/python3.12/site-packages/airflow/models/dagbag.py", line 383, in parse
    loader.exec_module(new_module)
  File "<frozen importlib._bootstrap_external>", line 999, in exec_module
  File "<frozen importlib._bootstrap>", line 488, in _call_with_frames_removed
  File "/opt/airflow/dags/branch.py", line 6, in <module>
    from airflow.operators.branching import BranchPythonOperator
ModuleNotFoundError: No module named 'airflow.operators.branching'
[2026-04-07T17:46:58.136+0000] {processor.py:927} WARNING - No viable dags retrieved from /opt/airflow/dags/branch.py
[2026-04-07T17:46:58.172+0000] {processor.py:208} INFO - Processing /opt/airflow/dags/branch.py took 0.067 seconds
[2026-04-07T17:47:44.082+0000] {processor.py:186} INFO - Started process (PID=17207) to work on /opt/airflow/dags/branch.py
[2026-04-07T17:47:44.083+0000] {processor.py:914} INFO - Processing file /opt/airflow/dags/branch.py for tasks to queue
[2026-04-07T17:47:44.086+0000] {logging_mixin.py:190} INFO - [2026-04-07T17:47:44.086+0000] {dagbag.py:588} INFO - Filling up the DagBag from /opt/airflow/dags/branch.py
[2026-04-07T17:47:44.091+0000] {logging_mixin.py:190} INFO - [2026-04-07T17:47:44.090+0000] {dagbag.py:387} ERROR - Failed to import: /opt/airflow/dags/branch.py
Traceback (most recent call last):
  File "/home/airflow/.local/lib/python3.12/site-packages/airflow/models/dagbag.py", line 383, in parse
    loader.exec_module(new_module)
  File "<frozen importlib._bootstrap_external>", line 999, in exec_module
  File "<frozen importlib._bootstrap>", line 488, in _call_with_frames_removed
  File "/opt/airflow/dags/branch.py", line 6, in <module>
    from airflow.operators.branching import BranchPythonOperator
ModuleNotFoundError: No module named 'airflow.operators.branching'
[2026-04-07T17:47:44.092+0000] {processor.py:927} WARNING - No viable dags retrieved from /opt/airflow/dags/branch.py
[2026-04-07T17:47:44.127+0000] {processor.py:208} INFO - Processing /opt/airflow/dags/branch.py took 0.055 seconds
[2026-04-07T17:48:22.249+0000] {processor.py:186} INFO - Started process (PID=17278) to work on /opt/airflow/dags/branch.py
[2026-04-07T17:48:22.251+0000] {processor.py:914} INFO - Processing file /opt/airflow/dags/branch.py for tasks to queue
[2026-04-07T17:48:22.255+0000] {logging_mixin.py:190} INFO - [2026-04-07T17:48:22.254+0000] {dagbag.py:588} INFO - Filling up the DagBag from /opt/airflow/dags/branch.py
[2026-04-07T17:48:22.261+0000] {logging_mixin.py:190} INFO - [2026-04-07T17:48:22.259+0000] {dagbag.py:387} ERROR - Failed to import: /opt/airflow/dags/branch.py
Traceback (most recent call last):
  File "/home/airflow/.local/lib/python3.12/site-packages/airflow/models/dagbag.py", line 383, in parse
    loader.exec_module(new_module)
  File "<frozen importlib._bootstrap_external>", line 999, in exec_module
  File "<frozen importlib._bootstrap>", line 488, in _call_with_frames_removed
  File "/opt/airflow/dags/branch.py", line 6, in <module>
    from airflow.operators.branching import BranchPythonOperator
ModuleNotFoundError: No module named 'airflow.operators.branching'
[2026-04-07T17:48:22.262+0000] {processor.py:927} WARNING - No viable dags retrieved from /opt/airflow/dags/branch.py
[2026-04-07T17:48:22.307+0000] {processor.py:208} INFO - Processing /opt/airflow/dags/branch.py took 0.069 seconds
[2026-04-07T17:49:01.027+0000] {processor.py:186} INFO - Started process (PID=17349) to work on /opt/airflow/dags/branch.py
[2026-04-07T17:49:01.029+0000] {processor.py:914} INFO - Processing file /opt/airflow/dags/branch.py for tasks to queue
[2026-04-07T17:49:01.032+0000] {logging_mixin.py:190} INFO - [2026-04-07T17:49:01.032+0000] {dagbag.py:588} INFO - Filling up the DagBag from /opt/airflow/dags/branch.py
[2026-04-07T17:49:01.038+0000] {logging_mixin.py:190} INFO - [2026-04-07T17:49:01.036+0000] {dagbag.py:387} ERROR - Failed to import: /opt/airflow/dags/branch.py
Traceback (most recent call last):
  File "/home/airflow/.local/lib/python3.12/site-packages/airflow/models/dagbag.py", line 383, in parse
    loader.exec_module(new_module)
  File "<frozen importlib._bootstrap_external>", line 999, in exec_module
  File "<frozen importlib._bootstrap>", line 488, in _call_with_frames_removed
  File "/opt/airflow/dags/branch.py", line 6, in <module>
    from airflow.operators.branching import BranchPythonOperator
ModuleNotFoundError: No module named 'airflow.operators.branching'
[2026-04-07T17:49:01.039+0000] {processor.py:927} WARNING - No viable dags retrieved from /opt/airflow/dags/branch.py
[2026-04-07T17:49:01.076+0000] {processor.py:208} INFO - Processing /opt/airflow/dags/branch.py took 0.058 seconds
[2026-04-07T17:49:47.032+0000] {processor.py:186} INFO - Started process (PID=17420) to work on /opt/airflow/dags/branch.py
[2026-04-07T17:49:47.033+0000] {processor.py:914} INFO - Processing file /opt/airflow/dags/branch.py for tasks to queue
[2026-04-07T17:49:47.037+0000] {logging_mixin.py:190} INFO - [2026-04-07T17:49:47.036+0000] {dagbag.py:588} INFO - Filling up the DagBag from /opt/airflow/dags/branch.py
[2026-04-07T17:49:47.043+0000] {logging_mixin.py:190} INFO - [2026-04-07T17:49:47.041+0000] {dagbag.py:387} ERROR - Failed to import: /opt/airflow/dags/branch.py
Traceback (most recent call last):
  File "/home/airflow/.local/lib/python3.12/site-packages/airflow/models/dagbag.py", line 383, in parse
    loader.exec_module(new_module)
  File "<frozen importlib._bootstrap_external>", line 999, in exec_module
  File "<frozen importlib._bootstrap>", line 488, in _call_with_frames_removed
  File "/opt/airflow/dags/branch.py", line 6, in <module>
    from airflow.operators.branching import BranchPythonOperator
ModuleNotFoundError: No module named 'airflow.operators.branching'
[2026-04-07T17:49:47.044+0000] {processor.py:927} WARNING - No viable dags retrieved from /opt/airflow/dags/branch.py
[2026-04-07T17:49:47.078+0000] {processor.py:208} INFO - Processing /opt/airflow/dags/branch.py took 0.057 seconds
[2026-04-07T17:50:27.982+0000] {processor.py:186} INFO - Started process (PID=17491) to work on /opt/airflow/dags/branch.py
[2026-04-07T17:50:27.983+0000] {processor.py:914} INFO - Processing file /opt/airflow/dags/branch.py for tasks to queue
[2026-04-07T17:50:27.987+0000] {logging_mixin.py:190} INFO - [2026-04-07T17:50:27.986+0000] {dagbag.py:588} INFO - Filling up the DagBag from /opt/airflow/dags/branch.py
[2026-04-07T17:50:27.992+0000] {logging_mixin.py:190} INFO - [2026-04-07T17:50:27.990+0000] {dagbag.py:387} ERROR - Failed to import: /opt/airflow/dags/branch.py
Traceback (most recent call last):
  File "/home/airflow/.local/lib/python3.12/site-packages/airflow/models/dagbag.py", line 383, in parse
    loader.exec_module(new_module)
  File "<frozen importlib._bootstrap_external>", line 999, in exec_module
  File "<frozen importlib._bootstrap>", line 488, in _call_with_frames_removed
  File "/opt/airflow/dags/branch.py", line 6, in <module>
    from airflow.operators.branching import BranchPythonOperator
ModuleNotFoundError: No module named 'airflow.operators.branching'
[2026-04-07T17:50:27.993+0000] {processor.py:927} WARNING - No viable dags retrieved from /opt/airflow/dags/branch.py
[2026-04-07T17:50:28.024+0000] {processor.py:208} INFO - Processing /opt/airflow/dags/branch.py took 0.053 seconds
[2026-04-07T17:51:09.063+0000] {processor.py:186} INFO - Started process (PID=17562) to work on /opt/airflow/dags/branch.py
[2026-04-07T17:51:09.064+0000] {processor.py:914} INFO - Processing file /opt/airflow/dags/branch.py for tasks to queue
[2026-04-07T17:51:09.068+0000] {logging_mixin.py:190} INFO - [2026-04-07T17:51:09.068+0000] {dagbag.py:588} INFO - Filling up the DagBag from /opt/airflow/dags/branch.py
[2026-04-07T17:51:09.075+0000] {logging_mixin.py:190} INFO - [2026-04-07T17:51:09.073+0000] {dagbag.py:387} ERROR - Failed to import: /opt/airflow/dags/branch.py
Traceback (most recent call last):
  File "/home/airflow/.local/lib/python3.12/site-packages/airflow/models/dagbag.py", line 383, in parse
    loader.exec_module(new_module)
  File "<frozen importlib._bootstrap_external>", line 999, in exec_module
  File "<frozen importlib._bootstrap>", line 488, in _call_with_frames_removed
  File "/opt/airflow/dags/branch.py", line 6, in <module>
    from airflow.operators.branching import BranchPythonOperator
ModuleNotFoundError: No module named 'airflow.operators.branching'
[2026-04-07T17:51:09.077+0000] {processor.py:927} WARNING - No viable dags retrieved from /opt/airflow/dags/branch.py
[2026-04-07T17:51:09.120+0000] {processor.py:208} INFO - Processing /opt/airflow/dags/branch.py took 0.068 seconds
[2026-04-07T17:51:55.030+0000] {processor.py:186} INFO - Started process (PID=17633) to work on /opt/airflow/dags/branch.py
[2026-04-07T17:51:55.032+0000] {processor.py:914} INFO - Processing file /opt/airflow/dags/branch.py for tasks to queue
[2026-04-07T17:51:55.036+0000] {logging_mixin.py:190} INFO - [2026-04-07T17:51:55.035+0000] {dagbag.py:588} INFO - Filling up the DagBag from /opt/airflow/dags/branch.py
[2026-04-07T17:51:55.043+0000] {logging_mixin.py:190} INFO - [2026-04-07T17:51:55.040+0000] {dagbag.py:387} ERROR - Failed to import: /opt/airflow/dags/branch.py
Traceback (most recent call last):
  File "/home/airflow/.local/lib/python3.12/site-packages/airflow/models/dagbag.py", line 383, in parse
    loader.exec_module(new_module)
  File "<frozen importlib._bootstrap_external>", line 999, in exec_module
  File "<frozen importlib._bootstrap>", line 488, in _call_with_frames_removed
  File "/opt/airflow/dags/branch.py", line 6, in <module>
    from airflow.operators.branching import BranchPythonOperator
ModuleNotFoundError: No module named 'airflow.operators.branching'
[2026-04-07T17:51:55.044+0000] {processor.py:927} WARNING - No viable dags retrieved from /opt/airflow/dags/branch.py
[2026-04-07T17:51:55.084+0000] {processor.py:208} INFO - Processing /opt/airflow/dags/branch.py took 0.065 seconds
[2026-04-07T17:52:42.071+0000] {processor.py:186} INFO - Started process (PID=17704) to work on /opt/airflow/dags/branch.py
[2026-04-07T17:52:42.072+0000] {processor.py:914} INFO - Processing file /opt/airflow/dags/branch.py for tasks to queue
[2026-04-07T17:52:42.077+0000] {logging_mixin.py:190} INFO - [2026-04-07T17:52:42.076+0000] {dagbag.py:588} INFO - Filling up the DagBag from /opt/airflow/dags/branch.py
[2026-04-07T17:52:42.085+0000] {logging_mixin.py:190} INFO - [2026-04-07T17:52:42.082+0000] {dagbag.py:387} ERROR - Failed to import: /opt/airflow/dags/branch.py
Traceback (most recent call last):
  File "/home/airflow/.local/lib/python3.12/site-packages/airflow/models/dagbag.py", line 383, in parse
    loader.exec_module(new_module)
  File "<frozen importlib._bootstrap_external>", line 999, in exec_module
  File "<frozen importlib._bootstrap>", line 488, in _call_with_frames_removed
  File "/opt/airflow/dags/branch.py", line 6, in <module>
    from airflow.operators.branching import BranchPythonOperator
ModuleNotFoundError: No module named 'airflow.operators.branching'
[2026-04-07T17:52:42.086+0000] {processor.py:927} WARNING - No viable dags retrieved from /opt/airflow/dags/branch.py
[2026-04-07T17:52:42.125+0000] {processor.py:208} INFO - Processing /opt/airflow/dags/branch.py took 0.067 seconds
[2026-04-07T17:53:23.038+0000] {processor.py:186} INFO - Started process (PID=17773) to work on /opt/airflow/dags/branch.py
[2026-04-07T17:53:23.040+0000] {processor.py:914} INFO - Processing file /opt/airflow/dags/branch.py for tasks to queue
[2026-04-07T17:53:23.044+0000] {logging_mixin.py:190} INFO - [2026-04-07T17:53:23.043+0000] {dagbag.py:588} INFO - Filling up the DagBag from /opt/airflow/dags/branch.py
[2026-04-07T17:53:23.050+0000] {logging_mixin.py:190} INFO - [2026-04-07T17:53:23.048+0000] {dagbag.py:387} ERROR - Failed to import: /opt/airflow/dags/branch.py
Traceback (most recent call last):
  File "/home/airflow/.local/lib/python3.12/site-packages/airflow/models/dagbag.py", line 383, in parse
    loader.exec_module(new_module)
  File "<frozen importlib._bootstrap_external>", line 999, in exec_module
  File "<frozen importlib._bootstrap>", line 488, in _call_with_frames_removed
  File "/opt/airflow/dags/branch.py", line 6, in <module>
    from airflow.operators.branching import BranchPythonOperator
ModuleNotFoundError: No module named 'airflow.operators.branching'
[2026-04-07T17:53:23.051+0000] {processor.py:927} WARNING - No viable dags retrieved from /opt/airflow/dags/branch.py
[2026-04-07T17:53:23.095+0000] {processor.py:208} INFO - Processing /opt/airflow/dags/branch.py took 0.071 seconds
[2026-04-07T17:54:00.938+0000] {processor.py:186} INFO - Started process (PID=17844) to work on /opt/airflow/dags/branch.py
[2026-04-07T17:54:00.939+0000] {processor.py:914} INFO - Processing file /opt/airflow/dags/branch.py for tasks to queue
[2026-04-07T17:54:00.943+0000] {logging_mixin.py:190} INFO - [2026-04-07T17:54:00.942+0000] {dagbag.py:588} INFO - Filling up the DagBag from /opt/airflow/dags/branch.py
[2026-04-07T17:54:00.948+0000] {logging_mixin.py:190} INFO - [2026-04-07T17:54:00.947+0000] {dagbag.py:387} ERROR - Failed to import: /opt/airflow/dags/branch.py
Traceback (most recent call last):
  File "/home/airflow/.local/lib/python3.12/site-packages/airflow/models/dagbag.py", line 383, in parse
    loader.exec_module(new_module)
  File "<frozen importlib._bootstrap_external>", line 999, in exec_module
  File "<frozen importlib._bootstrap>", line 488, in _call_with_frames_removed
  File "/opt/airflow/dags/branch.py", line 6, in <module>
    from airflow.operators.branching import BranchPythonOperator
ModuleNotFoundError: No module named 'airflow.operators.branching'
[2026-04-07T17:54:00.949+0000] {processor.py:927} WARNING - No viable dags retrieved from /opt/airflow/dags/branch.py
[2026-04-07T17:54:00.985+0000] {processor.py:208} INFO - Processing /opt/airflow/dags/branch.py took 0.059 seconds
[2026-04-07T17:54:45.055+0000] {processor.py:186} INFO - Started process (PID=17915) to work on /opt/airflow/dags/branch.py
[2026-04-07T17:54:45.057+0000] {processor.py:914} INFO - Processing file /opt/airflow/dags/branch.py for tasks to queue
[2026-04-07T17:54:45.062+0000] {logging_mixin.py:190} INFO - [2026-04-07T17:54:45.061+0000] {dagbag.py:588} INFO - Filling up the DagBag from /opt/airflow/dags/branch.py
[2026-04-07T17:54:45.069+0000] {logging_mixin.py:190} INFO - [2026-04-07T17:54:45.066+0000] {dagbag.py:387} ERROR - Failed to import: /opt/airflow/dags/branch.py
Traceback (most recent call last):
  File "/home/airflow/.local/lib/python3.12/site-packages/airflow/models/dagbag.py", line 383, in parse
    loader.exec_module(new_module)
  File "<frozen importlib._bootstrap_external>", line 999, in exec_module
  File "<frozen importlib._bootstrap>", line 488, in _call_with_frames_removed
  File "/opt/airflow/dags/branch.py", line 6, in <module>
    from airflow.operators.branching import BranchPythonOperator
ModuleNotFoundError: No module named 'airflow.operators.branching'
[2026-04-07T17:54:45.070+0000] {processor.py:927} WARNING - No viable dags retrieved from /opt/airflow/dags/branch.py
[2026-04-07T17:54:45.109+0000] {processor.py:208} INFO - Processing /opt/airflow/dags/branch.py took 0.066 seconds
[2026-04-07T17:55:26.152+0000] {processor.py:186} INFO - Started process (PID=17986) to work on /opt/airflow/dags/branch.py
[2026-04-07T17:55:26.154+0000] {processor.py:914} INFO - Processing file /opt/airflow/dags/branch.py for tasks to queue
[2026-04-07T17:55:26.158+0000] {logging_mixin.py:190} INFO - [2026-04-07T17:55:26.157+0000] {dagbag.py:588} INFO - Filling up the DagBag from /opt/airflow/dags/branch.py
[2026-04-07T17:55:26.164+0000] {logging_mixin.py:190} INFO - [2026-04-07T17:55:26.162+0000] {dagbag.py:387} ERROR - Failed to import: /opt/airflow/dags/branch.py
Traceback (most recent call last):
  File "/home/airflow/.local/lib/python3.12/site-packages/airflow/models/dagbag.py", line 383, in parse
    loader.exec_module(new_module)
  File "<frozen importlib._bootstrap_external>", line 999, in exec_module
  File "<frozen importlib._bootstrap>", line 488, in _call_with_frames_removed
  File "/opt/airflow/dags/branch.py", line 6, in <module>
    from airflow.operators.branching import BranchPythonOperator
ModuleNotFoundError: No module named 'airflow.operators.branching'
[2026-04-07T17:55:26.165+0000] {processor.py:927} WARNING - No viable dags retrieved from /opt/airflow/dags/branch.py
[2026-04-07T17:55:26.199+0000] {processor.py:208} INFO - Processing /opt/airflow/dags/branch.py took 0.058 seconds
[2026-04-07T17:56:12.041+0000] {processor.py:186} INFO - Started process (PID=18057) to work on /opt/airflow/dags/branch.py
[2026-04-07T17:56:12.042+0000] {processor.py:914} INFO - Processing file /opt/airflow/dags/branch.py for tasks to queue
[2026-04-07T17:56:12.046+0000] {logging_mixin.py:190} INFO - [2026-04-07T17:56:12.046+0000] {dagbag.py:588} INFO - Filling up the DagBag from /opt/airflow/dags/branch.py
[2026-04-07T17:56:12.053+0000] {logging_mixin.py:190} INFO - [2026-04-07T17:56:12.051+0000] {dagbag.py:387} ERROR - Failed to import: /opt/airflow/dags/branch.py
Traceback (most recent call last):
  File "/home/airflow/.local/lib/python3.12/site-packages/airflow/models/dagbag.py", line 383, in parse
    loader.exec_module(new_module)
  File "<frozen importlib._bootstrap_external>", line 999, in exec_module
  File "<frozen importlib._bootstrap>", line 488, in _call_with_frames_removed
  File "/opt/airflow/dags/branch.py", line 6, in <module>
    from airflow.operators.branching import BranchPythonOperator
ModuleNotFoundError: No module named 'airflow.operators.branching'
[2026-04-07T17:56:12.055+0000] {processor.py:927} WARNING - No viable dags retrieved from /opt/airflow/dags/branch.py
[2026-04-07T17:56:12.095+0000] {processor.py:208} INFO - Processing /opt/airflow/dags/branch.py took 0.066 seconds
[2026-04-07T17:56:58.053+0000] {processor.py:186} INFO - Started process (PID=18130) to work on /opt/airflow/dags/branch.py
[2026-04-07T17:56:58.055+0000] {processor.py:914} INFO - Processing file /opt/airflow/dags/branch.py for tasks to queue
[2026-04-07T17:56:58.059+0000] {logging_mixin.py:190} INFO - [2026-04-07T17:56:58.058+0000] {dagbag.py:588} INFO - Filling up the DagBag from /opt/airflow/dags/branch.py
[2026-04-07T17:56:58.065+0000] {logging_mixin.py:190} INFO - [2026-04-07T17:56:58.063+0000] {dagbag.py:387} ERROR - Failed to import: /opt/airflow/dags/branch.py
Traceback (most recent call last):
  File "/home/airflow/.local/lib/python3.12/site-packages/airflow/models/dagbag.py", line 383, in parse
    loader.exec_module(new_module)
  File "<frozen importlib._bootstrap_external>", line 999, in exec_module
  File "<frozen importlib._bootstrap>", line 488, in _call_with_frames_removed
  File "/opt/airflow/dags/branch.py", line 6, in <module>
    from airflow.operators.branching import BranchPythonOperator
ModuleNotFoundError: No module named 'airflow.operators.branching'
[2026-04-07T17:56:58.066+0000] {processor.py:927} WARNING - No viable dags retrieved from /opt/airflow/dags/branch.py
[2026-04-07T17:56:58.106+0000] {processor.py:208} INFO - Processing /opt/airflow/dags/branch.py took 0.063 seconds
[2026-04-07T17:57:45.057+0000] {processor.py:186} INFO - Started process (PID=18199) to work on /opt/airflow/dags/branch.py
[2026-04-07T17:57:45.059+0000] {processor.py:914} INFO - Processing file /opt/airflow/dags/branch.py for tasks to queue
[2026-04-07T17:57:45.063+0000] {logging_mixin.py:190} INFO - [2026-04-07T17:57:45.062+0000] {dagbag.py:588} INFO - Filling up the DagBag from /opt/airflow/dags/branch.py
[2026-04-07T17:57:45.069+0000] {logging_mixin.py:190} INFO - [2026-04-07T17:57:45.067+0000] {dagbag.py:387} ERROR - Failed to import: /opt/airflow/dags/branch.py
Traceback (most recent call last):
  File "/home/airflow/.local/lib/python3.12/site-packages/airflow/models/dagbag.py", line 383, in parse
    loader.exec_module(new_module)
  File "<frozen importlib._bootstrap_external>", line 999, in exec_module
  File "<frozen importlib._bootstrap>", line 488, in _call_with_frames_removed
  File "/opt/airflow/dags/branch.py", line 6, in <module>
    from airflow.operators.branching import BranchPythonOperator
ModuleNotFoundError: No module named 'airflow.operators.branching'
[2026-04-07T17:57:45.070+0000] {processor.py:927} WARNING - No viable dags retrieved from /opt/airflow/dags/branch.py
[2026-04-07T17:57:45.107+0000] {processor.py:208} INFO - Processing /opt/airflow/dags/branch.py took 0.062 seconds
[2026-04-07T17:58:30.880+0000] {processor.py:186} INFO - Started process (PID=18270) to work on /opt/airflow/dags/branch.py
[2026-04-07T17:58:30.881+0000] {processor.py:914} INFO - Processing file /opt/airflow/dags/branch.py for tasks to queue
[2026-04-07T17:58:30.885+0000] {logging_mixin.py:190} INFO - [2026-04-07T17:58:30.885+0000] {dagbag.py:588} INFO - Filling up the DagBag from /opt/airflow/dags/branch.py
[2026-04-07T17:58:30.891+0000] {logging_mixin.py:190} INFO - [2026-04-07T17:58:30.889+0000] {dagbag.py:387} ERROR - Failed to import: /opt/airflow/dags/branch.py
Traceback (most recent call last):
  File "/home/airflow/.local/lib/python3.12/site-packages/airflow/models/dagbag.py", line 383, in parse
    loader.exec_module(new_module)
  File "<frozen importlib._bootstrap_external>", line 999, in exec_module
  File "<frozen importlib._bootstrap>", line 488, in _call_with_frames_removed
  File "/opt/airflow/dags/branch.py", line 6, in <module>
    from airflow.operators.branching import BranchPythonOperator
ModuleNotFoundError: No module named 'airflow.operators.branching'
[2026-04-07T17:58:30.892+0000] {processor.py:927} WARNING - No viable dags retrieved from /opt/airflow/dags/branch.py
[2026-04-07T17:58:30.929+0000] {processor.py:208} INFO - Processing /opt/airflow/dags/branch.py took 0.060 seconds
[2026-04-07T17:59:12.038+0000] {processor.py:186} INFO - Started process (PID=18343) to work on /opt/airflow/dags/branch.py
[2026-04-07T17:59:12.039+0000] {processor.py:914} INFO - Processing file /opt/airflow/dags/branch.py for tasks to queue
[2026-04-07T17:59:12.043+0000] {logging_mixin.py:190} INFO - [2026-04-07T17:59:12.042+0000] {dagbag.py:588} INFO - Filling up the DagBag from /opt/airflow/dags/branch.py
[2026-04-07T17:59:12.049+0000] {logging_mixin.py:190} INFO - [2026-04-07T17:59:12.047+0000] {dagbag.py:387} ERROR - Failed to import: /opt/airflow/dags/branch.py
Traceback (most recent call last):
  File "/home/airflow/.local/lib/python3.12/site-packages/airflow/models/dagbag.py", line 383, in parse
    loader.exec_module(new_module)
  File "<frozen importlib._bootstrap_external>", line 999, in exec_module
  File "<frozen importlib._bootstrap>", line 488, in _call_with_frames_removed
  File "/opt/airflow/dags/branch.py", line 6, in <module>
    from airflow.operators.branching import BranchPythonOperator
ModuleNotFoundError: No module named 'airflow.operators.branching'
[2026-04-07T17:59:12.050+0000] {processor.py:927} WARNING - No viable dags retrieved from /opt/airflow/dags/branch.py
[2026-04-07T17:59:12.096+0000] {processor.py:208} INFO - Processing /opt/airflow/dags/branch.py took 0.072 seconds
[2026-04-07T17:59:53.050+0000] {processor.py:186} INFO - Started process (PID=18414) to work on /opt/airflow/dags/branch.py
[2026-04-07T17:59:53.052+0000] {processor.py:914} INFO - Processing file /opt/airflow/dags/branch.py for tasks to queue
[2026-04-07T17:59:53.055+0000] {logging_mixin.py:190} INFO - [2026-04-07T17:59:53.055+0000] {dagbag.py:588} INFO - Filling up the DagBag from /opt/airflow/dags/branch.py
[2026-04-07T17:59:53.062+0000] {logging_mixin.py:190} INFO - [2026-04-07T17:59:53.060+0000] {dagbag.py:387} ERROR - Failed to import: /opt/airflow/dags/branch.py
Traceback (most recent call last):
  File "/home/airflow/.local/lib/python3.12/site-packages/airflow/models/dagbag.py", line 383, in parse
    loader.exec_module(new_module)
  File "<frozen importlib._bootstrap_external>", line 999, in exec_module
  File "<frozen importlib._bootstrap>", line 488, in _call_with_frames_removed
  File "/opt/airflow/dags/branch.py", line 6, in <module>
    from airflow.operators.branching import BranchPythonOperator
ModuleNotFoundError: No module named 'airflow.operators.branching'
[2026-04-07T17:59:53.063+0000] {processor.py:927} WARNING - No viable dags retrieved from /opt/airflow/dags/branch.py
[2026-04-07T17:59:53.106+0000] {processor.py:208} INFO - Processing /opt/airflow/dags/branch.py took 0.066 seconds
[2026-04-07T18:00:33.893+0000] {processor.py:186} INFO - Started process (PID=18483) to work on /opt/airflow/dags/branch.py
[2026-04-07T18:00:33.894+0000] {processor.py:914} INFO - Processing file /opt/airflow/dags/branch.py for tasks to queue
[2026-04-07T18:00:33.898+0000] {logging_mixin.py:190} INFO - [2026-04-07T18:00:33.897+0000] {dagbag.py:588} INFO - Filling up the DagBag from /opt/airflow/dags/branch.py
[2026-04-07T18:00:33.904+0000] {logging_mixin.py:190} INFO - [2026-04-07T18:00:33.902+0000] {dagbag.py:387} ERROR - Failed to import: /opt/airflow/dags/branch.py
Traceback (most recent call last):
  File "/home/airflow/.local/lib/python3.12/site-packages/airflow/models/dagbag.py", line 383, in parse
    loader.exec_module(new_module)
  File "<frozen importlib._bootstrap_external>", line 999, in exec_module
  File "<frozen importlib._bootstrap>", line 488, in _call_with_frames_removed
  File "/opt/airflow/dags/branch.py", line 6, in <module>
    from airflow.operators.branching import BranchPythonOperator
ModuleNotFoundError: No module named 'airflow.operators.branching'
[2026-04-07T18:00:33.905+0000] {processor.py:927} WARNING - No viable dags retrieved from /opt/airflow/dags/branch.py
[2026-04-07T18:00:33.941+0000] {processor.py:208} INFO - Processing /opt/airflow/dags/branch.py took 0.058 seconds
[2026-04-07T18:01:15.027+0000] {processor.py:186} INFO - Started process (PID=18556) to work on /opt/airflow/dags/branch.py
[2026-04-07T18:01:15.029+0000] {processor.py:914} INFO - Processing file /opt/airflow/dags/branch.py for tasks to queue
[2026-04-07T18:01:15.033+0000] {logging_mixin.py:190} INFO - [2026-04-07T18:01:15.033+0000] {dagbag.py:588} INFO - Filling up the DagBag from /opt/airflow/dags/branch.py
[2026-04-07T18:01:15.039+0000] {logging_mixin.py:190} INFO - [2026-04-07T18:01:15.037+0000] {dagbag.py:387} ERROR - Failed to import: /opt/airflow/dags/branch.py
Traceback (most recent call last):
  File "/home/airflow/.local/lib/python3.12/site-packages/airflow/models/dagbag.py", line 383, in parse
    loader.exec_module(new_module)
  File "<frozen importlib._bootstrap_external>", line 999, in exec_module
  File "<frozen importlib._bootstrap>", line 488, in _call_with_frames_removed
  File "/opt/airflow/dags/branch.py", line 6, in <module>
    from airflow.operators.branching import BranchPythonOperator
ModuleNotFoundError: No module named 'airflow.operators.branching'
[2026-04-07T18:01:15.040+0000] {processor.py:927} WARNING - No viable dags retrieved from /opt/airflow/dags/branch.py
[2026-04-07T18:01:15.076+0000] {processor.py:208} INFO - Processing /opt/airflow/dags/branch.py took 0.061 seconds
[2026-04-07T18:02:02.049+0000] {processor.py:186} INFO - Started process (PID=18627) to work on /opt/airflow/dags/branch.py
[2026-04-07T18:02:02.051+0000] {processor.py:914} INFO - Processing file /opt/airflow/dags/branch.py for tasks to queue
[2026-04-07T18:02:02.055+0000] {logging_mixin.py:190} INFO - [2026-04-07T18:02:02.054+0000] {dagbag.py:588} INFO - Filling up the DagBag from /opt/airflow/dags/branch.py
[2026-04-07T18:02:02.060+0000] {logging_mixin.py:190} INFO - [2026-04-07T18:02:02.058+0000] {dagbag.py:387} ERROR - Failed to import: /opt/airflow/dags/branch.py
Traceback (most recent call last):
  File "/home/airflow/.local/lib/python3.12/site-packages/airflow/models/dagbag.py", line 383, in parse
    loader.exec_module(new_module)
  File "<frozen importlib._bootstrap_external>", line 999, in exec_module
  File "<frozen importlib._bootstrap>", line 488, in _call_with_frames_removed
  File "/opt/airflow/dags/branch.py", line 6, in <module>
    from airflow.operators.branching import BranchPythonOperator
ModuleNotFoundError: No module named 'airflow.operators.branching'
[2026-04-07T18:02:02.061+0000] {processor.py:927} WARNING - No viable dags retrieved from /opt/airflow/dags/branch.py
[2026-04-07T18:02:02.103+0000] {processor.py:208} INFO - Processing /opt/airflow/dags/branch.py took 0.066 seconds
[2026-04-07T18:02:39.984+0000] {processor.py:186} INFO - Started process (PID=18696) to work on /opt/airflow/dags/branch.py
[2026-04-07T18:02:39.986+0000] {processor.py:914} INFO - Processing file /opt/airflow/dags/branch.py for tasks to queue
[2026-04-07T18:02:39.990+0000] {logging_mixin.py:190} INFO - [2026-04-07T18:02:39.989+0000] {dagbag.py:588} INFO - Filling up the DagBag from /opt/airflow/dags/branch.py
[2026-04-07T18:02:39.995+0000] {logging_mixin.py:190} INFO - [2026-04-07T18:02:39.993+0000] {dagbag.py:387} ERROR - Failed to import: /opt/airflow/dags/branch.py
Traceback (most recent call last):
  File "/home/airflow/.local/lib/python3.12/site-packages/airflow/models/dagbag.py", line 383, in parse
    loader.exec_module(new_module)
  File "<frozen importlib._bootstrap_external>", line 999, in exec_module
  File "<frozen importlib._bootstrap>", line 488, in _call_with_frames_removed
  File "/opt/airflow/dags/branch.py", line 6, in <module>
    from airflow.operators.branching import BranchPythonOperator
ModuleNotFoundError: No module named 'airflow.operators.branching'
[2026-04-07T18:02:39.996+0000] {processor.py:927} WARNING - No viable dags retrieved from /opt/airflow/dags/branch.py
[2026-04-07T18:02:40.034+0000] {processor.py:208} INFO - Processing /opt/airflow/dags/branch.py took 0.059 seconds
[2026-04-07T18:03:17.977+0000] {processor.py:186} INFO - Started process (PID=18773) to work on /opt/airflow/dags/branch.py
[2026-04-07T18:03:17.979+0000] {processor.py:914} INFO - Processing file /opt/airflow/dags/branch.py for tasks to queue
[2026-04-07T18:03:17.982+0000] {logging_mixin.py:190} INFO - [2026-04-07T18:03:17.982+0000] {dagbag.py:588} INFO - Filling up the DagBag from /opt/airflow/dags/branch.py
[2026-04-07T18:03:17.988+0000] {logging_mixin.py:190} INFO - [2026-04-07T18:03:17.986+0000] {dagbag.py:387} ERROR - Failed to import: /opt/airflow/dags/branch.py
Traceback (most recent call last):
  File "/home/airflow/.local/lib/python3.12/site-packages/airflow/models/dagbag.py", line 383, in parse
    loader.exec_module(new_module)
  File "<frozen importlib._bootstrap_external>", line 999, in exec_module
  File "<frozen importlib._bootstrap>", line 488, in _call_with_frames_removed
  File "/opt/airflow/dags/branch.py", line 6, in <module>
    from airflow.operators.branching import BranchPythonOperator
ModuleNotFoundError: No module named 'airflow.operators.branching'
[2026-04-07T18:03:17.989+0000] {processor.py:927} WARNING - No viable dags retrieved from /opt/airflow/dags/branch.py
[2026-04-07T18:03:18.027+0000] {processor.py:208} INFO - Processing /opt/airflow/dags/branch.py took 0.061 seconds
[2026-04-07T18:04:06.085+0000] {processor.py:186} INFO - Started process (PID=18846) to work on /opt/airflow/dags/branch.py
[2026-04-07T18:04:06.087+0000] {processor.py:914} INFO - Processing file /opt/airflow/dags/branch.py for tasks to queue
[2026-04-07T18:04:06.091+0000] {logging_mixin.py:190} INFO - [2026-04-07T18:04:06.090+0000] {dagbag.py:588} INFO - Filling up the DagBag from /opt/airflow/dags/branch.py
[2026-04-07T18:04:06.096+0000] {logging_mixin.py:190} INFO - [2026-04-07T18:04:06.095+0000] {dagbag.py:387} ERROR - Failed to import: /opt/airflow/dags/branch.py
Traceback (most recent call last):
  File "/home/airflow/.local/lib/python3.12/site-packages/airflow/models/dagbag.py", line 383, in parse
    loader.exec_module(new_module)
  File "<frozen importlib._bootstrap_external>", line 999, in exec_module
  File "<frozen importlib._bootstrap>", line 488, in _call_with_frames_removed
  File "/opt/airflow/dags/branch.py", line 6, in <module>
    from airflow.operators.branching import BranchPythonOperator
ModuleNotFoundError: No module named 'airflow.operators.branching'
[2026-04-07T18:04:06.097+0000] {processor.py:927} WARNING - No viable dags retrieved from /opt/airflow/dags/branch.py
[2026-04-07T18:04:06.132+0000] {processor.py:208} INFO - Processing /opt/airflow/dags/branch.py took 0.059 seconds
[2026-04-07T18:04:47.002+0000] {processor.py:186} INFO - Started process (PID=18917) to work on /opt/airflow/dags/branch.py
[2026-04-07T18:04:47.003+0000] {processor.py:914} INFO - Processing file /opt/airflow/dags/branch.py for tasks to queue
[2026-04-07T18:04:47.006+0000] {logging_mixin.py:190} INFO - [2026-04-07T18:04:47.006+0000] {dagbag.py:588} INFO - Filling up the DagBag from /opt/airflow/dags/branch.py
[2026-04-07T18:04:47.011+0000] {logging_mixin.py:190} INFO - [2026-04-07T18:04:47.009+0000] {dagbag.py:387} ERROR - Failed to import: /opt/airflow/dags/branch.py
Traceback (most recent call last):
  File "/home/airflow/.local/lib/python3.12/site-packages/airflow/models/dagbag.py", line 383, in parse
    loader.exec_module(new_module)
  File "<frozen importlib._bootstrap_external>", line 999, in exec_module
  File "<frozen importlib._bootstrap>", line 488, in _call_with_frames_removed
  File "/opt/airflow/dags/branch.py", line 6, in <module>
    from airflow.operators.branching import BranchPythonOperator
ModuleNotFoundError: No module named 'airflow.operators.branching'
[2026-04-07T18:04:47.012+0000] {processor.py:927} WARNING - No viable dags retrieved from /opt/airflow/dags/branch.py
[2026-04-07T18:04:47.052+0000] {processor.py:208} INFO - Processing /opt/airflow/dags/branch.py took 0.060 seconds
[2026-04-07T18:05:24.012+0000] {processor.py:186} INFO - Started process (PID=18987) to work on /opt/airflow/dags/branch.py
[2026-04-07T18:05:24.013+0000] {processor.py:914} INFO - Processing file /opt/airflow/dags/branch.py for tasks to queue
[2026-04-07T18:05:24.016+0000] {logging_mixin.py:190} INFO - [2026-04-07T18:05:24.016+0000] {dagbag.py:588} INFO - Filling up the DagBag from /opt/airflow/dags/branch.py
[2026-04-07T18:05:24.021+0000] {logging_mixin.py:190} INFO - [2026-04-07T18:05:24.019+0000] {dagbag.py:387} ERROR - Failed to import: /opt/airflow/dags/branch.py
Traceback (most recent call last):
  File "/home/airflow/.local/lib/python3.12/site-packages/airflow/models/dagbag.py", line 383, in parse
    loader.exec_module(new_module)
  File "<frozen importlib._bootstrap_external>", line 999, in exec_module
  File "<frozen importlib._bootstrap>", line 488, in _call_with_frames_removed
  File "/opt/airflow/dags/branch.py", line 6, in <module>
    from airflow.operators.branching import BranchPythonOperator
ModuleNotFoundError: No module named 'airflow.operators.branching'
[2026-04-07T18:05:24.022+0000] {processor.py:927} WARNING - No viable dags retrieved from /opt/airflow/dags/branch.py
[2026-04-07T18:05:24.056+0000] {processor.py:208} INFO - Processing /opt/airflow/dags/branch.py took 0.054 seconds
[2026-04-07T18:06:02.877+0000] {processor.py:186} INFO - Started process (PID=19058) to work on /opt/airflow/dags/branch.py
[2026-04-07T18:06:02.878+0000] {processor.py:914} INFO - Processing file /opt/airflow/dags/branch.py for tasks to queue
[2026-04-07T18:06:02.882+0000] {logging_mixin.py:190} INFO - [2026-04-07T18:06:02.882+0000] {dagbag.py:588} INFO - Filling up the DagBag from /opt/airflow/dags/branch.py
[2026-04-07T18:06:02.889+0000] {logging_mixin.py:190} INFO - [2026-04-07T18:06:02.887+0000] {dagbag.py:387} ERROR - Failed to import: /opt/airflow/dags/branch.py
Traceback (most recent call last):
  File "/home/airflow/.local/lib/python3.12/site-packages/airflow/models/dagbag.py", line 383, in parse
    loader.exec_module(new_module)
  File "<frozen importlib._bootstrap_external>", line 999, in exec_module
  File "<frozen importlib._bootstrap>", line 488, in _call_with_frames_removed
  File "/opt/airflow/dags/branch.py", line 6, in <module>
    from airflow.operators.branching import BranchPythonOperator
ModuleNotFoundError: No module named 'airflow.operators.branching'
[2026-04-07T18:06:02.890+0000] {processor.py:927} WARNING - No viable dags retrieved from /opt/airflow/dags/branch.py
[2026-04-07T18:06:02.932+0000] {processor.py:208} INFO - Processing /opt/airflow/dags/branch.py took 0.067 seconds
[2026-04-07T18:06:43.910+0000] {processor.py:186} INFO - Started process (PID=19129) to work on /opt/airflow/dags/branch.py
[2026-04-07T18:06:43.911+0000] {processor.py:914} INFO - Processing file /opt/airflow/dags/branch.py for tasks to queue
[2026-04-07T18:06:43.915+0000] {logging_mixin.py:190} INFO - [2026-04-07T18:06:43.914+0000] {dagbag.py:588} INFO - Filling up the DagBag from /opt/airflow/dags/branch.py
[2026-04-07T18:06:43.920+0000] {logging_mixin.py:190} INFO - [2026-04-07T18:06:43.918+0000] {dagbag.py:387} ERROR - Failed to import: /opt/airflow/dags/branch.py
Traceback (most recent call last):
  File "/home/airflow/.local/lib/python3.12/site-packages/airflow/models/dagbag.py", line 383, in parse
    loader.exec_module(new_module)
  File "<frozen importlib._bootstrap_external>", line 999, in exec_module
  File "<frozen importlib._bootstrap>", line 488, in _call_with_frames_removed
  File "/opt/airflow/dags/branch.py", line 6, in <module>
    from airflow.operators.branching import BranchPythonOperator
ModuleNotFoundError: No module named 'airflow.operators.branching'
[2026-04-07T18:06:43.921+0000] {processor.py:927} WARNING - No viable dags retrieved from /opt/airflow/dags/branch.py
[2026-04-07T18:06:43.952+0000] {processor.py:208} INFO - Processing /opt/airflow/dags/branch.py took 0.052 seconds
[2026-04-07T18:07:20.956+0000] {processor.py:186} INFO - Started process (PID=19198) to work on /opt/airflow/dags/branch.py
[2026-04-07T18:07:20.958+0000] {processor.py:914} INFO - Processing file /opt/airflow/dags/branch.py for tasks to queue
[2026-04-07T18:07:20.962+0000] {logging_mixin.py:190} INFO - [2026-04-07T18:07:20.961+0000] {dagbag.py:588} INFO - Filling up the DagBag from /opt/airflow/dags/branch.py
[2026-04-07T18:07:20.967+0000] {logging_mixin.py:190} INFO - [2026-04-07T18:07:20.966+0000] {dagbag.py:387} ERROR - Failed to import: /opt/airflow/dags/branch.py
Traceback (most recent call last):
  File "/home/airflow/.local/lib/python3.12/site-packages/airflow/models/dagbag.py", line 383, in parse
    loader.exec_module(new_module)
  File "<frozen importlib._bootstrap_external>", line 999, in exec_module
  File "<frozen importlib._bootstrap>", line 488, in _call_with_frames_removed
  File "/opt/airflow/dags/branch.py", line 6, in <module>
    from airflow.operators.branching import BranchPythonOperator
ModuleNotFoundError: No module named 'airflow.operators.branching'
[2026-04-07T18:07:20.969+0000] {processor.py:927} WARNING - No viable dags retrieved from /opt/airflow/dags/branch.py
[2026-04-07T18:07:21.010+0000] {processor.py:208} INFO - Processing /opt/airflow/dags/branch.py took 0.066 seconds
[2026-04-07T18:08:01.751+0000] {processor.py:186} INFO - Started process (PID=19269) to work on /opt/airflow/dags/branch.py
[2026-04-07T18:08:01.754+0000] {processor.py:914} INFO - Processing file /opt/airflow/dags/branch.py for tasks to queue
[2026-04-07T18:08:01.759+0000] {logging_mixin.py:190} INFO - [2026-04-07T18:08:01.759+0000] {dagbag.py:588} INFO - Filling up the DagBag from /opt/airflow/dags/branch.py
[2026-04-07T18:08:01.766+0000] {logging_mixin.py:190} INFO - [2026-04-07T18:08:01.764+0000] {dagbag.py:387} ERROR - Failed to import: /opt/airflow/dags/branch.py
Traceback (most recent call last):
  File "/home/airflow/.local/lib/python3.12/site-packages/airflow/models/dagbag.py", line 383, in parse
    loader.exec_module(new_module)
  File "<frozen importlib._bootstrap_external>", line 999, in exec_module
  File "<frozen importlib._bootstrap>", line 488, in _call_with_frames_removed
  File "/opt/airflow/dags/branch.py", line 6, in <module>
    from airflow.operators.branching import BranchPythonOperator
ModuleNotFoundError: No module named 'airflow.operators.branching'
[2026-04-07T18:08:01.767+0000] {processor.py:927} WARNING - No viable dags retrieved from /opt/airflow/dags/branch.py
[2026-04-07T18:08:01.802+0000] {processor.py:208} INFO - Processing /opt/airflow/dags/branch.py took 0.063 seconds
[2026-04-07T18:08:38.769+0000] {processor.py:186} INFO - Started process (PID=19340) to work on /opt/airflow/dags/branch.py
[2026-04-07T18:08:38.770+0000] {processor.py:914} INFO - Processing file /opt/airflow/dags/branch.py for tasks to queue
[2026-04-07T18:08:38.774+0000] {logging_mixin.py:190} INFO - [2026-04-07T18:08:38.774+0000] {dagbag.py:588} INFO - Filling up the DagBag from /opt/airflow/dags/branch.py
[2026-04-07T18:08:38.780+0000] {logging_mixin.py:190} INFO - [2026-04-07T18:08:38.778+0000] {dagbag.py:387} ERROR - Failed to import: /opt/airflow/dags/branch.py
Traceback (most recent call last):
  File "/home/airflow/.local/lib/python3.12/site-packages/airflow/models/dagbag.py", line 383, in parse
    loader.exec_module(new_module)
  File "<frozen importlib._bootstrap_external>", line 999, in exec_module
  File "<frozen importlib._bootstrap>", line 488, in _call_with_frames_removed
  File "/opt/airflow/dags/branch.py", line 6, in <module>
    from airflow.operators.branching import BranchPythonOperator
ModuleNotFoundError: No module named 'airflow.operators.branching'
[2026-04-07T18:08:38.781+0000] {processor.py:927} WARNING - No viable dags retrieved from /opt/airflow/dags/branch.py
[2026-04-07T18:08:38.816+0000] {processor.py:208} INFO - Processing /opt/airflow/dags/branch.py took 0.057 seconds
[2026-04-07T18:09:23.933+0000] {processor.py:186} INFO - Started process (PID=19413) to work on /opt/airflow/dags/branch.py
[2026-04-07T18:09:23.935+0000] {processor.py:914} INFO - Processing file /opt/airflow/dags/branch.py for tasks to queue
[2026-04-07T18:09:23.938+0000] {logging_mixin.py:190} INFO - [2026-04-07T18:09:23.938+0000] {dagbag.py:588} INFO - Filling up the DagBag from /opt/airflow/dags/branch.py
[2026-04-07T18:09:23.944+0000] {logging_mixin.py:190} INFO - [2026-04-07T18:09:23.942+0000] {dagbag.py:387} ERROR - Failed to import: /opt/airflow/dags/branch.py
Traceback (most recent call last):
  File "/home/airflow/.local/lib/python3.12/site-packages/airflow/models/dagbag.py", line 383, in parse
    loader.exec_module(new_module)
  File "<frozen importlib._bootstrap_external>", line 999, in exec_module
  File "<frozen importlib._bootstrap>", line 488, in _call_with_frames_removed
  File "/opt/airflow/dags/branch.py", line 6, in <module>
    from airflow.operators.branching import BranchPythonOperator
ModuleNotFoundError: No module named 'airflow.operators.branching'
[2026-04-07T18:09:23.945+0000] {processor.py:927} WARNING - No viable dags retrieved from /opt/airflow/dags/branch.py
[2026-04-07T18:09:23.980+0000] {processor.py:208} INFO - Processing /opt/airflow/dags/branch.py took 0.056 seconds
[2026-04-07T18:10:04.929+0000] {processor.py:186} INFO - Started process (PID=19484) to work on /opt/airflow/dags/branch.py
[2026-04-07T18:10:04.931+0000] {processor.py:914} INFO - Processing file /opt/airflow/dags/branch.py for tasks to queue
[2026-04-07T18:10:04.936+0000] {logging_mixin.py:190} INFO - [2026-04-07T18:10:04.936+0000] {dagbag.py:588} INFO - Filling up the DagBag from /opt/airflow/dags/branch.py
[2026-04-07T18:10:04.941+0000] {logging_mixin.py:190} INFO - [2026-04-07T18:10:04.940+0000] {dagbag.py:387} ERROR - Failed to import: /opt/airflow/dags/branch.py
Traceback (most recent call last):
  File "/home/airflow/.local/lib/python3.12/site-packages/airflow/models/dagbag.py", line 383, in parse
    loader.exec_module(new_module)
  File "<frozen importlib._bootstrap_external>", line 999, in exec_module
  File "<frozen importlib._bootstrap>", line 488, in _call_with_frames_removed
  File "/opt/airflow/dags/branch.py", line 6, in <module>
    from airflow.operators.branching import BranchPythonOperator
ModuleNotFoundError: No module named 'airflow.operators.branching'
[2026-04-07T18:10:04.942+0000] {processor.py:927} WARNING - No viable dags retrieved from /opt/airflow/dags/branch.py
[2026-04-07T18:10:04.979+0000] {processor.py:208} INFO - Processing /opt/airflow/dags/branch.py took 0.067 seconds
[2026-04-07T18:10:45.747+0000] {processor.py:186} INFO - Started process (PID=19553) to work on /opt/airflow/dags/branch.py
[2026-04-07T18:10:45.748+0000] {processor.py:914} INFO - Processing file /opt/airflow/dags/branch.py for tasks to queue
[2026-04-07T18:10:45.753+0000] {logging_mixin.py:190} INFO - [2026-04-07T18:10:45.752+0000] {dagbag.py:588} INFO - Filling up the DagBag from /opt/airflow/dags/branch.py
[2026-04-07T18:10:45.759+0000] {logging_mixin.py:190} INFO - [2026-04-07T18:10:45.757+0000] {dagbag.py:387} ERROR - Failed to import: /opt/airflow/dags/branch.py
Traceback (most recent call last):
  File "/home/airflow/.local/lib/python3.12/site-packages/airflow/models/dagbag.py", line 383, in parse
    loader.exec_module(new_module)
  File "<frozen importlib._bootstrap_external>", line 999, in exec_module
  File "<frozen importlib._bootstrap>", line 488, in _call_with_frames_removed
  File "/opt/airflow/dags/branch.py", line 6, in <module>
    from airflow.operators.branching import BranchPythonOperator
ModuleNotFoundError: No module named 'airflow.operators.branching'
[2026-04-07T18:10:45.760+0000] {processor.py:927} WARNING - No viable dags retrieved from /opt/airflow/dags/branch.py
[2026-04-07T18:10:45.794+0000] {processor.py:208} INFO - Processing /opt/airflow/dags/branch.py took 0.059 seconds
[2026-04-07T18:11:26.881+0000] {processor.py:186} INFO - Started process (PID=19624) to work on /opt/airflow/dags/branch.py
[2026-04-07T18:11:26.883+0000] {processor.py:914} INFO - Processing file /opt/airflow/dags/branch.py for tasks to queue
[2026-04-07T18:11:26.886+0000] {logging_mixin.py:190} INFO - [2026-04-07T18:11:26.886+0000] {dagbag.py:588} INFO - Filling up the DagBag from /opt/airflow/dags/branch.py
[2026-04-07T18:11:26.892+0000] {logging_mixin.py:190} INFO - [2026-04-07T18:11:26.890+0000] {dagbag.py:387} ERROR - Failed to import: /opt/airflow/dags/branch.py
Traceback (most recent call last):
  File "/home/airflow/.local/lib/python3.12/site-packages/airflow/models/dagbag.py", line 383, in parse
    loader.exec_module(new_module)
  File "<frozen importlib._bootstrap_external>", line 999, in exec_module
  File "<frozen importlib._bootstrap>", line 488, in _call_with_frames_removed
  File "/opt/airflow/dags/branch.py", line 6, in <module>
    from airflow.operators.branching import BranchPythonOperator
ModuleNotFoundError: No module named 'airflow.operators.branching'
[2026-04-07T18:11:26.893+0000] {processor.py:927} WARNING - No viable dags retrieved from /opt/airflow/dags/branch.py
[2026-04-07T18:11:26.930+0000] {processor.py:208} INFO - Processing /opt/airflow/dags/branch.py took 0.061 seconds
[2026-04-07T18:12:31.971+0000] {processor.py:186} INFO - Started process (PID=19697) to work on /opt/airflow/dags/branch.py
[2026-04-07T18:12:31.973+0000] {processor.py:914} INFO - Processing file /opt/airflow/dags/branch.py for tasks to queue
[2026-04-07T18:12:31.977+0000] {logging_mixin.py:190} INFO - [2026-04-07T18:12:31.976+0000] {dagbag.py:588} INFO - Filling up the DagBag from /opt/airflow/dags/branch.py
[2026-04-07T18:12:31.984+0000] {logging_mixin.py:190} INFO - [2026-04-07T18:12:31.981+0000] {dagbag.py:387} ERROR - Failed to import: /opt/airflow/dags/branch.py
Traceback (most recent call last):
  File "/home/airflow/.local/lib/python3.12/site-packages/airflow/models/dagbag.py", line 383, in parse
    loader.exec_module(new_module)
  File "<frozen importlib._bootstrap_external>", line 999, in exec_module
  File "<frozen importlib._bootstrap>", line 488, in _call_with_frames_removed
  File "/opt/airflow/dags/branch.py", line 6, in <module>
    from airflow.operators.branching import BranchPythonOperator
ModuleNotFoundError: No module named 'airflow.operators.branching'
[2026-04-07T18:12:31.985+0000] {processor.py:927} WARNING - No viable dags retrieved from /opt/airflow/dags/branch.py
[2026-04-07T18:12:32.029+0000] {processor.py:208} INFO - Processing /opt/airflow/dags/branch.py took 0.069 seconds
[2026-04-07T18:15:19.951+0000] {processor.py:186} INFO - Started process (PID=19768) to work on /opt/airflow/dags/branch.py
[2026-04-07T18:15:19.953+0000] {processor.py:914} INFO - Processing file /opt/airflow/dags/branch.py for tasks to queue
[2026-04-07T18:15:19.957+0000] {logging_mixin.py:190} INFO - [2026-04-07T18:15:19.956+0000] {dagbag.py:588} INFO - Filling up the DagBag from /opt/airflow/dags/branch.py
[2026-04-07T18:15:19.963+0000] {logging_mixin.py:190} INFO - [2026-04-07T18:15:19.961+0000] {dagbag.py:387} ERROR - Failed to import: /opt/airflow/dags/branch.py
Traceback (most recent call last):
  File "/home/airflow/.local/lib/python3.12/site-packages/airflow/models/dagbag.py", line 383, in parse
    loader.exec_module(new_module)
  File "<frozen importlib._bootstrap_external>", line 999, in exec_module
  File "<frozen importlib._bootstrap>", line 488, in _call_with_frames_removed
  File "/opt/airflow/dags/branch.py", line 6, in <module>
    from airflow.operators.branching import BranchPythonOperator
ModuleNotFoundError: No module named 'airflow.operators.branching'
[2026-04-07T18:15:19.964+0000] {processor.py:927} WARNING - No viable dags retrieved from /opt/airflow/dags/branch.py
[2026-04-07T18:15:20.000+0000] {processor.py:208} INFO - Processing /opt/airflow/dags/branch.py took 0.059 seconds
[2026-04-07T18:24:02.048+0000] {processor.py:186} INFO - Started process (PID=19837) to work on /opt/airflow/dags/branch.py
[2026-04-07T18:24:02.050+0000] {processor.py:914} INFO - Processing file /opt/airflow/dags/branch.py for tasks to queue
[2026-04-07T18:24:02.055+0000] {logging_mixin.py:190} INFO - [2026-04-07T18:24:02.054+0000] {dagbag.py:588} INFO - Filling up the DagBag from /opt/airflow/dags/branch.py
[2026-04-07T18:24:02.063+0000] {logging_mixin.py:190} INFO - [2026-04-07T18:24:02.060+0000] {dagbag.py:387} ERROR - Failed to import: /opt/airflow/dags/branch.py
Traceback (most recent call last):
  File "/home/airflow/.local/lib/python3.12/site-packages/airflow/models/dagbag.py", line 383, in parse
    loader.exec_module(new_module)
  File "<frozen importlib._bootstrap_external>", line 999, in exec_module
  File "<frozen importlib._bootstrap>", line 488, in _call_with_frames_removed
  File "/opt/airflow/dags/branch.py", line 6, in <module>
    from airflow.operators.branching import BranchPythonOperator
ModuleNotFoundError: No module named 'airflow.operators.branching'
[2026-04-07T18:24:02.064+0000] {processor.py:927} WARNING - No viable dags retrieved from /opt/airflow/dags/branch.py
[2026-04-07T18:24:02.110+0000] {processor.py:208} INFO - Processing /opt/airflow/dags/branch.py took 0.075 seconds
