[2026-04-07T14:49:35.118+0000] {processor.py:186} INFO - Started process (PID=207) to work on /opt/airflow/dags/spark_custom_submit_dag.py
[2026-04-07T14:49:35.119+0000] {processor.py:914} INFO - Processing file /opt/airflow/dags/spark_custom_submit_dag.py for tasks to queue
[2026-04-07T14:49:35.123+0000] {logging_mixin.py:190} INFO - [2026-04-07T14:49:35.122+0000] {dagbag.py:588} INFO - Filling up the DagBag from /opt/airflow/dags/spark_custom_submit_dag.py
[2026-04-07T14:49:35.139+0000] {processor.py:925} INFO - DAG(s) 'spark_custom_submit' retrieved from /opt/airflow/dags/spark_custom_submit_dag.py
[2026-04-07T14:49:35.195+0000] {logging_mixin.py:190} INFO - [2026-04-07T14:49:35.195+0000] {dag.py:3239} INFO - Sync 1 DAGs
[2026-04-07T14:49:35.233+0000] {logging_mixin.py:190} INFO - [2026-04-07T14:49:35.233+0000] {dag.py:4180} INFO - Setting next_dagrun for spark_custom_submit to None, run_after=None
[2026-04-07T14:49:35.274+0000] {processor.py:208} INFO - Processing /opt/airflow/dags/spark_custom_submit_dag.py took 0.168 seconds
[2026-04-07T14:50:05.823+0000] {processor.py:186} INFO - Started process (PID=290) to work on /opt/airflow/dags/spark_custom_submit_dag.py
[2026-04-07T14:50:05.824+0000] {processor.py:914} INFO - Processing file /opt/airflow/dags/spark_custom_submit_dag.py for tasks to queue
[2026-04-07T14:50:05.829+0000] {logging_mixin.py:190} INFO - [2026-04-07T14:50:05.829+0000] {dagbag.py:588} INFO - Filling up the DagBag from /opt/airflow/dags/spark_custom_submit_dag.py
[2026-04-07T14:50:05.849+0000] {processor.py:925} INFO - DAG(s) 'spark_custom_submit' retrieved from /opt/airflow/dags/spark_custom_submit_dag.py
[2026-04-07T14:50:05.908+0000] {logging_mixin.py:190} INFO - [2026-04-07T14:50:05.907+0000] {dag.py:3239} INFO - Sync 1 DAGs
[2026-04-07T14:50:05.937+0000] {logging_mixin.py:190} INFO - [2026-04-07T14:50:05.936+0000] {dag.py:4180} INFO - Setting next_dagrun for spark_custom_submit to None, run_after=None
[2026-04-07T14:50:05.974+0000] {processor.py:208} INFO - Processing /opt/airflow/dags/spark_custom_submit_dag.py took 0.166 seconds
[2026-04-07T14:50:36.159+0000] {processor.py:186} INFO - Started process (PID=361) to work on /opt/airflow/dags/spark_custom_submit_dag.py
[2026-04-07T14:50:36.160+0000] {processor.py:914} INFO - Processing file /opt/airflow/dags/spark_custom_submit_dag.py for tasks to queue
[2026-04-07T14:50:36.163+0000] {logging_mixin.py:190} INFO - [2026-04-07T14:50:36.163+0000] {dagbag.py:588} INFO - Filling up the DagBag from /opt/airflow/dags/spark_custom_submit_dag.py
[2026-04-07T14:50:36.173+0000] {processor.py:925} INFO - DAG(s) 'spark_custom_submit' retrieved from /opt/airflow/dags/spark_custom_submit_dag.py
[2026-04-07T14:50:36.208+0000] {logging_mixin.py:190} INFO - [2026-04-07T14:50:36.208+0000] {dag.py:3239} INFO - Sync 1 DAGs
[2026-04-07T14:50:36.231+0000] {logging_mixin.py:190} INFO - [2026-04-07T14:50:36.230+0000] {dag.py:4180} INFO - Setting next_dagrun for spark_custom_submit to None, run_after=None
[2026-04-07T14:50:36.269+0000] {processor.py:208} INFO - Processing /opt/airflow/dags/spark_custom_submit_dag.py took 0.119 seconds
[2026-04-07T14:51:06.466+0000] {processor.py:186} INFO - Started process (PID=432) to work on /opt/airflow/dags/spark_custom_submit_dag.py
[2026-04-07T14:51:06.467+0000] {processor.py:914} INFO - Processing file /opt/airflow/dags/spark_custom_submit_dag.py for tasks to queue
[2026-04-07T14:51:06.471+0000] {logging_mixin.py:190} INFO - [2026-04-07T14:51:06.470+0000] {dagbag.py:588} INFO - Filling up the DagBag from /opt/airflow/dags/spark_custom_submit_dag.py
[2026-04-07T14:51:06.482+0000] {processor.py:925} INFO - DAG(s) 'spark_custom_submit' retrieved from /opt/airflow/dags/spark_custom_submit_dag.py
[2026-04-07T14:51:06.517+0000] {logging_mixin.py:190} INFO - [2026-04-07T14:51:06.516+0000] {dag.py:3239} INFO - Sync 1 DAGs
[2026-04-07T14:51:06.541+0000] {logging_mixin.py:190} INFO - [2026-04-07T14:51:06.541+0000] {dag.py:4180} INFO - Setting next_dagrun for spark_custom_submit to None, run_after=None
[2026-04-07T14:51:06.568+0000] {processor.py:208} INFO - Processing /opt/airflow/dags/spark_custom_submit_dag.py took 0.112 seconds
[2026-04-07T14:51:36.690+0000] {processor.py:186} INFO - Started process (PID=501) to work on /opt/airflow/dags/spark_custom_submit_dag.py
[2026-04-07T14:51:36.691+0000] {processor.py:914} INFO - Processing file /opt/airflow/dags/spark_custom_submit_dag.py for tasks to queue
[2026-04-07T14:51:36.694+0000] {logging_mixin.py:190} INFO - [2026-04-07T14:51:36.693+0000] {dagbag.py:588} INFO - Filling up the DagBag from /opt/airflow/dags/spark_custom_submit_dag.py
[2026-04-07T14:51:36.704+0000] {processor.py:925} INFO - DAG(s) 'spark_custom_submit' retrieved from /opt/airflow/dags/spark_custom_submit_dag.py
[2026-04-07T14:51:36.741+0000] {logging_mixin.py:190} INFO - [2026-04-07T14:51:36.741+0000] {dag.py:3239} INFO - Sync 1 DAGs
[2026-04-07T14:51:36.767+0000] {logging_mixin.py:190} INFO - [2026-04-07T14:51:36.767+0000] {dag.py:4180} INFO - Setting next_dagrun for spark_custom_submit to None, run_after=None
[2026-04-07T14:51:36.798+0000] {processor.py:208} INFO - Processing /opt/airflow/dags/spark_custom_submit_dag.py took 0.117 seconds
[2026-04-07T14:52:06.952+0000] {processor.py:186} INFO - Started process (PID=572) to work on /opt/airflow/dags/spark_custom_submit_dag.py
[2026-04-07T14:52:06.953+0000] {processor.py:914} INFO - Processing file /opt/airflow/dags/spark_custom_submit_dag.py for tasks to queue
[2026-04-07T14:52:06.956+0000] {logging_mixin.py:190} INFO - [2026-04-07T14:52:06.955+0000] {dagbag.py:588} INFO - Filling up the DagBag from /opt/airflow/dags/spark_custom_submit_dag.py
[2026-04-07T14:52:06.964+0000] {processor.py:925} INFO - DAG(s) 'spark_custom_submit' retrieved from /opt/airflow/dags/spark_custom_submit_dag.py
[2026-04-07T14:52:06.999+0000] {logging_mixin.py:190} INFO - [2026-04-07T14:52:06.998+0000] {dag.py:3239} INFO - Sync 1 DAGs
[2026-04-07T14:52:07.024+0000] {logging_mixin.py:190} INFO - [2026-04-07T14:52:07.023+0000] {dag.py:4180} INFO - Setting next_dagrun for spark_custom_submit to None, run_after=None
[2026-04-07T14:52:07.050+0000] {processor.py:208} INFO - Processing /opt/airflow/dags/spark_custom_submit_dag.py took 0.106 seconds
[2026-04-07T14:52:38.196+0000] {processor.py:186} INFO - Started process (PID=645) to work on /opt/airflow/dags/spark_custom_submit_dag.py
[2026-04-07T14:52:38.197+0000] {processor.py:914} INFO - Processing file /opt/airflow/dags/spark_custom_submit_dag.py for tasks to queue
[2026-04-07T14:52:38.201+0000] {logging_mixin.py:190} INFO - [2026-04-07T14:52:38.201+0000] {dagbag.py:588} INFO - Filling up the DagBag from /opt/airflow/dags/spark_custom_submit_dag.py
[2026-04-07T14:52:38.211+0000] {processor.py:925} INFO - DAG(s) 'spark_custom_submit' retrieved from /opt/airflow/dags/spark_custom_submit_dag.py
[2026-04-07T14:52:38.249+0000] {logging_mixin.py:190} INFO - [2026-04-07T14:52:38.249+0000] {dag.py:3239} INFO - Sync 1 DAGs
[2026-04-07T14:52:38.270+0000] {logging_mixin.py:190} INFO - [2026-04-07T14:52:38.270+0000] {dag.py:4180} INFO - Setting next_dagrun for spark_custom_submit to None, run_after=None
[2026-04-07T14:52:38.299+0000] {processor.py:208} INFO - Processing /opt/airflow/dags/spark_custom_submit_dag.py took 0.112 seconds
[2026-04-07T14:53:08.397+0000] {processor.py:186} INFO - Started process (PID=714) to work on /opt/airflow/dags/spark_custom_submit_dag.py
[2026-04-07T14:53:08.398+0000] {processor.py:914} INFO - Processing file /opt/airflow/dags/spark_custom_submit_dag.py for tasks to queue
[2026-04-07T14:53:08.401+0000] {logging_mixin.py:190} INFO - [2026-04-07T14:53:08.400+0000] {dagbag.py:588} INFO - Filling up the DagBag from /opt/airflow/dags/spark_custom_submit_dag.py
[2026-04-07T14:53:08.410+0000] {processor.py:925} INFO - DAG(s) 'spark_custom_submit' retrieved from /opt/airflow/dags/spark_custom_submit_dag.py
[2026-04-07T14:53:08.441+0000] {logging_mixin.py:190} INFO - [2026-04-07T14:53:08.441+0000] {dag.py:3239} INFO - Sync 1 DAGs
[2026-04-07T14:53:08.459+0000] {logging_mixin.py:190} INFO - [2026-04-07T14:53:08.459+0000] {dag.py:4180} INFO - Setting next_dagrun for spark_custom_submit to None, run_after=None
[2026-04-07T14:53:08.480+0000] {processor.py:208} INFO - Processing /opt/airflow/dags/spark_custom_submit_dag.py took 0.091 seconds
[2026-04-07T14:53:39.613+0000] {processor.py:186} INFO - Started process (PID=787) to work on /opt/airflow/dags/spark_custom_submit_dag.py
[2026-04-07T14:53:39.615+0000] {processor.py:914} INFO - Processing file /opt/airflow/dags/spark_custom_submit_dag.py for tasks to queue
[2026-04-07T14:53:39.618+0000] {logging_mixin.py:190} INFO - [2026-04-07T14:53:39.617+0000] {dagbag.py:588} INFO - Filling up the DagBag from /opt/airflow/dags/spark_custom_submit_dag.py
[2026-04-07T14:53:39.630+0000] {processor.py:925} INFO - DAG(s) 'spark_custom_submit' retrieved from /opt/airflow/dags/spark_custom_submit_dag.py
[2026-04-07T14:53:39.671+0000] {logging_mixin.py:190} INFO - [2026-04-07T14:53:39.671+0000] {dag.py:3239} INFO - Sync 1 DAGs
[2026-04-07T14:53:39.694+0000] {logging_mixin.py:190} INFO - [2026-04-07T14:53:39.694+0000] {dag.py:4180} INFO - Setting next_dagrun for spark_custom_submit to None, run_after=None
[2026-04-07T14:53:39.720+0000] {processor.py:208} INFO - Processing /opt/airflow/dags/spark_custom_submit_dag.py took 0.116 seconds
[2026-04-07T14:54:09.890+0000] {processor.py:186} INFO - Started process (PID=858) to work on /opt/airflow/dags/spark_custom_submit_dag.py
[2026-04-07T14:54:09.892+0000] {processor.py:914} INFO - Processing file /opt/airflow/dags/spark_custom_submit_dag.py for tasks to queue
[2026-04-07T14:54:09.893+0000] {logging_mixin.py:190} INFO - [2026-04-07T14:54:09.893+0000] {dagbag.py:588} INFO - Filling up the DagBag from /opt/airflow/dags/spark_custom_submit_dag.py
[2026-04-07T14:54:09.901+0000] {processor.py:925} INFO - DAG(s) 'spark_custom_submit' retrieved from /opt/airflow/dags/spark_custom_submit_dag.py
[2026-04-07T14:54:09.932+0000] {logging_mixin.py:190} INFO - [2026-04-07T14:54:09.932+0000] {dag.py:3239} INFO - Sync 1 DAGs
[2026-04-07T14:54:09.953+0000] {logging_mixin.py:190} INFO - [2026-04-07T14:54:09.953+0000] {dag.py:4180} INFO - Setting next_dagrun for spark_custom_submit to None, run_after=None
[2026-04-07T14:54:09.977+0000] {processor.py:208} INFO - Processing /opt/airflow/dags/spark_custom_submit_dag.py took 0.098 seconds
[2026-04-07T14:54:40.360+0000] {processor.py:186} INFO - Started process (PID=957) to work on /opt/airflow/dags/spark_custom_submit_dag.py
[2026-04-07T14:54:40.362+0000] {processor.py:914} INFO - Processing file /opt/airflow/dags/spark_custom_submit_dag.py for tasks to queue
[2026-04-07T14:54:40.366+0000] {logging_mixin.py:190} INFO - [2026-04-07T14:54:40.365+0000] {dagbag.py:588} INFO - Filling up the DagBag from /opt/airflow/dags/spark_custom_submit_dag.py
[2026-04-07T14:54:40.386+0000] {processor.py:925} INFO - DAG(s) 'spark_custom_submit' retrieved from /opt/airflow/dags/spark_custom_submit_dag.py
[2026-04-07T14:54:40.447+0000] {logging_mixin.py:190} INFO - [2026-04-07T14:54:40.446+0000] {dag.py:3239} INFO - Sync 1 DAGs
[2026-04-07T14:54:40.489+0000] {logging_mixin.py:190} INFO - [2026-04-07T14:54:40.488+0000] {dag.py:4180} INFO - Setting next_dagrun for spark_custom_submit to None, run_after=None
[2026-04-07T14:54:40.533+0000] {processor.py:208} INFO - Processing /opt/airflow/dags/spark_custom_submit_dag.py took 0.186 seconds
[2026-04-07T14:55:10.977+0000] {processor.py:186} INFO - Started process (PID=1176) to work on /opt/airflow/dags/spark_custom_submit_dag.py
[2026-04-07T14:55:10.978+0000] {processor.py:914} INFO - Processing file /opt/airflow/dags/spark_custom_submit_dag.py for tasks to queue
[2026-04-07T14:55:10.980+0000] {logging_mixin.py:190} INFO - [2026-04-07T14:55:10.980+0000] {dagbag.py:588} INFO - Filling up the DagBag from /opt/airflow/dags/spark_custom_submit_dag.py
[2026-04-07T14:55:10.990+0000] {processor.py:925} INFO - DAG(s) 'spark_custom_submit' retrieved from /opt/airflow/dags/spark_custom_submit_dag.py
[2026-04-07T14:55:11.020+0000] {logging_mixin.py:190} INFO - [2026-04-07T14:55:11.020+0000] {dag.py:3239} INFO - Sync 1 DAGs
[2026-04-07T14:55:11.038+0000] {logging_mixin.py:190} INFO - [2026-04-07T14:55:11.038+0000] {dag.py:4180} INFO - Setting next_dagrun for spark_custom_submit to None, run_after=None
[2026-04-07T14:55:11.062+0000] {processor.py:208} INFO - Processing /opt/airflow/dags/spark_custom_submit_dag.py took 0.093 seconds
[2026-04-07T14:55:42.145+0000] {processor.py:186} INFO - Started process (PID=1247) to work on /opt/airflow/dags/spark_custom_submit_dag.py
[2026-04-07T14:55:42.147+0000] {processor.py:914} INFO - Processing file /opt/airflow/dags/spark_custom_submit_dag.py for tasks to queue
[2026-04-07T14:55:42.150+0000] {logging_mixin.py:190} INFO - [2026-04-07T14:55:42.149+0000] {dagbag.py:588} INFO - Filling up the DagBag from /opt/airflow/dags/spark_custom_submit_dag.py
[2026-04-07T14:55:42.161+0000] {processor.py:925} INFO - DAG(s) 'spark_custom_submit' retrieved from /opt/airflow/dags/spark_custom_submit_dag.py
[2026-04-07T14:55:42.197+0000] {logging_mixin.py:190} INFO - [2026-04-07T14:55:42.196+0000] {dag.py:3239} INFO - Sync 1 DAGs
[2026-04-07T14:55:42.217+0000] {logging_mixin.py:190} INFO - [2026-04-07T14:55:42.217+0000] {dag.py:4180} INFO - Setting next_dagrun for spark_custom_submit to None, run_after=None
[2026-04-07T14:55:42.247+0000] {processor.py:208} INFO - Processing /opt/airflow/dags/spark_custom_submit_dag.py took 0.112 seconds
[2026-04-07T14:56:12.377+0000] {processor.py:186} INFO - Started process (PID=1319) to work on /opt/airflow/dags/spark_custom_submit_dag.py
[2026-04-07T14:56:12.378+0000] {processor.py:914} INFO - Processing file /opt/airflow/dags/spark_custom_submit_dag.py for tasks to queue
[2026-04-07T14:56:12.381+0000] {logging_mixin.py:190} INFO - [2026-04-07T14:56:12.380+0000] {dagbag.py:588} INFO - Filling up the DagBag from /opt/airflow/dags/spark_custom_submit_dag.py
[2026-04-07T14:56:12.390+0000] {processor.py:925} INFO - DAG(s) 'spark_custom_submit' retrieved from /opt/airflow/dags/spark_custom_submit_dag.py
[2026-04-07T14:56:12.422+0000] {logging_mixin.py:190} INFO - [2026-04-07T14:56:12.422+0000] {dag.py:3239} INFO - Sync 1 DAGs
[2026-04-07T14:56:12.443+0000] {logging_mixin.py:190} INFO - [2026-04-07T14:56:12.443+0000] {dag.py:4180} INFO - Setting next_dagrun for spark_custom_submit to None, run_after=None
[2026-04-07T14:56:12.467+0000] {processor.py:208} INFO - Processing /opt/airflow/dags/spark_custom_submit_dag.py took 0.097 seconds
[2026-04-07T14:56:43.921+0000] {processor.py:186} INFO - Started process (PID=1392) to work on /opt/airflow/dags/spark_custom_submit_dag.py
[2026-04-07T14:56:43.923+0000] {processor.py:914} INFO - Processing file /opt/airflow/dags/spark_custom_submit_dag.py for tasks to queue
[2026-04-07T14:56:43.932+0000] {logging_mixin.py:190} INFO - [2026-04-07T14:56:43.931+0000] {dagbag.py:588} INFO - Filling up the DagBag from /opt/airflow/dags/spark_custom_submit_dag.py
[2026-04-07T14:56:43.956+0000] {processor.py:925} INFO - DAG(s) 'spark_custom_submit' retrieved from /opt/airflow/dags/spark_custom_submit_dag.py
[2026-04-07T14:56:44.040+0000] {logging_mixin.py:190} INFO - [2026-04-07T14:56:44.040+0000] {dag.py:3239} INFO - Sync 1 DAGs
[2026-04-07T14:56:44.084+0000] {logging_mixin.py:190} INFO - [2026-04-07T14:56:44.084+0000] {dag.py:4180} INFO - Setting next_dagrun for spark_custom_submit to None, run_after=None
[2026-04-07T14:56:44.125+0000] {processor.py:208} INFO - Processing /opt/airflow/dags/spark_custom_submit_dag.py took 0.233 seconds
[2026-04-07T14:57:15.000+0000] {processor.py:186} INFO - Started process (PID=1463) to work on /opt/airflow/dags/spark_custom_submit_dag.py
[2026-04-07T14:57:15.002+0000] {processor.py:914} INFO - Processing file /opt/airflow/dags/spark_custom_submit_dag.py for tasks to queue
[2026-04-07T14:57:15.005+0000] {logging_mixin.py:190} INFO - [2026-04-07T14:57:15.005+0000] {dagbag.py:588} INFO - Filling up the DagBag from /opt/airflow/dags/spark_custom_submit_dag.py
[2026-04-07T14:57:15.018+0000] {processor.py:925} INFO - DAG(s) 'spark_custom_submit' retrieved from /opt/airflow/dags/spark_custom_submit_dag.py
[2026-04-07T14:57:15.061+0000] {logging_mixin.py:190} INFO - [2026-04-07T14:57:15.060+0000] {dag.py:3239} INFO - Sync 1 DAGs
[2026-04-07T14:57:15.093+0000] {logging_mixin.py:190} INFO - [2026-04-07T14:57:15.092+0000] {dag.py:4180} INFO - Setting next_dagrun for spark_custom_submit to None, run_after=None
[2026-04-07T14:57:15.131+0000] {processor.py:208} INFO - Processing /opt/airflow/dags/spark_custom_submit_dag.py took 0.140 seconds
[2026-04-07T14:57:45.317+0000] {processor.py:186} INFO - Started process (PID=1532) to work on /opt/airflow/dags/spark_custom_submit_dag.py
[2026-04-07T14:57:45.318+0000] {processor.py:914} INFO - Processing file /opt/airflow/dags/spark_custom_submit_dag.py for tasks to queue
[2026-04-07T14:57:45.321+0000] {logging_mixin.py:190} INFO - [2026-04-07T14:57:45.320+0000] {dagbag.py:588} INFO - Filling up the DagBag from /opt/airflow/dags/spark_custom_submit_dag.py
[2026-04-07T14:57:45.330+0000] {processor.py:925} INFO - DAG(s) 'spark_custom_submit' retrieved from /opt/airflow/dags/spark_custom_submit_dag.py
[2026-04-07T14:57:45.359+0000] {logging_mixin.py:190} INFO - [2026-04-07T14:57:45.359+0000] {dag.py:3239} INFO - Sync 1 DAGs
[2026-04-07T14:57:45.378+0000] {logging_mixin.py:190} INFO - [2026-04-07T14:57:45.378+0000] {dag.py:4180} INFO - Setting next_dagrun for spark_custom_submit to None, run_after=None
[2026-04-07T14:57:45.403+0000] {processor.py:208} INFO - Processing /opt/airflow/dags/spark_custom_submit_dag.py took 0.092 seconds
[2026-04-07T14:58:15.804+0000] {processor.py:186} INFO - Started process (PID=1605) to work on /opt/airflow/dags/spark_custom_submit_dag.py
[2026-04-07T14:58:15.805+0000] {processor.py:914} INFO - Processing file /opt/airflow/dags/spark_custom_submit_dag.py for tasks to queue
[2026-04-07T14:58:15.808+0000] {logging_mixin.py:190} INFO - [2026-04-07T14:58:15.807+0000] {dagbag.py:588} INFO - Filling up the DagBag from /opt/airflow/dags/spark_custom_submit_dag.py
[2026-04-07T14:58:15.818+0000] {processor.py:925} INFO - DAG(s) 'spark_custom_submit' retrieved from /opt/airflow/dags/spark_custom_submit_dag.py
[2026-04-07T14:58:15.858+0000] {logging_mixin.py:190} INFO - [2026-04-07T14:58:15.858+0000] {dag.py:3239} INFO - Sync 1 DAGs
[2026-04-07T14:58:15.892+0000] {logging_mixin.py:190} INFO - [2026-04-07T14:58:15.891+0000] {dag.py:4180} INFO - Setting next_dagrun for spark_custom_submit to None, run_after=None
[2026-04-07T14:58:15.923+0000] {processor.py:208} INFO - Processing /opt/airflow/dags/spark_custom_submit_dag.py took 0.128 seconds
[2026-04-07T14:58:46.402+0000] {processor.py:186} INFO - Started process (PID=1676) to work on /opt/airflow/dags/spark_custom_submit_dag.py
[2026-04-07T14:58:46.403+0000] {processor.py:914} INFO - Processing file /opt/airflow/dags/spark_custom_submit_dag.py for tasks to queue
[2026-04-07T14:58:46.405+0000] {logging_mixin.py:190} INFO - [2026-04-07T14:58:46.404+0000] {dagbag.py:588} INFO - Filling up the DagBag from /opt/airflow/dags/spark_custom_submit_dag.py
[2026-04-07T14:58:46.413+0000] {processor.py:925} INFO - DAG(s) 'spark_custom_submit' retrieved from /opt/airflow/dags/spark_custom_submit_dag.py
[2026-04-07T14:58:46.441+0000] {logging_mixin.py:190} INFO - [2026-04-07T14:58:46.440+0000] {dag.py:3239} INFO - Sync 1 DAGs
[2026-04-07T14:58:46.458+0000] {logging_mixin.py:190} INFO - [2026-04-07T14:58:46.458+0000] {dag.py:4180} INFO - Setting next_dagrun for spark_custom_submit to None, run_after=None
[2026-04-07T14:58:46.481+0000] {processor.py:208} INFO - Processing /opt/airflow/dags/spark_custom_submit_dag.py took 0.087 seconds
[2026-04-07T14:59:16.881+0000] {processor.py:186} INFO - Started process (PID=1747) to work on /opt/airflow/dags/spark_custom_submit_dag.py
[2026-04-07T14:59:16.882+0000] {processor.py:914} INFO - Processing file /opt/airflow/dags/spark_custom_submit_dag.py for tasks to queue
[2026-04-07T14:59:16.885+0000] {logging_mixin.py:190} INFO - [2026-04-07T14:59:16.884+0000] {dagbag.py:588} INFO - Filling up the DagBag from /opt/airflow/dags/spark_custom_submit_dag.py
[2026-04-07T14:59:16.894+0000] {processor.py:925} INFO - DAG(s) 'spark_custom_submit' retrieved from /opt/airflow/dags/spark_custom_submit_dag.py
[2026-04-07T14:59:16.927+0000] {logging_mixin.py:190} INFO - [2026-04-07T14:59:16.927+0000] {dag.py:3239} INFO - Sync 1 DAGs
[2026-04-07T14:59:16.947+0000] {logging_mixin.py:190} INFO - [2026-04-07T14:59:16.947+0000] {dag.py:4180} INFO - Setting next_dagrun for spark_custom_submit to None, run_after=None
[2026-04-07T14:59:16.972+0000] {processor.py:208} INFO - Processing /opt/airflow/dags/spark_custom_submit_dag.py took 0.100 seconds
[2026-04-07T14:59:47.347+0000] {processor.py:186} INFO - Started process (PID=1818) to work on /opt/airflow/dags/spark_custom_submit_dag.py
[2026-04-07T14:59:47.349+0000] {processor.py:914} INFO - Processing file /opt/airflow/dags/spark_custom_submit_dag.py for tasks to queue
[2026-04-07T14:59:47.353+0000] {logging_mixin.py:190} INFO - [2026-04-07T14:59:47.352+0000] {dagbag.py:588} INFO - Filling up the DagBag from /opt/airflow/dags/spark_custom_submit_dag.py
[2026-04-07T14:59:47.367+0000] {processor.py:925} INFO - DAG(s) 'spark_custom_submit' retrieved from /opt/airflow/dags/spark_custom_submit_dag.py
[2026-04-07T14:59:47.410+0000] {logging_mixin.py:190} INFO - [2026-04-07T14:59:47.410+0000] {dag.py:3239} INFO - Sync 1 DAGs
[2026-04-07T14:59:47.444+0000] {logging_mixin.py:190} INFO - [2026-04-07T14:59:47.443+0000] {dag.py:4180} INFO - Setting next_dagrun for spark_custom_submit to None, run_after=None
[2026-04-07T14:59:47.478+0000] {processor.py:208} INFO - Processing /opt/airflow/dags/spark_custom_submit_dag.py took 0.141 seconds
[2026-04-07T15:00:17.991+0000] {processor.py:186} INFO - Started process (PID=2046) to work on /opt/airflow/dags/spark_custom_submit_dag.py
[2026-04-07T15:00:17.993+0000] {processor.py:914} INFO - Processing file /opt/airflow/dags/spark_custom_submit_dag.py for tasks to queue
[2026-04-07T15:00:17.996+0000] {logging_mixin.py:190} INFO - [2026-04-07T15:00:17.995+0000] {dagbag.py:588} INFO - Filling up the DagBag from /opt/airflow/dags/spark_custom_submit_dag.py
[2026-04-07T15:00:18.008+0000] {processor.py:925} INFO - DAG(s) 'spark_custom_submit' retrieved from /opt/airflow/dags/spark_custom_submit_dag.py
[2026-04-07T15:00:18.044+0000] {logging_mixin.py:190} INFO - [2026-04-07T15:00:18.043+0000] {dag.py:3239} INFO - Sync 1 DAGs
[2026-04-07T15:00:18.070+0000] {logging_mixin.py:190} INFO - [2026-04-07T15:00:18.070+0000] {dag.py:4180} INFO - Setting next_dagrun for spark_custom_submit to None, run_after=None
[2026-04-07T15:00:18.104+0000] {processor.py:208} INFO - Processing /opt/airflow/dags/spark_custom_submit_dag.py took 0.123 seconds
[2026-04-07T15:00:48.735+0000] {processor.py:186} INFO - Started process (PID=2117) to work on /opt/airflow/dags/spark_custom_submit_dag.py
[2026-04-07T15:00:48.736+0000] {processor.py:914} INFO - Processing file /opt/airflow/dags/spark_custom_submit_dag.py for tasks to queue
[2026-04-07T15:00:48.739+0000] {logging_mixin.py:190} INFO - [2026-04-07T15:00:48.739+0000] {dagbag.py:588} INFO - Filling up the DagBag from /opt/airflow/dags/spark_custom_submit_dag.py
[2026-04-07T15:00:48.753+0000] {processor.py:925} INFO - DAG(s) 'spark_custom_submit' retrieved from /opt/airflow/dags/spark_custom_submit_dag.py
[2026-04-07T15:00:48.798+0000] {logging_mixin.py:190} INFO - [2026-04-07T15:00:48.798+0000] {dag.py:3239} INFO - Sync 1 DAGs
[2026-04-07T15:00:48.828+0000] {logging_mixin.py:190} INFO - [2026-04-07T15:00:48.828+0000] {dag.py:4180} INFO - Setting next_dagrun for spark_custom_submit to None, run_after=None
[2026-04-07T15:00:48.859+0000] {processor.py:208} INFO - Processing /opt/airflow/dags/spark_custom_submit_dag.py took 0.136 seconds
[2026-04-07T15:01:19.277+0000] {processor.py:186} INFO - Started process (PID=2191) to work on /opt/airflow/dags/spark_custom_submit_dag.py
[2026-04-07T15:01:19.278+0000] {processor.py:914} INFO - Processing file /opt/airflow/dags/spark_custom_submit_dag.py for tasks to queue
[2026-04-07T15:01:19.280+0000] {logging_mixin.py:190} INFO - [2026-04-07T15:01:19.280+0000] {dagbag.py:588} INFO - Filling up the DagBag from /opt/airflow/dags/spark_custom_submit_dag.py
[2026-04-07T15:01:19.289+0000] {processor.py:925} INFO - DAG(s) 'spark_custom_submit' retrieved from /opt/airflow/dags/spark_custom_submit_dag.py
[2026-04-07T15:01:19.317+0000] {logging_mixin.py:190} INFO - [2026-04-07T15:01:19.316+0000] {dag.py:3239} INFO - Sync 1 DAGs
[2026-04-07T15:01:19.334+0000] {logging_mixin.py:190} INFO - [2026-04-07T15:01:19.334+0000] {dag.py:4180} INFO - Setting next_dagrun for spark_custom_submit to None, run_after=None
[2026-04-07T15:01:19.496+0000] {processor.py:208} INFO - Processing /opt/airflow/dags/spark_custom_submit_dag.py took 0.226 seconds
[2026-04-07T15:01:49.578+0000] {processor.py:186} INFO - Started process (PID=2259) to work on /opt/airflow/dags/spark_custom_submit_dag.py
[2026-04-07T15:01:49.578+0000] {processor.py:914} INFO - Processing file /opt/airflow/dags/spark_custom_submit_dag.py for tasks to queue
[2026-04-07T15:01:49.580+0000] {logging_mixin.py:190} INFO - [2026-04-07T15:01:49.580+0000] {dagbag.py:588} INFO - Filling up the DagBag from /opt/airflow/dags/spark_custom_submit_dag.py
[2026-04-07T15:01:49.589+0000] {processor.py:925} INFO - DAG(s) 'spark_custom_submit' retrieved from /opt/airflow/dags/spark_custom_submit_dag.py
[2026-04-07T15:01:49.617+0000] {logging_mixin.py:190} INFO - [2026-04-07T15:01:49.617+0000] {dag.py:3239} INFO - Sync 1 DAGs
[2026-04-07T15:01:49.635+0000] {logging_mixin.py:190} INFO - [2026-04-07T15:01:49.635+0000] {dag.py:4180} INFO - Setting next_dagrun for spark_custom_submit to None, run_after=None
[2026-04-07T15:01:49.659+0000] {processor.py:208} INFO - Processing /opt/airflow/dags/spark_custom_submit_dag.py took 0.091 seconds
[2026-04-07T15:02:19.917+0000] {processor.py:186} INFO - Started process (PID=2333) to work on /opt/airflow/dags/spark_custom_submit_dag.py
[2026-04-07T15:02:19.918+0000] {processor.py:914} INFO - Processing file /opt/airflow/dags/spark_custom_submit_dag.py for tasks to queue
[2026-04-07T15:02:19.920+0000] {logging_mixin.py:190} INFO - [2026-04-07T15:02:19.920+0000] {dagbag.py:588} INFO - Filling up the DagBag from /opt/airflow/dags/spark_custom_submit_dag.py
[2026-04-07T15:02:19.929+0000] {processor.py:925} INFO - DAG(s) 'spark_custom_submit' retrieved from /opt/airflow/dags/spark_custom_submit_dag.py
[2026-04-07T15:02:19.959+0000] {logging_mixin.py:190} INFO - [2026-04-07T15:02:19.959+0000] {dag.py:3239} INFO - Sync 1 DAGs
[2026-04-07T15:02:19.977+0000] {logging_mixin.py:190} INFO - [2026-04-07T15:02:19.977+0000] {dag.py:4180} INFO - Setting next_dagrun for spark_custom_submit to None, run_after=None
[2026-04-07T15:02:20.165+0000] {processor.py:208} INFO - Processing /opt/airflow/dags/spark_custom_submit_dag.py took 0.254 seconds
[2026-04-07T15:02:51.014+0000] {processor.py:186} INFO - Started process (PID=2406) to work on /opt/airflow/dags/spark_custom_submit_dag.py
[2026-04-07T15:02:51.015+0000] {processor.py:914} INFO - Processing file /opt/airflow/dags/spark_custom_submit_dag.py for tasks to queue
[2026-04-07T15:02:51.018+0000] {logging_mixin.py:190} INFO - [2026-04-07T15:02:51.018+0000] {dagbag.py:588} INFO - Filling up the DagBag from /opt/airflow/dags/spark_custom_submit_dag.py
[2026-04-07T15:02:51.202+0000] {processor.py:925} INFO - DAG(s) 'spark_custom_submit' retrieved from /opt/airflow/dags/spark_custom_submit_dag.py
[2026-04-07T15:02:51.226+0000] {logging_mixin.py:190} INFO - [2026-04-07T15:02:51.226+0000] {dag.py:3239} INFO - Sync 1 DAGs
[2026-04-07T15:02:51.244+0000] {logging_mixin.py:190} INFO - [2026-04-07T15:02:51.243+0000] {dag.py:4180} INFO - Setting next_dagrun for spark_custom_submit to None, run_after=None
[2026-04-07T15:02:51.267+0000] {processor.py:208} INFO - Processing /opt/airflow/dags/spark_custom_submit_dag.py took 0.261 seconds
[2026-04-07T15:03:21.382+0000] {processor.py:186} INFO - Started process (PID=2477) to work on /opt/airflow/dags/spark_custom_submit_dag.py
[2026-04-07T15:03:21.383+0000] {processor.py:914} INFO - Processing file /opt/airflow/dags/spark_custom_submit_dag.py for tasks to queue
[2026-04-07T15:03:21.386+0000] {logging_mixin.py:190} INFO - [2026-04-07T15:03:21.385+0000] {dagbag.py:588} INFO - Filling up the DagBag from /opt/airflow/dags/spark_custom_submit_dag.py
[2026-04-07T15:03:21.395+0000] {processor.py:925} INFO - DAG(s) 'spark_custom_submit' retrieved from /opt/airflow/dags/spark_custom_submit_dag.py
[2026-04-07T15:03:21.428+0000] {logging_mixin.py:190} INFO - [2026-04-07T15:03:21.427+0000] {dag.py:3239} INFO - Sync 1 DAGs
[2026-04-07T15:03:21.449+0000] {logging_mixin.py:190} INFO - [2026-04-07T15:03:21.449+0000] {dag.py:4180} INFO - Setting next_dagrun for spark_custom_submit to None, run_after=None
[2026-04-07T15:03:21.476+0000] {processor.py:208} INFO - Processing /opt/airflow/dags/spark_custom_submit_dag.py took 0.101 seconds
[2026-04-07T15:03:51.633+0000] {processor.py:186} INFO - Started process (PID=2543) to work on /opt/airflow/dags/spark_custom_submit_dag.py
[2026-04-07T15:03:51.634+0000] {processor.py:914} INFO - Processing file /opt/airflow/dags/spark_custom_submit_dag.py for tasks to queue
[2026-04-07T15:03:51.637+0000] {logging_mixin.py:190} INFO - [2026-04-07T15:03:51.637+0000] {dagbag.py:588} INFO - Filling up the DagBag from /opt/airflow/dags/spark_custom_submit_dag.py
[2026-04-07T15:03:51.647+0000] {processor.py:925} INFO - DAG(s) 'spark_custom_submit' retrieved from /opt/airflow/dags/spark_custom_submit_dag.py
[2026-04-07T15:03:51.678+0000] {logging_mixin.py:190} INFO - [2026-04-07T15:03:51.677+0000] {dag.py:3239} INFO - Sync 1 DAGs
[2026-04-07T15:03:51.695+0000] {logging_mixin.py:190} INFO - [2026-04-07T15:03:51.695+0000] {dag.py:4180} INFO - Setting next_dagrun for spark_custom_submit to None, run_after=None
[2026-04-07T15:03:51.719+0000] {processor.py:208} INFO - Processing /opt/airflow/dags/spark_custom_submit_dag.py took 0.099 seconds
[2026-04-07T15:04:21.965+0000] {processor.py:186} INFO - Started process (PID=2614) to work on /opt/airflow/dags/spark_custom_submit_dag.py
[2026-04-07T15:04:21.966+0000] {processor.py:914} INFO - Processing file /opt/airflow/dags/spark_custom_submit_dag.py for tasks to queue
[2026-04-07T15:04:21.968+0000] {logging_mixin.py:190} INFO - [2026-04-07T15:04:21.968+0000] {dagbag.py:588} INFO - Filling up the DagBag from /opt/airflow/dags/spark_custom_submit_dag.py
[2026-04-07T15:04:21.976+0000] {processor.py:925} INFO - DAG(s) 'spark_custom_submit' retrieved from /opt/airflow/dags/spark_custom_submit_dag.py
[2026-04-07T15:04:22.007+0000] {logging_mixin.py:190} INFO - [2026-04-07T15:04:22.006+0000] {dag.py:3239} INFO - Sync 1 DAGs
[2026-04-07T15:04:22.026+0000] {logging_mixin.py:190} INFO - [2026-04-07T15:04:22.026+0000] {dag.py:4180} INFO - Setting next_dagrun for spark_custom_submit to None, run_after=None
[2026-04-07T15:04:22.050+0000] {processor.py:208} INFO - Processing /opt/airflow/dags/spark_custom_submit_dag.py took 0.096 seconds
[2026-04-07T15:04:52.240+0000] {processor.py:186} INFO - Started process (PID=2685) to work on /opt/airflow/dags/spark_custom_submit_dag.py
[2026-04-07T15:04:52.241+0000] {processor.py:914} INFO - Processing file /opt/airflow/dags/spark_custom_submit_dag.py for tasks to queue
[2026-04-07T15:04:52.243+0000] {logging_mixin.py:190} INFO - [2026-04-07T15:04:52.242+0000] {dagbag.py:588} INFO - Filling up the DagBag from /opt/airflow/dags/spark_custom_submit_dag.py
[2026-04-07T15:04:52.250+0000] {processor.py:925} INFO - DAG(s) 'spark_custom_submit' retrieved from /opt/airflow/dags/spark_custom_submit_dag.py
[2026-04-07T15:04:52.280+0000] {logging_mixin.py:190} INFO - [2026-04-07T15:04:52.279+0000] {dag.py:3239} INFO - Sync 1 DAGs
[2026-04-07T15:04:52.299+0000] {logging_mixin.py:190} INFO - [2026-04-07T15:04:52.299+0000] {dag.py:4180} INFO - Setting next_dagrun for spark_custom_submit to None, run_after=None
[2026-04-07T15:04:52.322+0000] {processor.py:208} INFO - Processing /opt/airflow/dags/spark_custom_submit_dag.py took 0.089 seconds
[2026-04-07T15:05:22.449+0000] {processor.py:186} INFO - Started process (PID=2756) to work on /opt/airflow/dags/spark_custom_submit_dag.py
[2026-04-07T15:05:22.450+0000] {processor.py:914} INFO - Processing file /opt/airflow/dags/spark_custom_submit_dag.py for tasks to queue
[2026-04-07T15:05:22.452+0000] {logging_mixin.py:190} INFO - [2026-04-07T15:05:22.452+0000] {dagbag.py:588} INFO - Filling up the DagBag from /opt/airflow/dags/spark_custom_submit_dag.py
[2026-04-07T15:05:22.459+0000] {processor.py:925} INFO - DAG(s) 'spark_custom_submit' retrieved from /opt/airflow/dags/spark_custom_submit_dag.py
[2026-04-07T15:05:22.490+0000] {logging_mixin.py:190} INFO - [2026-04-07T15:05:22.490+0000] {dag.py:3239} INFO - Sync 1 DAGs
[2026-04-07T15:05:22.508+0000] {logging_mixin.py:190} INFO - [2026-04-07T15:05:22.508+0000] {dag.py:4180} INFO - Setting next_dagrun for spark_custom_submit to None, run_after=None
[2026-04-07T15:05:22.532+0000] {processor.py:208} INFO - Processing /opt/airflow/dags/spark_custom_submit_dag.py took 0.089 seconds
[2026-04-07T15:05:52.641+0000] {processor.py:186} INFO - Started process (PID=2827) to work on /opt/airflow/dags/spark_custom_submit_dag.py
[2026-04-07T15:05:52.642+0000] {processor.py:914} INFO - Processing file /opt/airflow/dags/spark_custom_submit_dag.py for tasks to queue
[2026-04-07T15:05:52.644+0000] {logging_mixin.py:190} INFO - [2026-04-07T15:05:52.644+0000] {dagbag.py:588} INFO - Filling up the DagBag from /opt/airflow/dags/spark_custom_submit_dag.py
[2026-04-07T15:05:52.651+0000] {processor.py:925} INFO - DAG(s) 'spark_custom_submit' retrieved from /opt/airflow/dags/spark_custom_submit_dag.py
[2026-04-07T15:05:52.679+0000] {logging_mixin.py:190} INFO - [2026-04-07T15:05:52.678+0000] {dag.py:3239} INFO - Sync 1 DAGs
[2026-04-07T15:05:52.697+0000] {logging_mixin.py:190} INFO - [2026-04-07T15:05:52.697+0000] {dag.py:4180} INFO - Setting next_dagrun for spark_custom_submit to None, run_after=None
[2026-04-07T15:05:52.720+0000] {processor.py:208} INFO - Processing /opt/airflow/dags/spark_custom_submit_dag.py took 0.090 seconds
[2026-04-07T15:06:22.858+0000] {processor.py:186} INFO - Started process (PID=2898) to work on /opt/airflow/dags/spark_custom_submit_dag.py
[2026-04-07T15:06:22.859+0000] {processor.py:914} INFO - Processing file /opt/airflow/dags/spark_custom_submit_dag.py for tasks to queue
[2026-04-07T15:06:22.861+0000] {logging_mixin.py:190} INFO - [2026-04-07T15:06:22.861+0000] {dagbag.py:588} INFO - Filling up the DagBag from /opt/airflow/dags/spark_custom_submit_dag.py
[2026-04-07T15:06:22.868+0000] {processor.py:925} INFO - DAG(s) 'spark_custom_submit' retrieved from /opt/airflow/dags/spark_custom_submit_dag.py
[2026-04-07T15:06:22.895+0000] {logging_mixin.py:190} INFO - [2026-04-07T15:06:22.895+0000] {dag.py:3239} INFO - Sync 1 DAGs
[2026-04-07T15:06:22.912+0000] {logging_mixin.py:190} INFO - [2026-04-07T15:06:22.912+0000] {dag.py:4180} INFO - Setting next_dagrun for spark_custom_submit to None, run_after=None
[2026-04-07T15:06:22.935+0000] {processor.py:208} INFO - Processing /opt/airflow/dags/spark_custom_submit_dag.py took 0.089 seconds
[2026-04-07T15:06:53.068+0000] {processor.py:186} INFO - Started process (PID=2969) to work on /opt/airflow/dags/spark_custom_submit_dag.py
[2026-04-07T15:06:53.069+0000] {processor.py:914} INFO - Processing file /opt/airflow/dags/spark_custom_submit_dag.py for tasks to queue
[2026-04-07T15:06:53.072+0000] {logging_mixin.py:190} INFO - [2026-04-07T15:06:53.071+0000] {dagbag.py:588} INFO - Filling up the DagBag from /opt/airflow/dags/spark_custom_submit_dag.py
[2026-04-07T15:06:53.081+0000] {processor.py:925} INFO - DAG(s) 'spark_custom_submit' retrieved from /opt/airflow/dags/spark_custom_submit_dag.py
[2026-04-07T15:06:53.113+0000] {logging_mixin.py:190} INFO - [2026-04-07T15:06:53.112+0000] {dag.py:3239} INFO - Sync 1 DAGs
[2026-04-07T15:06:53.136+0000] {logging_mixin.py:190} INFO - [2026-04-07T15:06:53.136+0000] {dag.py:4180} INFO - Setting next_dagrun for spark_custom_submit to None, run_after=None
[2026-04-07T15:06:53.162+0000] {processor.py:208} INFO - Processing /opt/airflow/dags/spark_custom_submit_dag.py took 0.103 seconds
[2026-04-07T15:07:24.258+0000] {processor.py:186} INFO - Started process (PID=3040) to work on /opt/airflow/dags/spark_custom_submit_dag.py
[2026-04-07T15:07:24.259+0000] {processor.py:914} INFO - Processing file /opt/airflow/dags/spark_custom_submit_dag.py for tasks to queue
[2026-04-07T15:07:24.261+0000] {logging_mixin.py:190} INFO - [2026-04-07T15:07:24.261+0000] {dagbag.py:588} INFO - Filling up the DagBag from /opt/airflow/dags/spark_custom_submit_dag.py
[2026-04-07T15:07:24.269+0000] {processor.py:925} INFO - DAG(s) 'spark_custom_submit' retrieved from /opt/airflow/dags/spark_custom_submit_dag.py
[2026-04-07T15:07:24.299+0000] {logging_mixin.py:190} INFO - [2026-04-07T15:07:24.299+0000] {dag.py:3239} INFO - Sync 1 DAGs
[2026-04-07T15:07:24.321+0000] {logging_mixin.py:190} INFO - [2026-04-07T15:07:24.320+0000] {dag.py:4180} INFO - Setting next_dagrun for spark_custom_submit to None, run_after=None
[2026-04-07T15:07:24.345+0000] {processor.py:208} INFO - Processing /opt/airflow/dags/spark_custom_submit_dag.py took 0.098 seconds
[2026-04-07T15:07:54.599+0000] {processor.py:186} INFO - Started process (PID=3111) to work on /opt/airflow/dags/spark_custom_submit_dag.py
[2026-04-07T15:07:54.600+0000] {processor.py:914} INFO - Processing file /opt/airflow/dags/spark_custom_submit_dag.py for tasks to queue
[2026-04-07T15:07:54.604+0000] {logging_mixin.py:190} INFO - [2026-04-07T15:07:54.604+0000] {dagbag.py:588} INFO - Filling up the DagBag from /opt/airflow/dags/spark_custom_submit_dag.py
[2026-04-07T15:07:54.614+0000] {processor.py:925} INFO - DAG(s) 'spark_custom_submit' retrieved from /opt/airflow/dags/spark_custom_submit_dag.py
[2026-04-07T15:07:54.643+0000] {logging_mixin.py:190} INFO - [2026-04-07T15:07:54.643+0000] {dag.py:3239} INFO - Sync 1 DAGs
[2026-04-07T15:07:54.660+0000] {logging_mixin.py:190} INFO - [2026-04-07T15:07:54.660+0000] {dag.py:4180} INFO - Setting next_dagrun for spark_custom_submit to None, run_after=None
[2026-04-07T15:07:54.684+0000] {processor.py:208} INFO - Processing /opt/airflow/dags/spark_custom_submit_dag.py took 0.092 seconds
[2026-04-07T15:08:25.154+0000] {processor.py:186} INFO - Started process (PID=3182) to work on /opt/airflow/dags/spark_custom_submit_dag.py
[2026-04-07T15:08:25.174+0000] {processor.py:914} INFO - Processing file /opt/airflow/dags/spark_custom_submit_dag.py for tasks to queue
[2026-04-07T15:08:25.187+0000] {logging_mixin.py:190} INFO - [2026-04-07T15:08:25.187+0000] {dagbag.py:588} INFO - Filling up the DagBag from /opt/airflow/dags/spark_custom_submit_dag.py
[2026-04-07T15:08:25.199+0000] {processor.py:925} INFO - DAG(s) 'spark_custom_submit' retrieved from /opt/airflow/dags/spark_custom_submit_dag.py
[2026-04-07T15:08:25.265+0000] {logging_mixin.py:190} INFO - [2026-04-07T15:08:25.265+0000] {dag.py:3239} INFO - Sync 1 DAGs
[2026-04-07T15:08:25.304+0000] {logging_mixin.py:190} INFO - [2026-04-07T15:08:25.303+0000] {dag.py:4180} INFO - Setting next_dagrun for spark_custom_submit to None, run_after=None
[2026-04-07T15:08:25.384+0000] {processor.py:208} INFO - Processing /opt/airflow/dags/spark_custom_submit_dag.py took 0.240 seconds
[2026-04-07T15:08:56.044+0000] {processor.py:186} INFO - Started process (PID=3252) to work on /opt/airflow/dags/spark_custom_submit_dag.py
[2026-04-07T15:08:56.045+0000] {processor.py:914} INFO - Processing file /opt/airflow/dags/spark_custom_submit_dag.py for tasks to queue
[2026-04-07T15:08:56.048+0000] {logging_mixin.py:190} INFO - [2026-04-07T15:08:56.048+0000] {dagbag.py:588} INFO - Filling up the DagBag from /opt/airflow/dags/spark_custom_submit_dag.py
[2026-04-07T15:08:56.060+0000] {processor.py:925} INFO - DAG(s) 'spark_custom_submit' retrieved from /opt/airflow/dags/spark_custom_submit_dag.py
[2026-04-07T15:08:56.101+0000] {logging_mixin.py:190} INFO - [2026-04-07T15:08:56.100+0000] {dag.py:3239} INFO - Sync 1 DAGs
[2026-04-07T15:08:56.134+0000] {logging_mixin.py:190} INFO - [2026-04-07T15:08:56.133+0000] {dag.py:4180} INFO - Setting next_dagrun for spark_custom_submit to None, run_after=None
[2026-04-07T15:08:56.167+0000] {processor.py:208} INFO - Processing /opt/airflow/dags/spark_custom_submit_dag.py took 0.131 seconds
[2026-04-07T15:09:26.404+0000] {processor.py:186} INFO - Started process (PID=3323) to work on /opt/airflow/dags/spark_custom_submit_dag.py
[2026-04-07T15:09:26.405+0000] {processor.py:914} INFO - Processing file /opt/airflow/dags/spark_custom_submit_dag.py for tasks to queue
[2026-04-07T15:09:26.408+0000] {logging_mixin.py:190} INFO - [2026-04-07T15:09:26.408+0000] {dagbag.py:588} INFO - Filling up the DagBag from /opt/airflow/dags/spark_custom_submit_dag.py
[2026-04-07T15:09:26.419+0000] {processor.py:925} INFO - DAG(s) 'spark_custom_submit' retrieved from /opt/airflow/dags/spark_custom_submit_dag.py
[2026-04-07T15:09:26.449+0000] {logging_mixin.py:190} INFO - [2026-04-07T15:09:26.449+0000] {dag.py:3239} INFO - Sync 1 DAGs
[2026-04-07T15:09:26.467+0000] {logging_mixin.py:190} INFO - [2026-04-07T15:09:26.467+0000] {dag.py:4180} INFO - Setting next_dagrun for spark_custom_submit to None, run_after=None
[2026-04-07T15:09:26.492+0000] {processor.py:208} INFO - Processing /opt/airflow/dags/spark_custom_submit_dag.py took 0.096 seconds
[2026-04-07T15:09:56.708+0000] {processor.py:186} INFO - Started process (PID=3394) to work on /opt/airflow/dags/spark_custom_submit_dag.py
[2026-04-07T15:09:56.709+0000] {processor.py:914} INFO - Processing file /opt/airflow/dags/spark_custom_submit_dag.py for tasks to queue
[2026-04-07T15:09:56.711+0000] {logging_mixin.py:190} INFO - [2026-04-07T15:09:56.711+0000] {dagbag.py:588} INFO - Filling up the DagBag from /opt/airflow/dags/spark_custom_submit_dag.py
[2026-04-07T15:09:56.720+0000] {processor.py:925} INFO - DAG(s) 'spark_custom_submit' retrieved from /opt/airflow/dags/spark_custom_submit_dag.py
[2026-04-07T15:09:56.751+0000] {logging_mixin.py:190} INFO - [2026-04-07T15:09:56.751+0000] {dag.py:3239} INFO - Sync 1 DAGs
[2026-04-07T15:09:56.769+0000] {logging_mixin.py:190} INFO - [2026-04-07T15:09:56.768+0000] {dag.py:4180} INFO - Setting next_dagrun for spark_custom_submit to None, run_after=None
[2026-04-07T15:09:56.791+0000] {processor.py:208} INFO - Processing /opt/airflow/dags/spark_custom_submit_dag.py took 0.089 seconds
[2026-04-07T15:10:27.121+0000] {processor.py:186} INFO - Started process (PID=3465) to work on /opt/airflow/dags/spark_custom_submit_dag.py
[2026-04-07T15:10:27.123+0000] {processor.py:914} INFO - Processing file /opt/airflow/dags/spark_custom_submit_dag.py for tasks to queue
[2026-04-07T15:10:27.127+0000] {logging_mixin.py:190} INFO - [2026-04-07T15:10:27.126+0000] {dagbag.py:588} INFO - Filling up the DagBag from /opt/airflow/dags/spark_custom_submit_dag.py
[2026-04-07T15:10:27.142+0000] {processor.py:925} INFO - DAG(s) 'spark_custom_submit' retrieved from /opt/airflow/dags/spark_custom_submit_dag.py
[2026-04-07T15:10:27.183+0000] {logging_mixin.py:190} INFO - [2026-04-07T15:10:27.182+0000] {dag.py:3239} INFO - Sync 1 DAGs
[2026-04-07T15:10:27.212+0000] {logging_mixin.py:190} INFO - [2026-04-07T15:10:27.212+0000] {dag.py:4180} INFO - Setting next_dagrun for spark_custom_submit to None, run_after=None
[2026-04-07T15:10:27.247+0000] {processor.py:208} INFO - Processing /opt/airflow/dags/spark_custom_submit_dag.py took 0.138 seconds
[2026-04-07T15:10:57.457+0000] {processor.py:186} INFO - Started process (PID=3536) to work on /opt/airflow/dags/spark_custom_submit_dag.py
[2026-04-07T15:10:57.458+0000] {processor.py:914} INFO - Processing file /opt/airflow/dags/spark_custom_submit_dag.py for tasks to queue
[2026-04-07T15:10:57.460+0000] {logging_mixin.py:190} INFO - [2026-04-07T15:10:57.459+0000] {dagbag.py:588} INFO - Filling up the DagBag from /opt/airflow/dags/spark_custom_submit_dag.py
[2026-04-07T15:10:57.467+0000] {processor.py:925} INFO - DAG(s) 'spark_custom_submit' retrieved from /opt/airflow/dags/spark_custom_submit_dag.py
[2026-04-07T15:10:57.499+0000] {logging_mixin.py:190} INFO - [2026-04-07T15:10:57.498+0000] {dag.py:3239} INFO - Sync 1 DAGs
[2026-04-07T15:10:57.517+0000] {logging_mixin.py:190} INFO - [2026-04-07T15:10:57.516+0000] {dag.py:4180} INFO - Setting next_dagrun for spark_custom_submit to None, run_after=None
[2026-04-07T15:10:57.537+0000] {processor.py:208} INFO - Processing /opt/airflow/dags/spark_custom_submit_dag.py took 0.087 seconds
[2026-04-07T15:11:27.832+0000] {processor.py:186} INFO - Started process (PID=3607) to work on /opt/airflow/dags/spark_custom_submit_dag.py
[2026-04-07T15:11:27.833+0000] {processor.py:914} INFO - Processing file /opt/airflow/dags/spark_custom_submit_dag.py for tasks to queue
[2026-04-07T15:11:27.835+0000] {logging_mixin.py:190} INFO - [2026-04-07T15:11:27.835+0000] {dagbag.py:588} INFO - Filling up the DagBag from /opt/airflow/dags/spark_custom_submit_dag.py
[2026-04-07T15:11:27.842+0000] {processor.py:925} INFO - DAG(s) 'spark_custom_submit' retrieved from /opt/airflow/dags/spark_custom_submit_dag.py
[2026-04-07T15:11:27.872+0000] {logging_mixin.py:190} INFO - [2026-04-07T15:11:27.871+0000] {dag.py:3239} INFO - Sync 1 DAGs
[2026-04-07T15:11:27.890+0000] {logging_mixin.py:190} INFO - [2026-04-07T15:11:27.889+0000] {dag.py:4180} INFO - Setting next_dagrun for spark_custom_submit to None, run_after=None
[2026-04-07T15:11:27.914+0000] {processor.py:208} INFO - Processing /opt/airflow/dags/spark_custom_submit_dag.py took 0.094 seconds
[2026-04-07T15:11:58.003+0000] {processor.py:186} INFO - Started process (PID=3678) to work on /opt/airflow/dags/spark_custom_submit_dag.py
[2026-04-07T15:11:58.004+0000] {processor.py:914} INFO - Processing file /opt/airflow/dags/spark_custom_submit_dag.py for tasks to queue
[2026-04-07T15:11:58.007+0000] {logging_mixin.py:190} INFO - [2026-04-07T15:11:58.007+0000] {dagbag.py:588} INFO - Filling up the DagBag from /opt/airflow/dags/spark_custom_submit_dag.py
[2026-04-07T15:11:58.016+0000] {processor.py:925} INFO - DAG(s) 'spark_custom_submit' retrieved from /opt/airflow/dags/spark_custom_submit_dag.py
[2026-04-07T15:11:58.045+0000] {logging_mixin.py:190} INFO - [2026-04-07T15:11:58.044+0000] {dag.py:3239} INFO - Sync 1 DAGs
[2026-04-07T15:11:58.064+0000] {logging_mixin.py:190} INFO - [2026-04-07T15:11:58.063+0000] {dag.py:4180} INFO - Setting next_dagrun for spark_custom_submit to None, run_after=None
[2026-04-07T15:11:58.085+0000] {processor.py:208} INFO - Processing /opt/airflow/dags/spark_custom_submit_dag.py took 0.089 seconds
[2026-04-07T15:12:28.206+0000] {processor.py:186} INFO - Started process (PID=3749) to work on /opt/airflow/dags/spark_custom_submit_dag.py
[2026-04-07T15:12:28.207+0000] {processor.py:914} INFO - Processing file /opt/airflow/dags/spark_custom_submit_dag.py for tasks to queue
[2026-04-07T15:12:28.209+0000] {logging_mixin.py:190} INFO - [2026-04-07T15:12:28.208+0000] {dagbag.py:588} INFO - Filling up the DagBag from /opt/airflow/dags/spark_custom_submit_dag.py
[2026-04-07T15:12:28.218+0000] {processor.py:925} INFO - DAG(s) 'spark_custom_submit' retrieved from /opt/airflow/dags/spark_custom_submit_dag.py
[2026-04-07T15:12:28.249+0000] {logging_mixin.py:190} INFO - [2026-04-07T15:12:28.249+0000] {dag.py:3239} INFO - Sync 1 DAGs
[2026-04-07T15:12:28.268+0000] {logging_mixin.py:190} INFO - [2026-04-07T15:12:28.268+0000] {dag.py:4180} INFO - Setting next_dagrun for spark_custom_submit to None, run_after=None
[2026-04-07T15:12:28.291+0000] {processor.py:208} INFO - Processing /opt/airflow/dags/spark_custom_submit_dag.py took 0.098 seconds
[2026-04-07T15:12:58.426+0000] {processor.py:186} INFO - Started process (PID=3820) to work on /opt/airflow/dags/spark_custom_submit_dag.py
[2026-04-07T15:12:58.427+0000] {processor.py:914} INFO - Processing file /opt/airflow/dags/spark_custom_submit_dag.py for tasks to queue
[2026-04-07T15:12:58.430+0000] {logging_mixin.py:190} INFO - [2026-04-07T15:12:58.429+0000] {dagbag.py:588} INFO - Filling up the DagBag from /opt/airflow/dags/spark_custom_submit_dag.py
[2026-04-07T15:12:58.438+0000] {processor.py:925} INFO - DAG(s) 'spark_custom_submit' retrieved from /opt/airflow/dags/spark_custom_submit_dag.py
[2026-04-07T15:12:58.469+0000] {logging_mixin.py:190} INFO - [2026-04-07T15:12:58.469+0000] {dag.py:3239} INFO - Sync 1 DAGs
[2026-04-07T15:12:58.490+0000] {logging_mixin.py:190} INFO - [2026-04-07T15:12:58.489+0000] {dag.py:4180} INFO - Setting next_dagrun for spark_custom_submit to None, run_after=None
[2026-04-07T15:12:58.513+0000] {processor.py:208} INFO - Processing /opt/airflow/dags/spark_custom_submit_dag.py took 0.099 seconds
[2026-04-07T15:13:28.644+0000] {processor.py:186} INFO - Started process (PID=3891) to work on /opt/airflow/dags/spark_custom_submit_dag.py
[2026-04-07T15:13:28.645+0000] {processor.py:914} INFO - Processing file /opt/airflow/dags/spark_custom_submit_dag.py for tasks to queue
[2026-04-07T15:13:28.648+0000] {logging_mixin.py:190} INFO - [2026-04-07T15:13:28.647+0000] {dagbag.py:588} INFO - Filling up the DagBag from /opt/airflow/dags/spark_custom_submit_dag.py
[2026-04-07T15:13:28.659+0000] {processor.py:925} INFO - DAG(s) 'spark_custom_submit' retrieved from /opt/airflow/dags/spark_custom_submit_dag.py
[2026-04-07T15:13:28.702+0000] {logging_mixin.py:190} INFO - [2026-04-07T15:13:28.702+0000] {dag.py:3239} INFO - Sync 1 DAGs
[2026-04-07T15:13:28.732+0000] {logging_mixin.py:190} INFO - [2026-04-07T15:13:28.732+0000] {dag.py:4180} INFO - Setting next_dagrun for spark_custom_submit to None, run_after=None
[2026-04-07T15:13:28.767+0000] {processor.py:208} INFO - Processing /opt/airflow/dags/spark_custom_submit_dag.py took 0.133 seconds
[2026-04-07T15:13:58.947+0000] {processor.py:186} INFO - Started process (PID=3962) to work on /opt/airflow/dags/spark_custom_submit_dag.py
[2026-04-07T15:13:58.948+0000] {processor.py:914} INFO - Processing file /opt/airflow/dags/spark_custom_submit_dag.py for tasks to queue
[2026-04-07T15:13:58.950+0000] {logging_mixin.py:190} INFO - [2026-04-07T15:13:58.950+0000] {dagbag.py:588} INFO - Filling up the DagBag from /opt/airflow/dags/spark_custom_submit_dag.py
[2026-04-07T15:13:58.957+0000] {processor.py:925} INFO - DAG(s) 'spark_custom_submit' retrieved from /opt/airflow/dags/spark_custom_submit_dag.py
[2026-04-07T15:13:58.989+0000] {logging_mixin.py:190} INFO - [2026-04-07T15:13:58.988+0000] {dag.py:3239} INFO - Sync 1 DAGs
[2026-04-07T15:13:59.012+0000] {logging_mixin.py:190} INFO - [2026-04-07T15:13:59.012+0000] {dag.py:4180} INFO - Setting next_dagrun for spark_custom_submit to None, run_after=None
[2026-04-07T15:13:59.041+0000] {processor.py:208} INFO - Processing /opt/airflow/dags/spark_custom_submit_dag.py took 0.106 seconds
[2026-04-07T15:14:29.163+0000] {processor.py:186} INFO - Started process (PID=4033) to work on /opt/airflow/dags/spark_custom_submit_dag.py
[2026-04-07T15:14:29.165+0000] {processor.py:914} INFO - Processing file /opt/airflow/dags/spark_custom_submit_dag.py for tasks to queue
[2026-04-07T15:14:29.168+0000] {logging_mixin.py:190} INFO - [2026-04-07T15:14:29.168+0000] {dagbag.py:588} INFO - Filling up the DagBag from /opt/airflow/dags/spark_custom_submit_dag.py
[2026-04-07T15:14:29.177+0000] {processor.py:925} INFO - DAG(s) 'spark_custom_submit' retrieved from /opt/airflow/dags/spark_custom_submit_dag.py
[2026-04-07T15:14:29.211+0000] {logging_mixin.py:190} INFO - [2026-04-07T15:14:29.211+0000] {dag.py:3239} INFO - Sync 1 DAGs
[2026-04-07T15:14:29.232+0000] {logging_mixin.py:190} INFO - [2026-04-07T15:14:29.232+0000] {dag.py:4180} INFO - Setting next_dagrun for spark_custom_submit to None, run_after=None
[2026-04-07T15:14:29.258+0000] {processor.py:208} INFO - Processing /opt/airflow/dags/spark_custom_submit_dag.py took 0.103 seconds
[2026-04-07T15:14:59.496+0000] {processor.py:186} INFO - Started process (PID=4104) to work on /opt/airflow/dags/spark_custom_submit_dag.py
[2026-04-07T15:14:59.497+0000] {processor.py:914} INFO - Processing file /opt/airflow/dags/spark_custom_submit_dag.py for tasks to queue
[2026-04-07T15:14:59.499+0000] {logging_mixin.py:190} INFO - [2026-04-07T15:14:59.499+0000] {dagbag.py:588} INFO - Filling up the DagBag from /opt/airflow/dags/spark_custom_submit_dag.py
[2026-04-07T15:14:59.508+0000] {processor.py:925} INFO - DAG(s) 'spark_custom_submit' retrieved from /opt/airflow/dags/spark_custom_submit_dag.py
[2026-04-07T15:14:59.539+0000] {logging_mixin.py:190} INFO - [2026-04-07T15:14:59.538+0000] {dag.py:3239} INFO - Sync 1 DAGs
[2026-04-07T15:14:59.560+0000] {logging_mixin.py:190} INFO - [2026-04-07T15:14:59.559+0000] {dag.py:4180} INFO - Setting next_dagrun for spark_custom_submit to None, run_after=None
[2026-04-07T15:14:59.580+0000] {processor.py:208} INFO - Processing /opt/airflow/dags/spark_custom_submit_dag.py took 0.090 seconds
[2026-04-07T15:15:29.736+0000] {processor.py:186} INFO - Started process (PID=4176) to work on /opt/airflow/dags/spark_custom_submit_dag.py
[2026-04-07T15:15:29.737+0000] {processor.py:914} INFO - Processing file /opt/airflow/dags/spark_custom_submit_dag.py for tasks to queue
[2026-04-07T15:15:29.740+0000] {logging_mixin.py:190} INFO - [2026-04-07T15:15:29.740+0000] {dagbag.py:588} INFO - Filling up the DagBag from /opt/airflow/dags/spark_custom_submit_dag.py
[2026-04-07T15:15:29.749+0000] {processor.py:925} INFO - DAG(s) 'spark_custom_submit' retrieved from /opt/airflow/dags/spark_custom_submit_dag.py
[2026-04-07T15:15:29.777+0000] {logging_mixin.py:190} INFO - [2026-04-07T15:15:29.777+0000] {dag.py:3239} INFO - Sync 1 DAGs
[2026-04-07T15:15:29.795+0000] {logging_mixin.py:190} INFO - [2026-04-07T15:15:29.795+0000] {dag.py:4180} INFO - Setting next_dagrun for spark_custom_submit to None, run_after=None
[2026-04-07T15:15:29.819+0000] {processor.py:208} INFO - Processing /opt/airflow/dags/spark_custom_submit_dag.py took 0.091 seconds
[2026-04-07T15:16:00.072+0000] {processor.py:186} INFO - Started process (PID=4247) to work on /opt/airflow/dags/spark_custom_submit_dag.py
[2026-04-07T15:16:00.073+0000] {processor.py:914} INFO - Processing file /opt/airflow/dags/spark_custom_submit_dag.py for tasks to queue
[2026-04-07T15:16:00.075+0000] {logging_mixin.py:190} INFO - [2026-04-07T15:16:00.075+0000] {dagbag.py:588} INFO - Filling up the DagBag from /opt/airflow/dags/spark_custom_submit_dag.py
[2026-04-07T15:16:00.083+0000] {processor.py:925} INFO - DAG(s) 'spark_custom_submit' retrieved from /opt/airflow/dags/spark_custom_submit_dag.py
[2026-04-07T15:16:00.116+0000] {logging_mixin.py:190} INFO - [2026-04-07T15:16:00.116+0000] {dag.py:3239} INFO - Sync 1 DAGs
[2026-04-07T15:16:00.136+0000] {logging_mixin.py:190} INFO - [2026-04-07T15:16:00.135+0000] {dag.py:4180} INFO - Setting next_dagrun for spark_custom_submit to None, run_after=None
[2026-04-07T15:16:00.160+0000] {processor.py:208} INFO - Processing /opt/airflow/dags/spark_custom_submit_dag.py took 0.094 seconds
[2026-04-07T15:16:30.416+0000] {processor.py:186} INFO - Started process (PID=4318) to work on /opt/airflow/dags/spark_custom_submit_dag.py
[2026-04-07T15:16:30.417+0000] {processor.py:914} INFO - Processing file /opt/airflow/dags/spark_custom_submit_dag.py for tasks to queue
[2026-04-07T15:16:30.420+0000] {logging_mixin.py:190} INFO - [2026-04-07T15:16:30.419+0000] {dagbag.py:588} INFO - Filling up the DagBag from /opt/airflow/dags/spark_custom_submit_dag.py
[2026-04-07T15:16:30.427+0000] {processor.py:925} INFO - DAG(s) 'spark_custom_submit' retrieved from /opt/airflow/dags/spark_custom_submit_dag.py
[2026-04-07T15:16:30.456+0000] {logging_mixin.py:190} INFO - [2026-04-07T15:16:30.456+0000] {dag.py:3239} INFO - Sync 1 DAGs
[2026-04-07T15:16:30.475+0000] {logging_mixin.py:190} INFO - [2026-04-07T15:16:30.475+0000] {dag.py:4180} INFO - Setting next_dagrun for spark_custom_submit to None, run_after=None
[2026-04-07T15:16:30.500+0000] {processor.py:208} INFO - Processing /opt/airflow/dags/spark_custom_submit_dag.py took 0.090 seconds
[2026-04-07T15:17:00.750+0000] {processor.py:186} INFO - Started process (PID=4389) to work on /opt/airflow/dags/spark_custom_submit_dag.py
[2026-04-07T15:17:00.751+0000] {processor.py:914} INFO - Processing file /opt/airflow/dags/spark_custom_submit_dag.py for tasks to queue
[2026-04-07T15:17:00.753+0000] {logging_mixin.py:190} INFO - [2026-04-07T15:17:00.753+0000] {dagbag.py:588} INFO - Filling up the DagBag from /opt/airflow/dags/spark_custom_submit_dag.py
[2026-04-07T15:17:00.761+0000] {processor.py:925} INFO - DAG(s) 'spark_custom_submit' retrieved from /opt/airflow/dags/spark_custom_submit_dag.py
[2026-04-07T15:17:00.794+0000] {logging_mixin.py:190} INFO - [2026-04-07T15:17:00.793+0000] {dag.py:3239} INFO - Sync 1 DAGs
[2026-04-07T15:17:00.812+0000] {logging_mixin.py:190} INFO - [2026-04-07T15:17:00.811+0000] {dag.py:4180} INFO - Setting next_dagrun for spark_custom_submit to None, run_after=None
[2026-04-07T15:17:00.833+0000] {processor.py:208} INFO - Processing /opt/airflow/dags/spark_custom_submit_dag.py took 0.089 seconds
[2026-04-07T15:17:30.966+0000] {processor.py:186} INFO - Started process (PID=4460) to work on /opt/airflow/dags/spark_custom_submit_dag.py
[2026-04-07T15:17:30.967+0000] {processor.py:914} INFO - Processing file /opt/airflow/dags/spark_custom_submit_dag.py for tasks to queue
[2026-04-07T15:17:30.969+0000] {logging_mixin.py:190} INFO - [2026-04-07T15:17:30.969+0000] {dagbag.py:588} INFO - Filling up the DagBag from /opt/airflow/dags/spark_custom_submit_dag.py
[2026-04-07T15:17:30.978+0000] {processor.py:925} INFO - DAG(s) 'spark_custom_submit' retrieved from /opt/airflow/dags/spark_custom_submit_dag.py
[2026-04-07T15:17:31.012+0000] {logging_mixin.py:190} INFO - [2026-04-07T15:17:31.011+0000] {dag.py:3239} INFO - Sync 1 DAGs
[2026-04-07T15:17:31.031+0000] {logging_mixin.py:190} INFO - [2026-04-07T15:17:31.030+0000] {dag.py:4180} INFO - Setting next_dagrun for spark_custom_submit to None, run_after=None
[2026-04-07T15:17:31.052+0000] {processor.py:208} INFO - Processing /opt/airflow/dags/spark_custom_submit_dag.py took 0.098 seconds
[2026-04-07T15:18:04.607+0000] {processor.py:186} INFO - Started process (PID=4529) to work on /opt/airflow/dags/spark_custom_submit_dag.py
[2026-04-07T15:18:04.608+0000] {processor.py:914} INFO - Processing file /opt/airflow/dags/spark_custom_submit_dag.py for tasks to queue
[2026-04-07T15:18:04.612+0000] {logging_mixin.py:190} INFO - [2026-04-07T15:18:04.611+0000] {dagbag.py:588} INFO - Filling up the DagBag from /opt/airflow/dags/spark_custom_submit_dag.py
[2026-04-07T15:18:04.624+0000] {processor.py:925} INFO - DAG(s) 'spark_custom_submit' retrieved from /opt/airflow/dags/spark_custom_submit_dag.py
[2026-04-07T15:18:04.660+0000] {logging_mixin.py:190} INFO - [2026-04-07T15:18:04.660+0000] {dag.py:3239} INFO - Sync 1 DAGs
[2026-04-07T15:18:04.679+0000] {logging_mixin.py:190} INFO - [2026-04-07T15:18:04.679+0000] {dag.py:4180} INFO - Setting next_dagrun for spark_custom_submit to None, run_after=None
[2026-04-07T15:18:04.709+0000] {processor.py:208} INFO - Processing /opt/airflow/dags/spark_custom_submit_dag.py took 0.110 seconds
[2026-04-07T15:18:50.747+0000] {processor.py:186} INFO - Started process (PID=4602) to work on /opt/airflow/dags/spark_custom_submit_dag.py
[2026-04-07T15:18:50.749+0000] {processor.py:914} INFO - Processing file /opt/airflow/dags/spark_custom_submit_dag.py for tasks to queue
[2026-04-07T15:18:50.752+0000] {logging_mixin.py:190} INFO - [2026-04-07T15:18:50.751+0000] {dagbag.py:588} INFO - Filling up the DagBag from /opt/airflow/dags/spark_custom_submit_dag.py
[2026-04-07T15:18:50.764+0000] {processor.py:925} INFO - DAG(s) 'spark_custom_submit' retrieved from /opt/airflow/dags/spark_custom_submit_dag.py
[2026-04-07T15:18:50.797+0000] {logging_mixin.py:190} INFO - [2026-04-07T15:18:50.797+0000] {dag.py:3239} INFO - Sync 1 DAGs
[2026-04-07T15:18:50.819+0000] {logging_mixin.py:190} INFO - [2026-04-07T15:18:50.819+0000] {dag.py:4180} INFO - Setting next_dagrun for spark_custom_submit to None, run_after=None
[2026-04-07T15:18:50.845+0000] {processor.py:208} INFO - Processing /opt/airflow/dags/spark_custom_submit_dag.py took 0.108 seconds
[2026-04-07T15:19:31.704+0000] {processor.py:186} INFO - Started process (PID=4673) to work on /opt/airflow/dags/spark_custom_submit_dag.py
[2026-04-07T15:19:31.705+0000] {processor.py:914} INFO - Processing file /opt/airflow/dags/spark_custom_submit_dag.py for tasks to queue
[2026-04-07T15:19:31.708+0000] {logging_mixin.py:190} INFO - [2026-04-07T15:19:31.707+0000] {dagbag.py:588} INFO - Filling up the DagBag from /opt/airflow/dags/spark_custom_submit_dag.py
[2026-04-07T15:19:31.717+0000] {processor.py:925} INFO - DAG(s) 'spark_custom_submit' retrieved from /opt/airflow/dags/spark_custom_submit_dag.py
[2026-04-07T15:19:31.748+0000] {logging_mixin.py:190} INFO - [2026-04-07T15:19:31.748+0000] {dag.py:3239} INFO - Sync 1 DAGs
[2026-04-07T15:19:31.769+0000] {logging_mixin.py:190} INFO - [2026-04-07T15:19:31.768+0000] {dag.py:4180} INFO - Setting next_dagrun for spark_custom_submit to None, run_after=None
[2026-04-07T15:19:31.797+0000] {processor.py:208} INFO - Processing /opt/airflow/dags/spark_custom_submit_dag.py took 0.104 seconds
[2026-04-07T15:20:12.684+0000] {processor.py:186} INFO - Started process (PID=4744) to work on /opt/airflow/dags/spark_custom_submit_dag.py
[2026-04-07T15:20:12.685+0000] {processor.py:914} INFO - Processing file /opt/airflow/dags/spark_custom_submit_dag.py for tasks to queue
[2026-04-07T15:20:12.687+0000] {logging_mixin.py:190} INFO - [2026-04-07T15:20:12.687+0000] {dagbag.py:588} INFO - Filling up the DagBag from /opt/airflow/dags/spark_custom_submit_dag.py
[2026-04-07T15:20:12.695+0000] {processor.py:925} INFO - DAG(s) 'spark_custom_submit' retrieved from /opt/airflow/dags/spark_custom_submit_dag.py
[2026-04-07T15:20:12.725+0000] {logging_mixin.py:190} INFO - [2026-04-07T15:20:12.725+0000] {dag.py:3239} INFO - Sync 1 DAGs
[2026-04-07T15:20:12.744+0000] {logging_mixin.py:190} INFO - [2026-04-07T15:20:12.744+0000] {dag.py:4180} INFO - Setting next_dagrun for spark_custom_submit to None, run_after=None
[2026-04-07T15:20:12.768+0000] {processor.py:208} INFO - Processing /opt/airflow/dags/spark_custom_submit_dag.py took 0.094 seconds
[2026-04-07T15:20:53.598+0000] {processor.py:186} INFO - Started process (PID=4813) to work on /opt/airflow/dags/spark_custom_submit_dag.py
[2026-04-07T15:20:53.599+0000] {processor.py:914} INFO - Processing file /opt/airflow/dags/spark_custom_submit_dag.py for tasks to queue
[2026-04-07T15:20:53.602+0000] {logging_mixin.py:190} INFO - [2026-04-07T15:20:53.602+0000] {dagbag.py:588} INFO - Filling up the DagBag from /opt/airflow/dags/spark_custom_submit_dag.py
[2026-04-07T15:20:53.610+0000] {processor.py:925} INFO - DAG(s) 'spark_custom_submit' retrieved from /opt/airflow/dags/spark_custom_submit_dag.py
[2026-04-07T15:20:53.639+0000] {logging_mixin.py:190} INFO - [2026-04-07T15:20:53.639+0000] {dag.py:3239} INFO - Sync 1 DAGs
[2026-04-07T15:20:53.661+0000] {logging_mixin.py:190} INFO - [2026-04-07T15:20:53.661+0000] {dag.py:4180} INFO - Setting next_dagrun for spark_custom_submit to None, run_after=None
[2026-04-07T15:20:53.685+0000] {processor.py:208} INFO - Processing /opt/airflow/dags/spark_custom_submit_dag.py took 0.096 seconds
[2026-04-07T15:21:31.685+0000] {processor.py:186} INFO - Started process (PID=4886) to work on /opt/airflow/dags/spark_custom_submit_dag.py
[2026-04-07T15:21:31.687+0000] {processor.py:914} INFO - Processing file /opt/airflow/dags/spark_custom_submit_dag.py for tasks to queue
[2026-04-07T15:21:31.689+0000] {logging_mixin.py:190} INFO - [2026-04-07T15:21:31.688+0000] {dagbag.py:588} INFO - Filling up the DagBag from /opt/airflow/dags/spark_custom_submit_dag.py
[2026-04-07T15:21:31.696+0000] {processor.py:925} INFO - DAG(s) 'spark_custom_submit' retrieved from /opt/airflow/dags/spark_custom_submit_dag.py
[2026-04-07T15:21:31.726+0000] {logging_mixin.py:190} INFO - [2026-04-07T15:21:31.726+0000] {dag.py:3239} INFO - Sync 1 DAGs
[2026-04-07T15:21:31.746+0000] {logging_mixin.py:190} INFO - [2026-04-07T15:21:31.745+0000] {dag.py:4180} INFO - Setting next_dagrun for spark_custom_submit to None, run_after=None
[2026-04-07T15:21:31.770+0000] {processor.py:208} INFO - Processing /opt/airflow/dags/spark_custom_submit_dag.py took 0.091 seconds
[2026-04-07T15:24:27.648+0000] {processor.py:186} INFO - Started process (PID=4955) to work on /opt/airflow/dags/spark_custom_submit_dag.py
[2026-04-07T15:24:27.649+0000] {processor.py:914} INFO - Processing file /opt/airflow/dags/spark_custom_submit_dag.py for tasks to queue
[2026-04-07T15:24:27.653+0000] {logging_mixin.py:190} INFO - [2026-04-07T15:24:27.652+0000] {dagbag.py:588} INFO - Filling up the DagBag from /opt/airflow/dags/spark_custom_submit_dag.py
[2026-04-07T15:24:27.666+0000] {processor.py:925} INFO - DAG(s) 'spark_custom_submit' retrieved from /opt/airflow/dags/spark_custom_submit_dag.py
[2026-04-07T15:24:27.707+0000] {logging_mixin.py:190} INFO - [2026-04-07T15:24:27.706+0000] {dag.py:3239} INFO - Sync 1 DAGs
[2026-04-07T15:24:27.734+0000] {logging_mixin.py:190} INFO - [2026-04-07T15:24:27.734+0000] {dag.py:4180} INFO - Setting next_dagrun for spark_custom_submit to None, run_after=None
[2026-04-07T15:24:27.759+0000] {processor.py:208} INFO - Processing /opt/airflow/dags/spark_custom_submit_dag.py took 0.120 seconds
[2026-04-07T15:25:08.710+0000] {processor.py:186} INFO - Started process (PID=5026) to work on /opt/airflow/dags/spark_custom_submit_dag.py
[2026-04-07T15:25:08.711+0000] {processor.py:914} INFO - Processing file /opt/airflow/dags/spark_custom_submit_dag.py for tasks to queue
[2026-04-07T15:25:08.714+0000] {logging_mixin.py:190} INFO - [2026-04-07T15:25:08.713+0000] {dagbag.py:588} INFO - Filling up the DagBag from /opt/airflow/dags/spark_custom_submit_dag.py
[2026-04-07T15:25:08.722+0000] {processor.py:925} INFO - DAG(s) 'spark_custom_submit' retrieved from /opt/airflow/dags/spark_custom_submit_dag.py
[2026-04-07T15:25:08.756+0000] {logging_mixin.py:190} INFO - [2026-04-07T15:25:08.756+0000] {dag.py:3239} INFO - Sync 1 DAGs
[2026-04-07T15:25:08.777+0000] {logging_mixin.py:190} INFO - [2026-04-07T15:25:08.777+0000] {dag.py:4180} INFO - Setting next_dagrun for spark_custom_submit to None, run_after=None
[2026-04-07T15:25:08.802+0000] {processor.py:208} INFO - Processing /opt/airflow/dags/spark_custom_submit_dag.py took 0.103 seconds
[2026-04-07T15:25:49.721+0000] {processor.py:186} INFO - Started process (PID=5097) to work on /opt/airflow/dags/spark_custom_submit_dag.py
[2026-04-07T15:25:49.722+0000] {processor.py:914} INFO - Processing file /opt/airflow/dags/spark_custom_submit_dag.py for tasks to queue
[2026-04-07T15:25:49.724+0000] {logging_mixin.py:190} INFO - [2026-04-07T15:25:49.724+0000] {dagbag.py:588} INFO - Filling up the DagBag from /opt/airflow/dags/spark_custom_submit_dag.py
[2026-04-07T15:25:49.733+0000] {processor.py:925} INFO - DAG(s) 'spark_custom_submit' retrieved from /opt/airflow/dags/spark_custom_submit_dag.py
[2026-04-07T15:25:49.764+0000] {logging_mixin.py:190} INFO - [2026-04-07T15:25:49.763+0000] {dag.py:3239} INFO - Sync 1 DAGs
[2026-04-07T15:25:49.786+0000] {logging_mixin.py:190} INFO - [2026-04-07T15:25:49.786+0000] {dag.py:4180} INFO - Setting next_dagrun for spark_custom_submit to None, run_after=None
[2026-04-07T15:25:49.809+0000] {processor.py:208} INFO - Processing /opt/airflow/dags/spark_custom_submit_dag.py took 0.099 seconds
[2026-04-07T15:26:31.622+0000] {processor.py:186} INFO - Started process (PID=5166) to work on /opt/airflow/dags/spark_custom_submit_dag.py
[2026-04-07T15:26:31.623+0000] {processor.py:914} INFO - Processing file /opt/airflow/dags/spark_custom_submit_dag.py for tasks to queue
[2026-04-07T15:26:31.626+0000] {logging_mixin.py:190} INFO - [2026-04-07T15:26:31.625+0000] {dagbag.py:588} INFO - Filling up the DagBag from /opt/airflow/dags/spark_custom_submit_dag.py
[2026-04-07T15:26:31.634+0000] {processor.py:925} INFO - DAG(s) 'spark_custom_submit' retrieved from /opt/airflow/dags/spark_custom_submit_dag.py
[2026-04-07T15:26:31.665+0000] {logging_mixin.py:190} INFO - [2026-04-07T15:26:31.665+0000] {dag.py:3239} INFO - Sync 1 DAGs
[2026-04-07T15:26:31.688+0000] {logging_mixin.py:190} INFO - [2026-04-07T15:26:31.688+0000] {dag.py:4180} INFO - Setting next_dagrun for spark_custom_submit to None, run_after=None
[2026-04-07T15:26:31.712+0000] {processor.py:208} INFO - Processing /opt/airflow/dags/spark_custom_submit_dag.py took 0.098 seconds
[2026-04-07T15:27:12.610+0000] {processor.py:186} INFO - Started process (PID=5237) to work on /opt/airflow/dags/spark_custom_submit_dag.py
[2026-04-07T15:27:12.612+0000] {processor.py:914} INFO - Processing file /opt/airflow/dags/spark_custom_submit_dag.py for tasks to queue
[2026-04-07T15:27:12.614+0000] {logging_mixin.py:190} INFO - [2026-04-07T15:27:12.614+0000] {dagbag.py:588} INFO - Filling up the DagBag from /opt/airflow/dags/spark_custom_submit_dag.py
[2026-04-07T15:27:12.625+0000] {processor.py:925} INFO - DAG(s) 'spark_custom_submit' retrieved from /opt/airflow/dags/spark_custom_submit_dag.py
[2026-04-07T15:27:12.656+0000] {logging_mixin.py:190} INFO - [2026-04-07T15:27:12.656+0000] {dag.py:3239} INFO - Sync 1 DAGs
[2026-04-07T15:27:12.675+0000] {logging_mixin.py:190} INFO - [2026-04-07T15:27:12.675+0000] {dag.py:4180} INFO - Setting next_dagrun for spark_custom_submit to None, run_after=None
[2026-04-07T15:27:12.698+0000] {processor.py:208} INFO - Processing /opt/airflow/dags/spark_custom_submit_dag.py took 0.096 seconds
[2026-04-07T15:27:53.688+0000] {processor.py:186} INFO - Started process (PID=5310) to work on /opt/airflow/dags/spark_custom_submit_dag.py
[2026-04-07T15:27:53.689+0000] {processor.py:914} INFO - Processing file /opt/airflow/dags/spark_custom_submit_dag.py for tasks to queue
[2026-04-07T15:27:53.691+0000] {logging_mixin.py:190} INFO - [2026-04-07T15:27:53.691+0000] {dagbag.py:588} INFO - Filling up the DagBag from /opt/airflow/dags/spark_custom_submit_dag.py
[2026-04-07T15:27:53.698+0000] {processor.py:925} INFO - DAG(s) 'spark_custom_submit' retrieved from /opt/airflow/dags/spark_custom_submit_dag.py
[2026-04-07T15:27:53.730+0000] {logging_mixin.py:190} INFO - [2026-04-07T15:27:53.729+0000] {dag.py:3239} INFO - Sync 1 DAGs
[2026-04-07T15:27:53.749+0000] {logging_mixin.py:190} INFO - [2026-04-07T15:27:53.749+0000] {dag.py:4180} INFO - Setting next_dagrun for spark_custom_submit to None, run_after=None
[2026-04-07T15:27:53.774+0000] {processor.py:208} INFO - Processing /opt/airflow/dags/spark_custom_submit_dag.py took 0.093 seconds
[2026-04-07T15:28:34.757+0000] {processor.py:186} INFO - Started process (PID=5381) to work on /opt/airflow/dags/spark_custom_submit_dag.py
[2026-04-07T15:28:34.759+0000] {processor.py:914} INFO - Processing file /opt/airflow/dags/spark_custom_submit_dag.py for tasks to queue
[2026-04-07T15:28:34.761+0000] {logging_mixin.py:190} INFO - [2026-04-07T15:28:34.761+0000] {dagbag.py:588} INFO - Filling up the DagBag from /opt/airflow/dags/spark_custom_submit_dag.py
[2026-04-07T15:28:34.769+0000] {processor.py:925} INFO - DAG(s) 'spark_custom_submit' retrieved from /opt/airflow/dags/spark_custom_submit_dag.py
[2026-04-07T15:28:34.803+0000] {logging_mixin.py:190} INFO - [2026-04-07T15:28:34.803+0000] {dag.py:3239} INFO - Sync 1 DAGs
[2026-04-07T15:28:34.825+0000] {logging_mixin.py:190} INFO - [2026-04-07T15:28:34.825+0000] {dag.py:4180} INFO - Setting next_dagrun for spark_custom_submit to None, run_after=None
[2026-04-07T15:28:34.851+0000] {processor.py:208} INFO - Processing /opt/airflow/dags/spark_custom_submit_dag.py took 0.101 seconds
[2026-04-07T15:29:15.579+0000] {processor.py:186} INFO - Started process (PID=5450) to work on /opt/airflow/dags/spark_custom_submit_dag.py
[2026-04-07T15:29:15.581+0000] {processor.py:914} INFO - Processing file /opt/airflow/dags/spark_custom_submit_dag.py for tasks to queue
[2026-04-07T15:29:15.583+0000] {logging_mixin.py:190} INFO - [2026-04-07T15:29:15.583+0000] {dagbag.py:588} INFO - Filling up the DagBag from /opt/airflow/dags/spark_custom_submit_dag.py
[2026-04-07T15:29:15.593+0000] {processor.py:925} INFO - DAG(s) 'spark_custom_submit' retrieved from /opt/airflow/dags/spark_custom_submit_dag.py
[2026-04-07T15:29:15.623+0000] {logging_mixin.py:190} INFO - [2026-04-07T15:29:15.623+0000] {dag.py:3239} INFO - Sync 1 DAGs
[2026-04-07T15:29:15.642+0000] {logging_mixin.py:190} INFO - [2026-04-07T15:29:15.641+0000] {dag.py:4180} INFO - Setting next_dagrun for spark_custom_submit to None, run_after=None
[2026-04-07T15:29:15.665+0000] {processor.py:208} INFO - Processing /opt/airflow/dags/spark_custom_submit_dag.py took 0.092 seconds
[2026-04-07T15:29:56.631+0000] {processor.py:186} INFO - Started process (PID=5521) to work on /opt/airflow/dags/spark_custom_submit_dag.py
[2026-04-07T15:29:56.632+0000] {processor.py:914} INFO - Processing file /opt/airflow/dags/spark_custom_submit_dag.py for tasks to queue
[2026-04-07T15:29:56.635+0000] {logging_mixin.py:190} INFO - [2026-04-07T15:29:56.635+0000] {dagbag.py:588} INFO - Filling up the DagBag from /opt/airflow/dags/spark_custom_submit_dag.py
[2026-04-07T15:29:56.645+0000] {processor.py:925} INFO - DAG(s) 'spark_custom_submit' retrieved from /opt/airflow/dags/spark_custom_submit_dag.py
[2026-04-07T15:29:56.676+0000] {logging_mixin.py:190} INFO - [2026-04-07T15:29:56.676+0000] {dag.py:3239} INFO - Sync 1 DAGs
[2026-04-07T15:29:56.700+0000] {logging_mixin.py:190} INFO - [2026-04-07T15:29:56.699+0000] {dag.py:4180} INFO - Setting next_dagrun for spark_custom_submit to None, run_after=None
[2026-04-07T15:29:56.721+0000] {processor.py:208} INFO - Processing /opt/airflow/dags/spark_custom_submit_dag.py took 0.099 seconds
[2026-04-07T15:30:37.711+0000] {processor.py:186} INFO - Started process (PID=5594) to work on /opt/airflow/dags/spark_custom_submit_dag.py
[2026-04-07T15:30:37.712+0000] {processor.py:914} INFO - Processing file /opt/airflow/dags/spark_custom_submit_dag.py for tasks to queue
[2026-04-07T15:30:37.715+0000] {logging_mixin.py:190} INFO - [2026-04-07T15:30:37.715+0000] {dagbag.py:588} INFO - Filling up the DagBag from /opt/airflow/dags/spark_custom_submit_dag.py
[2026-04-07T15:30:37.723+0000] {processor.py:925} INFO - DAG(s) 'spark_custom_submit' retrieved from /opt/airflow/dags/spark_custom_submit_dag.py
[2026-04-07T15:30:37.752+0000] {logging_mixin.py:190} INFO - [2026-04-07T15:30:37.751+0000] {dag.py:3239} INFO - Sync 1 DAGs
[2026-04-07T15:30:37.771+0000] {logging_mixin.py:190} INFO - [2026-04-07T15:30:37.771+0000] {dag.py:4180} INFO - Setting next_dagrun for spark_custom_submit to None, run_after=None
[2026-04-07T15:30:37.793+0000] {processor.py:208} INFO - Processing /opt/airflow/dags/spark_custom_submit_dag.py took 0.093 seconds
[2026-04-07T15:31:14.628+0000] {processor.py:186} INFO - Started process (PID=5663) to work on /opt/airflow/dags/spark_custom_submit_dag.py
[2026-04-07T15:31:14.629+0000] {processor.py:914} INFO - Processing file /opt/airflow/dags/spark_custom_submit_dag.py for tasks to queue
[2026-04-07T15:31:14.632+0000] {logging_mixin.py:190} INFO - [2026-04-07T15:31:14.632+0000] {dagbag.py:588} INFO - Filling up the DagBag from /opt/airflow/dags/spark_custom_submit_dag.py
[2026-04-07T15:31:14.640+0000] {processor.py:925} INFO - DAG(s) 'spark_custom_submit' retrieved from /opt/airflow/dags/spark_custom_submit_dag.py
[2026-04-07T15:31:14.670+0000] {logging_mixin.py:190} INFO - [2026-04-07T15:31:14.670+0000] {dag.py:3239} INFO - Sync 1 DAGs
[2026-04-07T15:31:14.689+0000] {logging_mixin.py:190} INFO - [2026-04-07T15:31:14.689+0000] {dag.py:4180} INFO - Setting next_dagrun for spark_custom_submit to None, run_after=None
[2026-04-07T15:31:14.708+0000] {processor.py:208} INFO - Processing /opt/airflow/dags/spark_custom_submit_dag.py took 0.087 seconds
[2026-04-07T15:31:54.651+0000] {processor.py:186} INFO - Started process (PID=5734) to work on /opt/airflow/dags/spark_custom_submit_dag.py
[2026-04-07T15:31:54.652+0000] {processor.py:914} INFO - Processing file /opt/airflow/dags/spark_custom_submit_dag.py for tasks to queue
[2026-04-07T15:31:54.655+0000] {logging_mixin.py:190} INFO - [2026-04-07T15:31:54.654+0000] {dagbag.py:588} INFO - Filling up the DagBag from /opt/airflow/dags/spark_custom_submit_dag.py
[2026-04-07T15:31:54.663+0000] {processor.py:925} INFO - DAG(s) 'spark_custom_submit' retrieved from /opt/airflow/dags/spark_custom_submit_dag.py
[2026-04-07T15:31:54.696+0000] {logging_mixin.py:190} INFO - [2026-04-07T15:31:54.695+0000] {dag.py:3239} INFO - Sync 1 DAGs
[2026-04-07T15:31:54.718+0000] {logging_mixin.py:190} INFO - [2026-04-07T15:31:54.717+0000] {dag.py:4180} INFO - Setting next_dagrun for spark_custom_submit to None, run_after=None
[2026-04-07T15:31:54.741+0000] {processor.py:208} INFO - Processing /opt/airflow/dags/spark_custom_submit_dag.py took 0.096 seconds
[2026-04-07T15:32:40.731+0000] {processor.py:186} INFO - Started process (PID=5813) to work on /opt/airflow/dags/spark_custom_submit_dag.py
[2026-04-07T15:32:40.732+0000] {processor.py:914} INFO - Processing file /opt/airflow/dags/spark_custom_submit_dag.py for tasks to queue
[2026-04-07T15:32:40.735+0000] {logging_mixin.py:190} INFO - [2026-04-07T15:32:40.734+0000] {dagbag.py:588} INFO - Filling up the DagBag from /opt/airflow/dags/spark_custom_submit_dag.py
[2026-04-07T15:32:40.743+0000] {processor.py:925} INFO - DAG(s) 'spark_custom_submit' retrieved from /opt/airflow/dags/spark_custom_submit_dag.py
[2026-04-07T15:32:40.773+0000] {logging_mixin.py:190} INFO - [2026-04-07T15:32:40.772+0000] {dag.py:3239} INFO - Sync 1 DAGs
[2026-04-07T15:32:40.791+0000] {logging_mixin.py:190} INFO - [2026-04-07T15:32:40.791+0000] {dag.py:4180} INFO - Setting next_dagrun for spark_custom_submit to None, run_after=None
[2026-04-07T15:32:40.814+0000] {processor.py:208} INFO - Processing /opt/airflow/dags/spark_custom_submit_dag.py took 0.091 seconds
[2026-04-07T15:33:21.667+0000] {processor.py:186} INFO - Started process (PID=5882) to work on /opt/airflow/dags/spark_custom_submit_dag.py
[2026-04-07T15:33:21.668+0000] {processor.py:914} INFO - Processing file /opt/airflow/dags/spark_custom_submit_dag.py for tasks to queue
[2026-04-07T15:33:21.671+0000] {logging_mixin.py:190} INFO - [2026-04-07T15:33:21.671+0000] {dagbag.py:588} INFO - Filling up the DagBag from /opt/airflow/dags/spark_custom_submit_dag.py
[2026-04-07T15:33:21.681+0000] {processor.py:925} INFO - DAG(s) 'spark_custom_submit' retrieved from /opt/airflow/dags/spark_custom_submit_dag.py
[2026-04-07T15:33:21.710+0000] {logging_mixin.py:190} INFO - [2026-04-07T15:33:21.710+0000] {dag.py:3239} INFO - Sync 1 DAGs
[2026-04-07T15:33:21.729+0000] {logging_mixin.py:190} INFO - [2026-04-07T15:33:21.729+0000] {dag.py:4180} INFO - Setting next_dagrun for spark_custom_submit to None, run_after=None
[2026-04-07T15:33:21.753+0000] {processor.py:208} INFO - Processing /opt/airflow/dags/spark_custom_submit_dag.py took 0.094 seconds
[2026-04-07T15:34:02.620+0000] {processor.py:186} INFO - Started process (PID=5953) to work on /opt/airflow/dags/spark_custom_submit_dag.py
[2026-04-07T15:34:02.622+0000] {processor.py:914} INFO - Processing file /opt/airflow/dags/spark_custom_submit_dag.py for tasks to queue
[2026-04-07T15:34:02.625+0000] {logging_mixin.py:190} INFO - [2026-04-07T15:34:02.625+0000] {dagbag.py:588} INFO - Filling up the DagBag from /opt/airflow/dags/spark_custom_submit_dag.py
[2026-04-07T15:34:02.638+0000] {processor.py:925} INFO - DAG(s) 'spark_custom_submit' retrieved from /opt/airflow/dags/spark_custom_submit_dag.py
[2026-04-07T15:34:02.668+0000] {logging_mixin.py:190} INFO - [2026-04-07T15:34:02.668+0000] {dag.py:3239} INFO - Sync 1 DAGs
[2026-04-07T15:34:02.686+0000] {logging_mixin.py:190} INFO - [2026-04-07T15:34:02.685+0000] {dag.py:4180} INFO - Setting next_dagrun for spark_custom_submit to None, run_after=None
[2026-04-07T15:34:02.709+0000] {processor.py:208} INFO - Processing /opt/airflow/dags/spark_custom_submit_dag.py took 0.098 seconds
[2026-04-07T15:34:44.654+0000] {processor.py:186} INFO - Started process (PID=6024) to work on /opt/airflow/dags/spark_custom_submit_dag.py
[2026-04-07T15:34:44.656+0000] {processor.py:914} INFO - Processing file /opt/airflow/dags/spark_custom_submit_dag.py for tasks to queue
[2026-04-07T15:34:44.658+0000] {logging_mixin.py:190} INFO - [2026-04-07T15:34:44.658+0000] {dagbag.py:588} INFO - Filling up the DagBag from /opt/airflow/dags/spark_custom_submit_dag.py
[2026-04-07T15:34:44.669+0000] {processor.py:925} INFO - DAG(s) 'spark_custom_submit' retrieved from /opt/airflow/dags/spark_custom_submit_dag.py
[2026-04-07T15:34:44.701+0000] {logging_mixin.py:190} INFO - [2026-04-07T15:34:44.700+0000] {dag.py:3239} INFO - Sync 1 DAGs
[2026-04-07T15:34:44.720+0000] {logging_mixin.py:190} INFO - [2026-04-07T15:34:44.720+0000] {dag.py:4180} INFO - Setting next_dagrun for spark_custom_submit to None, run_after=None
[2026-04-07T15:34:44.745+0000] {processor.py:208} INFO - Processing /opt/airflow/dags/spark_custom_submit_dag.py took 0.098 seconds
[2026-04-07T15:35:25.723+0000] {processor.py:186} INFO - Started process (PID=6097) to work on /opt/airflow/dags/spark_custom_submit_dag.py
[2026-04-07T15:35:25.725+0000] {processor.py:914} INFO - Processing file /opt/airflow/dags/spark_custom_submit_dag.py for tasks to queue
[2026-04-07T15:35:25.728+0000] {logging_mixin.py:190} INFO - [2026-04-07T15:35:25.728+0000] {dagbag.py:588} INFO - Filling up the DagBag from /opt/airflow/dags/spark_custom_submit_dag.py
[2026-04-07T15:35:25.737+0000] {processor.py:925} INFO - DAG(s) 'spark_custom_submit' retrieved from /opt/airflow/dags/spark_custom_submit_dag.py
[2026-04-07T15:35:25.771+0000] {logging_mixin.py:190} INFO - [2026-04-07T15:35:25.771+0000] {dag.py:3239} INFO - Sync 1 DAGs
[2026-04-07T15:35:25.791+0000] {logging_mixin.py:190} INFO - [2026-04-07T15:35:25.791+0000] {dag.py:4180} INFO - Setting next_dagrun for spark_custom_submit to None, run_after=None
[2026-04-07T15:35:25.814+0000] {processor.py:208} INFO - Processing /opt/airflow/dags/spark_custom_submit_dag.py took 0.099 seconds
[2026-04-07T15:36:06.732+0000] {processor.py:186} INFO - Started process (PID=6168) to work on /opt/airflow/dags/spark_custom_submit_dag.py
[2026-04-07T15:36:06.733+0000] {processor.py:914} INFO - Processing file /opt/airflow/dags/spark_custom_submit_dag.py for tasks to queue
[2026-04-07T15:36:06.735+0000] {logging_mixin.py:190} INFO - [2026-04-07T15:36:06.735+0000] {dagbag.py:588} INFO - Filling up the DagBag from /opt/airflow/dags/spark_custom_submit_dag.py
[2026-04-07T15:36:06.743+0000] {processor.py:925} INFO - DAG(s) 'spark_custom_submit' retrieved from /opt/airflow/dags/spark_custom_submit_dag.py
[2026-04-07T15:36:06.776+0000] {logging_mixin.py:190} INFO - [2026-04-07T15:36:06.776+0000] {dag.py:3239} INFO - Sync 1 DAGs
[2026-04-07T15:36:06.794+0000] {logging_mixin.py:190} INFO - [2026-04-07T15:36:06.793+0000] {dag.py:4180} INFO - Setting next_dagrun for spark_custom_submit to None, run_after=None
[2026-04-07T15:36:06.818+0000] {processor.py:208} INFO - Processing /opt/airflow/dags/spark_custom_submit_dag.py took 0.095 seconds
[2026-04-07T15:36:47.674+0000] {processor.py:186} INFO - Started process (PID=6239) to work on /opt/airflow/dags/spark_custom_submit_dag.py
[2026-04-07T15:36:47.675+0000] {processor.py:914} INFO - Processing file /opt/airflow/dags/spark_custom_submit_dag.py for tasks to queue
[2026-04-07T15:36:47.677+0000] {logging_mixin.py:190} INFO - [2026-04-07T15:36:47.677+0000] {dagbag.py:588} INFO - Filling up the DagBag from /opt/airflow/dags/spark_custom_submit_dag.py
[2026-04-07T15:36:47.685+0000] {processor.py:925} INFO - DAG(s) 'spark_custom_submit' retrieved from /opt/airflow/dags/spark_custom_submit_dag.py
[2026-04-07T15:36:47.715+0000] {logging_mixin.py:190} INFO - [2026-04-07T15:36:47.714+0000] {dag.py:3239} INFO - Sync 1 DAGs
[2026-04-07T15:36:47.736+0000] {logging_mixin.py:190} INFO - [2026-04-07T15:36:47.736+0000] {dag.py:4180} INFO - Setting next_dagrun for spark_custom_submit to None, run_after=None
[2026-04-07T15:36:47.760+0000] {processor.py:208} INFO - Processing /opt/airflow/dags/spark_custom_submit_dag.py took 0.094 seconds
[2026-04-07T15:37:28.700+0000] {processor.py:186} INFO - Started process (PID=6310) to work on /opt/airflow/dags/spark_custom_submit_dag.py
[2026-04-07T15:37:28.701+0000] {processor.py:914} INFO - Processing file /opt/airflow/dags/spark_custom_submit_dag.py for tasks to queue
[2026-04-07T15:37:28.703+0000] {logging_mixin.py:190} INFO - [2026-04-07T15:37:28.703+0000] {dagbag.py:588} INFO - Filling up the DagBag from /opt/airflow/dags/spark_custom_submit_dag.py
[2026-04-07T15:37:28.712+0000] {processor.py:925} INFO - DAG(s) 'spark_custom_submit' retrieved from /opt/airflow/dags/spark_custom_submit_dag.py
[2026-04-07T15:37:28.745+0000] {logging_mixin.py:190} INFO - [2026-04-07T15:37:28.745+0000] {dag.py:3239} INFO - Sync 1 DAGs
[2026-04-07T15:37:28.764+0000] {logging_mixin.py:190} INFO - [2026-04-07T15:37:28.764+0000] {dag.py:4180} INFO - Setting next_dagrun for spark_custom_submit to None, run_after=None
[2026-04-07T15:37:28.787+0000] {processor.py:208} INFO - Processing /opt/airflow/dags/spark_custom_submit_dag.py took 0.095 seconds
[2026-04-07T15:38:09.684+0000] {processor.py:186} INFO - Started process (PID=6381) to work on /opt/airflow/dags/spark_custom_submit_dag.py
[2026-04-07T15:38:09.685+0000] {processor.py:914} INFO - Processing file /opt/airflow/dags/spark_custom_submit_dag.py for tasks to queue
[2026-04-07T15:38:09.687+0000] {logging_mixin.py:190} INFO - [2026-04-07T15:38:09.687+0000] {dagbag.py:588} INFO - Filling up the DagBag from /opt/airflow/dags/spark_custom_submit_dag.py
[2026-04-07T15:38:09.695+0000] {processor.py:925} INFO - DAG(s) 'spark_custom_submit' retrieved from /opt/airflow/dags/spark_custom_submit_dag.py
[2026-04-07T15:38:09.726+0000] {logging_mixin.py:190} INFO - [2026-04-07T15:38:09.726+0000] {dag.py:3239} INFO - Sync 1 DAGs
[2026-04-07T15:38:09.747+0000] {logging_mixin.py:190} INFO - [2026-04-07T15:38:09.747+0000] {dag.py:4180} INFO - Setting next_dagrun for spark_custom_submit to None, run_after=None
[2026-04-07T15:38:09.771+0000] {processor.py:208} INFO - Processing /opt/airflow/dags/spark_custom_submit_dag.py took 0.097 seconds
[2026-04-07T15:38:55.589+0000] {processor.py:186} INFO - Started process (PID=6450) to work on /opt/airflow/dags/spark_custom_submit_dag.py
[2026-04-07T15:38:55.591+0000] {processor.py:914} INFO - Processing file /opt/airflow/dags/spark_custom_submit_dag.py for tasks to queue
[2026-04-07T15:38:55.593+0000] {logging_mixin.py:190} INFO - [2026-04-07T15:38:55.593+0000] {dagbag.py:588} INFO - Filling up the DagBag from /opt/airflow/dags/spark_custom_submit_dag.py
[2026-04-07T15:38:55.602+0000] {processor.py:925} INFO - DAG(s) 'spark_custom_submit' retrieved from /opt/airflow/dags/spark_custom_submit_dag.py
[2026-04-07T15:38:55.632+0000] {logging_mixin.py:190} INFO - [2026-04-07T15:38:55.631+0000] {dag.py:3239} INFO - Sync 1 DAGs
[2026-04-07T15:38:55.652+0000] {logging_mixin.py:190} INFO - [2026-04-07T15:38:55.652+0000] {dag.py:4180} INFO - Setting next_dagrun for spark_custom_submit to None, run_after=None
[2026-04-07T15:38:55.680+0000] {processor.py:208} INFO - Processing /opt/airflow/dags/spark_custom_submit_dag.py took 0.098 seconds
[2026-04-07T15:39:37.703+0000] {processor.py:186} INFO - Started process (PID=6523) to work on /opt/airflow/dags/spark_custom_submit_dag.py
[2026-04-07T15:39:37.704+0000] {processor.py:914} INFO - Processing file /opt/airflow/dags/spark_custom_submit_dag.py for tasks to queue
[2026-04-07T15:39:37.706+0000] {logging_mixin.py:190} INFO - [2026-04-07T15:39:37.706+0000] {dagbag.py:588} INFO - Filling up the DagBag from /opt/airflow/dags/spark_custom_submit_dag.py
[2026-04-07T15:39:37.714+0000] {processor.py:925} INFO - DAG(s) 'spark_custom_submit' retrieved from /opt/airflow/dags/spark_custom_submit_dag.py
[2026-04-07T15:39:37.746+0000] {logging_mixin.py:190} INFO - [2026-04-07T15:39:37.745+0000] {dag.py:3239} INFO - Sync 1 DAGs
[2026-04-07T15:39:37.763+0000] {logging_mixin.py:190} INFO - [2026-04-07T15:39:37.763+0000] {dag.py:4180} INFO - Setting next_dagrun for spark_custom_submit to None, run_after=None
[2026-04-07T15:39:37.788+0000] {processor.py:208} INFO - Processing /opt/airflow/dags/spark_custom_submit_dag.py took 0.094 seconds
[2026-04-07T15:40:18.605+0000] {processor.py:186} INFO - Started process (PID=6592) to work on /opt/airflow/dags/spark_custom_submit_dag.py
[2026-04-07T15:40:18.606+0000] {processor.py:914} INFO - Processing file /opt/airflow/dags/spark_custom_submit_dag.py for tasks to queue
[2026-04-07T15:40:18.609+0000] {logging_mixin.py:190} INFO - [2026-04-07T15:40:18.608+0000] {dagbag.py:588} INFO - Filling up the DagBag from /opt/airflow/dags/spark_custom_submit_dag.py
[2026-04-07T15:40:18.619+0000] {processor.py:925} INFO - DAG(s) 'spark_custom_submit' retrieved from /opt/airflow/dags/spark_custom_submit_dag.py
[2026-04-07T15:40:18.651+0000] {logging_mixin.py:190} INFO - [2026-04-07T15:40:18.651+0000] {dag.py:3239} INFO - Sync 1 DAGs
[2026-04-07T15:40:18.672+0000] {logging_mixin.py:190} INFO - [2026-04-07T15:40:18.672+0000] {dag.py:4180} INFO - Setting next_dagrun for spark_custom_submit to None, run_after=None
[2026-04-07T15:40:18.695+0000] {processor.py:208} INFO - Processing /opt/airflow/dags/spark_custom_submit_dag.py took 0.100 seconds
[2026-04-07T15:40:59.560+0000] {processor.py:186} INFO - Started process (PID=6663) to work on /opt/airflow/dags/spark_custom_submit_dag.py
[2026-04-07T15:40:59.561+0000] {processor.py:914} INFO - Processing file /opt/airflow/dags/spark_custom_submit_dag.py for tasks to queue
[2026-04-07T15:40:59.564+0000] {logging_mixin.py:190} INFO - [2026-04-07T15:40:59.563+0000] {dagbag.py:588} INFO - Filling up the DagBag from /opt/airflow/dags/spark_custom_submit_dag.py
[2026-04-07T15:40:59.573+0000] {processor.py:925} INFO - DAG(s) 'spark_custom_submit' retrieved from /opt/airflow/dags/spark_custom_submit_dag.py
[2026-04-07T15:40:59.600+0000] {logging_mixin.py:190} INFO - [2026-04-07T15:40:59.600+0000] {dag.py:3239} INFO - Sync 1 DAGs
[2026-04-07T15:40:59.618+0000] {logging_mixin.py:190} INFO - [2026-04-07T15:40:59.617+0000] {dag.py:4180} INFO - Setting next_dagrun for spark_custom_submit to None, run_after=None
[2026-04-07T15:40:59.640+0000] {processor.py:208} INFO - Processing /opt/airflow/dags/spark_custom_submit_dag.py took 0.087 seconds
[2026-04-07T15:41:45.612+0000] {processor.py:186} INFO - Started process (PID=6734) to work on /opt/airflow/dags/spark_custom_submit_dag.py
[2026-04-07T15:41:45.613+0000] {processor.py:914} INFO - Processing file /opt/airflow/dags/spark_custom_submit_dag.py for tasks to queue
[2026-04-07T15:41:45.616+0000] {logging_mixin.py:190} INFO - [2026-04-07T15:41:45.615+0000] {dagbag.py:588} INFO - Filling up the DagBag from /opt/airflow/dags/spark_custom_submit_dag.py
[2026-04-07T15:41:45.624+0000] {processor.py:925} INFO - DAG(s) 'spark_custom_submit' retrieved from /opt/airflow/dags/spark_custom_submit_dag.py
[2026-04-07T15:41:45.656+0000] {logging_mixin.py:190} INFO - [2026-04-07T15:41:45.656+0000] {dag.py:3239} INFO - Sync 1 DAGs
[2026-04-07T15:41:45.677+0000] {logging_mixin.py:190} INFO - [2026-04-07T15:41:45.676+0000] {dag.py:4180} INFO - Setting next_dagrun for spark_custom_submit to None, run_after=None
[2026-04-07T15:41:45.699+0000] {processor.py:208} INFO - Processing /opt/airflow/dags/spark_custom_submit_dag.py took 0.095 seconds
[2026-04-07T15:42:26.570+0000] {processor.py:186} INFO - Started process (PID=6805) to work on /opt/airflow/dags/spark_custom_submit_dag.py
[2026-04-07T15:42:26.571+0000] {processor.py:914} INFO - Processing file /opt/airflow/dags/spark_custom_submit_dag.py for tasks to queue
[2026-04-07T15:42:26.574+0000] {logging_mixin.py:190} INFO - [2026-04-07T15:42:26.573+0000] {dagbag.py:588} INFO - Filling up the DagBag from /opt/airflow/dags/spark_custom_submit_dag.py
[2026-04-07T15:42:26.583+0000] {processor.py:925} INFO - DAG(s) 'spark_custom_submit' retrieved from /opt/airflow/dags/spark_custom_submit_dag.py
[2026-04-07T15:42:26.616+0000] {logging_mixin.py:190} INFO - [2026-04-07T15:42:26.616+0000] {dag.py:3239} INFO - Sync 1 DAGs
[2026-04-07T15:42:26.635+0000] {logging_mixin.py:190} INFO - [2026-04-07T15:42:26.635+0000] {dag.py:4180} INFO - Setting next_dagrun for spark_custom_submit to None, run_after=None
[2026-04-07T15:42:26.659+0000] {processor.py:208} INFO - Processing /opt/airflow/dags/spark_custom_submit_dag.py took 0.097 seconds
[2026-04-07T15:43:12.609+0000] {processor.py:186} INFO - Started process (PID=6876) to work on /opt/airflow/dags/spark_custom_submit_dag.py
[2026-04-07T15:43:12.610+0000] {processor.py:914} INFO - Processing file /opt/airflow/dags/spark_custom_submit_dag.py for tasks to queue
[2026-04-07T15:43:12.613+0000] {logging_mixin.py:190} INFO - [2026-04-07T15:43:12.612+0000] {dagbag.py:588} INFO - Filling up the DagBag from /opt/airflow/dags/spark_custom_submit_dag.py
[2026-04-07T15:43:12.621+0000] {processor.py:925} INFO - DAG(s) 'spark_custom_submit' retrieved from /opt/airflow/dags/spark_custom_submit_dag.py
[2026-04-07T15:43:12.651+0000] {logging_mixin.py:190} INFO - [2026-04-07T15:43:12.651+0000] {dag.py:3239} INFO - Sync 1 DAGs
[2026-04-07T15:43:12.669+0000] {logging_mixin.py:190} INFO - [2026-04-07T15:43:12.669+0000] {dag.py:4180} INFO - Setting next_dagrun for spark_custom_submit to None, run_after=None
[2026-04-07T15:43:12.693+0000] {processor.py:208} INFO - Processing /opt/airflow/dags/spark_custom_submit_dag.py took 0.091 seconds
[2026-04-07T15:43:53.642+0000] {processor.py:186} INFO - Started process (PID=6947) to work on /opt/airflow/dags/spark_custom_submit_dag.py
[2026-04-07T15:43:53.644+0000] {processor.py:914} INFO - Processing file /opt/airflow/dags/spark_custom_submit_dag.py for tasks to queue
[2026-04-07T15:43:53.647+0000] {logging_mixin.py:190} INFO - [2026-04-07T15:43:53.647+0000] {dagbag.py:588} INFO - Filling up the DagBag from /opt/airflow/dags/spark_custom_submit_dag.py
[2026-04-07T15:43:53.658+0000] {processor.py:925} INFO - DAG(s) 'spark_custom_submit' retrieved from /opt/airflow/dags/spark_custom_submit_dag.py
[2026-04-07T15:43:53.688+0000] {logging_mixin.py:190} INFO - [2026-04-07T15:43:53.688+0000] {dag.py:3239} INFO - Sync 1 DAGs
[2026-04-07T15:43:53.706+0000] {logging_mixin.py:190} INFO - [2026-04-07T15:43:53.706+0000] {dag.py:4180} INFO - Setting next_dagrun for spark_custom_submit to None, run_after=None
[2026-04-07T15:43:53.731+0000] {processor.py:208} INFO - Processing /opt/airflow/dags/spark_custom_submit_dag.py took 0.098 seconds
[2026-04-07T15:44:40.678+0000] {processor.py:186} INFO - Started process (PID=7019) to work on /opt/airflow/dags/spark_custom_submit_dag.py
[2026-04-07T15:44:40.679+0000] {processor.py:914} INFO - Processing file /opt/airflow/dags/spark_custom_submit_dag.py for tasks to queue
[2026-04-07T15:44:40.681+0000] {logging_mixin.py:190} INFO - [2026-04-07T15:44:40.681+0000] {dagbag.py:588} INFO - Filling up the DagBag from /opt/airflow/dags/spark_custom_submit_dag.py
[2026-04-07T15:44:40.689+0000] {processor.py:925} INFO - DAG(s) 'spark_custom_submit' retrieved from /opt/airflow/dags/spark_custom_submit_dag.py
[2026-04-07T15:44:40.722+0000] {logging_mixin.py:190} INFO - [2026-04-07T15:44:40.721+0000] {dag.py:3239} INFO - Sync 1 DAGs
[2026-04-07T15:44:40.741+0000] {logging_mixin.py:190} INFO - [2026-04-07T15:44:40.740+0000] {dag.py:4180} INFO - Setting next_dagrun for spark_custom_submit to None, run_after=None
[2026-04-07T15:44:40.765+0000] {processor.py:208} INFO - Processing /opt/airflow/dags/spark_custom_submit_dag.py took 0.094 seconds
[2026-04-07T15:45:26.567+0000] {processor.py:186} INFO - Started process (PID=7088) to work on /opt/airflow/dags/spark_custom_submit_dag.py
[2026-04-07T15:45:26.568+0000] {processor.py:914} INFO - Processing file /opt/airflow/dags/spark_custom_submit_dag.py for tasks to queue
[2026-04-07T15:45:26.571+0000] {logging_mixin.py:190} INFO - [2026-04-07T15:45:26.571+0000] {dagbag.py:588} INFO - Filling up the DagBag from /opt/airflow/dags/spark_custom_submit_dag.py
[2026-04-07T15:45:26.580+0000] {processor.py:925} INFO - DAG(s) 'spark_custom_submit' retrieved from /opt/airflow/dags/spark_custom_submit_dag.py
[2026-04-07T15:45:26.610+0000] {logging_mixin.py:190} INFO - [2026-04-07T15:45:26.610+0000] {dag.py:3239} INFO - Sync 1 DAGs
[2026-04-07T15:45:26.630+0000] {logging_mixin.py:190} INFO - [2026-04-07T15:45:26.630+0000] {dag.py:4180} INFO - Setting next_dagrun for spark_custom_submit to None, run_after=None
[2026-04-07T15:45:26.656+0000] {processor.py:208} INFO - Processing /opt/airflow/dags/spark_custom_submit_dag.py took 0.095 seconds
[2026-04-07T15:46:07.610+0000] {processor.py:186} INFO - Started process (PID=7159) to work on /opt/airflow/dags/spark_custom_submit_dag.py
[2026-04-07T15:46:07.611+0000] {processor.py:914} INFO - Processing file /opt/airflow/dags/spark_custom_submit_dag.py for tasks to queue
[2026-04-07T15:46:07.613+0000] {logging_mixin.py:190} INFO - [2026-04-07T15:46:07.613+0000] {dagbag.py:588} INFO - Filling up the DagBag from /opt/airflow/dags/spark_custom_submit_dag.py
[2026-04-07T15:46:07.622+0000] {processor.py:925} INFO - DAG(s) 'spark_custom_submit' retrieved from /opt/airflow/dags/spark_custom_submit_dag.py
[2026-04-07T15:46:07.655+0000] {logging_mixin.py:190} INFO - [2026-04-07T15:46:07.655+0000] {dag.py:3239} INFO - Sync 1 DAGs
[2026-04-07T15:46:07.674+0000] {logging_mixin.py:190} INFO - [2026-04-07T15:46:07.674+0000] {dag.py:4180} INFO - Setting next_dagrun for spark_custom_submit to None, run_after=None
[2026-04-07T15:46:07.698+0000] {processor.py:208} INFO - Processing /opt/airflow/dags/spark_custom_submit_dag.py took 0.096 seconds
[2026-04-07T15:46:48.681+0000] {processor.py:186} INFO - Started process (PID=7232) to work on /opt/airflow/dags/spark_custom_submit_dag.py
[2026-04-07T15:46:48.682+0000] {processor.py:914} INFO - Processing file /opt/airflow/dags/spark_custom_submit_dag.py for tasks to queue
[2026-04-07T15:46:48.685+0000] {logging_mixin.py:190} INFO - [2026-04-07T15:46:48.684+0000] {dagbag.py:588} INFO - Filling up the DagBag from /opt/airflow/dags/spark_custom_submit_dag.py
[2026-04-07T15:46:48.693+0000] {processor.py:925} INFO - DAG(s) 'spark_custom_submit' retrieved from /opt/airflow/dags/spark_custom_submit_dag.py
[2026-04-07T15:46:48.728+0000] {logging_mixin.py:190} INFO - [2026-04-07T15:46:48.728+0000] {dag.py:3239} INFO - Sync 1 DAGs
[2026-04-07T15:46:48.752+0000] {logging_mixin.py:190} INFO - [2026-04-07T15:46:48.752+0000] {dag.py:4180} INFO - Setting next_dagrun for spark_custom_submit to None, run_after=None
[2026-04-07T15:46:48.778+0000] {processor.py:208} INFO - Processing /opt/airflow/dags/spark_custom_submit_dag.py took 0.105 seconds
[2026-04-07T15:47:29.712+0000] {processor.py:186} INFO - Started process (PID=7303) to work on /opt/airflow/dags/spark_custom_submit_dag.py
[2026-04-07T15:47:29.713+0000] {processor.py:914} INFO - Processing file /opt/airflow/dags/spark_custom_submit_dag.py for tasks to queue
[2026-04-07T15:47:29.716+0000] {logging_mixin.py:190} INFO - [2026-04-07T15:47:29.715+0000] {dagbag.py:588} INFO - Filling up the DagBag from /opt/airflow/dags/spark_custom_submit_dag.py
[2026-04-07T15:47:29.724+0000] {processor.py:925} INFO - DAG(s) 'spark_custom_submit' retrieved from /opt/airflow/dags/spark_custom_submit_dag.py
[2026-04-07T15:47:29.757+0000] {logging_mixin.py:190} INFO - [2026-04-07T15:47:29.757+0000] {dag.py:3239} INFO - Sync 1 DAGs
[2026-04-07T15:47:29.775+0000] {logging_mixin.py:190} INFO - [2026-04-07T15:47:29.775+0000] {dag.py:4180} INFO - Setting next_dagrun for spark_custom_submit to None, run_after=None
[2026-04-07T15:47:29.798+0000] {processor.py:208} INFO - Processing /opt/airflow/dags/spark_custom_submit_dag.py took 0.099 seconds
[2026-04-07T15:48:15.601+0000] {processor.py:186} INFO - Started process (PID=7372) to work on /opt/airflow/dags/spark_custom_submit_dag.py
[2026-04-07T15:48:15.602+0000] {processor.py:914} INFO - Processing file /opt/airflow/dags/spark_custom_submit_dag.py for tasks to queue
[2026-04-07T15:48:15.606+0000] {logging_mixin.py:190} INFO - [2026-04-07T15:48:15.606+0000] {dagbag.py:588} INFO - Filling up the DagBag from /opt/airflow/dags/spark_custom_submit_dag.py
[2026-04-07T15:48:15.618+0000] {processor.py:925} INFO - DAG(s) 'spark_custom_submit' retrieved from /opt/airflow/dags/spark_custom_submit_dag.py
[2026-04-07T15:48:15.660+0000] {logging_mixin.py:190} INFO - [2026-04-07T15:48:15.660+0000] {dag.py:3239} INFO - Sync 1 DAGs
[2026-04-07T15:48:15.689+0000] {logging_mixin.py:190} INFO - [2026-04-07T15:48:15.689+0000] {dag.py:4180} INFO - Setting next_dagrun for spark_custom_submit to None, run_after=None
[2026-04-07T15:48:15.724+0000] {processor.py:208} INFO - Processing /opt/airflow/dags/spark_custom_submit_dag.py took 0.131 seconds
[2026-04-07T15:48:52.723+0000] {processor.py:186} INFO - Started process (PID=7445) to work on /opt/airflow/dags/spark_custom_submit_dag.py
[2026-04-07T15:48:52.724+0000] {processor.py:914} INFO - Processing file /opt/airflow/dags/spark_custom_submit_dag.py for tasks to queue
[2026-04-07T15:48:52.728+0000] {logging_mixin.py:190} INFO - [2026-04-07T15:48:52.727+0000] {dagbag.py:588} INFO - Filling up the DagBag from /opt/airflow/dags/spark_custom_submit_dag.py
[2026-04-07T15:48:52.737+0000] {processor.py:925} INFO - DAG(s) 'spark_custom_submit' retrieved from /opt/airflow/dags/spark_custom_submit_dag.py
[2026-04-07T15:48:52.769+0000] {logging_mixin.py:190} INFO - [2026-04-07T15:48:52.769+0000] {dag.py:3239} INFO - Sync 1 DAGs
[2026-04-07T15:48:52.788+0000] {logging_mixin.py:190} INFO - [2026-04-07T15:48:52.787+0000] {dag.py:4180} INFO - Setting next_dagrun for spark_custom_submit to None, run_after=None
[2026-04-07T15:48:52.812+0000] {processor.py:208} INFO - Processing /opt/airflow/dags/spark_custom_submit_dag.py took 0.096 seconds
[2026-04-07T15:49:38.783+0000] {processor.py:186} INFO - Started process (PID=7516) to work on /opt/airflow/dags/spark_custom_submit_dag.py
[2026-04-07T15:49:38.784+0000] {processor.py:914} INFO - Processing file /opt/airflow/dags/spark_custom_submit_dag.py for tasks to queue
[2026-04-07T15:49:38.786+0000] {logging_mixin.py:190} INFO - [2026-04-07T15:49:38.786+0000] {dagbag.py:588} INFO - Filling up the DagBag from /opt/airflow/dags/spark_custom_submit_dag.py
[2026-04-07T15:49:38.794+0000] {processor.py:925} INFO - DAG(s) 'spark_custom_submit' retrieved from /opt/airflow/dags/spark_custom_submit_dag.py
[2026-04-07T15:49:38.823+0000] {logging_mixin.py:190} INFO - [2026-04-07T15:49:38.823+0000] {dag.py:3239} INFO - Sync 1 DAGs
[2026-04-07T15:49:38.841+0000] {logging_mixin.py:190} INFO - [2026-04-07T15:49:38.840+0000] {dag.py:4180} INFO - Setting next_dagrun for spark_custom_submit to None, run_after=None
[2026-04-07T15:49:38.864+0000] {processor.py:208} INFO - Processing /opt/airflow/dags/spark_custom_submit_dag.py took 0.092 seconds
[2026-04-07T15:50:24.686+0000] {processor.py:186} INFO - Started process (PID=7587) to work on /opt/airflow/dags/spark_custom_submit_dag.py
[2026-04-07T15:50:24.687+0000] {processor.py:914} INFO - Processing file /opt/airflow/dags/spark_custom_submit_dag.py for tasks to queue
[2026-04-07T15:50:24.690+0000] {logging_mixin.py:190} INFO - [2026-04-07T15:50:24.690+0000] {dagbag.py:588} INFO - Filling up the DagBag from /opt/airflow/dags/spark_custom_submit_dag.py
[2026-04-07T15:50:24.700+0000] {processor.py:925} INFO - DAG(s) 'spark_custom_submit' retrieved from /opt/airflow/dags/spark_custom_submit_dag.py
[2026-04-07T15:50:24.731+0000] {logging_mixin.py:190} INFO - [2026-04-07T15:50:24.731+0000] {dag.py:3239} INFO - Sync 1 DAGs
[2026-04-07T15:50:24.750+0000] {logging_mixin.py:190} INFO - [2026-04-07T15:50:24.750+0000] {dag.py:4180} INFO - Setting next_dagrun for spark_custom_submit to None, run_after=None
[2026-04-07T15:50:24.773+0000] {processor.py:208} INFO - Processing /opt/airflow/dags/spark_custom_submit_dag.py took 0.098 seconds
[2026-04-07T15:51:01.732+0000] {processor.py:186} INFO - Started process (PID=7658) to work on /opt/airflow/dags/spark_custom_submit_dag.py
[2026-04-07T15:51:01.734+0000] {processor.py:914} INFO - Processing file /opt/airflow/dags/spark_custom_submit_dag.py for tasks to queue
[2026-04-07T15:51:01.737+0000] {logging_mixin.py:190} INFO - [2026-04-07T15:51:01.736+0000] {dagbag.py:588} INFO - Filling up the DagBag from /opt/airflow/dags/spark_custom_submit_dag.py
[2026-04-07T15:51:01.747+0000] {processor.py:925} INFO - DAG(s) 'spark_custom_submit' retrieved from /opt/airflow/dags/spark_custom_submit_dag.py
[2026-04-07T15:51:01.781+0000] {logging_mixin.py:190} INFO - [2026-04-07T15:51:01.781+0000] {dag.py:3239} INFO - Sync 1 DAGs
[2026-04-07T15:51:01.801+0000] {logging_mixin.py:190} INFO - [2026-04-07T15:51:01.801+0000] {dag.py:4180} INFO - Setting next_dagrun for spark_custom_submit to None, run_after=None
[2026-04-07T15:51:01.825+0000] {processor.py:208} INFO - Processing /opt/airflow/dags/spark_custom_submit_dag.py took 0.101 seconds
[2026-04-07T15:51:41.600+0000] {processor.py:186} INFO - Started process (PID=7727) to work on /opt/airflow/dags/spark_custom_submit_dag.py
[2026-04-07T15:51:41.601+0000] {processor.py:914} INFO - Processing file /opt/airflow/dags/spark_custom_submit_dag.py for tasks to queue
[2026-04-07T15:51:41.604+0000] {logging_mixin.py:190} INFO - [2026-04-07T15:51:41.603+0000] {dagbag.py:588} INFO - Filling up the DagBag from /opt/airflow/dags/spark_custom_submit_dag.py
[2026-04-07T15:51:41.612+0000] {processor.py:925} INFO - DAG(s) 'spark_custom_submit' retrieved from /opt/airflow/dags/spark_custom_submit_dag.py
[2026-04-07T15:51:41.643+0000] {logging_mixin.py:190} INFO - [2026-04-07T15:51:41.643+0000] {dag.py:3239} INFO - Sync 1 DAGs
[2026-04-07T15:51:41.662+0000] {logging_mixin.py:190} INFO - [2026-04-07T15:51:41.662+0000] {dag.py:4180} INFO - Setting next_dagrun for spark_custom_submit to None, run_after=None
[2026-04-07T15:51:41.683+0000] {processor.py:208} INFO - Processing /opt/airflow/dags/spark_custom_submit_dag.py took 0.090 seconds
[2026-04-07T15:52:22.674+0000] {processor.py:186} INFO - Started process (PID=7800) to work on /opt/airflow/dags/spark_custom_submit_dag.py
[2026-04-07T15:52:22.675+0000] {processor.py:914} INFO - Processing file /opt/airflow/dags/spark_custom_submit_dag.py for tasks to queue
[2026-04-07T15:52:22.677+0000] {logging_mixin.py:190} INFO - [2026-04-07T15:52:22.677+0000] {dagbag.py:588} INFO - Filling up the DagBag from /opt/airflow/dags/spark_custom_submit_dag.py
[2026-04-07T15:52:22.685+0000] {processor.py:925} INFO - DAG(s) 'spark_custom_submit' retrieved from /opt/airflow/dags/spark_custom_submit_dag.py
[2026-04-07T15:52:22.714+0000] {logging_mixin.py:190} INFO - [2026-04-07T15:52:22.714+0000] {dag.py:3239} INFO - Sync 1 DAGs
[2026-04-07T15:52:22.734+0000] {logging_mixin.py:190} INFO - [2026-04-07T15:52:22.733+0000] {dag.py:4180} INFO - Setting next_dagrun for spark_custom_submit to None, run_after=None
[2026-04-07T15:52:22.762+0000] {processor.py:208} INFO - Processing /opt/airflow/dags/spark_custom_submit_dag.py took 0.094 seconds
[2026-04-07T15:53:08.585+0000] {processor.py:186} INFO - Started process (PID=7869) to work on /opt/airflow/dags/spark_custom_submit_dag.py
[2026-04-07T15:53:08.586+0000] {processor.py:914} INFO - Processing file /opt/airflow/dags/spark_custom_submit_dag.py for tasks to queue
[2026-04-07T15:53:08.589+0000] {logging_mixin.py:190} INFO - [2026-04-07T15:53:08.588+0000] {dagbag.py:588} INFO - Filling up the DagBag from /opt/airflow/dags/spark_custom_submit_dag.py
[2026-04-07T15:53:08.598+0000] {processor.py:925} INFO - DAG(s) 'spark_custom_submit' retrieved from /opt/airflow/dags/spark_custom_submit_dag.py
[2026-04-07T15:53:08.627+0000] {logging_mixin.py:190} INFO - [2026-04-07T15:53:08.627+0000] {dag.py:3239} INFO - Sync 1 DAGs
[2026-04-07T15:53:08.646+0000] {logging_mixin.py:190} INFO - [2026-04-07T15:53:08.646+0000] {dag.py:4180} INFO - Setting next_dagrun for spark_custom_submit to None, run_after=None
[2026-04-07T15:53:08.672+0000] {processor.py:208} INFO - Processing /opt/airflow/dags/spark_custom_submit_dag.py took 0.095 seconds
[2026-04-07T15:53:55.592+0000] {processor.py:186} INFO - Started process (PID=7940) to work on /opt/airflow/dags/spark_custom_submit_dag.py
[2026-04-07T15:53:55.593+0000] {processor.py:914} INFO - Processing file /opt/airflow/dags/spark_custom_submit_dag.py for tasks to queue
[2026-04-07T15:53:55.596+0000] {logging_mixin.py:190} INFO - [2026-04-07T15:53:55.595+0000] {dagbag.py:588} INFO - Filling up the DagBag from /opt/airflow/dags/spark_custom_submit_dag.py
[2026-04-07T15:53:55.605+0000] {processor.py:925} INFO - DAG(s) 'spark_custom_submit' retrieved from /opt/airflow/dags/spark_custom_submit_dag.py
[2026-04-07T15:53:55.634+0000] {logging_mixin.py:190} INFO - [2026-04-07T15:53:55.634+0000] {dag.py:3239} INFO - Sync 1 DAGs
[2026-04-07T15:53:55.654+0000] {logging_mixin.py:190} INFO - [2026-04-07T15:53:55.653+0000] {dag.py:4180} INFO - Setting next_dagrun for spark_custom_submit to None, run_after=None
[2026-04-07T15:53:55.677+0000] {processor.py:208} INFO - Processing /opt/airflow/dags/spark_custom_submit_dag.py took 0.091 seconds
[2026-04-07T15:54:36.893+0000] {processor.py:186} INFO - Started process (PID=8014) to work on /opt/airflow/dags/spark_custom_submit_dag.py
[2026-04-07T15:54:36.894+0000] {processor.py:914} INFO - Processing file /opt/airflow/dags/spark_custom_submit_dag.py for tasks to queue
[2026-04-07T15:54:36.897+0000] {logging_mixin.py:190} INFO - [2026-04-07T15:54:36.897+0000] {dagbag.py:588} INFO - Filling up the DagBag from /opt/airflow/dags/spark_custom_submit_dag.py
[2026-04-07T15:54:36.907+0000] {processor.py:925} INFO - DAG(s) 'spark_custom_submit' retrieved from /opt/airflow/dags/spark_custom_submit_dag.py
[2026-04-07T15:54:36.945+0000] {logging_mixin.py:190} INFO - [2026-04-07T15:54:36.945+0000] {dag.py:3239} INFO - Sync 1 DAGs
[2026-04-07T15:54:36.969+0000] {logging_mixin.py:190} INFO - [2026-04-07T15:54:36.969+0000] {dag.py:4180} INFO - Setting next_dagrun for spark_custom_submit to None, run_after=None
[2026-04-07T15:54:36.991+0000] {processor.py:208} INFO - Processing /opt/airflow/dags/spark_custom_submit_dag.py took 0.106 seconds
[2026-04-07T15:55:17.580+0000] {processor.py:186} INFO - Started process (PID=8083) to work on /opt/airflow/dags/spark_custom_submit_dag.py
[2026-04-07T15:55:17.581+0000] {processor.py:914} INFO - Processing file /opt/airflow/dags/spark_custom_submit_dag.py for tasks to queue
[2026-04-07T15:55:17.584+0000] {logging_mixin.py:190} INFO - [2026-04-07T15:55:17.583+0000] {dagbag.py:588} INFO - Filling up the DagBag from /opt/airflow/dags/spark_custom_submit_dag.py
[2026-04-07T15:55:17.594+0000] {processor.py:925} INFO - DAG(s) 'spark_custom_submit' retrieved from /opt/airflow/dags/spark_custom_submit_dag.py
[2026-04-07T15:55:17.624+0000] {logging_mixin.py:190} INFO - [2026-04-07T15:55:17.624+0000] {dag.py:3239} INFO - Sync 1 DAGs
[2026-04-07T15:55:17.644+0000] {logging_mixin.py:190} INFO - [2026-04-07T15:55:17.644+0000] {dag.py:4180} INFO - Setting next_dagrun for spark_custom_submit to None, run_after=None
[2026-04-07T15:55:17.666+0000] {processor.py:208} INFO - Processing /opt/airflow/dags/spark_custom_submit_dag.py took 0.094 seconds
[2026-04-07T15:56:03.724+0000] {processor.py:186} INFO - Started process (PID=8156) to work on /opt/airflow/dags/spark_custom_submit_dag.py
[2026-04-07T15:56:03.725+0000] {processor.py:914} INFO - Processing file /opt/airflow/dags/spark_custom_submit_dag.py for tasks to queue
[2026-04-07T15:56:03.727+0000] {logging_mixin.py:190} INFO - [2026-04-07T15:56:03.727+0000] {dagbag.py:588} INFO - Filling up the DagBag from /opt/airflow/dags/spark_custom_submit_dag.py
[2026-04-07T15:56:03.737+0000] {processor.py:925} INFO - DAG(s) 'spark_custom_submit' retrieved from /opt/airflow/dags/spark_custom_submit_dag.py
[2026-04-07T15:56:03.768+0000] {logging_mixin.py:190} INFO - [2026-04-07T15:56:03.768+0000] {dag.py:3239} INFO - Sync 1 DAGs
[2026-04-07T15:56:03.790+0000] {logging_mixin.py:190} INFO - [2026-04-07T15:56:03.790+0000] {dag.py:4180} INFO - Setting next_dagrun for spark_custom_submit to None, run_after=None
[2026-04-07T15:56:03.813+0000] {processor.py:208} INFO - Processing /opt/airflow/dags/spark_custom_submit_dag.py took 0.097 seconds
[2026-04-07T15:56:44.701+0000] {processor.py:186} INFO - Started process (PID=8227) to work on /opt/airflow/dags/spark_custom_submit_dag.py
[2026-04-07T15:56:44.702+0000] {processor.py:914} INFO - Processing file /opt/airflow/dags/spark_custom_submit_dag.py for tasks to queue
[2026-04-07T15:56:44.705+0000] {logging_mixin.py:190} INFO - [2026-04-07T15:56:44.705+0000] {dagbag.py:588} INFO - Filling up the DagBag from /opt/airflow/dags/spark_custom_submit_dag.py
[2026-04-07T15:56:44.714+0000] {processor.py:925} INFO - DAG(s) 'spark_custom_submit' retrieved from /opt/airflow/dags/spark_custom_submit_dag.py
[2026-04-07T15:56:44.745+0000] {logging_mixin.py:190} INFO - [2026-04-07T15:56:44.745+0000] {dag.py:3239} INFO - Sync 1 DAGs
[2026-04-07T15:56:44.767+0000] {logging_mixin.py:190} INFO - [2026-04-07T15:56:44.767+0000] {dag.py:4180} INFO - Setting next_dagrun for spark_custom_submit to None, run_after=None
[2026-04-07T15:56:44.793+0000] {processor.py:208} INFO - Processing /opt/airflow/dags/spark_custom_submit_dag.py took 0.099 seconds
[2026-04-07T15:57:21.699+0000] {processor.py:186} INFO - Started process (PID=8296) to work on /opt/airflow/dags/spark_custom_submit_dag.py
[2026-04-07T15:57:21.700+0000] {processor.py:914} INFO - Processing file /opt/airflow/dags/spark_custom_submit_dag.py for tasks to queue
[2026-04-07T15:57:21.703+0000] {logging_mixin.py:190} INFO - [2026-04-07T15:57:21.702+0000] {dagbag.py:588} INFO - Filling up the DagBag from /opt/airflow/dags/spark_custom_submit_dag.py
[2026-04-07T15:57:21.711+0000] {processor.py:925} INFO - DAG(s) 'spark_custom_submit' retrieved from /opt/airflow/dags/spark_custom_submit_dag.py
[2026-04-07T15:57:21.740+0000] {logging_mixin.py:190} INFO - [2026-04-07T15:57:21.740+0000] {dag.py:3239} INFO - Sync 1 DAGs
[2026-04-07T15:57:21.766+0000] {logging_mixin.py:190} INFO - [2026-04-07T15:57:21.765+0000] {dag.py:4180} INFO - Setting next_dagrun for spark_custom_submit to None, run_after=None
[2026-04-07T15:57:21.791+0000] {processor.py:208} INFO - Processing /opt/airflow/dags/spark_custom_submit_dag.py took 0.098 seconds
[2026-04-07T15:58:06.584+0000] {processor.py:186} INFO - Started process (PID=8367) to work on /opt/airflow/dags/spark_custom_submit_dag.py
[2026-04-07T15:58:06.585+0000] {processor.py:914} INFO - Processing file /opt/airflow/dags/spark_custom_submit_dag.py for tasks to queue
[2026-04-07T15:58:06.587+0000] {logging_mixin.py:190} INFO - [2026-04-07T15:58:06.587+0000] {dagbag.py:588} INFO - Filling up the DagBag from /opt/airflow/dags/spark_custom_submit_dag.py
[2026-04-07T15:58:06.596+0000] {processor.py:925} INFO - DAG(s) 'spark_custom_submit' retrieved from /opt/airflow/dags/spark_custom_submit_dag.py
[2026-04-07T15:58:06.624+0000] {logging_mixin.py:190} INFO - [2026-04-07T15:58:06.624+0000] {dag.py:3239} INFO - Sync 1 DAGs
[2026-04-07T15:58:06.642+0000] {logging_mixin.py:190} INFO - [2026-04-07T15:58:06.642+0000] {dag.py:4180} INFO - Setting next_dagrun for spark_custom_submit to None, run_after=None
[2026-04-07T15:58:06.665+0000] {processor.py:208} INFO - Processing /opt/airflow/dags/spark_custom_submit_dag.py took 0.088 seconds
[2026-04-07T15:58:47.608+0000] {processor.py:186} INFO - Started process (PID=8444) to work on /opt/airflow/dags/spark_custom_submit_dag.py
[2026-04-07T15:58:47.609+0000] {processor.py:914} INFO - Processing file /opt/airflow/dags/spark_custom_submit_dag.py for tasks to queue
[2026-04-07T15:58:47.612+0000] {logging_mixin.py:190} INFO - [2026-04-07T15:58:47.611+0000] {dagbag.py:588} INFO - Filling up the DagBag from /opt/airflow/dags/spark_custom_submit_dag.py
[2026-04-07T15:58:47.622+0000] {processor.py:925} INFO - DAG(s) 'spark_custom_submit' retrieved from /opt/airflow/dags/spark_custom_submit_dag.py
[2026-04-07T15:58:47.652+0000] {logging_mixin.py:190} INFO - [2026-04-07T15:58:47.652+0000] {dag.py:3239} INFO - Sync 1 DAGs
[2026-04-07T15:58:47.670+0000] {logging_mixin.py:190} INFO - [2026-04-07T15:58:47.670+0000] {dag.py:4180} INFO - Setting next_dagrun for spark_custom_submit to None, run_after=None
[2026-04-07T15:58:47.694+0000] {processor.py:208} INFO - Processing /opt/airflow/dags/spark_custom_submit_dag.py took 0.093 seconds
[2026-04-07T15:59:39.810+0000] {processor.py:186} INFO - Started process (PID=8517) to work on /opt/airflow/dags/spark_custom_submit_dag.py
[2026-04-07T15:59:39.812+0000] {processor.py:914} INFO - Processing file /opt/airflow/dags/spark_custom_submit_dag.py for tasks to queue
[2026-04-07T15:59:39.814+0000] {logging_mixin.py:190} INFO - [2026-04-07T15:59:39.814+0000] {dagbag.py:588} INFO - Filling up the DagBag from /opt/airflow/dags/spark_custom_submit_dag.py
[2026-04-07T15:59:39.823+0000] {processor.py:925} INFO - DAG(s) 'spark_custom_submit' retrieved from /opt/airflow/dags/spark_custom_submit_dag.py
[2026-04-07T15:59:39.856+0000] {logging_mixin.py:190} INFO - [2026-04-07T15:59:39.855+0000] {dag.py:3239} INFO - Sync 1 DAGs
[2026-04-07T15:59:39.875+0000] {logging_mixin.py:190} INFO - [2026-04-07T15:59:39.874+0000] {dag.py:4180} INFO - Setting next_dagrun for spark_custom_submit to None, run_after=None
[2026-04-07T15:59:39.901+0000] {processor.py:208} INFO - Processing /opt/airflow/dags/spark_custom_submit_dag.py took 0.099 seconds
[2026-04-07T16:02:59.837+0000] {processor.py:186} INFO - Started process (PID=8588) to work on /opt/airflow/dags/spark_custom_submit_dag.py
[2026-04-07T16:02:59.838+0000] {processor.py:914} INFO - Processing file /opt/airflow/dags/spark_custom_submit_dag.py for tasks to queue
[2026-04-07T16:02:59.841+0000] {logging_mixin.py:190} INFO - [2026-04-07T16:02:59.841+0000] {dagbag.py:588} INFO - Filling up the DagBag from /opt/airflow/dags/spark_custom_submit_dag.py
[2026-04-07T16:02:59.852+0000] {processor.py:925} INFO - DAG(s) 'spark_custom_submit' retrieved from /opt/airflow/dags/spark_custom_submit_dag.py
[2026-04-07T16:02:59.883+0000] {logging_mixin.py:190} INFO - [2026-04-07T16:02:59.882+0000] {dag.py:3239} INFO - Sync 1 DAGs
[2026-04-07T16:02:59.905+0000] {logging_mixin.py:190} INFO - [2026-04-07T16:02:59.905+0000] {dag.py:4180} INFO - Setting next_dagrun for spark_custom_submit to None, run_after=None
[2026-04-07T16:02:59.931+0000] {processor.py:208} INFO - Processing /opt/airflow/dags/spark_custom_submit_dag.py took 0.101 seconds
[2026-04-07T16:06:06.788+0000] {processor.py:186} INFO - Started process (PID=8659) to work on /opt/airflow/dags/spark_custom_submit_dag.py
[2026-04-07T16:06:06.789+0000] {processor.py:914} INFO - Processing file /opt/airflow/dags/spark_custom_submit_dag.py for tasks to queue
[2026-04-07T16:06:06.791+0000] {logging_mixin.py:190} INFO - [2026-04-07T16:06:06.791+0000] {dagbag.py:588} INFO - Filling up the DagBag from /opt/airflow/dags/spark_custom_submit_dag.py
[2026-04-07T16:06:06.799+0000] {processor.py:925} INFO - DAG(s) 'spark_custom_submit' retrieved from /opt/airflow/dags/spark_custom_submit_dag.py
[2026-04-07T16:06:06.830+0000] {logging_mixin.py:190} INFO - [2026-04-07T16:06:06.829+0000] {dag.py:3239} INFO - Sync 1 DAGs
[2026-04-07T16:06:06.849+0000] {logging_mixin.py:190} INFO - [2026-04-07T16:06:06.849+0000] {dag.py:4180} INFO - Setting next_dagrun for spark_custom_submit to None, run_after=None
[2026-04-07T16:06:06.874+0000] {processor.py:208} INFO - Processing /opt/airflow/dags/spark_custom_submit_dag.py took 0.092 seconds
[2026-04-07T16:07:36.642+0000] {processor.py:186} INFO - Started process (PID=8728) to work on /opt/airflow/dags/spark_custom_submit_dag.py
[2026-04-07T16:07:36.643+0000] {processor.py:914} INFO - Processing file /opt/airflow/dags/spark_custom_submit_dag.py for tasks to queue
[2026-04-07T16:07:36.648+0000] {logging_mixin.py:190} INFO - [2026-04-07T16:07:36.647+0000] {dagbag.py:588} INFO - Filling up the DagBag from /opt/airflow/dags/spark_custom_submit_dag.py
[2026-04-07T16:07:36.662+0000] {processor.py:925} INFO - DAG(s) 'spark_custom_submit' retrieved from /opt/airflow/dags/spark_custom_submit_dag.py
[2026-04-07T16:07:36.699+0000] {logging_mixin.py:190} INFO - [2026-04-07T16:07:36.699+0000] {dag.py:3239} INFO - Sync 1 DAGs
[2026-04-07T16:07:36.722+0000] {logging_mixin.py:190} INFO - [2026-04-07T16:07:36.722+0000] {dag.py:4180} INFO - Setting next_dagrun for spark_custom_submit to None, run_after=None
[2026-04-07T16:07:36.749+0000] {processor.py:208} INFO - Processing /opt/airflow/dags/spark_custom_submit_dag.py took 0.115 seconds
[2026-04-07T16:08:50.843+0000] {processor.py:186} INFO - Started process (PID=8801) to work on /opt/airflow/dags/spark_custom_submit_dag.py
[2026-04-07T16:08:50.845+0000] {processor.py:914} INFO - Processing file /opt/airflow/dags/spark_custom_submit_dag.py for tasks to queue
[2026-04-07T16:08:50.847+0000] {logging_mixin.py:190} INFO - [2026-04-07T16:08:50.847+0000] {dagbag.py:588} INFO - Filling up the DagBag from /opt/airflow/dags/spark_custom_submit_dag.py
[2026-04-07T16:08:50.855+0000] {processor.py:925} INFO - DAG(s) 'spark_custom_submit' retrieved from /opt/airflow/dags/spark_custom_submit_dag.py
[2026-04-07T16:08:50.889+0000] {logging_mixin.py:190} INFO - [2026-04-07T16:08:50.888+0000] {dag.py:3239} INFO - Sync 1 DAGs
[2026-04-07T16:08:50.910+0000] {logging_mixin.py:190} INFO - [2026-04-07T16:08:50.910+0000] {dag.py:4180} INFO - Setting next_dagrun for spark_custom_submit to None, run_after=None
[2026-04-07T16:08:50.935+0000] {processor.py:208} INFO - Processing /opt/airflow/dags/spark_custom_submit_dag.py took 0.099 seconds
[2026-04-07T16:09:30.582+0000] {processor.py:186} INFO - Started process (PID=8870) to work on /opt/airflow/dags/spark_custom_submit_dag.py
[2026-04-07T16:09:30.583+0000] {processor.py:914} INFO - Processing file /opt/airflow/dags/spark_custom_submit_dag.py for tasks to queue
[2026-04-07T16:09:30.586+0000] {logging_mixin.py:190} INFO - [2026-04-07T16:09:30.585+0000] {dagbag.py:588} INFO - Filling up the DagBag from /opt/airflow/dags/spark_custom_submit_dag.py
[2026-04-07T16:09:30.596+0000] {processor.py:925} INFO - DAG(s) 'spark_custom_submit' retrieved from /opt/airflow/dags/spark_custom_submit_dag.py
[2026-04-07T16:09:30.629+0000] {logging_mixin.py:190} INFO - [2026-04-07T16:09:30.629+0000] {dag.py:3239} INFO - Sync 1 DAGs
[2026-04-07T16:09:30.649+0000] {logging_mixin.py:190} INFO - [2026-04-07T16:09:30.649+0000] {dag.py:4180} INFO - Setting next_dagrun for spark_custom_submit to None, run_after=None
[2026-04-07T16:09:30.675+0000] {processor.py:208} INFO - Processing /opt/airflow/dags/spark_custom_submit_dag.py took 0.102 seconds
[2026-04-07T16:10:33.097+0000] {processor.py:186} INFO - Started process (PID=8943) to work on /opt/airflow/dags/spark_custom_submit_dag.py
[2026-04-07T16:10:33.098+0000] {processor.py:914} INFO - Processing file /opt/airflow/dags/spark_custom_submit_dag.py for tasks to queue
[2026-04-07T16:10:33.101+0000] {logging_mixin.py:190} INFO - [2026-04-07T16:10:33.100+0000] {dagbag.py:588} INFO - Filling up the DagBag from /opt/airflow/dags/spark_custom_submit_dag.py
[2026-04-07T16:10:33.108+0000] {processor.py:925} INFO - DAG(s) 'spark_custom_submit' retrieved from /opt/airflow/dags/spark_custom_submit_dag.py
[2026-04-07T16:10:33.141+0000] {logging_mixin.py:190} INFO - [2026-04-07T16:10:33.140+0000] {dag.py:3239} INFO - Sync 1 DAGs
[2026-04-07T16:10:33.159+0000] {logging_mixin.py:190} INFO - [2026-04-07T16:10:33.159+0000] {dag.py:4180} INFO - Setting next_dagrun for spark_custom_submit to None, run_after=None
[2026-04-07T16:10:33.182+0000] {processor.py:208} INFO - Processing /opt/airflow/dags/spark_custom_submit_dag.py took 0.091 seconds
[2026-04-07T16:11:15.667+0000] {processor.py:186} INFO - Started process (PID=9012) to work on /opt/airflow/dags/spark_custom_submit_dag.py
[2026-04-07T16:11:15.668+0000] {processor.py:914} INFO - Processing file /opt/airflow/dags/spark_custom_submit_dag.py for tasks to queue
[2026-04-07T16:11:15.671+0000] {logging_mixin.py:190} INFO - [2026-04-07T16:11:15.671+0000] {dagbag.py:588} INFO - Filling up the DagBag from /opt/airflow/dags/spark_custom_submit_dag.py
[2026-04-07T16:11:15.682+0000] {processor.py:925} INFO - DAG(s) 'spark_custom_submit' retrieved from /opt/airflow/dags/spark_custom_submit_dag.py
[2026-04-07T16:11:15.715+0000] {logging_mixin.py:190} INFO - [2026-04-07T16:11:15.714+0000] {dag.py:3239} INFO - Sync 1 DAGs
[2026-04-07T16:11:15.736+0000] {logging_mixin.py:190} INFO - [2026-04-07T16:11:15.736+0000] {dag.py:4180} INFO - Setting next_dagrun for spark_custom_submit to None, run_after=None
[2026-04-07T16:11:15.762+0000] {processor.py:208} INFO - Processing /opt/airflow/dags/spark_custom_submit_dag.py took 0.105 seconds
[2026-04-07T16:11:56.740+0000] {processor.py:186} INFO - Started process (PID=9085) to work on /opt/airflow/dags/spark_custom_submit_dag.py
[2026-04-07T16:11:56.741+0000] {processor.py:914} INFO - Processing file /opt/airflow/dags/spark_custom_submit_dag.py for tasks to queue
[2026-04-07T16:11:56.743+0000] {logging_mixin.py:190} INFO - [2026-04-07T16:11:56.742+0000] {dagbag.py:588} INFO - Filling up the DagBag from /opt/airflow/dags/spark_custom_submit_dag.py
[2026-04-07T16:11:56.752+0000] {processor.py:925} INFO - DAG(s) 'spark_custom_submit' retrieved from /opt/airflow/dags/spark_custom_submit_dag.py
[2026-04-07T16:11:56.787+0000] {logging_mixin.py:190} INFO - [2026-04-07T16:11:56.787+0000] {dag.py:3239} INFO - Sync 1 DAGs
[2026-04-07T16:11:56.809+0000] {logging_mixin.py:190} INFO - [2026-04-07T16:11:56.809+0000] {dag.py:4180} INFO - Setting next_dagrun for spark_custom_submit to None, run_after=None
[2026-04-07T16:11:56.833+0000] {processor.py:208} INFO - Processing /opt/airflow/dags/spark_custom_submit_dag.py took 0.099 seconds
[2026-04-07T16:12:34.733+0000] {processor.py:186} INFO - Started process (PID=9156) to work on /opt/airflow/dags/spark_custom_submit_dag.py
[2026-04-07T16:12:34.735+0000] {processor.py:914} INFO - Processing file /opt/airflow/dags/spark_custom_submit_dag.py for tasks to queue
[2026-04-07T16:12:34.738+0000] {logging_mixin.py:190} INFO - [2026-04-07T16:12:34.738+0000] {dagbag.py:588} INFO - Filling up the DagBag from /opt/airflow/dags/spark_custom_submit_dag.py
[2026-04-07T16:12:34.747+0000] {processor.py:925} INFO - DAG(s) 'spark_custom_submit' retrieved from /opt/airflow/dags/spark_custom_submit_dag.py
[2026-04-07T16:12:34.777+0000] {logging_mixin.py:190} INFO - [2026-04-07T16:12:34.777+0000] {dag.py:3239} INFO - Sync 1 DAGs
[2026-04-07T16:12:34.798+0000] {logging_mixin.py:190} INFO - [2026-04-07T16:12:34.798+0000] {dag.py:4180} INFO - Setting next_dagrun for spark_custom_submit to None, run_after=None
[2026-04-07T16:12:34.822+0000] {processor.py:208} INFO - Processing /opt/airflow/dags/spark_custom_submit_dag.py took 0.098 seconds
[2026-04-07T16:13:13.612+0000] {processor.py:186} INFO - Started process (PID=9225) to work on /opt/airflow/dags/spark_custom_submit_dag.py
[2026-04-07T16:13:13.613+0000] {processor.py:914} INFO - Processing file /opt/airflow/dags/spark_custom_submit_dag.py for tasks to queue
[2026-04-07T16:13:13.615+0000] {logging_mixin.py:190} INFO - [2026-04-07T16:13:13.615+0000] {dagbag.py:588} INFO - Filling up the DagBag from /opt/airflow/dags/spark_custom_submit_dag.py
[2026-04-07T16:13:13.624+0000] {processor.py:925} INFO - DAG(s) 'spark_custom_submit' retrieved from /opt/airflow/dags/spark_custom_submit_dag.py
[2026-04-07T16:13:13.653+0000] {logging_mixin.py:190} INFO - [2026-04-07T16:13:13.653+0000] {dag.py:3239} INFO - Sync 1 DAGs
[2026-04-07T16:13:13.673+0000] {logging_mixin.py:190} INFO - [2026-04-07T16:13:13.673+0000] {dag.py:4180} INFO - Setting next_dagrun for spark_custom_submit to None, run_after=None
[2026-04-07T16:13:13.697+0000] {processor.py:208} INFO - Processing /opt/airflow/dags/spark_custom_submit_dag.py took 0.093 seconds
[2026-04-07T16:13:50.753+0000] {processor.py:186} INFO - Started process (PID=9298) to work on /opt/airflow/dags/spark_custom_submit_dag.py
[2026-04-07T16:13:50.754+0000] {processor.py:914} INFO - Processing file /opt/airflow/dags/spark_custom_submit_dag.py for tasks to queue
[2026-04-07T16:13:50.756+0000] {logging_mixin.py:190} INFO - [2026-04-07T16:13:50.756+0000] {dagbag.py:588} INFO - Filling up the DagBag from /opt/airflow/dags/spark_custom_submit_dag.py
[2026-04-07T16:13:50.764+0000] {processor.py:925} INFO - DAG(s) 'spark_custom_submit' retrieved from /opt/airflow/dags/spark_custom_submit_dag.py
[2026-04-07T16:13:50.797+0000] {logging_mixin.py:190} INFO - [2026-04-07T16:13:50.796+0000] {dag.py:3239} INFO - Sync 1 DAGs
[2026-04-07T16:13:50.818+0000] {logging_mixin.py:190} INFO - [2026-04-07T16:13:50.817+0000] {dag.py:4180} INFO - Setting next_dagrun for spark_custom_submit to None, run_after=None
[2026-04-07T16:13:50.844+0000] {processor.py:208} INFO - Processing /opt/airflow/dags/spark_custom_submit_dag.py took 0.100 seconds
[2026-04-07T16:14:35.824+0000] {processor.py:186} INFO - Started process (PID=9369) to work on /opt/airflow/dags/spark_custom_submit_dag.py
[2026-04-07T16:14:35.825+0000] {processor.py:914} INFO - Processing file /opt/airflow/dags/spark_custom_submit_dag.py for tasks to queue
[2026-04-07T16:14:35.828+0000] {logging_mixin.py:190} INFO - [2026-04-07T16:14:35.828+0000] {dagbag.py:588} INFO - Filling up the DagBag from /opt/airflow/dags/spark_custom_submit_dag.py
[2026-04-07T16:14:35.839+0000] {processor.py:925} INFO - DAG(s) 'spark_custom_submit' retrieved from /opt/airflow/dags/spark_custom_submit_dag.py
[2026-04-07T16:14:35.871+0000] {logging_mixin.py:190} INFO - [2026-04-07T16:14:35.870+0000] {dag.py:3239} INFO - Sync 1 DAGs
[2026-04-07T16:14:35.889+0000] {logging_mixin.py:190} INFO - [2026-04-07T16:14:35.889+0000] {dag.py:4180} INFO - Setting next_dagrun for spark_custom_submit to None, run_after=None
[2026-04-07T16:14:35.915+0000] {processor.py:208} INFO - Processing /opt/airflow/dags/spark_custom_submit_dag.py took 0.098 seconds
[2026-04-07T16:15:13.615+0000] {processor.py:186} INFO - Started process (PID=9438) to work on /opt/airflow/dags/spark_custom_submit_dag.py
[2026-04-07T16:15:13.617+0000] {processor.py:914} INFO - Processing file /opt/airflow/dags/spark_custom_submit_dag.py for tasks to queue
[2026-04-07T16:15:13.620+0000] {logging_mixin.py:190} INFO - [2026-04-07T16:15:13.619+0000] {dagbag.py:588} INFO - Filling up the DagBag from /opt/airflow/dags/spark_custom_submit_dag.py
[2026-04-07T16:15:13.630+0000] {processor.py:925} INFO - DAG(s) 'spark_custom_submit' retrieved from /opt/airflow/dags/spark_custom_submit_dag.py
[2026-04-07T16:15:13.665+0000] {logging_mixin.py:190} INFO - [2026-04-07T16:15:13.664+0000] {dag.py:3239} INFO - Sync 1 DAGs
[2026-04-07T16:15:13.686+0000] {logging_mixin.py:190} INFO - [2026-04-07T16:15:13.686+0000] {dag.py:4180} INFO - Setting next_dagrun for spark_custom_submit to None, run_after=None
[2026-04-07T16:15:13.712+0000] {processor.py:208} INFO - Processing /opt/airflow/dags/spark_custom_submit_dag.py took 0.106 seconds
[2026-04-07T16:15:50.764+0000] {processor.py:186} INFO - Started process (PID=9511) to work on /opt/airflow/dags/spark_custom_submit_dag.py
[2026-04-07T16:15:50.765+0000] {processor.py:914} INFO - Processing file /opt/airflow/dags/spark_custom_submit_dag.py for tasks to queue
[2026-04-07T16:15:50.767+0000] {logging_mixin.py:190} INFO - [2026-04-07T16:15:50.767+0000] {dagbag.py:588} INFO - Filling up the DagBag from /opt/airflow/dags/spark_custom_submit_dag.py
[2026-04-07T16:15:50.776+0000] {processor.py:925} INFO - DAG(s) 'spark_custom_submit' retrieved from /opt/airflow/dags/spark_custom_submit_dag.py
[2026-04-07T16:15:50.808+0000] {logging_mixin.py:190} INFO - [2026-04-07T16:15:50.807+0000] {dag.py:3239} INFO - Sync 1 DAGs
[2026-04-07T16:15:50.828+0000] {logging_mixin.py:190} INFO - [2026-04-07T16:15:50.827+0000] {dag.py:4180} INFO - Setting next_dagrun for spark_custom_submit to None, run_after=None
[2026-04-07T16:15:50.851+0000] {processor.py:208} INFO - Processing /opt/airflow/dags/spark_custom_submit_dag.py took 0.096 seconds
[2026-04-07T16:16:35.755+0000] {processor.py:186} INFO - Started process (PID=9582) to work on /opt/airflow/dags/spark_custom_submit_dag.py
[2026-04-07T16:16:35.756+0000] {processor.py:914} INFO - Processing file /opt/airflow/dags/spark_custom_submit_dag.py for tasks to queue
[2026-04-07T16:16:35.758+0000] {logging_mixin.py:190} INFO - [2026-04-07T16:16:35.758+0000] {dagbag.py:588} INFO - Filling up the DagBag from /opt/airflow/dags/spark_custom_submit_dag.py
[2026-04-07T16:16:35.766+0000] {processor.py:925} INFO - DAG(s) 'spark_custom_submit' retrieved from /opt/airflow/dags/spark_custom_submit_dag.py
[2026-04-07T16:16:35.803+0000] {logging_mixin.py:190} INFO - [2026-04-07T16:16:35.803+0000] {dag.py:3239} INFO - Sync 1 DAGs
[2026-04-07T16:16:35.825+0000] {logging_mixin.py:190} INFO - [2026-04-07T16:16:35.825+0000] {dag.py:4180} INFO - Setting next_dagrun for spark_custom_submit to None, run_after=None
[2026-04-07T16:16:35.851+0000] {processor.py:208} INFO - Processing /opt/airflow/dags/spark_custom_submit_dag.py took 0.105 seconds
[2026-04-07T16:17:16.637+0000] {processor.py:186} INFO - Started process (PID=9651) to work on /opt/airflow/dags/spark_custom_submit_dag.py
[2026-04-07T16:17:16.638+0000] {processor.py:914} INFO - Processing file /opt/airflow/dags/spark_custom_submit_dag.py for tasks to queue
[2026-04-07T16:17:16.641+0000] {logging_mixin.py:190} INFO - [2026-04-07T16:17:16.641+0000] {dagbag.py:588} INFO - Filling up the DagBag from /opt/airflow/dags/spark_custom_submit_dag.py
[2026-04-07T16:17:16.651+0000] {processor.py:925} INFO - DAG(s) 'spark_custom_submit' retrieved from /opt/airflow/dags/spark_custom_submit_dag.py
[2026-04-07T16:17:16.685+0000] {logging_mixin.py:190} INFO - [2026-04-07T16:17:16.685+0000] {dag.py:3239} INFO - Sync 1 DAGs
[2026-04-07T16:17:16.703+0000] {logging_mixin.py:190} INFO - [2026-04-07T16:17:16.702+0000] {dag.py:4180} INFO - Setting next_dagrun for spark_custom_submit to None, run_after=None
[2026-04-07T16:17:16.725+0000] {processor.py:208} INFO - Processing /opt/airflow/dags/spark_custom_submit_dag.py took 0.098 seconds
[2026-04-07T16:18:02.736+0000] {processor.py:186} INFO - Started process (PID=9724) to work on /opt/airflow/dags/spark_custom_submit_dag.py
[2026-04-07T16:18:02.737+0000] {processor.py:914} INFO - Processing file /opt/airflow/dags/spark_custom_submit_dag.py for tasks to queue
[2026-04-07T16:18:02.739+0000] {logging_mixin.py:190} INFO - [2026-04-07T16:18:02.739+0000] {dagbag.py:588} INFO - Filling up the DagBag from /opt/airflow/dags/spark_custom_submit_dag.py
[2026-04-07T16:18:02.747+0000] {processor.py:925} INFO - DAG(s) 'spark_custom_submit' retrieved from /opt/airflow/dags/spark_custom_submit_dag.py
[2026-04-07T16:18:02.778+0000] {logging_mixin.py:190} INFO - [2026-04-07T16:18:02.778+0000] {dag.py:3239} INFO - Sync 1 DAGs
[2026-04-07T16:18:02.795+0000] {logging_mixin.py:190} INFO - [2026-04-07T16:18:02.795+0000] {dag.py:4180} INFO - Setting next_dagrun for spark_custom_submit to None, run_after=None
[2026-04-07T16:18:02.820+0000] {processor.py:208} INFO - Processing /opt/airflow/dags/spark_custom_submit_dag.py took 0.090 seconds
[2026-04-07T16:19:16.729+0000] {processor.py:186} INFO - Started process (PID=9793) to work on /opt/airflow/dags/spark_custom_submit_dag.py
[2026-04-07T16:19:16.731+0000] {processor.py:914} INFO - Processing file /opt/airflow/dags/spark_custom_submit_dag.py for tasks to queue
[2026-04-07T16:19:16.734+0000] {logging_mixin.py:190} INFO - [2026-04-07T16:19:16.734+0000] {dagbag.py:588} INFO - Filling up the DagBag from /opt/airflow/dags/spark_custom_submit_dag.py
[2026-04-07T16:19:16.748+0000] {processor.py:925} INFO - DAG(s) 'spark_custom_submit' retrieved from /opt/airflow/dags/spark_custom_submit_dag.py
[2026-04-07T16:19:16.785+0000] {logging_mixin.py:190} INFO - [2026-04-07T16:19:16.784+0000] {dag.py:3239} INFO - Sync 1 DAGs
[2026-04-07T16:19:16.804+0000] {logging_mixin.py:190} INFO - [2026-04-07T16:19:16.804+0000] {dag.py:4180} INFO - Setting next_dagrun for spark_custom_submit to None, run_after=None
[2026-04-07T16:19:16.825+0000] {processor.py:208} INFO - Processing /opt/airflow/dags/spark_custom_submit_dag.py took 0.105 seconds
[2026-04-07T16:20:09.765+0000] {processor.py:186} INFO - Started process (PID=9864) to work on /opt/airflow/dags/spark_custom_submit_dag.py
[2026-04-07T16:20:09.766+0000] {processor.py:914} INFO - Processing file /opt/airflow/dags/spark_custom_submit_dag.py for tasks to queue
[2026-04-07T16:20:09.769+0000] {logging_mixin.py:190} INFO - [2026-04-07T16:20:09.768+0000] {dagbag.py:588} INFO - Filling up the DagBag from /opt/airflow/dags/spark_custom_submit_dag.py
[2026-04-07T16:20:09.778+0000] {processor.py:925} INFO - DAG(s) 'spark_custom_submit' retrieved from /opt/airflow/dags/spark_custom_submit_dag.py
[2026-04-07T16:20:09.811+0000] {logging_mixin.py:190} INFO - [2026-04-07T16:20:09.811+0000] {dag.py:3239} INFO - Sync 1 DAGs
[2026-04-07T16:20:09.835+0000] {logging_mixin.py:190} INFO - [2026-04-07T16:20:09.835+0000] {dag.py:4180} INFO - Setting next_dagrun for spark_custom_submit to None, run_after=None
[2026-04-07T16:20:09.861+0000] {processor.py:208} INFO - Processing /opt/airflow/dags/spark_custom_submit_dag.py took 0.104 seconds
[2026-04-07T16:21:48.770+0000] {processor.py:186} INFO - Started process (PID=9937) to work on /opt/airflow/dags/spark_custom_submit_dag.py
[2026-04-07T16:21:48.771+0000] {processor.py:914} INFO - Processing file /opt/airflow/dags/spark_custom_submit_dag.py for tasks to queue
[2026-04-07T16:21:48.773+0000] {logging_mixin.py:190} INFO - [2026-04-07T16:21:48.773+0000] {dagbag.py:588} INFO - Filling up the DagBag from /opt/airflow/dags/spark_custom_submit_dag.py
[2026-04-07T16:21:48.781+0000] {processor.py:925} INFO - DAG(s) 'spark_custom_submit' retrieved from /opt/airflow/dags/spark_custom_submit_dag.py
[2026-04-07T16:21:48.814+0000] {logging_mixin.py:190} INFO - [2026-04-07T16:21:48.814+0000] {dag.py:3239} INFO - Sync 1 DAGs
[2026-04-07T16:21:48.838+0000] {logging_mixin.py:190} INFO - [2026-04-07T16:21:48.838+0000] {dag.py:4180} INFO - Setting next_dagrun for spark_custom_submit to None, run_after=None
[2026-04-07T16:21:48.862+0000] {processor.py:208} INFO - Processing /opt/airflow/dags/spark_custom_submit_dag.py took 0.101 seconds
[2026-04-07T16:22:41.754+0000] {processor.py:186} INFO - Started process (PID=10008) to work on /opt/airflow/dags/spark_custom_submit_dag.py
[2026-04-07T16:22:41.755+0000] {processor.py:914} INFO - Processing file /opt/airflow/dags/spark_custom_submit_dag.py for tasks to queue
[2026-04-07T16:22:41.758+0000] {logging_mixin.py:190} INFO - [2026-04-07T16:22:41.757+0000] {dagbag.py:588} INFO - Filling up the DagBag from /opt/airflow/dags/spark_custom_submit_dag.py
[2026-04-07T16:22:41.765+0000] {processor.py:925} INFO - DAG(s) 'spark_custom_submit' retrieved from /opt/airflow/dags/spark_custom_submit_dag.py
[2026-04-07T16:22:41.799+0000] {logging_mixin.py:190} INFO - [2026-04-07T16:22:41.798+0000] {dag.py:3239} INFO - Sync 1 DAGs
[2026-04-07T16:22:41.821+0000] {logging_mixin.py:190} INFO - [2026-04-07T16:22:41.821+0000] {dag.py:4180} INFO - Setting next_dagrun for spark_custom_submit to None, run_after=None
[2026-04-07T16:22:41.847+0000] {processor.py:208} INFO - Processing /opt/airflow/dags/spark_custom_submit_dag.py took 0.100 seconds
[2026-04-07T16:23:45.751+0000] {processor.py:186} INFO - Started process (PID=10077) to work on /opt/airflow/dags/spark_custom_submit_dag.py
[2026-04-07T16:23:45.753+0000] {processor.py:914} INFO - Processing file /opt/airflow/dags/spark_custom_submit_dag.py for tasks to queue
[2026-04-07T16:23:45.756+0000] {logging_mixin.py:190} INFO - [2026-04-07T16:23:45.755+0000] {dagbag.py:588} INFO - Filling up the DagBag from /opt/airflow/dags/spark_custom_submit_dag.py
[2026-04-07T16:23:45.767+0000] {processor.py:925} INFO - DAG(s) 'spark_custom_submit' retrieved from /opt/airflow/dags/spark_custom_submit_dag.py
[2026-04-07T16:23:45.799+0000] {logging_mixin.py:190} INFO - [2026-04-07T16:23:45.799+0000] {dag.py:3239} INFO - Sync 1 DAGs
[2026-04-07T16:23:45.818+0000] {logging_mixin.py:190} INFO - [2026-04-07T16:23:45.818+0000] {dag.py:4180} INFO - Setting next_dagrun for spark_custom_submit to None, run_after=None
[2026-04-07T16:23:45.843+0000] {processor.py:208} INFO - Processing /opt/airflow/dags/spark_custom_submit_dag.py took 0.100 seconds
[2026-04-07T16:25:06.781+0000] {processor.py:186} INFO - Started process (PID=10150) to work on /opt/airflow/dags/spark_custom_submit_dag.py
[2026-04-07T16:25:06.782+0000] {processor.py:914} INFO - Processing file /opt/airflow/dags/spark_custom_submit_dag.py for tasks to queue
[2026-04-07T16:25:06.784+0000] {logging_mixin.py:190} INFO - [2026-04-07T16:25:06.784+0000] {dagbag.py:588} INFO - Filling up the DagBag from /opt/airflow/dags/spark_custom_submit_dag.py
[2026-04-07T16:25:06.793+0000] {processor.py:925} INFO - DAG(s) 'spark_custom_submit' retrieved from /opt/airflow/dags/spark_custom_submit_dag.py
[2026-04-07T16:25:06.824+0000] {logging_mixin.py:190} INFO - [2026-04-07T16:25:06.824+0000] {dag.py:3239} INFO - Sync 1 DAGs
[2026-04-07T16:25:06.843+0000] {logging_mixin.py:190} INFO - [2026-04-07T16:25:06.842+0000] {dag.py:4180} INFO - Setting next_dagrun for spark_custom_submit to None, run_after=None
[2026-04-07T16:25:06.864+0000] {processor.py:208} INFO - Processing /opt/airflow/dags/spark_custom_submit_dag.py took 0.089 seconds
[2026-04-07T16:26:41.947+0000] {processor.py:186} INFO - Started process (PID=10221) to work on /opt/airflow/dags/spark_custom_submit_dag.py
[2026-04-07T16:26:41.949+0000] {processor.py:914} INFO - Processing file /opt/airflow/dags/spark_custom_submit_dag.py for tasks to queue
[2026-04-07T16:26:41.953+0000] {logging_mixin.py:190} INFO - [2026-04-07T16:26:41.952+0000] {dagbag.py:588} INFO - Filling up the DagBag from /opt/airflow/dags/spark_custom_submit_dag.py
[2026-04-07T16:26:41.966+0000] {processor.py:925} INFO - DAG(s) 'spark_custom_submit' retrieved from /opt/airflow/dags/spark_custom_submit_dag.py
[2026-04-07T16:26:42.013+0000] {logging_mixin.py:190} INFO - [2026-04-07T16:26:42.013+0000] {dag.py:3239} INFO - Sync 1 DAGs
[2026-04-07T16:26:42.039+0000] {logging_mixin.py:190} INFO - [2026-04-07T16:26:42.039+0000] {dag.py:4180} INFO - Setting next_dagrun for spark_custom_submit to None, run_after=None
[2026-04-07T16:26:42.067+0000] {processor.py:208} INFO - Processing /opt/airflow/dags/spark_custom_submit_dag.py took 0.130 seconds
[2026-04-07T16:29:09.970+0000] {processor.py:186} INFO - Started process (PID=10292) to work on /opt/airflow/dags/spark_custom_submit_dag.py
[2026-04-07T16:29:09.972+0000] {processor.py:914} INFO - Processing file /opt/airflow/dags/spark_custom_submit_dag.py for tasks to queue
[2026-04-07T16:29:09.976+0000] {logging_mixin.py:190} INFO - [2026-04-07T16:29:09.975+0000] {dagbag.py:588} INFO - Filling up the DagBag from /opt/airflow/dags/spark_custom_submit_dag.py
[2026-04-07T16:29:09.989+0000] {processor.py:925} INFO - DAG(s) 'spark_custom_submit' retrieved from /opt/airflow/dags/spark_custom_submit_dag.py
[2026-04-07T16:29:10.029+0000] {logging_mixin.py:190} INFO - [2026-04-07T16:29:10.028+0000] {dag.py:3239} INFO - Sync 1 DAGs
[2026-04-07T16:29:10.058+0000] {logging_mixin.py:190} INFO - [2026-04-07T16:29:10.057+0000] {dag.py:4180} INFO - Setting next_dagrun for spark_custom_submit to None, run_after=None
[2026-04-07T16:29:10.090+0000] {processor.py:208} INFO - Processing /opt/airflow/dags/spark_custom_submit_dag.py took 0.130 seconds
[2026-04-07T16:30:04.988+0000] {processor.py:186} INFO - Started process (PID=10363) to work on /opt/airflow/dags/spark_custom_submit_dag.py
[2026-04-07T16:30:04.990+0000] {processor.py:914} INFO - Processing file /opt/airflow/dags/spark_custom_submit_dag.py for tasks to queue
[2026-04-07T16:30:04.993+0000] {logging_mixin.py:190} INFO - [2026-04-07T16:30:04.993+0000] {dagbag.py:588} INFO - Filling up the DagBag from /opt/airflow/dags/spark_custom_submit_dag.py
[2026-04-07T16:30:05.006+0000] {processor.py:925} INFO - DAG(s) 'spark_custom_submit' retrieved from /opt/airflow/dags/spark_custom_submit_dag.py
[2026-04-07T16:30:05.047+0000] {logging_mixin.py:190} INFO - [2026-04-07T16:30:05.047+0000] {dag.py:3239} INFO - Sync 1 DAGs
[2026-04-07T16:30:05.073+0000] {logging_mixin.py:190} INFO - [2026-04-07T16:30:05.073+0000] {dag.py:4180} INFO - Setting next_dagrun for spark_custom_submit to None, run_after=None
[2026-04-07T16:30:05.108+0000] {processor.py:208} INFO - Processing /opt/airflow/dags/spark_custom_submit_dag.py took 0.130 seconds
[2026-04-07T16:31:19.147+0000] {processor.py:186} INFO - Started process (PID=10434) to work on /opt/airflow/dags/spark_custom_submit_dag.py
[2026-04-07T16:31:19.149+0000] {processor.py:914} INFO - Processing file /opt/airflow/dags/spark_custom_submit_dag.py for tasks to queue
[2026-04-07T16:31:19.152+0000] {logging_mixin.py:190} INFO - [2026-04-07T16:31:19.152+0000] {dagbag.py:588} INFO - Filling up the DagBag from /opt/airflow/dags/spark_custom_submit_dag.py
[2026-04-07T16:31:19.166+0000] {processor.py:925} INFO - DAG(s) 'spark_custom_submit' retrieved from /opt/airflow/dags/spark_custom_submit_dag.py
[2026-04-07T16:31:19.209+0000] {logging_mixin.py:190} INFO - [2026-04-07T16:31:19.208+0000] {dag.py:3239} INFO - Sync 1 DAGs
[2026-04-07T16:31:19.240+0000] {logging_mixin.py:190} INFO - [2026-04-07T16:31:19.239+0000] {dag.py:4180} INFO - Setting next_dagrun for spark_custom_submit to None, run_after=None
[2026-04-07T16:31:19.274+0000] {processor.py:208} INFO - Processing /opt/airflow/dags/spark_custom_submit_dag.py took 0.138 seconds
[2026-04-07T16:32:44.908+0000] {processor.py:186} INFO - Started process (PID=10505) to work on /opt/airflow/dags/spark_custom_submit_dag.py
[2026-04-07T16:32:44.910+0000] {processor.py:914} INFO - Processing file /opt/airflow/dags/spark_custom_submit_dag.py for tasks to queue
[2026-04-07T16:32:44.914+0000] {logging_mixin.py:190} INFO - [2026-04-07T16:32:44.913+0000] {dagbag.py:588} INFO - Filling up the DagBag from /opt/airflow/dags/spark_custom_submit_dag.py
[2026-04-07T16:32:44.926+0000] {processor.py:925} INFO - DAG(s) 'spark_custom_submit' retrieved from /opt/airflow/dags/spark_custom_submit_dag.py
[2026-04-07T16:32:44.967+0000] {logging_mixin.py:190} INFO - [2026-04-07T16:32:44.966+0000] {dag.py:3239} INFO - Sync 1 DAGs
[2026-04-07T16:32:44.993+0000] {logging_mixin.py:190} INFO - [2026-04-07T16:32:44.993+0000] {dag.py:4180} INFO - Setting next_dagrun for spark_custom_submit to None, run_after=None
[2026-04-07T16:32:45.025+0000] {processor.py:208} INFO - Processing /opt/airflow/dags/spark_custom_submit_dag.py took 0.127 seconds
[2026-04-07T16:35:11.756+0000] {processor.py:186} INFO - Started process (PID=10574) to work on /opt/airflow/dags/spark_custom_submit_dag.py
[2026-04-07T16:35:11.757+0000] {processor.py:914} INFO - Processing file /opt/airflow/dags/spark_custom_submit_dag.py for tasks to queue
[2026-04-07T16:35:11.761+0000] {logging_mixin.py:190} INFO - [2026-04-07T16:35:11.760+0000] {dagbag.py:588} INFO - Filling up the DagBag from /opt/airflow/dags/spark_custom_submit_dag.py
[2026-04-07T16:35:11.774+0000] {processor.py:925} INFO - DAG(s) 'spark_custom_submit' retrieved from /opt/airflow/dags/spark_custom_submit_dag.py
[2026-04-07T16:35:11.811+0000] {logging_mixin.py:190} INFO - [2026-04-07T16:35:11.810+0000] {dag.py:3239} INFO - Sync 1 DAGs
[2026-04-07T16:35:11.838+0000] {logging_mixin.py:190} INFO - [2026-04-07T16:35:11.838+0000] {dag.py:4180} INFO - Setting next_dagrun for spark_custom_submit to None, run_after=None
[2026-04-07T16:35:11.871+0000] {processor.py:208} INFO - Processing /opt/airflow/dags/spark_custom_submit_dag.py took 0.125 seconds
[2026-04-07T16:36:05.860+0000] {processor.py:186} INFO - Started process (PID=10647) to work on /opt/airflow/dags/spark_custom_submit_dag.py
[2026-04-07T16:36:05.869+0000] {processor.py:914} INFO - Processing file /opt/airflow/dags/spark_custom_submit_dag.py for tasks to queue
[2026-04-07T16:36:05.873+0000] {logging_mixin.py:190} INFO - [2026-04-07T16:36:05.872+0000] {dagbag.py:588} INFO - Filling up the DagBag from /opt/airflow/dags/spark_custom_submit_dag.py
[2026-04-07T16:36:05.887+0000] {processor.py:925} INFO - DAG(s) 'spark_custom_submit' retrieved from /opt/airflow/dags/spark_custom_submit_dag.py
[2026-04-07T16:36:05.933+0000] {logging_mixin.py:190} INFO - [2026-04-07T16:36:05.932+0000] {dag.py:3239} INFO - Sync 1 DAGs
[2026-04-07T16:36:05.960+0000] {logging_mixin.py:190} INFO - [2026-04-07T16:36:05.959+0000] {dag.py:4180} INFO - Setting next_dagrun for spark_custom_submit to None, run_after=None
[2026-04-07T16:36:05.992+0000] {processor.py:208} INFO - Processing /opt/airflow/dags/spark_custom_submit_dag.py took 0.144 seconds
[2026-04-07T16:37:03.743+0000] {processor.py:186} INFO - Started process (PID=10717) to work on /opt/airflow/dags/spark_custom_submit_dag.py
[2026-04-07T16:37:03.744+0000] {processor.py:914} INFO - Processing file /opt/airflow/dags/spark_custom_submit_dag.py for tasks to queue
[2026-04-07T16:37:03.748+0000] {logging_mixin.py:190} INFO - [2026-04-07T16:37:03.747+0000] {dagbag.py:588} INFO - Filling up the DagBag from /opt/airflow/dags/spark_custom_submit_dag.py
[2026-04-07T16:37:03.761+0000] {processor.py:925} INFO - DAG(s) 'spark_custom_submit' retrieved from /opt/airflow/dags/spark_custom_submit_dag.py
[2026-04-07T16:37:03.800+0000] {logging_mixin.py:190} INFO - [2026-04-07T16:37:03.800+0000] {dag.py:3239} INFO - Sync 1 DAGs
[2026-04-07T16:37:03.829+0000] {logging_mixin.py:190} INFO - [2026-04-07T16:37:03.828+0000] {dag.py:4180} INFO - Setting next_dagrun for spark_custom_submit to None, run_after=None
[2026-04-07T16:37:03.861+0000] {processor.py:208} INFO - Processing /opt/airflow/dags/spark_custom_submit_dag.py took 0.129 seconds
[2026-04-07T16:37:54.764+0000] {processor.py:186} INFO - Started process (PID=10794) to work on /opt/airflow/dags/spark_custom_submit_dag.py
[2026-04-07T16:37:54.766+0000] {processor.py:914} INFO - Processing file /opt/airflow/dags/spark_custom_submit_dag.py for tasks to queue
[2026-04-07T16:37:54.770+0000] {logging_mixin.py:190} INFO - [2026-04-07T16:37:54.769+0000] {dagbag.py:588} INFO - Filling up the DagBag from /opt/airflow/dags/spark_custom_submit_dag.py
[2026-04-07T16:37:54.783+0000] {processor.py:925} INFO - DAG(s) 'spark_custom_submit' retrieved from /opt/airflow/dags/spark_custom_submit_dag.py
[2026-04-07T16:37:54.823+0000] {logging_mixin.py:190} INFO - [2026-04-07T16:37:54.822+0000] {dag.py:3239} INFO - Sync 1 DAGs
[2026-04-07T16:37:54.848+0000] {logging_mixin.py:190} INFO - [2026-04-07T16:37:54.848+0000] {dag.py:4180} INFO - Setting next_dagrun for spark_custom_submit to None, run_after=None
[2026-04-07T16:37:54.884+0000] {processor.py:208} INFO - Processing /opt/airflow/dags/spark_custom_submit_dag.py took 0.132 seconds
[2026-04-07T16:38:54.855+0000] {processor.py:186} INFO - Started process (PID=10865) to work on /opt/airflow/dags/spark_custom_submit_dag.py
[2026-04-07T16:38:54.857+0000] {processor.py:914} INFO - Processing file /opt/airflow/dags/spark_custom_submit_dag.py for tasks to queue
[2026-04-07T16:38:54.860+0000] {logging_mixin.py:190} INFO - [2026-04-07T16:38:54.860+0000] {dagbag.py:588} INFO - Filling up the DagBag from /opt/airflow/dags/spark_custom_submit_dag.py
[2026-04-07T16:38:54.873+0000] {processor.py:925} INFO - DAG(s) 'spark_custom_submit' retrieved from /opt/airflow/dags/spark_custom_submit_dag.py
[2026-04-07T16:38:54.918+0000] {logging_mixin.py:190} INFO - [2026-04-07T16:38:54.918+0000] {dag.py:3239} INFO - Sync 1 DAGs
[2026-04-07T16:38:54.948+0000] {logging_mixin.py:190} INFO - [2026-04-07T16:38:54.948+0000] {dag.py:4180} INFO - Setting next_dagrun for spark_custom_submit to None, run_after=None
[2026-04-07T16:38:54.983+0000] {processor.py:208} INFO - Processing /opt/airflow/dags/spark_custom_submit_dag.py took 0.137 seconds
[2026-04-07T16:39:36.842+0000] {processor.py:186} INFO - Started process (PID=10938) to work on /opt/airflow/dags/spark_custom_submit_dag.py
[2026-04-07T16:39:36.843+0000] {processor.py:914} INFO - Processing file /opt/airflow/dags/spark_custom_submit_dag.py for tasks to queue
[2026-04-07T16:39:36.847+0000] {logging_mixin.py:190} INFO - [2026-04-07T16:39:36.846+0000] {dagbag.py:588} INFO - Filling up the DagBag from /opt/airflow/dags/spark_custom_submit_dag.py
[2026-04-07T16:39:36.860+0000] {processor.py:925} INFO - DAG(s) 'spark_custom_submit' retrieved from /opt/airflow/dags/spark_custom_submit_dag.py
[2026-04-07T16:39:36.903+0000] {logging_mixin.py:190} INFO - [2026-04-07T16:39:36.903+0000] {dag.py:3239} INFO - Sync 1 DAGs
[2026-04-07T16:39:36.932+0000] {logging_mixin.py:190} INFO - [2026-04-07T16:39:36.932+0000] {dag.py:4180} INFO - Setting next_dagrun for spark_custom_submit to None, run_after=None
[2026-04-07T16:39:36.967+0000] {processor.py:208} INFO - Processing /opt/airflow/dags/spark_custom_submit_dag.py took 0.136 seconds
[2026-04-07T16:40:17.812+0000] {processor.py:186} INFO - Started process (PID=11009) to work on /opt/airflow/dags/spark_custom_submit_dag.py
[2026-04-07T16:40:17.813+0000] {processor.py:914} INFO - Processing file /opt/airflow/dags/spark_custom_submit_dag.py for tasks to queue
[2026-04-07T16:40:17.818+0000] {logging_mixin.py:190} INFO - [2026-04-07T16:40:17.817+0000] {dagbag.py:588} INFO - Filling up the DagBag from /opt/airflow/dags/spark_custom_submit_dag.py
[2026-04-07T16:40:17.831+0000] {processor.py:925} INFO - DAG(s) 'spark_custom_submit' retrieved from /opt/airflow/dags/spark_custom_submit_dag.py
[2026-04-07T16:40:17.874+0000] {logging_mixin.py:190} INFO - [2026-04-07T16:40:17.874+0000] {dag.py:3239} INFO - Sync 1 DAGs
[2026-04-07T16:40:17.900+0000] {logging_mixin.py:190} INFO - [2026-04-07T16:40:17.900+0000] {dag.py:4180} INFO - Setting next_dagrun for spark_custom_submit to None, run_after=None
[2026-04-07T16:40:17.932+0000] {processor.py:208} INFO - Processing /opt/airflow/dags/spark_custom_submit_dag.py took 0.137 seconds
[2026-04-07T16:41:04.882+0000] {processor.py:186} INFO - Started process (PID=11080) to work on /opt/airflow/dags/spark_custom_submit_dag.py
[2026-04-07T16:41:04.884+0000] {processor.py:914} INFO - Processing file /opt/airflow/dags/spark_custom_submit_dag.py for tasks to queue
[2026-04-07T16:41:04.888+0000] {logging_mixin.py:190} INFO - [2026-04-07T16:41:04.887+0000] {dagbag.py:588} INFO - Filling up the DagBag from /opt/airflow/dags/spark_custom_submit_dag.py
[2026-04-07T16:41:04.902+0000] {processor.py:925} INFO - DAG(s) 'spark_custom_submit' retrieved from /opt/airflow/dags/spark_custom_submit_dag.py
[2026-04-07T16:41:04.946+0000] {logging_mixin.py:190} INFO - [2026-04-07T16:41:04.946+0000] {dag.py:3239} INFO - Sync 1 DAGs
[2026-04-07T16:41:04.980+0000] {logging_mixin.py:190} INFO - [2026-04-07T16:41:04.979+0000] {dag.py:4180} INFO - Setting next_dagrun for spark_custom_submit to None, run_after=None
[2026-04-07T16:41:05.015+0000] {processor.py:208} INFO - Processing /opt/airflow/dags/spark_custom_submit_dag.py took 0.146 seconds
[2026-04-07T16:41:46.837+0000] {processor.py:186} INFO - Started process (PID=11151) to work on /opt/airflow/dags/spark_custom_submit_dag.py
[2026-04-07T16:41:46.839+0000] {processor.py:914} INFO - Processing file /opt/airflow/dags/spark_custom_submit_dag.py for tasks to queue
[2026-04-07T16:41:46.843+0000] {logging_mixin.py:190} INFO - [2026-04-07T16:41:46.842+0000] {dagbag.py:588} INFO - Filling up the DagBag from /opt/airflow/dags/spark_custom_submit_dag.py
[2026-04-07T16:41:46.856+0000] {processor.py:925} INFO - DAG(s) 'spark_custom_submit' retrieved from /opt/airflow/dags/spark_custom_submit_dag.py
[2026-04-07T16:41:46.903+0000] {logging_mixin.py:190} INFO - [2026-04-07T16:41:46.903+0000] {dag.py:3239} INFO - Sync 1 DAGs
[2026-04-07T16:41:46.938+0000] {logging_mixin.py:190} INFO - [2026-04-07T16:41:46.938+0000] {dag.py:4180} INFO - Setting next_dagrun for spark_custom_submit to None, run_after=None
[2026-04-07T16:41:46.974+0000] {processor.py:208} INFO - Processing /opt/airflow/dags/spark_custom_submit_dag.py took 0.151 seconds
[2026-04-07T16:42:27.634+0000] {processor.py:186} INFO - Started process (PID=11220) to work on /opt/airflow/dags/spark_custom_submit_dag.py
[2026-04-07T16:42:27.635+0000] {processor.py:914} INFO - Processing file /opt/airflow/dags/spark_custom_submit_dag.py for tasks to queue
[2026-04-07T16:42:27.639+0000] {logging_mixin.py:190} INFO - [2026-04-07T16:42:27.638+0000] {dagbag.py:588} INFO - Filling up the DagBag from /opt/airflow/dags/spark_custom_submit_dag.py
[2026-04-07T16:42:27.651+0000] {processor.py:925} INFO - DAG(s) 'spark_custom_submit' retrieved from /opt/airflow/dags/spark_custom_submit_dag.py
[2026-04-07T16:42:27.692+0000] {logging_mixin.py:190} INFO - [2026-04-07T16:42:27.691+0000] {dag.py:3239} INFO - Sync 1 DAGs
[2026-04-07T16:42:27.720+0000] {logging_mixin.py:190} INFO - [2026-04-07T16:42:27.719+0000] {dag.py:4180} INFO - Setting next_dagrun for spark_custom_submit to None, run_after=None
[2026-04-07T16:42:27.750+0000] {processor.py:208} INFO - Processing /opt/airflow/dags/spark_custom_submit_dag.py took 0.127 seconds
[2026-04-07T16:43:36.716+0000] {processor.py:186} INFO - Started process (PID=11292) to work on /opt/airflow/dags/spark_custom_submit_dag.py
[2026-04-07T16:43:36.718+0000] {processor.py:914} INFO - Processing file /opt/airflow/dags/spark_custom_submit_dag.py for tasks to queue
[2026-04-07T16:43:36.721+0000] {logging_mixin.py:190} INFO - [2026-04-07T16:43:36.721+0000] {dagbag.py:588} INFO - Filling up the DagBag from /opt/airflow/dags/spark_custom_submit_dag.py
[2026-04-07T16:43:36.734+0000] {processor.py:925} INFO - DAG(s) 'spark_custom_submit' retrieved from /opt/airflow/dags/spark_custom_submit_dag.py
[2026-04-07T16:43:36.775+0000] {logging_mixin.py:190} INFO - [2026-04-07T16:43:36.775+0000] {dag.py:3239} INFO - Sync 1 DAGs
[2026-04-07T16:43:36.801+0000] {logging_mixin.py:190} INFO - [2026-04-07T16:43:36.801+0000] {dag.py:4180} INFO - Setting next_dagrun for spark_custom_submit to None, run_after=None
[2026-04-07T16:43:36.832+0000] {processor.py:208} INFO - Processing /opt/airflow/dags/spark_custom_submit_dag.py took 0.125 seconds
[2026-04-07T16:45:11.739+0000] {processor.py:186} INFO - Started process (PID=11363) to work on /opt/airflow/dags/spark_custom_submit_dag.py
[2026-04-07T16:45:11.741+0000] {processor.py:914} INFO - Processing file /opt/airflow/dags/spark_custom_submit_dag.py for tasks to queue
[2026-04-07T16:45:11.744+0000] {logging_mixin.py:190} INFO - [2026-04-07T16:45:11.744+0000] {dagbag.py:588} INFO - Filling up the DagBag from /opt/airflow/dags/spark_custom_submit_dag.py
[2026-04-07T16:45:11.756+0000] {processor.py:925} INFO - DAG(s) 'spark_custom_submit' retrieved from /opt/airflow/dags/spark_custom_submit_dag.py
[2026-04-07T16:45:11.796+0000] {logging_mixin.py:190} INFO - [2026-04-07T16:45:11.796+0000] {dag.py:3239} INFO - Sync 1 DAGs
[2026-04-07T16:45:11.823+0000] {logging_mixin.py:190} INFO - [2026-04-07T16:45:11.822+0000] {dag.py:4180} INFO - Setting next_dagrun for spark_custom_submit to None, run_after=None
[2026-04-07T16:45:11.854+0000] {processor.py:208} INFO - Processing /opt/airflow/dags/spark_custom_submit_dag.py took 0.124 seconds
[2026-04-07T16:45:52.682+0000] {processor.py:186} INFO - Started process (PID=11434) to work on /opt/airflow/dags/spark_custom_submit_dag.py
[2026-04-07T16:45:52.683+0000] {processor.py:914} INFO - Processing file /opt/airflow/dags/spark_custom_submit_dag.py for tasks to queue
[2026-04-07T16:45:52.687+0000] {logging_mixin.py:190} INFO - [2026-04-07T16:45:52.686+0000] {dagbag.py:588} INFO - Filling up the DagBag from /opt/airflow/dags/spark_custom_submit_dag.py
[2026-04-07T16:45:52.699+0000] {processor.py:925} INFO - DAG(s) 'spark_custom_submit' retrieved from /opt/airflow/dags/spark_custom_submit_dag.py
[2026-04-07T16:45:52.737+0000] {logging_mixin.py:190} INFO - [2026-04-07T16:45:52.737+0000] {dag.py:3239} INFO - Sync 1 DAGs
[2026-04-07T16:45:52.764+0000] {logging_mixin.py:190} INFO - [2026-04-07T16:45:52.763+0000] {dag.py:4180} INFO - Setting next_dagrun for spark_custom_submit to None, run_after=None
[2026-04-07T16:45:52.793+0000] {processor.py:208} INFO - Processing /opt/airflow/dags/spark_custom_submit_dag.py took 0.122 seconds
[2026-04-07T16:46:51.919+0000] {processor.py:186} INFO - Started process (PID=11507) to work on /opt/airflow/dags/spark_custom_submit_dag.py
[2026-04-07T16:46:51.921+0000] {processor.py:914} INFO - Processing file /opt/airflow/dags/spark_custom_submit_dag.py for tasks to queue
[2026-04-07T16:46:51.925+0000] {logging_mixin.py:190} INFO - [2026-04-07T16:46:51.925+0000] {dagbag.py:588} INFO - Filling up the DagBag from /opt/airflow/dags/spark_custom_submit_dag.py
[2026-04-07T16:46:51.940+0000] {processor.py:925} INFO - DAG(s) 'spark_custom_submit' retrieved from /opt/airflow/dags/spark_custom_submit_dag.py
[2026-04-07T16:46:51.987+0000] {logging_mixin.py:190} INFO - [2026-04-07T16:46:51.987+0000] {dag.py:3239} INFO - Sync 1 DAGs
[2026-04-07T16:46:52.017+0000] {logging_mixin.py:190} INFO - [2026-04-07T16:46:52.016+0000] {dag.py:4180} INFO - Setting next_dagrun for spark_custom_submit to None, run_after=None
[2026-04-07T16:46:52.051+0000] {processor.py:208} INFO - Processing /opt/airflow/dags/spark_custom_submit_dag.py took 0.143 seconds
[2026-04-07T16:47:45.760+0000] {processor.py:186} INFO - Started process (PID=11576) to work on /opt/airflow/dags/spark_custom_submit_dag.py
[2026-04-07T16:47:45.761+0000] {processor.py:914} INFO - Processing file /opt/airflow/dags/spark_custom_submit_dag.py for tasks to queue
[2026-04-07T16:47:45.765+0000] {logging_mixin.py:190} INFO - [2026-04-07T16:47:45.764+0000] {dagbag.py:588} INFO - Filling up the DagBag from /opt/airflow/dags/spark_custom_submit_dag.py
[2026-04-07T16:47:45.778+0000] {processor.py:925} INFO - DAG(s) 'spark_custom_submit' retrieved from /opt/airflow/dags/spark_custom_submit_dag.py
[2026-04-07T16:47:45.820+0000] {logging_mixin.py:190} INFO - [2026-04-07T16:47:45.820+0000] {dag.py:3239} INFO - Sync 1 DAGs
[2026-04-07T16:47:45.848+0000] {logging_mixin.py:190} INFO - [2026-04-07T16:47:45.848+0000] {dag.py:4180} INFO - Setting next_dagrun for spark_custom_submit to None, run_after=None
[2026-04-07T16:47:45.882+0000] {processor.py:208} INFO - Processing /opt/airflow/dags/spark_custom_submit_dag.py took 0.133 seconds
[2026-04-07T16:48:51.728+0000] {processor.py:186} INFO - Started process (PID=11647) to work on /opt/airflow/dags/spark_custom_submit_dag.py
[2026-04-07T16:48:51.730+0000] {processor.py:914} INFO - Processing file /opt/airflow/dags/spark_custom_submit_dag.py for tasks to queue
[2026-04-07T16:48:51.733+0000] {logging_mixin.py:190} INFO - [2026-04-07T16:48:51.732+0000] {dagbag.py:588} INFO - Filling up the DagBag from /opt/airflow/dags/spark_custom_submit_dag.py
[2026-04-07T16:48:51.745+0000] {processor.py:925} INFO - DAG(s) 'spark_custom_submit' retrieved from /opt/airflow/dags/spark_custom_submit_dag.py
[2026-04-07T16:48:51.784+0000] {logging_mixin.py:190} INFO - [2026-04-07T16:48:51.783+0000] {dag.py:3239} INFO - Sync 1 DAGs
[2026-04-07T16:48:51.812+0000] {logging_mixin.py:190} INFO - [2026-04-07T16:48:51.811+0000] {dag.py:4180} INFO - Setting next_dagrun for spark_custom_submit to None, run_after=None
[2026-04-07T16:48:51.846+0000] {processor.py:208} INFO - Processing /opt/airflow/dags/spark_custom_submit_dag.py took 0.128 seconds
[2026-04-07T16:49:32.839+0000] {processor.py:186} INFO - Started process (PID=11720) to work on /opt/airflow/dags/spark_custom_submit_dag.py
[2026-04-07T16:49:32.841+0000] {processor.py:914} INFO - Processing file /opt/airflow/dags/spark_custom_submit_dag.py for tasks to queue
[2026-04-07T16:49:32.845+0000] {logging_mixin.py:190} INFO - [2026-04-07T16:49:32.844+0000] {dagbag.py:588} INFO - Filling up the DagBag from /opt/airflow/dags/spark_custom_submit_dag.py
[2026-04-07T16:49:32.861+0000] {processor.py:925} INFO - DAG(s) 'spark_custom_submit' retrieved from /opt/airflow/dags/spark_custom_submit_dag.py
[2026-04-07T16:49:32.909+0000] {logging_mixin.py:190} INFO - [2026-04-07T16:49:32.909+0000] {dag.py:3239} INFO - Sync 1 DAGs
[2026-04-07T16:49:32.939+0000] {logging_mixin.py:190} INFO - [2026-04-07T16:49:32.939+0000] {dag.py:4180} INFO - Setting next_dagrun for spark_custom_submit to None, run_after=None
[2026-04-07T16:49:32.976+0000] {processor.py:208} INFO - Processing /opt/airflow/dags/spark_custom_submit_dag.py took 0.152 seconds
[2026-04-07T16:50:39.963+0000] {processor.py:186} INFO - Started process (PID=11791) to work on /opt/airflow/dags/spark_custom_submit_dag.py
[2026-04-07T16:50:39.964+0000] {processor.py:914} INFO - Processing file /opt/airflow/dags/spark_custom_submit_dag.py for tasks to queue
[2026-04-07T16:50:39.967+0000] {logging_mixin.py:190} INFO - [2026-04-07T16:50:39.967+0000] {dagbag.py:588} INFO - Filling up the DagBag from /opt/airflow/dags/spark_custom_submit_dag.py
[2026-04-07T16:50:39.979+0000] {processor.py:925} INFO - DAG(s) 'spark_custom_submit' retrieved from /opt/airflow/dags/spark_custom_submit_dag.py
[2026-04-07T16:50:40.017+0000] {logging_mixin.py:190} INFO - [2026-04-07T16:50:40.017+0000] {dag.py:3239} INFO - Sync 1 DAGs
[2026-04-07T16:50:40.046+0000] {logging_mixin.py:190} INFO - [2026-04-07T16:50:40.045+0000] {dag.py:4180} INFO - Setting next_dagrun for spark_custom_submit to None, run_after=None
[2026-04-07T16:50:40.084+0000] {processor.py:208} INFO - Processing /opt/airflow/dags/spark_custom_submit_dag.py took 0.132 seconds
[2026-04-07T16:51:25.688+0000] {processor.py:186} INFO - Started process (PID=11860) to work on /opt/airflow/dags/spark_custom_submit_dag.py
[2026-04-07T16:51:25.690+0000] {processor.py:914} INFO - Processing file /opt/airflow/dags/spark_custom_submit_dag.py for tasks to queue
[2026-04-07T16:51:25.693+0000] {logging_mixin.py:190} INFO - [2026-04-07T16:51:25.693+0000] {dagbag.py:588} INFO - Filling up the DagBag from /opt/airflow/dags/spark_custom_submit_dag.py
[2026-04-07T16:51:25.706+0000] {processor.py:925} INFO - DAG(s) 'spark_custom_submit' retrieved from /opt/airflow/dags/spark_custom_submit_dag.py
[2026-04-07T16:51:25.748+0000] {logging_mixin.py:190} INFO - [2026-04-07T16:51:25.748+0000] {dag.py:3239} INFO - Sync 1 DAGs
[2026-04-07T16:51:25.777+0000] {logging_mixin.py:190} INFO - [2026-04-07T16:51:25.777+0000] {dag.py:4180} INFO - Setting next_dagrun for spark_custom_submit to None, run_after=None
[2026-04-07T16:51:25.811+0000] {processor.py:208} INFO - Processing /opt/airflow/dags/spark_custom_submit_dag.py took 0.132 seconds
[2026-04-07T16:52:11.882+0000] {processor.py:186} INFO - Started process (PID=11933) to work on /opt/airflow/dags/spark_custom_submit_dag.py
[2026-04-07T16:52:11.884+0000] {processor.py:914} INFO - Processing file /opt/airflow/dags/spark_custom_submit_dag.py for tasks to queue
[2026-04-07T16:52:11.888+0000] {logging_mixin.py:190} INFO - [2026-04-07T16:52:11.887+0000] {dagbag.py:588} INFO - Filling up the DagBag from /opt/airflow/dags/spark_custom_submit_dag.py
[2026-04-07T16:52:11.902+0000] {processor.py:925} INFO - DAG(s) 'spark_custom_submit' retrieved from /opt/airflow/dags/spark_custom_submit_dag.py
[2026-04-07T16:52:11.943+0000] {logging_mixin.py:190} INFO - [2026-04-07T16:52:11.943+0000] {dag.py:3239} INFO - Sync 1 DAGs
[2026-04-07T16:52:11.972+0000] {logging_mixin.py:190} INFO - [2026-04-07T16:52:11.972+0000] {dag.py:4180} INFO - Setting next_dagrun for spark_custom_submit to None, run_after=None
[2026-04-07T16:52:12.012+0000] {processor.py:208} INFO - Processing /opt/airflow/dags/spark_custom_submit_dag.py took 0.141 seconds
[2026-04-07T16:52:48.764+0000] {processor.py:186} INFO - Started process (PID=12002) to work on /opt/airflow/dags/spark_custom_submit_dag.py
[2026-04-07T16:52:48.766+0000] {processor.py:914} INFO - Processing file /opt/airflow/dags/spark_custom_submit_dag.py for tasks to queue
[2026-04-07T16:52:48.771+0000] {logging_mixin.py:190} INFO - [2026-04-07T16:52:48.770+0000] {dagbag.py:588} INFO - Filling up the DagBag from /opt/airflow/dags/spark_custom_submit_dag.py
[2026-04-07T16:52:48.788+0000] {processor.py:925} INFO - DAG(s) 'spark_custom_submit' retrieved from /opt/airflow/dags/spark_custom_submit_dag.py
[2026-04-07T16:52:48.842+0000] {logging_mixin.py:190} INFO - [2026-04-07T16:52:48.841+0000] {dag.py:3239} INFO - Sync 1 DAGs
[2026-04-07T16:52:48.876+0000] {logging_mixin.py:190} INFO - [2026-04-07T16:52:48.876+0000] {dag.py:4180} INFO - Setting next_dagrun for spark_custom_submit to None, run_after=None
[2026-04-07T16:52:48.914+0000] {processor.py:208} INFO - Processing /opt/airflow/dags/spark_custom_submit_dag.py took 0.163 seconds
[2026-04-07T16:53:31.891+0000] {processor.py:186} INFO - Started process (PID=12075) to work on /opt/airflow/dags/spark_custom_submit_dag.py
[2026-04-07T16:53:31.893+0000] {processor.py:914} INFO - Processing file /opt/airflow/dags/spark_custom_submit_dag.py for tasks to queue
[2026-04-07T16:53:31.896+0000] {logging_mixin.py:190} INFO - [2026-04-07T16:53:31.896+0000] {dagbag.py:588} INFO - Filling up the DagBag from /opt/airflow/dags/spark_custom_submit_dag.py
[2026-04-07T16:53:31.910+0000] {processor.py:925} INFO - DAG(s) 'spark_custom_submit' retrieved from /opt/airflow/dags/spark_custom_submit_dag.py
[2026-04-07T16:53:31.948+0000] {logging_mixin.py:190} INFO - [2026-04-07T16:53:31.948+0000] {dag.py:3239} INFO - Sync 1 DAGs
[2026-04-07T16:53:31.976+0000] {logging_mixin.py:190} INFO - [2026-04-07T16:53:31.975+0000] {dag.py:4180} INFO - Setting next_dagrun for spark_custom_submit to None, run_after=None
[2026-04-07T16:53:32.008+0000] {processor.py:208} INFO - Processing /opt/airflow/dags/spark_custom_submit_dag.py took 0.127 seconds
[2026-04-07T16:54:17.812+0000] {processor.py:186} INFO - Started process (PID=12146) to work on /opt/airflow/dags/spark_custom_submit_dag.py
[2026-04-07T16:54:17.814+0000] {processor.py:914} INFO - Processing file /opt/airflow/dags/spark_custom_submit_dag.py for tasks to queue
[2026-04-07T16:54:17.818+0000] {logging_mixin.py:190} INFO - [2026-04-07T16:54:17.818+0000] {dagbag.py:588} INFO - Filling up the DagBag from /opt/airflow/dags/spark_custom_submit_dag.py
[2026-04-07T16:54:17.832+0000] {processor.py:925} INFO - DAG(s) 'spark_custom_submit' retrieved from /opt/airflow/dags/spark_custom_submit_dag.py
[2026-04-07T16:54:17.880+0000] {logging_mixin.py:190} INFO - [2026-04-07T16:54:17.880+0000] {dag.py:3239} INFO - Sync 1 DAGs
[2026-04-07T16:54:17.909+0000] {logging_mixin.py:190} INFO - [2026-04-07T16:54:17.908+0000] {dag.py:4180} INFO - Setting next_dagrun for spark_custom_submit to None, run_after=None
[2026-04-07T16:54:17.937+0000] {processor.py:208} INFO - Processing /opt/airflow/dags/spark_custom_submit_dag.py took 0.138 seconds
[2026-04-07T16:55:03.807+0000] {processor.py:186} INFO - Started process (PID=12217) to work on /opt/airflow/dags/spark_custom_submit_dag.py
[2026-04-07T16:55:03.808+0000] {processor.py:914} INFO - Processing file /opt/airflow/dags/spark_custom_submit_dag.py for tasks to queue
[2026-04-07T16:55:03.812+0000] {logging_mixin.py:190} INFO - [2026-04-07T16:55:03.811+0000] {dagbag.py:588} INFO - Filling up the DagBag from /opt/airflow/dags/spark_custom_submit_dag.py
[2026-04-07T16:55:03.827+0000] {processor.py:925} INFO - DAG(s) 'spark_custom_submit' retrieved from /opt/airflow/dags/spark_custom_submit_dag.py
[2026-04-07T16:55:03.873+0000] {logging_mixin.py:190} INFO - [2026-04-07T16:55:03.873+0000] {dag.py:3239} INFO - Sync 1 DAGs
[2026-04-07T16:55:03.902+0000] {logging_mixin.py:190} INFO - [2026-04-07T16:55:03.902+0000] {dag.py:4180} INFO - Setting next_dagrun for spark_custom_submit to None, run_after=None
[2026-04-07T16:55:03.933+0000] {processor.py:208} INFO - Processing /opt/airflow/dags/spark_custom_submit_dag.py took 0.138 seconds
[2026-04-07T16:55:49.856+0000] {processor.py:186} INFO - Started process (PID=12288) to work on /opt/airflow/dags/spark_custom_submit_dag.py
[2026-04-07T16:55:49.858+0000] {processor.py:914} INFO - Processing file /opt/airflow/dags/spark_custom_submit_dag.py for tasks to queue
[2026-04-07T16:55:49.861+0000] {logging_mixin.py:190} INFO - [2026-04-07T16:55:49.861+0000] {dagbag.py:588} INFO - Filling up the DagBag from /opt/airflow/dags/spark_custom_submit_dag.py
[2026-04-07T16:55:49.875+0000] {processor.py:925} INFO - DAG(s) 'spark_custom_submit' retrieved from /opt/airflow/dags/spark_custom_submit_dag.py
[2026-04-07T16:55:49.915+0000] {logging_mixin.py:190} INFO - [2026-04-07T16:55:49.915+0000] {dag.py:3239} INFO - Sync 1 DAGs
[2026-04-07T16:55:49.941+0000] {logging_mixin.py:190} INFO - [2026-04-07T16:55:49.940+0000] {dag.py:4180} INFO - Setting next_dagrun for spark_custom_submit to None, run_after=None
[2026-04-07T16:55:49.973+0000] {processor.py:208} INFO - Processing /opt/airflow/dags/spark_custom_submit_dag.py took 0.127 seconds
[2026-04-07T16:56:30.890+0000] {processor.py:186} INFO - Started process (PID=12357) to work on /opt/airflow/dags/spark_custom_submit_dag.py
[2026-04-07T16:56:30.892+0000] {processor.py:914} INFO - Processing file /opt/airflow/dags/spark_custom_submit_dag.py for tasks to queue
[2026-04-07T16:56:30.896+0000] {logging_mixin.py:190} INFO - [2026-04-07T16:56:30.895+0000] {dagbag.py:588} INFO - Filling up the DagBag from /opt/airflow/dags/spark_custom_submit_dag.py
[2026-04-07T16:56:30.910+0000] {processor.py:925} INFO - DAG(s) 'spark_custom_submit' retrieved from /opt/airflow/dags/spark_custom_submit_dag.py
[2026-04-07T16:56:31.170+0000] {logging_mixin.py:190} INFO - [2026-04-07T16:56:31.170+0000] {dag.py:3239} INFO - Sync 1 DAGs
[2026-04-07T16:56:31.197+0000] {logging_mixin.py:190} INFO - [2026-04-07T16:56:31.196+0000] {dag.py:4180} INFO - Setting next_dagrun for spark_custom_submit to None, run_after=None
[2026-04-07T16:56:31.227+0000] {processor.py:208} INFO - Processing /opt/airflow/dags/spark_custom_submit_dag.py took 0.349 seconds
[2026-04-07T16:58:31.847+0000] {processor.py:186} INFO - Started process (PID=12428) to work on /opt/airflow/dags/spark_custom_submit_dag.py
[2026-04-07T16:58:31.849+0000] {processor.py:914} INFO - Processing file /opt/airflow/dags/spark_custom_submit_dag.py for tasks to queue
[2026-04-07T16:58:31.853+0000] {logging_mixin.py:190} INFO - [2026-04-07T16:58:31.853+0000] {dagbag.py:588} INFO - Filling up the DagBag from /opt/airflow/dags/spark_custom_submit_dag.py
[2026-04-07T16:58:31.866+0000] {processor.py:925} INFO - DAG(s) 'spark_custom_submit' retrieved from /opt/airflow/dags/spark_custom_submit_dag.py
[2026-04-07T16:58:31.915+0000] {logging_mixin.py:190} INFO - [2026-04-07T16:58:31.914+0000] {dag.py:3239} INFO - Sync 1 DAGs
[2026-04-07T16:58:31.946+0000] {logging_mixin.py:190} INFO - [2026-04-07T16:58:31.946+0000] {dag.py:4180} INFO - Setting next_dagrun for spark_custom_submit to None, run_after=None
[2026-04-07T16:58:31.978+0000] {processor.py:208} INFO - Processing /opt/airflow/dags/spark_custom_submit_dag.py took 0.143 seconds
[2026-04-07T17:01:33.365+0000] {processor.py:186} INFO - Started process (PID=12501) to work on /opt/airflow/dags/spark_custom_submit_dag.py
[2026-04-07T17:01:33.367+0000] {processor.py:914} INFO - Processing file /opt/airflow/dags/spark_custom_submit_dag.py for tasks to queue
[2026-04-07T17:01:33.371+0000] {logging_mixin.py:190} INFO - [2026-04-07T17:01:33.370+0000] {dagbag.py:588} INFO - Filling up the DagBag from /opt/airflow/dags/spark_custom_submit_dag.py
[2026-04-07T17:01:33.383+0000] {processor.py:925} INFO - DAG(s) 'spark_custom_submit' retrieved from /opt/airflow/dags/spark_custom_submit_dag.py
[2026-04-07T17:01:33.636+0000] {logging_mixin.py:190} INFO - [2026-04-07T17:01:33.635+0000] {dag.py:3239} INFO - Sync 1 DAGs
[2026-04-07T17:01:33.659+0000] {logging_mixin.py:190} INFO - [2026-04-07T17:01:33.659+0000] {dag.py:4180} INFO - Setting next_dagrun for spark_custom_submit to None, run_after=None
[2026-04-07T17:01:33.689+0000] {processor.py:208} INFO - Processing /opt/airflow/dags/spark_custom_submit_dag.py took 0.335 seconds
[2026-04-07T17:02:24.822+0000] {processor.py:186} INFO - Started process (PID=12570) to work on /opt/airflow/dags/spark_custom_submit_dag.py
[2026-04-07T17:02:24.823+0000] {processor.py:914} INFO - Processing file /opt/airflow/dags/spark_custom_submit_dag.py for tasks to queue
[2026-04-07T17:02:24.826+0000] {logging_mixin.py:190} INFO - [2026-04-07T17:02:24.826+0000] {dagbag.py:588} INFO - Filling up the DagBag from /opt/airflow/dags/spark_custom_submit_dag.py
[2026-04-07T17:02:24.838+0000] {processor.py:925} INFO - DAG(s) 'spark_custom_submit' retrieved from /opt/airflow/dags/spark_custom_submit_dag.py
[2026-04-07T17:02:24.876+0000] {logging_mixin.py:190} INFO - [2026-04-07T17:02:24.876+0000] {dag.py:3239} INFO - Sync 1 DAGs
[2026-04-07T17:02:24.907+0000] {logging_mixin.py:190} INFO - [2026-04-07T17:02:24.907+0000] {dag.py:4180} INFO - Setting next_dagrun for spark_custom_submit to None, run_after=None
[2026-04-07T17:02:24.942+0000] {processor.py:208} INFO - Processing /opt/airflow/dags/spark_custom_submit_dag.py took 0.131 seconds
[2026-04-07T17:03:22.874+0000] {processor.py:186} INFO - Started process (PID=12643) to work on /opt/airflow/dags/spark_custom_submit_dag.py
[2026-04-07T17:03:22.876+0000] {processor.py:914} INFO - Processing file /opt/airflow/dags/spark_custom_submit_dag.py for tasks to queue
[2026-04-07T17:03:22.881+0000] {logging_mixin.py:190} INFO - [2026-04-07T17:03:22.880+0000] {dagbag.py:588} INFO - Filling up the DagBag from /opt/airflow/dags/spark_custom_submit_dag.py
[2026-04-07T17:03:22.895+0000] {processor.py:925} INFO - DAG(s) 'spark_custom_submit' retrieved from /opt/airflow/dags/spark_custom_submit_dag.py
[2026-04-07T17:03:22.938+0000] {logging_mixin.py:190} INFO - [2026-04-07T17:03:22.938+0000] {dag.py:3239} INFO - Sync 1 DAGs
[2026-04-07T17:03:22.972+0000] {logging_mixin.py:190} INFO - [2026-04-07T17:03:22.972+0000] {dag.py:4180} INFO - Setting next_dagrun for spark_custom_submit to None, run_after=None
[2026-04-07T17:03:23.008+0000] {processor.py:208} INFO - Processing /opt/airflow/dags/spark_custom_submit_dag.py took 0.147 seconds
[2026-04-07T17:04:08.660+0000] {processor.py:186} INFO - Started process (PID=12712) to work on /opt/airflow/dags/spark_custom_submit_dag.py
[2026-04-07T17:04:08.661+0000] {processor.py:914} INFO - Processing file /opt/airflow/dags/spark_custom_submit_dag.py for tasks to queue
[2026-04-07T17:04:08.666+0000] {logging_mixin.py:190} INFO - [2026-04-07T17:04:08.665+0000] {dagbag.py:588} INFO - Filling up the DagBag from /opt/airflow/dags/spark_custom_submit_dag.py
[2026-04-07T17:04:08.678+0000] {processor.py:925} INFO - DAG(s) 'spark_custom_submit' retrieved from /opt/airflow/dags/spark_custom_submit_dag.py
[2026-04-07T17:04:08.719+0000] {logging_mixin.py:190} INFO - [2026-04-07T17:04:08.719+0000] {dag.py:3239} INFO - Sync 1 DAGs
[2026-04-07T17:04:08.745+0000] {logging_mixin.py:190} INFO - [2026-04-07T17:04:08.745+0000] {dag.py:4180} INFO - Setting next_dagrun for spark_custom_submit to None, run_after=None
[2026-04-07T17:04:08.778+0000] {processor.py:208} INFO - Processing /opt/airflow/dags/spark_custom_submit_dag.py took 0.128 seconds
[2026-04-07T17:04:45.656+0000] {processor.py:186} INFO - Started process (PID=12783) to work on /opt/airflow/dags/spark_custom_submit_dag.py
[2026-04-07T17:04:45.657+0000] {processor.py:914} INFO - Processing file /opt/airflow/dags/spark_custom_submit_dag.py for tasks to queue
[2026-04-07T17:04:45.661+0000] {logging_mixin.py:190} INFO - [2026-04-07T17:04:45.660+0000] {dagbag.py:588} INFO - Filling up the DagBag from /opt/airflow/dags/spark_custom_submit_dag.py
[2026-04-07T17:04:45.673+0000] {processor.py:925} INFO - DAG(s) 'spark_custom_submit' retrieved from /opt/airflow/dags/spark_custom_submit_dag.py
[2026-04-07T17:04:45.716+0000] {logging_mixin.py:190} INFO - [2026-04-07T17:04:45.715+0000] {dag.py:3239} INFO - Sync 1 DAGs
[2026-04-07T17:04:45.742+0000] {logging_mixin.py:190} INFO - [2026-04-07T17:04:45.742+0000] {dag.py:4180} INFO - Setting next_dagrun for spark_custom_submit to None, run_after=None
[2026-04-07T17:04:45.772+0000] {processor.py:208} INFO - Processing /opt/airflow/dags/spark_custom_submit_dag.py took 0.126 seconds
[2026-04-07T17:05:25.633+0000] {processor.py:186} INFO - Started process (PID=12854) to work on /opt/airflow/dags/spark_custom_submit_dag.py
[2026-04-07T17:05:25.635+0000] {processor.py:914} INFO - Processing file /opt/airflow/dags/spark_custom_submit_dag.py for tasks to queue
[2026-04-07T17:05:25.639+0000] {logging_mixin.py:190} INFO - [2026-04-07T17:05:25.638+0000] {dagbag.py:588} INFO - Filling up the DagBag from /opt/airflow/dags/spark_custom_submit_dag.py
[2026-04-07T17:05:25.651+0000] {processor.py:925} INFO - DAG(s) 'spark_custom_submit' retrieved from /opt/airflow/dags/spark_custom_submit_dag.py
[2026-04-07T17:05:25.697+0000] {logging_mixin.py:190} INFO - [2026-04-07T17:05:25.696+0000] {dag.py:3239} INFO - Sync 1 DAGs
[2026-04-07T17:05:25.729+0000] {logging_mixin.py:190} INFO - [2026-04-07T17:05:25.728+0000] {dag.py:4180} INFO - Setting next_dagrun for spark_custom_submit to None, run_after=None
[2026-04-07T17:05:25.766+0000] {processor.py:208} INFO - Processing /opt/airflow/dags/spark_custom_submit_dag.py took 0.145 seconds
[2026-04-07T17:06:06.904+0000] {processor.py:186} INFO - Started process (PID=12927) to work on /opt/airflow/dags/spark_custom_submit_dag.py
[2026-04-07T17:06:06.905+0000] {processor.py:914} INFO - Processing file /opt/airflow/dags/spark_custom_submit_dag.py for tasks to queue
[2026-04-07T17:06:06.909+0000] {logging_mixin.py:190} INFO - [2026-04-07T17:06:06.908+0000] {dagbag.py:588} INFO - Filling up the DagBag from /opt/airflow/dags/spark_custom_submit_dag.py
[2026-04-07T17:06:06.921+0000] {processor.py:925} INFO - DAG(s) 'spark_custom_submit' retrieved from /opt/airflow/dags/spark_custom_submit_dag.py
[2026-04-07T17:06:06.966+0000] {logging_mixin.py:190} INFO - [2026-04-07T17:06:06.966+0000] {dag.py:3239} INFO - Sync 1 DAGs
[2026-04-07T17:06:06.999+0000] {logging_mixin.py:190} INFO - [2026-04-07T17:06:06.998+0000] {dag.py:4180} INFO - Setting next_dagrun for spark_custom_submit to None, run_after=None
[2026-04-07T17:06:07.036+0000] {processor.py:208} INFO - Processing /opt/airflow/dags/spark_custom_submit_dag.py took 0.143 seconds
[2026-04-07T17:06:52.853+0000] {processor.py:186} INFO - Started process (PID=12998) to work on /opt/airflow/dags/spark_custom_submit_dag.py
[2026-04-07T17:06:52.854+0000] {processor.py:914} INFO - Processing file /opt/airflow/dags/spark_custom_submit_dag.py for tasks to queue
[2026-04-07T17:06:52.858+0000] {logging_mixin.py:190} INFO - [2026-04-07T17:06:52.857+0000] {dagbag.py:588} INFO - Filling up the DagBag from /opt/airflow/dags/spark_custom_submit_dag.py
[2026-04-07T17:06:52.873+0000] {processor.py:925} INFO - DAG(s) 'spark_custom_submit' retrieved from /opt/airflow/dags/spark_custom_submit_dag.py
[2026-04-07T17:06:52.917+0000] {logging_mixin.py:190} INFO - [2026-04-07T17:06:52.916+0000] {dag.py:3239} INFO - Sync 1 DAGs
[2026-04-07T17:06:52.941+0000] {logging_mixin.py:190} INFO - [2026-04-07T17:06:52.941+0000] {dag.py:4180} INFO - Setting next_dagrun for spark_custom_submit to None, run_after=None
[2026-04-07T17:06:52.974+0000] {processor.py:208} INFO - Processing /opt/airflow/dags/spark_custom_submit_dag.py took 0.131 seconds
[2026-04-07T17:07:33.815+0000] {processor.py:186} INFO - Started process (PID=13069) to work on /opt/airflow/dags/spark_custom_submit_dag.py
[2026-04-07T17:07:33.819+0000] {processor.py:914} INFO - Processing file /opt/airflow/dags/spark_custom_submit_dag.py for tasks to queue
[2026-04-07T17:07:33.823+0000] {logging_mixin.py:190} INFO - [2026-04-07T17:07:33.822+0000] {dagbag.py:588} INFO - Filling up the DagBag from /opt/airflow/dags/spark_custom_submit_dag.py
[2026-04-07T17:07:33.837+0000] {processor.py:925} INFO - DAG(s) 'spark_custom_submit' retrieved from /opt/airflow/dags/spark_custom_submit_dag.py
[2026-04-07T17:07:33.879+0000] {logging_mixin.py:190} INFO - [2026-04-07T17:07:33.878+0000] {dag.py:3239} INFO - Sync 1 DAGs
[2026-04-07T17:07:33.905+0000] {logging_mixin.py:190} INFO - [2026-04-07T17:07:33.904+0000] {dag.py:4180} INFO - Setting next_dagrun for spark_custom_submit to None, run_after=None
[2026-04-07T17:07:33.935+0000] {processor.py:208} INFO - Processing /opt/airflow/dags/spark_custom_submit_dag.py took 0.134 seconds
[2026-04-07T17:08:19.669+0000] {processor.py:186} INFO - Started process (PID=13138) to work on /opt/airflow/dags/spark_custom_submit_dag.py
[2026-04-07T17:08:19.670+0000] {processor.py:914} INFO - Processing file /opt/airflow/dags/spark_custom_submit_dag.py for tasks to queue
[2026-04-07T17:08:19.674+0000] {logging_mixin.py:190} INFO - [2026-04-07T17:08:19.673+0000] {dagbag.py:588} INFO - Filling up the DagBag from /opt/airflow/dags/spark_custom_submit_dag.py
[2026-04-07T17:08:19.686+0000] {processor.py:925} INFO - DAG(s) 'spark_custom_submit' retrieved from /opt/airflow/dags/spark_custom_submit_dag.py
[2026-04-07T17:08:19.726+0000] {logging_mixin.py:190} INFO - [2026-04-07T17:08:19.725+0000] {dag.py:3239} INFO - Sync 1 DAGs
[2026-04-07T17:08:19.754+0000] {logging_mixin.py:190} INFO - [2026-04-07T17:08:19.754+0000] {dag.py:4180} INFO - Setting next_dagrun for spark_custom_submit to None, run_after=None
[2026-04-07T17:08:19.787+0000] {processor.py:208} INFO - Processing /opt/airflow/dags/spark_custom_submit_dag.py took 0.131 seconds
[2026-04-07T17:09:00.839+0000] {processor.py:186} INFO - Started process (PID=13211) to work on /opt/airflow/dags/spark_custom_submit_dag.py
[2026-04-07T17:09:00.841+0000] {processor.py:914} INFO - Processing file /opt/airflow/dags/spark_custom_submit_dag.py for tasks to queue
[2026-04-07T17:09:00.846+0000] {logging_mixin.py:190} INFO - [2026-04-07T17:09:00.845+0000] {dagbag.py:588} INFO - Filling up the DagBag from /opt/airflow/dags/spark_custom_submit_dag.py
[2026-04-07T17:09:00.862+0000] {processor.py:925} INFO - DAG(s) 'spark_custom_submit' retrieved from /opt/airflow/dags/spark_custom_submit_dag.py
[2026-04-07T17:09:00.908+0000] {logging_mixin.py:190} INFO - [2026-04-07T17:09:00.907+0000] {dag.py:3239} INFO - Sync 1 DAGs
[2026-04-07T17:09:00.934+0000] {logging_mixin.py:190} INFO - [2026-04-07T17:09:00.934+0000] {dag.py:4180} INFO - Setting next_dagrun for spark_custom_submit to None, run_after=None
[2026-04-07T17:09:00.965+0000] {processor.py:208} INFO - Processing /opt/airflow/dags/spark_custom_submit_dag.py took 0.136 seconds
[2026-04-07T17:09:42.833+0000] {processor.py:186} INFO - Started process (PID=13282) to work on /opt/airflow/dags/spark_custom_submit_dag.py
[2026-04-07T17:09:42.835+0000] {processor.py:914} INFO - Processing file /opt/airflow/dags/spark_custom_submit_dag.py for tasks to queue
[2026-04-07T17:09:42.839+0000] {logging_mixin.py:190} INFO - [2026-04-07T17:09:42.838+0000] {dagbag.py:588} INFO - Filling up the DagBag from /opt/airflow/dags/spark_custom_submit_dag.py
[2026-04-07T17:09:42.852+0000] {processor.py:925} INFO - DAG(s) 'spark_custom_submit' retrieved from /opt/airflow/dags/spark_custom_submit_dag.py
[2026-04-07T17:09:42.897+0000] {logging_mixin.py:190} INFO - [2026-04-07T17:09:42.897+0000] {dag.py:3239} INFO - Sync 1 DAGs
[2026-04-07T17:09:42.924+0000] {logging_mixin.py:190} INFO - [2026-04-07T17:09:42.924+0000] {dag.py:4180} INFO - Setting next_dagrun for spark_custom_submit to None, run_after=None
[2026-04-07T17:09:42.955+0000] {processor.py:208} INFO - Processing /opt/airflow/dags/spark_custom_submit_dag.py took 0.136 seconds
[2026-04-07T17:10:23.762+0000] {processor.py:186} INFO - Started process (PID=13353) to work on /opt/airflow/dags/spark_custom_submit_dag.py
[2026-04-07T17:10:23.764+0000] {processor.py:914} INFO - Processing file /opt/airflow/dags/spark_custom_submit_dag.py for tasks to queue
[2026-04-07T17:10:23.768+0000] {logging_mixin.py:190} INFO - [2026-04-07T17:10:23.767+0000] {dagbag.py:588} INFO - Filling up the DagBag from /opt/airflow/dags/spark_custom_submit_dag.py
[2026-04-07T17:10:23.781+0000] {processor.py:925} INFO - DAG(s) 'spark_custom_submit' retrieved from /opt/airflow/dags/spark_custom_submit_dag.py
[2026-04-07T17:10:23.820+0000] {logging_mixin.py:190} INFO - [2026-04-07T17:10:23.820+0000] {dag.py:3239} INFO - Sync 1 DAGs
[2026-04-07T17:10:23.855+0000] {logging_mixin.py:190} INFO - [2026-04-07T17:10:23.855+0000] {dag.py:4180} INFO - Setting next_dagrun for spark_custom_submit to None, run_after=None
[2026-04-07T17:10:23.893+0000] {processor.py:208} INFO - Processing /opt/airflow/dags/spark_custom_submit_dag.py took 0.141 seconds
[2026-04-07T17:11:04.783+0000] {processor.py:186} INFO - Started process (PID=13424) to work on /opt/airflow/dags/spark_custom_submit_dag.py
[2026-04-07T17:11:04.785+0000] {processor.py:914} INFO - Processing file /opt/airflow/dags/spark_custom_submit_dag.py for tasks to queue
[2026-04-07T17:11:04.789+0000] {logging_mixin.py:190} INFO - [2026-04-07T17:11:04.788+0000] {dagbag.py:588} INFO - Filling up the DagBag from /opt/airflow/dags/spark_custom_submit_dag.py
[2026-04-07T17:11:04.802+0000] {processor.py:925} INFO - DAG(s) 'spark_custom_submit' retrieved from /opt/airflow/dags/spark_custom_submit_dag.py
[2026-04-07T17:11:04.853+0000] {logging_mixin.py:190} INFO - [2026-04-07T17:11:04.852+0000] {dag.py:3239} INFO - Sync 1 DAGs
[2026-04-07T17:11:04.887+0000] {logging_mixin.py:190} INFO - [2026-04-07T17:11:04.886+0000] {dag.py:4180} INFO - Setting next_dagrun for spark_custom_submit to None, run_after=None
[2026-04-07T17:11:04.920+0000] {processor.py:208} INFO - Processing /opt/airflow/dags/spark_custom_submit_dag.py took 0.146 seconds
[2026-04-07T17:11:45.793+0000] {processor.py:186} INFO - Started process (PID=13495) to work on /opt/airflow/dags/spark_custom_submit_dag.py
[2026-04-07T17:11:45.794+0000] {processor.py:914} INFO - Processing file /opt/airflow/dags/spark_custom_submit_dag.py for tasks to queue
[2026-04-07T17:11:45.799+0000] {logging_mixin.py:190} INFO - [2026-04-07T17:11:45.798+0000] {dagbag.py:588} INFO - Filling up the DagBag from /opt/airflow/dags/spark_custom_submit_dag.py
[2026-04-07T17:11:45.815+0000] {processor.py:925} INFO - DAG(s) 'spark_custom_submit' retrieved from /opt/airflow/dags/spark_custom_submit_dag.py
[2026-04-07T17:11:45.859+0000] {logging_mixin.py:190} INFO - [2026-04-07T17:11:45.858+0000] {dag.py:3239} INFO - Sync 1 DAGs
[2026-04-07T17:11:45.889+0000] {logging_mixin.py:190} INFO - [2026-04-07T17:11:45.888+0000] {dag.py:4180} INFO - Setting next_dagrun for spark_custom_submit to None, run_after=None
[2026-04-07T17:11:45.920+0000] {processor.py:208} INFO - Processing /opt/airflow/dags/spark_custom_submit_dag.py took 0.138 seconds
[2026-04-07T17:12:22.872+0000] {processor.py:186} INFO - Started process (PID=13566) to work on /opt/airflow/dags/spark_custom_submit_dag.py
[2026-04-07T17:12:22.874+0000] {processor.py:914} INFO - Processing file /opt/airflow/dags/spark_custom_submit_dag.py for tasks to queue
[2026-04-07T17:12:22.878+0000] {logging_mixin.py:190} INFO - [2026-04-07T17:12:22.877+0000] {dagbag.py:588} INFO - Filling up the DagBag from /opt/airflow/dags/spark_custom_submit_dag.py
[2026-04-07T17:12:22.892+0000] {processor.py:925} INFO - DAG(s) 'spark_custom_submit' retrieved from /opt/airflow/dags/spark_custom_submit_dag.py
[2026-04-07T17:12:22.938+0000] {logging_mixin.py:190} INFO - [2026-04-07T17:12:22.937+0000] {dag.py:3239} INFO - Sync 1 DAGs
[2026-04-07T17:12:22.970+0000] {logging_mixin.py:190} INFO - [2026-04-07T17:12:22.969+0000] {dag.py:4180} INFO - Setting next_dagrun for spark_custom_submit to None, run_after=None
[2026-04-07T17:12:23.003+0000] {processor.py:208} INFO - Processing /opt/airflow/dags/spark_custom_submit_dag.py took 0.142 seconds
[2026-04-07T17:13:07.609+0000] {processor.py:186} INFO - Started process (PID=13635) to work on /opt/airflow/dags/spark_custom_submit_dag.py
[2026-04-07T17:13:07.611+0000] {processor.py:914} INFO - Processing file /opt/airflow/dags/spark_custom_submit_dag.py for tasks to queue
[2026-04-07T17:13:07.614+0000] {logging_mixin.py:190} INFO - [2026-04-07T17:13:07.614+0000] {dagbag.py:588} INFO - Filling up the DagBag from /opt/airflow/dags/spark_custom_submit_dag.py
[2026-04-07T17:13:07.627+0000] {processor.py:925} INFO - DAG(s) 'spark_custom_submit' retrieved from /opt/airflow/dags/spark_custom_submit_dag.py
[2026-04-07T17:13:07.665+0000] {logging_mixin.py:190} INFO - [2026-04-07T17:13:07.665+0000] {dag.py:3239} INFO - Sync 1 DAGs
[2026-04-07T17:13:07.692+0000] {logging_mixin.py:190} INFO - [2026-04-07T17:13:07.692+0000] {dag.py:4180} INFO - Setting next_dagrun for spark_custom_submit to None, run_after=None
[2026-04-07T17:13:07.723+0000] {processor.py:208} INFO - Processing /opt/airflow/dags/spark_custom_submit_dag.py took 0.124 seconds
[2026-04-07T17:13:48.595+0000] {processor.py:186} INFO - Started process (PID=13706) to work on /opt/airflow/dags/spark_custom_submit_dag.py
[2026-04-07T17:13:48.597+0000] {processor.py:914} INFO - Processing file /opt/airflow/dags/spark_custom_submit_dag.py for tasks to queue
[2026-04-07T17:13:48.600+0000] {logging_mixin.py:190} INFO - [2026-04-07T17:13:48.600+0000] {dagbag.py:588} INFO - Filling up the DagBag from /opt/airflow/dags/spark_custom_submit_dag.py
[2026-04-07T17:13:48.612+0000] {processor.py:925} INFO - DAG(s) 'spark_custom_submit' retrieved from /opt/airflow/dags/spark_custom_submit_dag.py
[2026-04-07T17:13:48.652+0000] {logging_mixin.py:190} INFO - [2026-04-07T17:13:48.651+0000] {dag.py:3239} INFO - Sync 1 DAGs
[2026-04-07T17:13:48.680+0000] {logging_mixin.py:190} INFO - [2026-04-07T17:13:48.680+0000] {dag.py:4180} INFO - Setting next_dagrun for spark_custom_submit to None, run_after=None
[2026-04-07T17:13:48.718+0000] {processor.py:208} INFO - Processing /opt/airflow/dags/spark_custom_submit_dag.py took 0.132 seconds
[2026-04-07T17:14:26.757+0000] {processor.py:186} INFO - Started process (PID=13779) to work on /opt/airflow/dags/spark_custom_submit_dag.py
[2026-04-07T17:14:26.759+0000] {processor.py:914} INFO - Processing file /opt/airflow/dags/spark_custom_submit_dag.py for tasks to queue
[2026-04-07T17:14:26.762+0000] {logging_mixin.py:190} INFO - [2026-04-07T17:14:26.762+0000] {dagbag.py:588} INFO - Filling up the DagBag from /opt/airflow/dags/spark_custom_submit_dag.py
[2026-04-07T17:14:26.774+0000] {processor.py:925} INFO - DAG(s) 'spark_custom_submit' retrieved from /opt/airflow/dags/spark_custom_submit_dag.py
[2026-04-07T17:14:26.816+0000] {logging_mixin.py:190} INFO - [2026-04-07T17:14:26.815+0000] {dag.py:3239} INFO - Sync 1 DAGs
[2026-04-07T17:14:26.843+0000] {logging_mixin.py:190} INFO - [2026-04-07T17:14:26.842+0000] {dag.py:4180} INFO - Setting next_dagrun for spark_custom_submit to None, run_after=None
[2026-04-07T17:14:26.879+0000] {processor.py:208} INFO - Processing /opt/airflow/dags/spark_custom_submit_dag.py took 0.135 seconds
[2026-04-07T17:15:06.789+0000] {processor.py:186} INFO - Started process (PID=13850) to work on /opt/airflow/dags/spark_custom_submit_dag.py
[2026-04-07T17:15:06.791+0000] {processor.py:914} INFO - Processing file /opt/airflow/dags/spark_custom_submit_dag.py for tasks to queue
[2026-04-07T17:15:06.795+0000] {logging_mixin.py:190} INFO - [2026-04-07T17:15:06.794+0000] {dagbag.py:588} INFO - Filling up the DagBag from /opt/airflow/dags/spark_custom_submit_dag.py
[2026-04-07T17:15:06.806+0000] {processor.py:925} INFO - DAG(s) 'spark_custom_submit' retrieved from /opt/airflow/dags/spark_custom_submit_dag.py
[2026-04-07T17:15:06.849+0000] {logging_mixin.py:190} INFO - [2026-04-07T17:15:06.848+0000] {dag.py:3239} INFO - Sync 1 DAGs
[2026-04-07T17:15:06.876+0000] {logging_mixin.py:190} INFO - [2026-04-07T17:15:06.876+0000] {dag.py:4180} INFO - Setting next_dagrun for spark_custom_submit to None, run_after=None
[2026-04-07T17:15:06.912+0000] {processor.py:208} INFO - Processing /opt/airflow/dags/spark_custom_submit_dag.py took 0.134 seconds
[2026-04-07T17:15:42.583+0000] {processor.py:186} INFO - Started process (PID=13919) to work on /opt/airflow/dags/spark_custom_submit_dag.py
[2026-04-07T17:15:42.584+0000] {processor.py:914} INFO - Processing file /opt/airflow/dags/spark_custom_submit_dag.py for tasks to queue
[2026-04-07T17:15:42.588+0000] {logging_mixin.py:190} INFO - [2026-04-07T17:15:42.587+0000] {dagbag.py:588} INFO - Filling up the DagBag from /opt/airflow/dags/spark_custom_submit_dag.py
[2026-04-07T17:15:42.600+0000] {processor.py:925} INFO - DAG(s) 'spark_custom_submit' retrieved from /opt/airflow/dags/spark_custom_submit_dag.py
[2026-04-07T17:15:42.637+0000] {logging_mixin.py:190} INFO - [2026-04-07T17:15:42.637+0000] {dag.py:3239} INFO - Sync 1 DAGs
[2026-04-07T17:15:42.665+0000] {logging_mixin.py:190} INFO - [2026-04-07T17:15:42.665+0000] {dag.py:4180} INFO - Setting next_dagrun for spark_custom_submit to None, run_after=None
[2026-04-07T17:15:42.696+0000] {processor.py:208} INFO - Processing /opt/airflow/dags/spark_custom_submit_dag.py took 0.123 seconds
[2026-04-07T17:16:23.768+0000] {processor.py:186} INFO - Started process (PID=13992) to work on /opt/airflow/dags/spark_custom_submit_dag.py
[2026-04-07T17:16:23.769+0000] {processor.py:914} INFO - Processing file /opt/airflow/dags/spark_custom_submit_dag.py for tasks to queue
[2026-04-07T17:16:23.773+0000] {logging_mixin.py:190} INFO - [2026-04-07T17:16:23.772+0000] {dagbag.py:588} INFO - Filling up the DagBag from /opt/airflow/dags/spark_custom_submit_dag.py
[2026-04-07T17:16:23.784+0000] {processor.py:925} INFO - DAG(s) 'spark_custom_submit' retrieved from /opt/airflow/dags/spark_custom_submit_dag.py
[2026-04-07T17:16:23.826+0000] {logging_mixin.py:190} INFO - [2026-04-07T17:16:23.826+0000] {dag.py:3239} INFO - Sync 1 DAGs
[2026-04-07T17:16:23.859+0000] {logging_mixin.py:190} INFO - [2026-04-07T17:16:23.858+0000] {dag.py:4180} INFO - Setting next_dagrun for spark_custom_submit to None, run_after=None
[2026-04-07T17:16:23.895+0000] {processor.py:208} INFO - Processing /opt/airflow/dags/spark_custom_submit_dag.py took 0.139 seconds
[2026-04-07T17:17:01.829+0000] {processor.py:186} INFO - Started process (PID=14069) to work on /opt/airflow/dags/spark_custom_submit_dag.py
[2026-04-07T17:17:01.830+0000] {processor.py:914} INFO - Processing file /opt/airflow/dags/spark_custom_submit_dag.py for tasks to queue
[2026-04-07T17:17:01.834+0000] {logging_mixin.py:190} INFO - [2026-04-07T17:17:01.833+0000] {dagbag.py:588} INFO - Filling up the DagBag from /opt/airflow/dags/spark_custom_submit_dag.py
[2026-04-07T17:17:01.848+0000] {processor.py:925} INFO - DAG(s) 'spark_custom_submit' retrieved from /opt/airflow/dags/spark_custom_submit_dag.py
[2026-04-07T17:17:01.891+0000] {logging_mixin.py:190} INFO - [2026-04-07T17:17:01.890+0000] {dag.py:3239} INFO - Sync 1 DAGs
[2026-04-07T17:17:01.919+0000] {logging_mixin.py:190} INFO - [2026-04-07T17:17:01.918+0000] {dag.py:4180} INFO - Setting next_dagrun for spark_custom_submit to None, run_after=None
[2026-04-07T17:17:01.949+0000] {processor.py:208} INFO - Processing /opt/airflow/dags/spark_custom_submit_dag.py took 0.130 seconds
[2026-04-07T17:17:42.771+0000] {processor.py:186} INFO - Started process (PID=14140) to work on /opt/airflow/dags/spark_custom_submit_dag.py
[2026-04-07T17:17:42.772+0000] {processor.py:914} INFO - Processing file /opt/airflow/dags/spark_custom_submit_dag.py for tasks to queue
[2026-04-07T17:17:42.776+0000] {logging_mixin.py:190} INFO - [2026-04-07T17:17:42.775+0000] {dagbag.py:588} INFO - Filling up the DagBag from /opt/airflow/dags/spark_custom_submit_dag.py
[2026-04-07T17:17:42.788+0000] {processor.py:925} INFO - DAG(s) 'spark_custom_submit' retrieved from /opt/airflow/dags/spark_custom_submit_dag.py
[2026-04-07T17:17:42.827+0000] {logging_mixin.py:190} INFO - [2026-04-07T17:17:42.826+0000] {dag.py:3239} INFO - Sync 1 DAGs
[2026-04-07T17:17:42.856+0000] {logging_mixin.py:190} INFO - [2026-04-07T17:17:42.855+0000] {dag.py:4180} INFO - Setting next_dagrun for spark_custom_submit to None, run_after=None
[2026-04-07T17:17:42.891+0000] {processor.py:208} INFO - Processing /opt/airflow/dags/spark_custom_submit_dag.py took 0.131 seconds
[2026-04-07T17:18:23.617+0000] {processor.py:186} INFO - Started process (PID=14208) to work on /opt/airflow/dags/spark_custom_submit_dag.py
[2026-04-07T17:18:23.619+0000] {processor.py:914} INFO - Processing file /opt/airflow/dags/spark_custom_submit_dag.py for tasks to queue
[2026-04-07T17:18:23.622+0000] {logging_mixin.py:190} INFO - [2026-04-07T17:18:23.621+0000] {dagbag.py:588} INFO - Filling up the DagBag from /opt/airflow/dags/spark_custom_submit_dag.py
[2026-04-07T17:18:23.634+0000] {processor.py:925} INFO - DAG(s) 'spark_custom_submit' retrieved from /opt/airflow/dags/spark_custom_submit_dag.py
[2026-04-07T17:18:23.673+0000] {logging_mixin.py:190} INFO - [2026-04-07T17:18:23.673+0000] {dag.py:3239} INFO - Sync 1 DAGs
[2026-04-07T17:18:23.706+0000] {logging_mixin.py:190} INFO - [2026-04-07T17:18:23.706+0000] {dag.py:4180} INFO - Setting next_dagrun for spark_custom_submit to None, run_after=None
[2026-04-07T17:18:23.737+0000] {processor.py:208} INFO - Processing /opt/airflow/dags/spark_custom_submit_dag.py took 0.131 seconds
[2026-04-07T17:19:04.883+0000] {processor.py:186} INFO - Started process (PID=14281) to work on /opt/airflow/dags/spark_custom_submit_dag.py
[2026-04-07T17:19:04.884+0000] {processor.py:914} INFO - Processing file /opt/airflow/dags/spark_custom_submit_dag.py for tasks to queue
[2026-04-07T17:19:04.888+0000] {logging_mixin.py:190} INFO - [2026-04-07T17:19:04.887+0000] {dagbag.py:588} INFO - Filling up the DagBag from /opt/airflow/dags/spark_custom_submit_dag.py
[2026-04-07T17:19:04.902+0000] {processor.py:925} INFO - DAG(s) 'spark_custom_submit' retrieved from /opt/airflow/dags/spark_custom_submit_dag.py
[2026-04-07T17:19:04.941+0000] {logging_mixin.py:190} INFO - [2026-04-07T17:19:04.940+0000] {dag.py:3239} INFO - Sync 1 DAGs
[2026-04-07T17:19:04.967+0000] {logging_mixin.py:190} INFO - [2026-04-07T17:19:04.967+0000] {dag.py:4180} INFO - Setting next_dagrun for spark_custom_submit to None, run_after=None
[2026-04-07T17:19:04.999+0000] {processor.py:208} INFO - Processing /opt/airflow/dags/spark_custom_submit_dag.py took 0.127 seconds
[2026-04-07T17:19:50.647+0000] {processor.py:186} INFO - Started process (PID=14350) to work on /opt/airflow/dags/spark_custom_submit_dag.py
[2026-04-07T17:19:50.648+0000] {processor.py:914} INFO - Processing file /opt/airflow/dags/spark_custom_submit_dag.py for tasks to queue
[2026-04-07T17:19:50.653+0000] {logging_mixin.py:190} INFO - [2026-04-07T17:19:50.652+0000] {dagbag.py:588} INFO - Filling up the DagBag from /opt/airflow/dags/spark_custom_submit_dag.py
[2026-04-07T17:19:50.666+0000] {processor.py:925} INFO - DAG(s) 'spark_custom_submit' retrieved from /opt/airflow/dags/spark_custom_submit_dag.py
[2026-04-07T17:19:50.709+0000] {logging_mixin.py:190} INFO - [2026-04-07T17:19:50.708+0000] {dag.py:3239} INFO - Sync 1 DAGs
[2026-04-07T17:19:50.734+0000] {logging_mixin.py:190} INFO - [2026-04-07T17:19:50.734+0000] {dag.py:4180} INFO - Setting next_dagrun for spark_custom_submit to None, run_after=None
[2026-04-07T17:19:50.765+0000] {processor.py:208} INFO - Processing /opt/airflow/dags/spark_custom_submit_dag.py took 0.131 seconds
[2026-04-07T17:20:31.752+0000] {processor.py:186} INFO - Started process (PID=14423) to work on /opt/airflow/dags/spark_custom_submit_dag.py
[2026-04-07T17:20:31.754+0000] {processor.py:914} INFO - Processing file /opt/airflow/dags/spark_custom_submit_dag.py for tasks to queue
[2026-04-07T17:20:31.757+0000] {logging_mixin.py:190} INFO - [2026-04-07T17:20:31.756+0000] {dagbag.py:588} INFO - Filling up the DagBag from /opt/airflow/dags/spark_custom_submit_dag.py
[2026-04-07T17:20:31.768+0000] {processor.py:925} INFO - DAG(s) 'spark_custom_submit' retrieved from /opt/airflow/dags/spark_custom_submit_dag.py
[2026-04-07T17:20:31.806+0000] {logging_mixin.py:190} INFO - [2026-04-07T17:20:31.806+0000] {dag.py:3239} INFO - Sync 1 DAGs
[2026-04-07T17:20:31.837+0000] {logging_mixin.py:190} INFO - [2026-04-07T17:20:31.837+0000] {dag.py:4180} INFO - Setting next_dagrun for spark_custom_submit to None, run_after=None
[2026-04-07T17:20:31.871+0000] {processor.py:208} INFO - Processing /opt/airflow/dags/spark_custom_submit_dag.py took 0.130 seconds
[2026-04-07T17:21:08.766+0000] {processor.py:186} INFO - Started process (PID=14494) to work on /opt/airflow/dags/spark_custom_submit_dag.py
[2026-04-07T17:21:08.767+0000] {processor.py:914} INFO - Processing file /opt/airflow/dags/spark_custom_submit_dag.py for tasks to queue
[2026-04-07T17:21:08.771+0000] {logging_mixin.py:190} INFO - [2026-04-07T17:21:08.770+0000] {dagbag.py:588} INFO - Filling up the DagBag from /opt/airflow/dags/spark_custom_submit_dag.py
[2026-04-07T17:21:08.782+0000] {processor.py:925} INFO - DAG(s) 'spark_custom_submit' retrieved from /opt/airflow/dags/spark_custom_submit_dag.py
[2026-04-07T17:21:08.824+0000] {logging_mixin.py:190} INFO - [2026-04-07T17:21:08.823+0000] {dag.py:3239} INFO - Sync 1 DAGs
[2026-04-07T17:21:08.850+0000] {logging_mixin.py:190} INFO - [2026-04-07T17:21:08.850+0000] {dag.py:4180} INFO - Setting next_dagrun for spark_custom_submit to None, run_after=None
[2026-04-07T17:21:08.885+0000] {processor.py:208} INFO - Processing /opt/airflow/dags/spark_custom_submit_dag.py took 0.129 seconds
[2026-04-07T17:21:48.798+0000] {processor.py:186} INFO - Started process (PID=14565) to work on /opt/airflow/dags/spark_custom_submit_dag.py
[2026-04-07T17:21:48.799+0000] {processor.py:914} INFO - Processing file /opt/airflow/dags/spark_custom_submit_dag.py for tasks to queue
[2026-04-07T17:21:48.804+0000] {logging_mixin.py:190} INFO - [2026-04-07T17:21:48.803+0000] {dagbag.py:588} INFO - Filling up the DagBag from /opt/airflow/dags/spark_custom_submit_dag.py
[2026-04-07T17:21:48.819+0000] {processor.py:925} INFO - DAG(s) 'spark_custom_submit' retrieved from /opt/airflow/dags/spark_custom_submit_dag.py
[2026-04-07T17:21:48.860+0000] {logging_mixin.py:190} INFO - [2026-04-07T17:21:48.860+0000] {dag.py:3239} INFO - Sync 1 DAGs
[2026-04-07T17:21:48.887+0000] {logging_mixin.py:190} INFO - [2026-04-07T17:21:48.886+0000] {dag.py:4180} INFO - Setting next_dagrun for spark_custom_submit to None, run_after=None
[2026-04-07T17:21:48.920+0000] {processor.py:208} INFO - Processing /opt/airflow/dags/spark_custom_submit_dag.py took 0.136 seconds
[2026-04-07T17:22:35.858+0000] {processor.py:186} INFO - Started process (PID=14636) to work on /opt/airflow/dags/spark_custom_submit_dag.py
[2026-04-07T17:22:35.860+0000] {processor.py:914} INFO - Processing file /opt/airflow/dags/spark_custom_submit_dag.py for tasks to queue
[2026-04-07T17:22:35.864+0000] {logging_mixin.py:190} INFO - [2026-04-07T17:22:35.863+0000] {dagbag.py:588} INFO - Filling up the DagBag from /opt/airflow/dags/spark_custom_submit_dag.py
[2026-04-07T17:22:35.877+0000] {processor.py:925} INFO - DAG(s) 'spark_custom_submit' retrieved from /opt/airflow/dags/spark_custom_submit_dag.py
[2026-04-07T17:22:35.920+0000] {logging_mixin.py:190} INFO - [2026-04-07T17:22:35.919+0000] {dag.py:3239} INFO - Sync 1 DAGs
[2026-04-07T17:22:35.945+0000] {logging_mixin.py:190} INFO - [2026-04-07T17:22:35.945+0000] {dag.py:4180} INFO - Setting next_dagrun for spark_custom_submit to None, run_after=None
[2026-04-07T17:22:35.984+0000] {processor.py:208} INFO - Processing /opt/airflow/dags/spark_custom_submit_dag.py took 0.139 seconds
[2026-04-07T17:23:21.630+0000] {processor.py:186} INFO - Started process (PID=14706) to work on /opt/airflow/dags/spark_custom_submit_dag.py
[2026-04-07T17:23:21.632+0000] {processor.py:914} INFO - Processing file /opt/airflow/dags/spark_custom_submit_dag.py for tasks to queue
[2026-04-07T17:23:21.635+0000] {logging_mixin.py:190} INFO - [2026-04-07T17:23:21.635+0000] {dagbag.py:588} INFO - Filling up the DagBag from /opt/airflow/dags/spark_custom_submit_dag.py
[2026-04-07T17:23:21.646+0000] {processor.py:925} INFO - DAG(s) 'spark_custom_submit' retrieved from /opt/airflow/dags/spark_custom_submit_dag.py
[2026-04-07T17:23:21.685+0000] {logging_mixin.py:190} INFO - [2026-04-07T17:23:21.685+0000] {dag.py:3239} INFO - Sync 1 DAGs
[2026-04-07T17:23:21.713+0000] {logging_mixin.py:190} INFO - [2026-04-07T17:23:21.713+0000] {dag.py:4180} INFO - Setting next_dagrun for spark_custom_submit to None, run_after=None
[2026-04-07T17:23:21.743+0000] {processor.py:208} INFO - Processing /opt/airflow/dags/spark_custom_submit_dag.py took 0.122 seconds
[2026-04-07T17:24:02.878+0000] {processor.py:186} INFO - Started process (PID=14779) to work on /opt/airflow/dags/spark_custom_submit_dag.py
[2026-04-07T17:24:02.879+0000] {processor.py:914} INFO - Processing file /opt/airflow/dags/spark_custom_submit_dag.py for tasks to queue
[2026-04-07T17:24:02.883+0000] {logging_mixin.py:190} INFO - [2026-04-07T17:24:02.882+0000] {dagbag.py:588} INFO - Filling up the DagBag from /opt/airflow/dags/spark_custom_submit_dag.py
[2026-04-07T17:24:02.895+0000] {processor.py:925} INFO - DAG(s) 'spark_custom_submit' retrieved from /opt/airflow/dags/spark_custom_submit_dag.py
[2026-04-07T17:24:02.935+0000] {logging_mixin.py:190} INFO - [2026-04-07T17:24:02.935+0000] {dag.py:3239} INFO - Sync 1 DAGs
[2026-04-07T17:24:02.960+0000] {logging_mixin.py:190} INFO - [2026-04-07T17:24:02.960+0000] {dag.py:4180} INFO - Setting next_dagrun for spark_custom_submit to None, run_after=None
[2026-04-07T17:24:02.990+0000] {processor.py:208} INFO - Processing /opt/airflow/dags/spark_custom_submit_dag.py took 0.122 seconds
[2026-04-07T17:24:39.837+0000] {processor.py:186} INFO - Started process (PID=14850) to work on /opt/airflow/dags/spark_custom_submit_dag.py
[2026-04-07T17:24:39.838+0000] {processor.py:914} INFO - Processing file /opt/airflow/dags/spark_custom_submit_dag.py for tasks to queue
[2026-04-07T17:24:39.841+0000] {logging_mixin.py:190} INFO - [2026-04-07T17:24:39.841+0000] {dagbag.py:588} INFO - Filling up the DagBag from /opt/airflow/dags/spark_custom_submit_dag.py
[2026-04-07T17:24:39.854+0000] {processor.py:925} INFO - DAG(s) 'spark_custom_submit' retrieved from /opt/airflow/dags/spark_custom_submit_dag.py
[2026-04-07T17:24:39.898+0000] {logging_mixin.py:190} INFO - [2026-04-07T17:24:39.898+0000] {dag.py:3239} INFO - Sync 1 DAGs
[2026-04-07T17:24:39.926+0000] {logging_mixin.py:190} INFO - [2026-04-07T17:24:39.926+0000] {dag.py:4180} INFO - Setting next_dagrun for spark_custom_submit to None, run_after=None
[2026-04-07T17:24:39.958+0000] {processor.py:208} INFO - Processing /opt/airflow/dags/spark_custom_submit_dag.py took 0.132 seconds
[2026-04-07T17:25:19.625+0000] {processor.py:186} INFO - Started process (PID=14920) to work on /opt/airflow/dags/spark_custom_submit_dag.py
[2026-04-07T17:25:19.627+0000] {processor.py:914} INFO - Processing file /opt/airflow/dags/spark_custom_submit_dag.py for tasks to queue
[2026-04-07T17:25:19.630+0000] {logging_mixin.py:190} INFO - [2026-04-07T17:25:19.629+0000] {dagbag.py:588} INFO - Filling up the DagBag from /opt/airflow/dags/spark_custom_submit_dag.py
[2026-04-07T17:25:19.642+0000] {processor.py:925} INFO - DAG(s) 'spark_custom_submit' retrieved from /opt/airflow/dags/spark_custom_submit_dag.py
[2026-04-07T17:25:19.680+0000] {logging_mixin.py:190} INFO - [2026-04-07T17:25:19.679+0000] {dag.py:3239} INFO - Sync 1 DAGs
[2026-04-07T17:25:19.704+0000] {logging_mixin.py:190} INFO - [2026-04-07T17:25:19.703+0000] {dag.py:4180} INFO - Setting next_dagrun for spark_custom_submit to None, run_after=None
[2026-04-07T17:25:19.735+0000] {processor.py:208} INFO - Processing /opt/airflow/dags/spark_custom_submit_dag.py took 0.119 seconds
[2026-04-07T17:26:00.779+0000] {processor.py:186} INFO - Started process (PID=14993) to work on /opt/airflow/dags/spark_custom_submit_dag.py
[2026-04-07T17:26:00.781+0000] {processor.py:914} INFO - Processing file /opt/airflow/dags/spark_custom_submit_dag.py for tasks to queue
[2026-04-07T17:26:00.784+0000] {logging_mixin.py:190} INFO - [2026-04-07T17:26:00.784+0000] {dagbag.py:588} INFO - Filling up the DagBag from /opt/airflow/dags/spark_custom_submit_dag.py
[2026-04-07T17:26:00.795+0000] {processor.py:925} INFO - DAG(s) 'spark_custom_submit' retrieved from /opt/airflow/dags/spark_custom_submit_dag.py
[2026-04-07T17:26:00.839+0000] {logging_mixin.py:190} INFO - [2026-04-07T17:26:00.839+0000] {dag.py:3239} INFO - Sync 1 DAGs
[2026-04-07T17:26:00.867+0000] {logging_mixin.py:190} INFO - [2026-04-07T17:26:00.867+0000] {dag.py:4180} INFO - Setting next_dagrun for spark_custom_submit to None, run_after=None
[2026-04-07T17:26:00.900+0000] {processor.py:208} INFO - Processing /opt/airflow/dags/spark_custom_submit_dag.py took 0.130 seconds
[2026-04-07T17:26:41.880+0000] {processor.py:186} INFO - Started process (PID=15064) to work on /opt/airflow/dags/spark_custom_submit_dag.py
[2026-04-07T17:26:41.882+0000] {processor.py:914} INFO - Processing file /opt/airflow/dags/spark_custom_submit_dag.py for tasks to queue
[2026-04-07T17:26:41.886+0000] {logging_mixin.py:190} INFO - [2026-04-07T17:26:41.885+0000] {dagbag.py:588} INFO - Filling up the DagBag from /opt/airflow/dags/spark_custom_submit_dag.py
[2026-04-07T17:26:41.898+0000] {processor.py:925} INFO - DAG(s) 'spark_custom_submit' retrieved from /opt/airflow/dags/spark_custom_submit_dag.py
[2026-04-07T17:26:41.935+0000] {logging_mixin.py:190} INFO - [2026-04-07T17:26:41.934+0000] {dag.py:3239} INFO - Sync 1 DAGs
[2026-04-07T17:26:41.965+0000] {logging_mixin.py:190} INFO - [2026-04-07T17:26:41.964+0000] {dag.py:4180} INFO - Setting next_dagrun for spark_custom_submit to None, run_after=None
[2026-04-07T17:26:41.997+0000] {processor.py:208} INFO - Processing /opt/airflow/dags/spark_custom_submit_dag.py took 0.127 seconds
[2026-04-07T17:27:22.602+0000] {processor.py:186} INFO - Started process (PID=15133) to work on /opt/airflow/dags/spark_custom_submit_dag.py
[2026-04-07T17:27:22.604+0000] {processor.py:914} INFO - Processing file /opt/airflow/dags/spark_custom_submit_dag.py for tasks to queue
[2026-04-07T17:27:22.607+0000] {logging_mixin.py:190} INFO - [2026-04-07T17:27:22.607+0000] {dagbag.py:588} INFO - Filling up the DagBag from /opt/airflow/dags/spark_custom_submit_dag.py
[2026-04-07T17:27:22.621+0000] {processor.py:925} INFO - DAG(s) 'spark_custom_submit' retrieved from /opt/airflow/dags/spark_custom_submit_dag.py
[2026-04-07T17:27:22.661+0000] {logging_mixin.py:190} INFO - [2026-04-07T17:27:22.661+0000] {dag.py:3239} INFO - Sync 1 DAGs
[2026-04-07T17:27:22.691+0000] {logging_mixin.py:190} INFO - [2026-04-07T17:27:22.690+0000] {dag.py:4180} INFO - Setting next_dagrun for spark_custom_submit to None, run_after=None
[2026-04-07T17:27:22.722+0000] {processor.py:208} INFO - Processing /opt/airflow/dags/spark_custom_submit_dag.py took 0.131 seconds
[2026-04-07T17:28:04.793+0000] {processor.py:186} INFO - Started process (PID=15207) to work on /opt/airflow/dags/spark_custom_submit_dag.py
[2026-04-07T17:28:04.795+0000] {processor.py:914} INFO - Processing file /opt/airflow/dags/spark_custom_submit_dag.py for tasks to queue
[2026-04-07T17:28:04.800+0000] {logging_mixin.py:190} INFO - [2026-04-07T17:28:04.799+0000] {dagbag.py:588} INFO - Filling up the DagBag from /opt/airflow/dags/spark_custom_submit_dag.py
[2026-04-07T17:28:04.813+0000] {processor.py:925} INFO - DAG(s) 'spark_custom_submit' retrieved from /opt/airflow/dags/spark_custom_submit_dag.py
[2026-04-07T17:28:04.860+0000] {logging_mixin.py:190} INFO - [2026-04-07T17:28:04.859+0000] {dag.py:3239} INFO - Sync 1 DAGs
[2026-04-07T17:28:04.890+0000] {logging_mixin.py:190} INFO - [2026-04-07T17:28:04.889+0000] {dag.py:4180} INFO - Setting next_dagrun for spark_custom_submit to None, run_after=None
[2026-04-07T17:28:04.923+0000] {processor.py:208} INFO - Processing /opt/airflow/dags/spark_custom_submit_dag.py took 0.139 seconds
[2026-04-07T17:28:45.808+0000] {processor.py:186} INFO - Started process (PID=15278) to work on /opt/airflow/dags/spark_custom_submit_dag.py
[2026-04-07T17:28:45.812+0000] {processor.py:914} INFO - Processing file /opt/airflow/dags/spark_custom_submit_dag.py for tasks to queue
[2026-04-07T17:28:45.816+0000] {logging_mixin.py:190} INFO - [2026-04-07T17:28:45.815+0000] {dagbag.py:588} INFO - Filling up the DagBag from /opt/airflow/dags/spark_custom_submit_dag.py
[2026-04-07T17:28:45.831+0000] {processor.py:925} INFO - DAG(s) 'spark_custom_submit' retrieved from /opt/airflow/dags/spark_custom_submit_dag.py
[2026-04-07T17:28:45.873+0000] {logging_mixin.py:190} INFO - [2026-04-07T17:28:45.872+0000] {dag.py:3239} INFO - Sync 1 DAGs
[2026-04-07T17:28:45.900+0000] {logging_mixin.py:190} INFO - [2026-04-07T17:28:45.900+0000] {dag.py:4180} INFO - Setting next_dagrun for spark_custom_submit to None, run_after=None
[2026-04-07T17:28:45.931+0000] {processor.py:208} INFO - Processing /opt/airflow/dags/spark_custom_submit_dag.py took 0.133 seconds
[2026-04-07T17:29:26.913+0000] {processor.py:186} INFO - Started process (PID=15348) to work on /opt/airflow/dags/spark_custom_submit_dag.py
[2026-04-07T17:29:26.914+0000] {processor.py:914} INFO - Processing file /opt/airflow/dags/spark_custom_submit_dag.py for tasks to queue
[2026-04-07T17:29:26.918+0000] {logging_mixin.py:190} INFO - [2026-04-07T17:29:26.917+0000] {dagbag.py:588} INFO - Filling up the DagBag from /opt/airflow/dags/spark_custom_submit_dag.py
[2026-04-07T17:29:26.930+0000] {processor.py:925} INFO - DAG(s) 'spark_custom_submit' retrieved from /opt/airflow/dags/spark_custom_submit_dag.py
[2026-04-07T17:29:26.970+0000] {logging_mixin.py:190} INFO - [2026-04-07T17:29:26.970+0000] {dag.py:3239} INFO - Sync 1 DAGs
[2026-04-07T17:29:26.998+0000] {logging_mixin.py:190} INFO - [2026-04-07T17:29:26.998+0000] {dag.py:4180} INFO - Setting next_dagrun for spark_custom_submit to None, run_after=None
[2026-04-07T17:29:27.031+0000] {processor.py:208} INFO - Processing /opt/airflow/dags/spark_custom_submit_dag.py took 0.128 seconds
[2026-04-07T17:30:12.760+0000] {processor.py:186} INFO - Started process (PID=15419) to work on /opt/airflow/dags/spark_custom_submit_dag.py
[2026-04-07T17:30:12.761+0000] {processor.py:914} INFO - Processing file /opt/airflow/dags/spark_custom_submit_dag.py for tasks to queue
[2026-04-07T17:30:12.765+0000] {logging_mixin.py:190} INFO - [2026-04-07T17:30:12.764+0000] {dagbag.py:588} INFO - Filling up the DagBag from /opt/airflow/dags/spark_custom_submit_dag.py
[2026-04-07T17:30:12.777+0000] {processor.py:925} INFO - DAG(s) 'spark_custom_submit' retrieved from /opt/airflow/dags/spark_custom_submit_dag.py
[2026-04-07T17:30:12.818+0000] {logging_mixin.py:190} INFO - [2026-04-07T17:30:12.818+0000] {dag.py:3239} INFO - Sync 1 DAGs
[2026-04-07T17:30:12.847+0000] {logging_mixin.py:190} INFO - [2026-04-07T17:30:12.847+0000] {dag.py:4180} INFO - Setting next_dagrun for spark_custom_submit to None, run_after=None
[2026-04-07T17:30:12.882+0000] {processor.py:208} INFO - Processing /opt/airflow/dags/spark_custom_submit_dag.py took 0.134 seconds
[2026-04-07T17:30:53.789+0000] {processor.py:186} INFO - Started process (PID=15490) to work on /opt/airflow/dags/spark_custom_submit_dag.py
[2026-04-07T17:30:53.790+0000] {processor.py:914} INFO - Processing file /opt/airflow/dags/spark_custom_submit_dag.py for tasks to queue
[2026-04-07T17:30:53.794+0000] {logging_mixin.py:190} INFO - [2026-04-07T17:30:53.793+0000] {dagbag.py:588} INFO - Filling up the DagBag from /opt/airflow/dags/spark_custom_submit_dag.py
[2026-04-07T17:30:53.806+0000] {processor.py:925} INFO - DAG(s) 'spark_custom_submit' retrieved from /opt/airflow/dags/spark_custom_submit_dag.py
[2026-04-07T17:30:53.852+0000] {logging_mixin.py:190} INFO - [2026-04-07T17:30:53.851+0000] {dag.py:3239} INFO - Sync 1 DAGs
[2026-04-07T17:30:53.882+0000] {logging_mixin.py:190} INFO - [2026-04-07T17:30:53.882+0000] {dag.py:4180} INFO - Setting next_dagrun for spark_custom_submit to None, run_after=None
[2026-04-07T17:30:53.915+0000] {processor.py:208} INFO - Processing /opt/airflow/dags/spark_custom_submit_dag.py took 0.138 seconds
[2026-04-07T17:31:34.786+0000] {processor.py:186} INFO - Started process (PID=15561) to work on /opt/airflow/dags/spark_custom_submit_dag.py
[2026-04-07T17:31:34.787+0000] {processor.py:914} INFO - Processing file /opt/airflow/dags/spark_custom_submit_dag.py for tasks to queue
[2026-04-07T17:31:34.791+0000] {logging_mixin.py:190} INFO - [2026-04-07T17:31:34.790+0000] {dagbag.py:588} INFO - Filling up the DagBag from /opt/airflow/dags/spark_custom_submit_dag.py
[2026-04-07T17:31:34.804+0000] {processor.py:925} INFO - DAG(s) 'spark_custom_submit' retrieved from /opt/airflow/dags/spark_custom_submit_dag.py
[2026-04-07T17:31:34.847+0000] {logging_mixin.py:190} INFO - [2026-04-07T17:31:34.847+0000] {dag.py:3239} INFO - Sync 1 DAGs
[2026-04-07T17:31:34.877+0000] {logging_mixin.py:190} INFO - [2026-04-07T17:31:34.876+0000] {dag.py:4180} INFO - Setting next_dagrun for spark_custom_submit to None, run_after=None
[2026-04-07T17:31:34.912+0000] {processor.py:208} INFO - Processing /opt/airflow/dags/spark_custom_submit_dag.py took 0.138 seconds
[2026-04-07T17:32:16.640+0000] {processor.py:186} INFO - Started process (PID=15630) to work on /opt/airflow/dags/spark_custom_submit_dag.py
[2026-04-07T17:32:16.642+0000] {processor.py:914} INFO - Processing file /opt/airflow/dags/spark_custom_submit_dag.py for tasks to queue
[2026-04-07T17:32:16.646+0000] {logging_mixin.py:190} INFO - [2026-04-07T17:32:16.645+0000] {dagbag.py:588} INFO - Filling up the DagBag from /opt/airflow/dags/spark_custom_submit_dag.py
[2026-04-07T17:32:16.661+0000] {processor.py:925} INFO - DAG(s) 'spark_custom_submit' retrieved from /opt/airflow/dags/spark_custom_submit_dag.py
[2026-04-07T17:32:16.703+0000] {logging_mixin.py:190} INFO - [2026-04-07T17:32:16.703+0000] {dag.py:3239} INFO - Sync 1 DAGs
[2026-04-07T17:32:16.729+0000] {logging_mixin.py:190} INFO - [2026-04-07T17:32:16.729+0000] {dag.py:4180} INFO - Setting next_dagrun for spark_custom_submit to None, run_after=None
[2026-04-07T17:32:16.760+0000] {processor.py:208} INFO - Processing /opt/airflow/dags/spark_custom_submit_dag.py took 0.132 seconds
[2026-04-07T17:32:57.696+0000] {processor.py:186} INFO - Started process (PID=15702) to work on /opt/airflow/dags/spark_custom_submit_dag.py
[2026-04-07T17:32:57.698+0000] {processor.py:914} INFO - Processing file /opt/airflow/dags/spark_custom_submit_dag.py for tasks to queue
[2026-04-07T17:32:57.701+0000] {logging_mixin.py:190} INFO - [2026-04-07T17:32:57.701+0000] {dagbag.py:588} INFO - Filling up the DagBag from /opt/airflow/dags/spark_custom_submit_dag.py
[2026-04-07T17:32:57.714+0000] {processor.py:925} INFO - DAG(s) 'spark_custom_submit' retrieved from /opt/airflow/dags/spark_custom_submit_dag.py
[2026-04-07T17:32:57.759+0000] {logging_mixin.py:190} INFO - [2026-04-07T17:32:57.758+0000] {dag.py:3239} INFO - Sync 1 DAGs
[2026-04-07T17:32:57.785+0000] {logging_mixin.py:190} INFO - [2026-04-07T17:32:57.785+0000] {dag.py:4180} INFO - Setting next_dagrun for spark_custom_submit to None, run_after=None
[2026-04-07T17:32:57.815+0000] {processor.py:208} INFO - Processing /opt/airflow/dags/spark_custom_submit_dag.py took 0.129 seconds
[2026-04-07T17:33:38.786+0000] {processor.py:186} INFO - Started process (PID=15775) to work on /opt/airflow/dags/spark_custom_submit_dag.py
[2026-04-07T17:33:38.788+0000] {processor.py:914} INFO - Processing file /opt/airflow/dags/spark_custom_submit_dag.py for tasks to queue
[2026-04-07T17:33:38.792+0000] {logging_mixin.py:190} INFO - [2026-04-07T17:33:38.791+0000] {dagbag.py:588} INFO - Filling up the DagBag from /opt/airflow/dags/spark_custom_submit_dag.py
[2026-04-07T17:33:38.806+0000] {processor.py:925} INFO - DAG(s) 'spark_custom_submit' retrieved from /opt/airflow/dags/spark_custom_submit_dag.py
[2026-04-07T17:33:38.849+0000] {logging_mixin.py:190} INFO - [2026-04-07T17:33:38.848+0000] {dag.py:3239} INFO - Sync 1 DAGs
[2026-04-07T17:33:38.876+0000] {logging_mixin.py:190} INFO - [2026-04-07T17:33:38.876+0000] {dag.py:4180} INFO - Setting next_dagrun for spark_custom_submit to None, run_after=None
[2026-04-07T17:33:38.911+0000] {processor.py:208} INFO - Processing /opt/airflow/dags/spark_custom_submit_dag.py took 0.135 seconds
[2026-04-07T17:34:19.905+0000] {processor.py:186} INFO - Started process (PID=15846) to work on /opt/airflow/dags/spark_custom_submit_dag.py
[2026-04-07T17:34:19.907+0000] {processor.py:914} INFO - Processing file /opt/airflow/dags/spark_custom_submit_dag.py for tasks to queue
[2026-04-07T17:34:19.910+0000] {logging_mixin.py:190} INFO - [2026-04-07T17:34:19.910+0000] {dagbag.py:588} INFO - Filling up the DagBag from /opt/airflow/dags/spark_custom_submit_dag.py
[2026-04-07T17:34:19.921+0000] {processor.py:925} INFO - DAG(s) 'spark_custom_submit' retrieved from /opt/airflow/dags/spark_custom_submit_dag.py
[2026-04-07T17:34:19.959+0000] {logging_mixin.py:190} INFO - [2026-04-07T17:34:19.958+0000] {dag.py:3239} INFO - Sync 1 DAGs
[2026-04-07T17:34:19.984+0000] {logging_mixin.py:190} INFO - [2026-04-07T17:34:19.984+0000] {dag.py:4180} INFO - Setting next_dagrun for spark_custom_submit to None, run_after=None
[2026-04-07T17:34:20.017+0000] {processor.py:208} INFO - Processing /opt/airflow/dags/spark_custom_submit_dag.py took 0.122 seconds
[2026-04-07T17:35:00.775+0000] {processor.py:186} INFO - Started process (PID=15917) to work on /opt/airflow/dags/spark_custom_submit_dag.py
[2026-04-07T17:35:00.776+0000] {processor.py:914} INFO - Processing file /opt/airflow/dags/spark_custom_submit_dag.py for tasks to queue
[2026-04-07T17:35:00.780+0000] {logging_mixin.py:190} INFO - [2026-04-07T17:35:00.780+0000] {dagbag.py:588} INFO - Filling up the DagBag from /opt/airflow/dags/spark_custom_submit_dag.py
[2026-04-07T17:35:00.795+0000] {processor.py:925} INFO - DAG(s) 'spark_custom_submit' retrieved from /opt/airflow/dags/spark_custom_submit_dag.py
[2026-04-07T17:35:00.840+0000] {logging_mixin.py:190} INFO - [2026-04-07T17:35:00.840+0000] {dag.py:3239} INFO - Sync 1 DAGs
[2026-04-07T17:35:00.868+0000] {logging_mixin.py:190} INFO - [2026-04-07T17:35:00.867+0000] {dag.py:4180} INFO - Setting next_dagrun for spark_custom_submit to None, run_after=None
[2026-04-07T17:35:00.902+0000] {processor.py:208} INFO - Processing /opt/airflow/dags/spark_custom_submit_dag.py took 0.139 seconds
[2026-04-07T17:35:41.797+0000] {processor.py:186} INFO - Started process (PID=15988) to work on /opt/airflow/dags/spark_custom_submit_dag.py
[2026-04-07T17:35:41.798+0000] {processor.py:914} INFO - Processing file /opt/airflow/dags/spark_custom_submit_dag.py for tasks to queue
[2026-04-07T17:35:41.801+0000] {logging_mixin.py:190} INFO - [2026-04-07T17:35:41.801+0000] {dagbag.py:588} INFO - Filling up the DagBag from /opt/airflow/dags/spark_custom_submit_dag.py
[2026-04-07T17:35:41.816+0000] {processor.py:925} INFO - DAG(s) 'spark_custom_submit' retrieved from /opt/airflow/dags/spark_custom_submit_dag.py
[2026-04-07T17:35:41.859+0000] {logging_mixin.py:190} INFO - [2026-04-07T17:35:41.858+0000] {dag.py:3239} INFO - Sync 1 DAGs
[2026-04-07T17:35:41.887+0000] {logging_mixin.py:190} INFO - [2026-04-07T17:35:41.887+0000] {dag.py:4180} INFO - Setting next_dagrun for spark_custom_submit to None, run_after=None
[2026-04-07T17:35:41.919+0000] {processor.py:208} INFO - Processing /opt/airflow/dags/spark_custom_submit_dag.py took 0.132 seconds
[2026-04-07T17:36:22.801+0000] {processor.py:186} INFO - Started process (PID=16060) to work on /opt/airflow/dags/spark_custom_submit_dag.py
[2026-04-07T17:36:22.802+0000] {processor.py:914} INFO - Processing file /opt/airflow/dags/spark_custom_submit_dag.py for tasks to queue
[2026-04-07T17:36:22.806+0000] {logging_mixin.py:190} INFO - [2026-04-07T17:36:22.805+0000] {dagbag.py:588} INFO - Filling up the DagBag from /opt/airflow/dags/spark_custom_submit_dag.py
[2026-04-07T17:36:22.820+0000] {processor.py:925} INFO - DAG(s) 'spark_custom_submit' retrieved from /opt/airflow/dags/spark_custom_submit_dag.py
[2026-04-07T17:36:22.861+0000] {logging_mixin.py:190} INFO - [2026-04-07T17:36:22.861+0000] {dag.py:3239} INFO - Sync 1 DAGs
[2026-04-07T17:36:22.889+0000] {logging_mixin.py:190} INFO - [2026-04-07T17:36:22.888+0000] {dag.py:4180} INFO - Setting next_dagrun for spark_custom_submit to None, run_after=None
[2026-04-07T17:36:22.923+0000] {processor.py:208} INFO - Processing /opt/airflow/dags/spark_custom_submit_dag.py took 0.136 seconds
[2026-04-07T17:36:59.639+0000] {processor.py:186} INFO - Started process (PID=16130) to work on /opt/airflow/dags/spark_custom_submit_dag.py
[2026-04-07T17:36:59.640+0000] {processor.py:914} INFO - Processing file /opt/airflow/dags/spark_custom_submit_dag.py for tasks to queue
[2026-04-07T17:36:59.643+0000] {logging_mixin.py:190} INFO - [2026-04-07T17:36:59.643+0000] {dagbag.py:588} INFO - Filling up the DagBag from /opt/airflow/dags/spark_custom_submit_dag.py
[2026-04-07T17:36:59.655+0000] {processor.py:925} INFO - DAG(s) 'spark_custom_submit' retrieved from /opt/airflow/dags/spark_custom_submit_dag.py
[2026-04-07T17:36:59.693+0000] {logging_mixin.py:190} INFO - [2026-04-07T17:36:59.692+0000] {dag.py:3239} INFO - Sync 1 DAGs
[2026-04-07T17:36:59.719+0000] {logging_mixin.py:190} INFO - [2026-04-07T17:36:59.719+0000] {dag.py:4180} INFO - Setting next_dagrun for spark_custom_submit to None, run_after=None
[2026-04-07T17:36:59.749+0000] {processor.py:208} INFO - Processing /opt/airflow/dags/spark_custom_submit_dag.py took 0.120 seconds
[2026-04-07T17:37:45.795+0000] {processor.py:186} INFO - Started process (PID=16203) to work on /opt/airflow/dags/spark_custom_submit_dag.py
[2026-04-07T17:37:45.796+0000] {processor.py:914} INFO - Processing file /opt/airflow/dags/spark_custom_submit_dag.py for tasks to queue
[2026-04-07T17:37:45.800+0000] {logging_mixin.py:190} INFO - [2026-04-07T17:37:45.799+0000] {dagbag.py:588} INFO - Filling up the DagBag from /opt/airflow/dags/spark_custom_submit_dag.py
[2026-04-07T17:37:45.819+0000] {processor.py:925} INFO - DAG(s) 'spark_custom_submit' retrieved from /opt/airflow/dags/spark_custom_submit_dag.py
[2026-04-07T17:37:45.862+0000] {logging_mixin.py:190} INFO - [2026-04-07T17:37:45.861+0000] {dag.py:3239} INFO - Sync 1 DAGs
[2026-04-07T17:37:45.889+0000] {logging_mixin.py:190} INFO - [2026-04-07T17:37:45.888+0000] {dag.py:4180} INFO - Setting next_dagrun for spark_custom_submit to None, run_after=None
[2026-04-07T17:37:45.922+0000] {processor.py:208} INFO - Processing /opt/airflow/dags/spark_custom_submit_dag.py took 0.138 seconds
[2026-04-07T17:38:26.787+0000] {processor.py:186} INFO - Started process (PID=16274) to work on /opt/airflow/dags/spark_custom_submit_dag.py
[2026-04-07T17:38:26.788+0000] {processor.py:914} INFO - Processing file /opt/airflow/dags/spark_custom_submit_dag.py for tasks to queue
[2026-04-07T17:38:26.792+0000] {logging_mixin.py:190} INFO - [2026-04-07T17:38:26.791+0000] {dagbag.py:588} INFO - Filling up the DagBag from /opt/airflow/dags/spark_custom_submit_dag.py
[2026-04-07T17:38:26.804+0000] {processor.py:925} INFO - DAG(s) 'spark_custom_submit' retrieved from /opt/airflow/dags/spark_custom_submit_dag.py
[2026-04-07T17:38:26.850+0000] {logging_mixin.py:190} INFO - [2026-04-07T17:38:26.850+0000] {dag.py:3239} INFO - Sync 1 DAGs
[2026-04-07T17:38:26.882+0000] {logging_mixin.py:190} INFO - [2026-04-07T17:38:26.881+0000] {dag.py:4180} INFO - Setting next_dagrun for spark_custom_submit to None, run_after=None
[2026-04-07T17:38:26.916+0000] {processor.py:208} INFO - Processing /opt/airflow/dags/spark_custom_submit_dag.py took 0.142 seconds
[2026-04-07T17:39:08.814+0000] {processor.py:186} INFO - Started process (PID=16345) to work on /opt/airflow/dags/spark_custom_submit_dag.py
[2026-04-07T17:39:08.816+0000] {processor.py:914} INFO - Processing file /opt/airflow/dags/spark_custom_submit_dag.py for tasks to queue
[2026-04-07T17:39:08.820+0000] {logging_mixin.py:190} INFO - [2026-04-07T17:39:08.819+0000] {dagbag.py:588} INFO - Filling up the DagBag from /opt/airflow/dags/spark_custom_submit_dag.py
[2026-04-07T17:39:08.833+0000] {processor.py:925} INFO - DAG(s) 'spark_custom_submit' retrieved from /opt/airflow/dags/spark_custom_submit_dag.py
[2026-04-07T17:39:08.878+0000] {logging_mixin.py:190} INFO - [2026-04-07T17:39:08.877+0000] {dag.py:3239} INFO - Sync 1 DAGs
[2026-04-07T17:39:08.910+0000] {logging_mixin.py:190} INFO - [2026-04-07T17:39:08.910+0000] {dag.py:4180} INFO - Setting next_dagrun for spark_custom_submit to None, run_after=None
[2026-04-07T17:39:08.940+0000] {processor.py:208} INFO - Processing /opt/airflow/dags/spark_custom_submit_dag.py took 0.138 seconds
[2026-04-07T17:39:54.860+0000] {processor.py:186} INFO - Started process (PID=16416) to work on /opt/airflow/dags/spark_custom_submit_dag.py
[2026-04-07T17:39:54.862+0000] {processor.py:914} INFO - Processing file /opt/airflow/dags/spark_custom_submit_dag.py for tasks to queue
[2026-04-07T17:39:54.865+0000] {logging_mixin.py:190} INFO - [2026-04-07T17:39:54.865+0000] {dagbag.py:588} INFO - Filling up the DagBag from /opt/airflow/dags/spark_custom_submit_dag.py
[2026-04-07T17:39:54.878+0000] {processor.py:925} INFO - DAG(s) 'spark_custom_submit' retrieved from /opt/airflow/dags/spark_custom_submit_dag.py
[2026-04-07T17:39:54.924+0000] {logging_mixin.py:190} INFO - [2026-04-07T17:39:54.923+0000] {dag.py:3239} INFO - Sync 1 DAGs
[2026-04-07T17:39:54.951+0000] {logging_mixin.py:190} INFO - [2026-04-07T17:39:54.950+0000] {dag.py:4180} INFO - Setting next_dagrun for spark_custom_submit to None, run_after=None
[2026-04-07T17:39:54.984+0000] {processor.py:208} INFO - Processing /opt/airflow/dags/spark_custom_submit_dag.py took 0.137 seconds
[2026-04-07T17:40:35.864+0000] {processor.py:186} INFO - Started process (PID=16487) to work on /opt/airflow/dags/spark_custom_submit_dag.py
[2026-04-07T17:40:35.866+0000] {processor.py:914} INFO - Processing file /opt/airflow/dags/spark_custom_submit_dag.py for tasks to queue
[2026-04-07T17:40:35.870+0000] {logging_mixin.py:190} INFO - [2026-04-07T17:40:35.870+0000] {dagbag.py:588} INFO - Filling up the DagBag from /opt/airflow/dags/spark_custom_submit_dag.py
[2026-04-07T17:40:35.883+0000] {processor.py:925} INFO - DAG(s) 'spark_custom_submit' retrieved from /opt/airflow/dags/spark_custom_submit_dag.py
[2026-04-07T17:40:35.930+0000] {logging_mixin.py:190} INFO - [2026-04-07T17:40:35.929+0000] {dag.py:3239} INFO - Sync 1 DAGs
[2026-04-07T17:40:35.964+0000] {logging_mixin.py:190} INFO - [2026-04-07T17:40:35.964+0000] {dag.py:4180} INFO - Setting next_dagrun for spark_custom_submit to None, run_after=None
[2026-04-07T17:40:35.996+0000] {processor.py:208} INFO - Processing /opt/airflow/dags/spark_custom_submit_dag.py took 0.145 seconds
[2026-04-07T17:41:16.631+0000] {processor.py:186} INFO - Started process (PID=16556) to work on /opt/airflow/dags/spark_custom_submit_dag.py
[2026-04-07T17:41:16.633+0000] {processor.py:914} INFO - Processing file /opt/airflow/dags/spark_custom_submit_dag.py for tasks to queue
[2026-04-07T17:41:16.636+0000] {logging_mixin.py:190} INFO - [2026-04-07T17:41:16.636+0000] {dagbag.py:588} INFO - Filling up the DagBag from /opt/airflow/dags/spark_custom_submit_dag.py
[2026-04-07T17:41:16.649+0000] {processor.py:925} INFO - DAG(s) 'spark_custom_submit' retrieved from /opt/airflow/dags/spark_custom_submit_dag.py
[2026-04-07T17:41:16.690+0000] {logging_mixin.py:190} INFO - [2026-04-07T17:41:16.689+0000] {dag.py:3239} INFO - Sync 1 DAGs
[2026-04-07T17:41:16.720+0000] {logging_mixin.py:190} INFO - [2026-04-07T17:41:16.720+0000] {dag.py:4180} INFO - Setting next_dagrun for spark_custom_submit to None, run_after=None
[2026-04-07T17:41:16.753+0000] {processor.py:208} INFO - Processing /opt/airflow/dags/spark_custom_submit_dag.py took 0.132 seconds
[2026-04-07T17:41:57.636+0000] {processor.py:186} INFO - Started process (PID=16627) to work on /opt/airflow/dags/spark_custom_submit_dag.py
[2026-04-07T17:41:57.637+0000] {processor.py:914} INFO - Processing file /opt/airflow/dags/spark_custom_submit_dag.py for tasks to queue
[2026-04-07T17:41:57.641+0000] {logging_mixin.py:190} INFO - [2026-04-07T17:41:57.640+0000] {dagbag.py:588} INFO - Filling up the DagBag from /opt/airflow/dags/spark_custom_submit_dag.py
[2026-04-07T17:41:57.654+0000] {processor.py:925} INFO - DAG(s) 'spark_custom_submit' retrieved from /opt/airflow/dags/spark_custom_submit_dag.py
[2026-04-07T17:41:57.694+0000] {logging_mixin.py:190} INFO - [2026-04-07T17:41:57.694+0000] {dag.py:3239} INFO - Sync 1 DAGs
[2026-04-07T17:41:57.723+0000] {logging_mixin.py:190} INFO - [2026-04-07T17:41:57.723+0000] {dag.py:4180} INFO - Setting next_dagrun for spark_custom_submit to None, run_after=None
[2026-04-07T17:41:57.760+0000] {processor.py:208} INFO - Processing /opt/airflow/dags/spark_custom_submit_dag.py took 0.135 seconds
[2026-04-07T17:42:43.831+0000] {processor.py:186} INFO - Started process (PID=16700) to work on /opt/airflow/dags/spark_custom_submit_dag.py
[2026-04-07T17:42:43.833+0000] {processor.py:914} INFO - Processing file /opt/airflow/dags/spark_custom_submit_dag.py for tasks to queue
[2026-04-07T17:42:43.837+0000] {logging_mixin.py:190} INFO - [2026-04-07T17:42:43.837+0000] {dagbag.py:588} INFO - Filling up the DagBag from /opt/airflow/dags/spark_custom_submit_dag.py
[2026-04-07T17:42:43.851+0000] {processor.py:925} INFO - DAG(s) 'spark_custom_submit' retrieved from /opt/airflow/dags/spark_custom_submit_dag.py
[2026-04-07T17:42:43.904+0000] {logging_mixin.py:190} INFO - [2026-04-07T17:42:43.903+0000] {dag.py:3239} INFO - Sync 1 DAGs
[2026-04-07T17:42:43.932+0000] {logging_mixin.py:190} INFO - [2026-04-07T17:42:43.932+0000] {dag.py:4180} INFO - Setting next_dagrun for spark_custom_submit to None, run_after=None
[2026-04-07T17:42:43.967+0000] {processor.py:208} INFO - Processing /opt/airflow/dags/spark_custom_submit_dag.py took 0.147 seconds
[2026-04-07T17:43:29.643+0000] {processor.py:186} INFO - Started process (PID=16769) to work on /opt/airflow/dags/spark_custom_submit_dag.py
[2026-04-07T17:43:29.645+0000] {processor.py:914} INFO - Processing file /opt/airflow/dags/spark_custom_submit_dag.py for tasks to queue
[2026-04-07T17:43:29.649+0000] {logging_mixin.py:190} INFO - [2026-04-07T17:43:29.648+0000] {dagbag.py:588} INFO - Filling up the DagBag from /opt/airflow/dags/spark_custom_submit_dag.py
[2026-04-07T17:43:29.663+0000] {processor.py:925} INFO - DAG(s) 'spark_custom_submit' retrieved from /opt/airflow/dags/spark_custom_submit_dag.py
[2026-04-07T17:43:29.711+0000] {logging_mixin.py:190} INFO - [2026-04-07T17:43:29.711+0000] {dag.py:3239} INFO - Sync 1 DAGs
[2026-04-07T17:43:29.736+0000] {logging_mixin.py:190} INFO - [2026-04-07T17:43:29.736+0000] {dag.py:4180} INFO - Setting next_dagrun for spark_custom_submit to None, run_after=None
[2026-04-07T17:43:29.767+0000] {processor.py:208} INFO - Processing /opt/airflow/dags/spark_custom_submit_dag.py took 0.135 seconds
[2026-04-07T17:44:16.626+0000] {processor.py:186} INFO - Started process (PID=16840) to work on /opt/airflow/dags/spark_custom_submit_dag.py
[2026-04-07T17:44:16.628+0000] {processor.py:914} INFO - Processing file /opt/airflow/dags/spark_custom_submit_dag.py for tasks to queue
[2026-04-07T17:44:16.632+0000] {logging_mixin.py:190} INFO - [2026-04-07T17:44:16.632+0000] {dagbag.py:588} INFO - Filling up the DagBag from /opt/airflow/dags/spark_custom_submit_dag.py
[2026-04-07T17:44:16.646+0000] {processor.py:925} INFO - DAG(s) 'spark_custom_submit' retrieved from /opt/airflow/dags/spark_custom_submit_dag.py
[2026-04-07T17:44:16.686+0000] {logging_mixin.py:190} INFO - [2026-04-07T17:44:16.685+0000] {dag.py:3239} INFO - Sync 1 DAGs
[2026-04-07T17:44:16.716+0000] {logging_mixin.py:190} INFO - [2026-04-07T17:44:16.716+0000] {dag.py:4180} INFO - Setting next_dagrun for spark_custom_submit to None, run_after=None
[2026-04-07T17:44:16.750+0000] {processor.py:208} INFO - Processing /opt/airflow/dags/spark_custom_submit_dag.py took 0.138 seconds
[2026-04-07T17:44:57.791+0000] {processor.py:186} INFO - Started process (PID=16913) to work on /opt/airflow/dags/spark_custom_submit_dag.py
[2026-04-07T17:44:57.793+0000] {processor.py:914} INFO - Processing file /opt/airflow/dags/spark_custom_submit_dag.py for tasks to queue
[2026-04-07T17:44:57.796+0000] {logging_mixin.py:190} INFO - [2026-04-07T17:44:57.796+0000] {dagbag.py:588} INFO - Filling up the DagBag from /opt/airflow/dags/spark_custom_submit_dag.py
[2026-04-07T17:44:57.809+0000] {processor.py:925} INFO - DAG(s) 'spark_custom_submit' retrieved from /opt/airflow/dags/spark_custom_submit_dag.py
[2026-04-07T17:44:57.858+0000] {logging_mixin.py:190} INFO - [2026-04-07T17:44:57.857+0000] {dag.py:3239} INFO - Sync 1 DAGs
[2026-04-07T17:44:57.891+0000] {logging_mixin.py:190} INFO - [2026-04-07T17:44:57.891+0000] {dag.py:4180} INFO - Setting next_dagrun for spark_custom_submit to None, run_after=None
[2026-04-07T17:44:57.925+0000] {processor.py:208} INFO - Processing /opt/airflow/dags/spark_custom_submit_dag.py took 0.148 seconds
[2026-04-07T17:45:38.748+0000] {processor.py:186} INFO - Started process (PID=16982) to work on /opt/airflow/dags/spark_custom_submit_dag.py
[2026-04-07T17:45:38.749+0000] {processor.py:914} INFO - Processing file /opt/airflow/dags/spark_custom_submit_dag.py for tasks to queue
[2026-04-07T17:45:38.752+0000] {logging_mixin.py:190} INFO - [2026-04-07T17:45:38.752+0000] {dagbag.py:588} INFO - Filling up the DagBag from /opt/airflow/dags/spark_custom_submit_dag.py
[2026-04-07T17:45:38.765+0000] {processor.py:925} INFO - DAG(s) 'spark_custom_submit' retrieved from /opt/airflow/dags/spark_custom_submit_dag.py
[2026-04-07T17:45:38.808+0000] {logging_mixin.py:190} INFO - [2026-04-07T17:45:38.808+0000] {dag.py:3239} INFO - Sync 1 DAGs
[2026-04-07T17:45:38.836+0000] {logging_mixin.py:190} INFO - [2026-04-07T17:45:38.835+0000] {dag.py:4180} INFO - Setting next_dagrun for spark_custom_submit to None, run_after=None
[2026-04-07T17:45:38.872+0000] {processor.py:208} INFO - Processing /opt/airflow/dags/spark_custom_submit_dag.py took 0.134 seconds
[2026-04-07T17:46:14.673+0000] {processor.py:186} INFO - Started process (PID=17053) to work on /opt/airflow/dags/spark_custom_submit_dag.py
[2026-04-07T17:46:14.675+0000] {processor.py:914} INFO - Processing file /opt/airflow/dags/spark_custom_submit_dag.py for tasks to queue
[2026-04-07T17:46:14.679+0000] {logging_mixin.py:190} INFO - [2026-04-07T17:46:14.678+0000] {dagbag.py:588} INFO - Filling up the DagBag from /opt/airflow/dags/spark_custom_submit_dag.py
[2026-04-07T17:46:14.692+0000] {processor.py:925} INFO - DAG(s) 'spark_custom_submit' retrieved from /opt/airflow/dags/spark_custom_submit_dag.py
[2026-04-07T17:46:14.736+0000] {logging_mixin.py:190} INFO - [2026-04-07T17:46:14.735+0000] {dag.py:3239} INFO - Sync 1 DAGs
[2026-04-07T17:46:14.761+0000] {logging_mixin.py:190} INFO - [2026-04-07T17:46:14.761+0000] {dag.py:4180} INFO - Setting next_dagrun for spark_custom_submit to None, run_after=None
[2026-04-07T17:46:14.793+0000] {processor.py:208} INFO - Processing /opt/airflow/dags/spark_custom_submit_dag.py took 0.132 seconds
[2026-04-07T17:46:57.924+0000] {processor.py:186} INFO - Started process (PID=17126) to work on /opt/airflow/dags/spark_custom_submit_dag.py
[2026-04-07T17:46:57.926+0000] {processor.py:914} INFO - Processing file /opt/airflow/dags/spark_custom_submit_dag.py for tasks to queue
[2026-04-07T17:46:57.930+0000] {logging_mixin.py:190} INFO - [2026-04-07T17:46:57.929+0000] {dagbag.py:588} INFO - Filling up the DagBag from /opt/airflow/dags/spark_custom_submit_dag.py
[2026-04-07T17:46:57.943+0000] {processor.py:925} INFO - DAG(s) 'spark_custom_submit' retrieved from /opt/airflow/dags/spark_custom_submit_dag.py
[2026-04-07T17:46:57.984+0000] {logging_mixin.py:190} INFO - [2026-04-07T17:46:57.984+0000] {dag.py:3239} INFO - Sync 1 DAGs
[2026-04-07T17:46:58.013+0000] {logging_mixin.py:190} INFO - [2026-04-07T17:46:58.013+0000] {dag.py:4180} INFO - Setting next_dagrun for spark_custom_submit to None, run_after=None
[2026-04-07T17:46:58.047+0000] {processor.py:208} INFO - Processing /opt/airflow/dags/spark_custom_submit_dag.py took 0.134 seconds
[2026-04-07T17:47:43.727+0000] {processor.py:186} INFO - Started process (PID=17195) to work on /opt/airflow/dags/spark_custom_submit_dag.py
[2026-04-07T17:47:43.728+0000] {processor.py:914} INFO - Processing file /opt/airflow/dags/spark_custom_submit_dag.py for tasks to queue
[2026-04-07T17:47:43.732+0000] {logging_mixin.py:190} INFO - [2026-04-07T17:47:43.731+0000] {dagbag.py:588} INFO - Filling up the DagBag from /opt/airflow/dags/spark_custom_submit_dag.py
[2026-04-07T17:47:43.745+0000] {processor.py:925} INFO - DAG(s) 'spark_custom_submit' retrieved from /opt/airflow/dags/spark_custom_submit_dag.py
[2026-04-07T17:47:43.785+0000] {logging_mixin.py:190} INFO - [2026-04-07T17:47:43.785+0000] {dag.py:3239} INFO - Sync 1 DAGs
[2026-04-07T17:47:43.811+0000] {logging_mixin.py:190} INFO - [2026-04-07T17:47:43.811+0000] {dag.py:4180} INFO - Setting next_dagrun for spark_custom_submit to None, run_after=None
[2026-04-07T17:47:43.844+0000] {processor.py:208} INFO - Processing /opt/airflow/dags/spark_custom_submit_dag.py took 0.128 seconds
[2026-04-07T17:48:22.048+0000] {processor.py:186} INFO - Started process (PID=17268) to work on /opt/airflow/dags/spark_custom_submit_dag.py
[2026-04-07T17:48:22.049+0000] {processor.py:914} INFO - Processing file /opt/airflow/dags/spark_custom_submit_dag.py for tasks to queue
[2026-04-07T17:48:22.053+0000] {logging_mixin.py:190} INFO - [2026-04-07T17:48:22.053+0000] {dagbag.py:588} INFO - Filling up the DagBag from /opt/airflow/dags/spark_custom_submit_dag.py
[2026-04-07T17:48:22.067+0000] {processor.py:925} INFO - DAG(s) 'spark_custom_submit' retrieved from /opt/airflow/dags/spark_custom_submit_dag.py
[2026-04-07T17:48:22.109+0000] {logging_mixin.py:190} INFO - [2026-04-07T17:48:22.109+0000] {dag.py:3239} INFO - Sync 1 DAGs
[2026-04-07T17:48:22.142+0000] {logging_mixin.py:190} INFO - [2026-04-07T17:48:22.142+0000] {dag.py:4180} INFO - Setting next_dagrun for spark_custom_submit to None, run_after=None
[2026-04-07T17:48:22.182+0000] {processor.py:208} INFO - Processing /opt/airflow/dags/spark_custom_submit_dag.py took 0.145 seconds
[2026-04-07T17:49:00.663+0000] {processor.py:186} INFO - Started process (PID=17337) to work on /opt/airflow/dags/spark_custom_submit_dag.py
[2026-04-07T17:49:00.665+0000] {processor.py:914} INFO - Processing file /opt/airflow/dags/spark_custom_submit_dag.py for tasks to queue
[2026-04-07T17:49:00.669+0000] {logging_mixin.py:190} INFO - [2026-04-07T17:49:00.668+0000] {dagbag.py:588} INFO - Filling up the DagBag from /opt/airflow/dags/spark_custom_submit_dag.py
[2026-04-07T17:49:00.685+0000] {processor.py:925} INFO - DAG(s) 'spark_custom_submit' retrieved from /opt/airflow/dags/spark_custom_submit_dag.py
[2026-04-07T17:49:00.726+0000] {logging_mixin.py:190} INFO - [2026-04-07T17:49:00.725+0000] {dag.py:3239} INFO - Sync 1 DAGs
[2026-04-07T17:49:00.754+0000] {logging_mixin.py:190} INFO - [2026-04-07T17:49:00.753+0000] {dag.py:4180} INFO - Setting next_dagrun for spark_custom_submit to None, run_after=None
[2026-04-07T17:49:00.784+0000] {processor.py:208} INFO - Processing /opt/airflow/dags/spark_custom_submit_dag.py took 0.131 seconds
[2026-04-07T17:49:46.850+0000] {processor.py:186} INFO - Started process (PID=17410) to work on /opt/airflow/dags/spark_custom_submit_dag.py
[2026-04-07T17:49:46.852+0000] {processor.py:914} INFO - Processing file /opt/airflow/dags/spark_custom_submit_dag.py for tasks to queue
[2026-04-07T17:49:46.857+0000] {logging_mixin.py:190} INFO - [2026-04-07T17:49:46.856+0000] {dagbag.py:588} INFO - Filling up the DagBag from /opt/airflow/dags/spark_custom_submit_dag.py
[2026-04-07T17:49:46.872+0000] {processor.py:925} INFO - DAG(s) 'spark_custom_submit' retrieved from /opt/airflow/dags/spark_custom_submit_dag.py
[2026-04-07T17:49:46.918+0000] {logging_mixin.py:190} INFO - [2026-04-07T17:49:46.918+0000] {dag.py:3239} INFO - Sync 1 DAGs
[2026-04-07T17:49:46.943+0000] {logging_mixin.py:190} INFO - [2026-04-07T17:49:46.943+0000] {dag.py:4180} INFO - Setting next_dagrun for spark_custom_submit to None, run_after=None
[2026-04-07T17:49:46.974+0000] {processor.py:208} INFO - Processing /opt/airflow/dags/spark_custom_submit_dag.py took 0.135 seconds
[2026-04-07T17:50:27.787+0000] {processor.py:186} INFO - Started process (PID=17481) to work on /opt/airflow/dags/spark_custom_submit_dag.py
[2026-04-07T17:50:27.788+0000] {processor.py:914} INFO - Processing file /opt/airflow/dags/spark_custom_submit_dag.py for tasks to queue
[2026-04-07T17:50:27.792+0000] {logging_mixin.py:190} INFO - [2026-04-07T17:50:27.791+0000] {dagbag.py:588} INFO - Filling up the DagBag from /opt/airflow/dags/spark_custom_submit_dag.py
[2026-04-07T17:50:27.806+0000] {processor.py:925} INFO - DAG(s) 'spark_custom_submit' retrieved from /opt/airflow/dags/spark_custom_submit_dag.py
[2026-04-07T17:50:27.850+0000] {logging_mixin.py:190} INFO - [2026-04-07T17:50:27.850+0000] {dag.py:3239} INFO - Sync 1 DAGs
[2026-04-07T17:50:27.881+0000] {logging_mixin.py:190} INFO - [2026-04-07T17:50:27.880+0000] {dag.py:4180} INFO - Setting next_dagrun for spark_custom_submit to None, run_after=None
[2026-04-07T17:50:27.918+0000] {processor.py:208} INFO - Processing /opt/airflow/dags/spark_custom_submit_dag.py took 0.141 seconds
[2026-04-07T17:51:08.663+0000] {processor.py:186} INFO - Started process (PID=17550) to work on /opt/airflow/dags/spark_custom_submit_dag.py
[2026-04-07T17:51:08.665+0000] {processor.py:914} INFO - Processing file /opt/airflow/dags/spark_custom_submit_dag.py for tasks to queue
[2026-04-07T17:51:08.668+0000] {logging_mixin.py:190} INFO - [2026-04-07T17:51:08.668+0000] {dagbag.py:588} INFO - Filling up the DagBag from /opt/airflow/dags/spark_custom_submit_dag.py
[2026-04-07T17:51:08.681+0000] {processor.py:925} INFO - DAG(s) 'spark_custom_submit' retrieved from /opt/airflow/dags/spark_custom_submit_dag.py
[2026-04-07T17:51:08.719+0000] {logging_mixin.py:190} INFO - [2026-04-07T17:51:08.719+0000] {dag.py:3239} INFO - Sync 1 DAGs
[2026-04-07T17:51:08.747+0000] {logging_mixin.py:190} INFO - [2026-04-07T17:51:08.746+0000] {dag.py:4180} INFO - Setting next_dagrun for spark_custom_submit to None, run_after=None
[2026-04-07T17:51:08.778+0000] {processor.py:208} INFO - Processing /opt/airflow/dags/spark_custom_submit_dag.py took 0.125 seconds
[2026-04-07T17:51:54.833+0000] {processor.py:186} INFO - Started process (PID=17623) to work on /opt/airflow/dags/spark_custom_submit_dag.py
[2026-04-07T17:51:54.834+0000] {processor.py:914} INFO - Processing file /opt/airflow/dags/spark_custom_submit_dag.py for tasks to queue
[2026-04-07T17:51:54.838+0000] {logging_mixin.py:190} INFO - [2026-04-07T17:51:54.837+0000] {dagbag.py:588} INFO - Filling up the DagBag from /opt/airflow/dags/spark_custom_submit_dag.py
[2026-04-07T17:51:54.854+0000] {processor.py:925} INFO - DAG(s) 'spark_custom_submit' retrieved from /opt/airflow/dags/spark_custom_submit_dag.py
[2026-04-07T17:51:54.899+0000] {logging_mixin.py:190} INFO - [2026-04-07T17:51:54.898+0000] {dag.py:3239} INFO - Sync 1 DAGs
[2026-04-07T17:51:54.931+0000] {logging_mixin.py:190} INFO - [2026-04-07T17:51:54.931+0000] {dag.py:4180} INFO - Setting next_dagrun for spark_custom_submit to None, run_after=None
[2026-04-07T17:51:54.963+0000] {processor.py:208} INFO - Processing /opt/airflow/dags/spark_custom_submit_dag.py took 0.142 seconds
[2026-04-07T17:52:41.887+0000] {processor.py:186} INFO - Started process (PID=17694) to work on /opt/airflow/dags/spark_custom_submit_dag.py
[2026-04-07T17:52:41.889+0000] {processor.py:914} INFO - Processing file /opt/airflow/dags/spark_custom_submit_dag.py for tasks to queue
[2026-04-07T17:52:41.893+0000] {logging_mixin.py:190} INFO - [2026-04-07T17:52:41.892+0000] {dagbag.py:588} INFO - Filling up the DagBag from /opt/airflow/dags/spark_custom_submit_dag.py
[2026-04-07T17:52:41.906+0000] {processor.py:925} INFO - DAG(s) 'spark_custom_submit' retrieved from /opt/airflow/dags/spark_custom_submit_dag.py
[2026-04-07T17:52:41.946+0000] {logging_mixin.py:190} INFO - [2026-04-07T17:52:41.946+0000] {dag.py:3239} INFO - Sync 1 DAGs
[2026-04-07T17:52:41.973+0000] {logging_mixin.py:190} INFO - [2026-04-07T17:52:41.973+0000] {dag.py:4180} INFO - Setting next_dagrun for spark_custom_submit to None, run_after=None
[2026-04-07T17:52:42.005+0000] {processor.py:208} INFO - Processing /opt/airflow/dags/spark_custom_submit_dag.py took 0.129 seconds
[2026-04-07T17:53:22.846+0000] {processor.py:186} INFO - Started process (PID=17765) to work on /opt/airflow/dags/spark_custom_submit_dag.py
[2026-04-07T17:53:22.848+0000] {processor.py:914} INFO - Processing file /opt/airflow/dags/spark_custom_submit_dag.py for tasks to queue
[2026-04-07T17:53:22.851+0000] {logging_mixin.py:190} INFO - [2026-04-07T17:53:22.851+0000] {dagbag.py:588} INFO - Filling up the DagBag from /opt/airflow/dags/spark_custom_submit_dag.py
[2026-04-07T17:53:22.865+0000] {processor.py:925} INFO - DAG(s) 'spark_custom_submit' retrieved from /opt/airflow/dags/spark_custom_submit_dag.py
[2026-04-07T17:53:22.909+0000] {logging_mixin.py:190} INFO - [2026-04-07T17:53:22.908+0000] {dag.py:3239} INFO - Sync 1 DAGs
[2026-04-07T17:53:22.936+0000] {logging_mixin.py:190} INFO - [2026-04-07T17:53:22.936+0000] {dag.py:4180} INFO - Setting next_dagrun for spark_custom_submit to None, run_after=None
[2026-04-07T17:53:22.966+0000] {processor.py:208} INFO - Processing /opt/airflow/dags/spark_custom_submit_dag.py took 0.132 seconds
[2026-04-07T17:54:00.736+0000] {processor.py:186} INFO - Started process (PID=17834) to work on /opt/airflow/dags/spark_custom_submit_dag.py
[2026-04-07T17:54:00.737+0000] {processor.py:914} INFO - Processing file /opt/airflow/dags/spark_custom_submit_dag.py for tasks to queue
[2026-04-07T17:54:00.741+0000] {logging_mixin.py:190} INFO - [2026-04-07T17:54:00.740+0000] {dagbag.py:588} INFO - Filling up the DagBag from /opt/airflow/dags/spark_custom_submit_dag.py
[2026-04-07T17:54:00.753+0000] {processor.py:925} INFO - DAG(s) 'spark_custom_submit' retrieved from /opt/airflow/dags/spark_custom_submit_dag.py
[2026-04-07T17:54:00.799+0000] {logging_mixin.py:190} INFO - [2026-04-07T17:54:00.798+0000] {dag.py:3239} INFO - Sync 1 DAGs
[2026-04-07T17:54:00.830+0000] {logging_mixin.py:190} INFO - [2026-04-07T17:54:00.830+0000] {dag.py:4180} INFO - Setting next_dagrun for spark_custom_submit to None, run_after=None
[2026-04-07T17:54:00.867+0000] {processor.py:208} INFO - Processing /opt/airflow/dags/spark_custom_submit_dag.py took 0.141 seconds
[2026-04-07T17:54:44.857+0000] {processor.py:186} INFO - Started process (PID=17907) to work on /opt/airflow/dags/spark_custom_submit_dag.py
[2026-04-07T17:54:44.859+0000] {processor.py:914} INFO - Processing file /opt/airflow/dags/spark_custom_submit_dag.py for tasks to queue
[2026-04-07T17:54:44.863+0000] {logging_mixin.py:190} INFO - [2026-04-07T17:54:44.862+0000] {dagbag.py:588} INFO - Filling up the DagBag from /opt/airflow/dags/spark_custom_submit_dag.py
[2026-04-07T17:54:44.876+0000] {processor.py:925} INFO - DAG(s) 'spark_custom_submit' retrieved from /opt/airflow/dags/spark_custom_submit_dag.py
[2026-04-07T17:54:44.922+0000] {logging_mixin.py:190} INFO - [2026-04-07T17:54:44.921+0000] {dag.py:3239} INFO - Sync 1 DAGs
[2026-04-07T17:54:44.949+0000] {logging_mixin.py:190} INFO - [2026-04-07T17:54:44.948+0000] {dag.py:4180} INFO - Setting next_dagrun for spark_custom_submit to None, run_after=None
[2026-04-07T17:54:44.980+0000] {processor.py:208} INFO - Processing /opt/airflow/dags/spark_custom_submit_dag.py took 0.133 seconds
[2026-04-07T17:55:25.967+0000] {processor.py:186} INFO - Started process (PID=17978) to work on /opt/airflow/dags/spark_custom_submit_dag.py
[2026-04-07T17:55:25.969+0000] {processor.py:914} INFO - Processing file /opt/airflow/dags/spark_custom_submit_dag.py for tasks to queue
[2026-04-07T17:55:25.973+0000] {logging_mixin.py:190} INFO - [2026-04-07T17:55:25.972+0000] {dagbag.py:588} INFO - Filling up the DagBag from /opt/airflow/dags/spark_custom_submit_dag.py
[2026-04-07T17:55:25.987+0000] {processor.py:925} INFO - DAG(s) 'spark_custom_submit' retrieved from /opt/airflow/dags/spark_custom_submit_dag.py
[2026-04-07T17:55:26.026+0000] {logging_mixin.py:190} INFO - [2026-04-07T17:55:26.026+0000] {dag.py:3239} INFO - Sync 1 DAGs
[2026-04-07T17:55:26.055+0000] {logging_mixin.py:190} INFO - [2026-04-07T17:55:26.055+0000] {dag.py:4180} INFO - Setting next_dagrun for spark_custom_submit to None, run_after=None
[2026-04-07T17:55:26.089+0000] {processor.py:208} INFO - Processing /opt/airflow/dags/spark_custom_submit_dag.py took 0.135 seconds
[2026-04-07T17:56:11.850+0000] {processor.py:186} INFO - Started process (PID=18049) to work on /opt/airflow/dags/spark_custom_submit_dag.py
[2026-04-07T17:56:11.852+0000] {processor.py:914} INFO - Processing file /opt/airflow/dags/spark_custom_submit_dag.py for tasks to queue
[2026-04-07T17:56:11.856+0000] {logging_mixin.py:190} INFO - [2026-04-07T17:56:11.855+0000] {dagbag.py:588} INFO - Filling up the DagBag from /opt/airflow/dags/spark_custom_submit_dag.py
[2026-04-07T17:56:11.869+0000] {processor.py:925} INFO - DAG(s) 'spark_custom_submit' retrieved from /opt/airflow/dags/spark_custom_submit_dag.py
[2026-04-07T17:56:11.915+0000] {logging_mixin.py:190} INFO - [2026-04-07T17:56:11.915+0000] {dag.py:3239} INFO - Sync 1 DAGs
[2026-04-07T17:56:11.943+0000] {logging_mixin.py:190} INFO - [2026-04-07T17:56:11.942+0000] {dag.py:4180} INFO - Setting next_dagrun for spark_custom_submit to None, run_after=None
[2026-04-07T17:56:11.974+0000] {processor.py:208} INFO - Processing /opt/airflow/dags/spark_custom_submit_dag.py took 0.134 seconds
[2026-04-07T17:56:57.867+0000] {processor.py:186} INFO - Started process (PID=18120) to work on /opt/airflow/dags/spark_custom_submit_dag.py
[2026-04-07T17:56:57.869+0000] {processor.py:914} INFO - Processing file /opt/airflow/dags/spark_custom_submit_dag.py for tasks to queue
[2026-04-07T17:56:57.873+0000] {logging_mixin.py:190} INFO - [2026-04-07T17:56:57.872+0000] {dagbag.py:588} INFO - Filling up the DagBag from /opt/airflow/dags/spark_custom_submit_dag.py
[2026-04-07T17:56:57.886+0000] {processor.py:925} INFO - DAG(s) 'spark_custom_submit' retrieved from /opt/airflow/dags/spark_custom_submit_dag.py
[2026-04-07T17:56:57.928+0000] {logging_mixin.py:190} INFO - [2026-04-07T17:56:57.928+0000] {dag.py:3239} INFO - Sync 1 DAGs
[2026-04-07T17:56:57.956+0000] {logging_mixin.py:190} INFO - [2026-04-07T17:56:57.955+0000] {dag.py:4180} INFO - Setting next_dagrun for spark_custom_submit to None, run_after=None
[2026-04-07T17:56:57.989+0000] {processor.py:208} INFO - Processing /opt/airflow/dags/spark_custom_submit_dag.py took 0.132 seconds
[2026-04-07T17:57:44.874+0000] {processor.py:186} INFO - Started process (PID=18191) to work on /opt/airflow/dags/spark_custom_submit_dag.py
[2026-04-07T17:57:44.876+0000] {processor.py:914} INFO - Processing file /opt/airflow/dags/spark_custom_submit_dag.py for tasks to queue
[2026-04-07T17:57:44.879+0000] {logging_mixin.py:190} INFO - [2026-04-07T17:57:44.879+0000] {dagbag.py:588} INFO - Filling up the DagBag from /opt/airflow/dags/spark_custom_submit_dag.py
[2026-04-07T17:57:44.893+0000] {processor.py:925} INFO - DAG(s) 'spark_custom_submit' retrieved from /opt/airflow/dags/spark_custom_submit_dag.py
[2026-04-07T17:57:44.936+0000] {logging_mixin.py:190} INFO - [2026-04-07T17:57:44.936+0000] {dag.py:3239} INFO - Sync 1 DAGs
[2026-04-07T17:57:44.961+0000] {logging_mixin.py:190} INFO - [2026-04-07T17:57:44.960+0000] {dag.py:4180} INFO - Setting next_dagrun for spark_custom_submit to None, run_after=None
[2026-04-07T17:57:44.990+0000] {processor.py:208} INFO - Processing /opt/airflow/dags/spark_custom_submit_dag.py took 0.135 seconds
[2026-04-07T17:58:30.689+0000] {processor.py:186} INFO - Started process (PID=18260) to work on /opt/airflow/dags/spark_custom_submit_dag.py
[2026-04-07T17:58:30.690+0000] {processor.py:914} INFO - Processing file /opt/airflow/dags/spark_custom_submit_dag.py for tasks to queue
[2026-04-07T17:58:30.694+0000] {logging_mixin.py:190} INFO - [2026-04-07T17:58:30.693+0000] {dagbag.py:588} INFO - Filling up the DagBag from /opt/airflow/dags/spark_custom_submit_dag.py
[2026-04-07T17:58:30.709+0000] {processor.py:925} INFO - DAG(s) 'spark_custom_submit' retrieved from /opt/airflow/dags/spark_custom_submit_dag.py
[2026-04-07T17:58:30.748+0000] {logging_mixin.py:190} INFO - [2026-04-07T17:58:30.748+0000] {dag.py:3239} INFO - Sync 1 DAGs
[2026-04-07T17:58:30.772+0000] {logging_mixin.py:190} INFO - [2026-04-07T17:58:30.772+0000] {dag.py:4180} INFO - Setting next_dagrun for spark_custom_submit to None, run_after=None
[2026-04-07T17:58:30.806+0000] {processor.py:208} INFO - Processing /opt/airflow/dags/spark_custom_submit_dag.py took 0.127 seconds
[2026-04-07T17:59:11.662+0000] {processor.py:186} INFO - Started process (PID=18331) to work on /opt/airflow/dags/spark_custom_submit_dag.py
[2026-04-07T17:59:11.663+0000] {processor.py:914} INFO - Processing file /opt/airflow/dags/spark_custom_submit_dag.py for tasks to queue
[2026-04-07T17:59:11.667+0000] {logging_mixin.py:190} INFO - [2026-04-07T17:59:11.666+0000] {dagbag.py:588} INFO - Filling up the DagBag from /opt/airflow/dags/spark_custom_submit_dag.py
[2026-04-07T17:59:11.680+0000] {processor.py:925} INFO - DAG(s) 'spark_custom_submit' retrieved from /opt/airflow/dags/spark_custom_submit_dag.py
[2026-04-07T17:59:11.720+0000] {logging_mixin.py:190} INFO - [2026-04-07T17:59:11.720+0000] {dag.py:3239} INFO - Sync 1 DAGs
[2026-04-07T17:59:11.748+0000] {logging_mixin.py:190} INFO - [2026-04-07T17:59:11.747+0000] {dag.py:4180} INFO - Setting next_dagrun for spark_custom_submit to None, run_after=None
[2026-04-07T17:59:11.778+0000] {processor.py:208} INFO - Processing /opt/airflow/dags/spark_custom_submit_dag.py took 0.127 seconds
[2026-04-07T17:59:52.693+0000] {processor.py:186} INFO - Started process (PID=18402) to work on /opt/airflow/dags/spark_custom_submit_dag.py
[2026-04-07T17:59:52.694+0000] {processor.py:914} INFO - Processing file /opt/airflow/dags/spark_custom_submit_dag.py for tasks to queue
[2026-04-07T17:59:52.698+0000] {logging_mixin.py:190} INFO - [2026-04-07T17:59:52.697+0000] {dagbag.py:588} INFO - Filling up the DagBag from /opt/airflow/dags/spark_custom_submit_dag.py
[2026-04-07T17:59:52.709+0000] {processor.py:925} INFO - DAG(s) 'spark_custom_submit' retrieved from /opt/airflow/dags/spark_custom_submit_dag.py
[2026-04-07T17:59:52.749+0000] {logging_mixin.py:190} INFO - [2026-04-07T17:59:52.749+0000] {dag.py:3239} INFO - Sync 1 DAGs
[2026-04-07T17:59:52.776+0000] {logging_mixin.py:190} INFO - [2026-04-07T17:59:52.775+0000] {dag.py:4180} INFO - Setting next_dagrun for spark_custom_submit to None, run_after=None
[2026-04-07T17:59:52.807+0000] {processor.py:208} INFO - Processing /opt/airflow/dags/spark_custom_submit_dag.py took 0.124 seconds
[2026-04-07T18:00:33.702+0000] {processor.py:186} INFO - Started process (PID=18473) to work on /opt/airflow/dags/spark_custom_submit_dag.py
[2026-04-07T18:00:33.703+0000] {processor.py:914} INFO - Processing file /opt/airflow/dags/spark_custom_submit_dag.py for tasks to queue
[2026-04-07T18:00:33.707+0000] {logging_mixin.py:190} INFO - [2026-04-07T18:00:33.706+0000] {dagbag.py:588} INFO - Filling up the DagBag from /opt/airflow/dags/spark_custom_submit_dag.py
[2026-04-07T18:00:33.720+0000] {processor.py:925} INFO - DAG(s) 'spark_custom_submit' retrieved from /opt/airflow/dags/spark_custom_submit_dag.py
[2026-04-07T18:00:33.763+0000] {logging_mixin.py:190} INFO - [2026-04-07T18:00:33.763+0000] {dag.py:3239} INFO - Sync 1 DAGs
[2026-04-07T18:00:33.790+0000] {logging_mixin.py:190} INFO - [2026-04-07T18:00:33.789+0000] {dag.py:4180} INFO - Setting next_dagrun for spark_custom_submit to None, run_after=None
[2026-04-07T18:00:33.822+0000] {processor.py:208} INFO - Processing /opt/airflow/dags/spark_custom_submit_dag.py took 0.130 seconds
[2026-04-07T18:01:14.839+0000] {processor.py:186} INFO - Started process (PID=18546) to work on /opt/airflow/dags/spark_custom_submit_dag.py
[2026-04-07T18:01:14.841+0000] {processor.py:914} INFO - Processing file /opt/airflow/dags/spark_custom_submit_dag.py for tasks to queue
[2026-04-07T18:01:14.845+0000] {logging_mixin.py:190} INFO - [2026-04-07T18:01:14.844+0000] {dagbag.py:588} INFO - Filling up the DagBag from /opt/airflow/dags/spark_custom_submit_dag.py
[2026-04-07T18:01:14.860+0000] {processor.py:925} INFO - DAG(s) 'spark_custom_submit' retrieved from /opt/airflow/dags/spark_custom_submit_dag.py
[2026-04-07T18:01:14.902+0000] {logging_mixin.py:190} INFO - [2026-04-07T18:01:14.902+0000] {dag.py:3239} INFO - Sync 1 DAGs
[2026-04-07T18:01:14.931+0000] {logging_mixin.py:190} INFO - [2026-04-07T18:01:14.931+0000] {dag.py:4180} INFO - Setting next_dagrun for spark_custom_submit to None, run_after=None
[2026-04-07T18:01:14.962+0000] {processor.py:208} INFO - Processing /opt/airflow/dags/spark_custom_submit_dag.py took 0.134 seconds
[2026-04-07T18:02:01.864+0000] {processor.py:186} INFO - Started process (PID=18617) to work on /opt/airflow/dags/spark_custom_submit_dag.py
[2026-04-07T18:02:01.865+0000] {processor.py:914} INFO - Processing file /opt/airflow/dags/spark_custom_submit_dag.py for tasks to queue
[2026-04-07T18:02:01.869+0000] {logging_mixin.py:190} INFO - [2026-04-07T18:02:01.869+0000] {dagbag.py:588} INFO - Filling up the DagBag from /opt/airflow/dags/spark_custom_submit_dag.py
[2026-04-07T18:02:01.882+0000] {processor.py:925} INFO - DAG(s) 'spark_custom_submit' retrieved from /opt/airflow/dags/spark_custom_submit_dag.py
[2026-04-07T18:02:01.924+0000] {logging_mixin.py:190} INFO - [2026-04-07T18:02:01.923+0000] {dag.py:3239} INFO - Sync 1 DAGs
[2026-04-07T18:02:01.949+0000] {logging_mixin.py:190} INFO - [2026-04-07T18:02:01.948+0000] {dag.py:4180} INFO - Setting next_dagrun for spark_custom_submit to None, run_after=None
[2026-04-07T18:02:01.979+0000] {processor.py:208} INFO - Processing /opt/airflow/dags/spark_custom_submit_dag.py took 0.126 seconds
[2026-04-07T18:02:39.781+0000] {processor.py:186} INFO - Started process (PID=18686) to work on /opt/airflow/dags/spark_custom_submit_dag.py
[2026-04-07T18:02:39.783+0000] {processor.py:914} INFO - Processing file /opt/airflow/dags/spark_custom_submit_dag.py for tasks to queue
[2026-04-07T18:02:39.787+0000] {logging_mixin.py:190} INFO - [2026-04-07T18:02:39.787+0000] {dagbag.py:588} INFO - Filling up the DagBag from /opt/airflow/dags/spark_custom_submit_dag.py
[2026-04-07T18:02:39.800+0000] {processor.py:925} INFO - DAG(s) 'spark_custom_submit' retrieved from /opt/airflow/dags/spark_custom_submit_dag.py
[2026-04-07T18:02:39.847+0000] {logging_mixin.py:190} INFO - [2026-04-07T18:02:39.846+0000] {dag.py:3239} INFO - Sync 1 DAGs
[2026-04-07T18:02:39.874+0000] {logging_mixin.py:190} INFO - [2026-04-07T18:02:39.873+0000] {dag.py:4180} INFO - Setting next_dagrun for spark_custom_submit to None, run_after=None
[2026-04-07T18:02:39.908+0000] {processor.py:208} INFO - Processing /opt/airflow/dags/spark_custom_submit_dag.py took 0.138 seconds
[2026-04-07T18:03:17.781+0000] {processor.py:186} INFO - Started process (PID=18763) to work on /opt/airflow/dags/spark_custom_submit_dag.py
[2026-04-07T18:03:17.783+0000] {processor.py:914} INFO - Processing file /opt/airflow/dags/spark_custom_submit_dag.py for tasks to queue
[2026-04-07T18:03:17.787+0000] {logging_mixin.py:190} INFO - [2026-04-07T18:03:17.786+0000] {dagbag.py:588} INFO - Filling up the DagBag from /opt/airflow/dags/spark_custom_submit_dag.py
[2026-04-07T18:03:17.800+0000] {processor.py:925} INFO - DAG(s) 'spark_custom_submit' retrieved from /opt/airflow/dags/spark_custom_submit_dag.py
[2026-04-07T18:03:17.843+0000] {logging_mixin.py:190} INFO - [2026-04-07T18:03:17.843+0000] {dag.py:3239} INFO - Sync 1 DAGs
[2026-04-07T18:03:17.873+0000] {logging_mixin.py:190} INFO - [2026-04-07T18:03:17.873+0000] {dag.py:4180} INFO - Setting next_dagrun for spark_custom_submit to None, run_after=None
[2026-04-07T18:03:17.906+0000] {processor.py:208} INFO - Processing /opt/airflow/dags/spark_custom_submit_dag.py took 0.135 seconds
[2026-04-07T18:04:05.894+0000] {processor.py:186} INFO - Started process (PID=18836) to work on /opt/airflow/dags/spark_custom_submit_dag.py
[2026-04-07T18:04:05.896+0000] {processor.py:914} INFO - Processing file /opt/airflow/dags/spark_custom_submit_dag.py for tasks to queue
[2026-04-07T18:04:05.900+0000] {logging_mixin.py:190} INFO - [2026-04-07T18:04:05.900+0000] {dagbag.py:588} INFO - Filling up the DagBag from /opt/airflow/dags/spark_custom_submit_dag.py
[2026-04-07T18:04:05.913+0000] {processor.py:925} INFO - DAG(s) 'spark_custom_submit' retrieved from /opt/airflow/dags/spark_custom_submit_dag.py
[2026-04-07T18:04:05.951+0000] {logging_mixin.py:190} INFO - [2026-04-07T18:04:05.951+0000] {dag.py:3239} INFO - Sync 1 DAGs
[2026-04-07T18:04:05.983+0000] {logging_mixin.py:190} INFO - [2026-04-07T18:04:05.983+0000] {dag.py:4180} INFO - Setting next_dagrun for spark_custom_submit to None, run_after=None
[2026-04-07T18:04:06.018+0000] {processor.py:208} INFO - Processing /opt/airflow/dags/spark_custom_submit_dag.py took 0.134 seconds
[2026-04-07T18:04:46.813+0000] {processor.py:186} INFO - Started process (PID=18907) to work on /opt/airflow/dags/spark_custom_submit_dag.py
[2026-04-07T18:04:46.815+0000] {processor.py:914} INFO - Processing file /opt/airflow/dags/spark_custom_submit_dag.py for tasks to queue
[2026-04-07T18:04:46.819+0000] {logging_mixin.py:190} INFO - [2026-04-07T18:04:46.818+0000] {dagbag.py:588} INFO - Filling up the DagBag from /opt/airflow/dags/spark_custom_submit_dag.py
[2026-04-07T18:04:46.834+0000] {processor.py:925} INFO - DAG(s) 'spark_custom_submit' retrieved from /opt/airflow/dags/spark_custom_submit_dag.py
[2026-04-07T18:04:46.876+0000] {logging_mixin.py:190} INFO - [2026-04-07T18:04:46.876+0000] {dag.py:3239} INFO - Sync 1 DAGs
[2026-04-07T18:04:46.903+0000] {logging_mixin.py:190} INFO - [2026-04-07T18:04:46.903+0000] {dag.py:4180} INFO - Setting next_dagrun for spark_custom_submit to None, run_after=None
[2026-04-07T18:04:46.936+0000] {processor.py:208} INFO - Processing /opt/airflow/dags/spark_custom_submit_dag.py took 0.134 seconds
[2026-04-07T18:05:23.823+0000] {processor.py:186} INFO - Started process (PID=18977) to work on /opt/airflow/dags/spark_custom_submit_dag.py
[2026-04-07T18:05:23.825+0000] {processor.py:914} INFO - Processing file /opt/airflow/dags/spark_custom_submit_dag.py for tasks to queue
[2026-04-07T18:05:23.829+0000] {logging_mixin.py:190} INFO - [2026-04-07T18:05:23.828+0000] {dagbag.py:588} INFO - Filling up the DagBag from /opt/airflow/dags/spark_custom_submit_dag.py
[2026-04-07T18:05:23.842+0000] {processor.py:925} INFO - DAG(s) 'spark_custom_submit' retrieved from /opt/airflow/dags/spark_custom_submit_dag.py
[2026-04-07T18:05:23.885+0000] {logging_mixin.py:190} INFO - [2026-04-07T18:05:23.884+0000] {dag.py:3239} INFO - Sync 1 DAGs
[2026-04-07T18:05:23.909+0000] {logging_mixin.py:190} INFO - [2026-04-07T18:05:23.909+0000] {dag.py:4180} INFO - Setting next_dagrun for spark_custom_submit to None, run_after=None
[2026-04-07T18:05:23.944+0000] {processor.py:208} INFO - Processing /opt/airflow/dags/spark_custom_submit_dag.py took 0.137 seconds
[2026-04-07T18:06:02.685+0000] {processor.py:186} INFO - Started process (PID=19048) to work on /opt/airflow/dags/spark_custom_submit_dag.py
[2026-04-07T18:06:02.687+0000] {processor.py:914} INFO - Processing file /opt/airflow/dags/spark_custom_submit_dag.py for tasks to queue
[2026-04-07T18:06:02.691+0000] {logging_mixin.py:190} INFO - [2026-04-07T18:06:02.690+0000] {dagbag.py:588} INFO - Filling up the DagBag from /opt/airflow/dags/spark_custom_submit_dag.py
[2026-04-07T18:06:02.705+0000] {processor.py:925} INFO - DAG(s) 'spark_custom_submit' retrieved from /opt/airflow/dags/spark_custom_submit_dag.py
[2026-04-07T18:06:02.749+0000] {logging_mixin.py:190} INFO - [2026-04-07T18:06:02.748+0000] {dag.py:3239} INFO - Sync 1 DAGs
[2026-04-07T18:06:02.778+0000] {logging_mixin.py:190} INFO - [2026-04-07T18:06:02.778+0000] {dag.py:4180} INFO - Setting next_dagrun for spark_custom_submit to None, run_after=None
[2026-04-07T18:06:02.809+0000] {processor.py:208} INFO - Processing /opt/airflow/dags/spark_custom_submit_dag.py took 0.136 seconds
[2026-04-07T18:06:43.723+0000] {processor.py:186} INFO - Started process (PID=19119) to work on /opt/airflow/dags/spark_custom_submit_dag.py
[2026-04-07T18:06:43.725+0000] {processor.py:914} INFO - Processing file /opt/airflow/dags/spark_custom_submit_dag.py for tasks to queue
[2026-04-07T18:06:43.729+0000] {logging_mixin.py:190} INFO - [2026-04-07T18:06:43.728+0000] {dagbag.py:588} INFO - Filling up the DagBag from /opt/airflow/dags/spark_custom_submit_dag.py
[2026-04-07T18:06:43.742+0000] {processor.py:925} INFO - DAG(s) 'spark_custom_submit' retrieved from /opt/airflow/dags/spark_custom_submit_dag.py
[2026-04-07T18:06:43.787+0000] {logging_mixin.py:190} INFO - [2026-04-07T18:06:43.786+0000] {dag.py:3239} INFO - Sync 1 DAGs
[2026-04-07T18:06:43.812+0000] {logging_mixin.py:190} INFO - [2026-04-07T18:06:43.812+0000] {dag.py:4180} INFO - Setting next_dagrun for spark_custom_submit to None, run_after=None
[2026-04-07T18:06:43.842+0000] {processor.py:208} INFO - Processing /opt/airflow/dags/spark_custom_submit_dag.py took 0.129 seconds
[2026-04-07T18:07:20.764+0000] {processor.py:186} INFO - Started process (PID=19190) to work on /opt/airflow/dags/spark_custom_submit_dag.py
[2026-04-07T18:07:20.766+0000] {processor.py:914} INFO - Processing file /opt/airflow/dags/spark_custom_submit_dag.py for tasks to queue
[2026-04-07T18:07:20.770+0000] {logging_mixin.py:190} INFO - [2026-04-07T18:07:20.769+0000] {dagbag.py:588} INFO - Filling up the DagBag from /opt/airflow/dags/spark_custom_submit_dag.py
[2026-04-07T18:07:20.783+0000] {processor.py:925} INFO - DAG(s) 'spark_custom_submit' retrieved from /opt/airflow/dags/spark_custom_submit_dag.py
[2026-04-07T18:07:20.822+0000] {logging_mixin.py:190} INFO - [2026-04-07T18:07:20.821+0000] {dag.py:3239} INFO - Sync 1 DAGs
[2026-04-07T18:07:20.850+0000] {logging_mixin.py:190} INFO - [2026-04-07T18:07:20.849+0000] {dag.py:4180} INFO - Setting next_dagrun for spark_custom_submit to None, run_after=None
[2026-04-07T18:07:20.883+0000] {processor.py:208} INFO - Processing /opt/airflow/dags/spark_custom_submit_dag.py took 0.129 seconds
[2026-04-07T18:08:01.556+0000] {processor.py:186} INFO - Started process (PID=19259) to work on /opt/airflow/dags/spark_custom_submit_dag.py
[2026-04-07T18:08:01.557+0000] {processor.py:914} INFO - Processing file /opt/airflow/dags/spark_custom_submit_dag.py for tasks to queue
[2026-04-07T18:08:01.561+0000] {logging_mixin.py:190} INFO - [2026-04-07T18:08:01.561+0000] {dagbag.py:588} INFO - Filling up the DagBag from /opt/airflow/dags/spark_custom_submit_dag.py
[2026-04-07T18:08:01.575+0000] {processor.py:925} INFO - DAG(s) 'spark_custom_submit' retrieved from /opt/airflow/dags/spark_custom_submit_dag.py
[2026-04-07T18:08:01.618+0000] {logging_mixin.py:190} INFO - [2026-04-07T18:08:01.618+0000] {dag.py:3239} INFO - Sync 1 DAGs
[2026-04-07T18:08:01.644+0000] {logging_mixin.py:190} INFO - [2026-04-07T18:08:01.643+0000] {dag.py:4180} INFO - Setting next_dagrun for spark_custom_submit to None, run_after=None
[2026-04-07T18:08:01.676+0000] {processor.py:208} INFO - Processing /opt/airflow/dags/spark_custom_submit_dag.py took 0.132 seconds
[2026-04-07T18:08:38.585+0000] {processor.py:186} INFO - Started process (PID=19330) to work on /opt/airflow/dags/spark_custom_submit_dag.py
[2026-04-07T18:08:38.586+0000] {processor.py:914} INFO - Processing file /opt/airflow/dags/spark_custom_submit_dag.py for tasks to queue
[2026-04-07T18:08:38.590+0000] {logging_mixin.py:190} INFO - [2026-04-07T18:08:38.590+0000] {dagbag.py:588} INFO - Filling up the DagBag from /opt/airflow/dags/spark_custom_submit_dag.py
[2026-04-07T18:08:38.604+0000] {processor.py:925} INFO - DAG(s) 'spark_custom_submit' retrieved from /opt/airflow/dags/spark_custom_submit_dag.py
[2026-04-07T18:08:38.641+0000] {logging_mixin.py:190} INFO - [2026-04-07T18:08:38.640+0000] {dag.py:3239} INFO - Sync 1 DAGs
[2026-04-07T18:08:38.665+0000] {logging_mixin.py:190} INFO - [2026-04-07T18:08:38.665+0000] {dag.py:4180} INFO - Setting next_dagrun for spark_custom_submit to None, run_after=None
[2026-04-07T18:08:38.701+0000] {processor.py:208} INFO - Processing /opt/airflow/dags/spark_custom_submit_dag.py took 0.127 seconds
[2026-04-07T18:09:23.544+0000] {processor.py:186} INFO - Started process (PID=19401) to work on /opt/airflow/dags/spark_custom_submit_dag.py
[2026-04-07T18:09:23.545+0000] {processor.py:914} INFO - Processing file /opt/airflow/dags/spark_custom_submit_dag.py for tasks to queue
[2026-04-07T18:09:23.549+0000] {logging_mixin.py:190} INFO - [2026-04-07T18:09:23.548+0000] {dagbag.py:588} INFO - Filling up the DagBag from /opt/airflow/dags/spark_custom_submit_dag.py
[2026-04-07T18:09:23.561+0000] {processor.py:925} INFO - DAG(s) 'spark_custom_submit' retrieved from /opt/airflow/dags/spark_custom_submit_dag.py
[2026-04-07T18:09:23.603+0000] {logging_mixin.py:190} INFO - [2026-04-07T18:09:23.603+0000] {dag.py:3239} INFO - Sync 1 DAGs
[2026-04-07T18:09:23.626+0000] {logging_mixin.py:190} INFO - [2026-04-07T18:09:23.626+0000] {dag.py:4180} INFO - Setting next_dagrun for spark_custom_submit to None, run_after=None
[2026-04-07T18:09:23.655+0000] {processor.py:208} INFO - Processing /opt/airflow/dags/spark_custom_submit_dag.py took 0.122 seconds
[2026-04-07T18:10:04.731+0000] {processor.py:186} INFO - Started process (PID=19474) to work on /opt/airflow/dags/spark_custom_submit_dag.py
[2026-04-07T18:10:04.732+0000] {processor.py:914} INFO - Processing file /opt/airflow/dags/spark_custom_submit_dag.py for tasks to queue
[2026-04-07T18:10:04.737+0000] {logging_mixin.py:190} INFO - [2026-04-07T18:10:04.736+0000] {dagbag.py:588} INFO - Filling up the DagBag from /opt/airflow/dags/spark_custom_submit_dag.py
[2026-04-07T18:10:04.752+0000] {processor.py:925} INFO - DAG(s) 'spark_custom_submit' retrieved from /opt/airflow/dags/spark_custom_submit_dag.py
[2026-04-07T18:10:04.796+0000] {logging_mixin.py:190} INFO - [2026-04-07T18:10:04.795+0000] {dag.py:3239} INFO - Sync 1 DAGs
[2026-04-07T18:10:04.823+0000] {logging_mixin.py:190} INFO - [2026-04-07T18:10:04.823+0000] {dag.py:4180} INFO - Setting next_dagrun for spark_custom_submit to None, run_after=None
[2026-04-07T18:10:04.857+0000] {processor.py:208} INFO - Processing /opt/airflow/dags/spark_custom_submit_dag.py took 0.138 seconds
[2026-04-07T18:10:45.555+0000] {processor.py:186} INFO - Started process (PID=19543) to work on /opt/airflow/dags/spark_custom_submit_dag.py
[2026-04-07T18:10:45.556+0000] {processor.py:914} INFO - Processing file /opt/airflow/dags/spark_custom_submit_dag.py for tasks to queue
[2026-04-07T18:10:45.560+0000] {logging_mixin.py:190} INFO - [2026-04-07T18:10:45.559+0000] {dagbag.py:588} INFO - Filling up the DagBag from /opt/airflow/dags/spark_custom_submit_dag.py
[2026-04-07T18:10:45.573+0000] {processor.py:925} INFO - DAG(s) 'spark_custom_submit' retrieved from /opt/airflow/dags/spark_custom_submit_dag.py
[2026-04-07T18:10:45.613+0000] {logging_mixin.py:190} INFO - [2026-04-07T18:10:45.612+0000] {dag.py:3239} INFO - Sync 1 DAGs
[2026-04-07T18:10:45.641+0000] {logging_mixin.py:190} INFO - [2026-04-07T18:10:45.640+0000] {dag.py:4180} INFO - Setting next_dagrun for spark_custom_submit to None, run_after=None
[2026-04-07T18:10:45.669+0000] {processor.py:208} INFO - Processing /opt/airflow/dags/spark_custom_submit_dag.py took 0.126 seconds
[2026-04-07T18:11:26.695+0000] {processor.py:186} INFO - Started process (PID=19616) to work on /opt/airflow/dags/spark_custom_submit_dag.py
[2026-04-07T18:11:26.697+0000] {processor.py:914} INFO - Processing file /opt/airflow/dags/spark_custom_submit_dag.py for tasks to queue
[2026-04-07T18:11:26.701+0000] {logging_mixin.py:190} INFO - [2026-04-07T18:11:26.700+0000] {dagbag.py:588} INFO - Filling up the DagBag from /opt/airflow/dags/spark_custom_submit_dag.py
[2026-04-07T18:11:26.714+0000] {processor.py:925} INFO - DAG(s) 'spark_custom_submit' retrieved from /opt/airflow/dags/spark_custom_submit_dag.py
[2026-04-07T18:11:26.756+0000] {logging_mixin.py:190} INFO - [2026-04-07T18:11:26.755+0000] {dag.py:3239} INFO - Sync 1 DAGs
[2026-04-07T18:11:26.782+0000] {logging_mixin.py:190} INFO - [2026-04-07T18:11:26.782+0000] {dag.py:4180} INFO - Setting next_dagrun for spark_custom_submit to None, run_after=None
[2026-04-07T18:11:26.812+0000] {processor.py:208} INFO - Processing /opt/airflow/dags/spark_custom_submit_dag.py took 0.128 seconds
[2026-04-07T18:12:31.603+0000] {processor.py:186} INFO - Started process (PID=19685) to work on /opt/airflow/dags/spark_custom_submit_dag.py
[2026-04-07T18:12:31.605+0000] {processor.py:914} INFO - Processing file /opt/airflow/dags/spark_custom_submit_dag.py for tasks to queue
[2026-04-07T18:12:31.609+0000] {logging_mixin.py:190} INFO - [2026-04-07T18:12:31.608+0000] {dagbag.py:588} INFO - Filling up the DagBag from /opt/airflow/dags/spark_custom_submit_dag.py
[2026-04-07T18:12:31.623+0000] {processor.py:925} INFO - DAG(s) 'spark_custom_submit' retrieved from /opt/airflow/dags/spark_custom_submit_dag.py
[2026-04-07T18:12:31.662+0000] {logging_mixin.py:190} INFO - [2026-04-07T18:12:31.662+0000] {dag.py:3239} INFO - Sync 1 DAGs
[2026-04-07T18:12:31.686+0000] {logging_mixin.py:190} INFO - [2026-04-07T18:12:31.686+0000] {dag.py:4180} INFO - Setting next_dagrun for spark_custom_submit to None, run_after=None
[2026-04-07T18:12:31.717+0000] {processor.py:208} INFO - Processing /opt/airflow/dags/spark_custom_submit_dag.py took 0.124 seconds
[2026-04-07T18:15:19.761+0000] {processor.py:186} INFO - Started process (PID=19758) to work on /opt/airflow/dags/spark_custom_submit_dag.py
[2026-04-07T18:15:19.763+0000] {processor.py:914} INFO - Processing file /opt/airflow/dags/spark_custom_submit_dag.py for tasks to queue
[2026-04-07T18:15:19.767+0000] {logging_mixin.py:190} INFO - [2026-04-07T18:15:19.767+0000] {dagbag.py:588} INFO - Filling up the DagBag from /opt/airflow/dags/spark_custom_submit_dag.py
[2026-04-07T18:15:19.783+0000] {processor.py:925} INFO - DAG(s) 'spark_custom_submit' retrieved from /opt/airflow/dags/spark_custom_submit_dag.py
[2026-04-07T18:15:19.827+0000] {logging_mixin.py:190} INFO - [2026-04-07T18:15:19.826+0000] {dag.py:3239} INFO - Sync 1 DAGs
[2026-04-07T18:15:19.857+0000] {logging_mixin.py:190} INFO - [2026-04-07T18:15:19.856+0000] {dag.py:4180} INFO - Setting next_dagrun for spark_custom_submit to None, run_after=None
[2026-04-07T18:15:19.886+0000] {processor.py:208} INFO - Processing /opt/airflow/dags/spark_custom_submit_dag.py took 0.137 seconds
[2026-04-07T18:24:01.846+0000] {processor.py:186} INFO - Started process (PID=19829) to work on /opt/airflow/dags/spark_custom_submit_dag.py
[2026-04-07T18:24:01.848+0000] {processor.py:914} INFO - Processing file /opt/airflow/dags/spark_custom_submit_dag.py for tasks to queue
[2026-04-07T18:24:01.852+0000] {logging_mixin.py:190} INFO - [2026-04-07T18:24:01.851+0000] {dagbag.py:588} INFO - Filling up the DagBag from /opt/airflow/dags/spark_custom_submit_dag.py
[2026-04-07T18:24:01.864+0000] {processor.py:925} INFO - DAG(s) 'spark_custom_submit' retrieved from /opt/airflow/dags/spark_custom_submit_dag.py
[2026-04-07T18:24:01.904+0000] {logging_mixin.py:190} INFO - [2026-04-07T18:24:01.904+0000] {dag.py:3239} INFO - Sync 1 DAGs
[2026-04-07T18:24:01.934+0000] {logging_mixin.py:190} INFO - [2026-04-07T18:24:01.933+0000] {dag.py:4180} INFO - Setting next_dagrun for spark_custom_submit to None, run_after=None
[2026-04-07T18:24:01.973+0000] {processor.py:208} INFO - Processing /opt/airflow/dags/spark_custom_submit_dag.py took 0.138 seconds
