[2026-04-10T05:37:05.234+0000] {processor.py:186} INFO - Started process (PID=193) to work on /opt/airflow/dags/dag.py
[2026-04-10T05:37:05.236+0000] {processor.py:914} INFO - Processing file /opt/airflow/dags/dag.py for tasks to queue
[2026-04-10T05:37:05.239+0000] {logging_mixin.py:190} INFO - [2026-04-10T05:37:05.239+0000] {dagbag.py:588} INFO - Filling up the DagBag from /opt/airflow/dags/dag.py
[2026-04-10T05:37:05.254+0000] {processor.py:925} INFO - DAG(s) 'matrix_minio' retrieved from /opt/airflow/dags/dag.py
[2026-04-10T05:37:05.306+0000] {logging_mixin.py:190} INFO - [2026-04-10T05:37:05.306+0000] {dag.py:3239} INFO - Sync 1 DAGs
[2026-04-10T05:37:05.340+0000] {logging_mixin.py:190} INFO - [2026-04-10T05:37:05.339+0000] {dag.py:4180} INFO - Setting next_dagrun for matrix_minio to None, run_after=None
[2026-04-10T05:37:05.377+0000] {processor.py:208} INFO - Processing /opt/airflow/dags/dag.py took 0.152 seconds
[2026-04-10T05:37:35.663+0000] {processor.py:186} INFO - Started process (PID=280) to work on /opt/airflow/dags/dag.py
[2026-04-10T05:37:35.665+0000] {processor.py:914} INFO - Processing file /opt/airflow/dags/dag.py for tasks to queue
[2026-04-10T05:37:35.670+0000] {logging_mixin.py:190} INFO - [2026-04-10T05:37:35.669+0000] {dagbag.py:588} INFO - Filling up the DagBag from /opt/airflow/dags/dag.py
[2026-04-10T05:37:35.692+0000] {processor.py:925} INFO - DAG(s) 'matrix_minio' retrieved from /opt/airflow/dags/dag.py
[2026-04-10T05:37:35.758+0000] {logging_mixin.py:190} INFO - [2026-04-10T05:37:35.757+0000] {dag.py:3239} INFO - Sync 1 DAGs
[2026-04-10T05:37:35.800+0000] {logging_mixin.py:190} INFO - [2026-04-10T05:37:35.800+0000] {dag.py:4180} INFO - Setting next_dagrun for matrix_minio to None, run_after=None
[2026-04-10T05:37:35.851+0000] {processor.py:208} INFO - Processing /opt/airflow/dags/dag.py took 0.207 seconds
[2026-04-10T05:38:06.591+0000] {processor.py:186} INFO - Started process (PID=351) to work on /opt/airflow/dags/dag.py
[2026-04-10T05:38:06.592+0000] {processor.py:914} INFO - Processing file /opt/airflow/dags/dag.py for tasks to queue
[2026-04-10T05:38:06.596+0000] {logging_mixin.py:190} INFO - [2026-04-10T05:38:06.595+0000] {dagbag.py:588} INFO - Filling up the DagBag from /opt/airflow/dags/dag.py
[2026-04-10T05:38:06.610+0000] {processor.py:925} INFO - DAG(s) 'matrix_minio' retrieved from /opt/airflow/dags/dag.py
[2026-04-10T05:38:06.649+0000] {logging_mixin.py:190} INFO - [2026-04-10T05:38:06.649+0000] {dag.py:3239} INFO - Sync 1 DAGs
[2026-04-10T05:38:06.680+0000] {logging_mixin.py:190} INFO - [2026-04-10T05:38:06.679+0000] {dag.py:4180} INFO - Setting next_dagrun for matrix_minio to None, run_after=None
[2026-04-10T05:38:06.717+0000] {processor.py:208} INFO - Processing /opt/airflow/dags/dag.py took 0.135 seconds
[2026-04-10T05:38:36.990+0000] {processor.py:186} INFO - Started process (PID=422) to work on /opt/airflow/dags/dag.py
[2026-04-10T05:38:36.992+0000] {processor.py:914} INFO - Processing file /opt/airflow/dags/dag.py for tasks to queue
[2026-04-10T05:38:36.996+0000] {logging_mixin.py:190} INFO - [2026-04-10T05:38:36.996+0000] {dagbag.py:588} INFO - Filling up the DagBag from /opt/airflow/dags/dag.py
[2026-04-10T05:38:37.009+0000] {processor.py:925} INFO - DAG(s) 'matrix_minio' retrieved from /opt/airflow/dags/dag.py
[2026-04-10T05:38:37.047+0000] {logging_mixin.py:190} INFO - [2026-04-10T05:38:37.046+0000] {dag.py:3239} INFO - Sync 1 DAGs
[2026-04-10T05:38:37.073+0000] {logging_mixin.py:190} INFO - [2026-04-10T05:38:37.073+0000] {dag.py:4180} INFO - Setting next_dagrun for matrix_minio to None, run_after=None
[2026-04-10T05:38:37.101+0000] {processor.py:208} INFO - Processing /opt/airflow/dags/dag.py took 0.121 seconds
[2026-04-10T05:39:07.356+0000] {processor.py:186} INFO - Started process (PID=493) to work on /opt/airflow/dags/dag.py
[2026-04-10T05:39:07.358+0000] {processor.py:914} INFO - Processing file /opt/airflow/dags/dag.py for tasks to queue
[2026-04-10T05:39:07.361+0000] {logging_mixin.py:190} INFO - [2026-04-10T05:39:07.360+0000] {dagbag.py:588} INFO - Filling up the DagBag from /opt/airflow/dags/dag.py
[2026-04-10T05:39:07.374+0000] {processor.py:925} INFO - DAG(s) 'matrix_minio' retrieved from /opt/airflow/dags/dag.py
[2026-04-10T05:39:07.427+0000] {logging_mixin.py:190} INFO - [2026-04-10T05:39:07.426+0000] {dag.py:3239} INFO - Sync 1 DAGs
[2026-04-10T05:39:07.459+0000] {logging_mixin.py:190} INFO - [2026-04-10T05:39:07.459+0000] {dag.py:4180} INFO - Setting next_dagrun for matrix_minio to None, run_after=None
[2026-04-10T05:39:07.511+0000] {processor.py:208} INFO - Processing /opt/airflow/dags/dag.py took 0.164 seconds
[2026-04-10T05:39:37.890+0000] {processor.py:186} INFO - Started process (PID=564) to work on /opt/airflow/dags/dag.py
[2026-04-10T05:39:37.891+0000] {processor.py:914} INFO - Processing file /opt/airflow/dags/dag.py for tasks to queue
[2026-04-10T05:39:37.894+0000] {logging_mixin.py:190} INFO - [2026-04-10T05:39:37.893+0000] {dagbag.py:588} INFO - Filling up the DagBag from /opt/airflow/dags/dag.py
[2026-04-10T05:39:37.904+0000] {processor.py:925} INFO - DAG(s) 'matrix_minio' retrieved from /opt/airflow/dags/dag.py
[2026-04-10T05:39:37.938+0000] {logging_mixin.py:190} INFO - [2026-04-10T05:39:37.938+0000] {dag.py:3239} INFO - Sync 1 DAGs
[2026-04-10T05:39:37.963+0000] {logging_mixin.py:190} INFO - [2026-04-10T05:39:37.963+0000] {dag.py:4180} INFO - Setting next_dagrun for matrix_minio to None, run_after=None
[2026-04-10T05:39:37.991+0000] {processor.py:208} INFO - Processing /opt/airflow/dags/dag.py took 0.110 seconds
[2026-04-10T05:40:08.686+0000] {processor.py:186} INFO - Started process (PID=641) to work on /opt/airflow/dags/dag.py
[2026-04-10T05:40:08.687+0000] {processor.py:914} INFO - Processing file /opt/airflow/dags/dag.py for tasks to queue
[2026-04-10T05:40:08.690+0000] {logging_mixin.py:190} INFO - [2026-04-10T05:40:08.689+0000] {dagbag.py:588} INFO - Filling up the DagBag from /opt/airflow/dags/dag.py
[2026-04-10T05:40:08.703+0000] {processor.py:925} INFO - DAG(s) 'matrix_minio' retrieved from /opt/airflow/dags/dag.py
[2026-04-10T05:40:08.745+0000] {logging_mixin.py:190} INFO - [2026-04-10T05:40:08.745+0000] {dag.py:3239} INFO - Sync 1 DAGs
[2026-04-10T05:40:08.771+0000] {logging_mixin.py:190} INFO - [2026-04-10T05:40:08.770+0000] {dag.py:4180} INFO - Setting next_dagrun for matrix_minio to None, run_after=None
[2026-04-10T05:40:08.808+0000] {processor.py:208} INFO - Processing /opt/airflow/dags/dag.py took 0.130 seconds
[2026-04-10T05:40:39.360+0000] {processor.py:186} INFO - Started process (PID=712) to work on /opt/airflow/dags/dag.py
[2026-04-10T05:40:39.361+0000] {processor.py:914} INFO - Processing file /opt/airflow/dags/dag.py for tasks to queue
[2026-04-10T05:40:39.364+0000] {logging_mixin.py:190} INFO - [2026-04-10T05:40:39.364+0000] {dagbag.py:588} INFO - Filling up the DagBag from /opt/airflow/dags/dag.py
[2026-04-10T05:40:39.379+0000] {processor.py:925} INFO - DAG(s) 'matrix_minio' retrieved from /opt/airflow/dags/dag.py
[2026-04-10T05:40:39.427+0000] {logging_mixin.py:190} INFO - [2026-04-10T05:40:39.426+0000] {dag.py:3239} INFO - Sync 1 DAGs
[2026-04-10T05:40:39.457+0000] {logging_mixin.py:190} INFO - [2026-04-10T05:40:39.456+0000] {dag.py:4180} INFO - Setting next_dagrun for matrix_minio to None, run_after=None
[2026-04-10T05:40:39.498+0000] {processor.py:208} INFO - Processing /opt/airflow/dags/dag.py took 0.150 seconds
[2026-04-10T05:41:09.827+0000] {processor.py:186} INFO - Started process (PID=783) to work on /opt/airflow/dags/dag.py
[2026-04-10T05:41:09.828+0000] {processor.py:914} INFO - Processing file /opt/airflow/dags/dag.py for tasks to queue
[2026-04-10T05:41:09.830+0000] {logging_mixin.py:190} INFO - [2026-04-10T05:41:09.830+0000] {dagbag.py:588} INFO - Filling up the DagBag from /opt/airflow/dags/dag.py
[2026-04-10T05:41:09.840+0000] {processor.py:925} INFO - DAG(s) 'matrix_minio' retrieved from /opt/airflow/dags/dag.py
[2026-04-10T05:41:09.873+0000] {logging_mixin.py:190} INFO - [2026-04-10T05:41:09.873+0000] {dag.py:3239} INFO - Sync 1 DAGs
[2026-04-10T05:41:09.893+0000] {logging_mixin.py:190} INFO - [2026-04-10T05:41:09.893+0000] {dag.py:4180} INFO - Setting next_dagrun for matrix_minio to None, run_after=None
[2026-04-10T05:41:09.920+0000] {processor.py:208} INFO - Processing /opt/airflow/dags/dag.py took 0.100 seconds
[2026-04-10T05:41:40.139+0000] {processor.py:186} INFO - Started process (PID=854) to work on /opt/airflow/dags/dag.py
[2026-04-10T05:41:40.141+0000] {processor.py:914} INFO - Processing file /opt/airflow/dags/dag.py for tasks to queue
[2026-04-10T05:41:40.145+0000] {logging_mixin.py:190} INFO - [2026-04-10T05:41:40.144+0000] {dagbag.py:588} INFO - Filling up the DagBag from /opt/airflow/dags/dag.py
[2026-04-10T05:41:40.156+0000] {processor.py:925} INFO - DAG(s) 'matrix_minio' retrieved from /opt/airflow/dags/dag.py
[2026-04-10T05:41:40.202+0000] {logging_mixin.py:190} INFO - [2026-04-10T05:41:40.202+0000] {dag.py:3239} INFO - Sync 1 DAGs
[2026-04-10T05:41:40.223+0000] {logging_mixin.py:190} INFO - [2026-04-10T05:41:40.223+0000] {dag.py:4180} INFO - Setting next_dagrun for matrix_minio to None, run_after=None
[2026-04-10T05:41:40.251+0000] {processor.py:208} INFO - Processing /opt/airflow/dags/dag.py took 0.121 seconds
[2026-04-10T05:42:10.496+0000] {processor.py:186} INFO - Started process (PID=1055) to work on /opt/airflow/dags/dag.py
[2026-04-10T05:42:10.497+0000] {processor.py:914} INFO - Processing file /opt/airflow/dags/dag.py for tasks to queue
[2026-04-10T05:42:10.502+0000] {logging_mixin.py:190} INFO - [2026-04-10T05:42:10.501+0000] {dagbag.py:588} INFO - Filling up the DagBag from /opt/airflow/dags/dag.py
[2026-04-10T05:42:10.522+0000] {processor.py:925} INFO - DAG(s) 'matrix_minio' retrieved from /opt/airflow/dags/dag.py
[2026-04-10T05:42:10.584+0000] {logging_mixin.py:190} INFO - [2026-04-10T05:42:10.583+0000] {dag.py:3239} INFO - Sync 1 DAGs
[2026-04-10T05:42:10.655+0000] {logging_mixin.py:190} INFO - [2026-04-10T05:42:10.654+0000] {dag.py:4180} INFO - Setting next_dagrun for matrix_minio to None, run_after=None
[2026-04-10T05:42:10.910+0000] {processor.py:208} INFO - Processing /opt/airflow/dags/dag.py took 0.428 seconds
[2026-04-10T05:42:41.085+0000] {processor.py:186} INFO - Started process (PID=1276) to work on /opt/airflow/dags/dag.py
[2026-04-10T05:42:41.085+0000] {processor.py:914} INFO - Processing file /opt/airflow/dags/dag.py for tasks to queue
[2026-04-10T05:42:41.088+0000] {logging_mixin.py:190} INFO - [2026-04-10T05:42:41.088+0000] {dagbag.py:588} INFO - Filling up the DagBag from /opt/airflow/dags/dag.py
[2026-04-10T05:42:41.100+0000] {processor.py:925} INFO - DAG(s) 'matrix_minio' retrieved from /opt/airflow/dags/dag.py
[2026-04-10T05:42:41.136+0000] {logging_mixin.py:190} INFO - [2026-04-10T05:42:41.136+0000] {dag.py:3239} INFO - Sync 1 DAGs
[2026-04-10T05:42:41.159+0000] {logging_mixin.py:190} INFO - [2026-04-10T05:42:41.159+0000] {dag.py:4180} INFO - Setting next_dagrun for matrix_minio to None, run_after=None
[2026-04-10T05:42:41.187+0000] {processor.py:208} INFO - Processing /opt/airflow/dags/dag.py took 0.112 seconds
[2026-04-10T05:43:12.221+0000] {processor.py:186} INFO - Started process (PID=1347) to work on /opt/airflow/dags/dag.py
[2026-04-10T05:43:12.222+0000] {processor.py:914} INFO - Processing file /opt/airflow/dags/dag.py for tasks to queue
[2026-04-10T05:43:12.224+0000] {logging_mixin.py:190} INFO - [2026-04-10T05:43:12.224+0000] {dagbag.py:588} INFO - Filling up the DagBag from /opt/airflow/dags/dag.py
[2026-04-10T05:43:12.234+0000] {processor.py:925} INFO - DAG(s) 'matrix_minio' retrieved from /opt/airflow/dags/dag.py
[2026-04-10T05:43:12.275+0000] {logging_mixin.py:190} INFO - [2026-04-10T05:43:12.274+0000] {dag.py:3239} INFO - Sync 1 DAGs
[2026-04-10T05:43:12.295+0000] {logging_mixin.py:190} INFO - [2026-04-10T05:43:12.294+0000] {dag.py:4180} INFO - Setting next_dagrun for matrix_minio to None, run_after=None
[2026-04-10T05:43:12.322+0000] {processor.py:208} INFO - Processing /opt/airflow/dags/dag.py took 0.111 seconds
[2026-04-10T05:43:42.527+0000] {processor.py:186} INFO - Started process (PID=1418) to work on /opt/airflow/dags/dag.py
[2026-04-10T05:43:42.530+0000] {processor.py:914} INFO - Processing file /opt/airflow/dags/dag.py for tasks to queue
[2026-04-10T05:43:42.532+0000] {logging_mixin.py:190} INFO - [2026-04-10T05:43:42.532+0000] {dagbag.py:588} INFO - Filling up the DagBag from /opt/airflow/dags/dag.py
[2026-04-10T05:43:42.542+0000] {processor.py:925} INFO - DAG(s) 'matrix_minio' retrieved from /opt/airflow/dags/dag.py
[2026-04-10T05:43:42.576+0000] {logging_mixin.py:190} INFO - [2026-04-10T05:43:42.575+0000] {dag.py:3239} INFO - Sync 1 DAGs
[2026-04-10T05:43:42.596+0000] {logging_mixin.py:190} INFO - [2026-04-10T05:43:42.596+0000] {dag.py:4180} INFO - Setting next_dagrun for matrix_minio to None, run_after=None
[2026-04-10T05:43:42.623+0000] {processor.py:208} INFO - Processing /opt/airflow/dags/dag.py took 0.103 seconds
[2026-04-10T05:44:12.825+0000] {processor.py:186} INFO - Started process (PID=1489) to work on /opt/airflow/dags/dag.py
[2026-04-10T05:44:12.827+0000] {processor.py:914} INFO - Processing file /opt/airflow/dags/dag.py for tasks to queue
[2026-04-10T05:44:12.831+0000] {logging_mixin.py:190} INFO - [2026-04-10T05:44:12.831+0000] {dagbag.py:588} INFO - Filling up the DagBag from /opt/airflow/dags/dag.py
[2026-04-10T05:44:12.849+0000] {processor.py:925} INFO - DAG(s) 'matrix_minio' retrieved from /opt/airflow/dags/dag.py
[2026-04-10T05:44:12.899+0000] {logging_mixin.py:190} INFO - [2026-04-10T05:44:12.899+0000] {dag.py:3239} INFO - Sync 1 DAGs
[2026-04-10T05:44:12.929+0000] {logging_mixin.py:190} INFO - [2026-04-10T05:44:12.928+0000] {dag.py:4180} INFO - Setting next_dagrun for matrix_minio to None, run_after=None
[2026-04-10T05:44:12.963+0000] {processor.py:208} INFO - Processing /opt/airflow/dags/dag.py took 0.151 seconds
[2026-04-10T05:44:43.156+0000] {processor.py:186} INFO - Started process (PID=1560) to work on /opt/airflow/dags/dag.py
[2026-04-10T05:44:43.157+0000] {processor.py:914} INFO - Processing file /opt/airflow/dags/dag.py for tasks to queue
[2026-04-10T05:44:43.159+0000] {logging_mixin.py:190} INFO - [2026-04-10T05:44:43.159+0000] {dagbag.py:588} INFO - Filling up the DagBag from /opt/airflow/dags/dag.py
[2026-04-10T05:44:43.169+0000] {processor.py:925} INFO - DAG(s) 'matrix_minio' retrieved from /opt/airflow/dags/dag.py
[2026-04-10T05:44:43.202+0000] {logging_mixin.py:190} INFO - [2026-04-10T05:44:43.202+0000] {dag.py:3239} INFO - Sync 1 DAGs
[2026-04-10T05:44:43.222+0000] {logging_mixin.py:190} INFO - [2026-04-10T05:44:43.222+0000] {dag.py:4180} INFO - Setting next_dagrun for matrix_minio to None, run_after=None
[2026-04-10T05:44:43.249+0000] {processor.py:208} INFO - Processing /opt/airflow/dags/dag.py took 0.103 seconds
[2026-04-10T05:45:14.306+0000] {processor.py:186} INFO - Started process (PID=1631) to work on /opt/airflow/dags/dag.py
[2026-04-10T05:45:14.307+0000] {processor.py:914} INFO - Processing file /opt/airflow/dags/dag.py for tasks to queue
[2026-04-10T05:45:14.310+0000] {logging_mixin.py:190} INFO - [2026-04-10T05:45:14.309+0000] {dagbag.py:588} INFO - Filling up the DagBag from /opt/airflow/dags/dag.py
[2026-04-10T05:45:14.320+0000] {processor.py:925} INFO - DAG(s) 'matrix_minio' retrieved from /opt/airflow/dags/dag.py
[2026-04-10T05:45:14.351+0000] {logging_mixin.py:190} INFO - [2026-04-10T05:45:14.351+0000] {dag.py:3239} INFO - Sync 1 DAGs
[2026-04-10T05:45:14.368+0000] {logging_mixin.py:190} INFO - [2026-04-10T05:45:14.368+0000] {dag.py:4180} INFO - Setting next_dagrun for matrix_minio to None, run_after=None
[2026-04-10T05:45:14.389+0000] {processor.py:208} INFO - Processing /opt/airflow/dags/dag.py took 0.089 seconds
[2026-04-10T05:45:45.438+0000] {processor.py:186} INFO - Started process (PID=1702) to work on /opt/airflow/dags/dag.py
[2026-04-10T05:45:45.439+0000] {processor.py:914} INFO - Processing file /opt/airflow/dags/dag.py for tasks to queue
[2026-04-10T05:45:45.442+0000] {logging_mixin.py:190} INFO - [2026-04-10T05:45:45.442+0000] {dagbag.py:588} INFO - Filling up the DagBag from /opt/airflow/dags/dag.py
[2026-04-10T05:45:45.453+0000] {processor.py:925} INFO - DAG(s) 'matrix_minio' retrieved from /opt/airflow/dags/dag.py
[2026-04-10T05:45:45.480+0000] {logging_mixin.py:190} INFO - [2026-04-10T05:45:45.480+0000] {dag.py:3239} INFO - Sync 1 DAGs
[2026-04-10T05:45:45.496+0000] {logging_mixin.py:190} INFO - [2026-04-10T05:45:45.495+0000] {dag.py:4180} INFO - Setting next_dagrun for matrix_minio to None, run_after=None
[2026-04-10T05:45:45.516+0000] {processor.py:208} INFO - Processing /opt/airflow/dags/dag.py took 0.087 seconds
[2026-04-10T05:46:15.759+0000] {processor.py:186} INFO - Started process (PID=1773) to work on /opt/airflow/dags/dag.py
[2026-04-10T05:46:15.760+0000] {processor.py:914} INFO - Processing file /opt/airflow/dags/dag.py for tasks to queue
[2026-04-10T05:46:15.762+0000] {logging_mixin.py:190} INFO - [2026-04-10T05:46:15.761+0000] {dagbag.py:588} INFO - Filling up the DagBag from /opt/airflow/dags/dag.py
[2026-04-10T05:46:15.770+0000] {processor.py:925} INFO - DAG(s) 'matrix_minio' retrieved from /opt/airflow/dags/dag.py
[2026-04-10T05:46:15.801+0000] {logging_mixin.py:190} INFO - [2026-04-10T05:46:15.801+0000] {dag.py:3239} INFO - Sync 1 DAGs
[2026-04-10T05:46:15.822+0000] {logging_mixin.py:190} INFO - [2026-04-10T05:46:15.821+0000] {dag.py:4180} INFO - Setting next_dagrun for matrix_minio to None, run_after=None
[2026-04-10T05:46:15.845+0000] {processor.py:208} INFO - Processing /opt/airflow/dags/dag.py took 0.096 seconds
[2026-04-10T05:46:46.902+0000] {processor.py:186} INFO - Started process (PID=1844) to work on /opt/airflow/dags/dag.py
[2026-04-10T05:46:46.903+0000] {processor.py:914} INFO - Processing file /opt/airflow/dags/dag.py for tasks to queue
[2026-04-10T05:46:46.906+0000] {logging_mixin.py:190} INFO - [2026-04-10T05:46:46.905+0000] {dagbag.py:588} INFO - Filling up the DagBag from /opt/airflow/dags/dag.py
[2026-04-10T05:46:46.919+0000] {processor.py:925} INFO - DAG(s) 'matrix_minio' retrieved from /opt/airflow/dags/dag.py
[2026-04-10T05:46:46.952+0000] {logging_mixin.py:190} INFO - [2026-04-10T05:46:46.951+0000] {dag.py:3239} INFO - Sync 1 DAGs
[2026-04-10T05:46:46.971+0000] {logging_mixin.py:190} INFO - [2026-04-10T05:46:46.971+0000] {dag.py:4180} INFO - Setting next_dagrun for matrix_minio to None, run_after=None
[2026-04-10T05:46:46.993+0000] {processor.py:208} INFO - Processing /opt/airflow/dags/dag.py took 0.099 seconds
[2026-04-10T05:47:17.289+0000] {processor.py:186} INFO - Started process (PID=1915) to work on /opt/airflow/dags/dag.py
[2026-04-10T05:47:17.290+0000] {processor.py:914} INFO - Processing file /opt/airflow/dags/dag.py for tasks to queue
[2026-04-10T05:47:17.292+0000] {logging_mixin.py:190} INFO - [2026-04-10T05:47:17.291+0000] {dagbag.py:588} INFO - Filling up the DagBag from /opt/airflow/dags/dag.py
[2026-04-10T05:47:17.299+0000] {processor.py:925} INFO - DAG(s) 'matrix_minio' retrieved from /opt/airflow/dags/dag.py
[2026-04-10T05:47:17.331+0000] {logging_mixin.py:190} INFO - [2026-04-10T05:47:17.330+0000] {dag.py:3239} INFO - Sync 1 DAGs
[2026-04-10T05:47:17.349+0000] {logging_mixin.py:190} INFO - [2026-04-10T05:47:17.349+0000] {dag.py:4180} INFO - Setting next_dagrun for matrix_minio to None, run_after=None
[2026-04-10T05:47:17.372+0000] {processor.py:208} INFO - Processing /opt/airflow/dags/dag.py took 0.091 seconds
[2026-04-10T05:47:47.631+0000] {processor.py:186} INFO - Started process (PID=2214) to work on /opt/airflow/dags/dag.py
[2026-04-10T05:47:47.632+0000] {processor.py:914} INFO - Processing file /opt/airflow/dags/dag.py for tasks to queue
[2026-04-10T05:47:47.634+0000] {logging_mixin.py:190} INFO - [2026-04-10T05:47:47.634+0000] {dagbag.py:588} INFO - Filling up the DagBag from /opt/airflow/dags/dag.py
[2026-04-10T05:47:47.643+0000] {processor.py:925} INFO - DAG(s) 'matrix_minio' retrieved from /opt/airflow/dags/dag.py
[2026-04-10T05:47:47.674+0000] {logging_mixin.py:190} INFO - [2026-04-10T05:47:47.674+0000] {dag.py:3239} INFO - Sync 1 DAGs
[2026-04-10T05:47:47.691+0000] {logging_mixin.py:190} INFO - [2026-04-10T05:47:47.691+0000] {dag.py:4180} INFO - Setting next_dagrun for matrix_minio to None, run_after=None
[2026-04-10T05:47:47.714+0000] {processor.py:208} INFO - Processing /opt/airflow/dags/dag.py took 0.094 seconds
[2026-04-10T05:48:18.106+0000] {processor.py:186} INFO - Started process (PID=2285) to work on /opt/airflow/dags/dag.py
[2026-04-10T05:48:18.107+0000] {processor.py:914} INFO - Processing file /opt/airflow/dags/dag.py for tasks to queue
[2026-04-10T05:48:18.109+0000] {logging_mixin.py:190} INFO - [2026-04-10T05:48:18.108+0000] {dagbag.py:588} INFO - Filling up the DagBag from /opt/airflow/dags/dag.py
[2026-04-10T05:48:18.117+0000] {processor.py:925} INFO - DAG(s) 'matrix_minio' retrieved from /opt/airflow/dags/dag.py
[2026-04-10T05:48:18.149+0000] {logging_mixin.py:190} INFO - [2026-04-10T05:48:18.149+0000] {dag.py:3239} INFO - Sync 1 DAGs
[2026-04-10T05:48:18.169+0000] {logging_mixin.py:190} INFO - [2026-04-10T05:48:18.169+0000] {dag.py:4180} INFO - Setting next_dagrun for matrix_minio to None, run_after=None
[2026-04-10T05:48:18.192+0000] {processor.py:208} INFO - Processing /opt/airflow/dags/dag.py took 0.092 seconds
[2026-04-10T05:48:48.493+0000] {processor.py:186} INFO - Started process (PID=2357) to work on /opt/airflow/dags/dag.py
[2026-04-10T05:48:48.493+0000] {processor.py:914} INFO - Processing file /opt/airflow/dags/dag.py for tasks to queue
[2026-04-10T05:48:48.495+0000] {logging_mixin.py:190} INFO - [2026-04-10T05:48:48.495+0000] {dagbag.py:588} INFO - Filling up the DagBag from /opt/airflow/dags/dag.py
[2026-04-10T05:48:48.503+0000] {processor.py:925} INFO - DAG(s) 'matrix_minio' retrieved from /opt/airflow/dags/dag.py
[2026-04-10T05:48:48.532+0000] {logging_mixin.py:190} INFO - [2026-04-10T05:48:48.532+0000] {dag.py:3239} INFO - Sync 1 DAGs
[2026-04-10T05:48:48.548+0000] {logging_mixin.py:190} INFO - [2026-04-10T05:48:48.548+0000] {dag.py:4180} INFO - Setting next_dagrun for matrix_minio to None, run_after=None
[2026-04-10T05:48:48.570+0000] {processor.py:208} INFO - Processing /opt/airflow/dags/dag.py took 0.087 seconds
[2026-04-10T05:49:18.858+0000] {processor.py:186} INFO - Started process (PID=2428) to work on /opt/airflow/dags/dag.py
[2026-04-10T05:49:18.859+0000] {processor.py:914} INFO - Processing file /opt/airflow/dags/dag.py for tasks to queue
[2026-04-10T05:49:18.861+0000] {logging_mixin.py:190} INFO - [2026-04-10T05:49:18.860+0000] {dagbag.py:588} INFO - Filling up the DagBag from /opt/airflow/dags/dag.py
[2026-04-10T05:49:18.869+0000] {processor.py:925} INFO - DAG(s) 'matrix_minio' retrieved from /opt/airflow/dags/dag.py
[2026-04-10T05:49:18.895+0000] {logging_mixin.py:190} INFO - [2026-04-10T05:49:18.895+0000] {dag.py:3239} INFO - Sync 1 DAGs
[2026-04-10T05:49:18.913+0000] {logging_mixin.py:190} INFO - [2026-04-10T05:49:18.912+0000] {dag.py:4180} INFO - Setting next_dagrun for matrix_minio to None, run_after=None
[2026-04-10T05:49:18.933+0000] {processor.py:208} INFO - Processing /opt/airflow/dags/dag.py took 0.087 seconds
[2026-04-10T05:49:48.994+0000] {processor.py:186} INFO - Started process (PID=2496) to work on /opt/airflow/dags/dag.py
[2026-04-10T05:49:49.004+0000] {processor.py:914} INFO - Processing file /opt/airflow/dags/dag.py for tasks to queue
[2026-04-10T05:49:49.006+0000] {logging_mixin.py:190} INFO - [2026-04-10T05:49:49.006+0000] {dagbag.py:588} INFO - Filling up the DagBag from /opt/airflow/dags/dag.py
[2026-04-10T05:49:49.015+0000] {processor.py:925} INFO - DAG(s) 'matrix_minio' retrieved from /opt/airflow/dags/dag.py
[2026-04-10T05:49:49.048+0000] {logging_mixin.py:190} INFO - [2026-04-10T05:49:49.047+0000] {dag.py:3239} INFO - Sync 1 DAGs
[2026-04-10T05:49:49.067+0000] {logging_mixin.py:190} INFO - [2026-04-10T05:49:49.067+0000] {dag.py:4180} INFO - Setting next_dagrun for matrix_minio to None, run_after=None
[2026-04-10T05:49:49.091+0000] {processor.py:208} INFO - Processing /opt/airflow/dags/dag.py took 0.108 seconds
[2026-04-10T05:50:19.373+0000] {processor.py:186} INFO - Started process (PID=2570) to work on /opt/airflow/dags/dag.py
[2026-04-10T05:50:19.374+0000] {processor.py:914} INFO - Processing file /opt/airflow/dags/dag.py for tasks to queue
[2026-04-10T05:50:19.376+0000] {logging_mixin.py:190} INFO - [2026-04-10T05:50:19.376+0000] {dagbag.py:588} INFO - Filling up the DagBag from /opt/airflow/dags/dag.py
[2026-04-10T05:50:19.385+0000] {processor.py:925} INFO - DAG(s) 'matrix_minio' retrieved from /opt/airflow/dags/dag.py
[2026-04-10T05:50:19.412+0000] {logging_mixin.py:190} INFO - [2026-04-10T05:50:19.411+0000] {dag.py:3239} INFO - Sync 1 DAGs
[2026-04-10T05:50:19.427+0000] {logging_mixin.py:190} INFO - [2026-04-10T05:50:19.427+0000] {dag.py:4180} INFO - Setting next_dagrun for matrix_minio to None, run_after=None
[2026-04-10T05:50:19.449+0000] {processor.py:208} INFO - Processing /opt/airflow/dags/dag.py took 0.088 seconds
[2026-04-10T05:50:50.123+0000] {processor.py:186} INFO - Started process (PID=2641) to work on /opt/airflow/dags/dag.py
[2026-04-10T05:50:50.124+0000] {processor.py:914} INFO - Processing file /opt/airflow/dags/dag.py for tasks to queue
[2026-04-10T05:50:50.126+0000] {logging_mixin.py:190} INFO - [2026-04-10T05:50:50.125+0000] {dagbag.py:588} INFO - Filling up the DagBag from /opt/airflow/dags/dag.py
[2026-04-10T05:50:50.134+0000] {processor.py:925} INFO - DAG(s) 'matrix_minio' retrieved from /opt/airflow/dags/dag.py
[2026-04-10T05:50:50.163+0000] {logging_mixin.py:190} INFO - [2026-04-10T05:50:50.163+0000] {dag.py:3239} INFO - Sync 1 DAGs
[2026-04-10T05:50:50.180+0000] {logging_mixin.py:190} INFO - [2026-04-10T05:50:50.180+0000] {dag.py:4180} INFO - Setting next_dagrun for matrix_minio to None, run_after=None
[2026-04-10T05:50:50.201+0000] {processor.py:208} INFO - Processing /opt/airflow/dags/dag.py took 0.084 seconds
[2026-04-10T05:51:20.348+0000] {processor.py:186} INFO - Started process (PID=2712) to work on /opt/airflow/dags/dag.py
[2026-04-10T05:51:20.349+0000] {processor.py:914} INFO - Processing file /opt/airflow/dags/dag.py for tasks to queue
[2026-04-10T05:51:20.353+0000] {logging_mixin.py:190} INFO - [2026-04-10T05:51:20.352+0000] {dagbag.py:588} INFO - Filling up the DagBag from /opt/airflow/dags/dag.py
[2026-04-10T05:51:20.363+0000] {processor.py:925} INFO - DAG(s) 'matrix_minio' retrieved from /opt/airflow/dags/dag.py
[2026-04-10T05:51:20.395+0000] {logging_mixin.py:190} INFO - [2026-04-10T05:51:20.394+0000] {dag.py:3239} INFO - Sync 1 DAGs
[2026-04-10T05:51:20.412+0000] {logging_mixin.py:190} INFO - [2026-04-10T05:51:20.412+0000] {dag.py:4180} INFO - Setting next_dagrun for matrix_minio to None, run_after=None
[2026-04-10T05:51:20.434+0000] {processor.py:208} INFO - Processing /opt/airflow/dags/dag.py took 0.091 seconds
[2026-04-10T05:51:51.461+0000] {processor.py:186} INFO - Started process (PID=2783) to work on /opt/airflow/dags/dag.py
[2026-04-10T05:51:51.462+0000] {processor.py:914} INFO - Processing file /opt/airflow/dags/dag.py for tasks to queue
[2026-04-10T05:51:51.465+0000] {logging_mixin.py:190} INFO - [2026-04-10T05:51:51.465+0000] {dagbag.py:588} INFO - Filling up the DagBag from /opt/airflow/dags/dag.py
[2026-04-10T05:51:51.476+0000] {processor.py:925} INFO - DAG(s) 'matrix_minio' retrieved from /opt/airflow/dags/dag.py
[2026-04-10T05:51:51.512+0000] {logging_mixin.py:190} INFO - [2026-04-10T05:51:51.512+0000] {dag.py:3239} INFO - Sync 1 DAGs
[2026-04-10T05:51:51.536+0000] {logging_mixin.py:190} INFO - [2026-04-10T05:51:51.536+0000] {dag.py:4180} INFO - Setting next_dagrun for matrix_minio to None, run_after=None
[2026-04-10T05:51:51.564+0000] {processor.py:208} INFO - Processing /opt/airflow/dags/dag.py took 0.109 seconds
[2026-04-10T05:52:21.673+0000] {processor.py:186} INFO - Started process (PID=2854) to work on /opt/airflow/dags/dag.py
[2026-04-10T05:52:21.674+0000] {processor.py:914} INFO - Processing file /opt/airflow/dags/dag.py for tasks to queue
[2026-04-10T05:52:21.676+0000] {logging_mixin.py:190} INFO - [2026-04-10T05:52:21.675+0000] {dagbag.py:588} INFO - Filling up the DagBag from /opt/airflow/dags/dag.py
[2026-04-10T05:52:21.684+0000] {processor.py:925} INFO - DAG(s) 'matrix_minio' retrieved from /opt/airflow/dags/dag.py
[2026-04-10T05:52:21.712+0000] {logging_mixin.py:190} INFO - [2026-04-10T05:52:21.711+0000] {dag.py:3239} INFO - Sync 1 DAGs
[2026-04-10T05:52:21.728+0000] {logging_mixin.py:190} INFO - [2026-04-10T05:52:21.728+0000] {dag.py:4180} INFO - Setting next_dagrun for matrix_minio to None, run_after=None
[2026-04-10T05:52:21.748+0000] {processor.py:208} INFO - Processing /opt/airflow/dags/dag.py took 0.085 seconds
[2026-04-10T05:52:52.002+0000] {processor.py:186} INFO - Started process (PID=2925) to work on /opt/airflow/dags/dag.py
[2026-04-10T05:52:52.003+0000] {processor.py:914} INFO - Processing file /opt/airflow/dags/dag.py for tasks to queue
[2026-04-10T05:52:52.005+0000] {logging_mixin.py:190} INFO - [2026-04-10T05:52:52.005+0000] {dagbag.py:588} INFO - Filling up the DagBag from /opt/airflow/dags/dag.py
[2026-04-10T05:52:52.015+0000] {processor.py:925} INFO - DAG(s) 'matrix_minio' retrieved from /opt/airflow/dags/dag.py
[2026-04-10T05:52:52.047+0000] {logging_mixin.py:190} INFO - [2026-04-10T05:52:52.046+0000] {dag.py:3239} INFO - Sync 1 DAGs
[2026-04-10T05:52:52.064+0000] {logging_mixin.py:190} INFO - [2026-04-10T05:52:52.064+0000] {dag.py:4180} INFO - Setting next_dagrun for matrix_minio to None, run_after=None
[2026-04-10T05:52:52.088+0000] {processor.py:208} INFO - Processing /opt/airflow/dags/dag.py took 0.092 seconds
[2026-04-10T05:53:22.360+0000] {processor.py:186} INFO - Started process (PID=2996) to work on /opt/airflow/dags/dag.py
[2026-04-10T05:53:22.361+0000] {processor.py:914} INFO - Processing file /opt/airflow/dags/dag.py for tasks to queue
[2026-04-10T05:53:22.365+0000] {logging_mixin.py:190} INFO - [2026-04-10T05:53:22.364+0000] {dagbag.py:588} INFO - Filling up the DagBag from /opt/airflow/dags/dag.py
[2026-04-10T05:53:22.374+0000] {processor.py:925} INFO - DAG(s) 'matrix_minio' retrieved from /opt/airflow/dags/dag.py
[2026-04-10T05:53:22.405+0000] {logging_mixin.py:190} INFO - [2026-04-10T05:53:22.404+0000] {dag.py:3239} INFO - Sync 1 DAGs
[2026-04-10T05:53:22.422+0000] {logging_mixin.py:190} INFO - [2026-04-10T05:53:22.421+0000] {dag.py:4180} INFO - Setting next_dagrun for matrix_minio to None, run_after=None
[2026-04-10T05:53:22.442+0000] {processor.py:208} INFO - Processing /opt/airflow/dags/dag.py took 0.088 seconds
[2026-04-10T05:53:52.595+0000] {processor.py:186} INFO - Started process (PID=3067) to work on /opt/airflow/dags/dag.py
[2026-04-10T05:53:52.596+0000] {processor.py:914} INFO - Processing file /opt/airflow/dags/dag.py for tasks to queue
[2026-04-10T05:53:52.598+0000] {logging_mixin.py:190} INFO - [2026-04-10T05:53:52.598+0000] {dagbag.py:588} INFO - Filling up the DagBag from /opt/airflow/dags/dag.py
[2026-04-10T05:53:52.607+0000] {processor.py:925} INFO - DAG(s) 'matrix_minio' retrieved from /opt/airflow/dags/dag.py
[2026-04-10T05:53:52.636+0000] {logging_mixin.py:190} INFO - [2026-04-10T05:53:52.636+0000] {dag.py:3239} INFO - Sync 1 DAGs
[2026-04-10T05:53:52.653+0000] {logging_mixin.py:190} INFO - [2026-04-10T05:53:52.653+0000] {dag.py:4180} INFO - Setting next_dagrun for matrix_minio to None, run_after=None
[2026-04-10T05:53:52.676+0000] {processor.py:208} INFO - Processing /opt/airflow/dags/dag.py took 0.088 seconds
[2026-04-10T05:54:22.752+0000] {processor.py:186} INFO - Started process (PID=3135) to work on /opt/airflow/dags/dag.py
[2026-04-10T05:54:22.762+0000] {processor.py:914} INFO - Processing file /opt/airflow/dags/dag.py for tasks to queue
[2026-04-10T05:54:22.764+0000] {logging_mixin.py:190} INFO - [2026-04-10T05:54:22.764+0000] {dagbag.py:588} INFO - Filling up the DagBag from /opt/airflow/dags/dag.py
[2026-04-10T05:54:22.773+0000] {processor.py:925} INFO - DAG(s) 'matrix_minio' retrieved from /opt/airflow/dags/dag.py
[2026-04-10T05:54:22.807+0000] {logging_mixin.py:190} INFO - [2026-04-10T05:54:22.806+0000] {dag.py:3239} INFO - Sync 1 DAGs
[2026-04-10T05:54:22.824+0000] {logging_mixin.py:190} INFO - [2026-04-10T05:54:22.823+0000] {dag.py:4180} INFO - Setting next_dagrun for matrix_minio to None, run_after=None
[2026-04-10T05:54:22.843+0000] {processor.py:208} INFO - Processing /opt/airflow/dags/dag.py took 0.104 seconds
[2026-04-10T05:54:53.041+0000] {processor.py:186} INFO - Started process (PID=3209) to work on /opt/airflow/dags/dag.py
[2026-04-10T05:54:53.042+0000] {processor.py:914} INFO - Processing file /opt/airflow/dags/dag.py for tasks to queue
[2026-04-10T05:54:53.044+0000] {logging_mixin.py:190} INFO - [2026-04-10T05:54:53.043+0000] {dagbag.py:588} INFO - Filling up the DagBag from /opt/airflow/dags/dag.py
[2026-04-10T05:54:53.052+0000] {processor.py:925} INFO - DAG(s) 'matrix_minio' retrieved from /opt/airflow/dags/dag.py
[2026-04-10T05:54:53.083+0000] {logging_mixin.py:190} INFO - [2026-04-10T05:54:53.083+0000] {dag.py:3239} INFO - Sync 1 DAGs
[2026-04-10T05:54:53.099+0000] {logging_mixin.py:190} INFO - [2026-04-10T05:54:53.099+0000] {dag.py:4180} INFO - Setting next_dagrun for matrix_minio to None, run_after=None
[2026-04-10T05:54:53.120+0000] {processor.py:208} INFO - Processing /opt/airflow/dags/dag.py took 0.090 seconds
[2026-04-10T05:55:23.218+0000] {processor.py:186} INFO - Started process (PID=3280) to work on /opt/airflow/dags/dag.py
[2026-04-10T05:55:23.219+0000] {processor.py:914} INFO - Processing file /opt/airflow/dags/dag.py for tasks to queue
[2026-04-10T05:55:23.221+0000] {logging_mixin.py:190} INFO - [2026-04-10T05:55:23.221+0000] {dagbag.py:588} INFO - Filling up the DagBag from /opt/airflow/dags/dag.py
[2026-04-10T05:55:23.230+0000] {processor.py:925} INFO - DAG(s) 'matrix_minio' retrieved from /opt/airflow/dags/dag.py
[2026-04-10T05:55:23.257+0000] {logging_mixin.py:190} INFO - [2026-04-10T05:55:23.256+0000] {dag.py:3239} INFO - Sync 1 DAGs
[2026-04-10T05:55:23.274+0000] {logging_mixin.py:190} INFO - [2026-04-10T05:55:23.274+0000] {dag.py:4180} INFO - Setting next_dagrun for matrix_minio to None, run_after=None
[2026-04-10T05:55:23.294+0000] {processor.py:208} INFO - Processing /opt/airflow/dags/dag.py took 0.082 seconds
[2026-04-10T05:55:53.426+0000] {processor.py:186} INFO - Started process (PID=3351) to work on /opt/airflow/dags/dag.py
[2026-04-10T05:55:53.427+0000] {processor.py:914} INFO - Processing file /opt/airflow/dags/dag.py for tasks to queue
[2026-04-10T05:55:53.429+0000] {logging_mixin.py:190} INFO - [2026-04-10T05:55:53.428+0000] {dagbag.py:588} INFO - Filling up the DagBag from /opt/airflow/dags/dag.py
[2026-04-10T05:55:53.437+0000] {processor.py:925} INFO - DAG(s) 'matrix_minio' retrieved from /opt/airflow/dags/dag.py
[2026-04-10T05:55:53.465+0000] {logging_mixin.py:190} INFO - [2026-04-10T05:55:53.465+0000] {dag.py:3239} INFO - Sync 1 DAGs
[2026-04-10T05:55:53.482+0000] {logging_mixin.py:190} INFO - [2026-04-10T05:55:53.481+0000] {dag.py:4180} INFO - Setting next_dagrun for matrix_minio to None, run_after=None
[2026-04-10T05:55:53.504+0000] {processor.py:208} INFO - Processing /opt/airflow/dags/dag.py took 0.090 seconds
[2026-04-10T05:56:23.610+0000] {processor.py:186} INFO - Started process (PID=3422) to work on /opt/airflow/dags/dag.py
[2026-04-10T05:56:23.611+0000] {processor.py:914} INFO - Processing file /opt/airflow/dags/dag.py for tasks to queue
[2026-04-10T05:56:23.614+0000] {logging_mixin.py:190} INFO - [2026-04-10T05:56:23.613+0000] {dagbag.py:588} INFO - Filling up the DagBag from /opt/airflow/dags/dag.py
[2026-04-10T05:56:23.623+0000] {processor.py:925} INFO - DAG(s) 'matrix_minio' retrieved from /opt/airflow/dags/dag.py
[2026-04-10T05:56:23.653+0000] {logging_mixin.py:190} INFO - [2026-04-10T05:56:23.653+0000] {dag.py:3239} INFO - Sync 1 DAGs
[2026-04-10T05:56:23.670+0000] {logging_mixin.py:190} INFO - [2026-04-10T05:56:23.670+0000] {dag.py:4180} INFO - Setting next_dagrun for matrix_minio to None, run_after=None
[2026-04-10T05:56:23.691+0000] {processor.py:208} INFO - Processing /opt/airflow/dags/dag.py took 0.093 seconds
[2026-04-10T05:56:53.775+0000] {processor.py:186} INFO - Started process (PID=3493) to work on /opt/airflow/dags/dag.py
[2026-04-10T05:56:53.776+0000] {processor.py:914} INFO - Processing file /opt/airflow/dags/dag.py for tasks to queue
[2026-04-10T05:56:53.779+0000] {logging_mixin.py:190} INFO - [2026-04-10T05:56:53.778+0000] {dagbag.py:588} INFO - Filling up the DagBag from /opt/airflow/dags/dag.py
[2026-04-10T05:56:53.791+0000] {processor.py:925} INFO - DAG(s) 'matrix_minio' retrieved from /opt/airflow/dags/dag.py
[2026-04-10T05:56:53.825+0000] {logging_mixin.py:190} INFO - [2026-04-10T05:56:53.825+0000] {dag.py:3239} INFO - Sync 1 DAGs
[2026-04-10T05:56:53.845+0000] {logging_mixin.py:190} INFO - [2026-04-10T05:56:53.845+0000] {dag.py:4180} INFO - Setting next_dagrun for matrix_minio to None, run_after=None
[2026-04-10T05:56:53.870+0000] {processor.py:208} INFO - Processing /opt/airflow/dags/dag.py took 0.101 seconds
[2026-04-10T05:57:23.931+0000] {processor.py:186} INFO - Started process (PID=3561) to work on /opt/airflow/dags/dag.py
[2026-04-10T05:57:23.941+0000] {processor.py:914} INFO - Processing file /opt/airflow/dags/dag.py for tasks to queue
[2026-04-10T05:57:23.943+0000] {logging_mixin.py:190} INFO - [2026-04-10T05:57:23.943+0000] {dagbag.py:588} INFO - Filling up the DagBag from /opt/airflow/dags/dag.py
[2026-04-10T05:57:23.951+0000] {processor.py:925} INFO - DAG(s) 'matrix_minio' retrieved from /opt/airflow/dags/dag.py
[2026-04-10T05:57:23.982+0000] {logging_mixin.py:190} INFO - [2026-04-10T05:57:23.982+0000] {dag.py:3239} INFO - Sync 1 DAGs
[2026-04-10T05:57:23.999+0000] {logging_mixin.py:190} INFO - [2026-04-10T05:57:23.999+0000] {dag.py:4180} INFO - Setting next_dagrun for matrix_minio to None, run_after=None
[2026-04-10T05:57:24.020+0000] {processor.py:208} INFO - Processing /opt/airflow/dags/dag.py took 0.100 seconds
[2026-04-10T05:57:54.109+0000] {processor.py:186} INFO - Started process (PID=3635) to work on /opt/airflow/dags/dag.py
[2026-04-10T05:57:54.110+0000] {processor.py:914} INFO - Processing file /opt/airflow/dags/dag.py for tasks to queue
[2026-04-10T05:57:54.112+0000] {logging_mixin.py:190} INFO - [2026-04-10T05:57:54.111+0000] {dagbag.py:588} INFO - Filling up the DagBag from /opt/airflow/dags/dag.py
[2026-04-10T05:57:54.120+0000] {processor.py:925} INFO - DAG(s) 'matrix_minio' retrieved from /opt/airflow/dags/dag.py
[2026-04-10T05:57:54.150+0000] {logging_mixin.py:190} INFO - [2026-04-10T05:57:54.150+0000] {dag.py:3239} INFO - Sync 1 DAGs
[2026-04-10T05:57:54.168+0000] {logging_mixin.py:190} INFO - [2026-04-10T05:57:54.167+0000] {dag.py:4180} INFO - Setting next_dagrun for matrix_minio to None, run_after=None
[2026-04-10T05:57:54.189+0000] {processor.py:208} INFO - Processing /opt/airflow/dags/dag.py took 0.091 seconds
[2026-04-10T05:58:24.301+0000] {processor.py:186} INFO - Started process (PID=3706) to work on /opt/airflow/dags/dag.py
[2026-04-10T05:58:24.302+0000] {processor.py:914} INFO - Processing file /opt/airflow/dags/dag.py for tasks to queue
[2026-04-10T05:58:24.305+0000] {logging_mixin.py:190} INFO - [2026-04-10T05:58:24.304+0000] {dagbag.py:588} INFO - Filling up the DagBag from /opt/airflow/dags/dag.py
[2026-04-10T05:58:24.316+0000] {processor.py:925} INFO - DAG(s) 'matrix_minio' retrieved from /opt/airflow/dags/dag.py
[2026-04-10T05:58:24.347+0000] {logging_mixin.py:190} INFO - [2026-04-10T05:58:24.347+0000] {dag.py:3239} INFO - Sync 1 DAGs
[2026-04-10T05:58:24.366+0000] {logging_mixin.py:190} INFO - [2026-04-10T05:58:24.366+0000] {dag.py:4180} INFO - Setting next_dagrun for matrix_minio to None, run_after=None
[2026-04-10T05:58:24.386+0000] {processor.py:208} INFO - Processing /opt/airflow/dags/dag.py took 0.093 seconds
[2026-04-10T05:58:54.585+0000] {processor.py:186} INFO - Started process (PID=3777) to work on /opt/airflow/dags/dag.py
[2026-04-10T05:58:54.586+0000] {processor.py:914} INFO - Processing file /opt/airflow/dags/dag.py for tasks to queue
[2026-04-10T05:58:54.588+0000] {logging_mixin.py:190} INFO - [2026-04-10T05:58:54.588+0000] {dagbag.py:588} INFO - Filling up the DagBag from /opt/airflow/dags/dag.py
[2026-04-10T05:58:54.597+0000] {processor.py:925} INFO - DAG(s) 'matrix_minio' retrieved from /opt/airflow/dags/dag.py
[2026-04-10T05:58:54.627+0000] {logging_mixin.py:190} INFO - [2026-04-10T05:58:54.627+0000] {dag.py:3239} INFO - Sync 1 DAGs
[2026-04-10T05:58:54.645+0000] {logging_mixin.py:190} INFO - [2026-04-10T05:58:54.645+0000] {dag.py:4180} INFO - Setting next_dagrun for matrix_minio to None, run_after=None
[2026-04-10T05:58:54.668+0000] {processor.py:208} INFO - Processing /opt/airflow/dags/dag.py took 0.089 seconds
[2026-04-10T05:59:24.790+0000] {processor.py:186} INFO - Started process (PID=3848) to work on /opt/airflow/dags/dag.py
[2026-04-10T05:59:24.791+0000] {processor.py:914} INFO - Processing file /opt/airflow/dags/dag.py for tasks to queue
[2026-04-10T05:59:24.793+0000] {logging_mixin.py:190} INFO - [2026-04-10T05:59:24.793+0000] {dagbag.py:588} INFO - Filling up the DagBag from /opt/airflow/dags/dag.py
[2026-04-10T05:59:24.802+0000] {processor.py:925} INFO - DAG(s) 'matrix_minio' retrieved from /opt/airflow/dags/dag.py
[2026-04-10T05:59:24.828+0000] {logging_mixin.py:190} INFO - [2026-04-10T05:59:24.828+0000] {dag.py:3239} INFO - Sync 1 DAGs
[2026-04-10T05:59:24.843+0000] {logging_mixin.py:190} INFO - [2026-04-10T05:59:24.843+0000] {dag.py:4180} INFO - Setting next_dagrun for matrix_minio to None, run_after=None
[2026-04-10T05:59:24.864+0000] {processor.py:208} INFO - Processing /opt/airflow/dags/dag.py took 0.080 seconds
[2026-04-10T05:59:54.968+0000] {processor.py:186} INFO - Started process (PID=3919) to work on /opt/airflow/dags/dag.py
[2026-04-10T05:59:54.969+0000] {processor.py:914} INFO - Processing file /opt/airflow/dags/dag.py for tasks to queue
[2026-04-10T05:59:54.972+0000] {logging_mixin.py:190} INFO - [2026-04-10T05:59:54.971+0000] {dagbag.py:588} INFO - Filling up the DagBag from /opt/airflow/dags/dag.py
[2026-04-10T05:59:54.982+0000] {processor.py:925} INFO - DAG(s) 'matrix_minio' retrieved from /opt/airflow/dags/dag.py
[2026-04-10T05:59:55.015+0000] {logging_mixin.py:190} INFO - [2026-04-10T05:59:55.014+0000] {dag.py:3239} INFO - Sync 1 DAGs
[2026-04-10T05:59:55.036+0000] {logging_mixin.py:190} INFO - [2026-04-10T05:59:55.035+0000] {dag.py:4180} INFO - Setting next_dagrun for matrix_minio to None, run_after=None
[2026-04-10T05:59:55.057+0000] {processor.py:208} INFO - Processing /opt/airflow/dags/dag.py took 0.097 seconds
[2026-04-10T06:00:26.114+0000] {processor.py:186} INFO - Started process (PID=3990) to work on /opt/airflow/dags/dag.py
[2026-04-10T06:00:26.115+0000] {processor.py:914} INFO - Processing file /opt/airflow/dags/dag.py for tasks to queue
[2026-04-10T06:00:26.118+0000] {logging_mixin.py:190} INFO - [2026-04-10T06:00:26.117+0000] {dagbag.py:588} INFO - Filling up the DagBag from /opt/airflow/dags/dag.py
[2026-04-10T06:00:26.126+0000] {processor.py:925} INFO - DAG(s) 'matrix_minio' retrieved from /opt/airflow/dags/dag.py
[2026-04-10T06:00:26.157+0000] {logging_mixin.py:190} INFO - [2026-04-10T06:00:26.157+0000] {dag.py:3239} INFO - Sync 1 DAGs
[2026-04-10T06:00:26.174+0000] {logging_mixin.py:190} INFO - [2026-04-10T06:00:26.174+0000] {dag.py:4180} INFO - Setting next_dagrun for matrix_minio to None, run_after=None
[2026-04-10T06:00:26.196+0000] {processor.py:208} INFO - Processing /opt/airflow/dags/dag.py took 0.088 seconds
[2026-04-10T06:00:56.508+0000] {processor.py:186} INFO - Started process (PID=4061) to work on /opt/airflow/dags/dag.py
[2026-04-10T06:00:56.509+0000] {processor.py:914} INFO - Processing file /opt/airflow/dags/dag.py for tasks to queue
[2026-04-10T06:00:56.511+0000] {logging_mixin.py:190} INFO - [2026-04-10T06:00:56.511+0000] {dagbag.py:588} INFO - Filling up the DagBag from /opt/airflow/dags/dag.py
[2026-04-10T06:00:56.520+0000] {processor.py:925} INFO - DAG(s) 'matrix_minio' retrieved from /opt/airflow/dags/dag.py
[2026-04-10T06:00:56.556+0000] {logging_mixin.py:190} INFO - [2026-04-10T06:00:56.555+0000] {dag.py:3239} INFO - Sync 1 DAGs
[2026-04-10T06:00:56.572+0000] {logging_mixin.py:190} INFO - [2026-04-10T06:00:56.571+0000] {dag.py:4180} INFO - Setting next_dagrun for matrix_minio to None, run_after=None
[2026-04-10T06:00:56.596+0000] {processor.py:208} INFO - Processing /opt/airflow/dags/dag.py took 0.098 seconds
[2026-04-10T06:01:26.728+0000] {processor.py:186} INFO - Started process (PID=4132) to work on /opt/airflow/dags/dag.py
[2026-04-10T06:01:26.729+0000] {processor.py:914} INFO - Processing file /opt/airflow/dags/dag.py for tasks to queue
[2026-04-10T06:01:26.733+0000] {logging_mixin.py:190} INFO - [2026-04-10T06:01:26.733+0000] {dagbag.py:588} INFO - Filling up the DagBag from /opt/airflow/dags/dag.py
[2026-04-10T06:01:26.747+0000] {processor.py:925} INFO - DAG(s) 'matrix_minio' retrieved from /opt/airflow/dags/dag.py
[2026-04-10T06:01:26.786+0000] {logging_mixin.py:190} INFO - [2026-04-10T06:01:26.785+0000] {dag.py:3239} INFO - Sync 1 DAGs
[2026-04-10T06:01:26.809+0000] {logging_mixin.py:190} INFO - [2026-04-10T06:01:26.808+0000] {dag.py:4180} INFO - Setting next_dagrun for matrix_minio to None, run_after=None
[2026-04-10T06:01:26.839+0000] {processor.py:208} INFO - Processing /opt/airflow/dags/dag.py took 0.125 seconds
[2026-04-10T06:01:57.219+0000] {processor.py:186} INFO - Started process (PID=4203) to work on /opt/airflow/dags/dag.py
[2026-04-10T06:01:57.221+0000] {processor.py:914} INFO - Processing file /opt/airflow/dags/dag.py for tasks to queue
[2026-04-10T06:01:57.224+0000] {logging_mixin.py:190} INFO - [2026-04-10T06:01:57.223+0000] {dagbag.py:588} INFO - Filling up the DagBag from /opt/airflow/dags/dag.py
[2026-04-10T06:01:57.237+0000] {processor.py:925} INFO - DAG(s) 'matrix_minio' retrieved from /opt/airflow/dags/dag.py
[2026-04-10T06:01:57.276+0000] {logging_mixin.py:190} INFO - [2026-04-10T06:01:57.276+0000] {dag.py:3239} INFO - Sync 1 DAGs
[2026-04-10T06:01:57.301+0000] {logging_mixin.py:190} INFO - [2026-04-10T06:01:57.301+0000] {dag.py:4180} INFO - Setting next_dagrun for matrix_minio to None, run_after=None
[2026-04-10T06:01:57.334+0000] {processor.py:208} INFO - Processing /opt/airflow/dags/dag.py took 0.124 seconds
[2026-04-10T06:02:27.711+0000] {processor.py:186} INFO - Started process (PID=4274) to work on /opt/airflow/dags/dag.py
[2026-04-10T06:02:27.712+0000] {processor.py:914} INFO - Processing file /opt/airflow/dags/dag.py for tasks to queue
[2026-04-10T06:02:27.716+0000] {logging_mixin.py:190} INFO - [2026-04-10T06:02:27.715+0000] {dagbag.py:588} INFO - Filling up the DagBag from /opt/airflow/dags/dag.py
[2026-04-10T06:02:27.728+0000] {processor.py:925} INFO - DAG(s) 'matrix_minio' retrieved from /opt/airflow/dags/dag.py
[2026-04-10T06:02:27.770+0000] {logging_mixin.py:190} INFO - [2026-04-10T06:02:27.770+0000] {dag.py:3239} INFO - Sync 1 DAGs
[2026-04-10T06:02:27.796+0000] {logging_mixin.py:190} INFO - [2026-04-10T06:02:27.796+0000] {dag.py:4180} INFO - Setting next_dagrun for matrix_minio to None, run_after=None
[2026-04-10T06:02:27.827+0000] {processor.py:208} INFO - Processing /opt/airflow/dags/dag.py took 0.129 seconds
[2026-04-10T06:02:58.303+0000] {processor.py:186} INFO - Started process (PID=4345) to work on /opt/airflow/dags/dag.py
[2026-04-10T06:02:58.304+0000] {processor.py:914} INFO - Processing file /opt/airflow/dags/dag.py for tasks to queue
[2026-04-10T06:02:58.307+0000] {logging_mixin.py:190} INFO - [2026-04-10T06:02:58.306+0000] {dagbag.py:588} INFO - Filling up the DagBag from /opt/airflow/dags/dag.py
[2026-04-10T06:02:58.319+0000] {processor.py:925} INFO - DAG(s) 'matrix_minio' retrieved from /opt/airflow/dags/dag.py
[2026-04-10T06:02:58.359+0000] {logging_mixin.py:190} INFO - [2026-04-10T06:02:58.359+0000] {dag.py:3239} INFO - Sync 1 DAGs
[2026-04-10T06:02:58.383+0000] {logging_mixin.py:190} INFO - [2026-04-10T06:02:58.383+0000] {dag.py:4180} INFO - Setting next_dagrun for matrix_minio to None, run_after=None
[2026-04-10T06:02:58.416+0000] {processor.py:208} INFO - Processing /opt/airflow/dags/dag.py took 0.122 seconds
[2026-04-10T06:03:28.867+0000] {processor.py:186} INFO - Started process (PID=4416) to work on /opt/airflow/dags/dag.py
[2026-04-10T06:03:28.868+0000] {processor.py:914} INFO - Processing file /opt/airflow/dags/dag.py for tasks to queue
[2026-04-10T06:03:28.871+0000] {logging_mixin.py:190} INFO - [2026-04-10T06:03:28.871+0000] {dagbag.py:588} INFO - Filling up the DagBag from /opt/airflow/dags/dag.py
[2026-04-10T06:03:28.884+0000] {processor.py:925} INFO - DAG(s) 'matrix_minio' retrieved from /opt/airflow/dags/dag.py
[2026-04-10T06:03:28.926+0000] {logging_mixin.py:190} INFO - [2026-04-10T06:03:28.926+0000] {dag.py:3239} INFO - Sync 1 DAGs
[2026-04-10T06:03:28.951+0000] {logging_mixin.py:190} INFO - [2026-04-10T06:03:28.950+0000] {dag.py:4180} INFO - Setting next_dagrun for matrix_minio to None, run_after=None
[2026-04-10T06:03:28.980+0000] {processor.py:208} INFO - Processing /opt/airflow/dags/dag.py took 0.123 seconds
[2026-04-10T06:03:59.463+0000] {processor.py:186} INFO - Started process (PID=4487) to work on /opt/airflow/dags/dag.py
[2026-04-10T06:03:59.464+0000] {processor.py:914} INFO - Processing file /opt/airflow/dags/dag.py for tasks to queue
[2026-04-10T06:03:59.468+0000] {logging_mixin.py:190} INFO - [2026-04-10T06:03:59.467+0000] {dagbag.py:588} INFO - Filling up the DagBag from /opt/airflow/dags/dag.py
[2026-04-10T06:03:59.482+0000] {processor.py:925} INFO - DAG(s) 'matrix_minio' retrieved from /opt/airflow/dags/dag.py
[2026-04-10T06:03:59.525+0000] {logging_mixin.py:190} INFO - [2026-04-10T06:03:59.525+0000] {dag.py:3239} INFO - Sync 1 DAGs
[2026-04-10T06:03:59.554+0000] {logging_mixin.py:190} INFO - [2026-04-10T06:03:59.553+0000] {dag.py:4180} INFO - Setting next_dagrun for matrix_minio to None, run_after=None
[2026-04-10T06:03:59.592+0000] {processor.py:208} INFO - Processing /opt/airflow/dags/dag.py took 0.140 seconds
[2026-04-10T06:04:30.157+0000] {processor.py:186} INFO - Started process (PID=4558) to work on /opt/airflow/dags/dag.py
[2026-04-10T06:04:30.159+0000] {processor.py:914} INFO - Processing file /opt/airflow/dags/dag.py for tasks to queue
[2026-04-10T06:04:30.162+0000] {logging_mixin.py:190} INFO - [2026-04-10T06:04:30.161+0000] {dagbag.py:588} INFO - Filling up the DagBag from /opt/airflow/dags/dag.py
[2026-04-10T06:04:30.175+0000] {processor.py:925} INFO - DAG(s) 'matrix_minio' retrieved from /opt/airflow/dags/dag.py
[2026-04-10T06:04:30.221+0000] {logging_mixin.py:190} INFO - [2026-04-10T06:04:30.221+0000] {dag.py:3239} INFO - Sync 1 DAGs
[2026-04-10T06:04:30.245+0000] {logging_mixin.py:190} INFO - [2026-04-10T06:04:30.245+0000] {dag.py:4180} INFO - Setting next_dagrun for matrix_minio to None, run_after=None
[2026-04-10T06:04:30.276+0000] {processor.py:208} INFO - Processing /opt/airflow/dags/dag.py took 0.132 seconds
[2026-04-10T06:05:00.714+0000] {processor.py:186} INFO - Started process (PID=4629) to work on /opt/airflow/dags/dag.py
[2026-04-10T06:05:00.715+0000] {processor.py:914} INFO - Processing file /opt/airflow/dags/dag.py for tasks to queue
[2026-04-10T06:05:00.719+0000] {logging_mixin.py:190} INFO - [2026-04-10T06:05:00.718+0000] {dagbag.py:588} INFO - Filling up the DagBag from /opt/airflow/dags/dag.py
[2026-04-10T06:05:00.732+0000] {processor.py:925} INFO - DAG(s) 'matrix_minio' retrieved from /opt/airflow/dags/dag.py
[2026-04-10T06:05:00.775+0000] {logging_mixin.py:190} INFO - [2026-04-10T06:05:00.775+0000] {dag.py:3239} INFO - Sync 1 DAGs
[2026-04-10T06:05:00.801+0000] {logging_mixin.py:190} INFO - [2026-04-10T06:05:00.801+0000] {dag.py:4180} INFO - Setting next_dagrun for matrix_minio to None, run_after=None
[2026-04-10T06:05:00.833+0000] {processor.py:208} INFO - Processing /opt/airflow/dags/dag.py took 0.133 seconds
[2026-04-10T06:05:31.228+0000] {processor.py:186} INFO - Started process (PID=4700) to work on /opt/airflow/dags/dag.py
[2026-04-10T06:05:31.229+0000] {processor.py:914} INFO - Processing file /opt/airflow/dags/dag.py for tasks to queue
[2026-04-10T06:05:31.232+0000] {logging_mixin.py:190} INFO - [2026-04-10T06:05:31.232+0000] {dagbag.py:588} INFO - Filling up the DagBag from /opt/airflow/dags/dag.py
[2026-04-10T06:05:31.246+0000] {processor.py:925} INFO - DAG(s) 'matrix_minio' retrieved from /opt/airflow/dags/dag.py
[2026-04-10T06:05:31.291+0000] {logging_mixin.py:190} INFO - [2026-04-10T06:05:31.290+0000] {dag.py:3239} INFO - Sync 1 DAGs
[2026-04-10T06:05:31.316+0000] {logging_mixin.py:190} INFO - [2026-04-10T06:05:31.316+0000] {dag.py:4180} INFO - Setting next_dagrun for matrix_minio to None, run_after=None
[2026-04-10T06:05:31.349+0000] {processor.py:208} INFO - Processing /opt/airflow/dags/dag.py took 0.131 seconds
[2026-04-10T06:06:01.802+0000] {processor.py:186} INFO - Started process (PID=4771) to work on /opt/airflow/dags/dag.py
[2026-04-10T06:06:01.803+0000] {processor.py:914} INFO - Processing file /opt/airflow/dags/dag.py for tasks to queue
[2026-04-10T06:06:01.807+0000] {logging_mixin.py:190} INFO - [2026-04-10T06:06:01.806+0000] {dagbag.py:588} INFO - Filling up the DagBag from /opt/airflow/dags/dag.py
[2026-04-10T06:06:01.820+0000] {processor.py:925} INFO - DAG(s) 'matrix_minio' retrieved from /opt/airflow/dags/dag.py
[2026-04-10T06:06:01.862+0000] {logging_mixin.py:190} INFO - [2026-04-10T06:06:01.861+0000] {dag.py:3239} INFO - Sync 1 DAGs
[2026-04-10T06:06:01.886+0000] {logging_mixin.py:190} INFO - [2026-04-10T06:06:01.886+0000] {dag.py:4180} INFO - Setting next_dagrun for matrix_minio to None, run_after=None
[2026-04-10T06:06:01.917+0000] {processor.py:208} INFO - Processing /opt/airflow/dags/dag.py took 0.129 seconds
[2026-04-10T06:06:32.483+0000] {processor.py:186} INFO - Started process (PID=4842) to work on /opt/airflow/dags/dag.py
[2026-04-10T06:06:32.485+0000] {processor.py:914} INFO - Processing file /opt/airflow/dags/dag.py for tasks to queue
[2026-04-10T06:06:32.488+0000] {logging_mixin.py:190} INFO - [2026-04-10T06:06:32.488+0000] {dagbag.py:588} INFO - Filling up the DagBag from /opt/airflow/dags/dag.py
[2026-04-10T06:06:32.502+0000] {processor.py:925} INFO - DAG(s) 'matrix_minio' retrieved from /opt/airflow/dags/dag.py
[2026-04-10T06:06:32.545+0000] {logging_mixin.py:190} INFO - [2026-04-10T06:06:32.545+0000] {dag.py:3239} INFO - Sync 1 DAGs
[2026-04-10T06:06:32.571+0000] {logging_mixin.py:190} INFO - [2026-04-10T06:06:32.570+0000] {dag.py:4180} INFO - Setting next_dagrun for matrix_minio to None, run_after=None
[2026-04-10T06:06:32.602+0000] {processor.py:208} INFO - Processing /opt/airflow/dags/dag.py took 0.133 seconds
[2026-04-10T06:07:03.147+0000] {processor.py:186} INFO - Started process (PID=4913) to work on /opt/airflow/dags/dag.py
[2026-04-10T06:07:03.148+0000] {processor.py:914} INFO - Processing file /opt/airflow/dags/dag.py for tasks to queue
[2026-04-10T06:07:03.151+0000] {logging_mixin.py:190} INFO - [2026-04-10T06:07:03.150+0000] {dagbag.py:588} INFO - Filling up the DagBag from /opt/airflow/dags/dag.py
[2026-04-10T06:07:03.164+0000] {processor.py:925} INFO - DAG(s) 'matrix_minio' retrieved from /opt/airflow/dags/dag.py
[2026-04-10T06:07:03.208+0000] {logging_mixin.py:190} INFO - [2026-04-10T06:07:03.208+0000] {dag.py:3239} INFO - Sync 1 DAGs
[2026-04-10T06:07:03.233+0000] {logging_mixin.py:190} INFO - [2026-04-10T06:07:03.233+0000] {dag.py:4180} INFO - Setting next_dagrun for matrix_minio to None, run_after=None
[2026-04-10T06:07:03.267+0000] {processor.py:208} INFO - Processing /opt/airflow/dags/dag.py took 0.133 seconds
[2026-04-10T06:07:33.707+0000] {processor.py:186} INFO - Started process (PID=4984) to work on /opt/airflow/dags/dag.py
[2026-04-10T06:07:33.709+0000] {processor.py:914} INFO - Processing file /opt/airflow/dags/dag.py for tasks to queue
[2026-04-10T06:07:33.713+0000] {logging_mixin.py:190} INFO - [2026-04-10T06:07:33.712+0000] {dagbag.py:588} INFO - Filling up the DagBag from /opt/airflow/dags/dag.py
[2026-04-10T06:07:33.731+0000] {processor.py:925} INFO - DAG(s) 'matrix_minio' retrieved from /opt/airflow/dags/dag.py
[2026-04-10T06:07:33.773+0000] {logging_mixin.py:190} INFO - [2026-04-10T06:07:33.772+0000] {dag.py:3239} INFO - Sync 1 DAGs
[2026-04-10T06:07:33.799+0000] {logging_mixin.py:190} INFO - [2026-04-10T06:07:33.798+0000] {dag.py:4180} INFO - Setting next_dagrun for matrix_minio to None, run_after=None
[2026-04-10T06:07:33.829+0000] {processor.py:208} INFO - Processing /opt/airflow/dags/dag.py took 0.136 seconds
[2026-04-10T06:08:04.305+0000] {processor.py:186} INFO - Started process (PID=5055) to work on /opt/airflow/dags/dag.py
[2026-04-10T06:08:04.306+0000] {processor.py:914} INFO - Processing file /opt/airflow/dags/dag.py for tasks to queue
[2026-04-10T06:08:04.309+0000] {logging_mixin.py:190} INFO - [2026-04-10T06:08:04.309+0000] {dagbag.py:588} INFO - Filling up the DagBag from /opt/airflow/dags/dag.py
[2026-04-10T06:08:04.323+0000] {processor.py:925} INFO - DAG(s) 'matrix_minio' retrieved from /opt/airflow/dags/dag.py
[2026-04-10T06:08:04.366+0000] {logging_mixin.py:190} INFO - [2026-04-10T06:08:04.366+0000] {dag.py:3239} INFO - Sync 1 DAGs
[2026-04-10T06:08:04.394+0000] {logging_mixin.py:190} INFO - [2026-04-10T06:08:04.394+0000] {dag.py:4180} INFO - Setting next_dagrun for matrix_minio to None, run_after=None
[2026-04-10T06:08:04.427+0000] {processor.py:208} INFO - Processing /opt/airflow/dags/dag.py took 0.136 seconds
[2026-04-10T06:08:34.833+0000] {processor.py:186} INFO - Started process (PID=5126) to work on /opt/airflow/dags/dag.py
[2026-04-10T06:08:34.834+0000] {processor.py:914} INFO - Processing file /opt/airflow/dags/dag.py for tasks to queue
[2026-04-10T06:08:34.837+0000] {logging_mixin.py:190} INFO - [2026-04-10T06:08:34.837+0000] {dagbag.py:588} INFO - Filling up the DagBag from /opt/airflow/dags/dag.py
[2026-04-10T06:08:34.850+0000] {processor.py:925} INFO - DAG(s) 'matrix_minio' retrieved from /opt/airflow/dags/dag.py
[2026-04-10T06:08:34.903+0000] {logging_mixin.py:190} INFO - [2026-04-10T06:08:34.903+0000] {dag.py:3239} INFO - Sync 1 DAGs
[2026-04-10T06:08:34.927+0000] {logging_mixin.py:190} INFO - [2026-04-10T06:08:34.926+0000] {dag.py:4180} INFO - Setting next_dagrun for matrix_minio to None, run_after=None
[2026-04-10T06:08:34.966+0000] {processor.py:208} INFO - Processing /opt/airflow/dags/dag.py took 0.147 seconds
[2026-04-10T06:09:05.393+0000] {processor.py:186} INFO - Started process (PID=5197) to work on /opt/airflow/dags/dag.py
[2026-04-10T06:09:05.394+0000] {processor.py:914} INFO - Processing file /opt/airflow/dags/dag.py for tasks to queue
[2026-04-10T06:09:05.397+0000] {logging_mixin.py:190} INFO - [2026-04-10T06:09:05.397+0000] {dagbag.py:588} INFO - Filling up the DagBag from /opt/airflow/dags/dag.py
[2026-04-10T06:09:05.410+0000] {processor.py:925} INFO - DAG(s) 'matrix_minio' retrieved from /opt/airflow/dags/dag.py
[2026-04-10T06:09:05.451+0000] {logging_mixin.py:190} INFO - [2026-04-10T06:09:05.450+0000] {dag.py:3239} INFO - Sync 1 DAGs
[2026-04-10T06:09:05.478+0000] {logging_mixin.py:190} INFO - [2026-04-10T06:09:05.478+0000] {dag.py:4180} INFO - Setting next_dagrun for matrix_minio to None, run_after=None
[2026-04-10T06:09:05.513+0000] {processor.py:208} INFO - Processing /opt/airflow/dags/dag.py took 0.133 seconds
[2026-04-10T06:09:35.934+0000] {processor.py:186} INFO - Started process (PID=5268) to work on /opt/airflow/dags/dag.py
[2026-04-10T06:09:35.935+0000] {processor.py:914} INFO - Processing file /opt/airflow/dags/dag.py for tasks to queue
[2026-04-10T06:09:35.938+0000] {logging_mixin.py:190} INFO - [2026-04-10T06:09:35.938+0000] {dagbag.py:588} INFO - Filling up the DagBag from /opt/airflow/dags/dag.py
[2026-04-10T06:09:35.951+0000] {processor.py:925} INFO - DAG(s) 'matrix_minio' retrieved from /opt/airflow/dags/dag.py
[2026-04-10T06:09:35.991+0000] {logging_mixin.py:190} INFO - [2026-04-10T06:09:35.991+0000] {dag.py:3239} INFO - Sync 1 DAGs
[2026-04-10T06:09:36.014+0000] {logging_mixin.py:190} INFO - [2026-04-10T06:09:36.014+0000] {dag.py:4180} INFO - Setting next_dagrun for matrix_minio to None, run_after=None
[2026-04-10T06:09:36.042+0000] {processor.py:208} INFO - Processing /opt/airflow/dags/dag.py took 0.121 seconds
[2026-04-10T06:10:06.446+0000] {processor.py:186} INFO - Started process (PID=5339) to work on /opt/airflow/dags/dag.py
[2026-04-10T06:10:06.448+0000] {processor.py:914} INFO - Processing file /opt/airflow/dags/dag.py for tasks to queue
[2026-04-10T06:10:06.451+0000] {logging_mixin.py:190} INFO - [2026-04-10T06:10:06.451+0000] {dagbag.py:588} INFO - Filling up the DagBag from /opt/airflow/dags/dag.py
[2026-04-10T06:10:06.464+0000] {processor.py:925} INFO - DAG(s) 'matrix_minio' retrieved from /opt/airflow/dags/dag.py
[2026-04-10T06:10:06.505+0000] {logging_mixin.py:190} INFO - [2026-04-10T06:10:06.504+0000] {dag.py:3239} INFO - Sync 1 DAGs
[2026-04-10T06:10:06.529+0000] {logging_mixin.py:190} INFO - [2026-04-10T06:10:06.529+0000] {dag.py:4180} INFO - Setting next_dagrun for matrix_minio to None, run_after=None
[2026-04-10T06:10:06.561+0000] {processor.py:208} INFO - Processing /opt/airflow/dags/dag.py took 0.129 seconds
[2026-04-10T06:10:36.870+0000] {processor.py:186} INFO - Started process (PID=5410) to work on /opt/airflow/dags/dag.py
[2026-04-10T06:10:36.872+0000] {processor.py:914} INFO - Processing file /opt/airflow/dags/dag.py for tasks to queue
[2026-04-10T06:10:36.875+0000] {logging_mixin.py:190} INFO - [2026-04-10T06:10:36.875+0000] {dagbag.py:588} INFO - Filling up the DagBag from /opt/airflow/dags/dag.py
[2026-04-10T06:10:36.888+0000] {processor.py:925} INFO - DAG(s) 'matrix_minio' retrieved from /opt/airflow/dags/dag.py
[2026-04-10T06:10:36.932+0000] {logging_mixin.py:190} INFO - [2026-04-10T06:10:36.931+0000] {dag.py:3239} INFO - Sync 1 DAGs
[2026-04-10T06:10:36.959+0000] {logging_mixin.py:190} INFO - [2026-04-10T06:10:36.958+0000] {dag.py:4180} INFO - Setting next_dagrun for matrix_minio to None, run_after=None
[2026-04-10T06:10:36.991+0000] {processor.py:208} INFO - Processing /opt/airflow/dags/dag.py took 0.134 seconds
[2026-04-10T06:11:07.279+0000] {processor.py:186} INFO - Started process (PID=5481) to work on /opt/airflow/dags/dag.py
[2026-04-10T06:11:07.280+0000] {processor.py:914} INFO - Processing file /opt/airflow/dags/dag.py for tasks to queue
[2026-04-10T06:11:07.283+0000] {logging_mixin.py:190} INFO - [2026-04-10T06:11:07.283+0000] {dagbag.py:588} INFO - Filling up the DagBag from /opt/airflow/dags/dag.py
[2026-04-10T06:11:07.295+0000] {processor.py:925} INFO - DAG(s) 'matrix_minio' retrieved from /opt/airflow/dags/dag.py
[2026-04-10T06:11:07.335+0000] {logging_mixin.py:190} INFO - [2026-04-10T06:11:07.334+0000] {dag.py:3239} INFO - Sync 1 DAGs
[2026-04-10T06:11:07.358+0000] {logging_mixin.py:190} INFO - [2026-04-10T06:11:07.358+0000] {dag.py:4180} INFO - Setting next_dagrun for matrix_minio to None, run_after=None
[2026-04-10T06:11:07.390+0000] {processor.py:208} INFO - Processing /opt/airflow/dags/dag.py took 0.124 seconds
[2026-04-10T06:11:37.767+0000] {processor.py:186} INFO - Started process (PID=5552) to work on /opt/airflow/dags/dag.py
[2026-04-10T06:11:37.769+0000] {processor.py:914} INFO - Processing file /opt/airflow/dags/dag.py for tasks to queue
[2026-04-10T06:11:37.772+0000] {logging_mixin.py:190} INFO - [2026-04-10T06:11:37.771+0000] {dagbag.py:588} INFO - Filling up the DagBag from /opt/airflow/dags/dag.py
[2026-04-10T06:11:37.784+0000] {processor.py:925} INFO - DAG(s) 'matrix_minio' retrieved from /opt/airflow/dags/dag.py
[2026-04-10T06:11:37.824+0000] {logging_mixin.py:190} INFO - [2026-04-10T06:11:37.823+0000] {dag.py:3239} INFO - Sync 1 DAGs
[2026-04-10T06:11:37.849+0000] {logging_mixin.py:190} INFO - [2026-04-10T06:11:37.849+0000] {dag.py:4180} INFO - Setting next_dagrun for matrix_minio to None, run_after=None
[2026-04-10T06:11:37.879+0000] {processor.py:208} INFO - Processing /opt/airflow/dags/dag.py took 0.124 seconds
[2026-04-10T06:12:08.217+0000] {processor.py:186} INFO - Started process (PID=5623) to work on /opt/airflow/dags/dag.py
[2026-04-10T06:12:08.219+0000] {processor.py:914} INFO - Processing file /opt/airflow/dags/dag.py for tasks to queue
[2026-04-10T06:12:08.222+0000] {logging_mixin.py:190} INFO - [2026-04-10T06:12:08.221+0000] {dagbag.py:588} INFO - Filling up the DagBag from /opt/airflow/dags/dag.py
[2026-04-10T06:12:08.234+0000] {processor.py:925} INFO - DAG(s) 'matrix_minio' retrieved from /opt/airflow/dags/dag.py
[2026-04-10T06:12:08.272+0000] {logging_mixin.py:190} INFO - [2026-04-10T06:12:08.272+0000] {dag.py:3239} INFO - Sync 1 DAGs
[2026-04-10T06:12:08.303+0000] {logging_mixin.py:190} INFO - [2026-04-10T06:12:08.302+0000] {dag.py:4180} INFO - Setting next_dagrun for matrix_minio to None, run_after=None
[2026-04-10T06:12:08.335+0000] {processor.py:208} INFO - Processing /opt/airflow/dags/dag.py took 0.130 seconds
[2026-04-10T06:12:38.697+0000] {processor.py:186} INFO - Started process (PID=5694) to work on /opt/airflow/dags/dag.py
[2026-04-10T06:12:38.698+0000] {processor.py:914} INFO - Processing file /opt/airflow/dags/dag.py for tasks to queue
[2026-04-10T06:12:38.701+0000] {logging_mixin.py:190} INFO - [2026-04-10T06:12:38.700+0000] {dagbag.py:588} INFO - Filling up the DagBag from /opt/airflow/dags/dag.py
[2026-04-10T06:12:38.713+0000] {processor.py:925} INFO - DAG(s) 'matrix_minio' retrieved from /opt/airflow/dags/dag.py
[2026-04-10T06:12:38.752+0000] {logging_mixin.py:190} INFO - [2026-04-10T06:12:38.751+0000] {dag.py:3239} INFO - Sync 1 DAGs
[2026-04-10T06:12:38.776+0000] {logging_mixin.py:190} INFO - [2026-04-10T06:12:38.776+0000] {dag.py:4180} INFO - Setting next_dagrun for matrix_minio to None, run_after=None
[2026-04-10T06:12:38.808+0000] {processor.py:208} INFO - Processing /opt/airflow/dags/dag.py took 0.121 seconds
[2026-04-10T06:13:09.207+0000] {processor.py:186} INFO - Started process (PID=5765) to work on /opt/airflow/dags/dag.py
[2026-04-10T06:13:09.208+0000] {processor.py:914} INFO - Processing file /opt/airflow/dags/dag.py for tasks to queue
[2026-04-10T06:13:09.212+0000] {logging_mixin.py:190} INFO - [2026-04-10T06:13:09.211+0000] {dagbag.py:588} INFO - Filling up the DagBag from /opt/airflow/dags/dag.py
[2026-04-10T06:13:09.225+0000] {processor.py:925} INFO - DAG(s) 'matrix_minio' retrieved from /opt/airflow/dags/dag.py
[2026-04-10T06:13:09.264+0000] {logging_mixin.py:190} INFO - [2026-04-10T06:13:09.263+0000] {dag.py:3239} INFO - Sync 1 DAGs
[2026-04-10T06:13:09.290+0000] {logging_mixin.py:190} INFO - [2026-04-10T06:13:09.289+0000] {dag.py:4180} INFO - Setting next_dagrun for matrix_minio to None, run_after=None
[2026-04-10T06:13:09.321+0000] {processor.py:208} INFO - Processing /opt/airflow/dags/dag.py took 0.124 seconds
[2026-04-10T06:13:39.686+0000] {processor.py:186} INFO - Started process (PID=5836) to work on /opt/airflow/dags/dag.py
[2026-04-10T06:13:39.687+0000] {processor.py:914} INFO - Processing file /opt/airflow/dags/dag.py for tasks to queue
[2026-04-10T06:13:39.691+0000] {logging_mixin.py:190} INFO - [2026-04-10T06:13:39.690+0000] {dagbag.py:588} INFO - Filling up the DagBag from /opt/airflow/dags/dag.py
[2026-04-10T06:13:39.704+0000] {processor.py:925} INFO - DAG(s) 'matrix_minio' retrieved from /opt/airflow/dags/dag.py
[2026-04-10T06:13:39.745+0000] {logging_mixin.py:190} INFO - [2026-04-10T06:13:39.745+0000] {dag.py:3239} INFO - Sync 1 DAGs
[2026-04-10T06:13:39.770+0000] {logging_mixin.py:190} INFO - [2026-04-10T06:13:39.770+0000] {dag.py:4180} INFO - Setting next_dagrun for matrix_minio to None, run_after=None
[2026-04-10T06:13:39.800+0000] {processor.py:208} INFO - Processing /opt/airflow/dags/dag.py took 0.127 seconds
[2026-04-10T06:14:10.238+0000] {processor.py:186} INFO - Started process (PID=5907) to work on /opt/airflow/dags/dag.py
[2026-04-10T06:14:10.239+0000] {processor.py:914} INFO - Processing file /opt/airflow/dags/dag.py for tasks to queue
[2026-04-10T06:14:10.242+0000] {logging_mixin.py:190} INFO - [2026-04-10T06:14:10.242+0000] {dagbag.py:588} INFO - Filling up the DagBag from /opt/airflow/dags/dag.py
[2026-04-10T06:14:10.256+0000] {processor.py:925} INFO - DAG(s) 'matrix_minio' retrieved from /opt/airflow/dags/dag.py
[2026-04-10T06:14:10.294+0000] {logging_mixin.py:190} INFO - [2026-04-10T06:14:10.293+0000] {dag.py:3239} INFO - Sync 1 DAGs
[2026-04-10T06:14:10.317+0000] {logging_mixin.py:190} INFO - [2026-04-10T06:14:10.316+0000] {dag.py:4180} INFO - Setting next_dagrun for matrix_minio to None, run_after=None
[2026-04-10T06:14:10.347+0000] {processor.py:208} INFO - Processing /opt/airflow/dags/dag.py took 0.123 seconds
[2026-04-10T06:14:40.765+0000] {processor.py:186} INFO - Started process (PID=5978) to work on /opt/airflow/dags/dag.py
[2026-04-10T06:14:40.766+0000] {processor.py:914} INFO - Processing file /opt/airflow/dags/dag.py for tasks to queue
[2026-04-10T06:14:40.769+0000] {logging_mixin.py:190} INFO - [2026-04-10T06:14:40.768+0000] {dagbag.py:588} INFO - Filling up the DagBag from /opt/airflow/dags/dag.py
[2026-04-10T06:14:40.781+0000] {processor.py:925} INFO - DAG(s) 'matrix_minio' retrieved from /opt/airflow/dags/dag.py
[2026-04-10T06:14:40.823+0000] {logging_mixin.py:190} INFO - [2026-04-10T06:14:40.823+0000] {dag.py:3239} INFO - Sync 1 DAGs
[2026-04-10T06:14:40.848+0000] {logging_mixin.py:190} INFO - [2026-04-10T06:14:40.847+0000] {dag.py:4180} INFO - Setting next_dagrun for matrix_minio to None, run_after=None
[2026-04-10T06:14:40.879+0000] {processor.py:208} INFO - Processing /opt/airflow/dags/dag.py took 0.123 seconds
[2026-04-10T06:15:11.233+0000] {processor.py:186} INFO - Started process (PID=6049) to work on /opt/airflow/dags/dag.py
[2026-04-10T06:15:11.235+0000] {processor.py:914} INFO - Processing file /opt/airflow/dags/dag.py for tasks to queue
[2026-04-10T06:15:11.238+0000] {logging_mixin.py:190} INFO - [2026-04-10T06:15:11.237+0000] {dagbag.py:588} INFO - Filling up the DagBag from /opt/airflow/dags/dag.py
[2026-04-10T06:15:11.251+0000] {processor.py:925} INFO - DAG(s) 'matrix_minio' retrieved from /opt/airflow/dags/dag.py
[2026-04-10T06:15:11.292+0000] {logging_mixin.py:190} INFO - [2026-04-10T06:15:11.292+0000] {dag.py:3239} INFO - Sync 1 DAGs
[2026-04-10T06:15:11.315+0000] {logging_mixin.py:190} INFO - [2026-04-10T06:15:11.315+0000] {dag.py:4180} INFO - Setting next_dagrun for matrix_minio to None, run_after=None
[2026-04-10T06:15:11.346+0000] {processor.py:208} INFO - Processing /opt/airflow/dags/dag.py took 0.121 seconds
[2026-04-10T06:15:41.758+0000] {processor.py:186} INFO - Started process (PID=6120) to work on /opt/airflow/dags/dag.py
[2026-04-10T06:15:41.760+0000] {processor.py:914} INFO - Processing file /opt/airflow/dags/dag.py for tasks to queue
[2026-04-10T06:15:41.764+0000] {logging_mixin.py:190} INFO - [2026-04-10T06:15:41.763+0000] {dagbag.py:588} INFO - Filling up the DagBag from /opt/airflow/dags/dag.py
[2026-04-10T06:15:41.778+0000] {processor.py:925} INFO - DAG(s) 'matrix_minio' retrieved from /opt/airflow/dags/dag.py
[2026-04-10T06:15:41.820+0000] {logging_mixin.py:190} INFO - [2026-04-10T06:15:41.820+0000] {dag.py:3239} INFO - Sync 1 DAGs
[2026-04-10T06:15:41.846+0000] {logging_mixin.py:190} INFO - [2026-04-10T06:15:41.846+0000] {dag.py:4180} INFO - Setting next_dagrun for matrix_minio to None, run_after=None
[2026-04-10T06:15:41.876+0000] {processor.py:208} INFO - Processing /opt/airflow/dags/dag.py took 0.131 seconds
[2026-04-10T08:57:37.473+0000] {processor.py:186} INFO - Started process (PID=6191) to work on /opt/airflow/dags/dag.py
[2026-04-10T08:57:37.477+0000] {processor.py:914} INFO - Processing file /opt/airflow/dags/dag.py for tasks to queue
[2026-04-10T08:57:37.482+0000] {logging_mixin.py:190} INFO - [2026-04-10T08:57:37.481+0000] {dagbag.py:588} INFO - Filling up the DagBag from /opt/airflow/dags/dag.py
[2026-04-10T08:57:37.505+0000] {processor.py:925} INFO - DAG(s) 'matrix_minio' retrieved from /opt/airflow/dags/dag.py
[2026-04-10T08:57:37.573+0000] {logging_mixin.py:190} INFO - [2026-04-10T08:57:37.573+0000] {dag.py:3239} INFO - Sync 1 DAGs
[2026-04-10T08:57:37.615+0000] {logging_mixin.py:190} INFO - [2026-04-10T08:57:37.614+0000] {dag.py:4180} INFO - Setting next_dagrun for matrix_minio to None, run_after=None
[2026-04-10T08:57:37.697+0000] {processor.py:208} INFO - Processing /opt/airflow/dags/dag.py took 0.238 seconds
[2026-04-10T08:58:08.139+0000] {processor.py:186} INFO - Started process (PID=6262) to work on /opt/airflow/dags/dag.py
[2026-04-10T08:58:08.140+0000] {processor.py:914} INFO - Processing file /opt/airflow/dags/dag.py for tasks to queue
[2026-04-10T08:58:08.143+0000] {logging_mixin.py:190} INFO - [2026-04-10T08:58:08.143+0000] {dagbag.py:588} INFO - Filling up the DagBag from /opt/airflow/dags/dag.py
[2026-04-10T08:58:08.156+0000] {processor.py:925} INFO - DAG(s) 'matrix_minio' retrieved from /opt/airflow/dags/dag.py
[2026-04-10T08:58:08.196+0000] {logging_mixin.py:190} INFO - [2026-04-10T08:58:08.195+0000] {dag.py:3239} INFO - Sync 1 DAGs
[2026-04-10T08:58:08.221+0000] {logging_mixin.py:190} INFO - [2026-04-10T08:58:08.221+0000] {dag.py:4180} INFO - Setting next_dagrun for matrix_minio to None, run_after=None
[2026-04-10T08:58:08.252+0000] {processor.py:208} INFO - Processing /opt/airflow/dags/dag.py took 0.125 seconds
[2026-04-10T08:58:38.666+0000] {processor.py:186} INFO - Started process (PID=6333) to work on /opt/airflow/dags/dag.py
[2026-04-10T08:58:38.668+0000] {processor.py:914} INFO - Processing file /opt/airflow/dags/dag.py for tasks to queue
[2026-04-10T08:58:38.671+0000] {logging_mixin.py:190} INFO - [2026-04-10T08:58:38.671+0000] {dagbag.py:588} INFO - Filling up the DagBag from /opt/airflow/dags/dag.py
[2026-04-10T08:58:38.684+0000] {processor.py:925} INFO - DAG(s) 'matrix_minio' retrieved from /opt/airflow/dags/dag.py
[2026-04-10T08:58:38.724+0000] {logging_mixin.py:190} INFO - [2026-04-10T08:58:38.723+0000] {dag.py:3239} INFO - Sync 1 DAGs
[2026-04-10T08:58:38.750+0000] {logging_mixin.py:190} INFO - [2026-04-10T08:58:38.749+0000] {dag.py:4180} INFO - Setting next_dagrun for matrix_minio to None, run_after=None
[2026-04-10T08:58:38.781+0000] {processor.py:208} INFO - Processing /opt/airflow/dags/dag.py took 0.124 seconds
[2026-04-10T08:59:09.211+0000] {processor.py:186} INFO - Started process (PID=6404) to work on /opt/airflow/dags/dag.py
[2026-04-10T08:59:09.213+0000] {processor.py:914} INFO - Processing file /opt/airflow/dags/dag.py for tasks to queue
[2026-04-10T08:59:09.216+0000] {logging_mixin.py:190} INFO - [2026-04-10T08:59:09.215+0000] {dagbag.py:588} INFO - Filling up the DagBag from /opt/airflow/dags/dag.py
[2026-04-10T08:59:09.229+0000] {processor.py:925} INFO - DAG(s) 'matrix_minio' retrieved from /opt/airflow/dags/dag.py
[2026-04-10T08:59:09.269+0000] {logging_mixin.py:190} INFO - [2026-04-10T08:59:09.268+0000] {dag.py:3239} INFO - Sync 1 DAGs
[2026-04-10T08:59:09.292+0000] {logging_mixin.py:190} INFO - [2026-04-10T08:59:09.292+0000] {dag.py:4180} INFO - Setting next_dagrun for matrix_minio to None, run_after=None
[2026-04-10T08:59:09.322+0000] {processor.py:208} INFO - Processing /opt/airflow/dags/dag.py took 0.125 seconds
[2026-04-10T08:59:39.583+0000] {processor.py:186} INFO - Started process (PID=6475) to work on /opt/airflow/dags/dag.py
[2026-04-10T08:59:39.585+0000] {processor.py:914} INFO - Processing file /opt/airflow/dags/dag.py for tasks to queue
[2026-04-10T08:59:39.588+0000] {logging_mixin.py:190} INFO - [2026-04-10T08:59:39.588+0000] {dagbag.py:588} INFO - Filling up the DagBag from /opt/airflow/dags/dag.py
[2026-04-10T08:59:39.602+0000] {processor.py:925} INFO - DAG(s) 'matrix_minio' retrieved from /opt/airflow/dags/dag.py
[2026-04-10T08:59:39.647+0000] {logging_mixin.py:190} INFO - [2026-04-10T08:59:39.646+0000] {dag.py:3239} INFO - Sync 1 DAGs
[2026-04-10T08:59:39.673+0000] {logging_mixin.py:190} INFO - [2026-04-10T08:59:39.673+0000] {dag.py:4180} INFO - Setting next_dagrun for matrix_minio to None, run_after=None
[2026-04-10T08:59:39.705+0000] {processor.py:208} INFO - Processing /opt/airflow/dags/dag.py took 0.134 seconds
[2026-04-10T09:00:10.111+0000] {processor.py:186} INFO - Started process (PID=6546) to work on /opt/airflow/dags/dag.py
[2026-04-10T09:00:10.113+0000] {processor.py:914} INFO - Processing file /opt/airflow/dags/dag.py for tasks to queue
[2026-04-10T09:00:10.116+0000] {logging_mixin.py:190} INFO - [2026-04-10T09:00:10.116+0000] {dagbag.py:588} INFO - Filling up the DagBag from /opt/airflow/dags/dag.py
[2026-04-10T09:00:10.129+0000] {processor.py:925} INFO - DAG(s) 'matrix_minio' retrieved from /opt/airflow/dags/dag.py
[2026-04-10T09:00:10.173+0000] {logging_mixin.py:190} INFO - [2026-04-10T09:00:10.173+0000] {dag.py:3239} INFO - Sync 1 DAGs
[2026-04-10T09:00:10.198+0000] {logging_mixin.py:190} INFO - [2026-04-10T09:00:10.198+0000] {dag.py:4180} INFO - Setting next_dagrun for matrix_minio to None, run_after=None
[2026-04-10T09:00:10.229+0000] {processor.py:208} INFO - Processing /opt/airflow/dags/dag.py took 0.131 seconds
[2026-04-10T09:00:40.606+0000] {processor.py:186} INFO - Started process (PID=6617) to work on /opt/airflow/dags/dag.py
[2026-04-10T09:00:40.607+0000] {processor.py:914} INFO - Processing file /opt/airflow/dags/dag.py for tasks to queue
[2026-04-10T09:00:40.610+0000] {logging_mixin.py:190} INFO - [2026-04-10T09:00:40.610+0000] {dagbag.py:588} INFO - Filling up the DagBag from /opt/airflow/dags/dag.py
[2026-04-10T09:00:40.623+0000] {processor.py:925} INFO - DAG(s) 'matrix_minio' retrieved from /opt/airflow/dags/dag.py
[2026-04-10T09:00:40.668+0000] {logging_mixin.py:190} INFO - [2026-04-10T09:00:40.667+0000] {dag.py:3239} INFO - Sync 1 DAGs
[2026-04-10T09:00:40.696+0000] {logging_mixin.py:190} INFO - [2026-04-10T09:00:40.695+0000] {dag.py:4180} INFO - Setting next_dagrun for matrix_minio to None, run_after=None
[2026-04-10T09:00:40.726+0000] {processor.py:208} INFO - Processing /opt/airflow/dags/dag.py took 0.133 seconds
[2026-04-10T09:01:11.107+0000] {processor.py:186} INFO - Started process (PID=6688) to work on /opt/airflow/dags/dag.py
[2026-04-10T09:01:11.109+0000] {processor.py:914} INFO - Processing file /opt/airflow/dags/dag.py for tasks to queue
[2026-04-10T09:01:11.113+0000] {logging_mixin.py:190} INFO - [2026-04-10T09:01:11.112+0000] {dagbag.py:588} INFO - Filling up the DagBag from /opt/airflow/dags/dag.py
[2026-04-10T09:01:11.127+0000] {processor.py:925} INFO - DAG(s) 'matrix_minio' retrieved from /opt/airflow/dags/dag.py
[2026-04-10T09:01:11.171+0000] {logging_mixin.py:190} INFO - [2026-04-10T09:01:11.170+0000] {dag.py:3239} INFO - Sync 1 DAGs
[2026-04-10T09:01:11.198+0000] {logging_mixin.py:190} INFO - [2026-04-10T09:01:11.198+0000] {dag.py:4180} INFO - Setting next_dagrun for matrix_minio to None, run_after=None
[2026-04-10T09:01:11.230+0000] {processor.py:208} INFO - Processing /opt/airflow/dags/dag.py took 0.135 seconds
[2026-04-10T09:01:41.629+0000] {processor.py:186} INFO - Started process (PID=6759) to work on /opt/airflow/dags/dag.py
[2026-04-10T09:01:41.630+0000] {processor.py:914} INFO - Processing file /opt/airflow/dags/dag.py for tasks to queue
[2026-04-10T09:01:41.633+0000] {logging_mixin.py:190} INFO - [2026-04-10T09:01:41.633+0000] {dagbag.py:588} INFO - Filling up the DagBag from /opt/airflow/dags/dag.py
[2026-04-10T09:01:41.646+0000] {processor.py:925} INFO - DAG(s) 'matrix_minio' retrieved from /opt/airflow/dags/dag.py
[2026-04-10T09:01:41.685+0000] {logging_mixin.py:190} INFO - [2026-04-10T09:01:41.684+0000] {dag.py:3239} INFO - Sync 1 DAGs
[2026-04-10T09:01:41.707+0000] {logging_mixin.py:190} INFO - [2026-04-10T09:01:41.707+0000] {dag.py:4180} INFO - Setting next_dagrun for matrix_minio to None, run_after=None
[2026-04-10T09:01:41.738+0000] {processor.py:208} INFO - Processing /opt/airflow/dags/dag.py took 0.118 seconds
[2026-04-10T09:02:12.175+0000] {processor.py:186} INFO - Started process (PID=6830) to work on /opt/airflow/dags/dag.py
[2026-04-10T09:02:12.176+0000] {processor.py:914} INFO - Processing file /opt/airflow/dags/dag.py for tasks to queue
[2026-04-10T09:02:12.180+0000] {logging_mixin.py:190} INFO - [2026-04-10T09:02:12.179+0000] {dagbag.py:588} INFO - Filling up the DagBag from /opt/airflow/dags/dag.py
[2026-04-10T09:02:12.193+0000] {processor.py:925} INFO - DAG(s) 'matrix_minio' retrieved from /opt/airflow/dags/dag.py
[2026-04-10T09:02:12.232+0000] {logging_mixin.py:190} INFO - [2026-04-10T09:02:12.232+0000] {dag.py:3239} INFO - Sync 1 DAGs
[2026-04-10T09:02:12.258+0000] {logging_mixin.py:190} INFO - [2026-04-10T09:02:12.257+0000] {dag.py:4180} INFO - Setting next_dagrun for matrix_minio to None, run_after=None
[2026-04-10T09:02:12.288+0000] {processor.py:208} INFO - Processing /opt/airflow/dags/dag.py took 0.127 seconds
[2026-04-10T09:02:42.574+0000] {processor.py:186} INFO - Started process (PID=6901) to work on /opt/airflow/dags/dag.py
[2026-04-10T09:02:42.575+0000] {processor.py:914} INFO - Processing file /opt/airflow/dags/dag.py for tasks to queue
[2026-04-10T09:02:42.578+0000] {logging_mixin.py:190} INFO - [2026-04-10T09:02:42.578+0000] {dagbag.py:588} INFO - Filling up the DagBag from /opt/airflow/dags/dag.py
[2026-04-10T09:02:42.591+0000] {processor.py:925} INFO - DAG(s) 'matrix_minio' retrieved from /opt/airflow/dags/dag.py
[2026-04-10T09:02:42.630+0000] {logging_mixin.py:190} INFO - [2026-04-10T09:02:42.629+0000] {dag.py:3239} INFO - Sync 1 DAGs
[2026-04-10T09:02:42.654+0000] {logging_mixin.py:190} INFO - [2026-04-10T09:02:42.654+0000] {dag.py:4180} INFO - Setting next_dagrun for matrix_minio to None, run_after=None
[2026-04-10T09:02:42.685+0000] {processor.py:208} INFO - Processing /opt/airflow/dags/dag.py took 0.125 seconds
[2026-04-10T09:03:13.182+0000] {processor.py:186} INFO - Started process (PID=6972) to work on /opt/airflow/dags/dag.py
[2026-04-10T09:03:13.183+0000] {processor.py:914} INFO - Processing file /opt/airflow/dags/dag.py for tasks to queue
[2026-04-10T09:03:13.186+0000] {logging_mixin.py:190} INFO - [2026-04-10T09:03:13.186+0000] {dagbag.py:588} INFO - Filling up the DagBag from /opt/airflow/dags/dag.py
[2026-04-10T09:03:13.199+0000] {processor.py:925} INFO - DAG(s) 'matrix_minio' retrieved from /opt/airflow/dags/dag.py
[2026-04-10T09:03:13.238+0000] {logging_mixin.py:190} INFO - [2026-04-10T09:03:13.237+0000] {dag.py:3239} INFO - Sync 1 DAGs
[2026-04-10T09:03:13.263+0000] {logging_mixin.py:190} INFO - [2026-04-10T09:03:13.262+0000] {dag.py:4180} INFO - Setting next_dagrun for matrix_minio to None, run_after=None
[2026-04-10T09:03:13.293+0000] {processor.py:208} INFO - Processing /opt/airflow/dags/dag.py took 0.120 seconds
[2026-04-10T09:03:43.697+0000] {processor.py:186} INFO - Started process (PID=7043) to work on /opt/airflow/dags/dag.py
[2026-04-10T09:03:43.699+0000] {processor.py:914} INFO - Processing file /opt/airflow/dags/dag.py for tasks to queue
[2026-04-10T09:03:43.702+0000] {logging_mixin.py:190} INFO - [2026-04-10T09:03:43.701+0000] {dagbag.py:588} INFO - Filling up the DagBag from /opt/airflow/dags/dag.py
[2026-04-10T09:03:43.715+0000] {processor.py:925} INFO - DAG(s) 'matrix_minio' retrieved from /opt/airflow/dags/dag.py
[2026-04-10T09:03:43.755+0000] {logging_mixin.py:190} INFO - [2026-04-10T09:03:43.754+0000] {dag.py:3239} INFO - Sync 1 DAGs
[2026-04-10T09:03:43.780+0000] {logging_mixin.py:190} INFO - [2026-04-10T09:03:43.779+0000] {dag.py:4180} INFO - Setting next_dagrun for matrix_minio to None, run_after=None
[2026-04-10T09:03:43.810+0000] {processor.py:208} INFO - Processing /opt/airflow/dags/dag.py took 0.125 seconds
[2026-04-10T09:04:14.088+0000] {processor.py:186} INFO - Started process (PID=7114) to work on /opt/airflow/dags/dag.py
[2026-04-10T09:04:14.090+0000] {processor.py:914} INFO - Processing file /opt/airflow/dags/dag.py for tasks to queue
[2026-04-10T09:04:14.093+0000] {logging_mixin.py:190} INFO - [2026-04-10T09:04:14.092+0000] {dagbag.py:588} INFO - Filling up the DagBag from /opt/airflow/dags/dag.py
[2026-04-10T09:04:14.106+0000] {processor.py:925} INFO - DAG(s) 'matrix_minio' retrieved from /opt/airflow/dags/dag.py
[2026-04-10T09:04:14.149+0000] {logging_mixin.py:190} INFO - [2026-04-10T09:04:14.149+0000] {dag.py:3239} INFO - Sync 1 DAGs
[2026-04-10T09:04:14.174+0000] {logging_mixin.py:190} INFO - [2026-04-10T09:04:14.174+0000] {dag.py:4180} INFO - Setting next_dagrun for matrix_minio to None, run_after=None
[2026-04-10T09:04:14.205+0000] {processor.py:208} INFO - Processing /opt/airflow/dags/dag.py took 0.125 seconds
[2026-04-10T09:04:44.559+0000] {processor.py:186} INFO - Started process (PID=7185) to work on /opt/airflow/dags/dag.py
[2026-04-10T09:04:44.560+0000] {processor.py:914} INFO - Processing file /opt/airflow/dags/dag.py for tasks to queue
[2026-04-10T09:04:44.564+0000] {logging_mixin.py:190} INFO - [2026-04-10T09:04:44.563+0000] {dagbag.py:588} INFO - Filling up the DagBag from /opt/airflow/dags/dag.py
[2026-04-10T09:04:44.577+0000] {processor.py:925} INFO - DAG(s) 'matrix_minio' retrieved from /opt/airflow/dags/dag.py
[2026-04-10T09:04:44.617+0000] {logging_mixin.py:190} INFO - [2026-04-10T09:04:44.617+0000] {dag.py:3239} INFO - Sync 1 DAGs
[2026-04-10T09:04:44.641+0000] {logging_mixin.py:190} INFO - [2026-04-10T09:04:44.641+0000] {dag.py:4180} INFO - Setting next_dagrun for matrix_minio to None, run_after=None
[2026-04-10T09:04:44.673+0000] {processor.py:208} INFO - Processing /opt/airflow/dags/dag.py took 0.125 seconds
[2026-04-10T09:05:15.105+0000] {processor.py:186} INFO - Started process (PID=7256) to work on /opt/airflow/dags/dag.py
[2026-04-10T09:05:15.107+0000] {processor.py:914} INFO - Processing file /opt/airflow/dags/dag.py for tasks to queue
[2026-04-10T09:05:15.111+0000] {logging_mixin.py:190} INFO - [2026-04-10T09:05:15.110+0000] {dagbag.py:588} INFO - Filling up the DagBag from /opt/airflow/dags/dag.py
[2026-04-10T09:05:15.127+0000] {processor.py:925} INFO - DAG(s) 'matrix_minio' retrieved from /opt/airflow/dags/dag.py
[2026-04-10T09:05:15.171+0000] {logging_mixin.py:190} INFO - [2026-04-10T09:05:15.171+0000] {dag.py:3239} INFO - Sync 1 DAGs
[2026-04-10T09:05:15.196+0000] {logging_mixin.py:190} INFO - [2026-04-10T09:05:15.196+0000] {dag.py:4180} INFO - Setting next_dagrun for matrix_minio to None, run_after=None
[2026-04-10T09:05:15.228+0000] {processor.py:208} INFO - Processing /opt/airflow/dags/dag.py took 0.134 seconds
[2026-04-10T09:05:45.796+0000] {processor.py:186} INFO - Started process (PID=7327) to work on /opt/airflow/dags/dag.py
[2026-04-10T09:05:45.797+0000] {processor.py:914} INFO - Processing file /opt/airflow/dags/dag.py for tasks to queue
[2026-04-10T09:05:45.800+0000] {logging_mixin.py:190} INFO - [2026-04-10T09:05:45.799+0000] {dagbag.py:588} INFO - Filling up the DagBag from /opt/airflow/dags/dag.py
[2026-04-10T09:05:45.813+0000] {processor.py:925} INFO - DAG(s) 'matrix_minio' retrieved from /opt/airflow/dags/dag.py
[2026-04-10T09:05:45.856+0000] {logging_mixin.py:190} INFO - [2026-04-10T09:05:45.855+0000] {dag.py:3239} INFO - Sync 1 DAGs
[2026-04-10T09:05:45.881+0000] {logging_mixin.py:190} INFO - [2026-04-10T09:05:45.881+0000] {dag.py:4180} INFO - Setting next_dagrun for matrix_minio to None, run_after=None
[2026-04-10T09:05:45.912+0000] {processor.py:208} INFO - Processing /opt/airflow/dags/dag.py took 0.129 seconds
[2026-04-10T09:06:16.320+0000] {processor.py:186} INFO - Started process (PID=7398) to work on /opt/airflow/dags/dag.py
[2026-04-10T09:06:16.321+0000] {processor.py:914} INFO - Processing file /opt/airflow/dags/dag.py for tasks to queue
[2026-04-10T09:06:16.324+0000] {logging_mixin.py:190} INFO - [2026-04-10T09:06:16.324+0000] {dagbag.py:588} INFO - Filling up the DagBag from /opt/airflow/dags/dag.py
[2026-04-10T09:06:16.337+0000] {processor.py:925} INFO - DAG(s) 'matrix_minio' retrieved from /opt/airflow/dags/dag.py
[2026-04-10T09:06:16.381+0000] {logging_mixin.py:190} INFO - [2026-04-10T09:06:16.381+0000] {dag.py:3239} INFO - Sync 1 DAGs
[2026-04-10T09:06:16.406+0000] {logging_mixin.py:190} INFO - [2026-04-10T09:06:16.406+0000] {dag.py:4180} INFO - Setting next_dagrun for matrix_minio to None, run_after=None
[2026-04-10T09:06:16.436+0000] {processor.py:208} INFO - Processing /opt/airflow/dags/dag.py took 0.128 seconds
[2026-04-10T09:06:46.741+0000] {processor.py:186} INFO - Started process (PID=7469) to work on /opt/airflow/dags/dag.py
[2026-04-10T09:06:46.743+0000] {processor.py:914} INFO - Processing file /opt/airflow/dags/dag.py for tasks to queue
[2026-04-10T09:06:46.746+0000] {logging_mixin.py:190} INFO - [2026-04-10T09:06:46.746+0000] {dagbag.py:588} INFO - Filling up the DagBag from /opt/airflow/dags/dag.py
[2026-04-10T09:06:46.759+0000] {processor.py:925} INFO - DAG(s) 'matrix_minio' retrieved from /opt/airflow/dags/dag.py
[2026-04-10T09:06:46.802+0000] {logging_mixin.py:190} INFO - [2026-04-10T09:06:46.802+0000] {dag.py:3239} INFO - Sync 1 DAGs
[2026-04-10T09:06:46.825+0000] {logging_mixin.py:190} INFO - [2026-04-10T09:06:46.825+0000] {dag.py:4180} INFO - Setting next_dagrun for matrix_minio to None, run_after=None
[2026-04-10T09:06:46.854+0000] {processor.py:208} INFO - Processing /opt/airflow/dags/dag.py took 0.124 seconds
[2026-04-10T09:07:17.232+0000] {processor.py:186} INFO - Started process (PID=7540) to work on /opt/airflow/dags/dag.py
[2026-04-10T09:07:17.233+0000] {processor.py:914} INFO - Processing file /opt/airflow/dags/dag.py for tasks to queue
[2026-04-10T09:07:17.236+0000] {logging_mixin.py:190} INFO - [2026-04-10T09:07:17.236+0000] {dagbag.py:588} INFO - Filling up the DagBag from /opt/airflow/dags/dag.py
[2026-04-10T09:07:17.249+0000] {processor.py:925} INFO - DAG(s) 'matrix_minio' retrieved from /opt/airflow/dags/dag.py
[2026-04-10T09:07:17.290+0000] {logging_mixin.py:190} INFO - [2026-04-10T09:07:17.289+0000] {dag.py:3239} INFO - Sync 1 DAGs
[2026-04-10T09:07:17.315+0000] {logging_mixin.py:190} INFO - [2026-04-10T09:07:17.314+0000] {dag.py:4180} INFO - Setting next_dagrun for matrix_minio to None, run_after=None
[2026-04-10T09:07:17.344+0000] {processor.py:208} INFO - Processing /opt/airflow/dags/dag.py took 0.125 seconds
[2026-04-10T09:07:47.714+0000] {processor.py:186} INFO - Started process (PID=7611) to work on /opt/airflow/dags/dag.py
[2026-04-10T09:07:47.715+0000] {processor.py:914} INFO - Processing file /opt/airflow/dags/dag.py for tasks to queue
[2026-04-10T09:07:47.719+0000] {logging_mixin.py:190} INFO - [2026-04-10T09:07:47.718+0000] {dagbag.py:588} INFO - Filling up the DagBag from /opt/airflow/dags/dag.py
[2026-04-10T09:07:47.731+0000] {processor.py:925} INFO - DAG(s) 'matrix_minio' retrieved from /opt/airflow/dags/dag.py
[2026-04-10T09:07:47.772+0000] {logging_mixin.py:190} INFO - [2026-04-10T09:07:47.771+0000] {dag.py:3239} INFO - Sync 1 DAGs
[2026-04-10T09:07:47.798+0000] {logging_mixin.py:190} INFO - [2026-04-10T09:07:47.798+0000] {dag.py:4180} INFO - Setting next_dagrun for matrix_minio to None, run_after=None
[2026-04-10T09:07:47.830+0000] {processor.py:208} INFO - Processing /opt/airflow/dags/dag.py took 0.129 seconds
[2026-04-10T09:08:18.389+0000] {processor.py:186} INFO - Started process (PID=7682) to work on /opt/airflow/dags/dag.py
[2026-04-10T09:08:18.390+0000] {processor.py:914} INFO - Processing file /opt/airflow/dags/dag.py for tasks to queue
[2026-04-10T09:08:18.393+0000] {logging_mixin.py:190} INFO - [2026-04-10T09:08:18.393+0000] {dagbag.py:588} INFO - Filling up the DagBag from /opt/airflow/dags/dag.py
[2026-04-10T09:08:18.406+0000] {processor.py:925} INFO - DAG(s) 'matrix_minio' retrieved from /opt/airflow/dags/dag.py
[2026-04-10T09:08:18.450+0000] {logging_mixin.py:190} INFO - [2026-04-10T09:08:18.449+0000] {dag.py:3239} INFO - Sync 1 DAGs
[2026-04-10T09:08:18.475+0000] {logging_mixin.py:190} INFO - [2026-04-10T09:08:18.475+0000] {dag.py:4180} INFO - Setting next_dagrun for matrix_minio to None, run_after=None
[2026-04-10T09:08:18.505+0000] {processor.py:208} INFO - Processing /opt/airflow/dags/dag.py took 0.126 seconds
[2026-04-10T09:08:49.020+0000] {processor.py:186} INFO - Started process (PID=7754) to work on /opt/airflow/dags/dag.py
[2026-04-10T09:08:49.021+0000] {processor.py:914} INFO - Processing file /opt/airflow/dags/dag.py for tasks to queue
[2026-04-10T09:08:49.024+0000] {logging_mixin.py:190} INFO - [2026-04-10T09:08:49.024+0000] {dagbag.py:588} INFO - Filling up the DagBag from /opt/airflow/dags/dag.py
[2026-04-10T09:08:49.038+0000] {processor.py:925} INFO - DAG(s) 'matrix_minio' retrieved from /opt/airflow/dags/dag.py
[2026-04-10T09:08:49.088+0000] {logging_mixin.py:190} INFO - [2026-04-10T09:08:49.087+0000] {dag.py:3239} INFO - Sync 1 DAGs
[2026-04-10T09:08:49.116+0000] {logging_mixin.py:190} INFO - [2026-04-10T09:08:49.116+0000] {dag.py:4180} INFO - Setting next_dagrun for matrix_minio to None, run_after=None
[2026-04-10T09:08:49.145+0000] {processor.py:208} INFO - Processing /opt/airflow/dags/dag.py took 0.138 seconds
[2026-04-10T09:09:19.578+0000] {processor.py:186} INFO - Started process (PID=7825) to work on /opt/airflow/dags/dag.py
[2026-04-10T09:09:19.580+0000] {processor.py:914} INFO - Processing file /opt/airflow/dags/dag.py for tasks to queue
[2026-04-10T09:09:19.583+0000] {logging_mixin.py:190} INFO - [2026-04-10T09:09:19.582+0000] {dagbag.py:588} INFO - Filling up the DagBag from /opt/airflow/dags/dag.py
[2026-04-10T09:09:19.596+0000] {processor.py:925} INFO - DAG(s) 'matrix_minio' retrieved from /opt/airflow/dags/dag.py
[2026-04-10T09:09:19.635+0000] {logging_mixin.py:190} INFO - [2026-04-10T09:09:19.634+0000] {dag.py:3239} INFO - Sync 1 DAGs
[2026-04-10T09:09:19.659+0000] {logging_mixin.py:190} INFO - [2026-04-10T09:09:19.659+0000] {dag.py:4180} INFO - Setting next_dagrun for matrix_minio to None, run_after=None
[2026-04-10T09:09:19.690+0000] {processor.py:208} INFO - Processing /opt/airflow/dags/dag.py took 0.121 seconds
[2026-04-10T09:09:50.141+0000] {processor.py:186} INFO - Started process (PID=7896) to work on /opt/airflow/dags/dag.py
[2026-04-10T09:09:50.142+0000] {processor.py:914} INFO - Processing file /opt/airflow/dags/dag.py for tasks to queue
[2026-04-10T09:09:50.145+0000] {logging_mixin.py:190} INFO - [2026-04-10T09:09:50.145+0000] {dagbag.py:588} INFO - Filling up the DagBag from /opt/airflow/dags/dag.py
[2026-04-10T09:09:50.158+0000] {processor.py:925} INFO - DAG(s) 'matrix_minio' retrieved from /opt/airflow/dags/dag.py
[2026-04-10T09:09:50.202+0000] {logging_mixin.py:190} INFO - [2026-04-10T09:09:50.201+0000] {dag.py:3239} INFO - Sync 1 DAGs
[2026-04-10T09:09:50.228+0000] {logging_mixin.py:190} INFO - [2026-04-10T09:09:50.227+0000] {dag.py:4180} INFO - Setting next_dagrun for matrix_minio to None, run_after=None
[2026-04-10T09:09:50.259+0000] {processor.py:208} INFO - Processing /opt/airflow/dags/dag.py took 0.128 seconds
[2026-04-10T09:10:20.745+0000] {processor.py:186} INFO - Started process (PID=7967) to work on /opt/airflow/dags/dag.py
[2026-04-10T09:10:20.746+0000] {processor.py:914} INFO - Processing file /opt/airflow/dags/dag.py for tasks to queue
[2026-04-10T09:10:20.750+0000] {logging_mixin.py:190} INFO - [2026-04-10T09:10:20.749+0000] {dagbag.py:588} INFO - Filling up the DagBag from /opt/airflow/dags/dag.py
[2026-04-10T09:10:20.762+0000] {processor.py:925} INFO - DAG(s) 'matrix_minio' retrieved from /opt/airflow/dags/dag.py
[2026-04-10T09:10:20.805+0000] {logging_mixin.py:190} INFO - [2026-04-10T09:10:20.804+0000] {dag.py:3239} INFO - Sync 1 DAGs
[2026-04-10T09:10:20.830+0000] {logging_mixin.py:190} INFO - [2026-04-10T09:10:20.829+0000] {dag.py:4180} INFO - Setting next_dagrun for matrix_minio to None, run_after=None
[2026-04-10T09:10:20.860+0000] {processor.py:208} INFO - Processing /opt/airflow/dags/dag.py took 0.126 seconds
[2026-04-10T09:10:51.195+0000] {processor.py:186} INFO - Started process (PID=8038) to work on /opt/airflow/dags/dag.py
[2026-04-10T09:10:51.197+0000] {processor.py:914} INFO - Processing file /opt/airflow/dags/dag.py for tasks to queue
[2026-04-10T09:10:51.200+0000] {logging_mixin.py:190} INFO - [2026-04-10T09:10:51.199+0000] {dagbag.py:588} INFO - Filling up the DagBag from /opt/airflow/dags/dag.py
[2026-04-10T09:10:51.212+0000] {processor.py:925} INFO - DAG(s) 'matrix_minio' retrieved from /opt/airflow/dags/dag.py
[2026-04-10T09:10:51.253+0000] {logging_mixin.py:190} INFO - [2026-04-10T09:10:51.252+0000] {dag.py:3239} INFO - Sync 1 DAGs
[2026-04-10T09:10:51.276+0000] {logging_mixin.py:190} INFO - [2026-04-10T09:10:51.276+0000] {dag.py:4180} INFO - Setting next_dagrun for matrix_minio to None, run_after=None
[2026-04-10T09:10:51.307+0000] {processor.py:208} INFO - Processing /opt/airflow/dags/dag.py took 0.122 seconds
[2026-04-10T09:11:21.845+0000] {processor.py:186} INFO - Started process (PID=8109) to work on /opt/airflow/dags/dag.py
[2026-04-10T09:11:21.846+0000] {processor.py:914} INFO - Processing file /opt/airflow/dags/dag.py for tasks to queue
[2026-04-10T09:11:21.849+0000] {logging_mixin.py:190} INFO - [2026-04-10T09:11:21.849+0000] {dagbag.py:588} INFO - Filling up the DagBag from /opt/airflow/dags/dag.py
[2026-04-10T09:11:21.863+0000] {processor.py:925} INFO - DAG(s) 'matrix_minio' retrieved from /opt/airflow/dags/dag.py
[2026-04-10T09:11:21.906+0000] {logging_mixin.py:190} INFO - [2026-04-10T09:11:21.905+0000] {dag.py:3239} INFO - Sync 1 DAGs
[2026-04-10T09:11:21.931+0000] {logging_mixin.py:190} INFO - [2026-04-10T09:11:21.931+0000] {dag.py:4180} INFO - Setting next_dagrun for matrix_minio to None, run_after=None
[2026-04-10T09:11:21.962+0000] {processor.py:208} INFO - Processing /opt/airflow/dags/dag.py took 0.126 seconds
[2026-04-10T09:11:52.504+0000] {processor.py:186} INFO - Started process (PID=8180) to work on /opt/airflow/dags/dag.py
[2026-04-10T09:11:52.505+0000] {processor.py:914} INFO - Processing file /opt/airflow/dags/dag.py for tasks to queue
[2026-04-10T09:11:52.508+0000] {logging_mixin.py:190} INFO - [2026-04-10T09:11:52.508+0000] {dagbag.py:588} INFO - Filling up the DagBag from /opt/airflow/dags/dag.py
[2026-04-10T09:11:52.521+0000] {processor.py:925} INFO - DAG(s) 'matrix_minio' retrieved from /opt/airflow/dags/dag.py
[2026-04-10T09:11:52.562+0000] {logging_mixin.py:190} INFO - [2026-04-10T09:11:52.561+0000] {dag.py:3239} INFO - Sync 1 DAGs
[2026-04-10T09:11:52.587+0000] {logging_mixin.py:190} INFO - [2026-04-10T09:11:52.587+0000] {dag.py:4180} INFO - Setting next_dagrun for matrix_minio to None, run_after=None
[2026-04-10T09:11:52.618+0000] {processor.py:208} INFO - Processing /opt/airflow/dags/dag.py took 0.127 seconds
[2026-04-10T09:12:22.927+0000] {processor.py:186} INFO - Started process (PID=8251) to work on /opt/airflow/dags/dag.py
[2026-04-10T09:12:22.927+0000] {processor.py:914} INFO - Processing file /opt/airflow/dags/dag.py for tasks to queue
[2026-04-10T09:12:22.931+0000] {logging_mixin.py:190} INFO - [2026-04-10T09:12:22.930+0000] {dagbag.py:588} INFO - Filling up the DagBag from /opt/airflow/dags/dag.py
[2026-04-10T09:12:22.947+0000] {processor.py:925} INFO - DAG(s) 'matrix_minio' retrieved from /opt/airflow/dags/dag.py
[2026-04-10T09:12:22.998+0000] {logging_mixin.py:190} INFO - [2026-04-10T09:12:22.997+0000] {dag.py:3239} INFO - Sync 1 DAGs
[2026-04-10T09:12:23.022+0000] {logging_mixin.py:190} INFO - [2026-04-10T09:12:23.021+0000] {dag.py:4180} INFO - Setting next_dagrun for matrix_minio to None, run_after=None
[2026-04-10T09:12:23.058+0000] {processor.py:208} INFO - Processing /opt/airflow/dags/dag.py took 0.144 seconds
[2026-04-10T09:12:53.486+0000] {processor.py:186} INFO - Started process (PID=8322) to work on /opt/airflow/dags/dag.py
[2026-04-10T09:12:53.487+0000] {processor.py:914} INFO - Processing file /opt/airflow/dags/dag.py for tasks to queue
[2026-04-10T09:12:53.490+0000] {logging_mixin.py:190} INFO - [2026-04-10T09:12:53.489+0000] {dagbag.py:588} INFO - Filling up the DagBag from /opt/airflow/dags/dag.py
[2026-04-10T09:12:53.503+0000] {processor.py:925} INFO - DAG(s) 'matrix_minio' retrieved from /opt/airflow/dags/dag.py
[2026-04-10T09:12:53.540+0000] {logging_mixin.py:190} INFO - [2026-04-10T09:12:53.540+0000] {dag.py:3239} INFO - Sync 1 DAGs
[2026-04-10T09:12:53.565+0000] {logging_mixin.py:190} INFO - [2026-04-10T09:12:53.565+0000] {dag.py:4180} INFO - Setting next_dagrun for matrix_minio to None, run_after=None
[2026-04-10T09:12:53.596+0000] {processor.py:208} INFO - Processing /opt/airflow/dags/dag.py took 0.125 seconds
[2026-04-10T09:13:24.037+0000] {processor.py:186} INFO - Started process (PID=8393) to work on /opt/airflow/dags/dag.py
[2026-04-10T09:13:24.039+0000] {processor.py:914} INFO - Processing file /opt/airflow/dags/dag.py for tasks to queue
[2026-04-10T09:13:24.042+0000] {logging_mixin.py:190} INFO - [2026-04-10T09:13:24.041+0000] {dagbag.py:588} INFO - Filling up the DagBag from /opt/airflow/dags/dag.py
[2026-04-10T09:13:24.055+0000] {processor.py:925} INFO - DAG(s) 'matrix_minio' retrieved from /opt/airflow/dags/dag.py
[2026-04-10T09:13:24.096+0000] {logging_mixin.py:190} INFO - [2026-04-10T09:13:24.095+0000] {dag.py:3239} INFO - Sync 1 DAGs
[2026-04-10T09:13:24.124+0000] {logging_mixin.py:190} INFO - [2026-04-10T09:13:24.124+0000] {dag.py:4180} INFO - Setting next_dagrun for matrix_minio to None, run_after=None
[2026-04-10T09:13:24.156+0000] {processor.py:208} INFO - Processing /opt/airflow/dags/dag.py took 0.131 seconds
[2026-04-10T09:13:54.606+0000] {processor.py:186} INFO - Started process (PID=8470) to work on /opt/airflow/dags/dag.py
[2026-04-10T09:13:54.607+0000] {processor.py:914} INFO - Processing file /opt/airflow/dags/dag.py for tasks to queue
[2026-04-10T09:13:54.611+0000] {logging_mixin.py:190} INFO - [2026-04-10T09:13:54.610+0000] {dagbag.py:588} INFO - Filling up the DagBag from /opt/airflow/dags/dag.py
[2026-04-10T09:13:54.623+0000] {processor.py:925} INFO - DAG(s) 'matrix_minio' retrieved from /opt/airflow/dags/dag.py
[2026-04-10T09:13:54.662+0000] {logging_mixin.py:190} INFO - [2026-04-10T09:13:54.662+0000] {dag.py:3239} INFO - Sync 1 DAGs
[2026-04-10T09:13:54.687+0000] {logging_mixin.py:190} INFO - [2026-04-10T09:13:54.687+0000] {dag.py:4180} INFO - Setting next_dagrun for matrix_minio to None, run_after=None
[2026-04-10T09:13:54.719+0000] {processor.py:208} INFO - Processing /opt/airflow/dags/dag.py took 0.122 seconds
[2026-04-10T09:14:25.116+0000] {processor.py:186} INFO - Started process (PID=8541) to work on /opt/airflow/dags/dag.py
[2026-04-10T09:14:25.118+0000] {processor.py:914} INFO - Processing file /opt/airflow/dags/dag.py for tasks to queue
[2026-04-10T09:14:25.121+0000] {logging_mixin.py:190} INFO - [2026-04-10T09:14:25.121+0000] {dagbag.py:588} INFO - Filling up the DagBag from /opt/airflow/dags/dag.py
[2026-04-10T09:14:25.135+0000] {processor.py:925} INFO - DAG(s) 'matrix_minio' retrieved from /opt/airflow/dags/dag.py
[2026-04-10T09:14:25.179+0000] {logging_mixin.py:190} INFO - [2026-04-10T09:14:25.179+0000] {dag.py:3239} INFO - Sync 1 DAGs
[2026-04-10T09:14:25.205+0000] {logging_mixin.py:190} INFO - [2026-04-10T09:14:25.204+0000] {dag.py:4180} INFO - Setting next_dagrun for matrix_minio to None, run_after=None
[2026-04-10T09:14:25.235+0000] {processor.py:208} INFO - Processing /opt/airflow/dags/dag.py took 0.132 seconds
[2026-04-10T09:14:55.599+0000] {processor.py:186} INFO - Started process (PID=8612) to work on /opt/airflow/dags/dag.py
[2026-04-10T09:14:55.601+0000] {processor.py:914} INFO - Processing file /opt/airflow/dags/dag.py for tasks to queue
[2026-04-10T09:14:55.605+0000] {logging_mixin.py:190} INFO - [2026-04-10T09:14:55.604+0000] {dagbag.py:588} INFO - Filling up the DagBag from /opt/airflow/dags/dag.py
[2026-04-10T09:14:55.621+0000] {processor.py:925} INFO - DAG(s) 'matrix_minio' retrieved from /opt/airflow/dags/dag.py
[2026-04-10T09:14:55.673+0000] {logging_mixin.py:190} INFO - [2026-04-10T09:14:55.673+0000] {dag.py:3239} INFO - Sync 1 DAGs
[2026-04-10T09:14:55.698+0000] {logging_mixin.py:190} INFO - [2026-04-10T09:14:55.698+0000] {dag.py:4180} INFO - Setting next_dagrun for matrix_minio to None, run_after=None
[2026-04-10T09:14:55.739+0000] {processor.py:208} INFO - Processing /opt/airflow/dags/dag.py took 0.151 seconds
[2026-04-10T09:15:26.163+0000] {processor.py:186} INFO - Started process (PID=8683) to work on /opt/airflow/dags/dag.py
[2026-04-10T09:15:26.164+0000] {processor.py:914} INFO - Processing file /opt/airflow/dags/dag.py for tasks to queue
[2026-04-10T09:15:26.168+0000] {logging_mixin.py:190} INFO - [2026-04-10T09:15:26.167+0000] {dagbag.py:588} INFO - Filling up the DagBag from /opt/airflow/dags/dag.py
[2026-04-10T09:15:26.181+0000] {processor.py:925} INFO - DAG(s) 'matrix_minio' retrieved from /opt/airflow/dags/dag.py
[2026-04-10T09:15:26.222+0000] {logging_mixin.py:190} INFO - [2026-04-10T09:15:26.222+0000] {dag.py:3239} INFO - Sync 1 DAGs
[2026-04-10T09:15:26.251+0000] {logging_mixin.py:190} INFO - [2026-04-10T09:15:26.251+0000] {dag.py:4180} INFO - Setting next_dagrun for matrix_minio to None, run_after=None
[2026-04-10T09:15:26.285+0000] {processor.py:208} INFO - Processing /opt/airflow/dags/dag.py took 0.131 seconds
[2026-04-10T09:15:56.724+0000] {processor.py:186} INFO - Started process (PID=8754) to work on /opt/airflow/dags/dag.py
[2026-04-10T09:15:56.726+0000] {processor.py:914} INFO - Processing file /opt/airflow/dags/dag.py for tasks to queue
[2026-04-10T09:15:56.729+0000] {logging_mixin.py:190} INFO - [2026-04-10T09:15:56.728+0000] {dagbag.py:588} INFO - Filling up the DagBag from /opt/airflow/dags/dag.py
[2026-04-10T09:15:56.743+0000] {processor.py:925} INFO - DAG(s) 'matrix_minio' retrieved from /opt/airflow/dags/dag.py
[2026-04-10T09:15:56.785+0000] {logging_mixin.py:190} INFO - [2026-04-10T09:15:56.785+0000] {dag.py:3239} INFO - Sync 1 DAGs
[2026-04-10T09:15:56.809+0000] {logging_mixin.py:190} INFO - [2026-04-10T09:15:56.809+0000] {dag.py:4180} INFO - Setting next_dagrun for matrix_minio to None, run_after=None
[2026-04-10T09:15:56.841+0000] {processor.py:208} INFO - Processing /opt/airflow/dags/dag.py took 0.130 seconds
[2026-04-10T09:16:27.222+0000] {processor.py:186} INFO - Started process (PID=8825) to work on /opt/airflow/dags/dag.py
[2026-04-10T09:16:27.223+0000] {processor.py:914} INFO - Processing file /opt/airflow/dags/dag.py for tasks to queue
[2026-04-10T09:16:27.227+0000] {logging_mixin.py:190} INFO - [2026-04-10T09:16:27.226+0000] {dagbag.py:588} INFO - Filling up the DagBag from /opt/airflow/dags/dag.py
[2026-04-10T09:16:27.241+0000] {processor.py:925} INFO - DAG(s) 'matrix_minio' retrieved from /opt/airflow/dags/dag.py
[2026-04-10T09:16:27.281+0000] {logging_mixin.py:190} INFO - [2026-04-10T09:16:27.281+0000] {dag.py:3239} INFO - Sync 1 DAGs
[2026-04-10T09:16:27.313+0000] {logging_mixin.py:190} INFO - [2026-04-10T09:16:27.313+0000] {dag.py:4180} INFO - Setting next_dagrun for matrix_minio to None, run_after=None
[2026-04-10T09:16:27.355+0000] {processor.py:208} INFO - Processing /opt/airflow/dags/dag.py took 0.143 seconds
[2026-04-10T09:16:57.762+0000] {processor.py:186} INFO - Started process (PID=8896) to work on /opt/airflow/dags/dag.py
[2026-04-10T09:16:57.763+0000] {processor.py:914} INFO - Processing file /opt/airflow/dags/dag.py for tasks to queue
[2026-04-10T09:16:57.766+0000] {logging_mixin.py:190} INFO - [2026-04-10T09:16:57.766+0000] {dagbag.py:588} INFO - Filling up the DagBag from /opt/airflow/dags/dag.py
[2026-04-10T09:16:57.779+0000] {processor.py:925} INFO - DAG(s) 'matrix_minio' retrieved from /opt/airflow/dags/dag.py
[2026-04-10T09:16:57.821+0000] {logging_mixin.py:190} INFO - [2026-04-10T09:16:57.821+0000] {dag.py:3239} INFO - Sync 1 DAGs
[2026-04-10T09:16:57.849+0000] {logging_mixin.py:190} INFO - [2026-04-10T09:16:57.849+0000] {dag.py:4180} INFO - Setting next_dagrun for matrix_minio to None, run_after=None
[2026-04-10T09:16:57.883+0000] {processor.py:208} INFO - Processing /opt/airflow/dags/dag.py took 0.131 seconds
[2026-04-10T09:17:28.181+0000] {processor.py:186} INFO - Started process (PID=8967) to work on /opt/airflow/dags/dag.py
[2026-04-10T09:17:28.183+0000] {processor.py:914} INFO - Processing file /opt/airflow/dags/dag.py for tasks to queue
[2026-04-10T09:17:28.186+0000] {logging_mixin.py:190} INFO - [2026-04-10T09:17:28.185+0000] {dagbag.py:588} INFO - Filling up the DagBag from /opt/airflow/dags/dag.py
[2026-04-10T09:17:28.198+0000] {processor.py:925} INFO - DAG(s) 'matrix_minio' retrieved from /opt/airflow/dags/dag.py
[2026-04-10T09:17:28.243+0000] {logging_mixin.py:190} INFO - [2026-04-10T09:17:28.242+0000] {dag.py:3239} INFO - Sync 1 DAGs
[2026-04-10T09:17:28.267+0000] {logging_mixin.py:190} INFO - [2026-04-10T09:17:28.267+0000] {dag.py:4180} INFO - Setting next_dagrun for matrix_minio to None, run_after=None
[2026-04-10T09:17:28.300+0000] {processor.py:208} INFO - Processing /opt/airflow/dags/dag.py took 0.131 seconds
[2026-04-10T09:17:58.617+0000] {processor.py:186} INFO - Started process (PID=9038) to work on /opt/airflow/dags/dag.py
[2026-04-10T09:17:58.619+0000] {processor.py:914} INFO - Processing file /opt/airflow/dags/dag.py for tasks to queue
[2026-04-10T09:17:58.622+0000] {logging_mixin.py:190} INFO - [2026-04-10T09:17:58.622+0000] {dagbag.py:588} INFO - Filling up the DagBag from /opt/airflow/dags/dag.py
[2026-04-10T09:17:58.636+0000] {processor.py:925} INFO - DAG(s) 'matrix_minio' retrieved from /opt/airflow/dags/dag.py
[2026-04-10T09:17:58.677+0000] {logging_mixin.py:190} INFO - [2026-04-10T09:17:58.677+0000] {dag.py:3239} INFO - Sync 1 DAGs
[2026-04-10T09:17:58.703+0000] {logging_mixin.py:190} INFO - [2026-04-10T09:17:58.702+0000] {dag.py:4180} INFO - Setting next_dagrun for matrix_minio to None, run_after=None
[2026-04-10T09:17:58.736+0000] {processor.py:208} INFO - Processing /opt/airflow/dags/dag.py took 0.129 seconds
[2026-04-10T09:18:29.272+0000] {processor.py:186} INFO - Started process (PID=9109) to work on /opt/airflow/dags/dag.py
[2026-04-10T09:18:29.274+0000] {processor.py:914} INFO - Processing file /opt/airflow/dags/dag.py for tasks to queue
[2026-04-10T09:18:29.277+0000] {logging_mixin.py:190} INFO - [2026-04-10T09:18:29.277+0000] {dagbag.py:588} INFO - Filling up the DagBag from /opt/airflow/dags/dag.py
[2026-04-10T09:18:29.292+0000] {processor.py:925} INFO - DAG(s) 'matrix_minio' retrieved from /opt/airflow/dags/dag.py
[2026-04-10T09:18:29.340+0000] {logging_mixin.py:190} INFO - [2026-04-10T09:18:29.340+0000] {dag.py:3239} INFO - Sync 1 DAGs
[2026-04-10T09:18:29.367+0000] {logging_mixin.py:190} INFO - [2026-04-10T09:18:29.366+0000] {dag.py:4180} INFO - Setting next_dagrun for matrix_minio to None, run_after=None
[2026-04-10T09:18:29.410+0000] {processor.py:208} INFO - Processing /opt/airflow/dags/dag.py took 0.148 seconds
[2026-04-10T09:18:59.845+0000] {processor.py:186} INFO - Started process (PID=9180) to work on /opt/airflow/dags/dag.py
[2026-04-10T09:18:59.846+0000] {processor.py:914} INFO - Processing file /opt/airflow/dags/dag.py for tasks to queue
[2026-04-10T09:18:59.849+0000] {logging_mixin.py:190} INFO - [2026-04-10T09:18:59.849+0000] {dagbag.py:588} INFO - Filling up the DagBag from /opt/airflow/dags/dag.py
[2026-04-10T09:18:59.863+0000] {processor.py:925} INFO - DAG(s) 'matrix_minio' retrieved from /opt/airflow/dags/dag.py
[2026-04-10T09:18:59.918+0000] {logging_mixin.py:190} INFO - [2026-04-10T09:18:59.918+0000] {dag.py:3239} INFO - Sync 1 DAGs
[2026-04-10T09:18:59.944+0000] {logging_mixin.py:190} INFO - [2026-04-10T09:18:59.944+0000] {dag.py:4180} INFO - Setting next_dagrun for matrix_minio to None, run_after=None
[2026-04-10T09:18:59.984+0000] {processor.py:208} INFO - Processing /opt/airflow/dags/dag.py took 0.149 seconds
[2026-04-10T09:19:30.492+0000] {processor.py:186} INFO - Started process (PID=9251) to work on /opt/airflow/dags/dag.py
[2026-04-10T09:19:30.493+0000] {processor.py:914} INFO - Processing file /opt/airflow/dags/dag.py for tasks to queue
[2026-04-10T09:19:30.496+0000] {logging_mixin.py:190} INFO - [2026-04-10T09:19:30.496+0000] {dagbag.py:588} INFO - Filling up the DagBag from /opt/airflow/dags/dag.py
[2026-04-10T09:19:30.509+0000] {processor.py:925} INFO - DAG(s) 'matrix_minio' retrieved from /opt/airflow/dags/dag.py
[2026-04-10T09:19:30.550+0000] {logging_mixin.py:190} INFO - [2026-04-10T09:19:30.549+0000] {dag.py:3239} INFO - Sync 1 DAGs
[2026-04-10T09:19:30.576+0000] {logging_mixin.py:190} INFO - [2026-04-10T09:19:30.576+0000] {dag.py:4180} INFO - Setting next_dagrun for matrix_minio to None, run_after=None
[2026-04-10T09:19:30.608+0000] {processor.py:208} INFO - Processing /opt/airflow/dags/dag.py took 0.128 seconds
[2026-04-10T09:20:01.079+0000] {processor.py:186} INFO - Started process (PID=9322) to work on /opt/airflow/dags/dag.py
[2026-04-10T09:20:01.081+0000] {processor.py:914} INFO - Processing file /opt/airflow/dags/dag.py for tasks to queue
[2026-04-10T09:20:01.086+0000] {logging_mixin.py:190} INFO - [2026-04-10T09:20:01.085+0000] {dagbag.py:588} INFO - Filling up the DagBag from /opt/airflow/dags/dag.py
[2026-04-10T09:20:01.100+0000] {processor.py:925} INFO - DAG(s) 'matrix_minio' retrieved from /opt/airflow/dags/dag.py
[2026-04-10T09:20:01.142+0000] {logging_mixin.py:190} INFO - [2026-04-10T09:20:01.141+0000] {dag.py:3239} INFO - Sync 1 DAGs
[2026-04-10T09:20:01.167+0000] {logging_mixin.py:190} INFO - [2026-04-10T09:20:01.166+0000] {dag.py:4180} INFO - Setting next_dagrun for matrix_minio to None, run_after=None
[2026-04-10T09:20:01.196+0000] {processor.py:208} INFO - Processing /opt/airflow/dags/dag.py took 0.132 seconds
[2026-04-10T09:20:31.584+0000] {processor.py:186} INFO - Started process (PID=9393) to work on /opt/airflow/dags/dag.py
[2026-04-10T09:20:31.586+0000] {processor.py:914} INFO - Processing file /opt/airflow/dags/dag.py for tasks to queue
[2026-04-10T09:20:31.589+0000] {logging_mixin.py:190} INFO - [2026-04-10T09:20:31.589+0000] {dagbag.py:588} INFO - Filling up the DagBag from /opt/airflow/dags/dag.py
[2026-04-10T09:20:31.603+0000] {processor.py:925} INFO - DAG(s) 'matrix_minio' retrieved from /opt/airflow/dags/dag.py
[2026-04-10T09:20:31.644+0000] {logging_mixin.py:190} INFO - [2026-04-10T09:20:31.644+0000] {dag.py:3239} INFO - Sync 1 DAGs
[2026-04-10T09:20:31.669+0000] {logging_mixin.py:190} INFO - [2026-04-10T09:20:31.668+0000] {dag.py:4180} INFO - Setting next_dagrun for matrix_minio to None, run_after=None
[2026-04-10T09:20:31.700+0000] {processor.py:208} INFO - Processing /opt/airflow/dags/dag.py took 0.129 seconds
[2026-04-10T09:21:02.023+0000] {processor.py:186} INFO - Started process (PID=9464) to work on /opt/airflow/dags/dag.py
[2026-04-10T09:21:02.024+0000] {processor.py:914} INFO - Processing file /opt/airflow/dags/dag.py for tasks to queue
[2026-04-10T09:21:02.027+0000] {logging_mixin.py:190} INFO - [2026-04-10T09:21:02.027+0000] {dagbag.py:588} INFO - Filling up the DagBag from /opt/airflow/dags/dag.py
[2026-04-10T09:21:02.040+0000] {processor.py:925} INFO - DAG(s) 'matrix_minio' retrieved from /opt/airflow/dags/dag.py
[2026-04-10T09:21:02.083+0000] {logging_mixin.py:190} INFO - [2026-04-10T09:21:02.082+0000] {dag.py:3239} INFO - Sync 1 DAGs
[2026-04-10T09:21:02.108+0000] {logging_mixin.py:190} INFO - [2026-04-10T09:21:02.108+0000] {dag.py:4180} INFO - Setting next_dagrun for matrix_minio to None, run_after=None
[2026-04-10T09:21:02.141+0000] {processor.py:208} INFO - Processing /opt/airflow/dags/dag.py took 0.128 seconds
[2026-04-10T09:21:32.610+0000] {processor.py:186} INFO - Started process (PID=9535) to work on /opt/airflow/dags/dag.py
[2026-04-10T09:21:32.611+0000] {processor.py:914} INFO - Processing file /opt/airflow/dags/dag.py for tasks to queue
[2026-04-10T09:21:32.614+0000] {logging_mixin.py:190} INFO - [2026-04-10T09:21:32.614+0000] {dagbag.py:588} INFO - Filling up the DagBag from /opt/airflow/dags/dag.py
[2026-04-10T09:21:32.628+0000] {processor.py:925} INFO - DAG(s) 'matrix_minio' retrieved from /opt/airflow/dags/dag.py
[2026-04-10T09:21:32.668+0000] {logging_mixin.py:190} INFO - [2026-04-10T09:21:32.668+0000] {dag.py:3239} INFO - Sync 1 DAGs
[2026-04-10T09:21:32.693+0000] {logging_mixin.py:190} INFO - [2026-04-10T09:21:32.693+0000] {dag.py:4180} INFO - Setting next_dagrun for matrix_minio to None, run_after=None
[2026-04-10T09:21:32.726+0000] {processor.py:208} INFO - Processing /opt/airflow/dags/dag.py took 0.126 seconds
[2026-04-10T09:22:03.228+0000] {processor.py:186} INFO - Started process (PID=9606) to work on /opt/airflow/dags/dag.py
[2026-04-10T09:22:03.229+0000] {processor.py:914} INFO - Processing file /opt/airflow/dags/dag.py for tasks to queue
[2026-04-10T09:22:03.233+0000] {logging_mixin.py:190} INFO - [2026-04-10T09:22:03.232+0000] {dagbag.py:588} INFO - Filling up the DagBag from /opt/airflow/dags/dag.py
[2026-04-10T09:22:03.246+0000] {processor.py:925} INFO - DAG(s) 'matrix_minio' retrieved from /opt/airflow/dags/dag.py
[2026-04-10T09:22:03.286+0000] {logging_mixin.py:190} INFO - [2026-04-10T09:22:03.286+0000] {dag.py:3239} INFO - Sync 1 DAGs
[2026-04-10T09:22:03.314+0000] {logging_mixin.py:190} INFO - [2026-04-10T09:22:03.313+0000] {dag.py:4180} INFO - Setting next_dagrun for matrix_minio to None, run_after=None
[2026-04-10T09:22:03.345+0000] {processor.py:208} INFO - Processing /opt/airflow/dags/dag.py took 0.131 seconds
[2026-04-10T09:22:33.835+0000] {processor.py:186} INFO - Started process (PID=9677) to work on /opt/airflow/dags/dag.py
[2026-04-10T09:22:33.837+0000] {processor.py:914} INFO - Processing file /opt/airflow/dags/dag.py for tasks to queue
[2026-04-10T09:22:33.840+0000] {logging_mixin.py:190} INFO - [2026-04-10T09:22:33.839+0000] {dagbag.py:588} INFO - Filling up the DagBag from /opt/airflow/dags/dag.py
[2026-04-10T09:22:33.854+0000] {processor.py:925} INFO - DAG(s) 'matrix_minio' retrieved from /opt/airflow/dags/dag.py
[2026-04-10T09:22:33.896+0000] {logging_mixin.py:190} INFO - [2026-04-10T09:22:33.895+0000] {dag.py:3239} INFO - Sync 1 DAGs
[2026-04-10T09:22:33.923+0000] {logging_mixin.py:190} INFO - [2026-04-10T09:22:33.923+0000] {dag.py:4180} INFO - Setting next_dagrun for matrix_minio to None, run_after=None
[2026-04-10T09:22:33.955+0000] {processor.py:208} INFO - Processing /opt/airflow/dags/dag.py took 0.131 seconds
[2026-04-10T09:23:04.423+0000] {processor.py:186} INFO - Started process (PID=9748) to work on /opt/airflow/dags/dag.py
[2026-04-10T09:23:04.424+0000] {processor.py:914} INFO - Processing file /opt/airflow/dags/dag.py for tasks to queue
[2026-04-10T09:23:04.428+0000] {logging_mixin.py:190} INFO - [2026-04-10T09:23:04.427+0000] {dagbag.py:588} INFO - Filling up the DagBag from /opt/airflow/dags/dag.py
[2026-04-10T09:23:04.441+0000] {processor.py:925} INFO - DAG(s) 'matrix_minio' retrieved from /opt/airflow/dags/dag.py
[2026-04-10T09:23:04.482+0000] {logging_mixin.py:190} INFO - [2026-04-10T09:23:04.481+0000] {dag.py:3239} INFO - Sync 1 DAGs
[2026-04-10T09:23:04.507+0000] {logging_mixin.py:190} INFO - [2026-04-10T09:23:04.507+0000] {dag.py:4180} INFO - Setting next_dagrun for matrix_minio to None, run_after=None
[2026-04-10T09:23:04.539+0000] {processor.py:208} INFO - Processing /opt/airflow/dags/dag.py took 0.128 seconds
[2026-04-10T09:23:34.870+0000] {processor.py:186} INFO - Started process (PID=9819) to work on /opt/airflow/dags/dag.py
[2026-04-10T09:23:34.871+0000] {processor.py:914} INFO - Processing file /opt/airflow/dags/dag.py for tasks to queue
[2026-04-10T09:23:34.875+0000] {logging_mixin.py:190} INFO - [2026-04-10T09:23:34.874+0000] {dagbag.py:588} INFO - Filling up the DagBag from /opt/airflow/dags/dag.py
[2026-04-10T09:23:34.888+0000] {processor.py:925} INFO - DAG(s) 'matrix_minio' retrieved from /opt/airflow/dags/dag.py
[2026-04-10T09:23:34.929+0000] {logging_mixin.py:190} INFO - [2026-04-10T09:23:34.928+0000] {dag.py:3239} INFO - Sync 1 DAGs
[2026-04-10T09:23:34.954+0000] {logging_mixin.py:190} INFO - [2026-04-10T09:23:34.954+0000] {dag.py:4180} INFO - Setting next_dagrun for matrix_minio to None, run_after=None
[2026-04-10T09:23:34.986+0000] {processor.py:208} INFO - Processing /opt/airflow/dags/dag.py took 0.130 seconds
[2026-04-10T09:24:05.411+0000] {processor.py:186} INFO - Started process (PID=9890) to work on /opt/airflow/dags/dag.py
[2026-04-10T09:24:05.413+0000] {processor.py:914} INFO - Processing file /opt/airflow/dags/dag.py for tasks to queue
[2026-04-10T09:24:05.416+0000] {logging_mixin.py:190} INFO - [2026-04-10T09:24:05.416+0000] {dagbag.py:588} INFO - Filling up the DagBag from /opt/airflow/dags/dag.py
[2026-04-10T09:24:05.430+0000] {processor.py:925} INFO - DAG(s) 'matrix_minio' retrieved from /opt/airflow/dags/dag.py
[2026-04-10T09:24:05.477+0000] {logging_mixin.py:190} INFO - [2026-04-10T09:24:05.477+0000] {dag.py:3239} INFO - Sync 1 DAGs
[2026-04-10T09:24:05.504+0000] {logging_mixin.py:190} INFO - [2026-04-10T09:24:05.504+0000] {dag.py:4180} INFO - Setting next_dagrun for matrix_minio to None, run_after=None
[2026-04-10T09:24:05.545+0000] {processor.py:208} INFO - Processing /opt/airflow/dags/dag.py took 0.144 seconds
[2026-04-10T09:24:35.943+0000] {processor.py:186} INFO - Started process (PID=9961) to work on /opt/airflow/dags/dag.py
[2026-04-10T09:24:35.945+0000] {processor.py:914} INFO - Processing file /opt/airflow/dags/dag.py for tasks to queue
[2026-04-10T09:24:35.949+0000] {logging_mixin.py:190} INFO - [2026-04-10T09:24:35.948+0000] {dagbag.py:588} INFO - Filling up the DagBag from /opt/airflow/dags/dag.py
[2026-04-10T09:24:35.968+0000] {processor.py:925} INFO - DAG(s) 'matrix_minio' retrieved from /opt/airflow/dags/dag.py
[2026-04-10T09:24:36.011+0000] {logging_mixin.py:190} INFO - [2026-04-10T09:24:36.010+0000] {dag.py:3239} INFO - Sync 1 DAGs
[2026-04-10T09:24:36.035+0000] {logging_mixin.py:190} INFO - [2026-04-10T09:24:36.035+0000] {dag.py:4180} INFO - Setting next_dagrun for matrix_minio to None, run_after=None
[2026-04-10T09:24:36.068+0000] {processor.py:208} INFO - Processing /opt/airflow/dags/dag.py took 0.137 seconds
[2026-04-10T09:25:06.463+0000] {processor.py:186} INFO - Started process (PID=10032) to work on /opt/airflow/dags/dag.py
[2026-04-10T09:25:06.464+0000] {processor.py:914} INFO - Processing file /opt/airflow/dags/dag.py for tasks to queue
[2026-04-10T09:25:06.467+0000] {logging_mixin.py:190} INFO - [2026-04-10T09:25:06.467+0000] {dagbag.py:588} INFO - Filling up the DagBag from /opt/airflow/dags/dag.py
[2026-04-10T09:25:06.480+0000] {processor.py:925} INFO - DAG(s) 'matrix_minio' retrieved from /opt/airflow/dags/dag.py
[2026-04-10T09:25:06.524+0000] {logging_mixin.py:190} INFO - [2026-04-10T09:25:06.523+0000] {dag.py:3239} INFO - Sync 1 DAGs
[2026-04-10T09:25:06.549+0000] {logging_mixin.py:190} INFO - [2026-04-10T09:25:06.548+0000] {dag.py:4180} INFO - Setting next_dagrun for matrix_minio to None, run_after=None
[2026-04-10T09:25:06.581+0000] {processor.py:208} INFO - Processing /opt/airflow/dags/dag.py took 0.127 seconds
[2026-04-10T09:25:36.964+0000] {processor.py:186} INFO - Started process (PID=10103) to work on /opt/airflow/dags/dag.py
[2026-04-10T09:25:36.966+0000] {processor.py:914} INFO - Processing file /opt/airflow/dags/dag.py for tasks to queue
[2026-04-10T09:25:36.969+0000] {logging_mixin.py:190} INFO - [2026-04-10T09:25:36.968+0000] {dagbag.py:588} INFO - Filling up the DagBag from /opt/airflow/dags/dag.py
[2026-04-10T09:25:36.982+0000] {processor.py:925} INFO - DAG(s) 'matrix_minio' retrieved from /opt/airflow/dags/dag.py
[2026-04-10T09:25:37.031+0000] {logging_mixin.py:190} INFO - [2026-04-10T09:25:37.030+0000] {dag.py:3239} INFO - Sync 1 DAGs
[2026-04-10T09:25:37.057+0000] {logging_mixin.py:190} INFO - [2026-04-10T09:25:37.057+0000] {dag.py:4180} INFO - Setting next_dagrun for matrix_minio to None, run_after=None
[2026-04-10T09:25:37.097+0000] {processor.py:208} INFO - Processing /opt/airflow/dags/dag.py took 0.146 seconds
[2026-04-10T09:26:07.484+0000] {processor.py:186} INFO - Started process (PID=10174) to work on /opt/airflow/dags/dag.py
[2026-04-10T09:26:07.486+0000] {processor.py:914} INFO - Processing file /opt/airflow/dags/dag.py for tasks to queue
[2026-04-10T09:26:07.490+0000] {logging_mixin.py:190} INFO - [2026-04-10T09:26:07.489+0000] {dagbag.py:588} INFO - Filling up the DagBag from /opt/airflow/dags/dag.py
[2026-04-10T09:26:07.503+0000] {processor.py:925} INFO - DAG(s) 'matrix_minio' retrieved from /opt/airflow/dags/dag.py
[2026-04-10T09:26:07.542+0000] {logging_mixin.py:190} INFO - [2026-04-10T09:26:07.542+0000] {dag.py:3239} INFO - Sync 1 DAGs
[2026-04-10T09:26:07.567+0000] {logging_mixin.py:190} INFO - [2026-04-10T09:26:07.567+0000] {dag.py:4180} INFO - Setting next_dagrun for matrix_minio to None, run_after=None
[2026-04-10T09:26:07.598+0000] {processor.py:208} INFO - Processing /opt/airflow/dags/dag.py took 0.127 seconds
[2026-04-10T09:26:38.027+0000] {processor.py:186} INFO - Started process (PID=10245) to work on /opt/airflow/dags/dag.py
[2026-04-10T09:26:38.028+0000] {processor.py:914} INFO - Processing file /opt/airflow/dags/dag.py for tasks to queue
[2026-04-10T09:26:38.031+0000] {logging_mixin.py:190} INFO - [2026-04-10T09:26:38.031+0000] {dagbag.py:588} INFO - Filling up the DagBag from /opt/airflow/dags/dag.py
[2026-04-10T09:26:38.045+0000] {processor.py:925} INFO - DAG(s) 'matrix_minio' retrieved from /opt/airflow/dags/dag.py
[2026-04-10T09:26:38.086+0000] {logging_mixin.py:190} INFO - [2026-04-10T09:26:38.085+0000] {dag.py:3239} INFO - Sync 1 DAGs
[2026-04-10T09:26:38.112+0000] {logging_mixin.py:190} INFO - [2026-04-10T09:26:38.112+0000] {dag.py:4180} INFO - Setting next_dagrun for matrix_minio to None, run_after=None
[2026-04-10T09:26:38.142+0000] {processor.py:208} INFO - Processing /opt/airflow/dags/dag.py took 0.125 seconds
[2026-04-10T09:27:08.459+0000] {processor.py:186} INFO - Started process (PID=10316) to work on /opt/airflow/dags/dag.py
[2026-04-10T09:27:08.460+0000] {processor.py:914} INFO - Processing file /opt/airflow/dags/dag.py for tasks to queue
[2026-04-10T09:27:08.464+0000] {logging_mixin.py:190} INFO - [2026-04-10T09:27:08.464+0000] {dagbag.py:588} INFO - Filling up the DagBag from /opt/airflow/dags/dag.py
[2026-04-10T09:27:08.477+0000] {processor.py:925} INFO - DAG(s) 'matrix_minio' retrieved from /opt/airflow/dags/dag.py
[2026-04-10T09:27:08.519+0000] {logging_mixin.py:190} INFO - [2026-04-10T09:27:08.518+0000] {dag.py:3239} INFO - Sync 1 DAGs
[2026-04-10T09:27:08.544+0000] {logging_mixin.py:190} INFO - [2026-04-10T09:27:08.544+0000] {dag.py:4180} INFO - Setting next_dagrun for matrix_minio to None, run_after=None
[2026-04-10T09:27:08.577+0000] {processor.py:208} INFO - Processing /opt/airflow/dags/dag.py took 0.130 seconds
[2026-04-10T09:27:39.041+0000] {processor.py:186} INFO - Started process (PID=10387) to work on /opt/airflow/dags/dag.py
[2026-04-10T09:27:39.043+0000] {processor.py:914} INFO - Processing file /opt/airflow/dags/dag.py for tasks to queue
[2026-04-10T09:27:39.046+0000] {logging_mixin.py:190} INFO - [2026-04-10T09:27:39.046+0000] {dagbag.py:588} INFO - Filling up the DagBag from /opt/airflow/dags/dag.py
[2026-04-10T09:27:39.059+0000] {processor.py:925} INFO - DAG(s) 'matrix_minio' retrieved from /opt/airflow/dags/dag.py
[2026-04-10T09:27:39.111+0000] {logging_mixin.py:190} INFO - [2026-04-10T09:27:39.110+0000] {dag.py:3239} INFO - Sync 1 DAGs
[2026-04-10T09:27:39.139+0000] {logging_mixin.py:190} INFO - [2026-04-10T09:27:39.139+0000] {dag.py:4180} INFO - Setting next_dagrun for matrix_minio to None, run_after=None
[2026-04-10T09:27:39.185+0000] {processor.py:208} INFO - Processing /opt/airflow/dags/dag.py took 0.154 seconds
[2026-04-10T09:28:09.691+0000] {processor.py:186} INFO - Started process (PID=10458) to work on /opt/airflow/dags/dag.py
[2026-04-10T09:28:09.693+0000] {processor.py:914} INFO - Processing file /opt/airflow/dags/dag.py for tasks to queue
[2026-04-10T09:28:09.696+0000] {logging_mixin.py:190} INFO - [2026-04-10T09:28:09.696+0000] {dagbag.py:588} INFO - Filling up the DagBag from /opt/airflow/dags/dag.py
[2026-04-10T09:28:09.710+0000] {processor.py:925} INFO - DAG(s) 'matrix_minio' retrieved from /opt/airflow/dags/dag.py
[2026-04-10T09:28:09.749+0000] {logging_mixin.py:190} INFO - [2026-04-10T09:28:09.749+0000] {dag.py:3239} INFO - Sync 1 DAGs
[2026-04-10T09:28:09.774+0000] {logging_mixin.py:190} INFO - [2026-04-10T09:28:09.774+0000] {dag.py:4180} INFO - Setting next_dagrun for matrix_minio to None, run_after=None
[2026-04-10T09:28:09.805+0000] {processor.py:208} INFO - Processing /opt/airflow/dags/dag.py took 0.127 seconds
[2026-04-10T09:28:40.410+0000] {processor.py:186} INFO - Started process (PID=10530) to work on /opt/airflow/dags/dag.py
[2026-04-10T09:28:40.411+0000] {processor.py:914} INFO - Processing file /opt/airflow/dags/dag.py for tasks to queue
[2026-04-10T09:28:40.415+0000] {logging_mixin.py:190} INFO - [2026-04-10T09:28:40.414+0000] {dagbag.py:588} INFO - Filling up the DagBag from /opt/airflow/dags/dag.py
[2026-04-10T09:28:40.429+0000] {processor.py:925} INFO - DAG(s) 'matrix_minio' retrieved from /opt/airflow/dags/dag.py
[2026-04-10T09:28:40.470+0000] {logging_mixin.py:190} INFO - [2026-04-10T09:28:40.470+0000] {dag.py:3239} INFO - Sync 1 DAGs
[2026-04-10T09:28:40.496+0000] {logging_mixin.py:190} INFO - [2026-04-10T09:28:40.496+0000] {dag.py:4180} INFO - Setting next_dagrun for matrix_minio to None, run_after=None
[2026-04-10T09:28:40.532+0000] {processor.py:208} INFO - Processing /opt/airflow/dags/dag.py took 0.134 seconds
[2026-04-10T09:29:11.001+0000] {processor.py:186} INFO - Started process (PID=10601) to work on /opt/airflow/dags/dag.py
[2026-04-10T09:29:11.002+0000] {processor.py:914} INFO - Processing file /opt/airflow/dags/dag.py for tasks to queue
[2026-04-10T09:29:11.006+0000] {logging_mixin.py:190} INFO - [2026-04-10T09:29:11.005+0000] {dagbag.py:588} INFO - Filling up the DagBag from /opt/airflow/dags/dag.py
[2026-04-10T09:29:11.020+0000] {processor.py:925} INFO - DAG(s) 'matrix_minio' retrieved from /opt/airflow/dags/dag.py
[2026-04-10T09:29:11.063+0000] {logging_mixin.py:190} INFO - [2026-04-10T09:29:11.062+0000] {dag.py:3239} INFO - Sync 1 DAGs
[2026-04-10T09:29:11.090+0000] {logging_mixin.py:190} INFO - [2026-04-10T09:29:11.089+0000] {dag.py:4180} INFO - Setting next_dagrun for matrix_minio to None, run_after=None
[2026-04-10T09:29:11.122+0000] {processor.py:208} INFO - Processing /opt/airflow/dags/dag.py took 0.134 seconds
[2026-04-10T09:30:41.477+0000] {processor.py:186} INFO - Started process (PID=10666) to work on /opt/airflow/dags/dag.py
[2026-04-10T09:30:41.480+0000] {processor.py:914} INFO - Processing file /opt/airflow/dags/dag.py for tasks to queue
[2026-04-10T09:30:41.484+0000] {logging_mixin.py:190} INFO - [2026-04-10T09:30:41.483+0000] {dagbag.py:588} INFO - Filling up the DagBag from /opt/airflow/dags/dag.py
[2026-04-10T09:30:41.514+0000] {processor.py:925} INFO - DAG(s) 'matrix_minio' retrieved from /opt/airflow/dags/dag.py
[2026-04-10T09:30:41.594+0000] {logging_mixin.py:190} INFO - [2026-04-10T09:30:41.593+0000] {dag.py:3239} INFO - Sync 1 DAGs
[2026-04-10T09:30:41.640+0000] {logging_mixin.py:190} INFO - [2026-04-10T09:30:41.639+0000] {dag.py:4180} INFO - Setting next_dagrun for matrix_minio to None, run_after=None
[2026-04-10T09:30:41.721+0000] {processor.py:208} INFO - Processing /opt/airflow/dags/dag.py took 0.258 seconds
[2026-04-10T09:31:12.155+0000] {processor.py:186} INFO - Started process (PID=10737) to work on /opt/airflow/dags/dag.py
[2026-04-10T09:31:12.156+0000] {processor.py:914} INFO - Processing file /opt/airflow/dags/dag.py for tasks to queue
[2026-04-10T09:31:12.159+0000] {logging_mixin.py:190} INFO - [2026-04-10T09:31:12.159+0000] {dagbag.py:588} INFO - Filling up the DagBag from /opt/airflow/dags/dag.py
[2026-04-10T09:31:12.172+0000] {processor.py:925} INFO - DAG(s) 'matrix_minio' retrieved from /opt/airflow/dags/dag.py
[2026-04-10T09:31:12.212+0000] {logging_mixin.py:190} INFO - [2026-04-10T09:31:12.212+0000] {dag.py:3239} INFO - Sync 1 DAGs
[2026-04-10T09:31:12.239+0000] {logging_mixin.py:190} INFO - [2026-04-10T09:31:12.239+0000] {dag.py:4180} INFO - Setting next_dagrun for matrix_minio to None, run_after=None
[2026-04-10T09:31:12.272+0000] {processor.py:208} INFO - Processing /opt/airflow/dags/dag.py took 0.127 seconds
[2026-04-10T09:31:42.720+0000] {processor.py:186} INFO - Started process (PID=10808) to work on /opt/airflow/dags/dag.py
[2026-04-10T09:31:42.721+0000] {processor.py:914} INFO - Processing file /opt/airflow/dags/dag.py for tasks to queue
[2026-04-10T09:31:42.725+0000] {logging_mixin.py:190} INFO - [2026-04-10T09:31:42.725+0000] {dagbag.py:588} INFO - Filling up the DagBag from /opt/airflow/dags/dag.py
[2026-04-10T09:31:42.739+0000] {processor.py:925} INFO - DAG(s) 'matrix_minio' retrieved from /opt/airflow/dags/dag.py
[2026-04-10T09:31:42.787+0000] {logging_mixin.py:190} INFO - [2026-04-10T09:31:42.786+0000] {dag.py:3239} INFO - Sync 1 DAGs
[2026-04-10T09:31:42.814+0000] {logging_mixin.py:190} INFO - [2026-04-10T09:31:42.813+0000] {dag.py:4180} INFO - Setting next_dagrun for matrix_minio to None, run_after=None
[2026-04-10T09:31:42.855+0000] {processor.py:208} INFO - Processing /opt/airflow/dags/dag.py took 0.147 seconds
[2026-04-10T09:32:13.230+0000] {processor.py:186} INFO - Started process (PID=10879) to work on /opt/airflow/dags/dag.py
[2026-04-10T09:32:13.230+0000] {processor.py:914} INFO - Processing file /opt/airflow/dags/dag.py for tasks to queue
[2026-04-10T09:32:13.234+0000] {logging_mixin.py:190} INFO - [2026-04-10T09:32:13.233+0000] {dagbag.py:588} INFO - Filling up the DagBag from /opt/airflow/dags/dag.py
[2026-04-10T09:32:13.247+0000] {processor.py:925} INFO - DAG(s) 'matrix_minio' retrieved from /opt/airflow/dags/dag.py
[2026-04-10T09:32:13.287+0000] {logging_mixin.py:190} INFO - [2026-04-10T09:32:13.286+0000] {dag.py:3239} INFO - Sync 1 DAGs
[2026-04-10T09:32:13.313+0000] {logging_mixin.py:190} INFO - [2026-04-10T09:32:13.312+0000] {dag.py:4180} INFO - Setting next_dagrun for matrix_minio to None, run_after=None
[2026-04-10T09:32:13.346+0000] {processor.py:208} INFO - Processing /opt/airflow/dags/dag.py took 0.131 seconds
[2026-04-10T09:32:43.717+0000] {processor.py:186} INFO - Started process (PID=10950) to work on /opt/airflow/dags/dag.py
[2026-04-10T09:32:43.718+0000] {processor.py:914} INFO - Processing file /opt/airflow/dags/dag.py for tasks to queue
[2026-04-10T09:32:43.721+0000] {logging_mixin.py:190} INFO - [2026-04-10T09:32:43.721+0000] {dagbag.py:588} INFO - Filling up the DagBag from /opt/airflow/dags/dag.py
[2026-04-10T09:32:43.736+0000] {processor.py:925} INFO - DAG(s) 'matrix_minio' retrieved from /opt/airflow/dags/dag.py
[2026-04-10T09:32:43.782+0000] {logging_mixin.py:190} INFO - [2026-04-10T09:32:43.781+0000] {dag.py:3239} INFO - Sync 1 DAGs
[2026-04-10T09:32:43.810+0000] {logging_mixin.py:190} INFO - [2026-04-10T09:32:43.809+0000] {dag.py:4180} INFO - Setting next_dagrun for matrix_minio to None, run_after=None
[2026-04-10T09:32:43.851+0000] {processor.py:208} INFO - Processing /opt/airflow/dags/dag.py took 0.145 seconds
[2026-04-10T09:33:14.246+0000] {processor.py:186} INFO - Started process (PID=11021) to work on /opt/airflow/dags/dag.py
[2026-04-10T09:33:14.247+0000] {processor.py:914} INFO - Processing file /opt/airflow/dags/dag.py for tasks to queue
[2026-04-10T09:33:14.251+0000] {logging_mixin.py:190} INFO - [2026-04-10T09:33:14.250+0000] {dagbag.py:588} INFO - Filling up the DagBag from /opt/airflow/dags/dag.py
[2026-04-10T09:33:14.265+0000] {processor.py:925} INFO - DAG(s) 'matrix_minio' retrieved from /opt/airflow/dags/dag.py
[2026-04-10T09:33:14.313+0000] {logging_mixin.py:190} INFO - [2026-04-10T09:33:14.313+0000] {dag.py:3239} INFO - Sync 1 DAGs
[2026-04-10T09:33:14.339+0000] {logging_mixin.py:190} INFO - [2026-04-10T09:33:14.339+0000] {dag.py:4180} INFO - Setting next_dagrun for matrix_minio to None, run_after=None
[2026-04-10T09:33:14.381+0000] {processor.py:208} INFO - Processing /opt/airflow/dags/dag.py took 0.145 seconds
[2026-04-10T09:33:44.736+0000] {processor.py:186} INFO - Started process (PID=11092) to work on /opt/airflow/dags/dag.py
[2026-04-10T09:33:44.738+0000] {processor.py:914} INFO - Processing file /opt/airflow/dags/dag.py for tasks to queue
[2026-04-10T09:33:44.741+0000] {logging_mixin.py:190} INFO - [2026-04-10T09:33:44.741+0000] {dagbag.py:588} INFO - Filling up the DagBag from /opt/airflow/dags/dag.py
[2026-04-10T09:33:44.755+0000] {processor.py:925} INFO - DAG(s) 'matrix_minio' retrieved from /opt/airflow/dags/dag.py
[2026-04-10T09:33:44.795+0000] {logging_mixin.py:190} INFO - [2026-04-10T09:33:44.795+0000] {dag.py:3239} INFO - Sync 1 DAGs
[2026-04-10T09:33:44.822+0000] {logging_mixin.py:190} INFO - [2026-04-10T09:33:44.821+0000] {dag.py:4180} INFO - Setting next_dagrun for matrix_minio to None, run_after=None
[2026-04-10T09:33:44.853+0000] {processor.py:208} INFO - Processing /opt/airflow/dags/dag.py took 0.130 seconds
[2026-04-10T09:34:15.297+0000] {processor.py:186} INFO - Started process (PID=11164) to work on /opt/airflow/dags/dag.py
[2026-04-10T09:34:15.298+0000] {processor.py:914} INFO - Processing file /opt/airflow/dags/dag.py for tasks to queue
[2026-04-10T09:34:15.301+0000] {logging_mixin.py:190} INFO - [2026-04-10T09:34:15.300+0000] {dagbag.py:588} INFO - Filling up the DagBag from /opt/airflow/dags/dag.py
[2026-04-10T09:34:15.314+0000] {processor.py:925} INFO - DAG(s) 'matrix_minio' retrieved from /opt/airflow/dags/dag.py
[2026-04-10T09:34:15.353+0000] {logging_mixin.py:190} INFO - [2026-04-10T09:34:15.352+0000] {dag.py:3239} INFO - Sync 1 DAGs
[2026-04-10T09:34:15.380+0000] {logging_mixin.py:190} INFO - [2026-04-10T09:34:15.379+0000] {dag.py:4180} INFO - Setting next_dagrun for matrix_minio to None, run_after=None
[2026-04-10T09:34:15.414+0000] {processor.py:208} INFO - Processing /opt/airflow/dags/dag.py took 0.130 seconds
[2026-04-10T09:34:45.810+0000] {processor.py:186} INFO - Started process (PID=11235) to work on /opt/airflow/dags/dag.py
[2026-04-10T09:34:45.811+0000] {processor.py:914} INFO - Processing file /opt/airflow/dags/dag.py for tasks to queue
[2026-04-10T09:34:45.815+0000] {logging_mixin.py:190} INFO - [2026-04-10T09:34:45.814+0000] {dagbag.py:588} INFO - Filling up the DagBag from /opt/airflow/dags/dag.py
[2026-04-10T09:34:45.828+0000] {processor.py:925} INFO - DAG(s) 'matrix_minio' retrieved from /opt/airflow/dags/dag.py
[2026-04-10T09:34:45.867+0000] {logging_mixin.py:190} INFO - [2026-04-10T09:34:45.867+0000] {dag.py:3239} INFO - Sync 1 DAGs
[2026-04-10T09:34:45.892+0000] {logging_mixin.py:190} INFO - [2026-04-10T09:34:45.892+0000] {dag.py:4180} INFO - Setting next_dagrun for matrix_minio to None, run_after=None
[2026-04-10T09:34:45.923+0000] {processor.py:208} INFO - Processing /opt/airflow/dags/dag.py took 0.126 seconds
[2026-04-10T09:35:16.326+0000] {processor.py:186} INFO - Started process (PID=11306) to work on /opt/airflow/dags/dag.py
[2026-04-10T09:35:16.327+0000] {processor.py:914} INFO - Processing file /opt/airflow/dags/dag.py for tasks to queue
[2026-04-10T09:35:16.330+0000] {logging_mixin.py:190} INFO - [2026-04-10T09:35:16.330+0000] {dagbag.py:588} INFO - Filling up the DagBag from /opt/airflow/dags/dag.py
[2026-04-10T09:35:16.343+0000] {processor.py:925} INFO - DAG(s) 'matrix_minio' retrieved from /opt/airflow/dags/dag.py
[2026-04-10T09:35:16.382+0000] {logging_mixin.py:190} INFO - [2026-04-10T09:35:16.382+0000] {dag.py:3239} INFO - Sync 1 DAGs
[2026-04-10T09:35:16.408+0000] {logging_mixin.py:190} INFO - [2026-04-10T09:35:16.407+0000] {dag.py:4180} INFO - Setting next_dagrun for matrix_minio to None, run_after=None
[2026-04-10T09:35:16.440+0000] {processor.py:208} INFO - Processing /opt/airflow/dags/dag.py took 0.127 seconds
[2026-04-10T09:35:46.852+0000] {processor.py:186} INFO - Started process (PID=11377) to work on /opt/airflow/dags/dag.py
[2026-04-10T09:35:46.853+0000] {processor.py:914} INFO - Processing file /opt/airflow/dags/dag.py for tasks to queue
[2026-04-10T09:35:46.857+0000] {logging_mixin.py:190} INFO - [2026-04-10T09:35:46.856+0000] {dagbag.py:588} INFO - Filling up the DagBag from /opt/airflow/dags/dag.py
[2026-04-10T09:35:46.870+0000] {processor.py:925} INFO - DAG(s) 'matrix_minio' retrieved from /opt/airflow/dags/dag.py
[2026-04-10T09:35:46.912+0000] {logging_mixin.py:190} INFO - [2026-04-10T09:35:46.911+0000] {dag.py:3239} INFO - Sync 1 DAGs
[2026-04-10T09:35:46.938+0000] {logging_mixin.py:190} INFO - [2026-04-10T09:35:46.937+0000] {dag.py:4180} INFO - Setting next_dagrun for matrix_minio to None, run_after=None
[2026-04-10T09:35:46.970+0000] {processor.py:208} INFO - Processing /opt/airflow/dags/dag.py took 0.130 seconds
[2026-04-10T09:36:17.299+0000] {processor.py:186} INFO - Started process (PID=11448) to work on /opt/airflow/dags/dag.py
[2026-04-10T09:36:17.300+0000] {processor.py:914} INFO - Processing file /opt/airflow/dags/dag.py for tasks to queue
[2026-04-10T09:36:17.303+0000] {logging_mixin.py:190} INFO - [2026-04-10T09:36:17.303+0000] {dagbag.py:588} INFO - Filling up the DagBag from /opt/airflow/dags/dag.py
[2026-04-10T09:36:17.316+0000] {processor.py:925} INFO - DAG(s) 'matrix_minio' retrieved from /opt/airflow/dags/dag.py
[2026-04-10T09:36:17.367+0000] {logging_mixin.py:190} INFO - [2026-04-10T09:36:17.367+0000] {dag.py:3239} INFO - Sync 1 DAGs
[2026-04-10T09:36:17.395+0000] {logging_mixin.py:190} INFO - [2026-04-10T09:36:17.394+0000] {dag.py:4180} INFO - Setting next_dagrun for matrix_minio to None, run_after=None
[2026-04-10T09:36:17.435+0000] {processor.py:208} INFO - Processing /opt/airflow/dags/dag.py took 0.149 seconds
[2026-04-10T09:36:48.032+0000] {processor.py:186} INFO - Started process (PID=11519) to work on /opt/airflow/dags/dag.py
[2026-04-10T09:36:48.033+0000] {processor.py:914} INFO - Processing file /opt/airflow/dags/dag.py for tasks to queue
[2026-04-10T09:36:48.038+0000] {logging_mixin.py:190} INFO - [2026-04-10T09:36:48.037+0000] {dagbag.py:588} INFO - Filling up the DagBag from /opt/airflow/dags/dag.py
[2026-04-10T09:36:48.054+0000] {processor.py:925} INFO - DAG(s) 'matrix_minio' retrieved from /opt/airflow/dags/dag.py
[2026-04-10T09:36:48.100+0000] {logging_mixin.py:190} INFO - [2026-04-10T09:36:48.099+0000] {dag.py:3239} INFO - Sync 1 DAGs
[2026-04-10T09:36:48.126+0000] {logging_mixin.py:190} INFO - [2026-04-10T09:36:48.126+0000] {dag.py:4180} INFO - Setting next_dagrun for matrix_minio to None, run_after=None
[2026-04-10T09:36:48.168+0000] {processor.py:208} INFO - Processing /opt/airflow/dags/dag.py took 0.147 seconds
[2026-04-10T09:37:18.645+0000] {processor.py:186} INFO - Started process (PID=11590) to work on /opt/airflow/dags/dag.py
[2026-04-10T09:37:18.646+0000] {processor.py:914} INFO - Processing file /opt/airflow/dags/dag.py for tasks to queue
[2026-04-10T09:37:18.649+0000] {logging_mixin.py:190} INFO - [2026-04-10T09:37:18.649+0000] {dagbag.py:588} INFO - Filling up the DagBag from /opt/airflow/dags/dag.py
[2026-04-10T09:37:18.662+0000] {processor.py:925} INFO - DAG(s) 'matrix_minio' retrieved from /opt/airflow/dags/dag.py
[2026-04-10T09:37:18.705+0000] {logging_mixin.py:190} INFO - [2026-04-10T09:37:18.705+0000] {dag.py:3239} INFO - Sync 1 DAGs
[2026-04-10T09:37:18.731+0000] {logging_mixin.py:190} INFO - [2026-04-10T09:37:18.730+0000] {dag.py:4180} INFO - Setting next_dagrun for matrix_minio to None, run_after=None
[2026-04-10T09:37:18.763+0000] {processor.py:208} INFO - Processing /opt/airflow/dags/dag.py took 0.128 seconds
[2026-04-10T09:37:49.275+0000] {processor.py:186} INFO - Started process (PID=11661) to work on /opt/airflow/dags/dag.py
[2026-04-10T09:37:49.276+0000] {processor.py:914} INFO - Processing file /opt/airflow/dags/dag.py for tasks to queue
[2026-04-10T09:37:49.279+0000] {logging_mixin.py:190} INFO - [2026-04-10T09:37:49.279+0000] {dagbag.py:588} INFO - Filling up the DagBag from /opt/airflow/dags/dag.py
[2026-04-10T09:37:49.292+0000] {processor.py:925} INFO - DAG(s) 'matrix_minio' retrieved from /opt/airflow/dags/dag.py
[2026-04-10T09:37:49.340+0000] {logging_mixin.py:190} INFO - [2026-04-10T09:37:49.340+0000] {dag.py:3239} INFO - Sync 1 DAGs
[2026-04-10T09:37:49.368+0000] {logging_mixin.py:190} INFO - [2026-04-10T09:37:49.368+0000] {dag.py:4180} INFO - Setting next_dagrun for matrix_minio to None, run_after=None
[2026-04-10T09:37:49.408+0000] {processor.py:208} INFO - Processing /opt/airflow/dags/dag.py took 0.145 seconds
[2026-04-10T09:38:19.913+0000] {processor.py:186} INFO - Started process (PID=11732) to work on /opt/airflow/dags/dag.py
[2026-04-10T09:38:19.914+0000] {processor.py:914} INFO - Processing file /opt/airflow/dags/dag.py for tasks to queue
[2026-04-10T09:38:19.918+0000] {logging_mixin.py:190} INFO - [2026-04-10T09:38:19.917+0000] {dagbag.py:588} INFO - Filling up the DagBag from /opt/airflow/dags/dag.py
[2026-04-10T09:38:19.930+0000] {processor.py:925} INFO - DAG(s) 'matrix_minio' retrieved from /opt/airflow/dags/dag.py
[2026-04-10T09:38:19.976+0000] {logging_mixin.py:190} INFO - [2026-04-10T09:38:19.976+0000] {dag.py:3239} INFO - Sync 1 DAGs
[2026-04-10T09:38:20.003+0000] {logging_mixin.py:190} INFO - [2026-04-10T09:38:20.002+0000] {dag.py:4180} INFO - Setting next_dagrun for matrix_minio to None, run_after=None
[2026-04-10T09:38:20.034+0000] {processor.py:208} INFO - Processing /opt/airflow/dags/dag.py took 0.133 seconds
[2026-04-10T09:38:50.554+0000] {processor.py:186} INFO - Started process (PID=11803) to work on /opt/airflow/dags/dag.py
[2026-04-10T09:38:50.555+0000] {processor.py:914} INFO - Processing file /opt/airflow/dags/dag.py for tasks to queue
[2026-04-10T09:38:50.558+0000] {logging_mixin.py:190} INFO - [2026-04-10T09:38:50.557+0000] {dagbag.py:588} INFO - Filling up the DagBag from /opt/airflow/dags/dag.py
[2026-04-10T09:38:50.571+0000] {processor.py:925} INFO - DAG(s) 'matrix_minio' retrieved from /opt/airflow/dags/dag.py
[2026-04-10T09:38:50.611+0000] {logging_mixin.py:190} INFO - [2026-04-10T09:38:50.610+0000] {dag.py:3239} INFO - Sync 1 DAGs
[2026-04-10T09:38:50.638+0000] {logging_mixin.py:190} INFO - [2026-04-10T09:38:50.637+0000] {dag.py:4180} INFO - Setting next_dagrun for matrix_minio to None, run_after=None
[2026-04-10T09:38:50.669+0000] {processor.py:208} INFO - Processing /opt/airflow/dags/dag.py took 0.128 seconds
[2026-04-10T09:39:21.103+0000] {processor.py:186} INFO - Started process (PID=11874) to work on /opt/airflow/dags/dag.py
[2026-04-10T09:39:21.104+0000] {processor.py:914} INFO - Processing file /opt/airflow/dags/dag.py for tasks to queue
[2026-04-10T09:39:21.107+0000] {logging_mixin.py:190} INFO - [2026-04-10T09:39:21.107+0000] {dagbag.py:588} INFO - Filling up the DagBag from /opt/airflow/dags/dag.py
[2026-04-10T09:39:21.120+0000] {processor.py:925} INFO - DAG(s) 'matrix_minio' retrieved from /opt/airflow/dags/dag.py
[2026-04-10T09:39:21.161+0000] {logging_mixin.py:190} INFO - [2026-04-10T09:39:21.161+0000] {dag.py:3239} INFO - Sync 1 DAGs
[2026-04-10T09:39:21.187+0000] {logging_mixin.py:190} INFO - [2026-04-10T09:39:21.187+0000] {dag.py:4180} INFO - Setting next_dagrun for matrix_minio to None, run_after=None
[2026-04-10T09:39:21.222+0000] {processor.py:208} INFO - Processing /opt/airflow/dags/dag.py took 0.131 seconds
[2026-04-10T09:39:51.809+0000] {processor.py:186} INFO - Started process (PID=11945) to work on /opt/airflow/dags/dag.py
[2026-04-10T09:39:51.810+0000] {processor.py:914} INFO - Processing file /opt/airflow/dags/dag.py for tasks to queue
[2026-04-10T09:39:51.813+0000] {logging_mixin.py:190} INFO - [2026-04-10T09:39:51.813+0000] {dagbag.py:588} INFO - Filling up the DagBag from /opt/airflow/dags/dag.py
[2026-04-10T09:39:51.826+0000] {processor.py:925} INFO - DAG(s) 'matrix_minio' retrieved from /opt/airflow/dags/dag.py
[2026-04-10T09:39:51.871+0000] {logging_mixin.py:190} INFO - [2026-04-10T09:39:51.870+0000] {dag.py:3239} INFO - Sync 1 DAGs
[2026-04-10T09:39:51.898+0000] {logging_mixin.py:190} INFO - [2026-04-10T09:39:51.897+0000] {dag.py:4180} INFO - Setting next_dagrun for matrix_minio to None, run_after=None
[2026-04-10T09:39:51.929+0000] {processor.py:208} INFO - Processing /opt/airflow/dags/dag.py took 0.133 seconds
[2026-04-10T09:40:22.453+0000] {processor.py:186} INFO - Started process (PID=12016) to work on /opt/airflow/dags/dag.py
[2026-04-10T09:40:22.455+0000] {processor.py:914} INFO - Processing file /opt/airflow/dags/dag.py for tasks to queue
[2026-04-10T09:40:22.458+0000] {logging_mixin.py:190} INFO - [2026-04-10T09:40:22.458+0000] {dagbag.py:588} INFO - Filling up the DagBag from /opt/airflow/dags/dag.py
[2026-04-10T09:40:22.471+0000] {processor.py:925} INFO - DAG(s) 'matrix_minio' retrieved from /opt/airflow/dags/dag.py
[2026-04-10T09:40:22.517+0000] {logging_mixin.py:190} INFO - [2026-04-10T09:40:22.516+0000] {dag.py:3239} INFO - Sync 1 DAGs
[2026-04-10T09:40:22.545+0000] {logging_mixin.py:190} INFO - [2026-04-10T09:40:22.545+0000] {dag.py:4180} INFO - Setting next_dagrun for matrix_minio to None, run_after=None
[2026-04-10T09:40:22.578+0000] {processor.py:208} INFO - Processing /opt/airflow/dags/dag.py took 0.139 seconds
[2026-04-10T09:40:53.070+0000] {processor.py:186} INFO - Started process (PID=12087) to work on /opt/airflow/dags/dag.py
[2026-04-10T09:40:53.071+0000] {processor.py:914} INFO - Processing file /opt/airflow/dags/dag.py for tasks to queue
[2026-04-10T09:40:53.075+0000] {logging_mixin.py:190} INFO - [2026-04-10T09:40:53.074+0000] {dagbag.py:588} INFO - Filling up the DagBag from /opt/airflow/dags/dag.py
[2026-04-10T09:40:53.090+0000] {processor.py:925} INFO - DAG(s) 'matrix_minio' retrieved from /opt/airflow/dags/dag.py
[2026-04-10T09:40:53.133+0000] {logging_mixin.py:190} INFO - [2026-04-10T09:40:53.132+0000] {dag.py:3239} INFO - Sync 1 DAGs
[2026-04-10T09:40:53.159+0000] {logging_mixin.py:190} INFO - [2026-04-10T09:40:53.158+0000] {dag.py:4180} INFO - Setting next_dagrun for matrix_minio to None, run_after=None
[2026-04-10T09:40:53.190+0000] {processor.py:208} INFO - Processing /opt/airflow/dags/dag.py took 0.131 seconds
[2026-04-10T09:41:23.552+0000] {processor.py:186} INFO - Started process (PID=12158) to work on /opt/airflow/dags/dag.py
[2026-04-10T09:41:23.553+0000] {processor.py:914} INFO - Processing file /opt/airflow/dags/dag.py for tasks to queue
[2026-04-10T09:41:23.556+0000] {logging_mixin.py:190} INFO - [2026-04-10T09:41:23.556+0000] {dagbag.py:588} INFO - Filling up the DagBag from /opt/airflow/dags/dag.py
[2026-04-10T09:41:23.569+0000] {processor.py:925} INFO - DAG(s) 'matrix_minio' retrieved from /opt/airflow/dags/dag.py
[2026-04-10T09:41:23.616+0000] {logging_mixin.py:190} INFO - [2026-04-10T09:41:23.615+0000] {dag.py:3239} INFO - Sync 1 DAGs
[2026-04-10T09:41:23.643+0000] {logging_mixin.py:190} INFO - [2026-04-10T09:41:23.643+0000] {dag.py:4180} INFO - Setting next_dagrun for matrix_minio to None, run_after=None
[2026-04-10T09:41:23.676+0000] {processor.py:208} INFO - Processing /opt/airflow/dags/dag.py took 0.134 seconds
[2026-04-10T09:41:54.266+0000] {processor.py:186} INFO - Started process (PID=12229) to work on /opt/airflow/dags/dag.py
[2026-04-10T09:41:54.267+0000] {processor.py:914} INFO - Processing file /opt/airflow/dags/dag.py for tasks to queue
[2026-04-10T09:41:54.271+0000] {logging_mixin.py:190} INFO - [2026-04-10T09:41:54.270+0000] {dagbag.py:588} INFO - Filling up the DagBag from /opt/airflow/dags/dag.py
[2026-04-10T09:41:54.284+0000] {processor.py:925} INFO - DAG(s) 'matrix_minio' retrieved from /opt/airflow/dags/dag.py
[2026-04-10T09:41:54.327+0000] {logging_mixin.py:190} INFO - [2026-04-10T09:41:54.326+0000] {dag.py:3239} INFO - Sync 1 DAGs
[2026-04-10T09:41:54.354+0000] {logging_mixin.py:190} INFO - [2026-04-10T09:41:54.353+0000] {dag.py:4180} INFO - Setting next_dagrun for matrix_minio to None, run_after=None
[2026-04-10T09:41:54.388+0000] {processor.py:208} INFO - Processing /opt/airflow/dags/dag.py took 0.136 seconds
[2026-04-10T09:42:24.954+0000] {processor.py:186} INFO - Started process (PID=12306) to work on /opt/airflow/dags/dag.py
[2026-04-10T09:42:24.955+0000] {processor.py:914} INFO - Processing file /opt/airflow/dags/dag.py for tasks to queue
[2026-04-10T09:42:24.958+0000] {logging_mixin.py:190} INFO - [2026-04-10T09:42:24.958+0000] {dagbag.py:588} INFO - Filling up the DagBag from /opt/airflow/dags/dag.py
[2026-04-10T09:42:24.972+0000] {processor.py:925} INFO - DAG(s) 'matrix_minio' retrieved from /opt/airflow/dags/dag.py
[2026-04-10T09:42:25.013+0000] {logging_mixin.py:190} INFO - [2026-04-10T09:42:25.013+0000] {dag.py:3239} INFO - Sync 1 DAGs
[2026-04-10T09:42:25.038+0000] {logging_mixin.py:190} INFO - [2026-04-10T09:42:25.037+0000] {dag.py:4180} INFO - Setting next_dagrun for matrix_minio to None, run_after=None
[2026-04-10T09:42:25.067+0000] {processor.py:208} INFO - Processing /opt/airflow/dags/dag.py took 0.127 seconds
[2026-04-10T09:42:55.641+0000] {processor.py:186} INFO - Started process (PID=12377) to work on /opt/airflow/dags/dag.py
[2026-04-10T09:42:55.642+0000] {processor.py:914} INFO - Processing file /opt/airflow/dags/dag.py for tasks to queue
[2026-04-10T09:42:55.645+0000] {logging_mixin.py:190} INFO - [2026-04-10T09:42:55.645+0000] {dagbag.py:588} INFO - Filling up the DagBag from /opt/airflow/dags/dag.py
[2026-04-10T09:42:55.659+0000] {processor.py:925} INFO - DAG(s) 'matrix_minio' retrieved from /opt/airflow/dags/dag.py
[2026-04-10T09:42:55.702+0000] {logging_mixin.py:190} INFO - [2026-04-10T09:42:55.702+0000] {dag.py:3239} INFO - Sync 1 DAGs
[2026-04-10T09:42:55.732+0000] {logging_mixin.py:190} INFO - [2026-04-10T09:42:55.732+0000] {dag.py:4180} INFO - Setting next_dagrun for matrix_minio to None, run_after=None
[2026-04-10T09:42:55.765+0000] {processor.py:208} INFO - Processing /opt/airflow/dags/dag.py took 0.138 seconds
[2026-04-10T09:43:26.311+0000] {processor.py:186} INFO - Started process (PID=12448) to work on /opt/airflow/dags/dag.py
[2026-04-10T09:43:26.312+0000] {processor.py:914} INFO - Processing file /opt/airflow/dags/dag.py for tasks to queue
[2026-04-10T09:43:26.316+0000] {logging_mixin.py:190} INFO - [2026-04-10T09:43:26.315+0000] {dagbag.py:588} INFO - Filling up the DagBag from /opt/airflow/dags/dag.py
[2026-04-10T09:43:26.330+0000] {processor.py:925} INFO - DAG(s) 'matrix_minio' retrieved from /opt/airflow/dags/dag.py
[2026-04-10T09:43:26.369+0000] {logging_mixin.py:190} INFO - [2026-04-10T09:43:26.369+0000] {dag.py:3239} INFO - Sync 1 DAGs
[2026-04-10T09:43:26.396+0000] {logging_mixin.py:190} INFO - [2026-04-10T09:43:26.396+0000] {dag.py:4180} INFO - Setting next_dagrun for matrix_minio to None, run_after=None
[2026-04-10T09:43:26.428+0000] {processor.py:208} INFO - Processing /opt/airflow/dags/dag.py took 0.129 seconds
[2026-04-10T09:43:57.001+0000] {processor.py:186} INFO - Started process (PID=12519) to work on /opt/airflow/dags/dag.py
[2026-04-10T09:43:57.002+0000] {processor.py:914} INFO - Processing file /opt/airflow/dags/dag.py for tasks to queue
[2026-04-10T09:43:57.005+0000] {logging_mixin.py:190} INFO - [2026-04-10T09:43:57.005+0000] {dagbag.py:588} INFO - Filling up the DagBag from /opt/airflow/dags/dag.py
[2026-04-10T09:43:57.019+0000] {processor.py:925} INFO - DAG(s) 'matrix_minio' retrieved from /opt/airflow/dags/dag.py
[2026-04-10T09:43:57.074+0000] {logging_mixin.py:190} INFO - [2026-04-10T09:43:57.073+0000] {dag.py:3239} INFO - Sync 1 DAGs
[2026-04-10T09:43:57.103+0000] {logging_mixin.py:190} INFO - [2026-04-10T09:43:57.103+0000] {dag.py:4180} INFO - Setting next_dagrun for matrix_minio to None, run_after=None
[2026-04-10T09:43:57.147+0000] {processor.py:208} INFO - Processing /opt/airflow/dags/dag.py took 0.155 seconds
[2026-04-10T09:44:27.656+0000] {processor.py:186} INFO - Started process (PID=12590) to work on /opt/airflow/dags/dag.py
[2026-04-10T09:44:27.657+0000] {processor.py:914} INFO - Processing file /opt/airflow/dags/dag.py for tasks to queue
[2026-04-10T09:44:27.661+0000] {logging_mixin.py:190} INFO - [2026-04-10T09:44:27.660+0000] {dagbag.py:588} INFO - Filling up the DagBag from /opt/airflow/dags/dag.py
[2026-04-10T09:44:27.674+0000] {processor.py:925} INFO - DAG(s) 'matrix_minio' retrieved from /opt/airflow/dags/dag.py
[2026-04-10T09:44:27.716+0000] {logging_mixin.py:190} INFO - [2026-04-10T09:44:27.715+0000] {dag.py:3239} INFO - Sync 1 DAGs
[2026-04-10T09:44:27.741+0000] {logging_mixin.py:190} INFO - [2026-04-10T09:44:27.740+0000] {dag.py:4180} INFO - Setting next_dagrun for matrix_minio to None, run_after=None
[2026-04-10T09:44:27.772+0000] {processor.py:208} INFO - Processing /opt/airflow/dags/dag.py took 0.129 seconds
[2026-04-10T09:44:58.375+0000] {processor.py:186} INFO - Started process (PID=12661) to work on /opt/airflow/dags/dag.py
[2026-04-10T09:44:58.376+0000] {processor.py:914} INFO - Processing file /opt/airflow/dags/dag.py for tasks to queue
[2026-04-10T09:44:58.380+0000] {logging_mixin.py:190} INFO - [2026-04-10T09:44:58.379+0000] {dagbag.py:588} INFO - Filling up the DagBag from /opt/airflow/dags/dag.py
[2026-04-10T09:44:58.394+0000] {processor.py:925} INFO - DAG(s) 'matrix_minio' retrieved from /opt/airflow/dags/dag.py
[2026-04-10T09:44:58.436+0000] {logging_mixin.py:190} INFO - [2026-04-10T09:44:58.436+0000] {dag.py:3239} INFO - Sync 1 DAGs
[2026-04-10T09:44:58.465+0000] {logging_mixin.py:190} INFO - [2026-04-10T09:44:58.465+0000] {dag.py:4180} INFO - Setting next_dagrun for matrix_minio to None, run_after=None
[2026-04-10T09:44:58.499+0000] {processor.py:208} INFO - Processing /opt/airflow/dags/dag.py took 0.137 seconds
[2026-04-10T09:45:28.974+0000] {processor.py:186} INFO - Started process (PID=12732) to work on /opt/airflow/dags/dag.py
[2026-04-10T09:45:28.975+0000] {processor.py:914} INFO - Processing file /opt/airflow/dags/dag.py for tasks to queue
[2026-04-10T09:45:28.978+0000] {logging_mixin.py:190} INFO - [2026-04-10T09:45:28.977+0000] {dagbag.py:588} INFO - Filling up the DagBag from /opt/airflow/dags/dag.py
[2026-04-10T09:45:28.991+0000] {processor.py:925} INFO - DAG(s) 'matrix_minio' retrieved from /opt/airflow/dags/dag.py
[2026-04-10T09:45:29.033+0000] {logging_mixin.py:190} INFO - [2026-04-10T09:45:29.033+0000] {dag.py:3239} INFO - Sync 1 DAGs
[2026-04-10T09:45:29.060+0000] {logging_mixin.py:190} INFO - [2026-04-10T09:45:29.059+0000] {dag.py:4180} INFO - Setting next_dagrun for matrix_minio to None, run_after=None
[2026-04-10T09:45:29.093+0000] {processor.py:208} INFO - Processing /opt/airflow/dags/dag.py took 0.132 seconds
[2026-04-10T09:45:59.593+0000] {processor.py:186} INFO - Started process (PID=12803) to work on /opt/airflow/dags/dag.py
[2026-04-10T09:45:59.594+0000] {processor.py:914} INFO - Processing file /opt/airflow/dags/dag.py for tasks to queue
[2026-04-10T09:45:59.598+0000] {logging_mixin.py:190} INFO - [2026-04-10T09:45:59.597+0000] {dagbag.py:588} INFO - Filling up the DagBag from /opt/airflow/dags/dag.py
[2026-04-10T09:45:59.613+0000] {processor.py:925} INFO - DAG(s) 'matrix_minio' retrieved from /opt/airflow/dags/dag.py
[2026-04-10T09:45:59.662+0000] {logging_mixin.py:190} INFO - [2026-04-10T09:45:59.662+0000] {dag.py:3239} INFO - Sync 1 DAGs
[2026-04-10T09:45:59.690+0000] {logging_mixin.py:190} INFO - [2026-04-10T09:45:59.690+0000] {dag.py:4180} INFO - Setting next_dagrun for matrix_minio to None, run_after=None
[2026-04-10T09:45:59.929+0000] {processor.py:208} INFO - Processing /opt/airflow/dags/dag.py took 0.346 seconds
[2026-04-10T09:46:30.688+0000] {processor.py:186} INFO - Started process (PID=12874) to work on /opt/airflow/dags/dag.py
[2026-04-10T09:46:30.689+0000] {processor.py:914} INFO - Processing file /opt/airflow/dags/dag.py for tasks to queue
[2026-04-10T09:46:30.692+0000] {logging_mixin.py:190} INFO - [2026-04-10T09:46:30.692+0000] {dagbag.py:588} INFO - Filling up the DagBag from /opt/airflow/dags/dag.py
[2026-04-10T09:46:30.705+0000] {processor.py:925} INFO - DAG(s) 'matrix_minio' retrieved from /opt/airflow/dags/dag.py
[2026-04-10T09:46:30.753+0000] {logging_mixin.py:190} INFO - [2026-04-10T09:46:30.752+0000] {dag.py:3239} INFO - Sync 1 DAGs
[2026-04-10T09:46:30.780+0000] {logging_mixin.py:190} INFO - [2026-04-10T09:46:30.780+0000] {dag.py:4180} INFO - Setting next_dagrun for matrix_minio to None, run_after=None
[2026-04-10T09:46:30.821+0000] {processor.py:208} INFO - Processing /opt/airflow/dags/dag.py took 0.144 seconds
[2026-04-10T09:47:01.168+0000] {processor.py:186} INFO - Started process (PID=12945) to work on /opt/airflow/dags/dag.py
[2026-04-10T09:47:01.170+0000] {processor.py:914} INFO - Processing file /opt/airflow/dags/dag.py for tasks to queue
[2026-04-10T09:47:01.173+0000] {logging_mixin.py:190} INFO - [2026-04-10T09:47:01.173+0000] {dagbag.py:588} INFO - Filling up the DagBag from /opt/airflow/dags/dag.py
[2026-04-10T09:47:01.186+0000] {processor.py:925} INFO - DAG(s) 'matrix_minio' retrieved from /opt/airflow/dags/dag.py
[2026-04-10T09:47:01.229+0000] {logging_mixin.py:190} INFO - [2026-04-10T09:47:01.228+0000] {dag.py:3239} INFO - Sync 1 DAGs
[2026-04-10T09:47:01.254+0000] {logging_mixin.py:190} INFO - [2026-04-10T09:47:01.253+0000] {dag.py:4180} INFO - Setting next_dagrun for matrix_minio to None, run_after=None
[2026-04-10T09:47:01.496+0000] {processor.py:208} INFO - Processing /opt/airflow/dags/dag.py took 0.342 seconds
[2026-04-10T09:52:47.469+0000] {processor.py:186} INFO - Started process (PID=13010) to work on /opt/airflow/dags/dag.py
[2026-04-10T09:52:47.482+0000] {processor.py:914} INFO - Processing file /opt/airflow/dags/dag.py for tasks to queue
[2026-04-10T09:52:47.489+0000] {logging_mixin.py:190} INFO - [2026-04-10T09:52:47.488+0000] {dagbag.py:588} INFO - Filling up the DagBag from /opt/airflow/dags/dag.py
[2026-04-10T09:52:47.510+0000] {processor.py:925} INFO - DAG(s) 'matrix_minio' retrieved from /opt/airflow/dags/dag.py
[2026-04-10T09:52:47.575+0000] {logging_mixin.py:190} INFO - [2026-04-10T09:52:47.575+0000] {dag.py:3239} INFO - Sync 1 DAGs
[2026-04-10T09:52:47.644+0000] {logging_mixin.py:190} INFO - [2026-04-10T09:52:47.644+0000] {dag.py:4180} INFO - Setting next_dagrun for matrix_minio to None, run_after=None
[2026-04-10T09:52:47.692+0000] {processor.py:208} INFO - Processing /opt/airflow/dags/dag.py took 0.253 seconds
[2026-04-10T09:53:18.142+0000] {processor.py:186} INFO - Started process (PID=13081) to work on /opt/airflow/dags/dag.py
[2026-04-10T09:53:18.143+0000] {processor.py:914} INFO - Processing file /opt/airflow/dags/dag.py for tasks to queue
[2026-04-10T09:53:18.146+0000] {logging_mixin.py:190} INFO - [2026-04-10T09:53:18.146+0000] {dagbag.py:588} INFO - Filling up the DagBag from /opt/airflow/dags/dag.py
[2026-04-10T09:53:18.159+0000] {processor.py:925} INFO - DAG(s) 'matrix_minio' retrieved from /opt/airflow/dags/dag.py
[2026-04-10T09:53:18.210+0000] {logging_mixin.py:190} INFO - [2026-04-10T09:53:18.209+0000] {dag.py:3239} INFO - Sync 1 DAGs
[2026-04-10T09:53:18.235+0000] {logging_mixin.py:190} INFO - [2026-04-10T09:53:18.235+0000] {dag.py:4180} INFO - Setting next_dagrun for matrix_minio to None, run_after=None
[2026-04-10T09:53:18.266+0000] {processor.py:208} INFO - Processing /opt/airflow/dags/dag.py took 0.137 seconds
[2026-04-10T09:53:48.858+0000] {processor.py:186} INFO - Started process (PID=13152) to work on /opt/airflow/dags/dag.py
[2026-04-10T09:53:48.859+0000] {processor.py:914} INFO - Processing file /opt/airflow/dags/dag.py for tasks to queue
[2026-04-10T09:53:48.863+0000] {logging_mixin.py:190} INFO - [2026-04-10T09:53:48.862+0000] {dagbag.py:588} INFO - Filling up the DagBag from /opt/airflow/dags/dag.py
[2026-04-10T09:53:48.876+0000] {processor.py:925} INFO - DAG(s) 'matrix_minio' retrieved from /opt/airflow/dags/dag.py
[2026-04-10T09:53:48.928+0000] {logging_mixin.py:190} INFO - [2026-04-10T09:53:48.928+0000] {dag.py:3239} INFO - Sync 1 DAGs
[2026-04-10T09:53:48.953+0000] {logging_mixin.py:190} INFO - [2026-04-10T09:53:48.952+0000] {dag.py:4180} INFO - Setting next_dagrun for matrix_minio to None, run_after=None
[2026-04-10T09:53:48.992+0000] {processor.py:208} INFO - Processing /opt/airflow/dags/dag.py took 0.147 seconds
[2026-04-10T09:54:19.553+0000] {processor.py:186} INFO - Started process (PID=13223) to work on /opt/airflow/dags/dag.py
[2026-04-10T09:54:19.555+0000] {processor.py:914} INFO - Processing file /opt/airflow/dags/dag.py for tasks to queue
[2026-04-10T09:54:19.558+0000] {logging_mixin.py:190} INFO - [2026-04-10T09:54:19.557+0000] {dagbag.py:588} INFO - Filling up the DagBag from /opt/airflow/dags/dag.py
[2026-04-10T09:54:19.571+0000] {processor.py:925} INFO - DAG(s) 'matrix_minio' retrieved from /opt/airflow/dags/dag.py
[2026-04-10T09:54:19.623+0000] {logging_mixin.py:190} INFO - [2026-04-10T09:54:19.623+0000] {dag.py:3239} INFO - Sync 1 DAGs
[2026-04-10T09:54:19.647+0000] {logging_mixin.py:190} INFO - [2026-04-10T09:54:19.646+0000] {dag.py:4180} INFO - Setting next_dagrun for matrix_minio to None, run_after=None
[2026-04-10T09:54:19.688+0000] {processor.py:208} INFO - Processing /opt/airflow/dags/dag.py took 0.144 seconds
[2026-04-10T09:54:50.420+0000] {processor.py:186} INFO - Started process (PID=13294) to work on /opt/airflow/dags/dag.py
[2026-04-10T09:54:50.421+0000] {processor.py:914} INFO - Processing file /opt/airflow/dags/dag.py for tasks to queue
[2026-04-10T09:54:50.424+0000] {logging_mixin.py:190} INFO - [2026-04-10T09:54:50.424+0000] {dagbag.py:588} INFO - Filling up the DagBag from /opt/airflow/dags/dag.py
[2026-04-10T09:54:50.438+0000] {processor.py:925} INFO - DAG(s) 'matrix_minio' retrieved from /opt/airflow/dags/dag.py
[2026-04-10T09:54:50.481+0000] {logging_mixin.py:190} INFO - [2026-04-10T09:54:50.480+0000] {dag.py:3239} INFO - Sync 1 DAGs
[2026-04-10T09:54:50.510+0000] {logging_mixin.py:190} INFO - [2026-04-10T09:54:50.509+0000] {dag.py:4180} INFO - Setting next_dagrun for matrix_minio to None, run_after=None
[2026-04-10T09:54:50.545+0000] {processor.py:208} INFO - Processing /opt/airflow/dags/dag.py took 0.135 seconds
[2026-04-10T09:55:20.838+0000] {processor.py:186} INFO - Started process (PID=13365) to work on /opt/airflow/dags/dag.py
[2026-04-10T09:55:20.840+0000] {processor.py:914} INFO - Processing file /opt/airflow/dags/dag.py for tasks to queue
[2026-04-10T09:55:20.843+0000] {logging_mixin.py:190} INFO - [2026-04-10T09:55:20.842+0000] {dagbag.py:588} INFO - Filling up the DagBag from /opt/airflow/dags/dag.py
[2026-04-10T09:55:20.856+0000] {processor.py:925} INFO - DAG(s) 'matrix_minio' retrieved from /opt/airflow/dags/dag.py
[2026-04-10T09:55:20.902+0000] {logging_mixin.py:190} INFO - [2026-04-10T09:55:20.902+0000] {dag.py:3239} INFO - Sync 1 DAGs
[2026-04-10T09:55:20.929+0000] {logging_mixin.py:190} INFO - [2026-04-10T09:55:20.929+0000] {dag.py:4180} INFO - Setting next_dagrun for matrix_minio to None, run_after=None
[2026-04-10T09:55:20.962+0000] {processor.py:208} INFO - Processing /opt/airflow/dags/dag.py took 0.134 seconds
[2026-04-10T09:55:51.723+0000] {processor.py:186} INFO - Started process (PID=13436) to work on /opt/airflow/dags/dag.py
[2026-04-10T09:55:51.724+0000] {processor.py:914} INFO - Processing file /opt/airflow/dags/dag.py for tasks to queue
[2026-04-10T09:55:51.728+0000] {logging_mixin.py:190} INFO - [2026-04-10T09:55:51.727+0000] {dagbag.py:588} INFO - Filling up the DagBag from /opt/airflow/dags/dag.py
[2026-04-10T09:55:51.740+0000] {processor.py:925} INFO - DAG(s) 'matrix_minio' retrieved from /opt/airflow/dags/dag.py
[2026-04-10T09:55:51.985+0000] {logging_mixin.py:190} INFO - [2026-04-10T09:55:51.984+0000] {dag.py:3239} INFO - Sync 1 DAGs
[2026-04-10T09:55:52.008+0000] {logging_mixin.py:190} INFO - [2026-04-10T09:55:52.007+0000] {dag.py:4180} INFO - Setting next_dagrun for matrix_minio to None, run_after=None
[2026-04-10T09:55:52.046+0000] {processor.py:208} INFO - Processing /opt/airflow/dags/dag.py took 0.333 seconds
[2026-04-10T09:56:22.311+0000] {processor.py:186} INFO - Started process (PID=13507) to work on /opt/airflow/dags/dag.py
[2026-04-10T09:56:22.312+0000] {processor.py:914} INFO - Processing file /opt/airflow/dags/dag.py for tasks to queue
[2026-04-10T09:56:22.315+0000] {logging_mixin.py:190} INFO - [2026-04-10T09:56:22.315+0000] {dagbag.py:588} INFO - Filling up the DagBag from /opt/airflow/dags/dag.py
[2026-04-10T09:56:22.329+0000] {processor.py:925} INFO - DAG(s) 'matrix_minio' retrieved from /opt/airflow/dags/dag.py
[2026-04-10T09:56:22.370+0000] {logging_mixin.py:190} INFO - [2026-04-10T09:56:22.369+0000] {dag.py:3239} INFO - Sync 1 DAGs
[2026-04-10T09:56:22.394+0000] {logging_mixin.py:190} INFO - [2026-04-10T09:56:22.393+0000] {dag.py:4180} INFO - Setting next_dagrun for matrix_minio to None, run_after=None
[2026-04-10T09:56:22.431+0000] {processor.py:208} INFO - Processing /opt/airflow/dags/dag.py took 0.129 seconds
[2026-04-10T09:56:52.788+0000] {processor.py:186} INFO - Started process (PID=13578) to work on /opt/airflow/dags/dag.py
[2026-04-10T09:56:52.789+0000] {processor.py:914} INFO - Processing file /opt/airflow/dags/dag.py for tasks to queue
[2026-04-10T09:56:52.793+0000] {logging_mixin.py:190} INFO - [2026-04-10T09:56:52.792+0000] {dagbag.py:588} INFO - Filling up the DagBag from /opt/airflow/dags/dag.py
[2026-04-10T09:56:52.806+0000] {processor.py:925} INFO - DAG(s) 'matrix_minio' retrieved from /opt/airflow/dags/dag.py
[2026-04-10T09:56:52.848+0000] {logging_mixin.py:190} INFO - [2026-04-10T09:56:52.848+0000] {dag.py:3239} INFO - Sync 1 DAGs
[2026-04-10T09:56:52.875+0000] {logging_mixin.py:190} INFO - [2026-04-10T09:56:52.874+0000] {dag.py:4180} INFO - Setting next_dagrun for matrix_minio to None, run_after=None
[2026-04-10T09:56:52.916+0000] {processor.py:208} INFO - Processing /opt/airflow/dags/dag.py took 0.141 seconds
[2026-04-10T09:57:23.165+0000] {processor.py:186} INFO - Started process (PID=13649) to work on /opt/airflow/dags/dag.py
[2026-04-10T09:57:23.166+0000] {processor.py:914} INFO - Processing file /opt/airflow/dags/dag.py for tasks to queue
[2026-04-10T09:57:23.170+0000] {logging_mixin.py:190} INFO - [2026-04-10T09:57:23.169+0000] {dagbag.py:588} INFO - Filling up the DagBag from /opt/airflow/dags/dag.py
[2026-04-10T09:57:23.183+0000] {processor.py:925} INFO - DAG(s) 'matrix_minio' retrieved from /opt/airflow/dags/dag.py
[2026-04-10T09:57:23.225+0000] {logging_mixin.py:190} INFO - [2026-04-10T09:57:23.225+0000] {dag.py:3239} INFO - Sync 1 DAGs
[2026-04-10T09:57:23.250+0000] {logging_mixin.py:190} INFO - [2026-04-10T09:57:23.250+0000] {dag.py:4180} INFO - Setting next_dagrun for matrix_minio to None, run_after=None
[2026-04-10T09:57:23.283+0000] {processor.py:208} INFO - Processing /opt/airflow/dags/dag.py took 0.132 seconds
[2026-04-10T09:57:53.577+0000] {processor.py:186} INFO - Started process (PID=13720) to work on /opt/airflow/dags/dag.py
[2026-04-10T09:57:53.578+0000] {processor.py:914} INFO - Processing file /opt/airflow/dags/dag.py for tasks to queue
[2026-04-10T09:57:53.582+0000] {logging_mixin.py:190} INFO - [2026-04-10T09:57:53.581+0000] {dagbag.py:588} INFO - Filling up the DagBag from /opt/airflow/dags/dag.py
[2026-04-10T09:57:53.595+0000] {processor.py:925} INFO - DAG(s) 'matrix_minio' retrieved from /opt/airflow/dags/dag.py
[2026-04-10T09:57:53.639+0000] {logging_mixin.py:190} INFO - [2026-04-10T09:57:53.638+0000] {dag.py:3239} INFO - Sync 1 DAGs
[2026-04-10T09:57:53.664+0000] {logging_mixin.py:190} INFO - [2026-04-10T09:57:53.663+0000] {dag.py:4180} INFO - Setting next_dagrun for matrix_minio to None, run_after=None
[2026-04-10T09:57:53.697+0000] {processor.py:208} INFO - Processing /opt/airflow/dags/dag.py took 0.133 seconds
[2026-04-10T09:58:24.116+0000] {processor.py:186} INFO - Started process (PID=13791) to work on /opt/airflow/dags/dag.py
[2026-04-10T09:58:24.118+0000] {processor.py:914} INFO - Processing file /opt/airflow/dags/dag.py for tasks to queue
[2026-04-10T09:58:24.121+0000] {logging_mixin.py:190} INFO - [2026-04-10T09:58:24.120+0000] {dagbag.py:588} INFO - Filling up the DagBag from /opt/airflow/dags/dag.py
[2026-04-10T09:58:24.133+0000] {processor.py:925} INFO - DAG(s) 'matrix_minio' retrieved from /opt/airflow/dags/dag.py
[2026-04-10T09:58:24.179+0000] {logging_mixin.py:190} INFO - [2026-04-10T09:58:24.179+0000] {dag.py:3239} INFO - Sync 1 DAGs
[2026-04-10T09:58:24.205+0000] {logging_mixin.py:190} INFO - [2026-04-10T09:58:24.204+0000] {dag.py:4180} INFO - Setting next_dagrun for matrix_minio to None, run_after=None
[2026-04-10T09:58:24.240+0000] {processor.py:208} INFO - Processing /opt/airflow/dags/dag.py took 0.134 seconds
[2026-04-10T09:58:54.537+0000] {processor.py:186} INFO - Started process (PID=13862) to work on /opt/airflow/dags/dag.py
[2026-04-10T09:58:54.538+0000] {processor.py:914} INFO - Processing file /opt/airflow/dags/dag.py for tasks to queue
[2026-04-10T09:58:54.541+0000] {logging_mixin.py:190} INFO - [2026-04-10T09:58:54.541+0000] {dagbag.py:588} INFO - Filling up the DagBag from /opt/airflow/dags/dag.py
[2026-04-10T09:58:54.554+0000] {processor.py:925} INFO - DAG(s) 'matrix_minio' retrieved from /opt/airflow/dags/dag.py
[2026-04-10T09:58:54.595+0000] {logging_mixin.py:190} INFO - [2026-04-10T09:58:54.595+0000] {dag.py:3239} INFO - Sync 1 DAGs
[2026-04-10T09:58:54.622+0000] {logging_mixin.py:190} INFO - [2026-04-10T09:58:54.621+0000] {dag.py:4180} INFO - Setting next_dagrun for matrix_minio to None, run_after=None
[2026-04-10T09:58:54.653+0000] {processor.py:208} INFO - Processing /opt/airflow/dags/dag.py took 0.130 seconds
[2026-04-10T09:59:24.899+0000] {processor.py:186} INFO - Started process (PID=13933) to work on /opt/airflow/dags/dag.py
[2026-04-10T09:59:24.900+0000] {processor.py:914} INFO - Processing file /opt/airflow/dags/dag.py for tasks to queue
[2026-04-10T09:59:24.904+0000] {logging_mixin.py:190} INFO - [2026-04-10T09:59:24.904+0000] {dagbag.py:588} INFO - Filling up the DagBag from /opt/airflow/dags/dag.py
[2026-04-10T09:59:24.921+0000] {processor.py:925} INFO - DAG(s) 'matrix_minio' retrieved from /opt/airflow/dags/dag.py
[2026-04-10T09:59:24.977+0000] {logging_mixin.py:190} INFO - [2026-04-10T09:59:24.977+0000] {dag.py:3239} INFO - Sync 1 DAGs
[2026-04-10T09:59:25.005+0000] {logging_mixin.py:190} INFO - [2026-04-10T09:59:25.004+0000] {dag.py:4180} INFO - Setting next_dagrun for matrix_minio to None, run_after=None
[2026-04-10T09:59:25.038+0000] {processor.py:208} INFO - Processing /opt/airflow/dags/dag.py took 0.150 seconds
[2026-04-10T09:59:55.288+0000] {processor.py:186} INFO - Started process (PID=14004) to work on /opt/airflow/dags/dag.py
[2026-04-10T09:59:55.289+0000] {processor.py:914} INFO - Processing file /opt/airflow/dags/dag.py for tasks to queue
[2026-04-10T09:59:55.292+0000] {logging_mixin.py:190} INFO - [2026-04-10T09:59:55.292+0000] {dagbag.py:588} INFO - Filling up the DagBag from /opt/airflow/dags/dag.py
[2026-04-10T09:59:55.306+0000] {processor.py:925} INFO - DAG(s) 'matrix_minio' retrieved from /opt/airflow/dags/dag.py
[2026-04-10T09:59:55.349+0000] {logging_mixin.py:190} INFO - [2026-04-10T09:59:55.349+0000] {dag.py:3239} INFO - Sync 1 DAGs
[2026-04-10T09:59:55.373+0000] {logging_mixin.py:190} INFO - [2026-04-10T09:59:55.373+0000] {dag.py:4180} INFO - Setting next_dagrun for matrix_minio to None, run_after=None
[2026-04-10T09:59:55.404+0000] {processor.py:208} INFO - Processing /opt/airflow/dags/dag.py took 0.126 seconds
[2026-04-10T10:00:25.692+0000] {processor.py:186} INFO - Started process (PID=14075) to work on /opt/airflow/dags/dag.py
[2026-04-10T10:00:25.693+0000] {processor.py:914} INFO - Processing file /opt/airflow/dags/dag.py for tasks to queue
[2026-04-10T10:00:25.697+0000] {logging_mixin.py:190} INFO - [2026-04-10T10:00:25.696+0000] {dagbag.py:588} INFO - Filling up the DagBag from /opt/airflow/dags/dag.py
[2026-04-10T10:00:25.711+0000] {processor.py:925} INFO - DAG(s) 'matrix_minio' retrieved from /opt/airflow/dags/dag.py
[2026-04-10T10:00:25.752+0000] {logging_mixin.py:190} INFO - [2026-04-10T10:00:25.751+0000] {dag.py:3239} INFO - Sync 1 DAGs
[2026-04-10T10:00:25.779+0000] {logging_mixin.py:190} INFO - [2026-04-10T10:00:25.778+0000] {dag.py:4180} INFO - Setting next_dagrun for matrix_minio to None, run_after=None
[2026-04-10T10:00:25.812+0000] {processor.py:208} INFO - Processing /opt/airflow/dags/dag.py took 0.131 seconds
[2026-04-10T10:00:56.134+0000] {processor.py:186} INFO - Started process (PID=14146) to work on /opt/airflow/dags/dag.py
[2026-04-10T10:00:56.136+0000] {processor.py:914} INFO - Processing file /opt/airflow/dags/dag.py for tasks to queue
[2026-04-10T10:00:56.139+0000] {logging_mixin.py:190} INFO - [2026-04-10T10:00:56.138+0000] {dagbag.py:588} INFO - Filling up the DagBag from /opt/airflow/dags/dag.py
[2026-04-10T10:00:56.151+0000] {processor.py:925} INFO - DAG(s) 'matrix_minio' retrieved from /opt/airflow/dags/dag.py
[2026-04-10T10:00:56.205+0000] {logging_mixin.py:190} INFO - [2026-04-10T10:00:56.205+0000] {dag.py:3239} INFO - Sync 1 DAGs
[2026-04-10T10:00:56.231+0000] {logging_mixin.py:190} INFO - [2026-04-10T10:00:56.230+0000] {dag.py:4180} INFO - Setting next_dagrun for matrix_minio to None, run_after=None
[2026-04-10T10:00:56.270+0000] {processor.py:208} INFO - Processing /opt/airflow/dags/dag.py took 0.145 seconds
[2026-04-10T10:01:26.581+0000] {processor.py:186} INFO - Started process (PID=14217) to work on /opt/airflow/dags/dag.py
[2026-04-10T10:01:26.583+0000] {processor.py:914} INFO - Processing file /opt/airflow/dags/dag.py for tasks to queue
[2026-04-10T10:01:26.587+0000] {logging_mixin.py:190} INFO - [2026-04-10T10:01:26.586+0000] {dagbag.py:588} INFO - Filling up the DagBag from /opt/airflow/dags/dag.py
[2026-04-10T10:01:26.601+0000] {processor.py:925} INFO - DAG(s) 'matrix_minio' retrieved from /opt/airflow/dags/dag.py
[2026-04-10T10:01:26.644+0000] {logging_mixin.py:190} INFO - [2026-04-10T10:01:26.644+0000] {dag.py:3239} INFO - Sync 1 DAGs
[2026-04-10T10:01:26.671+0000] {logging_mixin.py:190} INFO - [2026-04-10T10:01:26.670+0000] {dag.py:4180} INFO - Setting next_dagrun for matrix_minio to None, run_after=None
[2026-04-10T10:01:26.704+0000] {processor.py:208} INFO - Processing /opt/airflow/dags/dag.py took 0.133 seconds
[2026-04-10T10:01:57.043+0000] {processor.py:186} INFO - Started process (PID=14288) to work on /opt/airflow/dags/dag.py
[2026-04-10T10:01:57.045+0000] {processor.py:914} INFO - Processing file /opt/airflow/dags/dag.py for tasks to queue
[2026-04-10T10:01:57.048+0000] {logging_mixin.py:190} INFO - [2026-04-10T10:01:57.047+0000] {dagbag.py:588} INFO - Filling up the DagBag from /opt/airflow/dags/dag.py
[2026-04-10T10:01:57.061+0000] {processor.py:925} INFO - DAG(s) 'matrix_minio' retrieved from /opt/airflow/dags/dag.py
[2026-04-10T10:01:57.102+0000] {logging_mixin.py:190} INFO - [2026-04-10T10:01:57.101+0000] {dag.py:3239} INFO - Sync 1 DAGs
[2026-04-10T10:01:57.128+0000] {logging_mixin.py:190} INFO - [2026-04-10T10:01:57.127+0000] {dag.py:4180} INFO - Setting next_dagrun for matrix_minio to None, run_after=None
[2026-04-10T10:01:57.160+0000] {processor.py:208} INFO - Processing /opt/airflow/dags/dag.py took 0.129 seconds
[2026-04-10T10:02:27.397+0000] {processor.py:186} INFO - Started process (PID=14359) to work on /opt/airflow/dags/dag.py
[2026-04-10T10:02:27.398+0000] {processor.py:914} INFO - Processing file /opt/airflow/dags/dag.py for tasks to queue
[2026-04-10T10:02:27.402+0000] {logging_mixin.py:190} INFO - [2026-04-10T10:02:27.401+0000] {dagbag.py:588} INFO - Filling up the DagBag from /opt/airflow/dags/dag.py
[2026-04-10T10:02:27.415+0000] {processor.py:925} INFO - DAG(s) 'matrix_minio' retrieved from /opt/airflow/dags/dag.py
[2026-04-10T10:02:27.456+0000] {logging_mixin.py:190} INFO - [2026-04-10T10:02:27.456+0000] {dag.py:3239} INFO - Sync 1 DAGs
[2026-04-10T10:02:27.482+0000] {logging_mixin.py:190} INFO - [2026-04-10T10:02:27.482+0000] {dag.py:4180} INFO - Setting next_dagrun for matrix_minio to None, run_after=None
[2026-04-10T10:02:27.516+0000] {processor.py:208} INFO - Processing /opt/airflow/dags/dag.py took 0.132 seconds
[2026-04-10T10:02:57.808+0000] {processor.py:186} INFO - Started process (PID=14430) to work on /opt/airflow/dags/dag.py
[2026-04-10T10:02:57.809+0000] {processor.py:914} INFO - Processing file /opt/airflow/dags/dag.py for tasks to queue
[2026-04-10T10:02:57.813+0000] {logging_mixin.py:190} INFO - [2026-04-10T10:02:57.812+0000] {dagbag.py:588} INFO - Filling up the DagBag from /opt/airflow/dags/dag.py
[2026-04-10T10:02:57.826+0000] {processor.py:925} INFO - DAG(s) 'matrix_minio' retrieved from /opt/airflow/dags/dag.py
[2026-04-10T10:02:57.868+0000] {logging_mixin.py:190} INFO - [2026-04-10T10:02:57.868+0000] {dag.py:3239} INFO - Sync 1 DAGs
[2026-04-10T10:02:57.894+0000] {logging_mixin.py:190} INFO - [2026-04-10T10:02:57.893+0000] {dag.py:4180} INFO - Setting next_dagrun for matrix_minio to None, run_after=None
[2026-04-10T10:02:57.925+0000] {processor.py:208} INFO - Processing /opt/airflow/dags/dag.py took 0.130 seconds
[2026-04-10T10:03:28.253+0000] {processor.py:186} INFO - Started process (PID=14501) to work on /opt/airflow/dags/dag.py
[2026-04-10T10:03:28.255+0000] {processor.py:914} INFO - Processing file /opt/airflow/dags/dag.py for tasks to queue
[2026-04-10T10:03:28.258+0000] {logging_mixin.py:190} INFO - [2026-04-10T10:03:28.258+0000] {dagbag.py:588} INFO - Filling up the DagBag from /opt/airflow/dags/dag.py
[2026-04-10T10:03:28.271+0000] {processor.py:925} INFO - DAG(s) 'matrix_minio' retrieved from /opt/airflow/dags/dag.py
[2026-04-10T10:03:28.313+0000] {logging_mixin.py:190} INFO - [2026-04-10T10:03:28.312+0000] {dag.py:3239} INFO - Sync 1 DAGs
[2026-04-10T10:03:28.339+0000] {logging_mixin.py:190} INFO - [2026-04-10T10:03:28.338+0000] {dag.py:4180} INFO - Setting next_dagrun for matrix_minio to None, run_after=None
[2026-04-10T10:03:28.373+0000] {processor.py:208} INFO - Processing /opt/airflow/dags/dag.py took 0.130 seconds
[2026-04-10T10:03:58.686+0000] {processor.py:186} INFO - Started process (PID=14572) to work on /opt/airflow/dags/dag.py
[2026-04-10T10:03:58.688+0000] {processor.py:914} INFO - Processing file /opt/airflow/dags/dag.py for tasks to queue
[2026-04-10T10:03:58.691+0000] {logging_mixin.py:190} INFO - [2026-04-10T10:03:58.690+0000] {dagbag.py:588} INFO - Filling up the DagBag from /opt/airflow/dags/dag.py
[2026-04-10T10:03:58.704+0000] {processor.py:925} INFO - DAG(s) 'matrix_minio' retrieved from /opt/airflow/dags/dag.py
[2026-04-10T10:03:58.749+0000] {logging_mixin.py:190} INFO - [2026-04-10T10:03:58.749+0000] {dag.py:3239} INFO - Sync 1 DAGs
[2026-04-10T10:03:58.776+0000] {logging_mixin.py:190} INFO - [2026-04-10T10:03:58.776+0000] {dag.py:4180} INFO - Setting next_dagrun for matrix_minio to None, run_after=None
[2026-04-10T10:03:58.809+0000] {processor.py:208} INFO - Processing /opt/airflow/dags/dag.py took 0.132 seconds
[2026-04-10T10:04:29.190+0000] {processor.py:186} INFO - Started process (PID=14643) to work on /opt/airflow/dags/dag.py
[2026-04-10T10:04:29.191+0000] {processor.py:914} INFO - Processing file /opt/airflow/dags/dag.py for tasks to queue
[2026-04-10T10:04:29.194+0000] {logging_mixin.py:190} INFO - [2026-04-10T10:04:29.194+0000] {dagbag.py:588} INFO - Filling up the DagBag from /opt/airflow/dags/dag.py
[2026-04-10T10:04:29.208+0000] {processor.py:925} INFO - DAG(s) 'matrix_minio' retrieved from /opt/airflow/dags/dag.py
[2026-04-10T10:04:29.248+0000] {logging_mixin.py:190} INFO - [2026-04-10T10:04:29.247+0000] {dag.py:3239} INFO - Sync 1 DAGs
[2026-04-10T10:04:29.273+0000] {logging_mixin.py:190} INFO - [2026-04-10T10:04:29.273+0000] {dag.py:4180} INFO - Setting next_dagrun for matrix_minio to None, run_after=None
[2026-04-10T10:04:29.307+0000] {processor.py:208} INFO - Processing /opt/airflow/dags/dag.py took 0.130 seconds
[2026-04-10T10:04:59.630+0000] {processor.py:186} INFO - Started process (PID=14714) to work on /opt/airflow/dags/dag.py
[2026-04-10T10:04:59.632+0000] {processor.py:914} INFO - Processing file /opt/airflow/dags/dag.py for tasks to queue
[2026-04-10T10:04:59.635+0000] {logging_mixin.py:190} INFO - [2026-04-10T10:04:59.634+0000] {dagbag.py:588} INFO - Filling up the DagBag from /opt/airflow/dags/dag.py
[2026-04-10T10:04:59.648+0000] {processor.py:925} INFO - DAG(s) 'matrix_minio' retrieved from /opt/airflow/dags/dag.py
[2026-04-10T10:04:59.690+0000] {logging_mixin.py:190} INFO - [2026-04-10T10:04:59.690+0000] {dag.py:3239} INFO - Sync 1 DAGs
[2026-04-10T10:04:59.716+0000] {logging_mixin.py:190} INFO - [2026-04-10T10:04:59.715+0000] {dag.py:4180} INFO - Setting next_dagrun for matrix_minio to None, run_after=None
[2026-04-10T10:04:59.748+0000] {processor.py:208} INFO - Processing /opt/airflow/dags/dag.py took 0.127 seconds
[2026-04-10T10:05:29.999+0000] {processor.py:186} INFO - Started process (PID=14785) to work on /opt/airflow/dags/dag.py
[2026-04-10T10:05:30.001+0000] {processor.py:914} INFO - Processing file /opt/airflow/dags/dag.py for tasks to queue
[2026-04-10T10:05:30.004+0000] {logging_mixin.py:190} INFO - [2026-04-10T10:05:30.003+0000] {dagbag.py:588} INFO - Filling up the DagBag from /opt/airflow/dags/dag.py
[2026-04-10T10:05:30.017+0000] {processor.py:925} INFO - DAG(s) 'matrix_minio' retrieved from /opt/airflow/dags/dag.py
[2026-04-10T10:05:30.058+0000] {logging_mixin.py:190} INFO - [2026-04-10T10:05:30.057+0000] {dag.py:3239} INFO - Sync 1 DAGs
[2026-04-10T10:05:30.085+0000] {logging_mixin.py:190} INFO - [2026-04-10T10:05:30.084+0000] {dag.py:4180} INFO - Setting next_dagrun for matrix_minio to None, run_after=None
[2026-04-10T10:05:30.118+0000] {processor.py:208} INFO - Processing /opt/airflow/dags/dag.py took 0.131 seconds
[2026-04-10T10:06:00.530+0000] {processor.py:186} INFO - Started process (PID=14856) to work on /opt/airflow/dags/dag.py
[2026-04-10T10:06:00.531+0000] {processor.py:914} INFO - Processing file /opt/airflow/dags/dag.py for tasks to queue
[2026-04-10T10:06:00.535+0000] {logging_mixin.py:190} INFO - [2026-04-10T10:06:00.534+0000] {dagbag.py:588} INFO - Filling up the DagBag from /opt/airflow/dags/dag.py
[2026-04-10T10:06:00.549+0000] {processor.py:925} INFO - DAG(s) 'matrix_minio' retrieved from /opt/airflow/dags/dag.py
[2026-04-10T10:06:00.593+0000] {logging_mixin.py:190} INFO - [2026-04-10T10:06:00.592+0000] {dag.py:3239} INFO - Sync 1 DAGs
[2026-04-10T10:06:00.620+0000] {logging_mixin.py:190} INFO - [2026-04-10T10:06:00.620+0000] {dag.py:4180} INFO - Setting next_dagrun for matrix_minio to None, run_after=None
[2026-04-10T10:06:00.653+0000] {processor.py:208} INFO - Processing /opt/airflow/dags/dag.py took 0.136 seconds
[2026-04-10T10:06:30.951+0000] {processor.py:186} INFO - Started process (PID=14933) to work on /opt/airflow/dags/dag.py
[2026-04-10T10:06:30.952+0000] {processor.py:914} INFO - Processing file /opt/airflow/dags/dag.py for tasks to queue
[2026-04-10T10:06:30.956+0000] {logging_mixin.py:190} INFO - [2026-04-10T10:06:30.955+0000] {dagbag.py:588} INFO - Filling up the DagBag from /opt/airflow/dags/dag.py
[2026-04-10T10:06:30.970+0000] {processor.py:925} INFO - DAG(s) 'matrix_minio' retrieved from /opt/airflow/dags/dag.py
[2026-04-10T10:06:31.015+0000] {logging_mixin.py:190} INFO - [2026-04-10T10:06:31.015+0000] {dag.py:3239} INFO - Sync 1 DAGs
[2026-04-10T10:06:31.042+0000] {logging_mixin.py:190} INFO - [2026-04-10T10:06:31.042+0000] {dag.py:4180} INFO - Setting next_dagrun for matrix_minio to None, run_after=None
[2026-04-10T10:06:31.076+0000] {processor.py:208} INFO - Processing /opt/airflow/dags/dag.py took 0.135 seconds
[2026-04-10T10:07:01.412+0000] {processor.py:186} INFO - Started process (PID=15004) to work on /opt/airflow/dags/dag.py
[2026-04-10T10:07:01.413+0000] {processor.py:914} INFO - Processing file /opt/airflow/dags/dag.py for tasks to queue
[2026-04-10T10:07:01.416+0000] {logging_mixin.py:190} INFO - [2026-04-10T10:07:01.416+0000] {dagbag.py:588} INFO - Filling up the DagBag from /opt/airflow/dags/dag.py
[2026-04-10T10:07:01.430+0000] {processor.py:925} INFO - DAG(s) 'matrix_minio' retrieved from /opt/airflow/dags/dag.py
[2026-04-10T10:07:01.474+0000] {logging_mixin.py:190} INFO - [2026-04-10T10:07:01.474+0000] {dag.py:3239} INFO - Sync 1 DAGs
[2026-04-10T10:07:01.502+0000] {logging_mixin.py:190} INFO - [2026-04-10T10:07:01.501+0000] {dag.py:4180} INFO - Setting next_dagrun for matrix_minio to None, run_after=None
[2026-04-10T10:07:01.534+0000] {processor.py:208} INFO - Processing /opt/airflow/dags/dag.py took 0.136 seconds
[2026-04-10T10:07:31.868+0000] {processor.py:186} INFO - Started process (PID=15075) to work on /opt/airflow/dags/dag.py
[2026-04-10T10:07:31.869+0000] {processor.py:914} INFO - Processing file /opt/airflow/dags/dag.py for tasks to queue
[2026-04-10T10:07:31.873+0000] {logging_mixin.py:190} INFO - [2026-04-10T10:07:31.872+0000] {dagbag.py:588} INFO - Filling up the DagBag from /opt/airflow/dags/dag.py
[2026-04-10T10:07:31.885+0000] {processor.py:925} INFO - DAG(s) 'matrix_minio' retrieved from /opt/airflow/dags/dag.py
[2026-04-10T10:07:31.933+0000] {logging_mixin.py:190} INFO - [2026-04-10T10:07:31.933+0000] {dag.py:3239} INFO - Sync 1 DAGs
[2026-04-10T10:07:31.959+0000] {logging_mixin.py:190} INFO - [2026-04-10T10:07:31.959+0000] {dag.py:4180} INFO - Setting next_dagrun for matrix_minio to None, run_after=None
[2026-04-10T10:07:31.994+0000] {processor.py:208} INFO - Processing /opt/airflow/dags/dag.py took 0.136 seconds
[2026-04-10T10:08:12.475+0000] {processor.py:186} INFO - Started process (PID=15140) to work on /opt/airflow/dags/dag.py
[2026-04-10T10:08:12.478+0000] {processor.py:914} INFO - Processing file /opt/airflow/dags/dag.py for tasks to queue
[2026-04-10T10:08:12.483+0000] {logging_mixin.py:190} INFO - [2026-04-10T10:08:12.482+0000] {dagbag.py:588} INFO - Filling up the DagBag from /opt/airflow/dags/dag.py
[2026-04-10T10:08:12.505+0000] {processor.py:925} INFO - DAG(s) 'matrix_minio' retrieved from /opt/airflow/dags/dag.py
[2026-04-10T10:08:12.578+0000] {logging_mixin.py:190} INFO - [2026-04-10T10:08:12.577+0000] {dag.py:3239} INFO - Sync 1 DAGs
[2026-04-10T10:08:12.617+0000] {logging_mixin.py:190} INFO - [2026-04-10T10:08:12.617+0000] {dag.py:4180} INFO - Setting next_dagrun for matrix_minio to None, run_after=None
[2026-04-10T10:08:12.684+0000] {processor.py:208} INFO - Processing /opt/airflow/dags/dag.py took 0.225 seconds
[2026-04-10T10:08:43.180+0000] {processor.py:186} INFO - Started process (PID=15211) to work on /opt/airflow/dags/dag.py
[2026-04-10T10:08:43.181+0000] {processor.py:914} INFO - Processing file /opt/airflow/dags/dag.py for tasks to queue
[2026-04-10T10:08:43.184+0000] {logging_mixin.py:190} INFO - [2026-04-10T10:08:43.184+0000] {dagbag.py:588} INFO - Filling up the DagBag from /opt/airflow/dags/dag.py
[2026-04-10T10:08:43.197+0000] {processor.py:925} INFO - DAG(s) 'matrix_minio' retrieved from /opt/airflow/dags/dag.py
[2026-04-10T10:08:43.243+0000] {logging_mixin.py:190} INFO - [2026-04-10T10:08:43.243+0000] {dag.py:3239} INFO - Sync 1 DAGs
[2026-04-10T10:08:43.270+0000] {logging_mixin.py:190} INFO - [2026-04-10T10:08:43.269+0000] {dag.py:4180} INFO - Setting next_dagrun for matrix_minio to None, run_after=None
[2026-04-10T10:08:43.303+0000] {processor.py:208} INFO - Processing /opt/airflow/dags/dag.py took 0.135 seconds
[2026-04-10T10:09:13.642+0000] {processor.py:186} INFO - Started process (PID=15282) to work on /opt/airflow/dags/dag.py
[2026-04-10T10:09:13.644+0000] {processor.py:914} INFO - Processing file /opt/airflow/dags/dag.py for tasks to queue
[2026-04-10T10:09:13.647+0000] {logging_mixin.py:190} INFO - [2026-04-10T10:09:13.647+0000] {dagbag.py:588} INFO - Filling up the DagBag from /opt/airflow/dags/dag.py
[2026-04-10T10:09:13.661+0000] {processor.py:925} INFO - DAG(s) 'matrix_minio' retrieved from /opt/airflow/dags/dag.py
[2026-04-10T10:09:13.707+0000] {logging_mixin.py:190} INFO - [2026-04-10T10:09:13.707+0000] {dag.py:3239} INFO - Sync 1 DAGs
[2026-04-10T10:09:13.737+0000] {logging_mixin.py:190} INFO - [2026-04-10T10:09:13.736+0000] {dag.py:4180} INFO - Setting next_dagrun for matrix_minio to None, run_after=None
[2026-04-10T10:09:13.769+0000] {processor.py:208} INFO - Processing /opt/airflow/dags/dag.py took 0.140 seconds
[2026-04-10T10:09:44.085+0000] {processor.py:186} INFO - Started process (PID=15353) to work on /opt/airflow/dags/dag.py
[2026-04-10T10:09:44.086+0000] {processor.py:914} INFO - Processing file /opt/airflow/dags/dag.py for tasks to queue
[2026-04-10T10:09:44.089+0000] {logging_mixin.py:190} INFO - [2026-04-10T10:09:44.089+0000] {dagbag.py:588} INFO - Filling up the DagBag from /opt/airflow/dags/dag.py
[2026-04-10T10:09:44.102+0000] {processor.py:925} INFO - DAG(s) 'matrix_minio' retrieved from /opt/airflow/dags/dag.py
[2026-04-10T10:09:44.144+0000] {logging_mixin.py:190} INFO - [2026-04-10T10:09:44.143+0000] {dag.py:3239} INFO - Sync 1 DAGs
[2026-04-10T10:09:44.169+0000] {logging_mixin.py:190} INFO - [2026-04-10T10:09:44.168+0000] {dag.py:4180} INFO - Setting next_dagrun for matrix_minio to None, run_after=None
[2026-04-10T10:09:44.208+0000] {processor.py:208} INFO - Processing /opt/airflow/dags/dag.py took 0.136 seconds
[2026-04-10T10:10:14.669+0000] {processor.py:186} INFO - Started process (PID=15424) to work on /opt/airflow/dags/dag.py
[2026-04-10T10:10:14.671+0000] {processor.py:914} INFO - Processing file /opt/airflow/dags/dag.py for tasks to queue
[2026-04-10T10:10:14.676+0000] {logging_mixin.py:190} INFO - [2026-04-10T10:10:14.675+0000] {dagbag.py:588} INFO - Filling up the DagBag from /opt/airflow/dags/dag.py
[2026-04-10T10:10:14.698+0000] {processor.py:925} INFO - DAG(s) 'matrix_minio' retrieved from /opt/airflow/dags/dag.py
[2026-04-10T10:10:14.761+0000] {logging_mixin.py:190} INFO - [2026-04-10T10:10:14.761+0000] {dag.py:3239} INFO - Sync 1 DAGs
[2026-04-10T10:10:14.801+0000] {logging_mixin.py:190} INFO - [2026-04-10T10:10:14.801+0000] {dag.py:4180} INFO - Setting next_dagrun for matrix_minio to None, run_after=None
[2026-04-10T10:10:14.857+0000] {processor.py:208} INFO - Processing /opt/airflow/dags/dag.py took 0.202 seconds
[2026-04-10T10:10:45.516+0000] {processor.py:186} INFO - Started process (PID=15495) to work on /opt/airflow/dags/dag.py
[2026-04-10T10:10:45.518+0000] {processor.py:914} INFO - Processing file /opt/airflow/dags/dag.py for tasks to queue
[2026-04-10T10:10:45.521+0000] {logging_mixin.py:190} INFO - [2026-04-10T10:10:45.521+0000] {dagbag.py:588} INFO - Filling up the DagBag from /opt/airflow/dags/dag.py
[2026-04-10T10:10:45.536+0000] {processor.py:925} INFO - DAG(s) 'matrix_minio' retrieved from /opt/airflow/dags/dag.py
[2026-04-10T10:10:45.576+0000] {logging_mixin.py:190} INFO - [2026-04-10T10:10:45.576+0000] {dag.py:3239} INFO - Sync 1 DAGs
[2026-04-10T10:10:45.602+0000] {logging_mixin.py:190} INFO - [2026-04-10T10:10:45.600+0000] {dag.py:4180} INFO - Setting next_dagrun for matrix_minio to None, run_after=None
[2026-04-10T10:10:45.632+0000] {processor.py:208} INFO - Processing /opt/airflow/dags/dag.py took 0.126 seconds
[2026-04-10T10:11:15.982+0000] {processor.py:186} INFO - Started process (PID=15566) to work on /opt/airflow/dags/dag.py
[2026-04-10T10:11:15.983+0000] {processor.py:914} INFO - Processing file /opt/airflow/dags/dag.py for tasks to queue
[2026-04-10T10:11:15.986+0000] {logging_mixin.py:190} INFO - [2026-04-10T10:11:15.986+0000] {dagbag.py:588} INFO - Filling up the DagBag from /opt/airflow/dags/dag.py
[2026-04-10T10:11:15.999+0000] {processor.py:925} INFO - DAG(s) 'matrix_minio' retrieved from /opt/airflow/dags/dag.py
[2026-04-10T10:11:16.050+0000] {logging_mixin.py:190} INFO - [2026-04-10T10:11:16.049+0000] {dag.py:3239} INFO - Sync 1 DAGs
[2026-04-10T10:11:16.077+0000] {logging_mixin.py:190} INFO - [2026-04-10T10:11:16.076+0000] {dag.py:4180} INFO - Setting next_dagrun for matrix_minio to None, run_after=None
[2026-04-10T10:11:16.110+0000] {processor.py:208} INFO - Processing /opt/airflow/dags/dag.py took 0.138 seconds
[2026-04-10T10:11:46.522+0000] {processor.py:186} INFO - Started process (PID=15637) to work on /opt/airflow/dags/dag.py
[2026-04-10T10:11:46.523+0000] {processor.py:914} INFO - Processing file /opt/airflow/dags/dag.py for tasks to queue
[2026-04-10T10:11:46.526+0000] {logging_mixin.py:190} INFO - [2026-04-10T10:11:46.526+0000] {dagbag.py:588} INFO - Filling up the DagBag from /opt/airflow/dags/dag.py
[2026-04-10T10:11:46.540+0000] {processor.py:925} INFO - DAG(s) 'matrix_minio' retrieved from /opt/airflow/dags/dag.py
[2026-04-10T10:11:46.580+0000] {logging_mixin.py:190} INFO - [2026-04-10T10:11:46.580+0000] {dag.py:3239} INFO - Sync 1 DAGs
[2026-04-10T10:11:46.607+0000] {logging_mixin.py:190} INFO - [2026-04-10T10:11:46.607+0000] {dag.py:4180} INFO - Setting next_dagrun for matrix_minio to None, run_after=None
[2026-04-10T10:11:46.639+0000] {processor.py:208} INFO - Processing /opt/airflow/dags/dag.py took 0.126 seconds
[2026-04-10T10:12:16.966+0000] {processor.py:186} INFO - Started process (PID=15708) to work on /opt/airflow/dags/dag.py
[2026-04-10T10:12:16.967+0000] {processor.py:914} INFO - Processing file /opt/airflow/dags/dag.py for tasks to queue
[2026-04-10T10:12:16.970+0000] {logging_mixin.py:190} INFO - [2026-04-10T10:12:16.970+0000] {dagbag.py:588} INFO - Filling up the DagBag from /opt/airflow/dags/dag.py
[2026-04-10T10:12:16.984+0000] {processor.py:925} INFO - DAG(s) 'matrix_minio' retrieved from /opt/airflow/dags/dag.py
[2026-04-10T10:12:17.025+0000] {logging_mixin.py:190} INFO - [2026-04-10T10:12:17.025+0000] {dag.py:3239} INFO - Sync 1 DAGs
[2026-04-10T10:12:17.054+0000] {logging_mixin.py:190} INFO - [2026-04-10T10:12:17.053+0000] {dag.py:4180} INFO - Setting next_dagrun for matrix_minio to None, run_after=None
[2026-04-10T10:12:17.088+0000] {processor.py:208} INFO - Processing /opt/airflow/dags/dag.py took 0.134 seconds
[2026-04-10T10:12:47.483+0000] {processor.py:186} INFO - Started process (PID=15779) to work on /opt/airflow/dags/dag.py
[2026-04-10T10:12:47.485+0000] {processor.py:914} INFO - Processing file /opt/airflow/dags/dag.py for tasks to queue
[2026-04-10T10:12:47.488+0000] {logging_mixin.py:190} INFO - [2026-04-10T10:12:47.488+0000] {dagbag.py:588} INFO - Filling up the DagBag from /opt/airflow/dags/dag.py
[2026-04-10T10:12:47.503+0000] {processor.py:925} INFO - DAG(s) 'matrix_minio' retrieved from /opt/airflow/dags/dag.py
[2026-04-10T10:12:47.550+0000] {logging_mixin.py:190} INFO - [2026-04-10T10:12:47.549+0000] {dag.py:3239} INFO - Sync 1 DAGs
[2026-04-10T10:12:47.578+0000] {logging_mixin.py:190} INFO - [2026-04-10T10:12:47.578+0000] {dag.py:4180} INFO - Setting next_dagrun for matrix_minio to None, run_after=None
[2026-04-10T10:12:47.620+0000] {processor.py:208} INFO - Processing /opt/airflow/dags/dag.py took 0.147 seconds
[2026-04-10T10:13:18.133+0000] {processor.py:186} INFO - Started process (PID=15850) to work on /opt/airflow/dags/dag.py
[2026-04-10T10:13:18.134+0000] {processor.py:914} INFO - Processing file /opt/airflow/dags/dag.py for tasks to queue
[2026-04-10T10:13:18.138+0000] {logging_mixin.py:190} INFO - [2026-04-10T10:13:18.137+0000] {dagbag.py:588} INFO - Filling up the DagBag from /opt/airflow/dags/dag.py
[2026-04-10T10:13:18.152+0000] {processor.py:925} INFO - DAG(s) 'matrix_minio' retrieved from /opt/airflow/dags/dag.py
[2026-04-10T10:13:18.194+0000] {logging_mixin.py:190} INFO - [2026-04-10T10:13:18.194+0000] {dag.py:3239} INFO - Sync 1 DAGs
[2026-04-10T10:13:18.221+0000] {logging_mixin.py:190} INFO - [2026-04-10T10:13:18.221+0000] {dag.py:4180} INFO - Setting next_dagrun for matrix_minio to None, run_after=None
[2026-04-10T10:13:18.255+0000] {processor.py:208} INFO - Processing /opt/airflow/dags/dag.py took 0.132 seconds
[2026-04-10T10:13:48.608+0000] {processor.py:186} INFO - Started process (PID=15921) to work on /opt/airflow/dags/dag.py
[2026-04-10T10:13:48.609+0000] {processor.py:914} INFO - Processing file /opt/airflow/dags/dag.py for tasks to queue
[2026-04-10T10:13:48.613+0000] {logging_mixin.py:190} INFO - [2026-04-10T10:13:48.612+0000] {dagbag.py:588} INFO - Filling up the DagBag from /opt/airflow/dags/dag.py
[2026-04-10T10:13:48.626+0000] {processor.py:925} INFO - DAG(s) 'matrix_minio' retrieved from /opt/airflow/dags/dag.py
[2026-04-10T10:13:48.680+0000] {logging_mixin.py:190} INFO - [2026-04-10T10:13:48.680+0000] {dag.py:3239} INFO - Sync 1 DAGs
[2026-04-10T10:13:48.707+0000] {logging_mixin.py:190} INFO - [2026-04-10T10:13:48.707+0000] {dag.py:4180} INFO - Setting next_dagrun for matrix_minio to None, run_after=None
[2026-04-10T10:13:48.739+0000] {processor.py:208} INFO - Processing /opt/airflow/dags/dag.py took 0.140 seconds
[2026-04-10T10:14:19.138+0000] {processor.py:186} INFO - Started process (PID=15992) to work on /opt/airflow/dags/dag.py
[2026-04-10T10:14:19.140+0000] {processor.py:914} INFO - Processing file /opt/airflow/dags/dag.py for tasks to queue
[2026-04-10T10:14:19.143+0000] {logging_mixin.py:190} INFO - [2026-04-10T10:14:19.143+0000] {dagbag.py:588} INFO - Filling up the DagBag from /opt/airflow/dags/dag.py
[2026-04-10T10:14:19.157+0000] {processor.py:925} INFO - DAG(s) 'matrix_minio' retrieved from /opt/airflow/dags/dag.py
[2026-04-10T10:14:19.197+0000] {logging_mixin.py:190} INFO - [2026-04-10T10:14:19.197+0000] {dag.py:3239} INFO - Sync 1 DAGs
[2026-04-10T10:14:19.224+0000] {logging_mixin.py:190} INFO - [2026-04-10T10:14:19.224+0000] {dag.py:4180} INFO - Setting next_dagrun for matrix_minio to None, run_after=None
[2026-04-10T10:14:19.254+0000] {processor.py:208} INFO - Processing /opt/airflow/dags/dag.py took 0.125 seconds
[2026-04-10T10:14:49.664+0000] {processor.py:186} INFO - Started process (PID=16063) to work on /opt/airflow/dags/dag.py
[2026-04-10T10:14:49.665+0000] {processor.py:914} INFO - Processing file /opt/airflow/dags/dag.py for tasks to queue
[2026-04-10T10:14:49.669+0000] {logging_mixin.py:190} INFO - [2026-04-10T10:14:49.668+0000] {dagbag.py:588} INFO - Filling up the DagBag from /opt/airflow/dags/dag.py
[2026-04-10T10:14:49.682+0000] {processor.py:925} INFO - DAG(s) 'matrix_minio' retrieved from /opt/airflow/dags/dag.py
[2026-04-10T10:14:49.724+0000] {logging_mixin.py:190} INFO - [2026-04-10T10:14:49.724+0000] {dag.py:3239} INFO - Sync 1 DAGs
[2026-04-10T10:14:49.750+0000] {logging_mixin.py:190} INFO - [2026-04-10T10:14:49.750+0000] {dag.py:4180} INFO - Setting next_dagrun for matrix_minio to None, run_after=None
[2026-04-10T10:14:49.782+0000] {processor.py:208} INFO - Processing /opt/airflow/dags/dag.py took 0.128 seconds
[2026-04-10T10:15:20.207+0000] {processor.py:186} INFO - Started process (PID=16134) to work on /opt/airflow/dags/dag.py
[2026-04-10T10:15:20.208+0000] {processor.py:914} INFO - Processing file /opt/airflow/dags/dag.py for tasks to queue
[2026-04-10T10:15:20.212+0000] {logging_mixin.py:190} INFO - [2026-04-10T10:15:20.211+0000] {dagbag.py:588} INFO - Filling up the DagBag from /opt/airflow/dags/dag.py
[2026-04-10T10:15:20.226+0000] {processor.py:925} INFO - DAG(s) 'matrix_minio' retrieved from /opt/airflow/dags/dag.py
[2026-04-10T10:15:20.271+0000] {logging_mixin.py:190} INFO - [2026-04-10T10:15:20.270+0000] {dag.py:3239} INFO - Sync 1 DAGs
[2026-04-10T10:15:20.306+0000] {logging_mixin.py:190} INFO - [2026-04-10T10:15:20.305+0000] {dag.py:4180} INFO - Setting next_dagrun for matrix_minio to None, run_after=None
[2026-04-10T10:15:20.341+0000] {processor.py:208} INFO - Processing /opt/airflow/dags/dag.py took 0.144 seconds
[2026-04-10T10:15:50.793+0000] {processor.py:186} INFO - Started process (PID=16205) to work on /opt/airflow/dags/dag.py
[2026-04-10T10:15:50.794+0000] {processor.py:914} INFO - Processing file /opt/airflow/dags/dag.py for tasks to queue
[2026-04-10T10:15:50.798+0000] {logging_mixin.py:190} INFO - [2026-04-10T10:15:50.797+0000] {dagbag.py:588} INFO - Filling up the DagBag from /opt/airflow/dags/dag.py
[2026-04-10T10:15:50.811+0000] {processor.py:925} INFO - DAG(s) 'matrix_minio' retrieved from /opt/airflow/dags/dag.py
[2026-04-10T10:15:50.853+0000] {logging_mixin.py:190} INFO - [2026-04-10T10:15:50.853+0000] {dag.py:3239} INFO - Sync 1 DAGs
[2026-04-10T10:15:50.878+0000] {logging_mixin.py:190} INFO - [2026-04-10T10:15:50.877+0000] {dag.py:4180} INFO - Setting next_dagrun for matrix_minio to None, run_after=None
[2026-04-10T10:15:50.910+0000] {processor.py:208} INFO - Processing /opt/airflow/dags/dag.py took 0.127 seconds
[2026-04-10T10:16:21.411+0000] {processor.py:186} INFO - Started process (PID=16276) to work on /opt/airflow/dags/dag.py
[2026-04-10T10:16:21.412+0000] {processor.py:914} INFO - Processing file /opt/airflow/dags/dag.py for tasks to queue
[2026-04-10T10:16:21.416+0000] {logging_mixin.py:190} INFO - [2026-04-10T10:16:21.415+0000] {dagbag.py:588} INFO - Filling up the DagBag from /opt/airflow/dags/dag.py
[2026-04-10T10:16:21.429+0000] {processor.py:925} INFO - DAG(s) 'matrix_minio' retrieved from /opt/airflow/dags/dag.py
[2026-04-10T10:16:21.469+0000] {logging_mixin.py:190} INFO - [2026-04-10T10:16:21.469+0000] {dag.py:3239} INFO - Sync 1 DAGs
[2026-04-10T10:16:21.494+0000] {logging_mixin.py:190} INFO - [2026-04-10T10:16:21.494+0000] {dag.py:4180} INFO - Setting next_dagrun for matrix_minio to None, run_after=None
[2026-04-10T10:16:21.525+0000] {processor.py:208} INFO - Processing /opt/airflow/dags/dag.py took 0.125 seconds
[2026-04-10T10:16:52.034+0000] {processor.py:186} INFO - Started process (PID=16347) to work on /opt/airflow/dags/dag.py
[2026-04-10T10:16:52.036+0000] {processor.py:914} INFO - Processing file /opt/airflow/dags/dag.py for tasks to queue
[2026-04-10T10:16:52.039+0000] {logging_mixin.py:190} INFO - [2026-04-10T10:16:52.039+0000] {dagbag.py:588} INFO - Filling up the DagBag from /opt/airflow/dags/dag.py
[2026-04-10T10:16:52.053+0000] {processor.py:925} INFO - DAG(s) 'matrix_minio' retrieved from /opt/airflow/dags/dag.py
[2026-04-10T10:16:52.094+0000] {logging_mixin.py:190} INFO - [2026-04-10T10:16:52.093+0000] {dag.py:3239} INFO - Sync 1 DAGs
[2026-04-10T10:16:52.119+0000] {logging_mixin.py:190} INFO - [2026-04-10T10:16:52.119+0000] {dag.py:4180} INFO - Setting next_dagrun for matrix_minio to None, run_after=None
[2026-04-10T10:16:52.149+0000] {processor.py:208} INFO - Processing /opt/airflow/dags/dag.py took 0.127 seconds
[2026-04-10T10:17:22.511+0000] {processor.py:186} INFO - Started process (PID=16418) to work on /opt/airflow/dags/dag.py
[2026-04-10T10:17:22.512+0000] {processor.py:914} INFO - Processing file /opt/airflow/dags/dag.py for tasks to queue
[2026-04-10T10:17:22.516+0000] {logging_mixin.py:190} INFO - [2026-04-10T10:17:22.515+0000] {dagbag.py:588} INFO - Filling up the DagBag from /opt/airflow/dags/dag.py
[2026-04-10T10:17:22.529+0000] {processor.py:925} INFO - DAG(s) 'matrix_minio' retrieved from /opt/airflow/dags/dag.py
[2026-04-10T10:17:22.573+0000] {logging_mixin.py:190} INFO - [2026-04-10T10:17:22.572+0000] {dag.py:3239} INFO - Sync 1 DAGs
[2026-04-10T10:17:22.601+0000] {logging_mixin.py:190} INFO - [2026-04-10T10:17:22.601+0000] {dag.py:4180} INFO - Setting next_dagrun for matrix_minio to None, run_after=None
[2026-04-10T10:17:22.633+0000] {processor.py:208} INFO - Processing /opt/airflow/dags/dag.py took 0.131 seconds
[2026-04-10T10:17:53.068+0000] {processor.py:186} INFO - Started process (PID=16489) to work on /opt/airflow/dags/dag.py
[2026-04-10T10:17:53.069+0000] {processor.py:914} INFO - Processing file /opt/airflow/dags/dag.py for tasks to queue
[2026-04-10T10:17:53.073+0000] {logging_mixin.py:190} INFO - [2026-04-10T10:17:53.072+0000] {dagbag.py:588} INFO - Filling up the DagBag from /opt/airflow/dags/dag.py
[2026-04-10T10:17:53.086+0000] {processor.py:925} INFO - DAG(s) 'matrix_minio' retrieved from /opt/airflow/dags/dag.py
[2026-04-10T10:17:53.127+0000] {logging_mixin.py:190} INFO - [2026-04-10T10:17:53.127+0000] {dag.py:3239} INFO - Sync 1 DAGs
[2026-04-10T10:17:53.154+0000] {logging_mixin.py:190} INFO - [2026-04-10T10:17:53.154+0000] {dag.py:4180} INFO - Setting next_dagrun for matrix_minio to None, run_after=None
[2026-04-10T10:17:53.187+0000] {processor.py:208} INFO - Processing /opt/airflow/dags/dag.py took 0.128 seconds
[2026-04-10T10:18:23.645+0000] {processor.py:186} INFO - Started process (PID=16560) to work on /opt/airflow/dags/dag.py
[2026-04-10T10:18:23.646+0000] {processor.py:914} INFO - Processing file /opt/airflow/dags/dag.py for tasks to queue
[2026-04-10T10:18:23.649+0000] {logging_mixin.py:190} INFO - [2026-04-10T10:18:23.649+0000] {dagbag.py:588} INFO - Filling up the DagBag from /opt/airflow/dags/dag.py
[2026-04-10T10:18:23.663+0000] {processor.py:925} INFO - DAG(s) 'matrix_minio' retrieved from /opt/airflow/dags/dag.py
[2026-04-10T10:18:23.705+0000] {logging_mixin.py:190} INFO - [2026-04-10T10:18:23.704+0000] {dag.py:3239} INFO - Sync 1 DAGs
[2026-04-10T10:18:23.731+0000] {logging_mixin.py:190} INFO - [2026-04-10T10:18:23.730+0000] {dag.py:4180} INFO - Setting next_dagrun for matrix_minio to None, run_after=None
[2026-04-10T10:18:23.763+0000] {processor.py:208} INFO - Processing /opt/airflow/dags/dag.py took 0.131 seconds
[2026-04-10T10:18:54.285+0000] {processor.py:186} INFO - Started process (PID=16631) to work on /opt/airflow/dags/dag.py
[2026-04-10T10:18:54.286+0000] {processor.py:914} INFO - Processing file /opt/airflow/dags/dag.py for tasks to queue
[2026-04-10T10:18:54.289+0000] {logging_mixin.py:190} INFO - [2026-04-10T10:18:54.289+0000] {dagbag.py:588} INFO - Filling up the DagBag from /opt/airflow/dags/dag.py
[2026-04-10T10:18:54.302+0000] {processor.py:925} INFO - DAG(s) 'matrix_minio' retrieved from /opt/airflow/dags/dag.py
[2026-04-10T10:18:54.345+0000] {logging_mixin.py:190} INFO - [2026-04-10T10:18:54.345+0000] {dag.py:3239} INFO - Sync 1 DAGs
[2026-04-10T10:18:54.373+0000] {logging_mixin.py:190} INFO - [2026-04-10T10:18:54.372+0000] {dag.py:4180} INFO - Setting next_dagrun for matrix_minio to None, run_after=None
[2026-04-10T10:18:54.406+0000] {processor.py:208} INFO - Processing /opt/airflow/dags/dag.py took 0.133 seconds
[2026-04-10T10:19:24.951+0000] {processor.py:186} INFO - Started process (PID=16702) to work on /opt/airflow/dags/dag.py
[2026-04-10T10:19:24.953+0000] {processor.py:914} INFO - Processing file /opt/airflow/dags/dag.py for tasks to queue
[2026-04-10T10:19:24.957+0000] {logging_mixin.py:190} INFO - [2026-04-10T10:19:24.957+0000] {dagbag.py:588} INFO - Filling up the DagBag from /opt/airflow/dags/dag.py
[2026-04-10T10:19:24.971+0000] {processor.py:925} INFO - DAG(s) 'matrix_minio' retrieved from /opt/airflow/dags/dag.py
[2026-04-10T10:19:25.012+0000] {logging_mixin.py:190} INFO - [2026-04-10T10:19:25.011+0000] {dag.py:3239} INFO - Sync 1 DAGs
[2026-04-10T10:19:25.039+0000] {logging_mixin.py:190} INFO - [2026-04-10T10:19:25.038+0000] {dag.py:4180} INFO - Setting next_dagrun for matrix_minio to None, run_after=None
[2026-04-10T10:19:25.073+0000] {processor.py:208} INFO - Processing /opt/airflow/dags/dag.py took 0.134 seconds
[2026-04-10T10:19:55.697+0000] {processor.py:186} INFO - Started process (PID=16779) to work on /opt/airflow/dags/dag.py
[2026-04-10T10:19:55.698+0000] {processor.py:914} INFO - Processing file /opt/airflow/dags/dag.py for tasks to queue
[2026-04-10T10:19:55.702+0000] {logging_mixin.py:190} INFO - [2026-04-10T10:19:55.701+0000] {dagbag.py:588} INFO - Filling up the DagBag from /opt/airflow/dags/dag.py
[2026-04-10T10:19:55.714+0000] {processor.py:925} INFO - DAG(s) 'matrix_minio' retrieved from /opt/airflow/dags/dag.py
[2026-04-10T10:19:55.760+0000] {logging_mixin.py:190} INFO - [2026-04-10T10:19:55.760+0000] {dag.py:3239} INFO - Sync 1 DAGs
[2026-04-10T10:19:55.789+0000] {logging_mixin.py:190} INFO - [2026-04-10T10:19:55.789+0000] {dag.py:4180} INFO - Setting next_dagrun for matrix_minio to None, run_after=None
[2026-04-10T10:19:55.832+0000] {processor.py:208} INFO - Processing /opt/airflow/dags/dag.py took 0.145 seconds
[2026-04-10T10:20:26.359+0000] {processor.py:186} INFO - Started process (PID=16850) to work on /opt/airflow/dags/dag.py
[2026-04-10T10:20:26.361+0000] {processor.py:914} INFO - Processing file /opt/airflow/dags/dag.py for tasks to queue
[2026-04-10T10:20:26.364+0000] {logging_mixin.py:190} INFO - [2026-04-10T10:20:26.363+0000] {dagbag.py:588} INFO - Filling up the DagBag from /opt/airflow/dags/dag.py
[2026-04-10T10:20:26.377+0000] {processor.py:925} INFO - DAG(s) 'matrix_minio' retrieved from /opt/airflow/dags/dag.py
[2026-04-10T10:20:26.417+0000] {logging_mixin.py:190} INFO - [2026-04-10T10:20:26.416+0000] {dag.py:3239} INFO - Sync 1 DAGs
[2026-04-10T10:20:26.443+0000] {logging_mixin.py:190} INFO - [2026-04-10T10:20:26.443+0000] {dag.py:4180} INFO - Setting next_dagrun for matrix_minio to None, run_after=None
[2026-04-10T10:20:26.476+0000] {processor.py:208} INFO - Processing /opt/airflow/dags/dag.py took 0.125 seconds
[2026-04-10T17:13:57.943+0000] {processor.py:186} INFO - Started process (PID=197) to work on /opt/airflow/dags/dag.py
[2026-04-10T17:13:57.946+0000] {processor.py:914} INFO - Processing file /opt/airflow/dags/dag.py for tasks to queue
[2026-04-10T17:13:57.950+0000] {logging_mixin.py:190} INFO - [2026-04-10T17:13:57.949+0000] {dagbag.py:588} INFO - Filling up the DagBag from /opt/airflow/dags/dag.py
[2026-04-10T17:13:57.969+0000] {processor.py:925} INFO - DAG(s) 'matrix_minio' retrieved from /opt/airflow/dags/dag.py
[2026-04-10T17:13:58.046+0000] {logging_mixin.py:190} INFO - [2026-04-10T17:13:58.045+0000] {dag.py:3239} INFO - Sync 1 DAGs
[2026-04-10T17:13:58.086+0000] {logging_mixin.py:190} INFO - [2026-04-10T17:13:58.086+0000] {dag.py:4180} INFO - Setting next_dagrun for matrix_minio to None, run_after=None
[2026-04-10T17:13:58.151+0000] {processor.py:208} INFO - Processing /opt/airflow/dags/dag.py took 0.221 seconds
[2026-04-10T17:14:28.366+0000] {processor.py:186} INFO - Started process (PID=268) to work on /opt/airflow/dags/dag.py
[2026-04-10T17:14:28.367+0000] {processor.py:914} INFO - Processing file /opt/airflow/dags/dag.py for tasks to queue
[2026-04-10T17:14:28.371+0000] {logging_mixin.py:190} INFO - [2026-04-10T17:14:28.370+0000] {dagbag.py:588} INFO - Filling up the DagBag from /opt/airflow/dags/dag.py
[2026-04-10T17:14:28.385+0000] {processor.py:925} INFO - DAG(s) 'matrix_minio' retrieved from /opt/airflow/dags/dag.py
[2026-04-10T17:14:28.427+0000] {logging_mixin.py:190} INFO - [2026-04-10T17:14:28.426+0000] {dag.py:3239} INFO - Sync 1 DAGs
[2026-04-10T17:14:28.451+0000] {logging_mixin.py:190} INFO - [2026-04-10T17:14:28.451+0000] {dag.py:4180} INFO - Setting next_dagrun for matrix_minio to None, run_after=None
[2026-04-10T17:14:28.480+0000] {processor.py:208} INFO - Processing /opt/airflow/dags/dag.py took 0.125 seconds
[2026-04-10T17:14:58.735+0000] {processor.py:186} INFO - Started process (PID=339) to work on /opt/airflow/dags/dag.py
[2026-04-10T17:14:58.738+0000] {processor.py:914} INFO - Processing file /opt/airflow/dags/dag.py for tasks to queue
[2026-04-10T17:14:58.740+0000] {logging_mixin.py:190} INFO - [2026-04-10T17:14:58.740+0000] {dagbag.py:588} INFO - Filling up the DagBag from /opt/airflow/dags/dag.py
[2026-04-10T17:14:58.749+0000] {processor.py:925} INFO - DAG(s) 'matrix_minio' retrieved from /opt/airflow/dags/dag.py
[2026-04-10T17:14:58.786+0000] {logging_mixin.py:190} INFO - [2026-04-10T17:14:58.786+0000] {dag.py:3239} INFO - Sync 1 DAGs
[2026-04-10T17:14:58.807+0000] {logging_mixin.py:190} INFO - [2026-04-10T17:14:58.807+0000] {dag.py:4180} INFO - Setting next_dagrun for matrix_minio to None, run_after=None
[2026-04-10T17:14:58.830+0000] {processor.py:208} INFO - Processing /opt/airflow/dags/dag.py took 0.102 seconds
[2026-04-10T17:15:29.929+0000] {processor.py:186} INFO - Started process (PID=410) to work on /opt/airflow/dags/dag.py
[2026-04-10T17:15:29.930+0000] {processor.py:914} INFO - Processing file /opt/airflow/dags/dag.py for tasks to queue
[2026-04-10T17:15:29.933+0000] {logging_mixin.py:190} INFO - [2026-04-10T17:15:29.932+0000] {dagbag.py:588} INFO - Filling up the DagBag from /opt/airflow/dags/dag.py
[2026-04-10T17:15:29.944+0000] {processor.py:925} INFO - DAG(s) 'matrix_minio' retrieved from /opt/airflow/dags/dag.py
[2026-04-10T17:15:29.980+0000] {logging_mixin.py:190} INFO - [2026-04-10T17:15:29.979+0000] {dag.py:3239} INFO - Sync 1 DAGs
[2026-04-10T17:15:30.003+0000] {logging_mixin.py:190} INFO - [2026-04-10T17:15:30.003+0000] {dag.py:4180} INFO - Setting next_dagrun for matrix_minio to None, run_after=None
[2026-04-10T17:15:30.032+0000] {processor.py:208} INFO - Processing /opt/airflow/dags/dag.py took 0.112 seconds
[2026-04-10T17:16:00.257+0000] {processor.py:186} INFO - Started process (PID=481) to work on /opt/airflow/dags/dag.py
[2026-04-10T17:16:00.258+0000] {processor.py:914} INFO - Processing file /opt/airflow/dags/dag.py for tasks to queue
[2026-04-10T17:16:00.261+0000] {logging_mixin.py:190} INFO - [2026-04-10T17:16:00.260+0000] {dagbag.py:588} INFO - Filling up the DagBag from /opt/airflow/dags/dag.py
[2026-04-10T17:16:00.272+0000] {processor.py:925} INFO - DAG(s) 'matrix_minio' retrieved from /opt/airflow/dags/dag.py
[2026-04-10T17:16:00.306+0000] {logging_mixin.py:190} INFO - [2026-04-10T17:16:00.306+0000] {dag.py:3239} INFO - Sync 1 DAGs
[2026-04-10T17:16:00.326+0000] {logging_mixin.py:190} INFO - [2026-04-10T17:16:00.326+0000] {dag.py:4180} INFO - Setting next_dagrun for matrix_minio to None, run_after=None
[2026-04-10T17:16:00.353+0000] {processor.py:208} INFO - Processing /opt/airflow/dags/dag.py took 0.103 seconds
[2026-04-10T17:16:30.417+0000] {processor.py:186} INFO - Started process (PID=549) to work on /opt/airflow/dags/dag.py
[2026-04-10T17:16:30.427+0000] {processor.py:914} INFO - Processing file /opt/airflow/dags/dag.py for tasks to queue
[2026-04-10T17:16:30.429+0000] {logging_mixin.py:190} INFO - [2026-04-10T17:16:30.428+0000] {dagbag.py:588} INFO - Filling up the DagBag from /opt/airflow/dags/dag.py
[2026-04-10T17:16:30.437+0000] {processor.py:925} INFO - DAG(s) 'matrix_minio' retrieved from /opt/airflow/dags/dag.py
[2026-04-10T17:16:30.469+0000] {logging_mixin.py:190} INFO - [2026-04-10T17:16:30.469+0000] {dag.py:3239} INFO - Sync 1 DAGs
[2026-04-10T17:16:30.486+0000] {logging_mixin.py:190} INFO - [2026-04-10T17:16:30.486+0000] {dag.py:4180} INFO - Setting next_dagrun for matrix_minio to None, run_after=None
[2026-04-10T17:16:30.509+0000] {processor.py:208} INFO - Processing /opt/airflow/dags/dag.py took 0.104 seconds
[2026-04-10T17:17:00.632+0000] {processor.py:186} INFO - Started process (PID=620) to work on /opt/airflow/dags/dag.py
[2026-04-10T17:17:00.642+0000] {processor.py:914} INFO - Processing file /opt/airflow/dags/dag.py for tasks to queue
[2026-04-10T17:17:00.644+0000] {logging_mixin.py:190} INFO - [2026-04-10T17:17:00.644+0000] {dagbag.py:588} INFO - Filling up the DagBag from /opt/airflow/dags/dag.py
[2026-04-10T17:17:00.652+0000] {processor.py:925} INFO - DAG(s) 'matrix_minio' retrieved from /opt/airflow/dags/dag.py
[2026-04-10T17:17:00.682+0000] {logging_mixin.py:190} INFO - [2026-04-10T17:17:00.681+0000] {dag.py:3239} INFO - Sync 1 DAGs
[2026-04-10T17:17:00.699+0000] {logging_mixin.py:190} INFO - [2026-04-10T17:17:00.698+0000] {dag.py:4180} INFO - Setting next_dagrun for matrix_minio to None, run_after=None
[2026-04-10T17:17:00.722+0000] {processor.py:208} INFO - Processing /opt/airflow/dags/dag.py took 0.101 seconds
[2026-04-10T17:17:30.991+0000] {processor.py:186} INFO - Started process (PID=694) to work on /opt/airflow/dags/dag.py
[2026-04-10T17:17:30.992+0000] {processor.py:914} INFO - Processing file /opt/airflow/dags/dag.py for tasks to queue
[2026-04-10T17:17:30.994+0000] {logging_mixin.py:190} INFO - [2026-04-10T17:17:30.994+0000] {dagbag.py:588} INFO - Filling up the DagBag from /opt/airflow/dags/dag.py
[2026-04-10T17:17:31.002+0000] {processor.py:925} INFO - DAG(s) 'matrix_minio' retrieved from /opt/airflow/dags/dag.py
[2026-04-10T17:17:31.040+0000] {logging_mixin.py:190} INFO - [2026-04-10T17:17:31.040+0000] {dag.py:3239} INFO - Sync 1 DAGs
[2026-04-10T17:17:31.058+0000] {logging_mixin.py:190} INFO - [2026-04-10T17:17:31.057+0000] {dag.py:4180} INFO - Setting next_dagrun for matrix_minio to None, run_after=None
[2026-04-10T17:17:31.081+0000] {processor.py:208} INFO - Processing /opt/airflow/dags/dag.py took 0.097 seconds
[2026-04-10T17:18:01.327+0000] {processor.py:186} INFO - Started process (PID=765) to work on /opt/airflow/dags/dag.py
[2026-04-10T17:18:01.328+0000] {processor.py:914} INFO - Processing file /opt/airflow/dags/dag.py for tasks to queue
[2026-04-10T17:18:01.331+0000] {logging_mixin.py:190} INFO - [2026-04-10T17:18:01.330+0000] {dagbag.py:588} INFO - Filling up the DagBag from /opt/airflow/dags/dag.py
[2026-04-10T17:18:01.341+0000] {processor.py:925} INFO - DAG(s) 'matrix_minio' retrieved from /opt/airflow/dags/dag.py
[2026-04-10T17:18:01.381+0000] {logging_mixin.py:190} INFO - [2026-04-10T17:18:01.381+0000] {dag.py:3239} INFO - Sync 1 DAGs
[2026-04-10T17:18:01.404+0000] {logging_mixin.py:190} INFO - [2026-04-10T17:18:01.404+0000] {dag.py:4180} INFO - Setting next_dagrun for matrix_minio to None, run_after=None
[2026-04-10T17:18:01.432+0000] {processor.py:208} INFO - Processing /opt/airflow/dags/dag.py took 0.111 seconds
[2026-04-10T17:18:31.691+0000] {processor.py:186} INFO - Started process (PID=836) to work on /opt/airflow/dags/dag.py
[2026-04-10T17:18:31.692+0000] {processor.py:914} INFO - Processing file /opt/airflow/dags/dag.py for tasks to queue
[2026-04-10T17:18:31.695+0000] {logging_mixin.py:190} INFO - [2026-04-10T17:18:31.694+0000] {dagbag.py:588} INFO - Filling up the DagBag from /opt/airflow/dags/dag.py
[2026-04-10T17:18:31.703+0000] {processor.py:925} INFO - DAG(s) 'matrix_minio' retrieved from /opt/airflow/dags/dag.py
[2026-04-10T17:18:31.737+0000] {logging_mixin.py:190} INFO - [2026-04-10T17:18:31.737+0000] {dag.py:3239} INFO - Sync 1 DAGs
[2026-04-10T17:18:31.757+0000] {logging_mixin.py:190} INFO - [2026-04-10T17:18:31.756+0000] {dag.py:4180} INFO - Setting next_dagrun for matrix_minio to None, run_after=None
[2026-04-10T17:18:31.782+0000] {processor.py:208} INFO - Processing /opt/airflow/dags/dag.py took 0.097 seconds
[2026-04-10T17:19:02.045+0000] {processor.py:186} INFO - Started process (PID=907) to work on /opt/airflow/dags/dag.py
[2026-04-10T17:19:02.046+0000] {processor.py:914} INFO - Processing file /opt/airflow/dags/dag.py for tasks to queue
[2026-04-10T17:19:02.048+0000] {logging_mixin.py:190} INFO - [2026-04-10T17:19:02.048+0000] {dagbag.py:588} INFO - Filling up the DagBag from /opt/airflow/dags/dag.py
[2026-04-10T17:19:02.058+0000] {processor.py:925} INFO - DAG(s) 'matrix_minio' retrieved from /opt/airflow/dags/dag.py
[2026-04-10T17:19:02.091+0000] {logging_mixin.py:190} INFO - [2026-04-10T17:19:02.090+0000] {dag.py:3239} INFO - Sync 1 DAGs
[2026-04-10T17:19:02.110+0000] {logging_mixin.py:190} INFO - [2026-04-10T17:19:02.109+0000] {dag.py:4180} INFO - Setting next_dagrun for matrix_minio to None, run_after=None
[2026-04-10T17:19:02.132+0000] {processor.py:208} INFO - Processing /opt/airflow/dags/dag.py took 0.099 seconds
[2026-04-10T17:19:33.200+0000] {processor.py:186} INFO - Started process (PID=984) to work on /opt/airflow/dags/dag.py
[2026-04-10T17:19:33.201+0000] {processor.py:914} INFO - Processing file /opt/airflow/dags/dag.py for tasks to queue
[2026-04-10T17:19:33.203+0000] {logging_mixin.py:190} INFO - [2026-04-10T17:19:33.203+0000] {dagbag.py:588} INFO - Filling up the DagBag from /opt/airflow/dags/dag.py
[2026-04-10T17:19:33.213+0000] {processor.py:925} INFO - DAG(s) 'matrix_minio' retrieved from /opt/airflow/dags/dag.py
[2026-04-10T17:19:33.240+0000] {logging_mixin.py:190} INFO - [2026-04-10T17:19:33.240+0000] {dag.py:3239} INFO - Sync 1 DAGs
[2026-04-10T17:19:33.257+0000] {logging_mixin.py:190} INFO - [2026-04-10T17:19:33.257+0000] {dag.py:4180} INFO - Setting next_dagrun for matrix_minio to None, run_after=None
[2026-04-10T17:19:33.278+0000] {processor.py:208} INFO - Processing /opt/airflow/dags/dag.py took 0.090 seconds
[2026-04-10T17:20:03.374+0000] {processor.py:186} INFO - Started process (PID=1054) to work on /opt/airflow/dags/dag.py
[2026-04-10T17:20:03.375+0000] {processor.py:914} INFO - Processing file /opt/airflow/dags/dag.py for tasks to queue
[2026-04-10T17:20:03.378+0000] {logging_mixin.py:190} INFO - [2026-04-10T17:20:03.377+0000] {dagbag.py:588} INFO - Filling up the DagBag from /opt/airflow/dags/dag.py
[2026-04-10T17:20:03.387+0000] {processor.py:925} INFO - DAG(s) 'matrix_minio' retrieved from /opt/airflow/dags/dag.py
[2026-04-10T17:20:03.416+0000] {logging_mixin.py:190} INFO - [2026-04-10T17:20:03.416+0000] {dag.py:3239} INFO - Sync 1 DAGs
[2026-04-10T17:20:03.433+0000] {logging_mixin.py:190} INFO - [2026-04-10T17:20:03.433+0000] {dag.py:4180} INFO - Setting next_dagrun for matrix_minio to None, run_after=None
[2026-04-10T17:20:03.452+0000] {processor.py:208} INFO - Processing /opt/airflow/dags/dag.py took 0.089 seconds
[2026-04-10T17:20:33.602+0000] {processor.py:186} INFO - Started process (PID=1126) to work on /opt/airflow/dags/dag.py
[2026-04-10T17:20:33.603+0000] {processor.py:914} INFO - Processing file /opt/airflow/dags/dag.py for tasks to queue
[2026-04-10T17:20:33.607+0000] {logging_mixin.py:190} INFO - [2026-04-10T17:20:33.606+0000] {dagbag.py:588} INFO - Filling up the DagBag from /opt/airflow/dags/dag.py
[2026-04-10T17:20:33.616+0000] {processor.py:925} INFO - DAG(s) 'matrix_minio' retrieved from /opt/airflow/dags/dag.py
[2026-04-10T17:20:33.644+0000] {logging_mixin.py:190} INFO - [2026-04-10T17:20:33.644+0000] {dag.py:3239} INFO - Sync 1 DAGs
[2026-04-10T17:20:33.661+0000] {logging_mixin.py:190} INFO - [2026-04-10T17:20:33.661+0000] {dag.py:4180} INFO - Setting next_dagrun for matrix_minio to None, run_after=None
[2026-04-10T17:20:33.683+0000] {processor.py:208} INFO - Processing /opt/airflow/dags/dag.py took 0.088 seconds
[2026-04-10T17:21:03.802+0000] {processor.py:186} INFO - Started process (PID=1197) to work on /opt/airflow/dags/dag.py
[2026-04-10T17:21:03.802+0000] {processor.py:914} INFO - Processing file /opt/airflow/dags/dag.py for tasks to queue
[2026-04-10T17:21:03.805+0000] {logging_mixin.py:190} INFO - [2026-04-10T17:21:03.804+0000] {dagbag.py:588} INFO - Filling up the DagBag from /opt/airflow/dags/dag.py
[2026-04-10T17:21:03.813+0000] {processor.py:925} INFO - DAG(s) 'matrix_minio' retrieved from /opt/airflow/dags/dag.py
[2026-04-10T17:21:03.845+0000] {logging_mixin.py:190} INFO - [2026-04-10T17:21:03.845+0000] {dag.py:3239} INFO - Sync 1 DAGs
[2026-04-10T17:21:03.863+0000] {logging_mixin.py:190} INFO - [2026-04-10T17:21:03.863+0000] {dag.py:4180} INFO - Setting next_dagrun for matrix_minio to None, run_after=None
[2026-04-10T17:21:03.883+0000] {processor.py:208} INFO - Processing /opt/airflow/dags/dag.py took 0.092 seconds
[2026-04-10T17:21:34.978+0000] {processor.py:186} INFO - Started process (PID=1268) to work on /opt/airflow/dags/dag.py
[2026-04-10T17:21:34.979+0000] {processor.py:914} INFO - Processing file /opt/airflow/dags/dag.py for tasks to queue
[2026-04-10T17:21:34.982+0000] {logging_mixin.py:190} INFO - [2026-04-10T17:21:34.982+0000] {dagbag.py:588} INFO - Filling up the DagBag from /opt/airflow/dags/dag.py
[2026-04-10T17:21:34.991+0000] {processor.py:925} INFO - DAG(s) 'matrix_minio' retrieved from /opt/airflow/dags/dag.py
[2026-04-10T17:21:35.025+0000] {logging_mixin.py:190} INFO - [2026-04-10T17:21:35.024+0000] {dag.py:3239} INFO - Sync 1 DAGs
[2026-04-10T17:21:35.043+0000] {logging_mixin.py:190} INFO - [2026-04-10T17:21:35.043+0000] {dag.py:4180} INFO - Setting next_dagrun for matrix_minio to None, run_after=None
[2026-04-10T17:21:35.066+0000] {processor.py:208} INFO - Processing /opt/airflow/dags/dag.py took 0.101 seconds
[2026-04-10T17:22:06.164+0000] {processor.py:186} INFO - Started process (PID=1339) to work on /opt/airflow/dags/dag.py
[2026-04-10T17:22:06.165+0000] {processor.py:914} INFO - Processing file /opt/airflow/dags/dag.py for tasks to queue
[2026-04-10T17:22:06.167+0000] {logging_mixin.py:190} INFO - [2026-04-10T17:22:06.167+0000] {dagbag.py:588} INFO - Filling up the DagBag from /opt/airflow/dags/dag.py
[2026-04-10T17:22:06.175+0000] {processor.py:925} INFO - DAG(s) 'matrix_minio' retrieved from /opt/airflow/dags/dag.py
[2026-04-10T17:22:06.202+0000] {logging_mixin.py:190} INFO - [2026-04-10T17:22:06.202+0000] {dag.py:3239} INFO - Sync 1 DAGs
[2026-04-10T17:22:06.218+0000] {logging_mixin.py:190} INFO - [2026-04-10T17:22:06.218+0000] {dag.py:4180} INFO - Setting next_dagrun for matrix_minio to None, run_after=None
[2026-04-10T17:22:06.239+0000] {processor.py:208} INFO - Processing /opt/airflow/dags/dag.py took 0.086 seconds
[2026-04-10T17:22:37.328+0000] {processor.py:186} INFO - Started process (PID=1410) to work on /opt/airflow/dags/dag.py
[2026-04-10T17:22:37.329+0000] {processor.py:914} INFO - Processing file /opt/airflow/dags/dag.py for tasks to queue
[2026-04-10T17:22:37.331+0000] {logging_mixin.py:190} INFO - [2026-04-10T17:22:37.331+0000] {dagbag.py:588} INFO - Filling up the DagBag from /opt/airflow/dags/dag.py
[2026-04-10T17:22:37.340+0000] {processor.py:925} INFO - DAG(s) 'matrix_minio' retrieved from /opt/airflow/dags/dag.py
[2026-04-10T17:22:37.366+0000] {logging_mixin.py:190} INFO - [2026-04-10T17:22:37.366+0000] {dag.py:3239} INFO - Sync 1 DAGs
[2026-04-10T17:22:37.384+0000] {logging_mixin.py:190} INFO - [2026-04-10T17:22:37.384+0000] {dag.py:4180} INFO - Setting next_dagrun for matrix_minio to None, run_after=None
[2026-04-10T17:22:37.407+0000] {processor.py:208} INFO - Processing /opt/airflow/dags/dag.py took 0.090 seconds
[2026-04-10T17:23:08.490+0000] {processor.py:186} INFO - Started process (PID=1481) to work on /opt/airflow/dags/dag.py
[2026-04-10T17:23:08.492+0000] {processor.py:914} INFO - Processing file /opt/airflow/dags/dag.py for tasks to queue
[2026-04-10T17:23:08.494+0000] {logging_mixin.py:190} INFO - [2026-04-10T17:23:08.493+0000] {dagbag.py:588} INFO - Filling up the DagBag from /opt/airflow/dags/dag.py
[2026-04-10T17:23:08.502+0000] {processor.py:925} INFO - DAG(s) 'matrix_minio' retrieved from /opt/airflow/dags/dag.py
[2026-04-10T17:23:08.532+0000] {logging_mixin.py:190} INFO - [2026-04-10T17:23:08.531+0000] {dag.py:3239} INFO - Sync 1 DAGs
[2026-04-10T17:23:08.546+0000] {logging_mixin.py:190} INFO - [2026-04-10T17:23:08.546+0000] {dag.py:4180} INFO - Setting next_dagrun for matrix_minio to None, run_after=None
[2026-04-10T17:23:08.568+0000] {processor.py:208} INFO - Processing /opt/airflow/dags/dag.py took 0.083 seconds
[2026-04-10T17:23:39.645+0000] {processor.py:186} INFO - Started process (PID=1552) to work on /opt/airflow/dags/dag.py
[2026-04-10T17:23:39.646+0000] {processor.py:914} INFO - Processing file /opt/airflow/dags/dag.py for tasks to queue
[2026-04-10T17:23:39.648+0000] {logging_mixin.py:190} INFO - [2026-04-10T17:23:39.648+0000] {dagbag.py:588} INFO - Filling up the DagBag from /opt/airflow/dags/dag.py
[2026-04-10T17:23:39.658+0000] {processor.py:925} INFO - DAG(s) 'matrix_minio' retrieved from /opt/airflow/dags/dag.py
[2026-04-10T17:23:39.689+0000] {logging_mixin.py:190} INFO - [2026-04-10T17:23:39.689+0000] {dag.py:3239} INFO - Sync 1 DAGs
[2026-04-10T17:23:39.706+0000] {logging_mixin.py:190} INFO - [2026-04-10T17:23:39.706+0000] {dag.py:4180} INFO - Setting next_dagrun for matrix_minio to None, run_after=None
[2026-04-10T17:23:39.728+0000] {processor.py:208} INFO - Processing /opt/airflow/dags/dag.py took 0.093 seconds
[2026-04-10T17:24:10.161+0000] {processor.py:186} INFO - Started process (PID=1623) to work on /opt/airflow/dags/dag.py
[2026-04-10T17:24:10.162+0000] {processor.py:914} INFO - Processing file /opt/airflow/dags/dag.py for tasks to queue
[2026-04-10T17:24:10.164+0000] {logging_mixin.py:190} INFO - [2026-04-10T17:24:10.163+0000] {dagbag.py:588} INFO - Filling up the DagBag from /opt/airflow/dags/dag.py
[2026-04-10T17:24:10.172+0000] {processor.py:925} INFO - DAG(s) 'matrix_minio' retrieved from /opt/airflow/dags/dag.py
[2026-04-10T17:24:10.200+0000] {logging_mixin.py:190} INFO - [2026-04-10T17:24:10.200+0000] {dag.py:3239} INFO - Sync 1 DAGs
[2026-04-10T17:24:10.217+0000] {logging_mixin.py:190} INFO - [2026-04-10T17:24:10.216+0000] {dag.py:4180} INFO - Setting next_dagrun for matrix_minio to None, run_after=None
[2026-04-10T17:24:10.237+0000] {processor.py:208} INFO - Processing /opt/airflow/dags/dag.py took 0.083 seconds
[2026-04-10T17:24:41.261+0000] {processor.py:186} INFO - Started process (PID=1695) to work on /opt/airflow/dags/dag.py
[2026-04-10T17:24:41.261+0000] {processor.py:914} INFO - Processing file /opt/airflow/dags/dag.py for tasks to queue
[2026-04-10T17:24:41.263+0000] {logging_mixin.py:190} INFO - [2026-04-10T17:24:41.263+0000] {dagbag.py:588} INFO - Filling up the DagBag from /opt/airflow/dags/dag.py
[2026-04-10T17:24:41.272+0000] {processor.py:925} INFO - DAG(s) 'matrix_minio' retrieved from /opt/airflow/dags/dag.py
[2026-04-10T17:24:41.303+0000] {logging_mixin.py:190} INFO - [2026-04-10T17:24:41.303+0000] {dag.py:3239} INFO - Sync 1 DAGs
[2026-04-10T17:24:41.319+0000] {logging_mixin.py:190} INFO - [2026-04-10T17:24:41.319+0000] {dag.py:4180} INFO - Setting next_dagrun for matrix_minio to None, run_after=None
[2026-04-10T17:24:41.339+0000] {processor.py:208} INFO - Processing /opt/airflow/dags/dag.py took 0.085 seconds
[2026-04-10T17:25:11.779+0000] {processor.py:186} INFO - Started process (PID=1766) to work on /opt/airflow/dags/dag.py
[2026-04-10T17:25:11.780+0000] {processor.py:914} INFO - Processing file /opt/airflow/dags/dag.py for tasks to queue
[2026-04-10T17:25:11.782+0000] {logging_mixin.py:190} INFO - [2026-04-10T17:25:11.782+0000] {dagbag.py:588} INFO - Filling up the DagBag from /opt/airflow/dags/dag.py
[2026-04-10T17:25:11.790+0000] {processor.py:925} INFO - DAG(s) 'matrix_minio' retrieved from /opt/airflow/dags/dag.py
[2026-04-10T17:25:11.821+0000] {logging_mixin.py:190} INFO - [2026-04-10T17:25:11.821+0000] {dag.py:3239} INFO - Sync 1 DAGs
[2026-04-10T17:25:11.839+0000] {logging_mixin.py:190} INFO - [2026-04-10T17:25:11.839+0000] {dag.py:4180} INFO - Setting next_dagrun for matrix_minio to None, run_after=None
[2026-04-10T17:25:11.861+0000] {processor.py:208} INFO - Processing /opt/airflow/dags/dag.py took 0.088 seconds
[2026-04-10T17:25:41.981+0000] {processor.py:186} INFO - Started process (PID=1837) to work on /opt/airflow/dags/dag.py
[2026-04-10T17:25:41.982+0000] {processor.py:914} INFO - Processing file /opt/airflow/dags/dag.py for tasks to queue
[2026-04-10T17:25:41.984+0000] {logging_mixin.py:190} INFO - [2026-04-10T17:25:41.983+0000] {dagbag.py:588} INFO - Filling up the DagBag from /opt/airflow/dags/dag.py
[2026-04-10T17:25:41.992+0000] {processor.py:925} INFO - DAG(s) 'matrix_minio' retrieved from /opt/airflow/dags/dag.py
[2026-04-10T17:25:42.024+0000] {logging_mixin.py:190} INFO - [2026-04-10T17:25:42.023+0000] {dag.py:3239} INFO - Sync 1 DAGs
[2026-04-10T17:25:42.041+0000] {logging_mixin.py:190} INFO - [2026-04-10T17:25:42.041+0000] {dag.py:4180} INFO - Setting next_dagrun for matrix_minio to None, run_after=None
[2026-04-10T17:25:42.063+0000] {processor.py:208} INFO - Processing /opt/airflow/dags/dag.py took 0.088 seconds
[2026-04-10T17:26:12.395+0000] {processor.py:186} INFO - Started process (PID=1908) to work on /opt/airflow/dags/dag.py
[2026-04-10T17:26:12.396+0000] {processor.py:914} INFO - Processing file /opt/airflow/dags/dag.py for tasks to queue
[2026-04-10T17:26:12.398+0000] {logging_mixin.py:190} INFO - [2026-04-10T17:26:12.398+0000] {dagbag.py:588} INFO - Filling up the DagBag from /opt/airflow/dags/dag.py
[2026-04-10T17:26:12.409+0000] {processor.py:925} INFO - DAG(s) 'matrix_minio' retrieved from /opt/airflow/dags/dag.py
[2026-04-10T17:26:12.438+0000] {logging_mixin.py:190} INFO - [2026-04-10T17:26:12.438+0000] {dag.py:3239} INFO - Sync 1 DAGs
[2026-04-10T17:26:12.458+0000] {logging_mixin.py:190} INFO - [2026-04-10T17:26:12.458+0000] {dag.py:4180} INFO - Setting next_dagrun for matrix_minio to None, run_after=None
[2026-04-10T17:26:12.479+0000] {processor.py:208} INFO - Processing /opt/airflow/dags/dag.py took 0.092 seconds
[2026-04-10T17:26:42.649+0000] {processor.py:186} INFO - Started process (PID=1979) to work on /opt/airflow/dags/dag.py
[2026-04-10T17:26:42.650+0000] {processor.py:914} INFO - Processing file /opt/airflow/dags/dag.py for tasks to queue
[2026-04-10T17:26:42.654+0000] {logging_mixin.py:190} INFO - [2026-04-10T17:26:42.654+0000] {dagbag.py:588} INFO - Filling up the DagBag from /opt/airflow/dags/dag.py
[2026-04-10T17:26:42.663+0000] {processor.py:925} INFO - DAG(s) 'matrix_minio' retrieved from /opt/airflow/dags/dag.py
[2026-04-10T17:26:42.692+0000] {logging_mixin.py:190} INFO - [2026-04-10T17:26:42.691+0000] {dag.py:3239} INFO - Sync 1 DAGs
[2026-04-10T17:26:42.708+0000] {logging_mixin.py:190} INFO - [2026-04-10T17:26:42.708+0000] {dag.py:4180} INFO - Setting next_dagrun for matrix_minio to None, run_after=None
[2026-04-10T17:26:42.730+0000] {processor.py:208} INFO - Processing /opt/airflow/dags/dag.py took 0.087 seconds
[2026-04-10T17:27:12.797+0000] {processor.py:186} INFO - Started process (PID=2050) to work on /opt/airflow/dags/dag.py
[2026-04-10T17:27:12.798+0000] {processor.py:914} INFO - Processing file /opt/airflow/dags/dag.py for tasks to queue
[2026-04-10T17:27:12.800+0000] {logging_mixin.py:190} INFO - [2026-04-10T17:27:12.799+0000] {dagbag.py:588} INFO - Filling up the DagBag from /opt/airflow/dags/dag.py
[2026-04-10T17:27:12.809+0000] {processor.py:925} INFO - DAG(s) 'matrix_minio' retrieved from /opt/airflow/dags/dag.py
[2026-04-10T17:27:12.985+0000] {logging_mixin.py:190} INFO - [2026-04-10T17:27:12.985+0000] {dag.py:3239} INFO - Sync 1 DAGs
[2026-04-10T17:27:13.001+0000] {logging_mixin.py:190} INFO - [2026-04-10T17:27:13.000+0000] {dag.py:4180} INFO - Setting next_dagrun for matrix_minio to None, run_after=None
[2026-04-10T17:27:13.029+0000] {processor.py:208} INFO - Processing /opt/airflow/dags/dag.py took 0.238 seconds
[2026-04-10T17:27:43.763+0000] {processor.py:186} INFO - Started process (PID=2121) to work on /opt/airflow/dags/dag.py
[2026-04-10T17:27:43.764+0000] {processor.py:914} INFO - Processing file /opt/airflow/dags/dag.py for tasks to queue
[2026-04-10T17:27:43.766+0000] {logging_mixin.py:190} INFO - [2026-04-10T17:27:43.766+0000] {dagbag.py:588} INFO - Filling up the DagBag from /opt/airflow/dags/dag.py
[2026-04-10T17:27:43.775+0000] {processor.py:925} INFO - DAG(s) 'matrix_minio' retrieved from /opt/airflow/dags/dag.py
[2026-04-10T17:27:43.804+0000] {logging_mixin.py:190} INFO - [2026-04-10T17:27:43.804+0000] {dag.py:3239} INFO - Sync 1 DAGs
[2026-04-10T17:27:43.822+0000] {logging_mixin.py:190} INFO - [2026-04-10T17:27:43.821+0000] {dag.py:4180} INFO - Setting next_dagrun for matrix_minio to None, run_after=None
[2026-04-10T17:27:43.844+0000] {processor.py:208} INFO - Processing /opt/airflow/dags/dag.py took 0.093 seconds
[2026-04-10T17:28:14.859+0000] {processor.py:186} INFO - Started process (PID=2192) to work on /opt/airflow/dags/dag.py
[2026-04-10T17:28:14.860+0000] {processor.py:914} INFO - Processing file /opt/airflow/dags/dag.py for tasks to queue
[2026-04-10T17:28:14.862+0000] {logging_mixin.py:190} INFO - [2026-04-10T17:28:14.862+0000] {dagbag.py:588} INFO - Filling up the DagBag from /opt/airflow/dags/dag.py
[2026-04-10T17:28:14.870+0000] {processor.py:925} INFO - DAG(s) 'matrix_minio' retrieved from /opt/airflow/dags/dag.py
[2026-04-10T17:28:14.901+0000] {logging_mixin.py:190} INFO - [2026-04-10T17:28:14.900+0000] {dag.py:3239} INFO - Sync 1 DAGs
[2026-04-10T17:28:14.918+0000] {logging_mixin.py:190} INFO - [2026-04-10T17:28:14.918+0000] {dag.py:4180} INFO - Setting next_dagrun for matrix_minio to None, run_after=None
[2026-04-10T17:28:14.940+0000] {processor.py:208} INFO - Processing /opt/airflow/dags/dag.py took 0.087 seconds
[2026-04-10T17:28:45.962+0000] {processor.py:186} INFO - Started process (PID=2263) to work on /opt/airflow/dags/dag.py
[2026-04-10T17:28:45.963+0000] {processor.py:914} INFO - Processing file /opt/airflow/dags/dag.py for tasks to queue
[2026-04-10T17:28:45.965+0000] {logging_mixin.py:190} INFO - [2026-04-10T17:28:45.964+0000] {dagbag.py:588} INFO - Filling up the DagBag from /opt/airflow/dags/dag.py
[2026-04-10T17:28:45.973+0000] {processor.py:925} INFO - DAG(s) 'matrix_minio' retrieved from /opt/airflow/dags/dag.py
[2026-04-10T17:28:46.002+0000] {logging_mixin.py:190} INFO - [2026-04-10T17:28:46.002+0000] {dag.py:3239} INFO - Sync 1 DAGs
[2026-04-10T17:28:46.019+0000] {logging_mixin.py:190} INFO - [2026-04-10T17:28:46.018+0000] {dag.py:4180} INFO - Setting next_dagrun for matrix_minio to None, run_after=None
[2026-04-10T17:28:46.040+0000] {processor.py:208} INFO - Processing /opt/airflow/dags/dag.py took 0.084 seconds
[2026-04-10T17:53:09.860+0000] {processor.py:186} INFO - Started process (PID=2328) to work on /opt/airflow/dags/dag.py
[2026-04-10T17:53:09.862+0000] {processor.py:914} INFO - Processing file /opt/airflow/dags/dag.py for tasks to queue
[2026-04-10T17:53:09.867+0000] {logging_mixin.py:190} INFO - [2026-04-10T17:53:09.866+0000] {dagbag.py:588} INFO - Filling up the DagBag from /opt/airflow/dags/dag.py
[2026-04-10T17:53:09.885+0000] {processor.py:925} INFO - DAG(s) 'matrix_minio' retrieved from /opt/airflow/dags/dag.py
[2026-04-10T17:53:09.940+0000] {logging_mixin.py:190} INFO - [2026-04-10T17:53:09.940+0000] {dag.py:3239} INFO - Sync 1 DAGs
[2026-04-10T17:53:09.974+0000] {logging_mixin.py:190} INFO - [2026-04-10T17:53:09.973+0000] {dag.py:4180} INFO - Setting next_dagrun for matrix_minio to None, run_after=None
[2026-04-10T17:53:10.023+0000] {processor.py:208} INFO - Processing /opt/airflow/dags/dag.py took 0.176 seconds
[2026-04-10T17:53:40.440+0000] {processor.py:186} INFO - Started process (PID=2399) to work on /opt/airflow/dags/dag.py
[2026-04-10T17:53:40.441+0000] {processor.py:914} INFO - Processing file /opt/airflow/dags/dag.py for tasks to queue
[2026-04-10T17:53:40.445+0000] {logging_mixin.py:190} INFO - [2026-04-10T17:53:40.444+0000] {dagbag.py:588} INFO - Filling up the DagBag from /opt/airflow/dags/dag.py
[2026-04-10T17:53:40.458+0000] {processor.py:925} INFO - DAG(s) 'matrix_minio' retrieved from /opt/airflow/dags/dag.py
[2026-04-10T17:53:40.509+0000] {logging_mixin.py:190} INFO - [2026-04-10T17:53:40.509+0000] {dag.py:3239} INFO - Sync 1 DAGs
[2026-04-10T17:53:40.543+0000] {logging_mixin.py:190} INFO - [2026-04-10T17:53:40.542+0000] {dag.py:4180} INFO - Setting next_dagrun for matrix_minio to None, run_after=None
[2026-04-10T17:53:40.590+0000] {processor.py:208} INFO - Processing /opt/airflow/dags/dag.py took 0.160 seconds
[2026-04-10T17:54:11.037+0000] {processor.py:186} INFO - Started process (PID=2470) to work on /opt/airflow/dags/dag.py
[2026-04-10T17:54:11.039+0000] {processor.py:914} INFO - Processing file /opt/airflow/dags/dag.py for tasks to queue
[2026-04-10T17:54:11.043+0000] {logging_mixin.py:190} INFO - [2026-04-10T17:54:11.043+0000] {dagbag.py:588} INFO - Filling up the DagBag from /opt/airflow/dags/dag.py
[2026-04-10T17:54:11.066+0000] {processor.py:925} INFO - DAG(s) 'matrix_minio' retrieved from /opt/airflow/dags/dag.py
[2026-04-10T17:54:11.122+0000] {logging_mixin.py:190} INFO - [2026-04-10T17:54:11.122+0000] {dag.py:3239} INFO - Sync 1 DAGs
[2026-04-10T17:54:11.154+0000] {logging_mixin.py:190} INFO - [2026-04-10T17:54:11.153+0000] {dag.py:4180} INFO - Setting next_dagrun for matrix_minio to None, run_after=None
[2026-04-10T17:54:11.189+0000] {processor.py:208} INFO - Processing /opt/airflow/dags/dag.py took 0.166 seconds
[2026-04-10T17:54:41.796+0000] {processor.py:186} INFO - Started process (PID=2542) to work on /opt/airflow/dags/dag.py
[2026-04-10T17:54:41.798+0000] {processor.py:914} INFO - Processing file /opt/airflow/dags/dag.py for tasks to queue
[2026-04-10T17:54:41.801+0000] {logging_mixin.py:190} INFO - [2026-04-10T17:54:41.800+0000] {dagbag.py:588} INFO - Filling up the DagBag from /opt/airflow/dags/dag.py
[2026-04-10T17:54:41.817+0000] {processor.py:925} INFO - DAG(s) 'matrix_minio' retrieved from /opt/airflow/dags/dag.py
[2026-04-10T17:54:41.864+0000] {logging_mixin.py:190} INFO - [2026-04-10T17:54:41.864+0000] {dag.py:3239} INFO - Sync 1 DAGs
[2026-04-10T17:54:41.889+0000] {logging_mixin.py:190} INFO - [2026-04-10T17:54:41.888+0000] {dag.py:4180} INFO - Setting next_dagrun for matrix_minio to None, run_after=None
[2026-04-10T17:54:41.924+0000] {processor.py:208} INFO - Processing /opt/airflow/dags/dag.py took 0.139 seconds
[2026-04-10T17:55:12.318+0000] {processor.py:186} INFO - Started process (PID=2613) to work on /opt/airflow/dags/dag.py
[2026-04-10T17:55:12.319+0000] {processor.py:914} INFO - Processing file /opt/airflow/dags/dag.py for tasks to queue
[2026-04-10T17:55:12.323+0000] {logging_mixin.py:190} INFO - [2026-04-10T17:55:12.322+0000] {dagbag.py:588} INFO - Filling up the DagBag from /opt/airflow/dags/dag.py
[2026-04-10T17:55:12.336+0000] {processor.py:925} INFO - DAG(s) 'matrix_minio' retrieved from /opt/airflow/dags/dag.py
[2026-04-10T17:55:12.381+0000] {logging_mixin.py:190} INFO - [2026-04-10T17:55:12.381+0000] {dag.py:3239} INFO - Sync 1 DAGs
[2026-04-10T17:55:12.406+0000] {logging_mixin.py:190} INFO - [2026-04-10T17:55:12.406+0000] {dag.py:4180} INFO - Setting next_dagrun for matrix_minio to None, run_after=None
[2026-04-10T17:55:12.449+0000] {processor.py:208} INFO - Processing /opt/airflow/dags/dag.py took 0.142 seconds
[2026-04-10T17:55:43.036+0000] {processor.py:186} INFO - Started process (PID=2684) to work on /opt/airflow/dags/dag.py
[2026-04-10T17:55:43.037+0000] {processor.py:914} INFO - Processing file /opt/airflow/dags/dag.py for tasks to queue
[2026-04-10T17:55:43.041+0000] {logging_mixin.py:190} INFO - [2026-04-10T17:55:43.040+0000] {dagbag.py:588} INFO - Filling up the DagBag from /opt/airflow/dags/dag.py
[2026-04-10T17:55:43.057+0000] {processor.py:925} INFO - DAG(s) 'matrix_minio' retrieved from /opt/airflow/dags/dag.py
[2026-04-10T17:55:43.103+0000] {logging_mixin.py:190} INFO - [2026-04-10T17:55:43.102+0000] {dag.py:3239} INFO - Sync 1 DAGs
[2026-04-10T17:55:43.129+0000] {logging_mixin.py:190} INFO - [2026-04-10T17:55:43.129+0000] {dag.py:4180} INFO - Setting next_dagrun for matrix_minio to None, run_after=None
[2026-04-10T17:55:43.174+0000] {processor.py:208} INFO - Processing /opt/airflow/dags/dag.py took 0.148 seconds
[2026-04-10T17:56:13.708+0000] {processor.py:186} INFO - Started process (PID=2755) to work on /opt/airflow/dags/dag.py
[2026-04-10T17:56:13.709+0000] {processor.py:914} INFO - Processing file /opt/airflow/dags/dag.py for tasks to queue
[2026-04-10T17:56:13.713+0000] {logging_mixin.py:190} INFO - [2026-04-10T17:56:13.712+0000] {dagbag.py:588} INFO - Filling up the DagBag from /opt/airflow/dags/dag.py
[2026-04-10T17:56:13.727+0000] {processor.py:925} INFO - DAG(s) 'matrix_minio' retrieved from /opt/airflow/dags/dag.py
[2026-04-10T17:56:13.777+0000] {logging_mixin.py:190} INFO - [2026-04-10T17:56:13.777+0000] {dag.py:3239} INFO - Sync 1 DAGs
[2026-04-10T17:56:13.806+0000] {logging_mixin.py:190} INFO - [2026-04-10T17:56:13.805+0000] {dag.py:4180} INFO - Setting next_dagrun for matrix_minio to None, run_after=None
[2026-04-10T17:56:13.840+0000] {processor.py:208} INFO - Processing /opt/airflow/dags/dag.py took 0.142 seconds
[2026-04-10T17:56:44.352+0000] {processor.py:186} INFO - Started process (PID=2826) to work on /opt/airflow/dags/dag.py
[2026-04-10T17:56:44.354+0000] {processor.py:914} INFO - Processing file /opt/airflow/dags/dag.py for tasks to queue
[2026-04-10T17:56:44.358+0000] {logging_mixin.py:190} INFO - [2026-04-10T17:56:44.357+0000] {dagbag.py:588} INFO - Filling up the DagBag from /opt/airflow/dags/dag.py
[2026-04-10T17:56:44.376+0000] {processor.py:925} INFO - DAG(s) 'matrix_minio' retrieved from /opt/airflow/dags/dag.py
[2026-04-10T17:56:44.429+0000] {logging_mixin.py:190} INFO - [2026-04-10T17:56:44.429+0000] {dag.py:3239} INFO - Sync 1 DAGs
[2026-04-10T17:56:44.459+0000] {logging_mixin.py:190} INFO - [2026-04-10T17:56:44.458+0000] {dag.py:4180} INFO - Setting next_dagrun for matrix_minio to None, run_after=None
[2026-04-10T17:56:44.500+0000] {processor.py:208} INFO - Processing /opt/airflow/dags/dag.py took 0.160 seconds
[2026-04-10T17:57:15.091+0000] {processor.py:186} INFO - Started process (PID=2897) to work on /opt/airflow/dags/dag.py
[2026-04-10T17:57:15.093+0000] {processor.py:914} INFO - Processing file /opt/airflow/dags/dag.py for tasks to queue
[2026-04-10T17:57:15.096+0000] {logging_mixin.py:190} INFO - [2026-04-10T17:57:15.095+0000] {dagbag.py:588} INFO - Filling up the DagBag from /opt/airflow/dags/dag.py
[2026-04-10T17:57:15.109+0000] {processor.py:925} INFO - DAG(s) 'matrix_minio' retrieved from /opt/airflow/dags/dag.py
[2026-04-10T17:57:15.155+0000] {logging_mixin.py:190} INFO - [2026-04-10T17:57:15.154+0000] {dag.py:3239} INFO - Sync 1 DAGs
[2026-04-10T17:57:15.184+0000] {logging_mixin.py:190} INFO - [2026-04-10T17:57:15.184+0000] {dag.py:4180} INFO - Setting next_dagrun for matrix_minio to None, run_after=None
[2026-04-10T17:57:15.230+0000] {processor.py:208} INFO - Processing /opt/airflow/dags/dag.py took 0.150 seconds
[2026-04-10T17:57:45.656+0000] {processor.py:186} INFO - Started process (PID=2968) to work on /opt/airflow/dags/dag.py
[2026-04-10T17:57:45.657+0000] {processor.py:914} INFO - Processing file /opt/airflow/dags/dag.py for tasks to queue
[2026-04-10T17:57:45.661+0000] {logging_mixin.py:190} INFO - [2026-04-10T17:57:45.660+0000] {dagbag.py:588} INFO - Filling up the DagBag from /opt/airflow/dags/dag.py
[2026-04-10T17:57:45.677+0000] {processor.py:925} INFO - DAG(s) 'matrix_minio' retrieved from /opt/airflow/dags/dag.py
[2026-04-10T17:57:45.723+0000] {logging_mixin.py:190} INFO - [2026-04-10T17:57:45.722+0000] {dag.py:3239} INFO - Sync 1 DAGs
[2026-04-10T17:57:45.750+0000] {logging_mixin.py:190} INFO - [2026-04-10T17:57:45.749+0000] {dag.py:4180} INFO - Setting next_dagrun for matrix_minio to None, run_after=None
[2026-04-10T17:57:45.789+0000] {processor.py:208} INFO - Processing /opt/airflow/dags/dag.py took 0.145 seconds
[2026-04-10T17:58:16.263+0000] {processor.py:186} INFO - Started process (PID=3039) to work on /opt/airflow/dags/dag.py
[2026-04-10T17:58:16.264+0000] {processor.py:914} INFO - Processing file /opt/airflow/dags/dag.py for tasks to queue
[2026-04-10T17:58:16.267+0000] {logging_mixin.py:190} INFO - [2026-04-10T17:58:16.266+0000] {dagbag.py:588} INFO - Filling up the DagBag from /opt/airflow/dags/dag.py
[2026-04-10T17:58:16.282+0000] {processor.py:925} INFO - DAG(s) 'matrix_minio' retrieved from /opt/airflow/dags/dag.py
[2026-04-10T17:58:16.327+0000] {logging_mixin.py:190} INFO - [2026-04-10T17:58:16.327+0000] {dag.py:3239} INFO - Sync 1 DAGs
[2026-04-10T17:58:16.356+0000] {logging_mixin.py:190} INFO - [2026-04-10T17:58:16.356+0000] {dag.py:4180} INFO - Setting next_dagrun for matrix_minio to None, run_after=None
[2026-04-10T17:58:16.404+0000] {processor.py:208} INFO - Processing /opt/airflow/dags/dag.py took 0.152 seconds
[2026-04-10T17:58:46.812+0000] {processor.py:186} INFO - Started process (PID=3110) to work on /opt/airflow/dags/dag.py
[2026-04-10T17:58:46.814+0000] {processor.py:914} INFO - Processing file /opt/airflow/dags/dag.py for tasks to queue
[2026-04-10T17:58:46.818+0000] {logging_mixin.py:190} INFO - [2026-04-10T17:58:46.817+0000] {dagbag.py:588} INFO - Filling up the DagBag from /opt/airflow/dags/dag.py
[2026-04-10T17:58:46.834+0000] {processor.py:925} INFO - DAG(s) 'matrix_minio' retrieved from /opt/airflow/dags/dag.py
[2026-04-10T17:58:46.878+0000] {logging_mixin.py:190} INFO - [2026-04-10T17:58:46.878+0000] {dag.py:3239} INFO - Sync 1 DAGs
[2026-04-10T17:58:46.905+0000] {logging_mixin.py:190} INFO - [2026-04-10T17:58:46.904+0000] {dag.py:4180} INFO - Setting next_dagrun for matrix_minio to None, run_after=None
[2026-04-10T17:58:46.953+0000] {processor.py:208} INFO - Processing /opt/airflow/dags/dag.py took 0.152 seconds
[2026-04-10T17:59:17.399+0000] {processor.py:186} INFO - Started process (PID=3181) to work on /opt/airflow/dags/dag.py
[2026-04-10T17:59:17.401+0000] {processor.py:914} INFO - Processing file /opt/airflow/dags/dag.py for tasks to queue
[2026-04-10T17:59:17.405+0000] {logging_mixin.py:190} INFO - [2026-04-10T17:59:17.404+0000] {dagbag.py:588} INFO - Filling up the DagBag from /opt/airflow/dags/dag.py
[2026-04-10T17:59:17.420+0000] {processor.py:925} INFO - DAG(s) 'matrix_minio' retrieved from /opt/airflow/dags/dag.py
[2026-04-10T17:59:17.469+0000] {logging_mixin.py:190} INFO - [2026-04-10T17:59:17.468+0000] {dag.py:3239} INFO - Sync 1 DAGs
[2026-04-10T17:59:17.496+0000] {logging_mixin.py:190} INFO - [2026-04-10T17:59:17.495+0000] {dag.py:4180} INFO - Setting next_dagrun for matrix_minio to None, run_after=None
[2026-04-10T17:59:17.538+0000] {processor.py:208} INFO - Processing /opt/airflow/dags/dag.py took 0.148 seconds
[2026-04-10T17:59:48.044+0000] {processor.py:186} INFO - Started process (PID=3258) to work on /opt/airflow/dags/dag.py
[2026-04-10T17:59:48.045+0000] {processor.py:914} INFO - Processing file /opt/airflow/dags/dag.py for tasks to queue
[2026-04-10T17:59:48.050+0000] {logging_mixin.py:190} INFO - [2026-04-10T17:59:48.049+0000] {dagbag.py:588} INFO - Filling up the DagBag from /opt/airflow/dags/dag.py
[2026-04-10T17:59:48.068+0000] {processor.py:925} INFO - DAG(s) 'matrix_minio' retrieved from /opt/airflow/dags/dag.py
[2026-04-10T17:59:48.110+0000] {logging_mixin.py:190} INFO - [2026-04-10T17:59:48.110+0000] {dag.py:3239} INFO - Sync 1 DAGs
[2026-04-10T17:59:48.141+0000] {logging_mixin.py:190} INFO - [2026-04-10T17:59:48.141+0000] {dag.py:4180} INFO - Setting next_dagrun for matrix_minio to None, run_after=None
[2026-04-10T17:59:48.179+0000] {processor.py:208} INFO - Processing /opt/airflow/dags/dag.py took 0.147 seconds
[2026-04-10T18:00:18.723+0000] {processor.py:186} INFO - Started process (PID=3329) to work on /opt/airflow/dags/dag.py
[2026-04-10T18:00:18.724+0000] {processor.py:914} INFO - Processing file /opt/airflow/dags/dag.py for tasks to queue
[2026-04-10T18:00:18.728+0000] {logging_mixin.py:190} INFO - [2026-04-10T18:00:18.727+0000] {dagbag.py:588} INFO - Filling up the DagBag from /opt/airflow/dags/dag.py
[2026-04-10T18:00:18.743+0000] {processor.py:925} INFO - DAG(s) 'matrix_minio' retrieved from /opt/airflow/dags/dag.py
[2026-04-10T18:00:18.789+0000] {logging_mixin.py:190} INFO - [2026-04-10T18:00:18.788+0000] {dag.py:3239} INFO - Sync 1 DAGs
[2026-04-10T18:00:18.821+0000] {logging_mixin.py:190} INFO - [2026-04-10T18:00:18.821+0000] {dag.py:4180} INFO - Setting next_dagrun for matrix_minio to None, run_after=None
[2026-04-10T18:00:18.859+0000] {processor.py:208} INFO - Processing /opt/airflow/dags/dag.py took 0.148 seconds
[2026-04-10T18:00:49.458+0000] {processor.py:186} INFO - Started process (PID=3400) to work on /opt/airflow/dags/dag.py
[2026-04-10T18:00:49.459+0000] {processor.py:914} INFO - Processing file /opt/airflow/dags/dag.py for tasks to queue
[2026-04-10T18:00:49.463+0000] {logging_mixin.py:190} INFO - [2026-04-10T18:00:49.462+0000] {dagbag.py:588} INFO - Filling up the DagBag from /opt/airflow/dags/dag.py
[2026-04-10T18:00:49.479+0000] {processor.py:925} INFO - DAG(s) 'matrix_minio' retrieved from /opt/airflow/dags/dag.py
[2026-04-10T18:00:49.526+0000] {logging_mixin.py:190} INFO - [2026-04-10T18:00:49.525+0000] {dag.py:3239} INFO - Sync 1 DAGs
[2026-04-10T18:00:49.560+0000] {logging_mixin.py:190} INFO - [2026-04-10T18:00:49.560+0000] {dag.py:4180} INFO - Setting next_dagrun for matrix_minio to None, run_after=None
[2026-04-10T18:00:49.594+0000] {processor.py:208} INFO - Processing /opt/airflow/dags/dag.py took 0.149 seconds
[2026-04-10T18:01:20.148+0000] {processor.py:186} INFO - Started process (PID=3471) to work on /opt/airflow/dags/dag.py
[2026-04-10T18:01:20.149+0000] {processor.py:914} INFO - Processing file /opt/airflow/dags/dag.py for tasks to queue
[2026-04-10T18:01:20.152+0000] {logging_mixin.py:190} INFO - [2026-04-10T18:01:20.151+0000] {dagbag.py:588} INFO - Filling up the DagBag from /opt/airflow/dags/dag.py
[2026-04-10T18:01:20.166+0000] {processor.py:925} INFO - DAG(s) 'matrix_minio' retrieved from /opt/airflow/dags/dag.py
[2026-04-10T18:01:20.215+0000] {logging_mixin.py:190} INFO - [2026-04-10T18:01:20.215+0000] {dag.py:3239} INFO - Sync 1 DAGs
[2026-04-10T18:01:20.247+0000] {logging_mixin.py:190} INFO - [2026-04-10T18:01:20.247+0000] {dag.py:4180} INFO - Setting next_dagrun for matrix_minio to None, run_after=None
[2026-04-10T18:01:20.284+0000] {processor.py:208} INFO - Processing /opt/airflow/dags/dag.py took 0.146 seconds
[2026-04-10T18:01:50.804+0000] {processor.py:186} INFO - Started process (PID=3542) to work on /opt/airflow/dags/dag.py
[2026-04-10T18:01:50.805+0000] {processor.py:914} INFO - Processing file /opt/airflow/dags/dag.py for tasks to queue
[2026-04-10T18:01:50.809+0000] {logging_mixin.py:190} INFO - [2026-04-10T18:01:50.808+0000] {dagbag.py:588} INFO - Filling up the DagBag from /opt/airflow/dags/dag.py
[2026-04-10T18:01:50.823+0000] {processor.py:925} INFO - DAG(s) 'matrix_minio' retrieved from /opt/airflow/dags/dag.py
[2026-04-10T18:01:50.868+0000] {logging_mixin.py:190} INFO - [2026-04-10T18:01:50.867+0000] {dag.py:3239} INFO - Sync 1 DAGs
[2026-04-10T18:01:50.896+0000] {logging_mixin.py:190} INFO - [2026-04-10T18:01:50.895+0000] {dag.py:4180} INFO - Setting next_dagrun for matrix_minio to None, run_after=None
[2026-04-10T18:01:50.940+0000] {processor.py:208} INFO - Processing /opt/airflow/dags/dag.py took 0.148 seconds
[2026-04-10T18:02:21.481+0000] {processor.py:186} INFO - Started process (PID=3613) to work on /opt/airflow/dags/dag.py
[2026-04-10T18:02:21.482+0000] {processor.py:914} INFO - Processing file /opt/airflow/dags/dag.py for tasks to queue
[2026-04-10T18:02:21.485+0000] {logging_mixin.py:190} INFO - [2026-04-10T18:02:21.485+0000] {dagbag.py:588} INFO - Filling up the DagBag from /opt/airflow/dags/dag.py
[2026-04-10T18:02:21.500+0000] {processor.py:925} INFO - DAG(s) 'matrix_minio' retrieved from /opt/airflow/dags/dag.py
[2026-04-10T18:02:21.542+0000] {logging_mixin.py:190} INFO - [2026-04-10T18:02:21.542+0000] {dag.py:3239} INFO - Sync 1 DAGs
[2026-04-10T18:02:21.572+0000] {logging_mixin.py:190} INFO - [2026-04-10T18:02:21.571+0000] {dag.py:4180} INFO - Setting next_dagrun for matrix_minio to None, run_after=None
[2026-04-10T18:02:21.615+0000] {processor.py:208} INFO - Processing /opt/airflow/dags/dag.py took 0.144 seconds
[2026-04-10T18:02:52.179+0000] {processor.py:186} INFO - Started process (PID=3684) to work on /opt/airflow/dags/dag.py
[2026-04-10T18:02:52.180+0000] {processor.py:914} INFO - Processing file /opt/airflow/dags/dag.py for tasks to queue
[2026-04-10T18:02:52.184+0000] {logging_mixin.py:190} INFO - [2026-04-10T18:02:52.184+0000] {dagbag.py:588} INFO - Filling up the DagBag from /opt/airflow/dags/dag.py
[2026-04-10T18:02:52.198+0000] {processor.py:925} INFO - DAG(s) 'matrix_minio' retrieved from /opt/airflow/dags/dag.py
[2026-04-10T18:02:52.240+0000] {logging_mixin.py:190} INFO - [2026-04-10T18:02:52.239+0000] {dag.py:3239} INFO - Sync 1 DAGs
[2026-04-10T18:02:52.270+0000] {logging_mixin.py:190} INFO - [2026-04-10T18:02:52.270+0000] {dag.py:4180} INFO - Setting next_dagrun for matrix_minio to None, run_after=None
[2026-04-10T18:02:52.304+0000] {processor.py:208} INFO - Processing /opt/airflow/dags/dag.py took 0.136 seconds
[2026-04-10T18:03:22.814+0000] {processor.py:186} INFO - Started process (PID=3755) to work on /opt/airflow/dags/dag.py
[2026-04-10T18:03:22.815+0000] {processor.py:914} INFO - Processing file /opt/airflow/dags/dag.py for tasks to queue
[2026-04-10T18:03:22.819+0000] {logging_mixin.py:190} INFO - [2026-04-10T18:03:22.818+0000] {dagbag.py:588} INFO - Filling up the DagBag from /opt/airflow/dags/dag.py
[2026-04-10T18:03:22.835+0000] {processor.py:925} INFO - DAG(s) 'matrix_minio' retrieved from /opt/airflow/dags/dag.py
[2026-04-10T18:03:22.884+0000] {logging_mixin.py:190} INFO - [2026-04-10T18:03:22.884+0000] {dag.py:3239} INFO - Sync 1 DAGs
[2026-04-10T18:03:22.913+0000] {logging_mixin.py:190} INFO - [2026-04-10T18:03:22.913+0000] {dag.py:4180} INFO - Setting next_dagrun for matrix_minio to None, run_after=None
[2026-04-10T18:03:22.949+0000] {processor.py:208} INFO - Processing /opt/airflow/dags/dag.py took 0.145 seconds
[2026-04-10T18:03:53.508+0000] {processor.py:186} INFO - Started process (PID=3826) to work on /opt/airflow/dags/dag.py
[2026-04-10T18:03:53.510+0000] {processor.py:914} INFO - Processing file /opt/airflow/dags/dag.py for tasks to queue
[2026-04-10T18:03:53.516+0000] {logging_mixin.py:190} INFO - [2026-04-10T18:03:53.513+0000] {dagbag.py:588} INFO - Filling up the DagBag from /opt/airflow/dags/dag.py
[2026-04-10T18:03:53.531+0000] {processor.py:925} INFO - DAG(s) 'matrix_minio' retrieved from /opt/airflow/dags/dag.py
[2026-04-10T18:03:53.575+0000] {logging_mixin.py:190} INFO - [2026-04-10T18:03:53.575+0000] {dag.py:3239} INFO - Sync 1 DAGs
[2026-04-10T18:03:53.603+0000] {logging_mixin.py:190} INFO - [2026-04-10T18:03:53.603+0000] {dag.py:4180} INFO - Setting next_dagrun for matrix_minio to None, run_after=None
[2026-04-10T18:03:53.638+0000] {processor.py:208} INFO - Processing /opt/airflow/dags/dag.py took 0.139 seconds
[2026-04-10T18:04:24.163+0000] {processor.py:186} INFO - Started process (PID=3897) to work on /opt/airflow/dags/dag.py
[2026-04-10T18:04:24.165+0000] {processor.py:914} INFO - Processing file /opt/airflow/dags/dag.py for tasks to queue
[2026-04-10T18:04:24.169+0000] {logging_mixin.py:190} INFO - [2026-04-10T18:04:24.168+0000] {dagbag.py:588} INFO - Filling up the DagBag from /opt/airflow/dags/dag.py
[2026-04-10T18:04:24.185+0000] {processor.py:925} INFO - DAG(s) 'matrix_minio' retrieved from /opt/airflow/dags/dag.py
[2026-04-10T18:04:24.234+0000] {logging_mixin.py:190} INFO - [2026-04-10T18:04:24.233+0000] {dag.py:3239} INFO - Sync 1 DAGs
[2026-04-10T18:04:24.265+0000] {logging_mixin.py:190} INFO - [2026-04-10T18:04:24.264+0000] {dag.py:4180} INFO - Setting next_dagrun for matrix_minio to None, run_after=None
[2026-04-10T18:04:24.310+0000] {processor.py:208} INFO - Processing /opt/airflow/dags/dag.py took 0.157 seconds
[2026-04-10T18:04:54.889+0000] {processor.py:186} INFO - Started process (PID=3968) to work on /opt/airflow/dags/dag.py
[2026-04-10T18:04:54.892+0000] {processor.py:914} INFO - Processing file /opt/airflow/dags/dag.py for tasks to queue
[2026-04-10T18:04:54.897+0000] {logging_mixin.py:190} INFO - [2026-04-10T18:04:54.896+0000] {dagbag.py:588} INFO - Filling up the DagBag from /opt/airflow/dags/dag.py
[2026-04-10T18:04:54.918+0000] {processor.py:925} INFO - DAG(s) 'matrix_minio' retrieved from /opt/airflow/dags/dag.py
[2026-04-10T18:04:54.973+0000] {logging_mixin.py:190} INFO - [2026-04-10T18:04:54.972+0000] {dag.py:3239} INFO - Sync 1 DAGs
[2026-04-10T18:04:55.011+0000] {logging_mixin.py:190} INFO - [2026-04-10T18:04:55.011+0000] {dag.py:4180} INFO - Setting next_dagrun for matrix_minio to None, run_after=None
[2026-04-10T18:04:55.071+0000] {processor.py:208} INFO - Processing /opt/airflow/dags/dag.py took 0.196 seconds
[2026-04-10T18:05:25.846+0000] {processor.py:186} INFO - Started process (PID=4039) to work on /opt/airflow/dags/dag.py
[2026-04-10T18:05:25.848+0000] {processor.py:914} INFO - Processing file /opt/airflow/dags/dag.py for tasks to queue
[2026-04-10T18:05:25.852+0000] {logging_mixin.py:190} INFO - [2026-04-10T18:05:25.851+0000] {dagbag.py:588} INFO - Filling up the DagBag from /opt/airflow/dags/dag.py
[2026-04-10T18:05:25.869+0000] {processor.py:925} INFO - DAG(s) 'matrix_minio' retrieved from /opt/airflow/dags/dag.py
[2026-04-10T18:05:25.916+0000] {logging_mixin.py:190} INFO - [2026-04-10T18:05:25.916+0000] {dag.py:3239} INFO - Sync 1 DAGs
[2026-04-10T18:05:25.951+0000] {logging_mixin.py:190} INFO - [2026-04-10T18:05:25.950+0000] {dag.py:4180} INFO - Setting next_dagrun for matrix_minio to None, run_after=None
[2026-04-10T18:05:25.990+0000] {processor.py:208} INFO - Processing /opt/airflow/dags/dag.py took 0.159 seconds
[2026-04-10T18:05:56.646+0000] {processor.py:186} INFO - Started process (PID=4110) to work on /opt/airflow/dags/dag.py
[2026-04-10T18:05:56.647+0000] {processor.py:914} INFO - Processing file /opt/airflow/dags/dag.py for tasks to queue
[2026-04-10T18:05:56.650+0000] {logging_mixin.py:190} INFO - [2026-04-10T18:05:56.650+0000] {dagbag.py:588} INFO - Filling up the DagBag from /opt/airflow/dags/dag.py
[2026-04-10T18:05:56.665+0000] {processor.py:925} INFO - DAG(s) 'matrix_minio' retrieved from /opt/airflow/dags/dag.py
[2026-04-10T18:05:56.708+0000] {logging_mixin.py:190} INFO - [2026-04-10T18:05:56.708+0000] {dag.py:3239} INFO - Sync 1 DAGs
[2026-04-10T18:05:56.733+0000] {logging_mixin.py:190} INFO - [2026-04-10T18:05:56.732+0000] {dag.py:4180} INFO - Setting next_dagrun for matrix_minio to None, run_after=None
[2026-04-10T18:05:56.770+0000] {processor.py:208} INFO - Processing /opt/airflow/dags/dag.py took 0.135 seconds
[2026-04-10T18:06:27.325+0000] {processor.py:186} INFO - Started process (PID=4181) to work on /opt/airflow/dags/dag.py
[2026-04-10T18:06:27.327+0000] {processor.py:914} INFO - Processing file /opt/airflow/dags/dag.py for tasks to queue
[2026-04-10T18:06:27.331+0000] {logging_mixin.py:190} INFO - [2026-04-10T18:06:27.330+0000] {dagbag.py:588} INFO - Filling up the DagBag from /opt/airflow/dags/dag.py
[2026-04-10T18:06:27.348+0000] {processor.py:925} INFO - DAG(s) 'matrix_minio' retrieved from /opt/airflow/dags/dag.py
[2026-04-10T18:06:27.394+0000] {logging_mixin.py:190} INFO - [2026-04-10T18:06:27.394+0000] {dag.py:3239} INFO - Sync 1 DAGs
[2026-04-10T18:06:27.423+0000] {logging_mixin.py:190} INFO - [2026-04-10T18:06:27.423+0000] {dag.py:4180} INFO - Setting next_dagrun for matrix_minio to None, run_after=None
[2026-04-10T18:06:27.458+0000] {processor.py:208} INFO - Processing /opt/airflow/dags/dag.py took 0.144 seconds
[2026-04-10T18:06:57.988+0000] {processor.py:186} INFO - Started process (PID=4252) to work on /opt/airflow/dags/dag.py
[2026-04-10T18:06:57.990+0000] {processor.py:914} INFO - Processing file /opt/airflow/dags/dag.py for tasks to queue
[2026-04-10T18:06:57.994+0000] {logging_mixin.py:190} INFO - [2026-04-10T18:06:57.993+0000] {dagbag.py:588} INFO - Filling up the DagBag from /opt/airflow/dags/dag.py
[2026-04-10T18:06:58.008+0000] {processor.py:925} INFO - DAG(s) 'matrix_minio' retrieved from /opt/airflow/dags/dag.py
[2026-04-10T18:06:58.058+0000] {logging_mixin.py:190} INFO - [2026-04-10T18:06:58.058+0000] {dag.py:3239} INFO - Sync 1 DAGs
[2026-04-10T18:06:58.089+0000] {logging_mixin.py:190} INFO - [2026-04-10T18:06:58.089+0000] {dag.py:4180} INFO - Setting next_dagrun for matrix_minio to None, run_after=None
[2026-04-10T18:06:58.134+0000] {processor.py:208} INFO - Processing /opt/airflow/dags/dag.py took 0.157 seconds
[2026-04-10T18:07:28.864+0000] {processor.py:186} INFO - Started process (PID=4323) to work on /opt/airflow/dags/dag.py
[2026-04-10T18:07:28.866+0000] {processor.py:914} INFO - Processing file /opt/airflow/dags/dag.py for tasks to queue
[2026-04-10T18:07:28.869+0000] {logging_mixin.py:190} INFO - [2026-04-10T18:07:28.869+0000] {dagbag.py:588} INFO - Filling up the DagBag from /opt/airflow/dags/dag.py
[2026-04-10T18:07:28.886+0000] {processor.py:925} INFO - DAG(s) 'matrix_minio' retrieved from /opt/airflow/dags/dag.py
[2026-04-10T18:07:28.944+0000] {logging_mixin.py:190} INFO - [2026-04-10T18:07:28.943+0000] {dag.py:3239} INFO - Sync 1 DAGs
[2026-04-10T18:07:28.975+0000] {logging_mixin.py:190} INFO - [2026-04-10T18:07:28.975+0000] {dag.py:4180} INFO - Setting next_dagrun for matrix_minio to None, run_after=None
[2026-04-10T18:07:29.008+0000] {processor.py:208} INFO - Processing /opt/airflow/dags/dag.py took 0.155 seconds
[2026-04-10T18:07:59.396+0000] {processor.py:186} INFO - Started process (PID=4394) to work on /opt/airflow/dags/dag.py
[2026-04-10T18:07:59.397+0000] {processor.py:914} INFO - Processing file /opt/airflow/dags/dag.py for tasks to queue
[2026-04-10T18:07:59.401+0000] {logging_mixin.py:190} INFO - [2026-04-10T18:07:59.401+0000] {dagbag.py:588} INFO - Filling up the DagBag from /opt/airflow/dags/dag.py
[2026-04-10T18:07:59.415+0000] {processor.py:925} INFO - DAG(s) 'matrix_minio' retrieved from /opt/airflow/dags/dag.py
[2026-04-10T18:07:59.464+0000] {logging_mixin.py:190} INFO - [2026-04-10T18:07:59.463+0000] {dag.py:3239} INFO - Sync 1 DAGs
[2026-04-10T18:07:59.493+0000] {logging_mixin.py:190} INFO - [2026-04-10T18:07:59.493+0000] {dag.py:4180} INFO - Setting next_dagrun for matrix_minio to None, run_after=None
[2026-04-10T18:07:59.532+0000] {processor.py:208} INFO - Processing /opt/airflow/dags/dag.py took 0.150 seconds
[2026-04-10T18:08:29.924+0000] {processor.py:186} INFO - Started process (PID=4465) to work on /opt/airflow/dags/dag.py
[2026-04-10T18:08:29.926+0000] {processor.py:914} INFO - Processing file /opt/airflow/dags/dag.py for tasks to queue
[2026-04-10T18:08:29.929+0000] {logging_mixin.py:190} INFO - [2026-04-10T18:08:29.928+0000] {dagbag.py:588} INFO - Filling up the DagBag from /opt/airflow/dags/dag.py
[2026-04-10T18:08:29.943+0000] {processor.py:925} INFO - DAG(s) 'matrix_minio' retrieved from /opt/airflow/dags/dag.py
[2026-04-10T18:08:29.990+0000] {logging_mixin.py:190} INFO - [2026-04-10T18:08:29.989+0000] {dag.py:3239} INFO - Sync 1 DAGs
[2026-04-10T18:08:30.020+0000] {logging_mixin.py:190} INFO - [2026-04-10T18:08:30.019+0000] {dag.py:4180} INFO - Setting next_dagrun for matrix_minio to None, run_after=None
[2026-04-10T18:08:30.064+0000] {processor.py:208} INFO - Processing /opt/airflow/dags/dag.py took 0.150 seconds
[2026-04-10T18:09:00.551+0000] {processor.py:186} INFO - Started process (PID=4536) to work on /opt/airflow/dags/dag.py
[2026-04-10T18:09:00.553+0000] {processor.py:914} INFO - Processing file /opt/airflow/dags/dag.py for tasks to queue
[2026-04-10T18:09:00.559+0000] {logging_mixin.py:190} INFO - [2026-04-10T18:09:00.558+0000] {dagbag.py:588} INFO - Filling up the DagBag from /opt/airflow/dags/dag.py
[2026-04-10T18:09:00.580+0000] {processor.py:925} INFO - DAG(s) 'matrix_minio' retrieved from /opt/airflow/dags/dag.py
[2026-04-10T18:09:00.638+0000] {logging_mixin.py:190} INFO - [2026-04-10T18:09:00.638+0000] {dag.py:3239} INFO - Sync 1 DAGs
[2026-04-10T18:09:00.677+0000] {logging_mixin.py:190} INFO - [2026-04-10T18:09:00.677+0000] {dag.py:4180} INFO - Setting next_dagrun for matrix_minio to None, run_after=None
[2026-04-10T18:09:00.727+0000] {processor.py:208} INFO - Processing /opt/airflow/dags/dag.py took 0.190 seconds
[2026-04-10T18:09:31.372+0000] {processor.py:186} INFO - Started process (PID=4607) to work on /opt/airflow/dags/dag.py
[2026-04-10T18:09:31.374+0000] {processor.py:914} INFO - Processing file /opt/airflow/dags/dag.py for tasks to queue
[2026-04-10T18:09:31.377+0000] {logging_mixin.py:190} INFO - [2026-04-10T18:09:31.377+0000] {dagbag.py:588} INFO - Filling up the DagBag from /opt/airflow/dags/dag.py
[2026-04-10T18:09:31.391+0000] {processor.py:925} INFO - DAG(s) 'matrix_minio' retrieved from /opt/airflow/dags/dag.py
[2026-04-10T18:09:31.431+0000] {logging_mixin.py:190} INFO - [2026-04-10T18:09:31.431+0000] {dag.py:3239} INFO - Sync 1 DAGs
[2026-04-10T18:09:31.458+0000] {logging_mixin.py:190} INFO - [2026-04-10T18:09:31.458+0000] {dag.py:4180} INFO - Setting next_dagrun for matrix_minio to None, run_after=None
[2026-04-10T18:09:31.493+0000] {processor.py:208} INFO - Processing /opt/airflow/dags/dag.py took 0.133 seconds
[2026-04-10T18:10:02.000+0000] {processor.py:186} INFO - Started process (PID=4678) to work on /opt/airflow/dags/dag.py
[2026-04-10T18:10:02.001+0000] {processor.py:914} INFO - Processing file /opt/airflow/dags/dag.py for tasks to queue
[2026-04-10T18:10:02.005+0000] {logging_mixin.py:190} INFO - [2026-04-10T18:10:02.004+0000] {dagbag.py:588} INFO - Filling up the DagBag from /opt/airflow/dags/dag.py
[2026-04-10T18:10:02.020+0000] {processor.py:925} INFO - DAG(s) 'matrix_minio' retrieved from /opt/airflow/dags/dag.py
[2026-04-10T18:10:02.073+0000] {logging_mixin.py:190} INFO - [2026-04-10T18:10:02.073+0000] {dag.py:3239} INFO - Sync 1 DAGs
[2026-04-10T18:10:02.107+0000] {logging_mixin.py:190} INFO - [2026-04-10T18:10:02.107+0000] {dag.py:4180} INFO - Setting next_dagrun for matrix_minio to None, run_after=None
[2026-04-10T18:10:02.147+0000] {processor.py:208} INFO - Processing /opt/airflow/dags/dag.py took 0.157 seconds
[2026-04-10T18:10:32.676+0000] {processor.py:186} INFO - Started process (PID=4749) to work on /opt/airflow/dags/dag.py
[2026-04-10T18:10:32.678+0000] {processor.py:914} INFO - Processing file /opt/airflow/dags/dag.py for tasks to queue
[2026-04-10T18:10:32.682+0000] {logging_mixin.py:190} INFO - [2026-04-10T18:10:32.681+0000] {dagbag.py:588} INFO - Filling up the DagBag from /opt/airflow/dags/dag.py
[2026-04-10T18:10:32.697+0000] {processor.py:925} INFO - DAG(s) 'matrix_minio' retrieved from /opt/airflow/dags/dag.py
[2026-04-10T18:10:32.744+0000] {logging_mixin.py:190} INFO - [2026-04-10T18:10:32.744+0000] {dag.py:3239} INFO - Sync 1 DAGs
[2026-04-10T18:10:32.775+0000] {logging_mixin.py:190} INFO - [2026-04-10T18:10:32.774+0000] {dag.py:4180} INFO - Setting next_dagrun for matrix_minio to None, run_after=None
[2026-04-10T18:10:32.811+0000] {processor.py:208} INFO - Processing /opt/airflow/dags/dag.py took 0.147 seconds
[2026-04-10T18:11:03.395+0000] {processor.py:186} INFO - Started process (PID=4820) to work on /opt/airflow/dags/dag.py
[2026-04-10T18:11:03.397+0000] {processor.py:914} INFO - Processing file /opt/airflow/dags/dag.py for tasks to queue
[2026-04-10T18:11:03.400+0000] {logging_mixin.py:190} INFO - [2026-04-10T18:11:03.399+0000] {dagbag.py:588} INFO - Filling up the DagBag from /opt/airflow/dags/dag.py
[2026-04-10T18:11:03.414+0000] {processor.py:925} INFO - DAG(s) 'matrix_minio' retrieved from /opt/airflow/dags/dag.py
[2026-04-10T18:11:03.455+0000] {logging_mixin.py:190} INFO - [2026-04-10T18:11:03.454+0000] {dag.py:3239} INFO - Sync 1 DAGs
[2026-04-10T18:11:03.481+0000] {logging_mixin.py:190} INFO - [2026-04-10T18:11:03.481+0000] {dag.py:4180} INFO - Setting next_dagrun for matrix_minio to None, run_after=None
[2026-04-10T18:11:03.515+0000] {processor.py:208} INFO - Processing /opt/airflow/dags/dag.py took 0.129 seconds
[2026-04-10T18:11:34.060+0000] {processor.py:186} INFO - Started process (PID=4891) to work on /opt/airflow/dags/dag.py
[2026-04-10T18:11:34.062+0000] {processor.py:914} INFO - Processing file /opt/airflow/dags/dag.py for tasks to queue
[2026-04-10T18:11:34.066+0000] {logging_mixin.py:190} INFO - [2026-04-10T18:11:34.066+0000] {dagbag.py:588} INFO - Filling up the DagBag from /opt/airflow/dags/dag.py
[2026-04-10T18:11:34.087+0000] {processor.py:925} INFO - DAG(s) 'matrix_minio' retrieved from /opt/airflow/dags/dag.py
[2026-04-10T18:11:34.137+0000] {logging_mixin.py:190} INFO - [2026-04-10T18:11:34.137+0000] {dag.py:3239} INFO - Sync 1 DAGs
[2026-04-10T18:11:34.168+0000] {logging_mixin.py:190} INFO - [2026-04-10T18:11:34.168+0000] {dag.py:4180} INFO - Setting next_dagrun for matrix_minio to None, run_after=None
[2026-04-10T18:11:34.217+0000] {processor.py:208} INFO - Processing /opt/airflow/dags/dag.py took 0.167 seconds
[2026-04-10T18:12:04.917+0000] {processor.py:186} INFO - Started process (PID=4962) to work on /opt/airflow/dags/dag.py
[2026-04-10T18:12:04.919+0000] {processor.py:914} INFO - Processing file /opt/airflow/dags/dag.py for tasks to queue
[2026-04-10T18:12:04.924+0000] {logging_mixin.py:190} INFO - [2026-04-10T18:12:04.923+0000] {dagbag.py:588} INFO - Filling up the DagBag from /opt/airflow/dags/dag.py
[2026-04-10T18:12:04.942+0000] {processor.py:925} INFO - DAG(s) 'matrix_minio' retrieved from /opt/airflow/dags/dag.py
[2026-04-10T18:12:04.989+0000] {logging_mixin.py:190} INFO - [2026-04-10T18:12:04.988+0000] {dag.py:3239} INFO - Sync 1 DAGs
[2026-04-10T18:12:05.018+0000] {logging_mixin.py:190} INFO - [2026-04-10T18:12:05.017+0000] {dag.py:4180} INFO - Setting next_dagrun for matrix_minio to None, run_after=None
[2026-04-10T18:12:05.062+0000] {processor.py:208} INFO - Processing /opt/airflow/dags/dag.py took 0.159 seconds
[2026-04-10T18:12:35.661+0000] {processor.py:186} INFO - Started process (PID=5033) to work on /opt/airflow/dags/dag.py
[2026-04-10T18:12:35.662+0000] {processor.py:914} INFO - Processing file /opt/airflow/dags/dag.py for tasks to queue
[2026-04-10T18:12:35.666+0000] {logging_mixin.py:190} INFO - [2026-04-10T18:12:35.665+0000] {dagbag.py:588} INFO - Filling up the DagBag from /opt/airflow/dags/dag.py
[2026-04-10T18:12:35.683+0000] {processor.py:925} INFO - DAG(s) 'matrix_minio' retrieved from /opt/airflow/dags/dag.py
[2026-04-10T18:12:35.737+0000] {logging_mixin.py:190} INFO - [2026-04-10T18:12:35.736+0000] {dag.py:3239} INFO - Sync 1 DAGs
[2026-04-10T18:12:35.771+0000] {logging_mixin.py:190} INFO - [2026-04-10T18:12:35.770+0000] {dag.py:4180} INFO - Setting next_dagrun for matrix_minio to None, run_after=None
[2026-04-10T18:12:35.817+0000] {processor.py:208} INFO - Processing /opt/airflow/dags/dag.py took 0.166 seconds
[2026-04-10T18:13:06.344+0000] {processor.py:186} INFO - Started process (PID=5104) to work on /opt/airflow/dags/dag.py
[2026-04-10T18:13:06.346+0000] {processor.py:914} INFO - Processing file /opt/airflow/dags/dag.py for tasks to queue
[2026-04-10T18:13:06.349+0000] {logging_mixin.py:190} INFO - [2026-04-10T18:13:06.348+0000] {dagbag.py:588} INFO - Filling up the DagBag from /opt/airflow/dags/dag.py
[2026-04-10T18:13:06.362+0000] {processor.py:925} INFO - DAG(s) 'matrix_minio' retrieved from /opt/airflow/dags/dag.py
[2026-04-10T18:13:06.405+0000] {logging_mixin.py:190} INFO - [2026-04-10T18:13:06.405+0000] {dag.py:3239} INFO - Sync 1 DAGs
[2026-04-10T18:13:06.430+0000] {logging_mixin.py:190} INFO - [2026-04-10T18:13:06.430+0000] {dag.py:4180} INFO - Setting next_dagrun for matrix_minio to None, run_after=None
[2026-04-10T18:13:06.461+0000] {processor.py:208} INFO - Processing /opt/airflow/dags/dag.py took 0.128 seconds
[2026-04-10T18:13:37.022+0000] {processor.py:186} INFO - Started process (PID=5175) to work on /opt/airflow/dags/dag.py
[2026-04-10T18:13:37.024+0000] {processor.py:914} INFO - Processing file /opt/airflow/dags/dag.py for tasks to queue
[2026-04-10T18:13:37.027+0000] {logging_mixin.py:190} INFO - [2026-04-10T18:13:37.026+0000] {dagbag.py:588} INFO - Filling up the DagBag from /opt/airflow/dags/dag.py
[2026-04-10T18:13:37.045+0000] {processor.py:925} INFO - DAG(s) 'matrix_minio' retrieved from /opt/airflow/dags/dag.py
[2026-04-10T18:13:37.091+0000] {logging_mixin.py:190} INFO - [2026-04-10T18:13:37.091+0000] {dag.py:3239} INFO - Sync 1 DAGs
[2026-04-10T18:13:37.120+0000] {logging_mixin.py:190} INFO - [2026-04-10T18:13:37.120+0000] {dag.py:4180} INFO - Setting next_dagrun for matrix_minio to None, run_after=None
[2026-04-10T18:13:37.167+0000] {processor.py:208} INFO - Processing /opt/airflow/dags/dag.py took 0.159 seconds
[2026-04-10T18:14:07.659+0000] {processor.py:186} INFO - Started process (PID=5246) to work on /opt/airflow/dags/dag.py
[2026-04-10T18:14:07.661+0000] {processor.py:914} INFO - Processing file /opt/airflow/dags/dag.py for tasks to queue
[2026-04-10T18:14:07.665+0000] {logging_mixin.py:190} INFO - [2026-04-10T18:14:07.664+0000] {dagbag.py:588} INFO - Filling up the DagBag from /opt/airflow/dags/dag.py
[2026-04-10T18:14:07.684+0000] {processor.py:925} INFO - DAG(s) 'matrix_minio' retrieved from /opt/airflow/dags/dag.py
[2026-04-10T18:14:07.737+0000] {logging_mixin.py:190} INFO - [2026-04-10T18:14:07.737+0000] {dag.py:3239} INFO - Sync 1 DAGs
[2026-04-10T18:14:07.780+0000] {logging_mixin.py:190} INFO - [2026-04-10T18:14:07.780+0000] {dag.py:4180} INFO - Setting next_dagrun for matrix_minio to None, run_after=None
[2026-04-10T18:14:07.834+0000] {processor.py:208} INFO - Processing /opt/airflow/dags/dag.py took 0.187 seconds
[2026-04-10T18:14:38.476+0000] {processor.py:186} INFO - Started process (PID=5317) to work on /opt/airflow/dags/dag.py
[2026-04-10T18:14:38.477+0000] {processor.py:914} INFO - Processing file /opt/airflow/dags/dag.py for tasks to queue
[2026-04-10T18:14:38.480+0000] {logging_mixin.py:190} INFO - [2026-04-10T18:14:38.480+0000] {dagbag.py:588} INFO - Filling up the DagBag from /opt/airflow/dags/dag.py
[2026-04-10T18:14:38.494+0000] {processor.py:925} INFO - DAG(s) 'matrix_minio' retrieved from /opt/airflow/dags/dag.py
[2026-04-10T18:14:38.540+0000] {logging_mixin.py:190} INFO - [2026-04-10T18:14:38.540+0000] {dag.py:3239} INFO - Sync 1 DAGs
[2026-04-10T18:14:38.569+0000] {logging_mixin.py:190} INFO - [2026-04-10T18:14:38.569+0000] {dag.py:4180} INFO - Setting next_dagrun for matrix_minio to None, run_after=None
[2026-04-10T18:14:38.614+0000] {processor.py:208} INFO - Processing /opt/airflow/dags/dag.py took 0.147 seconds
[2026-04-10T18:15:09.147+0000] {processor.py:186} INFO - Started process (PID=5388) to work on /opt/airflow/dags/dag.py
[2026-04-10T18:15:09.148+0000] {processor.py:914} INFO - Processing file /opt/airflow/dags/dag.py for tasks to queue
[2026-04-10T18:15:09.152+0000] {logging_mixin.py:190} INFO - [2026-04-10T18:15:09.151+0000] {dagbag.py:588} INFO - Filling up the DagBag from /opt/airflow/dags/dag.py
[2026-04-10T18:15:09.166+0000] {processor.py:925} INFO - DAG(s) 'matrix_minio' retrieved from /opt/airflow/dags/dag.py
[2026-04-10T18:15:09.206+0000] {logging_mixin.py:190} INFO - [2026-04-10T18:15:09.206+0000] {dag.py:3239} INFO - Sync 1 DAGs
[2026-04-10T18:15:09.231+0000] {logging_mixin.py:190} INFO - [2026-04-10T18:15:09.231+0000] {dag.py:4180} INFO - Setting next_dagrun for matrix_minio to None, run_after=None
[2026-04-10T18:15:09.261+0000] {processor.py:208} INFO - Processing /opt/airflow/dags/dag.py took 0.124 seconds
[2026-04-10T18:15:39.870+0000] {processor.py:186} INFO - Started process (PID=5460) to work on /opt/airflow/dags/dag.py
[2026-04-10T18:15:39.871+0000] {processor.py:914} INFO - Processing file /opt/airflow/dags/dag.py for tasks to queue
[2026-04-10T18:15:39.875+0000] {logging_mixin.py:190} INFO - [2026-04-10T18:15:39.875+0000] {dagbag.py:588} INFO - Filling up the DagBag from /opt/airflow/dags/dag.py
[2026-04-10T18:15:39.892+0000] {processor.py:925} INFO - DAG(s) 'matrix_minio' retrieved from /opt/airflow/dags/dag.py
[2026-04-10T18:15:39.943+0000] {logging_mixin.py:190} INFO - [2026-04-10T18:15:39.943+0000] {dag.py:3239} INFO - Sync 1 DAGs
[2026-04-10T18:15:39.967+0000] {logging_mixin.py:190} INFO - [2026-04-10T18:15:39.967+0000] {dag.py:4180} INFO - Setting next_dagrun for matrix_minio to None, run_after=None
[2026-04-10T18:15:40.008+0000] {processor.py:208} INFO - Processing /opt/airflow/dags/dag.py took 0.150 seconds
[2026-04-10T18:16:10.582+0000] {processor.py:186} INFO - Started process (PID=5531) to work on /opt/airflow/dags/dag.py
[2026-04-10T18:16:10.584+0000] {processor.py:914} INFO - Processing file /opt/airflow/dags/dag.py for tasks to queue
[2026-04-10T18:16:10.588+0000] {logging_mixin.py:190} INFO - [2026-04-10T18:16:10.587+0000] {dagbag.py:588} INFO - Filling up the DagBag from /opt/airflow/dags/dag.py
[2026-04-10T18:16:10.602+0000] {processor.py:925} INFO - DAG(s) 'matrix_minio' retrieved from /opt/airflow/dags/dag.py
[2026-04-10T18:16:10.644+0000] {logging_mixin.py:190} INFO - [2026-04-10T18:16:10.644+0000] {dag.py:3239} INFO - Sync 1 DAGs
[2026-04-10T18:16:10.673+0000] {logging_mixin.py:190} INFO - [2026-04-10T18:16:10.673+0000] {dag.py:4180} INFO - Setting next_dagrun for matrix_minio to None, run_after=None
[2026-04-10T18:16:10.718+0000] {processor.py:208} INFO - Processing /opt/airflow/dags/dag.py took 0.147 seconds
[2026-04-10T18:16:41.239+0000] {processor.py:186} INFO - Started process (PID=5602) to work on /opt/airflow/dags/dag.py
[2026-04-10T18:16:41.241+0000] {processor.py:914} INFO - Processing file /opt/airflow/dags/dag.py for tasks to queue
[2026-04-10T18:16:41.246+0000] {logging_mixin.py:190} INFO - [2026-04-10T18:16:41.245+0000] {dagbag.py:588} INFO - Filling up the DagBag from /opt/airflow/dags/dag.py
[2026-04-10T18:16:41.266+0000] {processor.py:925} INFO - DAG(s) 'matrix_minio' retrieved from /opt/airflow/dags/dag.py
[2026-04-10T18:16:41.320+0000] {logging_mixin.py:190} INFO - [2026-04-10T18:16:41.319+0000] {dag.py:3239} INFO - Sync 1 DAGs
[2026-04-10T18:16:41.349+0000] {logging_mixin.py:190} INFO - [2026-04-10T18:16:41.349+0000] {dag.py:4180} INFO - Setting next_dagrun for matrix_minio to None, run_after=None
[2026-04-10T18:16:41.389+0000] {processor.py:208} INFO - Processing /opt/airflow/dags/dag.py took 0.165 seconds
[2026-04-10T18:17:11.935+0000] {processor.py:186} INFO - Started process (PID=5673) to work on /opt/airflow/dags/dag.py
[2026-04-10T18:17:11.937+0000] {processor.py:914} INFO - Processing file /opt/airflow/dags/dag.py for tasks to queue
[2026-04-10T18:17:11.940+0000] {logging_mixin.py:190} INFO - [2026-04-10T18:17:11.939+0000] {dagbag.py:588} INFO - Filling up the DagBag from /opt/airflow/dags/dag.py
[2026-04-10T18:17:11.954+0000] {processor.py:925} INFO - DAG(s) 'matrix_minio' retrieved from /opt/airflow/dags/dag.py
[2026-04-10T18:17:11.996+0000] {logging_mixin.py:190} INFO - [2026-04-10T18:17:11.996+0000] {dag.py:3239} INFO - Sync 1 DAGs
[2026-04-10T18:17:12.021+0000] {logging_mixin.py:190} INFO - [2026-04-10T18:17:12.021+0000] {dag.py:4180} INFO - Setting next_dagrun for matrix_minio to None, run_after=None
[2026-04-10T18:17:12.051+0000] {processor.py:208} INFO - Processing /opt/airflow/dags/dag.py took 0.124 seconds
[2026-04-10T18:17:42.434+0000] {processor.py:186} INFO - Started process (PID=5744) to work on /opt/airflow/dags/dag.py
[2026-04-10T18:17:42.436+0000] {processor.py:914} INFO - Processing file /opt/airflow/dags/dag.py for tasks to queue
[2026-04-10T18:17:42.439+0000] {logging_mixin.py:190} INFO - [2026-04-10T18:17:42.439+0000] {dagbag.py:588} INFO - Filling up the DagBag from /opt/airflow/dags/dag.py
[2026-04-10T18:17:42.453+0000] {processor.py:925} INFO - DAG(s) 'matrix_minio' retrieved from /opt/airflow/dags/dag.py
[2026-04-10T18:17:42.501+0000] {logging_mixin.py:190} INFO - [2026-04-10T18:17:42.500+0000] {dag.py:3239} INFO - Sync 1 DAGs
[2026-04-10T18:17:42.527+0000] {logging_mixin.py:190} INFO - [2026-04-10T18:17:42.526+0000] {dag.py:4180} INFO - Setting next_dagrun for matrix_minio to None, run_after=None
[2026-04-10T18:17:42.570+0000] {processor.py:208} INFO - Processing /opt/airflow/dags/dag.py took 0.146 seconds
[2026-04-10T18:18:13.115+0000] {processor.py:186} INFO - Started process (PID=5815) to work on /opt/airflow/dags/dag.py
[2026-04-10T18:18:13.117+0000] {processor.py:914} INFO - Processing file /opt/airflow/dags/dag.py for tasks to queue
[2026-04-10T18:18:13.121+0000] {logging_mixin.py:190} INFO - [2026-04-10T18:18:13.120+0000] {dagbag.py:588} INFO - Filling up the DagBag from /opt/airflow/dags/dag.py
[2026-04-10T18:18:13.136+0000] {processor.py:925} INFO - DAG(s) 'matrix_minio' retrieved from /opt/airflow/dags/dag.py
[2026-04-10T18:18:13.186+0000] {logging_mixin.py:190} INFO - [2026-04-10T18:18:13.185+0000] {dag.py:3239} INFO - Sync 1 DAGs
[2026-04-10T18:18:13.217+0000] {logging_mixin.py:190} INFO - [2026-04-10T18:18:13.216+0000] {dag.py:4180} INFO - Setting next_dagrun for matrix_minio to None, run_after=None
[2026-04-10T18:18:13.260+0000] {processor.py:208} INFO - Processing /opt/airflow/dags/dag.py took 0.158 seconds
[2026-04-10T18:18:43.752+0000] {processor.py:186} INFO - Started process (PID=5886) to work on /opt/airflow/dags/dag.py
[2026-04-10T18:18:43.754+0000] {processor.py:914} INFO - Processing file /opt/airflow/dags/dag.py for tasks to queue
[2026-04-10T18:18:43.759+0000] {logging_mixin.py:190} INFO - [2026-04-10T18:18:43.758+0000] {dagbag.py:588} INFO - Filling up the DagBag from /opt/airflow/dags/dag.py
[2026-04-10T18:18:43.780+0000] {processor.py:925} INFO - DAG(s) 'matrix_minio' retrieved from /opt/airflow/dags/dag.py
[2026-04-10T18:18:43.830+0000] {logging_mixin.py:190} INFO - [2026-04-10T18:18:43.829+0000] {dag.py:3239} INFO - Sync 1 DAGs
[2026-04-10T18:18:43.864+0000] {logging_mixin.py:190} INFO - [2026-04-10T18:18:43.864+0000] {dag.py:4180} INFO - Setting next_dagrun for matrix_minio to None, run_after=None
[2026-04-10T18:18:43.927+0000] {processor.py:208} INFO - Processing /opt/airflow/dags/dag.py took 0.188 seconds
[2026-04-10T18:19:14.630+0000] {processor.py:186} INFO - Started process (PID=5957) to work on /opt/airflow/dags/dag.py
[2026-04-10T18:19:14.632+0000] {processor.py:914} INFO - Processing file /opt/airflow/dags/dag.py for tasks to queue
[2026-04-10T18:19:14.636+0000] {logging_mixin.py:190} INFO - [2026-04-10T18:19:14.635+0000] {dagbag.py:588} INFO - Filling up the DagBag from /opt/airflow/dags/dag.py
[2026-04-10T18:19:14.655+0000] {processor.py:925} INFO - DAG(s) 'matrix_minio' retrieved from /opt/airflow/dags/dag.py
[2026-04-10T18:19:14.705+0000] {logging_mixin.py:190} INFO - [2026-04-10T18:19:14.704+0000] {dag.py:3239} INFO - Sync 1 DAGs
[2026-04-10T18:19:14.732+0000] {logging_mixin.py:190} INFO - [2026-04-10T18:19:14.732+0000] {dag.py:4180} INFO - Setting next_dagrun for matrix_minio to None, run_after=None
[2026-04-10T18:19:14.778+0000] {processor.py:208} INFO - Processing /opt/airflow/dags/dag.py took 0.163 seconds
[2026-04-10T18:19:45.499+0000] {processor.py:186} INFO - Started process (PID=6028) to work on /opt/airflow/dags/dag.py
[2026-04-10T18:19:45.501+0000] {processor.py:914} INFO - Processing file /opt/airflow/dags/dag.py for tasks to queue
[2026-04-10T18:19:45.506+0000] {logging_mixin.py:190} INFO - [2026-04-10T18:19:45.505+0000] {dagbag.py:588} INFO - Filling up the DagBag from /opt/airflow/dags/dag.py
[2026-04-10T18:19:45.525+0000] {processor.py:925} INFO - DAG(s) 'matrix_minio' retrieved from /opt/airflow/dags/dag.py
[2026-04-10T18:19:45.593+0000] {logging_mixin.py:190} INFO - [2026-04-10T18:19:45.592+0000] {dag.py:3239} INFO - Sync 1 DAGs
[2026-04-10T18:19:45.625+0000] {logging_mixin.py:190} INFO - [2026-04-10T18:19:45.625+0000] {dag.py:4180} INFO - Setting next_dagrun for matrix_minio to None, run_after=None
[2026-04-10T18:19:45.659+0000] {processor.py:208} INFO - Processing /opt/airflow/dags/dag.py took 0.172 seconds
[2026-04-10T18:20:16.160+0000] {processor.py:186} INFO - Started process (PID=6099) to work on /opt/airflow/dags/dag.py
[2026-04-10T18:20:16.162+0000] {processor.py:914} INFO - Processing file /opt/airflow/dags/dag.py for tasks to queue
[2026-04-10T18:20:16.165+0000] {logging_mixin.py:190} INFO - [2026-04-10T18:20:16.164+0000] {dagbag.py:588} INFO - Filling up the DagBag from /opt/airflow/dags/dag.py
[2026-04-10T18:20:16.179+0000] {processor.py:925} INFO - DAG(s) 'matrix_minio' retrieved from /opt/airflow/dags/dag.py
[2026-04-10T18:20:16.221+0000] {logging_mixin.py:190} INFO - [2026-04-10T18:20:16.220+0000] {dag.py:3239} INFO - Sync 1 DAGs
[2026-04-10T18:20:16.246+0000] {logging_mixin.py:190} INFO - [2026-04-10T18:20:16.246+0000] {dag.py:4180} INFO - Setting next_dagrun for matrix_minio to None, run_after=None
[2026-04-10T18:20:16.278+0000] {processor.py:208} INFO - Processing /opt/airflow/dags/dag.py took 0.129 seconds
[2026-04-10T18:20:46.889+0000] {processor.py:186} INFO - Started process (PID=6170) to work on /opt/airflow/dags/dag.py
[2026-04-10T18:20:46.890+0000] {processor.py:914} INFO - Processing file /opt/airflow/dags/dag.py for tasks to queue
[2026-04-10T18:20:46.895+0000] {logging_mixin.py:190} INFO - [2026-04-10T18:20:46.894+0000] {dagbag.py:588} INFO - Filling up the DagBag from /opt/airflow/dags/dag.py
[2026-04-10T18:20:46.913+0000] {processor.py:925} INFO - DAG(s) 'matrix_minio' retrieved from /opt/airflow/dags/dag.py
[2026-04-10T18:20:46.957+0000] {logging_mixin.py:190} INFO - [2026-04-10T18:20:46.957+0000] {dag.py:3239} INFO - Sync 1 DAGs
[2026-04-10T18:20:46.986+0000] {logging_mixin.py:190} INFO - [2026-04-10T18:20:46.985+0000] {dag.py:4180} INFO - Setting next_dagrun for matrix_minio to None, run_after=None
[2026-04-10T18:20:47.030+0000] {processor.py:208} INFO - Processing /opt/airflow/dags/dag.py took 0.151 seconds
[2026-04-10T18:21:17.616+0000] {processor.py:186} INFO - Started process (PID=6241) to work on /opt/airflow/dags/dag.py
[2026-04-10T18:21:17.618+0000] {processor.py:914} INFO - Processing file /opt/airflow/dags/dag.py for tasks to queue
[2026-04-10T18:21:17.621+0000] {logging_mixin.py:190} INFO - [2026-04-10T18:21:17.621+0000] {dagbag.py:588} INFO - Filling up the DagBag from /opt/airflow/dags/dag.py
[2026-04-10T18:21:17.636+0000] {processor.py:925} INFO - DAG(s) 'matrix_minio' retrieved from /opt/airflow/dags/dag.py
[2026-04-10T18:21:17.682+0000] {logging_mixin.py:190} INFO - [2026-04-10T18:21:17.681+0000] {dag.py:3239} INFO - Sync 1 DAGs
[2026-04-10T18:21:17.709+0000] {logging_mixin.py:190} INFO - [2026-04-10T18:21:17.709+0000] {dag.py:4180} INFO - Setting next_dagrun for matrix_minio to None, run_after=None
[2026-04-10T18:21:17.750+0000] {processor.py:208} INFO - Processing /opt/airflow/dags/dag.py took 0.144 seconds
[2026-04-10T18:21:48.239+0000] {processor.py:186} INFO - Started process (PID=6312) to work on /opt/airflow/dags/dag.py
[2026-04-10T18:21:48.241+0000] {processor.py:914} INFO - Processing file /opt/airflow/dags/dag.py for tasks to queue
[2026-04-10T18:21:48.245+0000] {logging_mixin.py:190} INFO - [2026-04-10T18:21:48.244+0000] {dagbag.py:588} INFO - Filling up the DagBag from /opt/airflow/dags/dag.py
[2026-04-10T18:21:48.263+0000] {processor.py:925} INFO - DAG(s) 'matrix_minio' retrieved from /opt/airflow/dags/dag.py
[2026-04-10T18:21:48.313+0000] {logging_mixin.py:190} INFO - [2026-04-10T18:21:48.313+0000] {dag.py:3239} INFO - Sync 1 DAGs
[2026-04-10T18:21:48.339+0000] {logging_mixin.py:190} INFO - [2026-04-10T18:21:48.339+0000] {dag.py:4180} INFO - Setting next_dagrun for matrix_minio to None, run_after=None
[2026-04-10T18:21:48.381+0000] {processor.py:208} INFO - Processing /opt/airflow/dags/dag.py took 0.153 seconds
[2026-04-10T18:22:18.949+0000] {processor.py:186} INFO - Started process (PID=6383) to work on /opt/airflow/dags/dag.py
[2026-04-10T18:22:18.950+0000] {processor.py:914} INFO - Processing file /opt/airflow/dags/dag.py for tasks to queue
[2026-04-10T18:22:18.953+0000] {logging_mixin.py:190} INFO - [2026-04-10T18:22:18.953+0000] {dagbag.py:588} INFO - Filling up the DagBag from /opt/airflow/dags/dag.py
[2026-04-10T18:22:18.966+0000] {processor.py:925} INFO - DAG(s) 'matrix_minio' retrieved from /opt/airflow/dags/dag.py
[2026-04-10T18:22:19.020+0000] {logging_mixin.py:190} INFO - [2026-04-10T18:22:19.020+0000] {dag.py:3239} INFO - Sync 1 DAGs
[2026-04-10T18:22:19.045+0000] {logging_mixin.py:190} INFO - [2026-04-10T18:22:19.045+0000] {dag.py:4180} INFO - Setting next_dagrun for matrix_minio to None, run_after=None
[2026-04-10T18:22:19.089+0000] {processor.py:208} INFO - Processing /opt/airflow/dags/dag.py took 0.149 seconds
[2026-04-10T18:22:49.644+0000] {processor.py:186} INFO - Started process (PID=6454) to work on /opt/airflow/dags/dag.py
[2026-04-10T18:22:49.646+0000] {processor.py:914} INFO - Processing file /opt/airflow/dags/dag.py for tasks to queue
[2026-04-10T18:22:49.650+0000] {logging_mixin.py:190} INFO - [2026-04-10T18:22:49.650+0000] {dagbag.py:588} INFO - Filling up the DagBag from /opt/airflow/dags/dag.py
[2026-04-10T18:22:49.672+0000] {processor.py:925} INFO - DAG(s) 'matrix_minio' retrieved from /opt/airflow/dags/dag.py
[2026-04-10T18:22:49.739+0000] {logging_mixin.py:190} INFO - [2026-04-10T18:22:49.739+0000] {dag.py:3239} INFO - Sync 1 DAGs
[2026-04-10T18:22:49.780+0000] {logging_mixin.py:190} INFO - [2026-04-10T18:22:49.779+0000] {dag.py:4180} INFO - Setting next_dagrun for matrix_minio to None, run_after=None
[2026-04-10T18:22:49.828+0000] {processor.py:208} INFO - Processing /opt/airflow/dags/dag.py took 0.196 seconds
[2026-04-10T18:23:20.523+0000] {processor.py:186} INFO - Started process (PID=6525) to work on /opt/airflow/dags/dag.py
[2026-04-10T18:23:20.524+0000] {processor.py:914} INFO - Processing file /opt/airflow/dags/dag.py for tasks to queue
[2026-04-10T18:23:20.528+0000] {logging_mixin.py:190} INFO - [2026-04-10T18:23:20.527+0000] {dagbag.py:588} INFO - Filling up the DagBag from /opt/airflow/dags/dag.py
[2026-04-10T18:23:20.542+0000] {processor.py:925} INFO - DAG(s) 'matrix_minio' retrieved from /opt/airflow/dags/dag.py
[2026-04-10T18:23:20.582+0000] {logging_mixin.py:190} INFO - [2026-04-10T18:23:20.582+0000] {dag.py:3239} INFO - Sync 1 DAGs
[2026-04-10T18:23:20.608+0000] {logging_mixin.py:190} INFO - [2026-04-10T18:23:20.608+0000] {dag.py:4180} INFO - Setting next_dagrun for matrix_minio to None, run_after=None
[2026-04-10T18:23:20.640+0000] {processor.py:208} INFO - Processing /opt/airflow/dags/dag.py took 0.126 seconds
[2026-04-10T18:23:51.258+0000] {processor.py:186} INFO - Started process (PID=6596) to work on /opt/airflow/dags/dag.py
[2026-04-10T18:23:51.260+0000] {processor.py:914} INFO - Processing file /opt/airflow/dags/dag.py for tasks to queue
[2026-04-10T18:23:51.264+0000] {logging_mixin.py:190} INFO - [2026-04-10T18:23:51.263+0000] {dagbag.py:588} INFO - Filling up the DagBag from /opt/airflow/dags/dag.py
[2026-04-10T18:23:51.277+0000] {processor.py:925} INFO - DAG(s) 'matrix_minio' retrieved from /opt/airflow/dags/dag.py
[2026-04-10T18:23:51.318+0000] {logging_mixin.py:190} INFO - [2026-04-10T18:23:51.317+0000] {dag.py:3239} INFO - Sync 1 DAGs
[2026-04-10T18:23:51.341+0000] {logging_mixin.py:190} INFO - [2026-04-10T18:23:51.340+0000] {dag.py:4180} INFO - Setting next_dagrun for matrix_minio to None, run_after=None
[2026-04-10T18:23:51.372+0000] {processor.py:208} INFO - Processing /opt/airflow/dags/dag.py took 0.123 seconds
[2026-04-10T18:24:21.905+0000] {processor.py:186} INFO - Started process (PID=6667) to work on /opt/airflow/dags/dag.py
[2026-04-10T18:24:21.906+0000] {processor.py:914} INFO - Processing file /opt/airflow/dags/dag.py for tasks to queue
[2026-04-10T18:24:21.911+0000] {logging_mixin.py:190} INFO - [2026-04-10T18:24:21.910+0000] {dagbag.py:588} INFO - Filling up the DagBag from /opt/airflow/dags/dag.py
[2026-04-10T18:24:21.926+0000] {processor.py:925} INFO - DAG(s) 'matrix_minio' retrieved from /opt/airflow/dags/dag.py
[2026-04-10T18:24:21.982+0000] {logging_mixin.py:190} INFO - [2026-04-10T18:24:21.981+0000] {dag.py:3239} INFO - Sync 1 DAGs
[2026-04-10T18:24:22.012+0000] {logging_mixin.py:190} INFO - [2026-04-10T18:24:22.012+0000] {dag.py:4180} INFO - Setting next_dagrun for matrix_minio to None, run_after=None
[2026-04-10T18:24:22.059+0000] {processor.py:208} INFO - Processing /opt/airflow/dags/dag.py took 0.167 seconds
[2026-04-10T18:24:52.492+0000] {processor.py:186} INFO - Started process (PID=6738) to work on /opt/airflow/dags/dag.py
[2026-04-10T18:24:52.494+0000] {processor.py:914} INFO - Processing file /opt/airflow/dags/dag.py for tasks to queue
[2026-04-10T18:24:52.498+0000] {logging_mixin.py:190} INFO - [2026-04-10T18:24:52.498+0000] {dagbag.py:588} INFO - Filling up the DagBag from /opt/airflow/dags/dag.py
[2026-04-10T18:24:52.515+0000] {processor.py:925} INFO - DAG(s) 'matrix_minio' retrieved from /opt/airflow/dags/dag.py
[2026-04-10T18:24:52.563+0000] {logging_mixin.py:190} INFO - [2026-04-10T18:24:52.562+0000] {dag.py:3239} INFO - Sync 1 DAGs
[2026-04-10T18:24:52.599+0000] {logging_mixin.py:190} INFO - [2026-04-10T18:24:52.599+0000] {dag.py:4180} INFO - Setting next_dagrun for matrix_minio to None, run_after=None
[2026-04-10T18:24:52.642+0000] {processor.py:208} INFO - Processing /opt/airflow/dags/dag.py took 0.161 seconds
[2026-04-10T18:25:23.254+0000] {processor.py:186} INFO - Started process (PID=6815) to work on /opt/airflow/dags/dag.py
[2026-04-10T18:25:23.256+0000] {processor.py:914} INFO - Processing file /opt/airflow/dags/dag.py for tasks to queue
[2026-04-10T18:25:23.259+0000] {logging_mixin.py:190} INFO - [2026-04-10T18:25:23.258+0000] {dagbag.py:588} INFO - Filling up the DagBag from /opt/airflow/dags/dag.py
[2026-04-10T18:25:23.276+0000] {processor.py:925} INFO - DAG(s) 'matrix_minio' retrieved from /opt/airflow/dags/dag.py
[2026-04-10T18:25:23.330+0000] {logging_mixin.py:190} INFO - [2026-04-10T18:25:23.330+0000] {dag.py:3239} INFO - Sync 1 DAGs
[2026-04-10T18:25:23.359+0000] {logging_mixin.py:190} INFO - [2026-04-10T18:25:23.358+0000] {dag.py:4180} INFO - Setting next_dagrun for matrix_minio to None, run_after=None
[2026-04-10T18:25:23.404+0000] {processor.py:208} INFO - Processing /opt/airflow/dags/dag.py took 0.162 seconds
[2026-04-10T18:25:53.937+0000] {processor.py:186} INFO - Started process (PID=6886) to work on /opt/airflow/dags/dag.py
[2026-04-10T18:25:53.939+0000] {processor.py:914} INFO - Processing file /opt/airflow/dags/dag.py for tasks to queue
[2026-04-10T18:25:53.944+0000] {logging_mixin.py:190} INFO - [2026-04-10T18:25:53.943+0000] {dagbag.py:588} INFO - Filling up the DagBag from /opt/airflow/dags/dag.py
[2026-04-10T18:25:53.963+0000] {processor.py:925} INFO - DAG(s) 'matrix_minio' retrieved from /opt/airflow/dags/dag.py
[2026-04-10T18:25:54.035+0000] {logging_mixin.py:190} INFO - [2026-04-10T18:25:54.035+0000] {dag.py:3239} INFO - Sync 1 DAGs
[2026-04-10T18:25:54.081+0000] {logging_mixin.py:190} INFO - [2026-04-10T18:25:54.080+0000] {dag.py:4180} INFO - Setting next_dagrun for matrix_minio to None, run_after=None
[2026-04-10T18:25:54.135+0000] {processor.py:208} INFO - Processing /opt/airflow/dags/dag.py took 0.213 seconds
[2026-04-10T18:26:24.947+0000] {processor.py:186} INFO - Started process (PID=6957) to work on /opt/airflow/dags/dag.py
[2026-04-10T18:26:24.949+0000] {processor.py:914} INFO - Processing file /opt/airflow/dags/dag.py for tasks to queue
[2026-04-10T18:26:24.952+0000] {logging_mixin.py:190} INFO - [2026-04-10T18:26:24.951+0000] {dagbag.py:588} INFO - Filling up the DagBag from /opt/airflow/dags/dag.py
[2026-04-10T18:26:24.968+0000] {processor.py:925} INFO - DAG(s) 'matrix_minio' retrieved from /opt/airflow/dags/dag.py
[2026-04-10T18:26:25.028+0000] {logging_mixin.py:190} INFO - [2026-04-10T18:26:25.028+0000] {dag.py:3239} INFO - Sync 1 DAGs
[2026-04-10T18:26:25.060+0000] {logging_mixin.py:190} INFO - [2026-04-10T18:26:25.060+0000] {dag.py:4180} INFO - Setting next_dagrun for matrix_minio to None, run_after=None
[2026-04-10T18:26:25.095+0000] {processor.py:208} INFO - Processing /opt/airflow/dags/dag.py took 0.160 seconds
[2026-04-10T18:26:55.683+0000] {processor.py:186} INFO - Started process (PID=7028) to work on /opt/airflow/dags/dag.py
[2026-04-10T18:26:55.685+0000] {processor.py:914} INFO - Processing file /opt/airflow/dags/dag.py for tasks to queue
[2026-04-10T18:26:55.690+0000] {logging_mixin.py:190} INFO - [2026-04-10T18:26:55.689+0000] {dagbag.py:588} INFO - Filling up the DagBag from /opt/airflow/dags/dag.py
[2026-04-10T18:26:55.709+0000] {processor.py:925} INFO - DAG(s) 'matrix_minio' retrieved from /opt/airflow/dags/dag.py
[2026-04-10T18:26:55.772+0000] {logging_mixin.py:190} INFO - [2026-04-10T18:26:55.772+0000] {dag.py:3239} INFO - Sync 1 DAGs
[2026-04-10T18:26:55.815+0000] {logging_mixin.py:190} INFO - [2026-04-10T18:26:55.814+0000] {dag.py:4180} INFO - Setting next_dagrun for matrix_minio to None, run_after=None
[2026-04-10T18:26:55.867+0000] {processor.py:208} INFO - Processing /opt/airflow/dags/dag.py took 0.196 seconds
[2026-04-10T18:27:26.384+0000] {processor.py:186} INFO - Started process (PID=7099) to work on /opt/airflow/dags/dag.py
[2026-04-10T18:27:26.386+0000] {processor.py:914} INFO - Processing file /opt/airflow/dags/dag.py for tasks to queue
[2026-04-10T18:27:26.389+0000] {logging_mixin.py:190} INFO - [2026-04-10T18:27:26.389+0000] {dagbag.py:588} INFO - Filling up the DagBag from /opt/airflow/dags/dag.py
[2026-04-10T18:27:26.408+0000] {processor.py:925} INFO - DAG(s) 'matrix_minio' retrieved from /opt/airflow/dags/dag.py
[2026-04-10T18:27:26.453+0000] {logging_mixin.py:190} INFO - [2026-04-10T18:27:26.453+0000] {dag.py:3239} INFO - Sync 1 DAGs
[2026-04-10T18:27:26.483+0000] {logging_mixin.py:190} INFO - [2026-04-10T18:27:26.483+0000] {dag.py:4180} INFO - Setting next_dagrun for matrix_minio to None, run_after=None
[2026-04-10T18:27:26.520+0000] {processor.py:208} INFO - Processing /opt/airflow/dags/dag.py took 0.147 seconds
[2026-04-10T18:27:57.182+0000] {processor.py:186} INFO - Started process (PID=7170) to work on /opt/airflow/dags/dag.py
[2026-04-10T18:27:57.184+0000] {processor.py:914} INFO - Processing file /opt/airflow/dags/dag.py for tasks to queue
[2026-04-10T18:27:57.190+0000] {logging_mixin.py:190} INFO - [2026-04-10T18:27:57.189+0000] {dagbag.py:588} INFO - Filling up the DagBag from /opt/airflow/dags/dag.py
[2026-04-10T18:27:57.215+0000] {processor.py:925} INFO - DAG(s) 'matrix_minio' retrieved from /opt/airflow/dags/dag.py
[2026-04-10T18:27:57.284+0000] {logging_mixin.py:190} INFO - [2026-04-10T18:27:57.283+0000] {dag.py:3239} INFO - Sync 1 DAGs
[2026-04-10T18:27:57.329+0000] {logging_mixin.py:190} INFO - [2026-04-10T18:27:57.328+0000] {dag.py:4180} INFO - Setting next_dagrun for matrix_minio to None, run_after=None
[2026-04-10T18:27:57.385+0000] {processor.py:208} INFO - Processing /opt/airflow/dags/dag.py took 0.219 seconds
[2026-04-10T18:28:28.109+0000] {processor.py:186} INFO - Started process (PID=7241) to work on /opt/airflow/dags/dag.py
[2026-04-10T18:28:28.111+0000] {processor.py:914} INFO - Processing file /opt/airflow/dags/dag.py for tasks to queue
[2026-04-10T18:28:28.116+0000] {logging_mixin.py:190} INFO - [2026-04-10T18:28:28.115+0000] {dagbag.py:588} INFO - Filling up the DagBag from /opt/airflow/dags/dag.py
[2026-04-10T18:28:28.132+0000] {processor.py:925} INFO - DAG(s) 'matrix_minio' retrieved from /opt/airflow/dags/dag.py
[2026-04-10T18:28:28.190+0000] {logging_mixin.py:190} INFO - [2026-04-10T18:28:28.189+0000] {dag.py:3239} INFO - Sync 1 DAGs
[2026-04-10T18:28:28.225+0000] {logging_mixin.py:190} INFO - [2026-04-10T18:28:28.224+0000] {dag.py:4180} INFO - Setting next_dagrun for matrix_minio to None, run_after=None
[2026-04-10T18:28:28.274+0000] {processor.py:208} INFO - Processing /opt/airflow/dags/dag.py took 0.177 seconds
[2026-04-10T18:28:58.791+0000] {processor.py:186} INFO - Started process (PID=7313) to work on /opt/airflow/dags/dag.py
[2026-04-10T18:28:58.793+0000] {processor.py:914} INFO - Processing file /opt/airflow/dags/dag.py for tasks to queue
[2026-04-10T18:28:58.799+0000] {logging_mixin.py:190} INFO - [2026-04-10T18:28:58.798+0000] {dagbag.py:588} INFO - Filling up the DagBag from /opt/airflow/dags/dag.py
[2026-04-10T18:28:58.823+0000] {processor.py:925} INFO - DAG(s) 'matrix_minio' retrieved from /opt/airflow/dags/dag.py
[2026-04-10T18:28:58.889+0000] {logging_mixin.py:190} INFO - [2026-04-10T18:28:58.888+0000] {dag.py:3239} INFO - Sync 1 DAGs
[2026-04-10T18:28:58.923+0000] {logging_mixin.py:190} INFO - [2026-04-10T18:28:58.922+0000] {dag.py:4180} INFO - Setting next_dagrun for matrix_minio to None, run_after=None
[2026-04-10T18:28:58.968+0000] {processor.py:208} INFO - Processing /opt/airflow/dags/dag.py took 0.202 seconds
[2026-04-10T18:29:29.759+0000] {processor.py:186} INFO - Started process (PID=7384) to work on /opt/airflow/dags/dag.py
[2026-04-10T18:29:29.760+0000] {processor.py:914} INFO - Processing file /opt/airflow/dags/dag.py for tasks to queue
[2026-04-10T18:29:29.763+0000] {logging_mixin.py:190} INFO - [2026-04-10T18:29:29.763+0000] {dagbag.py:588} INFO - Filling up the DagBag from /opt/airflow/dags/dag.py
[2026-04-10T18:29:29.780+0000] {processor.py:925} INFO - DAG(s) 'matrix_minio' retrieved from /opt/airflow/dags/dag.py
[2026-04-10T18:29:29.825+0000] {logging_mixin.py:190} INFO - [2026-04-10T18:29:29.825+0000] {dag.py:3239} INFO - Sync 1 DAGs
[2026-04-10T18:29:29.856+0000] {logging_mixin.py:190} INFO - [2026-04-10T18:29:29.856+0000] {dag.py:4180} INFO - Setting next_dagrun for matrix_minio to None, run_after=None
[2026-04-10T18:29:29.894+0000] {processor.py:208} INFO - Processing /opt/airflow/dags/dag.py took 0.146 seconds
[2026-04-10T18:30:00.415+0000] {processor.py:186} INFO - Started process (PID=7455) to work on /opt/airflow/dags/dag.py
[2026-04-10T18:30:00.416+0000] {processor.py:914} INFO - Processing file /opt/airflow/dags/dag.py for tasks to queue
[2026-04-10T18:30:00.422+0000] {logging_mixin.py:190} INFO - [2026-04-10T18:30:00.421+0000] {dagbag.py:588} INFO - Filling up the DagBag from /opt/airflow/dags/dag.py
[2026-04-10T18:30:00.438+0000] {processor.py:925} INFO - DAG(s) 'matrix_minio' retrieved from /opt/airflow/dags/dag.py
[2026-04-10T18:30:00.487+0000] {logging_mixin.py:190} INFO - [2026-04-10T18:30:00.486+0000] {dag.py:3239} INFO - Sync 1 DAGs
[2026-04-10T18:30:00.518+0000] {logging_mixin.py:190} INFO - [2026-04-10T18:30:00.517+0000] {dag.py:4180} INFO - Setting next_dagrun for matrix_minio to None, run_after=None
[2026-04-10T18:30:00.563+0000] {processor.py:208} INFO - Processing /opt/airflow/dags/dag.py took 0.159 seconds
[2026-04-10T18:30:31.223+0000] {processor.py:186} INFO - Started process (PID=7526) to work on /opt/airflow/dags/dag.py
[2026-04-10T18:30:31.224+0000] {processor.py:914} INFO - Processing file /opt/airflow/dags/dag.py for tasks to queue
[2026-04-10T18:30:31.229+0000] {logging_mixin.py:190} INFO - [2026-04-10T18:30:31.228+0000] {dagbag.py:588} INFO - Filling up the DagBag from /opt/airflow/dags/dag.py
[2026-04-10T18:30:31.248+0000] {processor.py:925} INFO - DAG(s) 'matrix_minio' retrieved from /opt/airflow/dags/dag.py
[2026-04-10T18:30:31.308+0000] {logging_mixin.py:190} INFO - [2026-04-10T18:30:31.307+0000] {dag.py:3239} INFO - Sync 1 DAGs
[2026-04-10T18:30:31.348+0000] {logging_mixin.py:190} INFO - [2026-04-10T18:30:31.347+0000] {dag.py:4180} INFO - Setting next_dagrun for matrix_minio to None, run_after=None
[2026-04-10T18:30:31.392+0000] {processor.py:208} INFO - Processing /opt/airflow/dags/dag.py took 0.180 seconds
[2026-04-10T18:31:02.270+0000] {processor.py:186} INFO - Started process (PID=7597) to work on /opt/airflow/dags/dag.py
[2026-04-10T18:31:02.272+0000] {processor.py:914} INFO - Processing file /opt/airflow/dags/dag.py for tasks to queue
[2026-04-10T18:31:02.277+0000] {logging_mixin.py:190} INFO - [2026-04-10T18:31:02.276+0000] {dagbag.py:588} INFO - Filling up the DagBag from /opt/airflow/dags/dag.py
[2026-04-10T18:31:02.293+0000] {processor.py:925} INFO - DAG(s) 'matrix_minio' retrieved from /opt/airflow/dags/dag.py
[2026-04-10T18:31:02.344+0000] {logging_mixin.py:190} INFO - [2026-04-10T18:31:02.343+0000] {dag.py:3239} INFO - Sync 1 DAGs
[2026-04-10T18:31:02.373+0000] {logging_mixin.py:190} INFO - [2026-04-10T18:31:02.373+0000] {dag.py:4180} INFO - Setting next_dagrun for matrix_minio to None, run_after=None
[2026-04-10T18:31:02.407+0000] {processor.py:208} INFO - Processing /opt/airflow/dags/dag.py took 0.146 seconds
[2026-04-10T18:31:32.863+0000] {processor.py:186} INFO - Started process (PID=7668) to work on /opt/airflow/dags/dag.py
[2026-04-10T18:31:32.864+0000] {processor.py:914} INFO - Processing file /opt/airflow/dags/dag.py for tasks to queue
[2026-04-10T18:31:32.868+0000] {logging_mixin.py:190} INFO - [2026-04-10T18:31:32.867+0000] {dagbag.py:588} INFO - Filling up the DagBag from /opt/airflow/dags/dag.py
[2026-04-10T18:31:32.882+0000] {processor.py:925} INFO - DAG(s) 'matrix_minio' retrieved from /opt/airflow/dags/dag.py
[2026-04-10T18:31:32.931+0000] {logging_mixin.py:190} INFO - [2026-04-10T18:31:32.930+0000] {dag.py:3239} INFO - Sync 1 DAGs
[2026-04-10T18:31:32.958+0000] {logging_mixin.py:190} INFO - [2026-04-10T18:31:32.957+0000] {dag.py:4180} INFO - Setting next_dagrun for matrix_minio to None, run_after=None
[2026-04-10T18:31:33.004+0000] {processor.py:208} INFO - Processing /opt/airflow/dags/dag.py took 0.151 seconds
[2026-04-10T18:32:03.506+0000] {processor.py:186} INFO - Started process (PID=7739) to work on /opt/airflow/dags/dag.py
[2026-04-10T18:32:03.507+0000] {processor.py:914} INFO - Processing file /opt/airflow/dags/dag.py for tasks to queue
[2026-04-10T18:32:03.511+0000] {logging_mixin.py:190} INFO - [2026-04-10T18:32:03.510+0000] {dagbag.py:588} INFO - Filling up the DagBag from /opt/airflow/dags/dag.py
[2026-04-10T18:32:03.526+0000] {processor.py:925} INFO - DAG(s) 'matrix_minio' retrieved from /opt/airflow/dags/dag.py
[2026-04-10T18:32:03.574+0000] {logging_mixin.py:190} INFO - [2026-04-10T18:32:03.574+0000] {dag.py:3239} INFO - Sync 1 DAGs
[2026-04-10T18:32:03.604+0000] {logging_mixin.py:190} INFO - [2026-04-10T18:32:03.603+0000] {dag.py:4180} INFO - Setting next_dagrun for matrix_minio to None, run_after=None
[2026-04-10T18:32:03.638+0000] {processor.py:208} INFO - Processing /opt/airflow/dags/dag.py took 0.142 seconds
[2026-04-10T18:32:34.101+0000] {processor.py:186} INFO - Started process (PID=7810) to work on /opt/airflow/dags/dag.py
[2026-04-10T18:32:34.103+0000] {processor.py:914} INFO - Processing file /opt/airflow/dags/dag.py for tasks to queue
[2026-04-10T18:32:34.108+0000] {logging_mixin.py:190} INFO - [2026-04-10T18:32:34.107+0000] {dagbag.py:588} INFO - Filling up the DagBag from /opt/airflow/dags/dag.py
[2026-04-10T18:32:34.124+0000] {processor.py:925} INFO - DAG(s) 'matrix_minio' retrieved from /opt/airflow/dags/dag.py
[2026-04-10T18:32:34.171+0000] {logging_mixin.py:190} INFO - [2026-04-10T18:32:34.170+0000] {dag.py:3239} INFO - Sync 1 DAGs
[2026-04-10T18:32:34.205+0000] {logging_mixin.py:190} INFO - [2026-04-10T18:32:34.205+0000] {dag.py:4180} INFO - Setting next_dagrun for matrix_minio to None, run_after=None
[2026-04-10T18:32:34.250+0000] {processor.py:208} INFO - Processing /opt/airflow/dags/dag.py took 0.159 seconds
[2026-04-10T18:33:04.808+0000] {processor.py:186} INFO - Started process (PID=7881) to work on /opt/airflow/dags/dag.py
[2026-04-10T18:33:04.810+0000] {processor.py:914} INFO - Processing file /opt/airflow/dags/dag.py for tasks to queue
[2026-04-10T18:33:04.815+0000] {logging_mixin.py:190} INFO - [2026-04-10T18:33:04.814+0000] {dagbag.py:588} INFO - Filling up the DagBag from /opt/airflow/dags/dag.py
[2026-04-10T18:33:04.834+0000] {processor.py:925} INFO - DAG(s) 'matrix_minio' retrieved from /opt/airflow/dags/dag.py
[2026-04-10T18:33:04.888+0000] {logging_mixin.py:190} INFO - [2026-04-10T18:33:04.888+0000] {dag.py:3239} INFO - Sync 1 DAGs
[2026-04-10T18:33:04.920+0000] {logging_mixin.py:190} INFO - [2026-04-10T18:33:04.919+0000] {dag.py:4180} INFO - Setting next_dagrun for matrix_minio to None, run_after=None
[2026-04-10T18:33:04.960+0000] {processor.py:208} INFO - Processing /opt/airflow/dags/dag.py took 0.166 seconds
[2026-04-10T18:33:35.466+0000] {processor.py:186} INFO - Started process (PID=7952) to work on /opt/airflow/dags/dag.py
[2026-04-10T18:33:35.467+0000] {processor.py:914} INFO - Processing file /opt/airflow/dags/dag.py for tasks to queue
[2026-04-10T18:33:35.471+0000] {logging_mixin.py:190} INFO - [2026-04-10T18:33:35.470+0000] {dagbag.py:588} INFO - Filling up the DagBag from /opt/airflow/dags/dag.py
[2026-04-10T18:33:35.488+0000] {processor.py:925} INFO - DAG(s) 'matrix_minio' retrieved from /opt/airflow/dags/dag.py
[2026-04-10T18:33:35.536+0000] {logging_mixin.py:190} INFO - [2026-04-10T18:33:35.536+0000] {dag.py:3239} INFO - Sync 1 DAGs
[2026-04-10T18:33:35.570+0000] {logging_mixin.py:190} INFO - [2026-04-10T18:33:35.569+0000] {dag.py:4180} INFO - Setting next_dagrun for matrix_minio to None, run_after=None
[2026-04-10T18:33:35.617+0000] {processor.py:208} INFO - Processing /opt/airflow/dags/dag.py took 0.164 seconds
[2026-04-10T18:34:06.169+0000] {processor.py:186} INFO - Started process (PID=8023) to work on /opt/airflow/dags/dag.py
[2026-04-10T18:34:06.170+0000] {processor.py:914} INFO - Processing file /opt/airflow/dags/dag.py for tasks to queue
[2026-04-10T18:34:06.174+0000] {logging_mixin.py:190} INFO - [2026-04-10T18:34:06.173+0000] {dagbag.py:588} INFO - Filling up the DagBag from /opt/airflow/dags/dag.py
[2026-04-10T18:34:06.189+0000] {processor.py:925} INFO - DAG(s) 'matrix_minio' retrieved from /opt/airflow/dags/dag.py
[2026-04-10T18:34:06.233+0000] {logging_mixin.py:190} INFO - [2026-04-10T18:34:06.232+0000] {dag.py:3239} INFO - Sync 1 DAGs
[2026-04-10T18:34:06.261+0000] {logging_mixin.py:190} INFO - [2026-04-10T18:34:06.261+0000] {dag.py:4180} INFO - Setting next_dagrun for matrix_minio to None, run_after=None
[2026-04-10T18:34:06.306+0000] {processor.py:208} INFO - Processing /opt/airflow/dags/dag.py took 0.149 seconds
[2026-04-10T18:34:36.842+0000] {processor.py:186} INFO - Started process (PID=8094) to work on /opt/airflow/dags/dag.py
[2026-04-10T18:34:36.844+0000] {processor.py:914} INFO - Processing file /opt/airflow/dags/dag.py for tasks to queue
[2026-04-10T18:34:36.848+0000] {logging_mixin.py:190} INFO - [2026-04-10T18:34:36.847+0000] {dagbag.py:588} INFO - Filling up the DagBag from /opt/airflow/dags/dag.py
[2026-04-10T18:34:36.863+0000] {processor.py:925} INFO - DAG(s) 'matrix_minio' retrieved from /opt/airflow/dags/dag.py
[2026-04-10T18:34:36.908+0000] {logging_mixin.py:190} INFO - [2026-04-10T18:34:36.907+0000] {dag.py:3239} INFO - Sync 1 DAGs
[2026-04-10T18:34:36.936+0000] {logging_mixin.py:190} INFO - [2026-04-10T18:34:36.935+0000] {dag.py:4180} INFO - Setting next_dagrun for matrix_minio to None, run_after=None
[2026-04-10T18:34:36.986+0000] {processor.py:208} INFO - Processing /opt/airflow/dags/dag.py took 0.156 seconds
[2026-04-10T18:35:07.445+0000] {processor.py:186} INFO - Started process (PID=8165) to work on /opt/airflow/dags/dag.py
[2026-04-10T18:35:07.446+0000] {processor.py:914} INFO - Processing file /opt/airflow/dags/dag.py for tasks to queue
[2026-04-10T18:35:07.450+0000] {logging_mixin.py:190} INFO - [2026-04-10T18:35:07.449+0000] {dagbag.py:588} INFO - Filling up the DagBag from /opt/airflow/dags/dag.py
[2026-04-10T18:35:07.466+0000] {processor.py:925} INFO - DAG(s) 'matrix_minio' retrieved from /opt/airflow/dags/dag.py
[2026-04-10T18:35:07.514+0000] {logging_mixin.py:190} INFO - [2026-04-10T18:35:07.514+0000] {dag.py:3239} INFO - Sync 1 DAGs
[2026-04-10T18:35:07.545+0000] {logging_mixin.py:190} INFO - [2026-04-10T18:35:07.545+0000] {dag.py:4180} INFO - Setting next_dagrun for matrix_minio to None, run_after=None
[2026-04-10T18:35:07.584+0000] {processor.py:208} INFO - Processing /opt/airflow/dags/dag.py took 0.152 seconds
[2026-04-10T18:35:38.134+0000] {processor.py:186} INFO - Started process (PID=8236) to work on /opt/airflow/dags/dag.py
[2026-04-10T18:35:38.135+0000] {processor.py:914} INFO - Processing file /opt/airflow/dags/dag.py for tasks to queue
[2026-04-10T18:35:38.138+0000] {logging_mixin.py:190} INFO - [2026-04-10T18:35:38.137+0000] {dagbag.py:588} INFO - Filling up the DagBag from /opt/airflow/dags/dag.py
[2026-04-10T18:35:38.148+0000] {processor.py:925} INFO - DAG(s) 'matrix_minio' retrieved from /opt/airflow/dags/dag.py
[2026-04-10T18:35:38.180+0000] {logging_mixin.py:190} INFO - [2026-04-10T18:35:38.180+0000] {dag.py:3239} INFO - Sync 1 DAGs
[2026-04-10T18:35:38.200+0000] {logging_mixin.py:190} INFO - [2026-04-10T18:35:38.200+0000] {dag.py:4180} INFO - Setting next_dagrun for matrix_minio to None, run_after=None
[2026-04-10T18:35:38.222+0000] {processor.py:208} INFO - Processing /opt/airflow/dags/dag.py took 0.098 seconds
[2026-04-10T18:36:08.435+0000] {processor.py:186} INFO - Started process (PID=8307) to work on /opt/airflow/dags/dag.py
[2026-04-10T18:36:08.436+0000] {processor.py:914} INFO - Processing file /opt/airflow/dags/dag.py for tasks to queue
[2026-04-10T18:36:08.439+0000] {logging_mixin.py:190} INFO - [2026-04-10T18:36:08.439+0000] {dagbag.py:588} INFO - Filling up the DagBag from /opt/airflow/dags/dag.py
[2026-04-10T18:36:08.454+0000] {processor.py:925} INFO - DAG(s) 'matrix_minio' retrieved from /opt/airflow/dags/dag.py
[2026-04-10T18:36:08.495+0000] {logging_mixin.py:190} INFO - [2026-04-10T18:36:08.494+0000] {dag.py:3239} INFO - Sync 1 DAGs
[2026-04-10T18:36:08.517+0000] {logging_mixin.py:190} INFO - [2026-04-10T18:36:08.517+0000] {dag.py:4180} INFO - Setting next_dagrun for matrix_minio to None, run_after=None
[2026-04-10T18:36:08.545+0000] {processor.py:208} INFO - Processing /opt/airflow/dags/dag.py took 0.121 seconds
[2026-04-10T18:36:38.783+0000] {processor.py:186} INFO - Started process (PID=8377) to work on /opt/airflow/dags/dag.py
[2026-04-10T18:36:38.784+0000] {processor.py:914} INFO - Processing file /opt/airflow/dags/dag.py for tasks to queue
[2026-04-10T18:36:38.786+0000] {logging_mixin.py:190} INFO - [2026-04-10T18:36:38.786+0000] {dagbag.py:588} INFO - Filling up the DagBag from /opt/airflow/dags/dag.py
[2026-04-10T18:36:38.797+0000] {processor.py:925} INFO - DAG(s) 'matrix_minio' retrieved from /opt/airflow/dags/dag.py
[2026-04-10T18:36:38.832+0000] {logging_mixin.py:190} INFO - [2026-04-10T18:36:38.831+0000] {dag.py:3239} INFO - Sync 1 DAGs
[2026-04-10T18:36:38.850+0000] {logging_mixin.py:190} INFO - [2026-04-10T18:36:38.850+0000] {dag.py:4180} INFO - Setting next_dagrun for matrix_minio to None, run_after=None
[2026-04-10T18:36:38.875+0000] {processor.py:208} INFO - Processing /opt/airflow/dags/dag.py took 0.101 seconds
[2026-04-10T18:37:09.207+0000] {processor.py:186} INFO - Started process (PID=8448) to work on /opt/airflow/dags/dag.py
[2026-04-10T18:37:09.208+0000] {processor.py:914} INFO - Processing file /opt/airflow/dags/dag.py for tasks to queue
[2026-04-10T18:37:09.211+0000] {logging_mixin.py:190} INFO - [2026-04-10T18:37:09.211+0000] {dagbag.py:588} INFO - Filling up the DagBag from /opt/airflow/dags/dag.py
[2026-04-10T18:37:09.224+0000] {processor.py:925} INFO - DAG(s) 'matrix_minio' retrieved from /opt/airflow/dags/dag.py
[2026-04-10T18:37:09.267+0000] {logging_mixin.py:190} INFO - [2026-04-10T18:37:09.266+0000] {dag.py:3239} INFO - Sync 1 DAGs
[2026-04-10T18:37:09.290+0000] {logging_mixin.py:190} INFO - [2026-04-10T18:37:09.290+0000] {dag.py:4180} INFO - Setting next_dagrun for matrix_minio to None, run_after=None
[2026-04-10T18:37:09.319+0000] {processor.py:208} INFO - Processing /opt/airflow/dags/dag.py took 0.122 seconds
[2026-04-10T18:37:39.617+0000] {processor.py:186} INFO - Started process (PID=8519) to work on /opt/airflow/dags/dag.py
[2026-04-10T18:37:39.618+0000] {processor.py:914} INFO - Processing file /opt/airflow/dags/dag.py for tasks to queue
[2026-04-10T18:37:39.622+0000] {logging_mixin.py:190} INFO - [2026-04-10T18:37:39.621+0000] {dagbag.py:588} INFO - Filling up the DagBag from /opt/airflow/dags/dag.py
[2026-04-10T18:37:39.634+0000] {processor.py:925} INFO - DAG(s) 'matrix_minio' retrieved from /opt/airflow/dags/dag.py
[2026-04-10T18:37:39.676+0000] {logging_mixin.py:190} INFO - [2026-04-10T18:37:39.676+0000] {dag.py:3239} INFO - Sync 1 DAGs
[2026-04-10T18:37:39.696+0000] {logging_mixin.py:190} INFO - [2026-04-10T18:37:39.695+0000] {dag.py:4180} INFO - Setting next_dagrun for matrix_minio to None, run_after=None
[2026-04-10T18:37:39.723+0000] {processor.py:208} INFO - Processing /opt/airflow/dags/dag.py took 0.116 seconds
[2026-04-10T18:38:09.927+0000] {processor.py:186} INFO - Started process (PID=8590) to work on /opt/airflow/dags/dag.py
[2026-04-10T18:38:09.928+0000] {processor.py:914} INFO - Processing file /opt/airflow/dags/dag.py for tasks to queue
[2026-04-10T18:38:09.931+0000] {logging_mixin.py:190} INFO - [2026-04-10T18:38:09.930+0000] {dagbag.py:588} INFO - Filling up the DagBag from /opt/airflow/dags/dag.py
[2026-04-10T18:38:09.941+0000] {processor.py:925} INFO - DAG(s) 'matrix_minio' retrieved from /opt/airflow/dags/dag.py
[2026-04-10T18:38:09.974+0000] {logging_mixin.py:190} INFO - [2026-04-10T18:38:09.973+0000] {dag.py:3239} INFO - Sync 1 DAGs
[2026-04-10T18:38:09.992+0000] {logging_mixin.py:190} INFO - [2026-04-10T18:38:09.992+0000] {dag.py:4180} INFO - Setting next_dagrun for matrix_minio to None, run_after=None
[2026-04-10T18:38:10.018+0000] {processor.py:208} INFO - Processing /opt/airflow/dags/dag.py took 0.098 seconds
[2026-04-10T18:38:40.366+0000] {processor.py:186} INFO - Started process (PID=8661) to work on /opt/airflow/dags/dag.py
[2026-04-10T18:38:40.368+0000] {processor.py:914} INFO - Processing file /opt/airflow/dags/dag.py for tasks to queue
[2026-04-10T18:38:40.370+0000] {logging_mixin.py:190} INFO - [2026-04-10T18:38:40.370+0000] {dagbag.py:588} INFO - Filling up the DagBag from /opt/airflow/dags/dag.py
[2026-04-10T18:38:40.383+0000] {processor.py:925} INFO - DAG(s) 'matrix_minio' retrieved from /opt/airflow/dags/dag.py
[2026-04-10T18:38:40.416+0000] {logging_mixin.py:190} INFO - [2026-04-10T18:38:40.416+0000] {dag.py:3239} INFO - Sync 1 DAGs
[2026-04-10T18:38:40.439+0000] {logging_mixin.py:190} INFO - [2026-04-10T18:38:40.439+0000] {dag.py:4180} INFO - Setting next_dagrun for matrix_minio to None, run_after=None
[2026-04-10T18:38:40.465+0000] {processor.py:208} INFO - Processing /opt/airflow/dags/dag.py took 0.107 seconds
[2026-04-10T18:39:10.756+0000] {processor.py:186} INFO - Started process (PID=8732) to work on /opt/airflow/dags/dag.py
[2026-04-10T18:39:10.757+0000] {processor.py:914} INFO - Processing file /opt/airflow/dags/dag.py for tasks to queue
[2026-04-10T18:39:10.760+0000] {logging_mixin.py:190} INFO - [2026-04-10T18:39:10.759+0000] {dagbag.py:588} INFO - Filling up the DagBag from /opt/airflow/dags/dag.py
[2026-04-10T18:39:10.769+0000] {processor.py:925} INFO - DAG(s) 'matrix_minio' retrieved from /opt/airflow/dags/dag.py
[2026-04-10T18:39:10.807+0000] {logging_mixin.py:190} INFO - [2026-04-10T18:39:10.807+0000] {dag.py:3239} INFO - Sync 1 DAGs
[2026-04-10T18:39:10.826+0000] {logging_mixin.py:190} INFO - [2026-04-10T18:39:10.826+0000] {dag.py:4180} INFO - Setting next_dagrun for matrix_minio to None, run_after=None
[2026-04-10T18:39:10.855+0000] {processor.py:208} INFO - Processing /opt/airflow/dags/dag.py took 0.105 seconds
[2026-04-10T18:39:41.215+0000] {processor.py:186} INFO - Started process (PID=8803) to work on /opt/airflow/dags/dag.py
[2026-04-10T18:39:41.216+0000] {processor.py:914} INFO - Processing file /opt/airflow/dags/dag.py for tasks to queue
[2026-04-10T18:39:41.219+0000] {logging_mixin.py:190} INFO - [2026-04-10T18:39:41.218+0000] {dagbag.py:588} INFO - Filling up the DagBag from /opt/airflow/dags/dag.py
[2026-04-10T18:39:41.232+0000] {processor.py:925} INFO - DAG(s) 'matrix_minio' retrieved from /opt/airflow/dags/dag.py
[2026-04-10T18:39:41.266+0000] {logging_mixin.py:190} INFO - [2026-04-10T18:39:41.266+0000] {dag.py:3239} INFO - Sync 1 DAGs
[2026-04-10T18:39:41.287+0000] {logging_mixin.py:190} INFO - [2026-04-10T18:39:41.286+0000] {dag.py:4180} INFO - Setting next_dagrun for matrix_minio to None, run_after=None
[2026-04-10T18:39:41.313+0000] {processor.py:208} INFO - Processing /opt/airflow/dags/dag.py took 0.107 seconds
[2026-04-10T18:40:11.625+0000] {processor.py:186} INFO - Started process (PID=8874) to work on /opt/airflow/dags/dag.py
[2026-04-10T18:40:11.626+0000] {processor.py:914} INFO - Processing file /opt/airflow/dags/dag.py for tasks to queue
[2026-04-10T18:40:11.629+0000] {logging_mixin.py:190} INFO - [2026-04-10T18:40:11.628+0000] {dagbag.py:588} INFO - Filling up the DagBag from /opt/airflow/dags/dag.py
[2026-04-10T18:40:11.639+0000] {processor.py:925} INFO - DAG(s) 'matrix_minio' retrieved from /opt/airflow/dags/dag.py
[2026-04-10T18:40:11.673+0000] {logging_mixin.py:190} INFO - [2026-04-10T18:40:11.673+0000] {dag.py:3239} INFO - Sync 1 DAGs
[2026-04-10T18:40:11.694+0000] {logging_mixin.py:190} INFO - [2026-04-10T18:40:11.694+0000] {dag.py:4180} INFO - Setting next_dagrun for matrix_minio to None, run_after=None
[2026-04-10T18:40:11.721+0000] {processor.py:208} INFO - Processing /opt/airflow/dags/dag.py took 0.104 seconds
[2026-04-10T18:40:42.044+0000] {processor.py:186} INFO - Started process (PID=8945) to work on /opt/airflow/dags/dag.py
[2026-04-10T18:40:42.045+0000] {processor.py:914} INFO - Processing file /opt/airflow/dags/dag.py for tasks to queue
[2026-04-10T18:40:42.048+0000] {logging_mixin.py:190} INFO - [2026-04-10T18:40:42.047+0000] {dagbag.py:588} INFO - Filling up the DagBag from /opt/airflow/dags/dag.py
[2026-04-10T18:40:42.057+0000] {processor.py:925} INFO - DAG(s) 'matrix_minio' retrieved from /opt/airflow/dags/dag.py
[2026-04-10T18:40:42.090+0000] {logging_mixin.py:190} INFO - [2026-04-10T18:40:42.090+0000] {dag.py:3239} INFO - Sync 1 DAGs
[2026-04-10T18:40:42.108+0000] {logging_mixin.py:190} INFO - [2026-04-10T18:40:42.107+0000] {dag.py:4180} INFO - Setting next_dagrun for matrix_minio to None, run_after=None
[2026-04-10T18:40:42.131+0000] {processor.py:208} INFO - Processing /opt/airflow/dags/dag.py took 0.096 seconds
[2026-04-10T18:41:12.423+0000] {processor.py:186} INFO - Started process (PID=9016) to work on /opt/airflow/dags/dag.py
[2026-04-10T18:41:12.424+0000] {processor.py:914} INFO - Processing file /opt/airflow/dags/dag.py for tasks to queue
[2026-04-10T18:41:12.427+0000] {logging_mixin.py:190} INFO - [2026-04-10T18:41:12.427+0000] {dagbag.py:588} INFO - Filling up the DagBag from /opt/airflow/dags/dag.py
[2026-04-10T18:41:12.437+0000] {processor.py:925} INFO - DAG(s) 'matrix_minio' retrieved from /opt/airflow/dags/dag.py
[2026-04-10T18:41:12.476+0000] {logging_mixin.py:190} INFO - [2026-04-10T18:41:12.476+0000] {dag.py:3239} INFO - Sync 1 DAGs
[2026-04-10T18:41:12.494+0000] {logging_mixin.py:190} INFO - [2026-04-10T18:41:12.494+0000] {dag.py:4180} INFO - Setting next_dagrun for matrix_minio to None, run_after=None
[2026-04-10T18:41:12.517+0000] {processor.py:208} INFO - Processing /opt/airflow/dags/dag.py took 0.102 seconds
[2026-04-10T18:41:42.775+0000] {processor.py:186} INFO - Started process (PID=9087) to work on /opt/airflow/dags/dag.py
[2026-04-10T18:41:42.776+0000] {processor.py:914} INFO - Processing file /opt/airflow/dags/dag.py for tasks to queue
[2026-04-10T18:41:42.780+0000] {logging_mixin.py:190} INFO - [2026-04-10T18:41:42.780+0000] {dagbag.py:588} INFO - Filling up the DagBag from /opt/airflow/dags/dag.py
[2026-04-10T18:41:42.792+0000] {processor.py:925} INFO - DAG(s) 'matrix_minio' retrieved from /opt/airflow/dags/dag.py
[2026-04-10T18:41:42.834+0000] {logging_mixin.py:190} INFO - [2026-04-10T18:41:42.834+0000] {dag.py:3239} INFO - Sync 1 DAGs
[2026-04-10T18:41:42.856+0000] {logging_mixin.py:190} INFO - [2026-04-10T18:41:42.855+0000] {dag.py:4180} INFO - Setting next_dagrun for matrix_minio to None, run_after=None
[2026-04-10T18:41:42.882+0000] {processor.py:208} INFO - Processing /opt/airflow/dags/dag.py took 0.118 seconds
[2026-04-10T18:42:13.145+0000] {processor.py:186} INFO - Started process (PID=9158) to work on /opt/airflow/dags/dag.py
[2026-04-10T18:42:13.146+0000] {processor.py:914} INFO - Processing file /opt/airflow/dags/dag.py for tasks to queue
[2026-04-10T18:42:13.149+0000] {logging_mixin.py:190} INFO - [2026-04-10T18:42:13.149+0000] {dagbag.py:588} INFO - Filling up the DagBag from /opt/airflow/dags/dag.py
[2026-04-10T18:42:13.160+0000] {processor.py:925} INFO - DAG(s) 'matrix_minio' retrieved from /opt/airflow/dags/dag.py
[2026-04-10T18:42:13.193+0000] {logging_mixin.py:190} INFO - [2026-04-10T18:42:13.193+0000] {dag.py:3239} INFO - Sync 1 DAGs
[2026-04-10T18:42:13.213+0000] {logging_mixin.py:190} INFO - [2026-04-10T18:42:13.213+0000] {dag.py:4180} INFO - Setting next_dagrun for matrix_minio to None, run_after=None
[2026-04-10T18:42:13.238+0000] {processor.py:208} INFO - Processing /opt/airflow/dags/dag.py took 0.100 seconds
[2026-04-10T18:42:43.495+0000] {processor.py:186} INFO - Started process (PID=9229) to work on /opt/airflow/dags/dag.py
[2026-04-10T18:42:43.496+0000] {processor.py:914} INFO - Processing file /opt/airflow/dags/dag.py for tasks to queue
[2026-04-10T18:42:43.499+0000] {logging_mixin.py:190} INFO - [2026-04-10T18:42:43.499+0000] {dagbag.py:588} INFO - Filling up the DagBag from /opt/airflow/dags/dag.py
[2026-04-10T18:42:43.509+0000] {processor.py:925} INFO - DAG(s) 'matrix_minio' retrieved from /opt/airflow/dags/dag.py
[2026-04-10T18:42:43.549+0000] {logging_mixin.py:190} INFO - [2026-04-10T18:42:43.549+0000] {dag.py:3239} INFO - Sync 1 DAGs
[2026-04-10T18:42:43.571+0000] {logging_mixin.py:190} INFO - [2026-04-10T18:42:43.571+0000] {dag.py:4180} INFO - Setting next_dagrun for matrix_minio to None, run_after=None
[2026-04-10T18:42:43.596+0000] {processor.py:208} INFO - Processing /opt/airflow/dags/dag.py took 0.109 seconds
[2026-04-10T18:43:14.665+0000] {processor.py:186} INFO - Started process (PID=9300) to work on /opt/airflow/dags/dag.py
[2026-04-10T18:43:14.666+0000] {processor.py:914} INFO - Processing file /opt/airflow/dags/dag.py for tasks to queue
[2026-04-10T18:43:14.669+0000] {logging_mixin.py:190} INFO - [2026-04-10T18:43:14.669+0000] {dagbag.py:588} INFO - Filling up the DagBag from /opt/airflow/dags/dag.py
[2026-04-10T18:43:14.680+0000] {processor.py:925} INFO - DAG(s) 'matrix_minio' retrieved from /opt/airflow/dags/dag.py
[2026-04-10T18:43:14.715+0000] {logging_mixin.py:190} INFO - [2026-04-10T18:43:14.715+0000] {dag.py:3239} INFO - Sync 1 DAGs
[2026-04-10T18:43:14.735+0000] {logging_mixin.py:190} INFO - [2026-04-10T18:43:14.735+0000] {dag.py:4180} INFO - Setting next_dagrun for matrix_minio to None, run_after=None
[2026-04-10T18:43:14.759+0000] {processor.py:208} INFO - Processing /opt/airflow/dags/dag.py took 0.101 seconds
[2026-04-10T18:43:45.078+0000] {processor.py:186} INFO - Started process (PID=9371) to work on /opt/airflow/dags/dag.py
[2026-04-10T18:43:45.079+0000] {processor.py:914} INFO - Processing file /opt/airflow/dags/dag.py for tasks to queue
[2026-04-10T18:43:45.082+0000] {logging_mixin.py:190} INFO - [2026-04-10T18:43:45.081+0000] {dagbag.py:588} INFO - Filling up the DagBag from /opt/airflow/dags/dag.py
[2026-04-10T18:43:45.092+0000] {processor.py:925} INFO - DAG(s) 'matrix_minio' retrieved from /opt/airflow/dags/dag.py
[2026-04-10T18:43:45.124+0000] {logging_mixin.py:190} INFO - [2026-04-10T18:43:45.124+0000] {dag.py:3239} INFO - Sync 1 DAGs
[2026-04-10T18:43:45.143+0000] {logging_mixin.py:190} INFO - [2026-04-10T18:43:45.142+0000] {dag.py:4180} INFO - Setting next_dagrun for matrix_minio to None, run_after=None
[2026-04-10T18:43:45.168+0000] {processor.py:208} INFO - Processing /opt/airflow/dags/dag.py took 0.098 seconds
[2026-04-10T18:44:15.223+0000] {processor.py:186} INFO - Started process (PID=9439) to work on /opt/airflow/dags/dag.py
[2026-04-10T18:44:15.233+0000] {processor.py:914} INFO - Processing file /opt/airflow/dags/dag.py for tasks to queue
[2026-04-10T18:44:15.236+0000] {logging_mixin.py:190} INFO - [2026-04-10T18:44:15.236+0000] {dagbag.py:588} INFO - Filling up the DagBag from /opt/airflow/dags/dag.py
[2026-04-10T18:44:15.244+0000] {processor.py:925} INFO - DAG(s) 'matrix_minio' retrieved from /opt/airflow/dags/dag.py
[2026-04-10T18:44:15.277+0000] {logging_mixin.py:190} INFO - [2026-04-10T18:44:15.277+0000] {dag.py:3239} INFO - Sync 1 DAGs
[2026-04-10T18:44:15.294+0000] {logging_mixin.py:190} INFO - [2026-04-10T18:44:15.293+0000] {dag.py:4180} INFO - Setting next_dagrun for matrix_minio to None, run_after=None
[2026-04-10T18:44:15.318+0000] {processor.py:208} INFO - Processing /opt/airflow/dags/dag.py took 0.101 seconds
[2026-04-10T18:44:45.595+0000] {processor.py:186} INFO - Started process (PID=9513) to work on /opt/airflow/dags/dag.py
[2026-04-10T18:44:45.596+0000] {processor.py:914} INFO - Processing file /opt/airflow/dags/dag.py for tasks to queue
[2026-04-10T18:44:45.600+0000] {logging_mixin.py:190} INFO - [2026-04-10T18:44:45.599+0000] {dagbag.py:588} INFO - Filling up the DagBag from /opt/airflow/dags/dag.py
[2026-04-10T18:44:45.610+0000] {processor.py:925} INFO - DAG(s) 'matrix_minio' retrieved from /opt/airflow/dags/dag.py
[2026-04-10T18:44:45.643+0000] {logging_mixin.py:190} INFO - [2026-04-10T18:44:45.643+0000] {dag.py:3239} INFO - Sync 1 DAGs
[2026-04-10T18:44:45.664+0000] {logging_mixin.py:190} INFO - [2026-04-10T18:44:45.664+0000] {dag.py:4180} INFO - Setting next_dagrun for matrix_minio to None, run_after=None
[2026-04-10T18:44:45.688+0000] {processor.py:208} INFO - Processing /opt/airflow/dags/dag.py took 0.101 seconds
[2026-04-10T18:45:16.019+0000] {processor.py:186} INFO - Started process (PID=9584) to work on /opt/airflow/dags/dag.py
[2026-04-10T18:45:16.020+0000] {processor.py:914} INFO - Processing file /opt/airflow/dags/dag.py for tasks to queue
[2026-04-10T18:45:16.022+0000] {logging_mixin.py:190} INFO - [2026-04-10T18:45:16.022+0000] {dagbag.py:588} INFO - Filling up the DagBag from /opt/airflow/dags/dag.py
[2026-04-10T18:45:16.032+0000] {processor.py:925} INFO - DAG(s) 'matrix_minio' retrieved from /opt/airflow/dags/dag.py
[2026-04-10T18:45:16.074+0000] {logging_mixin.py:190} INFO - [2026-04-10T18:45:16.073+0000] {dag.py:3239} INFO - Sync 1 DAGs
[2026-04-10T18:45:16.096+0000] {logging_mixin.py:190} INFO - [2026-04-10T18:45:16.096+0000] {dag.py:4180} INFO - Setting next_dagrun for matrix_minio to None, run_after=None
[2026-04-10T18:45:16.125+0000] {processor.py:208} INFO - Processing /opt/airflow/dags/dag.py took 0.114 seconds
[2026-04-10T18:45:46.415+0000] {processor.py:186} INFO - Started process (PID=9655) to work on /opt/airflow/dags/dag.py
[2026-04-10T18:45:46.417+0000] {processor.py:914} INFO - Processing file /opt/airflow/dags/dag.py for tasks to queue
[2026-04-10T18:45:46.419+0000] {logging_mixin.py:190} INFO - [2026-04-10T18:45:46.419+0000] {dagbag.py:588} INFO - Filling up the DagBag from /opt/airflow/dags/dag.py
[2026-04-10T18:45:46.430+0000] {processor.py:925} INFO - DAG(s) 'matrix_minio' retrieved from /opt/airflow/dags/dag.py
[2026-04-10T18:45:46.470+0000] {logging_mixin.py:190} INFO - [2026-04-10T18:45:46.469+0000] {dag.py:3239} INFO - Sync 1 DAGs
[2026-04-10T18:45:46.496+0000] {logging_mixin.py:190} INFO - [2026-04-10T18:45:46.495+0000] {dag.py:4180} INFO - Setting next_dagrun for matrix_minio to None, run_after=None
[2026-04-10T18:45:46.522+0000] {processor.py:208} INFO - Processing /opt/airflow/dags/dag.py took 0.115 seconds
[2026-04-10T18:46:16.786+0000] {processor.py:186} INFO - Started process (PID=9726) to work on /opt/airflow/dags/dag.py
[2026-04-10T18:46:16.786+0000] {processor.py:914} INFO - Processing file /opt/airflow/dags/dag.py for tasks to queue
[2026-04-10T18:46:16.789+0000] {logging_mixin.py:190} INFO - [2026-04-10T18:46:16.788+0000] {dagbag.py:588} INFO - Filling up the DagBag from /opt/airflow/dags/dag.py
[2026-04-10T18:46:16.800+0000] {processor.py:925} INFO - DAG(s) 'matrix_minio' retrieved from /opt/airflow/dags/dag.py
[2026-04-10T18:46:16.844+0000] {logging_mixin.py:190} INFO - [2026-04-10T18:46:16.843+0000] {dag.py:3239} INFO - Sync 1 DAGs
[2026-04-10T18:46:16.869+0000] {logging_mixin.py:190} INFO - [2026-04-10T18:46:16.868+0000] {dag.py:4180} INFO - Setting next_dagrun for matrix_minio to None, run_after=None
[2026-04-10T18:46:16.894+0000] {processor.py:208} INFO - Processing /opt/airflow/dags/dag.py took 0.115 seconds
[2026-04-10T18:46:47.191+0000] {processor.py:186} INFO - Started process (PID=9797) to work on /opt/airflow/dags/dag.py
[2026-04-10T18:46:47.192+0000] {processor.py:914} INFO - Processing file /opt/airflow/dags/dag.py for tasks to queue
[2026-04-10T18:46:47.195+0000] {logging_mixin.py:190} INFO - [2026-04-10T18:46:47.194+0000] {dagbag.py:588} INFO - Filling up the DagBag from /opt/airflow/dags/dag.py
[2026-04-10T18:46:47.205+0000] {processor.py:925} INFO - DAG(s) 'matrix_minio' retrieved from /opt/airflow/dags/dag.py
[2026-04-10T18:46:47.239+0000] {logging_mixin.py:190} INFO - [2026-04-10T18:46:47.239+0000] {dag.py:3239} INFO - Sync 1 DAGs
[2026-04-10T18:46:47.258+0000] {logging_mixin.py:190} INFO - [2026-04-10T18:46:47.258+0000] {dag.py:4180} INFO - Setting next_dagrun for matrix_minio to None, run_after=None
[2026-04-10T18:46:47.285+0000] {processor.py:208} INFO - Processing /opt/airflow/dags/dag.py took 0.100 seconds
[2026-04-10T18:47:17.502+0000] {processor.py:186} INFO - Started process (PID=9868) to work on /opt/airflow/dags/dag.py
[2026-04-10T18:47:17.503+0000] {processor.py:914} INFO - Processing file /opt/airflow/dags/dag.py for tasks to queue
[2026-04-10T18:47:17.506+0000] {logging_mixin.py:190} INFO - [2026-04-10T18:47:17.506+0000] {dagbag.py:588} INFO - Filling up the DagBag from /opt/airflow/dags/dag.py
[2026-04-10T18:47:17.517+0000] {processor.py:925} INFO - DAG(s) 'matrix_minio' retrieved from /opt/airflow/dags/dag.py
[2026-04-10T18:47:17.552+0000] {logging_mixin.py:190} INFO - [2026-04-10T18:47:17.551+0000] {dag.py:3239} INFO - Sync 1 DAGs
[2026-04-10T18:47:17.571+0000] {logging_mixin.py:190} INFO - [2026-04-10T18:47:17.571+0000] {dag.py:4180} INFO - Setting next_dagrun for matrix_minio to None, run_after=None
[2026-04-10T18:47:17.599+0000] {processor.py:208} INFO - Processing /opt/airflow/dags/dag.py took 0.104 seconds
[2026-04-10T18:47:47.925+0000] {processor.py:186} INFO - Started process (PID=9939) to work on /opt/airflow/dags/dag.py
[2026-04-10T18:47:47.926+0000] {processor.py:914} INFO - Processing file /opt/airflow/dags/dag.py for tasks to queue
[2026-04-10T18:47:47.929+0000] {logging_mixin.py:190} INFO - [2026-04-10T18:47:47.928+0000] {dagbag.py:588} INFO - Filling up the DagBag from /opt/airflow/dags/dag.py
[2026-04-10T18:47:47.942+0000] {processor.py:925} INFO - DAG(s) 'matrix_minio' retrieved from /opt/airflow/dags/dag.py
[2026-04-10T18:47:47.979+0000] {logging_mixin.py:190} INFO - [2026-04-10T18:47:47.979+0000] {dag.py:3239} INFO - Sync 1 DAGs
[2026-04-10T18:47:48.000+0000] {logging_mixin.py:190} INFO - [2026-04-10T18:47:48.000+0000] {dag.py:4180} INFO - Setting next_dagrun for matrix_minio to None, run_after=None
[2026-04-10T18:47:48.025+0000] {processor.py:208} INFO - Processing /opt/airflow/dags/dag.py took 0.109 seconds
[2026-04-10T18:48:18.252+0000] {processor.py:186} INFO - Started process (PID=10010) to work on /opt/airflow/dags/dag.py
[2026-04-10T18:48:18.253+0000] {processor.py:914} INFO - Processing file /opt/airflow/dags/dag.py for tasks to queue
[2026-04-10T18:48:18.256+0000] {logging_mixin.py:190} INFO - [2026-04-10T18:48:18.255+0000] {dagbag.py:588} INFO - Filling up the DagBag from /opt/airflow/dags/dag.py
[2026-04-10T18:48:18.264+0000] {processor.py:925} INFO - DAG(s) 'matrix_minio' retrieved from /opt/airflow/dags/dag.py
[2026-04-10T18:48:18.296+0000] {logging_mixin.py:190} INFO - [2026-04-10T18:48:18.296+0000] {dag.py:3239} INFO - Sync 1 DAGs
[2026-04-10T18:48:18.313+0000] {logging_mixin.py:190} INFO - [2026-04-10T18:48:18.313+0000] {dag.py:4180} INFO - Setting next_dagrun for matrix_minio to None, run_after=None
[2026-04-10T18:48:18.334+0000] {processor.py:208} INFO - Processing /opt/airflow/dags/dag.py took 0.088 seconds
[2026-04-10T18:48:48.432+0000] {processor.py:186} INFO - Started process (PID=10081) to work on /opt/airflow/dags/dag.py
[2026-04-10T18:48:48.433+0000] {processor.py:914} INFO - Processing file /opt/airflow/dags/dag.py for tasks to queue
[2026-04-10T18:48:48.435+0000] {logging_mixin.py:190} INFO - [2026-04-10T18:48:48.435+0000] {dagbag.py:588} INFO - Filling up the DagBag from /opt/airflow/dags/dag.py
[2026-04-10T18:48:48.444+0000] {processor.py:925} INFO - DAG(s) 'matrix_minio' retrieved from /opt/airflow/dags/dag.py
[2026-04-10T18:48:48.473+0000] {logging_mixin.py:190} INFO - [2026-04-10T18:48:48.473+0000] {dag.py:3239} INFO - Sync 1 DAGs
[2026-04-10T18:48:48.491+0000] {logging_mixin.py:190} INFO - [2026-04-10T18:48:48.490+0000] {dag.py:4180} INFO - Setting next_dagrun for matrix_minio to None, run_after=None
[2026-04-10T18:48:48.513+0000] {processor.py:208} INFO - Processing /opt/airflow/dags/dag.py took 0.087 seconds
[2026-04-10T18:49:18.755+0000] {processor.py:186} INFO - Started process (PID=10152) to work on /opt/airflow/dags/dag.py
[2026-04-10T18:49:18.756+0000] {processor.py:914} INFO - Processing file /opt/airflow/dags/dag.py for tasks to queue
[2026-04-10T18:49:18.759+0000] {logging_mixin.py:190} INFO - [2026-04-10T18:49:18.759+0000] {dagbag.py:588} INFO - Filling up the DagBag from /opt/airflow/dags/dag.py
[2026-04-10T18:49:18.772+0000] {processor.py:925} INFO - DAG(s) 'matrix_minio' retrieved from /opt/airflow/dags/dag.py
[2026-04-10T18:49:18.811+0000] {logging_mixin.py:190} INFO - [2026-04-10T18:49:18.811+0000] {dag.py:3239} INFO - Sync 1 DAGs
[2026-04-10T18:49:18.834+0000] {logging_mixin.py:190} INFO - [2026-04-10T18:49:18.834+0000] {dag.py:4180} INFO - Setting next_dagrun for matrix_minio to None, run_after=None
[2026-04-10T18:49:18.861+0000] {processor.py:208} INFO - Processing /opt/airflow/dags/dag.py took 0.114 seconds
[2026-04-10T18:49:49.124+0000] {processor.py:186} INFO - Started process (PID=10223) to work on /opt/airflow/dags/dag.py
[2026-04-10T18:49:49.125+0000] {processor.py:914} INFO - Processing file /opt/airflow/dags/dag.py for tasks to queue
[2026-04-10T18:49:49.128+0000] {logging_mixin.py:190} INFO - [2026-04-10T18:49:49.127+0000] {dagbag.py:588} INFO - Filling up the DagBag from /opt/airflow/dags/dag.py
[2026-04-10T18:49:49.138+0000] {processor.py:925} INFO - DAG(s) 'matrix_minio' retrieved from /opt/airflow/dags/dag.py
[2026-04-10T18:49:49.171+0000] {logging_mixin.py:190} INFO - [2026-04-10T18:49:49.171+0000] {dag.py:3239} INFO - Sync 1 DAGs
[2026-04-10T18:49:49.191+0000] {logging_mixin.py:190} INFO - [2026-04-10T18:49:49.190+0000] {dag.py:4180} INFO - Setting next_dagrun for matrix_minio to None, run_after=None
[2026-04-10T18:49:49.214+0000] {processor.py:208} INFO - Processing /opt/airflow/dags/dag.py took 0.097 seconds
[2026-04-10T18:50:19.492+0000] {processor.py:186} INFO - Started process (PID=10294) to work on /opt/airflow/dags/dag.py
[2026-04-10T18:50:19.493+0000] {processor.py:914} INFO - Processing file /opt/airflow/dags/dag.py for tasks to queue
[2026-04-10T18:50:19.496+0000] {logging_mixin.py:190} INFO - [2026-04-10T18:50:19.495+0000] {dagbag.py:588} INFO - Filling up the DagBag from /opt/airflow/dags/dag.py
[2026-04-10T18:50:19.506+0000] {processor.py:925} INFO - DAG(s) 'matrix_minio' retrieved from /opt/airflow/dags/dag.py
[2026-04-10T18:50:19.542+0000] {logging_mixin.py:190} INFO - [2026-04-10T18:50:19.542+0000] {dag.py:3239} INFO - Sync 1 DAGs
[2026-04-10T18:50:19.563+0000] {logging_mixin.py:190} INFO - [2026-04-10T18:50:19.562+0000] {dag.py:4180} INFO - Setting next_dagrun for matrix_minio to None, run_after=None
[2026-04-10T18:50:19.587+0000] {processor.py:208} INFO - Processing /opt/airflow/dags/dag.py took 0.102 seconds
[2026-04-10T18:50:49.718+0000] {processor.py:186} INFO - Started process (PID=10365) to work on /opt/airflow/dags/dag.py
[2026-04-10T18:50:49.719+0000] {processor.py:914} INFO - Processing file /opt/airflow/dags/dag.py for tasks to queue
[2026-04-10T18:50:49.721+0000] {logging_mixin.py:190} INFO - [2026-04-10T18:50:49.721+0000] {dagbag.py:588} INFO - Filling up the DagBag from /opt/airflow/dags/dag.py
[2026-04-10T18:50:49.731+0000] {processor.py:925} INFO - DAG(s) 'matrix_minio' retrieved from /opt/airflow/dags/dag.py
[2026-04-10T18:50:49.764+0000] {logging_mixin.py:190} INFO - [2026-04-10T18:50:49.763+0000] {dag.py:3239} INFO - Sync 1 DAGs
[2026-04-10T18:50:49.783+0000] {logging_mixin.py:190} INFO - [2026-04-10T18:50:49.783+0000] {dag.py:4180} INFO - Setting next_dagrun for matrix_minio to None, run_after=None
[2026-04-10T18:50:49.810+0000] {processor.py:208} INFO - Processing /opt/airflow/dags/dag.py took 0.100 seconds
[2026-04-10T18:51:20.091+0000] {processor.py:186} INFO - Started process (PID=10436) to work on /opt/airflow/dags/dag.py
[2026-04-10T18:51:20.093+0000] {processor.py:914} INFO - Processing file /opt/airflow/dags/dag.py for tasks to queue
[2026-04-10T18:51:20.096+0000] {logging_mixin.py:190} INFO - [2026-04-10T18:51:20.095+0000] {dagbag.py:588} INFO - Filling up the DagBag from /opt/airflow/dags/dag.py
[2026-04-10T18:51:20.107+0000] {processor.py:925} INFO - DAG(s) 'matrix_minio' retrieved from /opt/airflow/dags/dag.py
[2026-04-10T18:51:20.155+0000] {logging_mixin.py:190} INFO - [2026-04-10T18:51:20.154+0000] {dag.py:3239} INFO - Sync 1 DAGs
[2026-04-10T18:51:20.189+0000] {logging_mixin.py:190} INFO - [2026-04-10T18:51:20.188+0000] {dag.py:4180} INFO - Setting next_dagrun for matrix_minio to None, run_after=None
[2026-04-10T18:51:20.235+0000] {processor.py:208} INFO - Processing /opt/airflow/dags/dag.py took 0.153 seconds
[2026-04-10T18:51:50.489+0000] {processor.py:186} INFO - Started process (PID=10507) to work on /opt/airflow/dags/dag.py
[2026-04-10T18:51:50.490+0000] {processor.py:914} INFO - Processing file /opt/airflow/dags/dag.py for tasks to queue
[2026-04-10T18:51:50.493+0000] {logging_mixin.py:190} INFO - [2026-04-10T18:51:50.493+0000] {dagbag.py:588} INFO - Filling up the DagBag from /opt/airflow/dags/dag.py
[2026-04-10T18:51:50.506+0000] {processor.py:925} INFO - DAG(s) 'matrix_minio' retrieved from /opt/airflow/dags/dag.py
[2026-04-10T18:51:50.540+0000] {logging_mixin.py:190} INFO - [2026-04-10T18:51:50.540+0000] {dag.py:3239} INFO - Sync 1 DAGs
[2026-04-10T18:51:50.559+0000] {logging_mixin.py:190} INFO - [2026-04-10T18:51:50.558+0000] {dag.py:4180} INFO - Setting next_dagrun for matrix_minio to None, run_after=None
[2026-04-10T18:51:50.584+0000] {processor.py:208} INFO - Processing /opt/airflow/dags/dag.py took 0.104 seconds
[2026-04-10T18:52:20.807+0000] {processor.py:186} INFO - Started process (PID=10578) to work on /opt/airflow/dags/dag.py
[2026-04-10T18:52:20.809+0000] {processor.py:914} INFO - Processing file /opt/airflow/dags/dag.py for tasks to queue
[2026-04-10T18:52:20.812+0000] {logging_mixin.py:190} INFO - [2026-04-10T18:52:20.811+0000] {dagbag.py:588} INFO - Filling up the DagBag from /opt/airflow/dags/dag.py
[2026-04-10T18:52:20.822+0000] {processor.py:925} INFO - DAG(s) 'matrix_minio' retrieved from /opt/airflow/dags/dag.py
[2026-04-10T18:52:20.860+0000] {logging_mixin.py:190} INFO - [2026-04-10T18:52:20.860+0000] {dag.py:3239} INFO - Sync 1 DAGs
[2026-04-10T18:52:20.884+0000] {logging_mixin.py:190} INFO - [2026-04-10T18:52:20.884+0000] {dag.py:4180} INFO - Setting next_dagrun for matrix_minio to None, run_after=None
[2026-04-10T18:52:20.911+0000] {processor.py:208} INFO - Processing /opt/airflow/dags/dag.py took 0.111 seconds
[2026-04-10T18:52:51.185+0000] {processor.py:186} INFO - Started process (PID=10649) to work on /opt/airflow/dags/dag.py
[2026-04-10T18:52:51.186+0000] {processor.py:914} INFO - Processing file /opt/airflow/dags/dag.py for tasks to queue
[2026-04-10T18:52:51.189+0000] {logging_mixin.py:190} INFO - [2026-04-10T18:52:51.189+0000] {dagbag.py:588} INFO - Filling up the DagBag from /opt/airflow/dags/dag.py
[2026-04-10T18:52:51.200+0000] {processor.py:925} INFO - DAG(s) 'matrix_minio' retrieved from /opt/airflow/dags/dag.py
[2026-04-10T18:52:51.234+0000] {logging_mixin.py:190} INFO - [2026-04-10T18:52:51.234+0000] {dag.py:3239} INFO - Sync 1 DAGs
[2026-04-10T18:52:51.254+0000] {logging_mixin.py:190} INFO - [2026-04-10T18:52:51.254+0000] {dag.py:4180} INFO - Setting next_dagrun for matrix_minio to None, run_after=None
[2026-04-10T18:52:51.284+0000] {processor.py:208} INFO - Processing /opt/airflow/dags/dag.py took 0.109 seconds
[2026-04-10T18:53:21.533+0000] {processor.py:186} INFO - Started process (PID=10720) to work on /opt/airflow/dags/dag.py
[2026-04-10T18:53:21.534+0000] {processor.py:914} INFO - Processing file /opt/airflow/dags/dag.py for tasks to queue
[2026-04-10T18:53:21.536+0000] {logging_mixin.py:190} INFO - [2026-04-10T18:53:21.536+0000] {dagbag.py:588} INFO - Filling up the DagBag from /opt/airflow/dags/dag.py
[2026-04-10T18:53:21.546+0000] {processor.py:925} INFO - DAG(s) 'matrix_minio' retrieved from /opt/airflow/dags/dag.py
[2026-04-10T18:53:21.584+0000] {logging_mixin.py:190} INFO - [2026-04-10T18:53:21.584+0000] {dag.py:3239} INFO - Sync 1 DAGs
[2026-04-10T18:53:21.605+0000] {logging_mixin.py:190} INFO - [2026-04-10T18:53:21.605+0000] {dag.py:4180} INFO - Setting next_dagrun for matrix_minio to None, run_after=None
[2026-04-10T18:53:21.629+0000] {processor.py:208} INFO - Processing /opt/airflow/dags/dag.py took 0.104 seconds
[2026-04-10T18:53:51.890+0000] {processor.py:186} INFO - Started process (PID=10791) to work on /opt/airflow/dags/dag.py
[2026-04-10T18:53:51.891+0000] {processor.py:914} INFO - Processing file /opt/airflow/dags/dag.py for tasks to queue
[2026-04-10T18:53:51.894+0000] {logging_mixin.py:190} INFO - [2026-04-10T18:53:51.893+0000] {dagbag.py:588} INFO - Filling up the DagBag from /opt/airflow/dags/dag.py
[2026-04-10T18:53:51.903+0000] {processor.py:925} INFO - DAG(s) 'matrix_minio' retrieved from /opt/airflow/dags/dag.py
[2026-04-10T18:53:51.936+0000] {logging_mixin.py:190} INFO - [2026-04-10T18:53:51.935+0000] {dag.py:3239} INFO - Sync 1 DAGs
[2026-04-10T18:53:51.954+0000] {logging_mixin.py:190} INFO - [2026-04-10T18:53:51.954+0000] {dag.py:4180} INFO - Setting next_dagrun for matrix_minio to None, run_after=None
[2026-04-10T18:53:51.978+0000] {processor.py:208} INFO - Processing /opt/airflow/dags/dag.py took 0.098 seconds
[2026-04-10T18:54:22.213+0000] {processor.py:186} INFO - Started process (PID=10862) to work on /opt/airflow/dags/dag.py
[2026-04-10T18:54:22.214+0000] {processor.py:914} INFO - Processing file /opt/airflow/dags/dag.py for tasks to queue
[2026-04-10T18:54:22.217+0000] {logging_mixin.py:190} INFO - [2026-04-10T18:54:22.216+0000] {dagbag.py:588} INFO - Filling up the DagBag from /opt/airflow/dags/dag.py
[2026-04-10T18:54:22.225+0000] {processor.py:925} INFO - DAG(s) 'matrix_minio' retrieved from /opt/airflow/dags/dag.py
[2026-04-10T18:54:22.257+0000] {logging_mixin.py:190} INFO - [2026-04-10T18:54:22.257+0000] {dag.py:3239} INFO - Sync 1 DAGs
[2026-04-10T18:54:22.276+0000] {logging_mixin.py:190} INFO - [2026-04-10T18:54:22.276+0000] {dag.py:4180} INFO - Setting next_dagrun for matrix_minio to None, run_after=None
[2026-04-10T18:54:22.299+0000] {processor.py:208} INFO - Processing /opt/airflow/dags/dag.py took 0.097 seconds
[2026-04-10T18:54:53.359+0000] {processor.py:186} INFO - Started process (PID=10933) to work on /opt/airflow/dags/dag.py
[2026-04-10T18:54:53.360+0000] {processor.py:914} INFO - Processing file /opt/airflow/dags/dag.py for tasks to queue
[2026-04-10T18:54:53.363+0000] {logging_mixin.py:190} INFO - [2026-04-10T18:54:53.363+0000] {dagbag.py:588} INFO - Filling up the DagBag from /opt/airflow/dags/dag.py
[2026-04-10T18:54:53.373+0000] {processor.py:925} INFO - DAG(s) 'matrix_minio' retrieved from /opt/airflow/dags/dag.py
[2026-04-10T18:54:53.407+0000] {logging_mixin.py:190} INFO - [2026-04-10T18:54:53.407+0000] {dag.py:3239} INFO - Sync 1 DAGs
[2026-04-10T18:54:53.430+0000] {logging_mixin.py:190} INFO - [2026-04-10T18:54:53.430+0000] {dag.py:4180} INFO - Setting next_dagrun for matrix_minio to None, run_after=None
[2026-04-10T18:54:53.459+0000] {processor.py:208} INFO - Processing /opt/airflow/dags/dag.py took 0.107 seconds
[2026-04-10T18:55:23.769+0000] {processor.py:186} INFO - Started process (PID=11004) to work on /opt/airflow/dags/dag.py
[2026-04-10T18:55:23.770+0000] {processor.py:914} INFO - Processing file /opt/airflow/dags/dag.py for tasks to queue
[2026-04-10T18:55:23.773+0000] {logging_mixin.py:190} INFO - [2026-04-10T18:55:23.772+0000] {dagbag.py:588} INFO - Filling up the DagBag from /opt/airflow/dags/dag.py
[2026-04-10T18:55:23.782+0000] {processor.py:925} INFO - DAG(s) 'matrix_minio' retrieved from /opt/airflow/dags/dag.py
[2026-04-10T18:55:23.825+0000] {logging_mixin.py:190} INFO - [2026-04-10T18:55:23.825+0000] {dag.py:3239} INFO - Sync 1 DAGs
[2026-04-10T18:55:23.849+0000] {logging_mixin.py:190} INFO - [2026-04-10T18:55:23.848+0000] {dag.py:4180} INFO - Setting next_dagrun for matrix_minio to None, run_after=None
[2026-04-10T18:55:23.876+0000] {processor.py:208} INFO - Processing /opt/airflow/dags/dag.py took 0.115 seconds
[2026-04-10T18:55:54.130+0000] {processor.py:186} INFO - Started process (PID=11075) to work on /opt/airflow/dags/dag.py
[2026-04-10T18:55:54.131+0000] {processor.py:914} INFO - Processing file /opt/airflow/dags/dag.py for tasks to queue
[2026-04-10T18:55:54.134+0000] {logging_mixin.py:190} INFO - [2026-04-10T18:55:54.134+0000] {dagbag.py:588} INFO - Filling up the DagBag from /opt/airflow/dags/dag.py
[2026-04-10T18:55:54.146+0000] {processor.py:925} INFO - DAG(s) 'matrix_minio' retrieved from /opt/airflow/dags/dag.py
[2026-04-10T18:55:54.191+0000] {logging_mixin.py:190} INFO - [2026-04-10T18:55:54.191+0000] {dag.py:3239} INFO - Sync 1 DAGs
[2026-04-10T18:55:54.216+0000] {logging_mixin.py:190} INFO - [2026-04-10T18:55:54.215+0000] {dag.py:4180} INFO - Setting next_dagrun for matrix_minio to None, run_after=None
[2026-04-10T18:55:54.243+0000] {processor.py:208} INFO - Processing /opt/airflow/dags/dag.py took 0.121 seconds
[2026-04-10T18:56:24.561+0000] {processor.py:186} INFO - Started process (PID=11146) to work on /opt/airflow/dags/dag.py
[2026-04-10T18:56:24.562+0000] {processor.py:914} INFO - Processing file /opt/airflow/dags/dag.py for tasks to queue
[2026-04-10T18:56:24.565+0000] {logging_mixin.py:190} INFO - [2026-04-10T18:56:24.564+0000] {dagbag.py:588} INFO - Filling up the DagBag from /opt/airflow/dags/dag.py
[2026-04-10T18:56:24.574+0000] {processor.py:925} INFO - DAG(s) 'matrix_minio' retrieved from /opt/airflow/dags/dag.py
[2026-04-10T18:56:24.605+0000] {logging_mixin.py:190} INFO - [2026-04-10T18:56:24.605+0000] {dag.py:3239} INFO - Sync 1 DAGs
[2026-04-10T18:56:24.623+0000] {logging_mixin.py:190} INFO - [2026-04-10T18:56:24.623+0000] {dag.py:4180} INFO - Setting next_dagrun for matrix_minio to None, run_after=None
[2026-04-10T18:56:24.645+0000] {processor.py:208} INFO - Processing /opt/airflow/dags/dag.py took 0.090 seconds
[2026-04-10T18:56:54.761+0000] {processor.py:186} INFO - Started process (PID=11217) to work on /opt/airflow/dags/dag.py
[2026-04-10T18:56:54.762+0000] {processor.py:914} INFO - Processing file /opt/airflow/dags/dag.py for tasks to queue
[2026-04-10T18:56:54.765+0000] {logging_mixin.py:190} INFO - [2026-04-10T18:56:54.765+0000] {dagbag.py:588} INFO - Filling up the DagBag from /opt/airflow/dags/dag.py
[2026-04-10T18:56:54.779+0000] {processor.py:925} INFO - DAG(s) 'matrix_minio' retrieved from /opt/airflow/dags/dag.py
[2026-04-10T18:56:54.813+0000] {logging_mixin.py:190} INFO - [2026-04-10T18:56:54.813+0000] {dag.py:3239} INFO - Sync 1 DAGs
[2026-04-10T18:56:54.834+0000] {logging_mixin.py:190} INFO - [2026-04-10T18:56:54.833+0000] {dag.py:4180} INFO - Setting next_dagrun for matrix_minio to None, run_after=None
[2026-04-10T18:56:54.858+0000] {processor.py:208} INFO - Processing /opt/airflow/dags/dag.py took 0.106 seconds
[2026-04-10T18:57:25.107+0000] {processor.py:186} INFO - Started process (PID=11289) to work on /opt/airflow/dags/dag.py
[2026-04-10T18:57:25.108+0000] {processor.py:914} INFO - Processing file /opt/airflow/dags/dag.py for tasks to queue
[2026-04-10T18:57:25.111+0000] {logging_mixin.py:190} INFO - [2026-04-10T18:57:25.110+0000] {dagbag.py:588} INFO - Filling up the DagBag from /opt/airflow/dags/dag.py
[2026-04-10T18:57:25.123+0000] {processor.py:925} INFO - DAG(s) 'matrix_minio' retrieved from /opt/airflow/dags/dag.py
[2026-04-10T18:57:25.164+0000] {logging_mixin.py:190} INFO - [2026-04-10T18:57:25.164+0000] {dag.py:3239} INFO - Sync 1 DAGs
[2026-04-10T18:57:25.189+0000] {logging_mixin.py:190} INFO - [2026-04-10T18:57:25.189+0000] {dag.py:4180} INFO - Setting next_dagrun for matrix_minio to None, run_after=None
[2026-04-10T18:57:25.214+0000] {processor.py:208} INFO - Processing /opt/airflow/dags/dag.py took 0.115 seconds
[2026-04-10T18:57:55.479+0000] {processor.py:186} INFO - Started process (PID=11360) to work on /opt/airflow/dags/dag.py
[2026-04-10T18:57:55.481+0000] {processor.py:914} INFO - Processing file /opt/airflow/dags/dag.py for tasks to queue
[2026-04-10T18:57:55.484+0000] {logging_mixin.py:190} INFO - [2026-04-10T18:57:55.483+0000] {dagbag.py:588} INFO - Filling up the DagBag from /opt/airflow/dags/dag.py
[2026-04-10T18:57:55.497+0000] {processor.py:925} INFO - DAG(s) 'matrix_minio' retrieved from /opt/airflow/dags/dag.py
[2026-04-10T18:57:55.532+0000] {logging_mixin.py:190} INFO - [2026-04-10T18:57:55.531+0000] {dag.py:3239} INFO - Sync 1 DAGs
[2026-04-10T18:57:55.554+0000] {logging_mixin.py:190} INFO - [2026-04-10T18:57:55.553+0000] {dag.py:4180} INFO - Setting next_dagrun for matrix_minio to None, run_after=None
[2026-04-10T18:57:55.585+0000] {processor.py:208} INFO - Processing /opt/airflow/dags/dag.py took 0.116 seconds
[2026-04-10T18:58:25.917+0000] {processor.py:186} INFO - Started process (PID=11431) to work on /opt/airflow/dags/dag.py
[2026-04-10T18:58:25.918+0000] {processor.py:914} INFO - Processing file /opt/airflow/dags/dag.py for tasks to queue
[2026-04-10T18:58:25.921+0000] {logging_mixin.py:190} INFO - [2026-04-10T18:58:25.920+0000] {dagbag.py:588} INFO - Filling up the DagBag from /opt/airflow/dags/dag.py
[2026-04-10T18:58:25.931+0000] {processor.py:925} INFO - DAG(s) 'matrix_minio' retrieved from /opt/airflow/dags/dag.py
[2026-04-10T18:58:25.970+0000] {logging_mixin.py:190} INFO - [2026-04-10T18:58:25.970+0000] {dag.py:3239} INFO - Sync 1 DAGs
[2026-04-10T18:58:25.992+0000] {logging_mixin.py:190} INFO - [2026-04-10T18:58:25.992+0000] {dag.py:4180} INFO - Setting next_dagrun for matrix_minio to None, run_after=None
[2026-04-10T18:58:26.021+0000] {processor.py:208} INFO - Processing /opt/airflow/dags/dag.py took 0.112 seconds
[2026-04-10T18:58:56.323+0000] {processor.py:186} INFO - Started process (PID=11503) to work on /opt/airflow/dags/dag.py
[2026-04-10T18:58:56.324+0000] {processor.py:914} INFO - Processing file /opt/airflow/dags/dag.py for tasks to queue
[2026-04-10T18:58:56.326+0000] {logging_mixin.py:190} INFO - [2026-04-10T18:58:56.326+0000] {dagbag.py:588} INFO - Filling up the DagBag from /opt/airflow/dags/dag.py
[2026-04-10T18:58:56.336+0000] {processor.py:925} INFO - DAG(s) 'matrix_minio' retrieved from /opt/airflow/dags/dag.py
[2026-04-10T18:58:56.373+0000] {logging_mixin.py:190} INFO - [2026-04-10T18:58:56.373+0000] {dag.py:3239} INFO - Sync 1 DAGs
[2026-04-10T18:58:56.391+0000] {logging_mixin.py:190} INFO - [2026-04-10T18:58:56.391+0000] {dag.py:4180} INFO - Setting next_dagrun for matrix_minio to None, run_after=None
[2026-04-10T18:58:56.417+0000] {processor.py:208} INFO - Processing /opt/airflow/dags/dag.py took 0.101 seconds
[2026-04-10T18:59:27.512+0000] {processor.py:186} INFO - Started process (PID=11574) to work on /opt/airflow/dags/dag.py
[2026-04-10T18:59:27.513+0000] {processor.py:914} INFO - Processing file /opt/airflow/dags/dag.py for tasks to queue
[2026-04-10T18:59:27.516+0000] {logging_mixin.py:190} INFO - [2026-04-10T18:59:27.516+0000] {dagbag.py:588} INFO - Filling up the DagBag from /opt/airflow/dags/dag.py
[2026-04-10T18:59:27.525+0000] {processor.py:925} INFO - DAG(s) 'matrix_minio' retrieved from /opt/airflow/dags/dag.py
[2026-04-10T18:59:27.558+0000] {logging_mixin.py:190} INFO - [2026-04-10T18:59:27.558+0000] {dag.py:3239} INFO - Sync 1 DAGs
[2026-04-10T18:59:27.578+0000] {logging_mixin.py:190} INFO - [2026-04-10T18:59:27.578+0000] {dag.py:4180} INFO - Setting next_dagrun for matrix_minio to None, run_after=None
[2026-04-10T18:59:27.603+0000] {processor.py:208} INFO - Processing /opt/airflow/dags/dag.py took 0.099 seconds
[2026-04-10T18:59:57.867+0000] {processor.py:186} INFO - Started process (PID=11645) to work on /opt/airflow/dags/dag.py
[2026-04-10T18:59:57.869+0000] {processor.py:914} INFO - Processing file /opt/airflow/dags/dag.py for tasks to queue
[2026-04-10T18:59:57.872+0000] {logging_mixin.py:190} INFO - [2026-04-10T18:59:57.872+0000] {dagbag.py:588} INFO - Filling up the DagBag from /opt/airflow/dags/dag.py
[2026-04-10T18:59:57.884+0000] {processor.py:925} INFO - DAG(s) 'matrix_minio' retrieved from /opt/airflow/dags/dag.py
[2026-04-10T18:59:57.924+0000] {logging_mixin.py:190} INFO - [2026-04-10T18:59:57.924+0000] {dag.py:3239} INFO - Sync 1 DAGs
[2026-04-10T18:59:57.947+0000] {logging_mixin.py:190} INFO - [2026-04-10T18:59:57.946+0000] {dag.py:4180} INFO - Setting next_dagrun for matrix_minio to None, run_after=None
[2026-04-10T18:59:57.972+0000] {processor.py:208} INFO - Processing /opt/airflow/dags/dag.py took 0.112 seconds
[2026-04-10T19:00:28.345+0000] {processor.py:186} INFO - Started process (PID=11722) to work on /opt/airflow/dags/dag.py
[2026-04-10T19:00:28.346+0000] {processor.py:914} INFO - Processing file /opt/airflow/dags/dag.py for tasks to queue
[2026-04-10T19:00:28.349+0000] {logging_mixin.py:190} INFO - [2026-04-10T19:00:28.348+0000] {dagbag.py:588} INFO - Filling up the DagBag from /opt/airflow/dags/dag.py
[2026-04-10T19:00:28.361+0000] {processor.py:925} INFO - DAG(s) 'matrix_minio' retrieved from /opt/airflow/dags/dag.py
[2026-04-10T19:00:28.404+0000] {logging_mixin.py:190} INFO - [2026-04-10T19:00:28.404+0000] {dag.py:3239} INFO - Sync 1 DAGs
[2026-04-10T19:00:28.429+0000] {logging_mixin.py:190} INFO - [2026-04-10T19:00:28.428+0000] {dag.py:4180} INFO - Setting next_dagrun for matrix_minio to None, run_after=None
[2026-04-10T19:00:28.457+0000] {processor.py:208} INFO - Processing /opt/airflow/dags/dag.py took 0.121 seconds
[2026-04-10T19:00:58.769+0000] {processor.py:186} INFO - Started process (PID=11793) to work on /opt/airflow/dags/dag.py
[2026-04-10T19:00:58.770+0000] {processor.py:914} INFO - Processing file /opt/airflow/dags/dag.py for tasks to queue
[2026-04-10T19:00:58.774+0000] {logging_mixin.py:190} INFO - [2026-04-10T19:00:58.773+0000] {dagbag.py:588} INFO - Filling up the DagBag from /opt/airflow/dags/dag.py
[2026-04-10T19:00:58.787+0000] {processor.py:925} INFO - DAG(s) 'matrix_minio' retrieved from /opt/airflow/dags/dag.py
[2026-04-10T19:00:58.822+0000] {logging_mixin.py:190} INFO - [2026-04-10T19:00:58.821+0000] {dag.py:3239} INFO - Sync 1 DAGs
[2026-04-10T19:00:58.842+0000] {logging_mixin.py:190} INFO - [2026-04-10T19:00:58.842+0000] {dag.py:4180} INFO - Setting next_dagrun for matrix_minio to None, run_after=None
[2026-04-10T19:00:58.877+0000] {processor.py:208} INFO - Processing /opt/airflow/dags/dag.py took 0.115 seconds
[2026-04-10T19:01:29.097+0000] {processor.py:186} INFO - Started process (PID=11864) to work on /opt/airflow/dags/dag.py
[2026-04-10T19:01:29.098+0000] {processor.py:914} INFO - Processing file /opt/airflow/dags/dag.py for tasks to queue
[2026-04-10T19:01:29.100+0000] {logging_mixin.py:190} INFO - [2026-04-10T19:01:29.100+0000] {dagbag.py:588} INFO - Filling up the DagBag from /opt/airflow/dags/dag.py
[2026-04-10T19:01:29.109+0000] {processor.py:925} INFO - DAG(s) 'matrix_minio' retrieved from /opt/airflow/dags/dag.py
[2026-04-10T19:01:29.140+0000] {logging_mixin.py:190} INFO - [2026-04-10T19:01:29.140+0000] {dag.py:3239} INFO - Sync 1 DAGs
[2026-04-10T19:01:29.159+0000] {logging_mixin.py:190} INFO - [2026-04-10T19:01:29.158+0000] {dag.py:4180} INFO - Setting next_dagrun for matrix_minio to None, run_after=None
[2026-04-10T19:01:29.184+0000] {processor.py:208} INFO - Processing /opt/airflow/dags/dag.py took 0.094 seconds
[2026-04-10T19:01:59.400+0000] {processor.py:186} INFO - Started process (PID=11935) to work on /opt/airflow/dags/dag.py
[2026-04-10T19:01:59.401+0000] {processor.py:914} INFO - Processing file /opt/airflow/dags/dag.py for tasks to queue
[2026-04-10T19:01:59.404+0000] {logging_mixin.py:190} INFO - [2026-04-10T19:01:59.404+0000] {dagbag.py:588} INFO - Filling up the DagBag from /opt/airflow/dags/dag.py
[2026-04-10T19:01:59.415+0000] {processor.py:925} INFO - DAG(s) 'matrix_minio' retrieved from /opt/airflow/dags/dag.py
[2026-04-10T19:01:59.449+0000] {logging_mixin.py:190} INFO - [2026-04-10T19:01:59.449+0000] {dag.py:3239} INFO - Sync 1 DAGs
[2026-04-10T19:01:59.474+0000] {logging_mixin.py:190} INFO - [2026-04-10T19:01:59.473+0000] {dag.py:4180} INFO - Setting next_dagrun for matrix_minio to None, run_after=None
[2026-04-10T19:01:59.500+0000] {processor.py:208} INFO - Processing /opt/airflow/dags/dag.py took 0.108 seconds
[2026-04-10T19:02:29.754+0000] {processor.py:186} INFO - Started process (PID=12006) to work on /opt/airflow/dags/dag.py
[2026-04-10T19:02:29.755+0000] {processor.py:914} INFO - Processing file /opt/airflow/dags/dag.py for tasks to queue
[2026-04-10T19:02:29.758+0000] {logging_mixin.py:190} INFO - [2026-04-10T19:02:29.757+0000] {dagbag.py:588} INFO - Filling up the DagBag from /opt/airflow/dags/dag.py
[2026-04-10T19:02:29.770+0000] {processor.py:925} INFO - DAG(s) 'matrix_minio' retrieved from /opt/airflow/dags/dag.py
[2026-04-10T19:02:29.807+0000] {logging_mixin.py:190} INFO - [2026-04-10T19:02:29.807+0000] {dag.py:3239} INFO - Sync 1 DAGs
[2026-04-10T19:02:29.829+0000] {logging_mixin.py:190} INFO - [2026-04-10T19:02:29.829+0000] {dag.py:4180} INFO - Setting next_dagrun for matrix_minio to None, run_after=None
[2026-04-10T19:02:29.857+0000] {processor.py:208} INFO - Processing /opt/airflow/dags/dag.py took 0.112 seconds
[2026-04-10T19:03:00.204+0000] {processor.py:186} INFO - Started process (PID=12077) to work on /opt/airflow/dags/dag.py
[2026-04-10T19:03:00.207+0000] {processor.py:914} INFO - Processing file /opt/airflow/dags/dag.py for tasks to queue
[2026-04-10T19:03:00.209+0000] {logging_mixin.py:190} INFO - [2026-04-10T19:03:00.209+0000] {dagbag.py:588} INFO - Filling up the DagBag from /opt/airflow/dags/dag.py
[2026-04-10T19:03:00.219+0000] {processor.py:925} INFO - DAG(s) 'matrix_minio' retrieved from /opt/airflow/dags/dag.py
[2026-04-10T19:03:00.255+0000] {logging_mixin.py:190} INFO - [2026-04-10T19:03:00.255+0000] {dag.py:3239} INFO - Sync 1 DAGs
[2026-04-10T19:03:00.276+0000] {logging_mixin.py:190} INFO - [2026-04-10T19:03:00.275+0000] {dag.py:4180} INFO - Setting next_dagrun for matrix_minio to None, run_after=None
[2026-04-10T19:03:00.303+0000] {processor.py:208} INFO - Processing /opt/airflow/dags/dag.py took 0.105 seconds
[2026-04-10T19:03:30.603+0000] {processor.py:186} INFO - Started process (PID=12148) to work on /opt/airflow/dags/dag.py
[2026-04-10T19:03:30.604+0000] {processor.py:914} INFO - Processing file /opt/airflow/dags/dag.py for tasks to queue
[2026-04-10T19:03:30.606+0000] {logging_mixin.py:190} INFO - [2026-04-10T19:03:30.606+0000] {dagbag.py:588} INFO - Filling up the DagBag from /opt/airflow/dags/dag.py
[2026-04-10T19:03:30.615+0000] {processor.py:925} INFO - DAG(s) 'matrix_minio' retrieved from /opt/airflow/dags/dag.py
[2026-04-10T19:03:30.648+0000] {logging_mixin.py:190} INFO - [2026-04-10T19:03:30.647+0000] {dag.py:3239} INFO - Sync 1 DAGs
[2026-04-10T19:03:30.664+0000] {logging_mixin.py:190} INFO - [2026-04-10T19:03:30.664+0000] {dag.py:4180} INFO - Setting next_dagrun for matrix_minio to None, run_after=None
[2026-04-10T19:03:30.687+0000] {processor.py:208} INFO - Processing /opt/airflow/dags/dag.py took 0.090 seconds
[2026-04-10T19:04:00.937+0000] {processor.py:186} INFO - Started process (PID=12219) to work on /opt/airflow/dags/dag.py
[2026-04-10T19:04:00.938+0000] {processor.py:914} INFO - Processing file /opt/airflow/dags/dag.py for tasks to queue
[2026-04-10T19:04:00.940+0000] {logging_mixin.py:190} INFO - [2026-04-10T19:04:00.940+0000] {dagbag.py:588} INFO - Filling up the DagBag from /opt/airflow/dags/dag.py
[2026-04-10T19:04:00.950+0000] {processor.py:925} INFO - DAG(s) 'matrix_minio' retrieved from /opt/airflow/dags/dag.py
[2026-04-10T19:04:00.985+0000] {logging_mixin.py:190} INFO - [2026-04-10T19:04:00.985+0000] {dag.py:3239} INFO - Sync 1 DAGs
[2026-04-10T19:04:01.006+0000] {logging_mixin.py:190} INFO - [2026-04-10T19:04:01.006+0000] {dag.py:4180} INFO - Setting next_dagrun for matrix_minio to None, run_after=None
[2026-04-10T19:04:01.032+0000] {processor.py:208} INFO - Processing /opt/airflow/dags/dag.py took 0.102 seconds
[2026-04-10T19:04:31.281+0000] {processor.py:186} INFO - Started process (PID=12290) to work on /opt/airflow/dags/dag.py
[2026-04-10T19:04:31.283+0000] {processor.py:914} INFO - Processing file /opt/airflow/dags/dag.py for tasks to queue
[2026-04-10T19:04:31.286+0000] {logging_mixin.py:190} INFO - [2026-04-10T19:04:31.285+0000] {dagbag.py:588} INFO - Filling up the DagBag from /opt/airflow/dags/dag.py
[2026-04-10T19:04:31.296+0000] {processor.py:925} INFO - DAG(s) 'matrix_minio' retrieved from /opt/airflow/dags/dag.py
[2026-04-10T19:04:31.334+0000] {logging_mixin.py:190} INFO - [2026-04-10T19:04:31.334+0000] {dag.py:3239} INFO - Sync 1 DAGs
[2026-04-10T19:04:31.354+0000] {logging_mixin.py:190} INFO - [2026-04-10T19:04:31.354+0000] {dag.py:4180} INFO - Setting next_dagrun for matrix_minio to None, run_after=None
[2026-04-10T19:04:31.379+0000] {processor.py:208} INFO - Processing /opt/airflow/dags/dag.py took 0.107 seconds
[2026-04-10T19:05:01.644+0000] {processor.py:186} INFO - Started process (PID=12361) to work on /opt/airflow/dags/dag.py
[2026-04-10T19:05:01.645+0000] {processor.py:914} INFO - Processing file /opt/airflow/dags/dag.py for tasks to queue
[2026-04-10T19:05:01.648+0000] {logging_mixin.py:190} INFO - [2026-04-10T19:05:01.648+0000] {dagbag.py:588} INFO - Filling up the DagBag from /opt/airflow/dags/dag.py
[2026-04-10T19:05:01.659+0000] {processor.py:925} INFO - DAG(s) 'matrix_minio' retrieved from /opt/airflow/dags/dag.py
[2026-04-10T19:05:01.692+0000] {logging_mixin.py:190} INFO - [2026-04-10T19:05:01.692+0000] {dag.py:3239} INFO - Sync 1 DAGs
[2026-04-10T19:05:01.713+0000] {logging_mixin.py:190} INFO - [2026-04-10T19:05:01.712+0000] {dag.py:4180} INFO - Setting next_dagrun for matrix_minio to None, run_after=None
[2026-04-10T19:05:01.738+0000] {processor.py:208} INFO - Processing /opt/airflow/dags/dag.py took 0.100 seconds
[2026-04-10T19:05:31.976+0000] {processor.py:186} INFO - Started process (PID=12432) to work on /opt/airflow/dags/dag.py
[2026-04-10T19:05:31.978+0000] {processor.py:914} INFO - Processing file /opt/airflow/dags/dag.py for tasks to queue
[2026-04-10T19:05:31.980+0000] {logging_mixin.py:190} INFO - [2026-04-10T19:05:31.980+0000] {dagbag.py:588} INFO - Filling up the DagBag from /opt/airflow/dags/dag.py
[2026-04-10T19:05:31.993+0000] {processor.py:925} INFO - DAG(s) 'matrix_minio' retrieved from /opt/airflow/dags/dag.py
[2026-04-10T19:05:32.036+0000] {logging_mixin.py:190} INFO - [2026-04-10T19:05:32.036+0000] {dag.py:3239} INFO - Sync 1 DAGs
[2026-04-10T19:05:32.058+0000] {logging_mixin.py:190} INFO - [2026-04-10T19:05:32.058+0000] {dag.py:4180} INFO - Setting next_dagrun for matrix_minio to None, run_after=None
[2026-04-10T19:05:32.082+0000] {processor.py:208} INFO - Processing /opt/airflow/dags/dag.py took 0.115 seconds
[2026-04-10T19:06:02.375+0000] {processor.py:186} INFO - Started process (PID=12503) to work on /opt/airflow/dags/dag.py
[2026-04-10T19:06:02.376+0000] {processor.py:914} INFO - Processing file /opt/airflow/dags/dag.py for tasks to queue
[2026-04-10T19:06:02.379+0000] {logging_mixin.py:190} INFO - [2026-04-10T19:06:02.378+0000] {dagbag.py:588} INFO - Filling up the DagBag from /opt/airflow/dags/dag.py
[2026-04-10T19:06:02.389+0000] {processor.py:925} INFO - DAG(s) 'matrix_minio' retrieved from /opt/airflow/dags/dag.py
[2026-04-10T19:06:02.423+0000] {logging_mixin.py:190} INFO - [2026-04-10T19:06:02.422+0000] {dag.py:3239} INFO - Sync 1 DAGs
[2026-04-10T19:06:02.441+0000] {logging_mixin.py:190} INFO - [2026-04-10T19:06:02.441+0000] {dag.py:4180} INFO - Setting next_dagrun for matrix_minio to None, run_after=None
[2026-04-10T19:06:02.466+0000] {processor.py:208} INFO - Processing /opt/airflow/dags/dag.py took 0.103 seconds
[2026-04-10T19:06:32.533+0000] {processor.py:186} INFO - Started process (PID=12571) to work on /opt/airflow/dags/dag.py
[2026-04-10T19:06:32.543+0000] {processor.py:914} INFO - Processing file /opt/airflow/dags/dag.py for tasks to queue
[2026-04-10T19:06:32.545+0000] {logging_mixin.py:190} INFO - [2026-04-10T19:06:32.545+0000] {dagbag.py:588} INFO - Filling up the DagBag from /opt/airflow/dags/dag.py
[2026-04-10T19:06:32.556+0000] {processor.py:925} INFO - DAG(s) 'matrix_minio' retrieved from /opt/airflow/dags/dag.py
[2026-04-10T19:06:32.593+0000] {logging_mixin.py:190} INFO - [2026-04-10T19:06:32.593+0000] {dag.py:3239} INFO - Sync 1 DAGs
[2026-04-10T19:06:32.614+0000] {logging_mixin.py:190} INFO - [2026-04-10T19:06:32.613+0000] {dag.py:4180} INFO - Setting next_dagrun for matrix_minio to None, run_after=None
[2026-04-10T19:06:32.642+0000] {processor.py:208} INFO - Processing /opt/airflow/dags/dag.py took 0.116 seconds
[2026-04-10T19:07:02.861+0000] {processor.py:186} INFO - Started process (PID=12642) to work on /opt/airflow/dags/dag.py
[2026-04-10T19:07:02.871+0000] {processor.py:914} INFO - Processing file /opt/airflow/dags/dag.py for tasks to queue
[2026-04-10T19:07:02.874+0000] {logging_mixin.py:190} INFO - [2026-04-10T19:07:02.873+0000] {dagbag.py:588} INFO - Filling up the DagBag from /opt/airflow/dags/dag.py
[2026-04-10T19:07:02.883+0000] {processor.py:925} INFO - DAG(s) 'matrix_minio' retrieved from /opt/airflow/dags/dag.py
[2026-04-10T19:07:02.917+0000] {logging_mixin.py:190} INFO - [2026-04-10T19:07:02.916+0000] {dag.py:3239} INFO - Sync 1 DAGs
[2026-04-10T19:07:02.936+0000] {logging_mixin.py:190} INFO - [2026-04-10T19:07:02.936+0000] {dag.py:4180} INFO - Setting next_dagrun for matrix_minio to None, run_after=None
[2026-04-10T19:07:02.960+0000] {processor.py:208} INFO - Processing /opt/airflow/dags/dag.py took 0.108 seconds
[2026-04-10T19:07:33.111+0000] {processor.py:186} INFO - Started process (PID=12716) to work on /opt/airflow/dags/dag.py
[2026-04-10T19:07:33.112+0000] {processor.py:914} INFO - Processing file /opt/airflow/dags/dag.py for tasks to queue
[2026-04-10T19:07:33.115+0000] {logging_mixin.py:190} INFO - [2026-04-10T19:07:33.114+0000] {dagbag.py:588} INFO - Filling up the DagBag from /opt/airflow/dags/dag.py
[2026-04-10T19:07:33.126+0000] {processor.py:925} INFO - DAG(s) 'matrix_minio' retrieved from /opt/airflow/dags/dag.py
[2026-04-10T19:07:33.159+0000] {logging_mixin.py:190} INFO - [2026-04-10T19:07:33.159+0000] {dag.py:3239} INFO - Sync 1 DAGs
[2026-04-10T19:07:33.178+0000] {logging_mixin.py:190} INFO - [2026-04-10T19:07:33.177+0000] {dag.py:4180} INFO - Setting next_dagrun for matrix_minio to None, run_after=None
[2026-04-10T19:07:33.203+0000] {processor.py:208} INFO - Processing /opt/airflow/dags/dag.py took 0.100 seconds
[2026-04-10T19:08:03.259+0000] {processor.py:186} INFO - Started process (PID=12784) to work on /opt/airflow/dags/dag.py
[2026-04-10T19:08:03.268+0000] {processor.py:914} INFO - Processing file /opt/airflow/dags/dag.py for tasks to queue
[2026-04-10T19:08:03.271+0000] {logging_mixin.py:190} INFO - [2026-04-10T19:08:03.271+0000] {dagbag.py:588} INFO - Filling up the DagBag from /opt/airflow/dags/dag.py
[2026-04-10T19:08:03.281+0000] {processor.py:925} INFO - DAG(s) 'matrix_minio' retrieved from /opt/airflow/dags/dag.py
[2026-04-10T19:08:03.309+0000] {logging_mixin.py:190} INFO - [2026-04-10T19:08:03.309+0000] {dag.py:3239} INFO - Sync 1 DAGs
[2026-04-10T19:08:03.326+0000] {logging_mixin.py:190} INFO - [2026-04-10T19:08:03.325+0000] {dag.py:4180} INFO - Setting next_dagrun for matrix_minio to None, run_after=None
[2026-04-10T19:08:03.346+0000] {processor.py:208} INFO - Processing /opt/airflow/dags/dag.py took 0.095 seconds
[2026-04-10T19:08:33.643+0000] {processor.py:186} INFO - Started process (PID=12858) to work on /opt/airflow/dags/dag.py
[2026-04-10T19:08:33.644+0000] {processor.py:914} INFO - Processing file /opt/airflow/dags/dag.py for tasks to queue
[2026-04-10T19:08:33.647+0000] {logging_mixin.py:190} INFO - [2026-04-10T19:08:33.646+0000] {dagbag.py:588} INFO - Filling up the DagBag from /opt/airflow/dags/dag.py
[2026-04-10T19:08:33.656+0000] {processor.py:925} INFO - DAG(s) 'matrix_minio' retrieved from /opt/airflow/dags/dag.py
[2026-04-10T19:08:33.689+0000] {logging_mixin.py:190} INFO - [2026-04-10T19:08:33.689+0000] {dag.py:3239} INFO - Sync 1 DAGs
[2026-04-10T19:08:33.708+0000] {logging_mixin.py:190} INFO - [2026-04-10T19:08:33.707+0000] {dag.py:4180} INFO - Setting next_dagrun for matrix_minio to None, run_after=None
[2026-04-10T19:08:33.732+0000] {processor.py:208} INFO - Processing /opt/airflow/dags/dag.py took 0.096 seconds
[2026-04-10T19:09:03.973+0000] {processor.py:186} INFO - Started process (PID=12929) to work on /opt/airflow/dags/dag.py
[2026-04-10T19:09:03.974+0000] {processor.py:914} INFO - Processing file /opt/airflow/dags/dag.py for tasks to queue
[2026-04-10T19:09:03.978+0000] {logging_mixin.py:190} INFO - [2026-04-10T19:09:03.978+0000] {dagbag.py:588} INFO - Filling up the DagBag from /opt/airflow/dags/dag.py
[2026-04-10T19:09:03.989+0000] {processor.py:925} INFO - DAG(s) 'matrix_minio' retrieved from /opt/airflow/dags/dag.py
[2026-04-10T19:09:04.025+0000] {logging_mixin.py:190} INFO - [2026-04-10T19:09:04.025+0000] {dag.py:3239} INFO - Sync 1 DAGs
[2026-04-10T19:09:04.051+0000] {logging_mixin.py:190} INFO - [2026-04-10T19:09:04.050+0000] {dag.py:4180} INFO - Setting next_dagrun for matrix_minio to None, run_after=None
[2026-04-10T19:09:04.081+0000] {processor.py:208} INFO - Processing /opt/airflow/dags/dag.py took 0.118 seconds
[2026-04-10T19:09:34.287+0000] {processor.py:186} INFO - Started process (PID=13000) to work on /opt/airflow/dags/dag.py
[2026-04-10T19:09:34.289+0000] {processor.py:914} INFO - Processing file /opt/airflow/dags/dag.py for tasks to queue
[2026-04-10T19:09:34.293+0000] {logging_mixin.py:190} INFO - [2026-04-10T19:09:34.292+0000] {dagbag.py:588} INFO - Filling up the DagBag from /opt/airflow/dags/dag.py
[2026-04-10T19:09:34.311+0000] {processor.py:925} INFO - DAG(s) 'matrix_minio' retrieved from /opt/airflow/dags/dag.py
[2026-04-10T19:09:34.365+0000] {logging_mixin.py:190} INFO - [2026-04-10T19:09:34.365+0000] {dag.py:3239} INFO - Sync 1 DAGs
[2026-04-10T19:09:34.392+0000] {logging_mixin.py:190} INFO - [2026-04-10T19:09:34.391+0000] {dag.py:4180} INFO - Setting next_dagrun for matrix_minio to None, run_after=None
[2026-04-10T19:09:34.418+0000] {processor.py:208} INFO - Processing /opt/airflow/dags/dag.py took 0.143 seconds
[2026-04-10T19:10:04.725+0000] {processor.py:186} INFO - Started process (PID=13071) to work on /opt/airflow/dags/dag.py
[2026-04-10T19:10:04.726+0000] {processor.py:914} INFO - Processing file /opt/airflow/dags/dag.py for tasks to queue
[2026-04-10T19:10:04.729+0000] {logging_mixin.py:190} INFO - [2026-04-10T19:10:04.728+0000] {dagbag.py:588} INFO - Filling up the DagBag from /opt/airflow/dags/dag.py
[2026-04-10T19:10:04.741+0000] {processor.py:925} INFO - DAG(s) 'matrix_minio' retrieved from /opt/airflow/dags/dag.py
[2026-04-10T19:10:04.775+0000] {logging_mixin.py:190} INFO - [2026-04-10T19:10:04.775+0000] {dag.py:3239} INFO - Sync 1 DAGs
[2026-04-10T19:10:04.797+0000] {logging_mixin.py:190} INFO - [2026-04-10T19:10:04.797+0000] {dag.py:4180} INFO - Setting next_dagrun for matrix_minio to None, run_after=None
[2026-04-10T19:10:04.824+0000] {processor.py:208} INFO - Processing /opt/airflow/dags/dag.py took 0.106 seconds
[2026-04-10T19:10:35.105+0000] {processor.py:186} INFO - Started process (PID=13142) to work on /opt/airflow/dags/dag.py
[2026-04-10T19:10:35.106+0000] {processor.py:914} INFO - Processing file /opt/airflow/dags/dag.py for tasks to queue
[2026-04-10T19:10:35.109+0000] {logging_mixin.py:190} INFO - [2026-04-10T19:10:35.108+0000] {dagbag.py:588} INFO - Filling up the DagBag from /opt/airflow/dags/dag.py
[2026-04-10T19:10:35.118+0000] {processor.py:925} INFO - DAG(s) 'matrix_minio' retrieved from /opt/airflow/dags/dag.py
[2026-04-10T19:10:35.154+0000] {logging_mixin.py:190} INFO - [2026-04-10T19:10:35.154+0000] {dag.py:3239} INFO - Sync 1 DAGs
[2026-04-10T19:10:35.174+0000] {logging_mixin.py:190} INFO - [2026-04-10T19:10:35.173+0000] {dag.py:4180} INFO - Setting next_dagrun for matrix_minio to None, run_after=None
[2026-04-10T19:10:35.201+0000] {processor.py:208} INFO - Processing /opt/airflow/dags/dag.py took 0.103 seconds
[2026-04-10T19:11:05.467+0000] {processor.py:186} INFO - Started process (PID=13213) to work on /opt/airflow/dags/dag.py
[2026-04-10T19:11:05.469+0000] {processor.py:914} INFO - Processing file /opt/airflow/dags/dag.py for tasks to queue
[2026-04-10T19:11:05.475+0000] {logging_mixin.py:190} INFO - [2026-04-10T19:11:05.474+0000] {dagbag.py:588} INFO - Filling up the DagBag from /opt/airflow/dags/dag.py
[2026-04-10T19:11:05.492+0000] {processor.py:925} INFO - DAG(s) 'matrix_minio' retrieved from /opt/airflow/dags/dag.py
[2026-04-10T19:11:05.538+0000] {logging_mixin.py:190} INFO - [2026-04-10T19:11:05.537+0000] {dag.py:3239} INFO - Sync 1 DAGs
[2026-04-10T19:11:05.564+0000] {logging_mixin.py:190} INFO - [2026-04-10T19:11:05.564+0000] {dag.py:4180} INFO - Setting next_dagrun for matrix_minio to None, run_after=None
[2026-04-10T19:11:05.597+0000] {processor.py:208} INFO - Processing /opt/airflow/dags/dag.py took 0.140 seconds
[2026-04-10T19:11:35.937+0000] {processor.py:186} INFO - Started process (PID=13284) to work on /opt/airflow/dags/dag.py
[2026-04-10T19:11:35.938+0000] {processor.py:914} INFO - Processing file /opt/airflow/dags/dag.py for tasks to queue
[2026-04-10T19:11:35.941+0000] {logging_mixin.py:190} INFO - [2026-04-10T19:11:35.941+0000] {dagbag.py:588} INFO - Filling up the DagBag from /opt/airflow/dags/dag.py
[2026-04-10T19:11:35.953+0000] {processor.py:925} INFO - DAG(s) 'matrix_minio' retrieved from /opt/airflow/dags/dag.py
[2026-04-10T19:11:35.986+0000] {logging_mixin.py:190} INFO - [2026-04-10T19:11:35.985+0000] {dag.py:3239} INFO - Sync 1 DAGs
[2026-04-10T19:11:36.005+0000] {logging_mixin.py:190} INFO - [2026-04-10T19:11:36.005+0000] {dag.py:4180} INFO - Setting next_dagrun for matrix_minio to None, run_after=None
[2026-04-10T19:11:36.032+0000] {processor.py:208} INFO - Processing /opt/airflow/dags/dag.py took 0.103 seconds
[2026-04-10T19:12:06.325+0000] {processor.py:186} INFO - Started process (PID=13355) to work on /opt/airflow/dags/dag.py
[2026-04-10T19:12:06.326+0000] {processor.py:914} INFO - Processing file /opt/airflow/dags/dag.py for tasks to queue
[2026-04-10T19:12:06.328+0000] {logging_mixin.py:190} INFO - [2026-04-10T19:12:06.328+0000] {dagbag.py:588} INFO - Filling up the DagBag from /opt/airflow/dags/dag.py
[2026-04-10T19:12:06.339+0000] {processor.py:925} INFO - DAG(s) 'matrix_minio' retrieved from /opt/airflow/dags/dag.py
[2026-04-10T19:12:06.373+0000] {logging_mixin.py:190} INFO - [2026-04-10T19:12:06.373+0000] {dag.py:3239} INFO - Sync 1 DAGs
[2026-04-10T19:12:06.396+0000] {logging_mixin.py:190} INFO - [2026-04-10T19:12:06.395+0000] {dag.py:4180} INFO - Setting next_dagrun for matrix_minio to None, run_after=None
[2026-04-10T19:12:06.423+0000] {processor.py:208} INFO - Processing /opt/airflow/dags/dag.py took 0.105 seconds
[2026-04-10T19:12:36.757+0000] {processor.py:186} INFO - Started process (PID=13426) to work on /opt/airflow/dags/dag.py
[2026-04-10T19:12:36.758+0000] {processor.py:914} INFO - Processing file /opt/airflow/dags/dag.py for tasks to queue
[2026-04-10T19:12:36.761+0000] {logging_mixin.py:190} INFO - [2026-04-10T19:12:36.760+0000] {dagbag.py:588} INFO - Filling up the DagBag from /opt/airflow/dags/dag.py
[2026-04-10T19:12:36.771+0000] {processor.py:925} INFO - DAG(s) 'matrix_minio' retrieved from /opt/airflow/dags/dag.py
[2026-04-10T19:12:36.811+0000] {logging_mixin.py:190} INFO - [2026-04-10T19:12:36.811+0000] {dag.py:3239} INFO - Sync 1 DAGs
[2026-04-10T19:12:36.833+0000] {logging_mixin.py:190} INFO - [2026-04-10T19:12:36.832+0000] {dag.py:4180} INFO - Setting next_dagrun for matrix_minio to None, run_after=None
[2026-04-10T19:12:36.862+0000] {processor.py:208} INFO - Processing /opt/airflow/dags/dag.py took 0.112 seconds
[2026-04-10T19:13:07.094+0000] {processor.py:186} INFO - Started process (PID=13497) to work on /opt/airflow/dags/dag.py
[2026-04-10T19:13:07.095+0000] {processor.py:914} INFO - Processing file /opt/airflow/dags/dag.py for tasks to queue
[2026-04-10T19:13:07.098+0000] {logging_mixin.py:190} INFO - [2026-04-10T19:13:07.098+0000] {dagbag.py:588} INFO - Filling up the DagBag from /opt/airflow/dags/dag.py
[2026-04-10T19:13:07.108+0000] {processor.py:925} INFO - DAG(s) 'matrix_minio' retrieved from /opt/airflow/dags/dag.py
[2026-04-10T19:13:07.137+0000] {logging_mixin.py:190} INFO - [2026-04-10T19:13:07.137+0000] {dag.py:3239} INFO - Sync 1 DAGs
[2026-04-10T19:13:07.154+0000] {logging_mixin.py:190} INFO - [2026-04-10T19:13:07.154+0000] {dag.py:4180} INFO - Setting next_dagrun for matrix_minio to None, run_after=None
[2026-04-10T19:13:07.178+0000] {processor.py:208} INFO - Processing /opt/airflow/dags/dag.py took 0.091 seconds
[2026-04-10T19:13:37.247+0000] {processor.py:186} INFO - Started process (PID=13565) to work on /opt/airflow/dags/dag.py
[2026-04-10T19:13:37.257+0000] {processor.py:914} INFO - Processing file /opt/airflow/dags/dag.py for tasks to queue
[2026-04-10T19:13:37.260+0000] {logging_mixin.py:190} INFO - [2026-04-10T19:13:37.259+0000] {dagbag.py:588} INFO - Filling up the DagBag from /opt/airflow/dags/dag.py
[2026-04-10T19:13:37.273+0000] {processor.py:925} INFO - DAG(s) 'matrix_minio' retrieved from /opt/airflow/dags/dag.py
[2026-04-10T19:13:37.309+0000] {logging_mixin.py:190} INFO - [2026-04-10T19:13:37.309+0000] {dag.py:3239} INFO - Sync 1 DAGs
[2026-04-10T19:13:37.334+0000] {logging_mixin.py:190} INFO - [2026-04-10T19:13:37.333+0000] {dag.py:4180} INFO - Setting next_dagrun for matrix_minio to None, run_after=None
[2026-04-10T19:13:37.362+0000] {processor.py:208} INFO - Processing /opt/airflow/dags/dag.py took 0.124 seconds
[2026-04-10T19:14:07.573+0000] {processor.py:186} INFO - Started process (PID=13639) to work on /opt/airflow/dags/dag.py
[2026-04-10T19:14:07.574+0000] {processor.py:914} INFO - Processing file /opt/airflow/dags/dag.py for tasks to queue
[2026-04-10T19:14:07.577+0000] {logging_mixin.py:190} INFO - [2026-04-10T19:14:07.577+0000] {dagbag.py:588} INFO - Filling up the DagBag from /opt/airflow/dags/dag.py
[2026-04-10T19:14:07.590+0000] {processor.py:925} INFO - DAG(s) 'matrix_minio' retrieved from /opt/airflow/dags/dag.py
[2026-04-10T19:14:07.630+0000] {logging_mixin.py:190} INFO - [2026-04-10T19:14:07.630+0000] {dag.py:3239} INFO - Sync 1 DAGs
[2026-04-10T19:14:07.651+0000] {logging_mixin.py:190} INFO - [2026-04-10T19:14:07.651+0000] {dag.py:4180} INFO - Setting next_dagrun for matrix_minio to None, run_after=None
[2026-04-10T19:14:07.677+0000] {processor.py:208} INFO - Processing /opt/airflow/dags/dag.py took 0.114 seconds
[2026-04-10T19:14:37.943+0000] {processor.py:186} INFO - Started process (PID=13710) to work on /opt/airflow/dags/dag.py
[2026-04-10T19:14:37.944+0000] {processor.py:914} INFO - Processing file /opt/airflow/dags/dag.py for tasks to queue
[2026-04-10T19:14:37.947+0000] {logging_mixin.py:190} INFO - [2026-04-10T19:14:37.946+0000] {dagbag.py:588} INFO - Filling up the DagBag from /opt/airflow/dags/dag.py
[2026-04-10T19:14:37.956+0000] {processor.py:925} INFO - DAG(s) 'matrix_minio' retrieved from /opt/airflow/dags/dag.py
[2026-04-10T19:14:37.984+0000] {logging_mixin.py:190} INFO - [2026-04-10T19:14:37.984+0000] {dag.py:3239} INFO - Sync 1 DAGs
[2026-04-10T19:14:38.004+0000] {logging_mixin.py:190} INFO - [2026-04-10T19:14:38.003+0000] {dag.py:4180} INFO - Setting next_dagrun for matrix_minio to None, run_after=None
[2026-04-10T19:14:38.026+0000] {processor.py:208} INFO - Processing /opt/airflow/dags/dag.py took 0.091 seconds
[2026-04-10T19:15:08.250+0000] {processor.py:186} INFO - Started process (PID=13781) to work on /opt/airflow/dags/dag.py
[2026-04-10T19:15:08.252+0000] {processor.py:914} INFO - Processing file /opt/airflow/dags/dag.py for tasks to queue
[2026-04-10T19:15:08.254+0000] {logging_mixin.py:190} INFO - [2026-04-10T19:15:08.254+0000] {dagbag.py:588} INFO - Filling up the DagBag from /opt/airflow/dags/dag.py
[2026-04-10T19:15:08.267+0000] {processor.py:925} INFO - DAG(s) 'matrix_minio' retrieved from /opt/airflow/dags/dag.py
[2026-04-10T19:15:08.306+0000] {logging_mixin.py:190} INFO - [2026-04-10T19:15:08.306+0000] {dag.py:3239} INFO - Sync 1 DAGs
[2026-04-10T19:15:08.328+0000] {logging_mixin.py:190} INFO - [2026-04-10T19:15:08.328+0000] {dag.py:4180} INFO - Setting next_dagrun for matrix_minio to None, run_after=None
[2026-04-10T19:15:08.356+0000] {processor.py:208} INFO - Processing /opt/airflow/dags/dag.py took 0.115 seconds
[2026-04-10T19:15:38.602+0000] {processor.py:186} INFO - Started process (PID=13852) to work on /opt/airflow/dags/dag.py
[2026-04-10T19:15:38.603+0000] {processor.py:914} INFO - Processing file /opt/airflow/dags/dag.py for tasks to queue
[2026-04-10T19:15:38.606+0000] {logging_mixin.py:190} INFO - [2026-04-10T19:15:38.606+0000] {dagbag.py:588} INFO - Filling up the DagBag from /opt/airflow/dags/dag.py
[2026-04-10T19:15:38.617+0000] {processor.py:925} INFO - DAG(s) 'matrix_minio' retrieved from /opt/airflow/dags/dag.py
[2026-04-10T19:15:38.652+0000] {logging_mixin.py:190} INFO - [2026-04-10T19:15:38.652+0000] {dag.py:3239} INFO - Sync 1 DAGs
[2026-04-10T19:15:38.673+0000] {logging_mixin.py:190} INFO - [2026-04-10T19:15:38.672+0000] {dag.py:4180} INFO - Setting next_dagrun for matrix_minio to None, run_after=None
[2026-04-10T19:15:38.699+0000] {processor.py:208} INFO - Processing /opt/airflow/dags/dag.py took 0.106 seconds
[2026-04-10T19:16:09.041+0000] {processor.py:186} INFO - Started process (PID=13923) to work on /opt/airflow/dags/dag.py
[2026-04-10T19:16:09.042+0000] {processor.py:914} INFO - Processing file /opt/airflow/dags/dag.py for tasks to queue
[2026-04-10T19:16:09.045+0000] {logging_mixin.py:190} INFO - [2026-04-10T19:16:09.044+0000] {dagbag.py:588} INFO - Filling up the DagBag from /opt/airflow/dags/dag.py
[2026-04-10T19:16:09.059+0000] {processor.py:925} INFO - DAG(s) 'matrix_minio' retrieved from /opt/airflow/dags/dag.py
[2026-04-10T19:16:09.105+0000] {logging_mixin.py:190} INFO - [2026-04-10T19:16:09.104+0000] {dag.py:3239} INFO - Sync 1 DAGs
[2026-04-10T19:16:09.129+0000] {logging_mixin.py:190} INFO - [2026-04-10T19:16:09.128+0000] {dag.py:4180} INFO - Setting next_dagrun for matrix_minio to None, run_after=None
[2026-04-10T19:16:09.163+0000] {processor.py:208} INFO - Processing /opt/airflow/dags/dag.py took 0.133 seconds
[2026-04-10T19:16:39.390+0000] {processor.py:186} INFO - Started process (PID=13994) to work on /opt/airflow/dags/dag.py
[2026-04-10T19:16:39.391+0000] {processor.py:914} INFO - Processing file /opt/airflow/dags/dag.py for tasks to queue
[2026-04-10T19:16:39.395+0000] {logging_mixin.py:190} INFO - [2026-04-10T19:16:39.394+0000] {dagbag.py:588} INFO - Filling up the DagBag from /opt/airflow/dags/dag.py
[2026-04-10T19:16:39.410+0000] {processor.py:925} INFO - DAG(s) 'matrix_minio' retrieved from /opt/airflow/dags/dag.py
[2026-04-10T19:16:39.453+0000] {logging_mixin.py:190} INFO - [2026-04-10T19:16:39.453+0000] {dag.py:3239} INFO - Sync 1 DAGs
[2026-04-10T19:16:39.477+0000] {logging_mixin.py:190} INFO - [2026-04-10T19:16:39.477+0000] {dag.py:4180} INFO - Setting next_dagrun for matrix_minio to None, run_after=None
[2026-04-10T19:16:39.505+0000] {processor.py:208} INFO - Processing /opt/airflow/dags/dag.py took 0.125 seconds
[2026-04-10T19:17:09.709+0000] {processor.py:186} INFO - Started process (PID=14065) to work on /opt/airflow/dags/dag.py
[2026-04-10T19:17:09.710+0000] {processor.py:914} INFO - Processing file /opt/airflow/dags/dag.py for tasks to queue
[2026-04-10T19:17:09.712+0000] {logging_mixin.py:190} INFO - [2026-04-10T19:17:09.712+0000] {dagbag.py:588} INFO - Filling up the DagBag from /opt/airflow/dags/dag.py
[2026-04-10T19:17:09.722+0000] {processor.py:925} INFO - DAG(s) 'matrix_minio' retrieved from /opt/airflow/dags/dag.py
[2026-04-10T19:17:09.757+0000] {logging_mixin.py:190} INFO - [2026-04-10T19:17:09.757+0000] {dag.py:3239} INFO - Sync 1 DAGs
[2026-04-10T19:17:09.780+0000] {logging_mixin.py:190} INFO - [2026-04-10T19:17:09.779+0000] {dag.py:4180} INFO - Setting next_dagrun for matrix_minio to None, run_after=None
[2026-04-10T19:17:09.807+0000] {processor.py:208} INFO - Processing /opt/airflow/dags/dag.py took 0.105 seconds
[2026-04-10T19:17:40.091+0000] {processor.py:186} INFO - Started process (PID=14136) to work on /opt/airflow/dags/dag.py
[2026-04-10T19:17:40.093+0000] {processor.py:914} INFO - Processing file /opt/airflow/dags/dag.py for tasks to queue
[2026-04-10T19:17:40.096+0000] {logging_mixin.py:190} INFO - [2026-04-10T19:17:40.095+0000] {dagbag.py:588} INFO - Filling up the DagBag from /opt/airflow/dags/dag.py
[2026-04-10T19:17:40.111+0000] {processor.py:925} INFO - DAG(s) 'matrix_minio' retrieved from /opt/airflow/dags/dag.py
[2026-04-10T19:17:40.152+0000] {logging_mixin.py:190} INFO - [2026-04-10T19:17:40.152+0000] {dag.py:3239} INFO - Sync 1 DAGs
[2026-04-10T19:17:40.178+0000] {logging_mixin.py:190} INFO - [2026-04-10T19:17:40.177+0000] {dag.py:4180} INFO - Setting next_dagrun for matrix_minio to None, run_after=None
[2026-04-10T19:17:40.211+0000] {processor.py:208} INFO - Processing /opt/airflow/dags/dag.py took 0.130 seconds
[2026-04-10T19:18:10.438+0000] {processor.py:186} INFO - Started process (PID=14207) to work on /opt/airflow/dags/dag.py
[2026-04-10T19:18:10.440+0000] {processor.py:914} INFO - Processing file /opt/airflow/dags/dag.py for tasks to queue
[2026-04-10T19:18:10.443+0000] {logging_mixin.py:190} INFO - [2026-04-10T19:18:10.442+0000] {dagbag.py:588} INFO - Filling up the DagBag from /opt/airflow/dags/dag.py
[2026-04-10T19:18:10.455+0000] {processor.py:925} INFO - DAG(s) 'matrix_minio' retrieved from /opt/airflow/dags/dag.py
[2026-04-10T19:18:10.497+0000] {logging_mixin.py:190} INFO - [2026-04-10T19:18:10.497+0000] {dag.py:3239} INFO - Sync 1 DAGs
[2026-04-10T19:18:10.525+0000] {logging_mixin.py:190} INFO - [2026-04-10T19:18:10.524+0000] {dag.py:4180} INFO - Setting next_dagrun for matrix_minio to None, run_after=None
[2026-04-10T19:18:10.555+0000] {processor.py:208} INFO - Processing /opt/airflow/dags/dag.py took 0.125 seconds
[2026-04-10T19:18:40.820+0000] {processor.py:186} INFO - Started process (PID=14278) to work on /opt/airflow/dags/dag.py
[2026-04-10T19:18:40.821+0000] {processor.py:914} INFO - Processing file /opt/airflow/dags/dag.py for tasks to queue
[2026-04-10T19:18:40.824+0000] {logging_mixin.py:190} INFO - [2026-04-10T19:18:40.824+0000] {dagbag.py:588} INFO - Filling up the DagBag from /opt/airflow/dags/dag.py
[2026-04-10T19:18:40.837+0000] {processor.py:925} INFO - DAG(s) 'matrix_minio' retrieved from /opt/airflow/dags/dag.py
[2026-04-10T19:18:40.874+0000] {logging_mixin.py:190} INFO - [2026-04-10T19:18:40.874+0000] {dag.py:3239} INFO - Sync 1 DAGs
[2026-04-10T19:18:40.895+0000] {logging_mixin.py:190} INFO - [2026-04-10T19:18:40.895+0000] {dag.py:4180} INFO - Setting next_dagrun for matrix_minio to None, run_after=None
[2026-04-10T19:18:40.922+0000] {processor.py:208} INFO - Processing /opt/airflow/dags/dag.py took 0.110 seconds
[2026-04-10T19:19:11.125+0000] {processor.py:186} INFO - Started process (PID=14349) to work on /opt/airflow/dags/dag.py
[2026-04-10T19:19:11.127+0000] {processor.py:914} INFO - Processing file /opt/airflow/dags/dag.py for tasks to queue
[2026-04-10T19:19:11.130+0000] {logging_mixin.py:190} INFO - [2026-04-10T19:19:11.129+0000] {dagbag.py:588} INFO - Filling up the DagBag from /opt/airflow/dags/dag.py
[2026-04-10T19:19:11.142+0000] {processor.py:925} INFO - DAG(s) 'matrix_minio' retrieved from /opt/airflow/dags/dag.py
[2026-04-10T19:19:11.177+0000] {logging_mixin.py:190} INFO - [2026-04-10T19:19:11.177+0000] {dag.py:3239} INFO - Sync 1 DAGs
[2026-04-10T19:19:11.197+0000] {logging_mixin.py:190} INFO - [2026-04-10T19:19:11.197+0000] {dag.py:4180} INFO - Setting next_dagrun for matrix_minio to None, run_after=None
[2026-04-10T19:19:11.223+0000] {processor.py:208} INFO - Processing /opt/airflow/dags/dag.py took 0.105 seconds
[2026-04-10T19:19:41.458+0000] {processor.py:186} INFO - Started process (PID=14420) to work on /opt/airflow/dags/dag.py
[2026-04-10T19:19:41.459+0000] {processor.py:914} INFO - Processing file /opt/airflow/dags/dag.py for tasks to queue
[2026-04-10T19:19:41.462+0000] {logging_mixin.py:190} INFO - [2026-04-10T19:19:41.462+0000] {dagbag.py:588} INFO - Filling up the DagBag from /opt/airflow/dags/dag.py
[2026-04-10T19:19:41.473+0000] {processor.py:925} INFO - DAG(s) 'matrix_minio' retrieved from /opt/airflow/dags/dag.py
[2026-04-10T19:19:41.506+0000] {logging_mixin.py:190} INFO - [2026-04-10T19:19:41.505+0000] {dag.py:3239} INFO - Sync 1 DAGs
[2026-04-10T19:19:41.523+0000] {logging_mixin.py:190} INFO - [2026-04-10T19:19:41.523+0000] {dag.py:4180} INFO - Setting next_dagrun for matrix_minio to None, run_after=None
[2026-04-10T19:19:41.548+0000] {processor.py:208} INFO - Processing /opt/airflow/dags/dag.py took 0.097 seconds
[2026-04-10T19:20:11.783+0000] {processor.py:186} INFO - Started process (PID=14491) to work on /opt/airflow/dags/dag.py
[2026-04-10T19:20:11.784+0000] {processor.py:914} INFO - Processing file /opt/airflow/dags/dag.py for tasks to queue
[2026-04-10T19:20:11.786+0000] {logging_mixin.py:190} INFO - [2026-04-10T19:20:11.786+0000] {dagbag.py:588} INFO - Filling up the DagBag from /opt/airflow/dags/dag.py
[2026-04-10T19:20:11.796+0000] {processor.py:925} INFO - DAG(s) 'matrix_minio' retrieved from /opt/airflow/dags/dag.py
[2026-04-10T19:20:11.830+0000] {logging_mixin.py:190} INFO - [2026-04-10T19:20:11.830+0000] {dag.py:3239} INFO - Sync 1 DAGs
[2026-04-10T19:20:11.850+0000] {logging_mixin.py:190} INFO - [2026-04-10T19:20:11.849+0000] {dag.py:4180} INFO - Setting next_dagrun for matrix_minio to None, run_after=None
[2026-04-10T19:20:11.872+0000] {processor.py:208} INFO - Processing /opt/airflow/dags/dag.py took 0.095 seconds
[2026-04-10T19:20:42.129+0000] {processor.py:186} INFO - Started process (PID=14562) to work on /opt/airflow/dags/dag.py
[2026-04-10T19:20:42.130+0000] {processor.py:914} INFO - Processing file /opt/airflow/dags/dag.py for tasks to queue
[2026-04-10T19:20:42.133+0000] {logging_mixin.py:190} INFO - [2026-04-10T19:20:42.132+0000] {dagbag.py:588} INFO - Filling up the DagBag from /opt/airflow/dags/dag.py
[2026-04-10T19:20:42.143+0000] {processor.py:925} INFO - DAG(s) 'matrix_minio' retrieved from /opt/airflow/dags/dag.py
[2026-04-10T19:20:42.176+0000] {logging_mixin.py:190} INFO - [2026-04-10T19:20:42.176+0000] {dag.py:3239} INFO - Sync 1 DAGs
[2026-04-10T19:20:42.197+0000] {logging_mixin.py:190} INFO - [2026-04-10T19:20:42.196+0000] {dag.py:4180} INFO - Setting next_dagrun for matrix_minio to None, run_after=None
[2026-04-10T19:20:42.221+0000] {processor.py:208} INFO - Processing /opt/airflow/dags/dag.py took 0.102 seconds
[2026-04-10T19:21:12.520+0000] {processor.py:186} INFO - Started process (PID=14633) to work on /opt/airflow/dags/dag.py
[2026-04-10T19:21:12.521+0000] {processor.py:914} INFO - Processing file /opt/airflow/dags/dag.py for tasks to queue
[2026-04-10T19:21:12.523+0000] {logging_mixin.py:190} INFO - [2026-04-10T19:21:12.523+0000] {dagbag.py:588} INFO - Filling up the DagBag from /opt/airflow/dags/dag.py
[2026-04-10T19:21:12.532+0000] {processor.py:925} INFO - DAG(s) 'matrix_minio' retrieved from /opt/airflow/dags/dag.py
[2026-04-10T19:21:12.566+0000] {logging_mixin.py:190} INFO - [2026-04-10T19:21:12.566+0000] {dag.py:3239} INFO - Sync 1 DAGs
[2026-04-10T19:21:12.584+0000] {logging_mixin.py:190} INFO - [2026-04-10T19:21:12.584+0000] {dag.py:4180} INFO - Setting next_dagrun for matrix_minio to None, run_after=None
[2026-04-10T19:21:12.608+0000] {processor.py:208} INFO - Processing /opt/airflow/dags/dag.py took 0.100 seconds
[2026-04-10T19:21:42.728+0000] {processor.py:186} INFO - Started process (PID=14704) to work on /opt/airflow/dags/dag.py
[2026-04-10T19:21:42.729+0000] {processor.py:914} INFO - Processing file /opt/airflow/dags/dag.py for tasks to queue
[2026-04-10T19:21:42.732+0000] {logging_mixin.py:190} INFO - [2026-04-10T19:21:42.731+0000] {dagbag.py:588} INFO - Filling up the DagBag from /opt/airflow/dags/dag.py
[2026-04-10T19:21:42.740+0000] {processor.py:925} INFO - DAG(s) 'matrix_minio' retrieved from /opt/airflow/dags/dag.py
[2026-04-10T19:21:42.775+0000] {logging_mixin.py:190} INFO - [2026-04-10T19:21:42.774+0000] {dag.py:3239} INFO - Sync 1 DAGs
[2026-04-10T19:21:42.794+0000] {logging_mixin.py:190} INFO - [2026-04-10T19:21:42.794+0000] {dag.py:4180} INFO - Setting next_dagrun for matrix_minio to None, run_after=None
[2026-04-10T19:21:42.819+0000] {processor.py:208} INFO - Processing /opt/airflow/dags/dag.py took 0.098 seconds
[2026-04-10T19:22:13.083+0000] {processor.py:186} INFO - Started process (PID=14775) to work on /opt/airflow/dags/dag.py
[2026-04-10T19:22:13.084+0000] {processor.py:914} INFO - Processing file /opt/airflow/dags/dag.py for tasks to queue
[2026-04-10T19:22:13.087+0000] {logging_mixin.py:190} INFO - [2026-04-10T19:22:13.087+0000] {dagbag.py:588} INFO - Filling up the DagBag from /opt/airflow/dags/dag.py
[2026-04-10T19:22:13.098+0000] {processor.py:925} INFO - DAG(s) 'matrix_minio' retrieved from /opt/airflow/dags/dag.py
[2026-04-10T19:22:13.131+0000] {logging_mixin.py:190} INFO - [2026-04-10T19:22:13.131+0000] {dag.py:3239} INFO - Sync 1 DAGs
[2026-04-10T19:22:13.149+0000] {logging_mixin.py:190} INFO - [2026-04-10T19:22:13.148+0000] {dag.py:4180} INFO - Setting next_dagrun for matrix_minio to None, run_after=None
[2026-04-10T19:22:13.171+0000] {processor.py:208} INFO - Processing /opt/airflow/dags/dag.py took 0.097 seconds
[2026-04-10T19:22:44.251+0000] {processor.py:186} INFO - Started process (PID=14846) to work on /opt/airflow/dags/dag.py
[2026-04-10T19:22:44.252+0000] {processor.py:914} INFO - Processing file /opt/airflow/dags/dag.py for tasks to queue
[2026-04-10T19:22:44.254+0000] {logging_mixin.py:190} INFO - [2026-04-10T19:22:44.254+0000] {dagbag.py:588} INFO - Filling up the DagBag from /opt/airflow/dags/dag.py
[2026-04-10T19:22:44.264+0000] {processor.py:925} INFO - DAG(s) 'matrix_minio' retrieved from /opt/airflow/dags/dag.py
[2026-04-10T19:22:44.295+0000] {logging_mixin.py:190} INFO - [2026-04-10T19:22:44.295+0000] {dag.py:3239} INFO - Sync 1 DAGs
[2026-04-10T19:22:44.315+0000] {logging_mixin.py:190} INFO - [2026-04-10T19:22:44.315+0000] {dag.py:4180} INFO - Setting next_dagrun for matrix_minio to None, run_after=None
[2026-04-10T19:22:44.339+0000] {processor.py:208} INFO - Processing /opt/airflow/dags/dag.py took 0.094 seconds
[2026-04-10T19:23:14.592+0000] {processor.py:186} INFO - Started process (PID=14917) to work on /opt/airflow/dags/dag.py
[2026-04-10T19:23:14.593+0000] {processor.py:914} INFO - Processing file /opt/airflow/dags/dag.py for tasks to queue
[2026-04-10T19:23:14.595+0000] {logging_mixin.py:190} INFO - [2026-04-10T19:23:14.595+0000] {dagbag.py:588} INFO - Filling up the DagBag from /opt/airflow/dags/dag.py
[2026-04-10T19:23:14.604+0000] {processor.py:925} INFO - DAG(s) 'matrix_minio' retrieved from /opt/airflow/dags/dag.py
[2026-04-10T19:23:14.638+0000] {logging_mixin.py:190} INFO - [2026-04-10T19:23:14.637+0000] {dag.py:3239} INFO - Sync 1 DAGs
[2026-04-10T19:23:14.656+0000] {logging_mixin.py:190} INFO - [2026-04-10T19:23:14.655+0000] {dag.py:4180} INFO - Setting next_dagrun for matrix_minio to None, run_after=None
[2026-04-10T19:23:14.681+0000] {processor.py:208} INFO - Processing /opt/airflow/dags/dag.py took 0.096 seconds
[2026-04-10T19:23:44.921+0000] {processor.py:186} INFO - Started process (PID=14988) to work on /opt/airflow/dags/dag.py
[2026-04-10T19:23:44.922+0000] {processor.py:914} INFO - Processing file /opt/airflow/dags/dag.py for tasks to queue
[2026-04-10T19:23:44.925+0000] {logging_mixin.py:190} INFO - [2026-04-10T19:23:44.924+0000] {dagbag.py:588} INFO - Filling up the DagBag from /opt/airflow/dags/dag.py
[2026-04-10T19:23:44.934+0000] {processor.py:925} INFO - DAG(s) 'matrix_minio' retrieved from /opt/airflow/dags/dag.py
[2026-04-10T19:23:44.966+0000] {logging_mixin.py:190} INFO - [2026-04-10T19:23:44.966+0000] {dag.py:3239} INFO - Sync 1 DAGs
[2026-04-10T19:23:44.984+0000] {logging_mixin.py:190} INFO - [2026-04-10T19:23:44.984+0000] {dag.py:4180} INFO - Setting next_dagrun for matrix_minio to None, run_after=None
[2026-04-10T19:23:45.007+0000] {processor.py:208} INFO - Processing /opt/airflow/dags/dag.py took 0.095 seconds
[2026-04-10T19:24:15.245+0000] {processor.py:186} INFO - Started process (PID=15059) to work on /opt/airflow/dags/dag.py
[2026-04-10T19:24:15.246+0000] {processor.py:914} INFO - Processing file /opt/airflow/dags/dag.py for tasks to queue
[2026-04-10T19:24:15.248+0000] {logging_mixin.py:190} INFO - [2026-04-10T19:24:15.248+0000] {dagbag.py:588} INFO - Filling up the DagBag from /opt/airflow/dags/dag.py
[2026-04-10T19:24:15.258+0000] {processor.py:925} INFO - DAG(s) 'matrix_minio' retrieved from /opt/airflow/dags/dag.py
[2026-04-10T19:24:15.291+0000] {logging_mixin.py:190} INFO - [2026-04-10T19:24:15.290+0000] {dag.py:3239} INFO - Sync 1 DAGs
[2026-04-10T19:24:15.312+0000] {logging_mixin.py:190} INFO - [2026-04-10T19:24:15.312+0000] {dag.py:4180} INFO - Setting next_dagrun for matrix_minio to None, run_after=None
[2026-04-10T19:24:15.336+0000] {processor.py:208} INFO - Processing /opt/airflow/dags/dag.py took 0.099 seconds
[2026-04-10T19:24:45.611+0000] {processor.py:186} INFO - Started process (PID=15130) to work on /opt/airflow/dags/dag.py
[2026-04-10T19:24:45.612+0000] {processor.py:914} INFO - Processing file /opt/airflow/dags/dag.py for tasks to queue
[2026-04-10T19:24:45.615+0000] {logging_mixin.py:190} INFO - [2026-04-10T19:24:45.614+0000] {dagbag.py:588} INFO - Filling up the DagBag from /opt/airflow/dags/dag.py
[2026-04-10T19:24:45.624+0000] {processor.py:925} INFO - DAG(s) 'matrix_minio' retrieved from /opt/airflow/dags/dag.py
[2026-04-10T19:24:45.654+0000] {logging_mixin.py:190} INFO - [2026-04-10T19:24:45.654+0000] {dag.py:3239} INFO - Sync 1 DAGs
[2026-04-10T19:24:45.670+0000] {logging_mixin.py:190} INFO - [2026-04-10T19:24:45.669+0000] {dag.py:4180} INFO - Setting next_dagrun for matrix_minio to None, run_after=None
[2026-04-10T19:24:45.693+0000] {processor.py:208} INFO - Processing /opt/airflow/dags/dag.py took 0.087 seconds
[2026-04-10T19:25:15.814+0000] {processor.py:186} INFO - Started process (PID=15201) to work on /opt/airflow/dags/dag.py
[2026-04-10T19:25:15.815+0000] {processor.py:914} INFO - Processing file /opt/airflow/dags/dag.py for tasks to queue
[2026-04-10T19:25:15.818+0000] {logging_mixin.py:190} INFO - [2026-04-10T19:25:15.818+0000] {dagbag.py:588} INFO - Filling up the DagBag from /opt/airflow/dags/dag.py
[2026-04-10T19:25:15.827+0000] {processor.py:925} INFO - DAG(s) 'matrix_minio' retrieved from /opt/airflow/dags/dag.py
[2026-04-10T19:25:15.859+0000] {logging_mixin.py:190} INFO - [2026-04-10T19:25:15.858+0000] {dag.py:3239} INFO - Sync 1 DAGs
[2026-04-10T19:25:15.876+0000] {logging_mixin.py:190} INFO - [2026-04-10T19:25:15.876+0000] {dag.py:4180} INFO - Setting next_dagrun for matrix_minio to None, run_after=None
[2026-04-10T19:25:15.898+0000] {processor.py:208} INFO - Processing /opt/airflow/dags/dag.py took 0.091 seconds
[2026-04-10T19:25:46.139+0000] {processor.py:186} INFO - Started process (PID=15272) to work on /opt/airflow/dags/dag.py
[2026-04-10T19:25:46.140+0000] {processor.py:914} INFO - Processing file /opt/airflow/dags/dag.py for tasks to queue
[2026-04-10T19:25:46.142+0000] {logging_mixin.py:190} INFO - [2026-04-10T19:25:46.141+0000] {dagbag.py:588} INFO - Filling up the DagBag from /opt/airflow/dags/dag.py
[2026-04-10T19:25:46.151+0000] {processor.py:925} INFO - DAG(s) 'matrix_minio' retrieved from /opt/airflow/dags/dag.py
[2026-04-10T19:25:46.184+0000] {logging_mixin.py:190} INFO - [2026-04-10T19:25:46.184+0000] {dag.py:3239} INFO - Sync 1 DAGs
[2026-04-10T19:25:46.203+0000] {logging_mixin.py:190} INFO - [2026-04-10T19:25:46.203+0000] {dag.py:4180} INFO - Setting next_dagrun for matrix_minio to None, run_after=None
[2026-04-10T19:25:46.226+0000] {processor.py:208} INFO - Processing /opt/airflow/dags/dag.py took 0.096 seconds
[2026-04-10T19:26:16.462+0000] {processor.py:186} INFO - Started process (PID=15343) to work on /opt/airflow/dags/dag.py
[2026-04-10T19:26:16.463+0000] {processor.py:914} INFO - Processing file /opt/airflow/dags/dag.py for tasks to queue
[2026-04-10T19:26:16.466+0000] {logging_mixin.py:190} INFO - [2026-04-10T19:26:16.465+0000] {dagbag.py:588} INFO - Filling up the DagBag from /opt/airflow/dags/dag.py
[2026-04-10T19:26:16.475+0000] {processor.py:925} INFO - DAG(s) 'matrix_minio' retrieved from /opt/airflow/dags/dag.py
[2026-04-10T19:26:16.505+0000] {logging_mixin.py:190} INFO - [2026-04-10T19:26:16.505+0000] {dag.py:3239} INFO - Sync 1 DAGs
[2026-04-10T19:26:16.521+0000] {logging_mixin.py:190} INFO - [2026-04-10T19:26:16.520+0000] {dag.py:4180} INFO - Setting next_dagrun for matrix_minio to None, run_after=None
[2026-04-10T19:26:16.546+0000] {processor.py:208} INFO - Processing /opt/airflow/dags/dag.py took 0.091 seconds
[2026-04-10T19:26:46.799+0000] {processor.py:186} INFO - Started process (PID=15414) to work on /opt/airflow/dags/dag.py
[2026-04-10T19:26:46.799+0000] {processor.py:914} INFO - Processing file /opt/airflow/dags/dag.py for tasks to queue
[2026-04-10T19:26:46.802+0000] {logging_mixin.py:190} INFO - [2026-04-10T19:26:46.801+0000] {dagbag.py:588} INFO - Filling up the DagBag from /opt/airflow/dags/dag.py
[2026-04-10T19:26:46.811+0000] {processor.py:925} INFO - DAG(s) 'matrix_minio' retrieved from /opt/airflow/dags/dag.py
[2026-04-10T19:26:46.843+0000] {logging_mixin.py:190} INFO - [2026-04-10T19:26:46.843+0000] {dag.py:3239} INFO - Sync 1 DAGs
[2026-04-10T19:26:46.861+0000] {logging_mixin.py:190} INFO - [2026-04-10T19:26:46.861+0000] {dag.py:4180} INFO - Setting next_dagrun for matrix_minio to None, run_after=None
[2026-04-10T19:26:46.884+0000] {processor.py:208} INFO - Processing /opt/airflow/dags/dag.py took 0.091 seconds
[2026-04-10T19:27:17.015+0000] {processor.py:186} INFO - Started process (PID=15485) to work on /opt/airflow/dags/dag.py
[2026-04-10T19:27:17.015+0000] {processor.py:914} INFO - Processing file /opt/airflow/dags/dag.py for tasks to queue
[2026-04-10T19:27:17.018+0000] {logging_mixin.py:190} INFO - [2026-04-10T19:27:17.017+0000] {dagbag.py:588} INFO - Filling up the DagBag from /opt/airflow/dags/dag.py
[2026-04-10T19:27:17.027+0000] {processor.py:925} INFO - DAG(s) 'matrix_minio' retrieved from /opt/airflow/dags/dag.py
[2026-04-10T19:27:17.057+0000] {logging_mixin.py:190} INFO - [2026-04-10T19:27:17.057+0000] {dag.py:3239} INFO - Sync 1 DAGs
[2026-04-10T19:27:17.077+0000] {logging_mixin.py:190} INFO - [2026-04-10T19:27:17.077+0000] {dag.py:4180} INFO - Setting next_dagrun for matrix_minio to None, run_after=None
[2026-04-10T19:27:17.100+0000] {processor.py:208} INFO - Processing /opt/airflow/dags/dag.py took 0.093 seconds
[2026-04-10T19:27:47.260+0000] {processor.py:186} INFO - Started process (PID=15556) to work on /opt/airflow/dags/dag.py
[2026-04-10T19:27:47.261+0000] {processor.py:914} INFO - Processing file /opt/airflow/dags/dag.py for tasks to queue
[2026-04-10T19:27:47.264+0000] {logging_mixin.py:190} INFO - [2026-04-10T19:27:47.263+0000] {dagbag.py:588} INFO - Filling up the DagBag from /opt/airflow/dags/dag.py
[2026-04-10T19:27:47.274+0000] {processor.py:925} INFO - DAG(s) 'matrix_minio' retrieved from /opt/airflow/dags/dag.py
[2026-04-10T19:27:47.306+0000] {logging_mixin.py:190} INFO - [2026-04-10T19:27:47.305+0000] {dag.py:3239} INFO - Sync 1 DAGs
[2026-04-10T19:27:47.325+0000] {logging_mixin.py:190} INFO - [2026-04-10T19:27:47.325+0000] {dag.py:4180} INFO - Setting next_dagrun for matrix_minio to None, run_after=None
[2026-04-10T19:27:47.347+0000] {processor.py:208} INFO - Processing /opt/airflow/dags/dag.py took 0.098 seconds
[2026-04-10T19:28:17.608+0000] {processor.py:186} INFO - Started process (PID=15627) to work on /opt/airflow/dags/dag.py
[2026-04-10T19:28:17.609+0000] {processor.py:914} INFO - Processing file /opt/airflow/dags/dag.py for tasks to queue
[2026-04-10T19:28:17.612+0000] {logging_mixin.py:190} INFO - [2026-04-10T19:28:17.611+0000] {dagbag.py:588} INFO - Filling up the DagBag from /opt/airflow/dags/dag.py
[2026-04-10T19:28:17.624+0000] {processor.py:925} INFO - DAG(s) 'matrix_minio' retrieved from /opt/airflow/dags/dag.py
[2026-04-10T19:28:17.658+0000] {logging_mixin.py:190} INFO - [2026-04-10T19:28:17.658+0000] {dag.py:3239} INFO - Sync 1 DAGs
[2026-04-10T19:28:17.675+0000] {logging_mixin.py:190} INFO - [2026-04-10T19:28:17.675+0000] {dag.py:4180} INFO - Setting next_dagrun for matrix_minio to None, run_after=None
[2026-04-10T19:28:17.696+0000] {processor.py:208} INFO - Processing /opt/airflow/dags/dag.py took 0.094 seconds
[2026-04-10T19:28:48.007+0000] {processor.py:186} INFO - Started process (PID=15698) to work on /opt/airflow/dags/dag.py
[2026-04-10T19:28:48.008+0000] {processor.py:914} INFO - Processing file /opt/airflow/dags/dag.py for tasks to queue
[2026-04-10T19:28:48.011+0000] {logging_mixin.py:190} INFO - [2026-04-10T19:28:48.010+0000] {dagbag.py:588} INFO - Filling up the DagBag from /opt/airflow/dags/dag.py
[2026-04-10T19:28:48.020+0000] {processor.py:925} INFO - DAG(s) 'matrix_minio' retrieved from /opt/airflow/dags/dag.py
[2026-04-10T19:28:48.059+0000] {logging_mixin.py:190} INFO - [2026-04-10T19:28:48.059+0000] {dag.py:3239} INFO - Sync 1 DAGs
[2026-04-10T19:28:48.081+0000] {logging_mixin.py:190} INFO - [2026-04-10T19:28:48.080+0000] {dag.py:4180} INFO - Setting next_dagrun for matrix_minio to None, run_after=None
[2026-04-10T19:28:48.105+0000] {processor.py:208} INFO - Processing /opt/airflow/dags/dag.py took 0.108 seconds
[2026-04-10T19:29:18.332+0000] {processor.py:186} INFO - Started process (PID=15769) to work on /opt/airflow/dags/dag.py
[2026-04-10T19:29:18.336+0000] {processor.py:914} INFO - Processing file /opt/airflow/dags/dag.py for tasks to queue
[2026-04-10T19:29:18.338+0000] {logging_mixin.py:190} INFO - [2026-04-10T19:29:18.338+0000] {dagbag.py:588} INFO - Filling up the DagBag from /opt/airflow/dags/dag.py
[2026-04-10T19:29:18.347+0000] {processor.py:925} INFO - DAG(s) 'matrix_minio' retrieved from /opt/airflow/dags/dag.py
[2026-04-10T19:29:18.378+0000] {logging_mixin.py:190} INFO - [2026-04-10T19:29:18.378+0000] {dag.py:3239} INFO - Sync 1 DAGs
[2026-04-10T19:29:18.394+0000] {logging_mixin.py:190} INFO - [2026-04-10T19:29:18.394+0000] {dag.py:4180} INFO - Setting next_dagrun for matrix_minio to None, run_after=None
[2026-04-10T19:29:18.415+0000] {processor.py:208} INFO - Processing /opt/airflow/dags/dag.py took 0.089 seconds
[2026-04-10T19:29:49.474+0000] {processor.py:186} INFO - Started process (PID=15840) to work on /opt/airflow/dags/dag.py
[2026-04-10T19:29:49.475+0000] {processor.py:914} INFO - Processing file /opt/airflow/dags/dag.py for tasks to queue
[2026-04-10T19:29:49.478+0000] {logging_mixin.py:190} INFO - [2026-04-10T19:29:49.477+0000] {dagbag.py:588} INFO - Filling up the DagBag from /opt/airflow/dags/dag.py
[2026-04-10T19:29:49.487+0000] {processor.py:925} INFO - DAG(s) 'matrix_minio' retrieved from /opt/airflow/dags/dag.py
[2026-04-10T19:29:49.516+0000] {logging_mixin.py:190} INFO - [2026-04-10T19:29:49.515+0000] {dag.py:3239} INFO - Sync 1 DAGs
[2026-04-10T19:29:49.532+0000] {logging_mixin.py:190} INFO - [2026-04-10T19:29:49.532+0000] {dag.py:4180} INFO - Setting next_dagrun for matrix_minio to None, run_after=None
[2026-04-10T19:29:49.552+0000] {processor.py:208} INFO - Processing /opt/airflow/dags/dag.py took 0.089 seconds
[2026-04-10T19:30:19.663+0000] {processor.py:186} INFO - Started process (PID=15911) to work on /opt/airflow/dags/dag.py
[2026-04-10T19:30:19.665+0000] {processor.py:914} INFO - Processing file /opt/airflow/dags/dag.py for tasks to queue
[2026-04-10T19:30:19.669+0000] {logging_mixin.py:190} INFO - [2026-04-10T19:30:19.668+0000] {dagbag.py:588} INFO - Filling up the DagBag from /opt/airflow/dags/dag.py
[2026-04-10T19:30:19.678+0000] {processor.py:925} INFO - DAG(s) 'matrix_minio' retrieved from /opt/airflow/dags/dag.py
[2026-04-10T19:30:19.707+0000] {logging_mixin.py:190} INFO - [2026-04-10T19:30:19.707+0000] {dag.py:3239} INFO - Sync 1 DAGs
[2026-04-10T19:30:19.724+0000] {logging_mixin.py:190} INFO - [2026-04-10T19:30:19.724+0000] {dag.py:4180} INFO - Setting next_dagrun for matrix_minio to None, run_after=None
[2026-04-10T19:30:19.745+0000] {processor.py:208} INFO - Processing /opt/airflow/dags/dag.py took 0.088 seconds
[2026-04-10T19:30:49.899+0000] {processor.py:186} INFO - Started process (PID=15982) to work on /opt/airflow/dags/dag.py
[2026-04-10T19:30:49.900+0000] {processor.py:914} INFO - Processing file /opt/airflow/dags/dag.py for tasks to queue
[2026-04-10T19:30:49.902+0000] {logging_mixin.py:190} INFO - [2026-04-10T19:30:49.902+0000] {dagbag.py:588} INFO - Filling up the DagBag from /opt/airflow/dags/dag.py
[2026-04-10T19:30:49.911+0000] {processor.py:925} INFO - DAG(s) 'matrix_minio' retrieved from /opt/airflow/dags/dag.py
[2026-04-10T19:30:49.939+0000] {logging_mixin.py:190} INFO - [2026-04-10T19:30:49.939+0000] {dag.py:3239} INFO - Sync 1 DAGs
[2026-04-10T19:30:49.956+0000] {logging_mixin.py:190} INFO - [2026-04-10T19:30:49.955+0000] {dag.py:4180} INFO - Setting next_dagrun for matrix_minio to None, run_after=None
[2026-04-10T19:30:49.977+0000] {processor.py:208} INFO - Processing /opt/airflow/dags/dag.py took 0.091 seconds
[2026-04-10T19:31:20.211+0000] {processor.py:186} INFO - Started process (PID=16053) to work on /opt/airflow/dags/dag.py
[2026-04-10T19:31:20.213+0000] {processor.py:914} INFO - Processing file /opt/airflow/dags/dag.py for tasks to queue
[2026-04-10T19:31:20.215+0000] {logging_mixin.py:190} INFO - [2026-04-10T19:31:20.215+0000] {dagbag.py:588} INFO - Filling up the DagBag from /opt/airflow/dags/dag.py
[2026-04-10T19:31:20.223+0000] {processor.py:925} INFO - DAG(s) 'matrix_minio' retrieved from /opt/airflow/dags/dag.py
[2026-04-10T19:31:20.262+0000] {logging_mixin.py:190} INFO - [2026-04-10T19:31:20.261+0000] {dag.py:3239} INFO - Sync 1 DAGs
[2026-04-10T19:31:20.280+0000] {logging_mixin.py:190} INFO - [2026-04-10T19:31:20.279+0000] {dag.py:4180} INFO - Setting next_dagrun for matrix_minio to None, run_after=None
[2026-04-10T19:31:20.304+0000] {processor.py:208} INFO - Processing /opt/airflow/dags/dag.py took 0.099 seconds
[2026-04-10T19:31:51.377+0000] {processor.py:186} INFO - Started process (PID=16124) to work on /opt/airflow/dags/dag.py
[2026-04-10T19:31:51.378+0000] {processor.py:914} INFO - Processing file /opt/airflow/dags/dag.py for tasks to queue
[2026-04-10T19:31:51.380+0000] {logging_mixin.py:190} INFO - [2026-04-10T19:31:51.380+0000] {dagbag.py:588} INFO - Filling up the DagBag from /opt/airflow/dags/dag.py
[2026-04-10T19:31:51.389+0000] {processor.py:925} INFO - DAG(s) 'matrix_minio' retrieved from /opt/airflow/dags/dag.py
[2026-04-10T19:31:51.417+0000] {logging_mixin.py:190} INFO - [2026-04-10T19:31:51.417+0000] {dag.py:3239} INFO - Sync 1 DAGs
[2026-04-10T19:31:51.434+0000] {logging_mixin.py:190} INFO - [2026-04-10T19:31:51.434+0000] {dag.py:4180} INFO - Setting next_dagrun for matrix_minio to None, run_after=None
[2026-04-10T19:31:51.456+0000] {processor.py:208} INFO - Processing /opt/airflow/dags/dag.py took 0.085 seconds
[2026-04-10T19:32:22.545+0000] {processor.py:186} INFO - Started process (PID=16195) to work on /opt/airflow/dags/dag.py
[2026-04-10T19:32:22.546+0000] {processor.py:914} INFO - Processing file /opt/airflow/dags/dag.py for tasks to queue
[2026-04-10T19:32:22.548+0000] {logging_mixin.py:190} INFO - [2026-04-10T19:32:22.547+0000] {dagbag.py:588} INFO - Filling up the DagBag from /opt/airflow/dags/dag.py
[2026-04-10T19:32:22.556+0000] {processor.py:925} INFO - DAG(s) 'matrix_minio' retrieved from /opt/airflow/dags/dag.py
[2026-04-10T19:32:22.585+0000] {logging_mixin.py:190} INFO - [2026-04-10T19:32:22.585+0000] {dag.py:3239} INFO - Sync 1 DAGs
[2026-04-10T19:32:22.600+0000] {logging_mixin.py:190} INFO - [2026-04-10T19:32:22.600+0000] {dag.py:4180} INFO - Setting next_dagrun for matrix_minio to None, run_after=None
[2026-04-10T19:32:22.619+0000] {processor.py:208} INFO - Processing /opt/airflow/dags/dag.py took 0.080 seconds
[2026-04-10T19:32:53.653+0000] {processor.py:186} INFO - Started process (PID=16266) to work on /opt/airflow/dags/dag.py
[2026-04-10T19:32:53.653+0000] {processor.py:914} INFO - Processing file /opt/airflow/dags/dag.py for tasks to queue
[2026-04-10T19:32:53.656+0000] {logging_mixin.py:190} INFO - [2026-04-10T19:32:53.655+0000] {dagbag.py:588} INFO - Filling up the DagBag from /opt/airflow/dags/dag.py
[2026-04-10T19:32:53.664+0000] {processor.py:925} INFO - DAG(s) 'matrix_minio' retrieved from /opt/airflow/dags/dag.py
[2026-04-10T19:32:53.695+0000] {logging_mixin.py:190} INFO - [2026-04-10T19:32:53.695+0000] {dag.py:3239} INFO - Sync 1 DAGs
[2026-04-10T19:32:53.713+0000] {logging_mixin.py:190} INFO - [2026-04-10T19:32:53.712+0000] {dag.py:4180} INFO - Setting next_dagrun for matrix_minio to None, run_after=None
[2026-04-10T19:32:53.734+0000] {processor.py:208} INFO - Processing /opt/airflow/dags/dag.py took 0.092 seconds
[2026-04-10T19:33:24.804+0000] {processor.py:186} INFO - Started process (PID=16337) to work on /opt/airflow/dags/dag.py
[2026-04-10T19:33:24.805+0000] {processor.py:914} INFO - Processing file /opt/airflow/dags/dag.py for tasks to queue
[2026-04-10T19:33:24.808+0000] {logging_mixin.py:190} INFO - [2026-04-10T19:33:24.808+0000] {dagbag.py:588} INFO - Filling up the DagBag from /opt/airflow/dags/dag.py
[2026-04-10T19:33:24.818+0000] {processor.py:925} INFO - DAG(s) 'matrix_minio' retrieved from /opt/airflow/dags/dag.py
[2026-04-10T19:33:24.848+0000] {logging_mixin.py:190} INFO - [2026-04-10T19:33:24.848+0000] {dag.py:3239} INFO - Sync 1 DAGs
[2026-04-10T19:33:24.865+0000] {logging_mixin.py:190} INFO - [2026-04-10T19:33:24.864+0000] {dag.py:4180} INFO - Setting next_dagrun for matrix_minio to None, run_after=None
[2026-04-10T19:33:24.886+0000] {processor.py:208} INFO - Processing /opt/airflow/dags/dag.py took 0.088 seconds
[2026-04-10T19:33:55.907+0000] {processor.py:186} INFO - Started process (PID=16408) to work on /opt/airflow/dags/dag.py
[2026-04-10T19:33:55.910+0000] {processor.py:914} INFO - Processing file /opt/airflow/dags/dag.py for tasks to queue
[2026-04-10T19:33:55.912+0000] {logging_mixin.py:190} INFO - [2026-04-10T19:33:55.912+0000] {dagbag.py:588} INFO - Filling up the DagBag from /opt/airflow/dags/dag.py
[2026-04-10T19:33:55.920+0000] {processor.py:925} INFO - DAG(s) 'matrix_minio' retrieved from /opt/airflow/dags/dag.py
[2026-04-10T19:33:55.951+0000] {logging_mixin.py:190} INFO - [2026-04-10T19:33:55.951+0000] {dag.py:3239} INFO - Sync 1 DAGs
[2026-04-10T19:33:55.965+0000] {logging_mixin.py:190} INFO - [2026-04-10T19:33:55.965+0000] {dag.py:4180} INFO - Setting next_dagrun for matrix_minio to None, run_after=None
[2026-04-10T19:33:55.984+0000] {processor.py:208} INFO - Processing /opt/airflow/dags/dag.py took 0.083 seconds
[2026-04-10T19:34:27.014+0000] {processor.py:186} INFO - Started process (PID=16479) to work on /opt/airflow/dags/dag.py
[2026-04-10T19:34:27.015+0000] {processor.py:914} INFO - Processing file /opt/airflow/dags/dag.py for tasks to queue
[2026-04-10T19:34:27.018+0000] {logging_mixin.py:190} INFO - [2026-04-10T19:34:27.017+0000] {dagbag.py:588} INFO - Filling up the DagBag from /opt/airflow/dags/dag.py
[2026-04-10T19:34:27.030+0000] {processor.py:925} INFO - DAG(s) 'matrix_minio' retrieved from /opt/airflow/dags/dag.py
[2026-04-10T19:34:27.061+0000] {logging_mixin.py:190} INFO - [2026-04-10T19:34:27.061+0000] {dag.py:3239} INFO - Sync 1 DAGs
[2026-04-10T19:34:27.081+0000] {logging_mixin.py:190} INFO - [2026-04-10T19:34:27.080+0000] {dag.py:4180} INFO - Setting next_dagrun for matrix_minio to None, run_after=None
[2026-04-10T19:34:27.106+0000] {processor.py:208} INFO - Processing /opt/airflow/dags/dag.py took 0.101 seconds
[2026-04-10T19:34:58.169+0000] {processor.py:186} INFO - Started process (PID=16550) to work on /opt/airflow/dags/dag.py
[2026-04-10T19:34:58.170+0000] {processor.py:914} INFO - Processing file /opt/airflow/dags/dag.py for tasks to queue
[2026-04-10T19:34:58.173+0000] {logging_mixin.py:190} INFO - [2026-04-10T19:34:58.173+0000] {dagbag.py:588} INFO - Filling up the DagBag from /opt/airflow/dags/dag.py
[2026-04-10T19:34:58.182+0000] {processor.py:925} INFO - DAG(s) 'matrix_minio' retrieved from /opt/airflow/dags/dag.py
[2026-04-10T19:34:58.218+0000] {logging_mixin.py:190} INFO - [2026-04-10T19:34:58.217+0000] {dag.py:3239} INFO - Sync 1 DAGs
[2026-04-10T19:34:58.237+0000] {logging_mixin.py:190} INFO - [2026-04-10T19:34:58.236+0000] {dag.py:4180} INFO - Setting next_dagrun for matrix_minio to None, run_after=None
[2026-04-10T19:34:58.256+0000] {processor.py:208} INFO - Processing /opt/airflow/dags/dag.py took 0.099 seconds
[2026-04-10T19:35:29.321+0000] {processor.py:186} INFO - Started process (PID=16621) to work on /opt/airflow/dags/dag.py
[2026-04-10T19:35:29.322+0000] {processor.py:914} INFO - Processing file /opt/airflow/dags/dag.py for tasks to queue
[2026-04-10T19:35:29.324+0000] {logging_mixin.py:190} INFO - [2026-04-10T19:35:29.324+0000] {dagbag.py:588} INFO - Filling up the DagBag from /opt/airflow/dags/dag.py
[2026-04-10T19:35:29.333+0000] {processor.py:925} INFO - DAG(s) 'matrix_minio' retrieved from /opt/airflow/dags/dag.py
[2026-04-10T19:35:29.369+0000] {logging_mixin.py:190} INFO - [2026-04-10T19:35:29.368+0000] {dag.py:3239} INFO - Sync 1 DAGs
[2026-04-10T19:35:29.387+0000] {logging_mixin.py:190} INFO - [2026-04-10T19:35:29.387+0000] {dag.py:4180} INFO - Setting next_dagrun for matrix_minio to None, run_after=None
[2026-04-10T19:35:29.408+0000] {processor.py:208} INFO - Processing /opt/airflow/dags/dag.py took 0.100 seconds
[2026-04-10T19:35:59.468+0000] {processor.py:186} INFO - Started process (PID=16689) to work on /opt/airflow/dags/dag.py
[2026-04-10T19:35:59.477+0000] {processor.py:914} INFO - Processing file /opt/airflow/dags/dag.py for tasks to queue
[2026-04-10T19:35:59.480+0000] {logging_mixin.py:190} INFO - [2026-04-10T19:35:59.479+0000] {dagbag.py:588} INFO - Filling up the DagBag from /opt/airflow/dags/dag.py
[2026-04-10T19:35:59.488+0000] {processor.py:925} INFO - DAG(s) 'matrix_minio' retrieved from /opt/airflow/dags/dag.py
[2026-04-10T19:35:59.515+0000] {logging_mixin.py:190} INFO - [2026-04-10T19:35:59.515+0000] {dag.py:3239} INFO - Sync 1 DAGs
[2026-04-10T19:35:59.536+0000] {logging_mixin.py:190} INFO - [2026-04-10T19:35:59.535+0000] {dag.py:4180} INFO - Setting next_dagrun for matrix_minio to None, run_after=None
[2026-04-10T19:35:59.557+0000] {processor.py:208} INFO - Processing /opt/airflow/dags/dag.py took 0.102 seconds
[2026-04-10T20:28:39.827+0000] {processor.py:186} INFO - Started process (PID=16763) to work on /opt/airflow/dags/dag.py
[2026-04-10T20:28:39.828+0000] {processor.py:914} INFO - Processing file /opt/airflow/dags/dag.py for tasks to queue
[2026-04-10T20:28:39.831+0000] {logging_mixin.py:190} INFO - [2026-04-10T20:28:39.831+0000] {dagbag.py:588} INFO - Filling up the DagBag from /opt/airflow/dags/dag.py
[2026-04-10T20:28:39.845+0000] {processor.py:925} INFO - DAG(s) 'matrix_minio' retrieved from /opt/airflow/dags/dag.py
[2026-04-10T20:28:39.890+0000] {logging_mixin.py:190} INFO - [2026-04-10T20:28:39.890+0000] {dag.py:3239} INFO - Sync 1 DAGs
[2026-04-10T20:28:39.913+0000] {logging_mixin.py:190} INFO - [2026-04-10T20:28:39.913+0000] {dag.py:4180} INFO - Setting next_dagrun for matrix_minio to None, run_after=None
[2026-04-10T20:28:39.943+0000] {processor.py:208} INFO - Processing /opt/airflow/dags/dag.py took 0.128 seconds
[2026-04-10T20:29:10.150+0000] {processor.py:186} INFO - Started process (PID=16834) to work on /opt/airflow/dags/dag.py
[2026-04-10T20:29:10.166+0000] {processor.py:914} INFO - Processing file /opt/airflow/dags/dag.py for tasks to queue
[2026-04-10T20:29:10.170+0000] {logging_mixin.py:190} INFO - [2026-04-10T20:29:10.169+0000] {dagbag.py:588} INFO - Filling up the DagBag from /opt/airflow/dags/dag.py
[2026-04-10T20:29:10.182+0000] {processor.py:925} INFO - DAG(s) 'matrix_minio' retrieved from /opt/airflow/dags/dag.py
[2026-04-10T20:29:10.217+0000] {logging_mixin.py:190} INFO - [2026-04-10T20:29:10.217+0000] {dag.py:3239} INFO - Sync 1 DAGs
[2026-04-10T20:29:10.239+0000] {logging_mixin.py:190} INFO - [2026-04-10T20:29:10.238+0000] {dag.py:4180} INFO - Setting next_dagrun for matrix_minio to None, run_after=None
[2026-04-10T20:29:10.265+0000] {processor.py:208} INFO - Processing /opt/airflow/dags/dag.py took 0.124 seconds
[2026-04-10T20:29:40.496+0000] {processor.py:186} INFO - Started process (PID=16905) to work on /opt/airflow/dags/dag.py
[2026-04-10T20:29:40.497+0000] {processor.py:914} INFO - Processing file /opt/airflow/dags/dag.py for tasks to queue
[2026-04-10T20:29:40.501+0000] {logging_mixin.py:190} INFO - [2026-04-10T20:29:40.500+0000] {dagbag.py:588} INFO - Filling up the DagBag from /opt/airflow/dags/dag.py
[2026-04-10T20:29:40.514+0000] {processor.py:925} INFO - DAG(s) 'matrix_minio' retrieved from /opt/airflow/dags/dag.py
[2026-04-10T20:29:40.547+0000] {logging_mixin.py:190} INFO - [2026-04-10T20:29:40.547+0000] {dag.py:3239} INFO - Sync 1 DAGs
[2026-04-10T20:29:40.567+0000] {logging_mixin.py:190} INFO - [2026-04-10T20:29:40.567+0000] {dag.py:4180} INFO - Setting next_dagrun for matrix_minio to None, run_after=None
[2026-04-10T20:29:40.594+0000] {processor.py:208} INFO - Processing /opt/airflow/dags/dag.py took 0.108 seconds
[2026-04-10T20:30:10.841+0000] {processor.py:186} INFO - Started process (PID=16976) to work on /opt/airflow/dags/dag.py
[2026-04-10T20:30:10.842+0000] {processor.py:914} INFO - Processing file /opt/airflow/dags/dag.py for tasks to queue
[2026-04-10T20:30:10.844+0000] {logging_mixin.py:190} INFO - [2026-04-10T20:30:10.844+0000] {dagbag.py:588} INFO - Filling up the DagBag from /opt/airflow/dags/dag.py
[2026-04-10T20:30:10.856+0000] {processor.py:925} INFO - DAG(s) 'matrix_minio' retrieved from /opt/airflow/dags/dag.py
[2026-04-10T20:30:10.891+0000] {logging_mixin.py:190} INFO - [2026-04-10T20:30:10.891+0000] {dag.py:3239} INFO - Sync 1 DAGs
[2026-04-10T20:30:10.911+0000] {logging_mixin.py:190} INFO - [2026-04-10T20:30:10.910+0000] {dag.py:4180} INFO - Setting next_dagrun for matrix_minio to None, run_after=None
[2026-04-10T20:30:10.933+0000] {processor.py:208} INFO - Processing /opt/airflow/dags/dag.py took 0.101 seconds
[2026-04-10T20:30:41.168+0000] {processor.py:186} INFO - Started process (PID=17047) to work on /opt/airflow/dags/dag.py
[2026-04-10T20:30:41.169+0000] {processor.py:914} INFO - Processing file /opt/airflow/dags/dag.py for tasks to queue
[2026-04-10T20:30:41.172+0000] {logging_mixin.py:190} INFO - [2026-04-10T20:30:41.171+0000] {dagbag.py:588} INFO - Filling up the DagBag from /opt/airflow/dags/dag.py
[2026-04-10T20:30:41.182+0000] {processor.py:925} INFO - DAG(s) 'matrix_minio' retrieved from /opt/airflow/dags/dag.py
[2026-04-10T20:30:41.217+0000] {logging_mixin.py:190} INFO - [2026-04-10T20:30:41.216+0000] {dag.py:3239} INFO - Sync 1 DAGs
[2026-04-10T20:30:41.236+0000] {logging_mixin.py:190} INFO - [2026-04-10T20:30:41.236+0000] {dag.py:4180} INFO - Setting next_dagrun for matrix_minio to None, run_after=None
[2026-04-10T20:30:41.262+0000] {processor.py:208} INFO - Processing /opt/airflow/dags/dag.py took 0.101 seconds
[2026-04-10T20:31:11.513+0000] {processor.py:186} INFO - Started process (PID=17119) to work on /opt/airflow/dags/dag.py
[2026-04-10T20:31:11.514+0000] {processor.py:914} INFO - Processing file /opt/airflow/dags/dag.py for tasks to queue
[2026-04-10T20:31:11.517+0000] {logging_mixin.py:190} INFO - [2026-04-10T20:31:11.516+0000] {dagbag.py:588} INFO - Filling up the DagBag from /opt/airflow/dags/dag.py
[2026-04-10T20:31:11.530+0000] {processor.py:925} INFO - DAG(s) 'matrix_minio' retrieved from /opt/airflow/dags/dag.py
[2026-04-10T20:31:11.566+0000] {logging_mixin.py:190} INFO - [2026-04-10T20:31:11.565+0000] {dag.py:3239} INFO - Sync 1 DAGs
[2026-04-10T20:31:11.588+0000] {logging_mixin.py:190} INFO - [2026-04-10T20:31:11.587+0000] {dag.py:4180} INFO - Setting next_dagrun for matrix_minio to None, run_after=None
[2026-04-10T20:31:11.616+0000] {processor.py:208} INFO - Processing /opt/airflow/dags/dag.py took 0.112 seconds
[2026-04-10T20:31:41.708+0000] {processor.py:186} INFO - Started process (PID=17190) to work on /opt/airflow/dags/dag.py
[2026-04-10T20:31:41.709+0000] {processor.py:914} INFO - Processing file /opt/airflow/dags/dag.py for tasks to queue
[2026-04-10T20:31:41.712+0000] {logging_mixin.py:190} INFO - [2026-04-10T20:31:41.712+0000] {dagbag.py:588} INFO - Filling up the DagBag from /opt/airflow/dags/dag.py
[2026-04-10T20:31:41.726+0000] {processor.py:925} INFO - DAG(s) 'matrix_minio' retrieved from /opt/airflow/dags/dag.py
[2026-04-10T20:31:41.762+0000] {logging_mixin.py:190} INFO - [2026-04-10T20:31:41.762+0000] {dag.py:3239} INFO - Sync 1 DAGs
[2026-04-10T20:31:41.788+0000] {logging_mixin.py:190} INFO - [2026-04-10T20:31:41.787+0000] {dag.py:4180} INFO - Setting next_dagrun for matrix_minio to None, run_after=None
[2026-04-10T20:31:41.817+0000] {processor.py:208} INFO - Processing /opt/airflow/dags/dag.py took 0.119 seconds
[2026-04-10T20:32:12.029+0000] {processor.py:186} INFO - Started process (PID=17262) to work on /opt/airflow/dags/dag.py
[2026-04-10T20:32:12.030+0000] {processor.py:914} INFO - Processing file /opt/airflow/dags/dag.py for tasks to queue
[2026-04-10T20:32:12.032+0000] {logging_mixin.py:190} INFO - [2026-04-10T20:32:12.032+0000] {dagbag.py:588} INFO - Filling up the DagBag from /opt/airflow/dags/dag.py
[2026-04-10T20:32:12.041+0000] {processor.py:925} INFO - DAG(s) 'matrix_minio' retrieved from /opt/airflow/dags/dag.py
[2026-04-10T20:32:12.072+0000] {logging_mixin.py:190} INFO - [2026-04-10T20:32:12.071+0000] {dag.py:3239} INFO - Sync 1 DAGs
[2026-04-10T20:32:12.088+0000] {logging_mixin.py:190} INFO - [2026-04-10T20:32:12.088+0000] {dag.py:4180} INFO - Setting next_dagrun for matrix_minio to None, run_after=None
[2026-04-10T20:32:12.111+0000] {processor.py:208} INFO - Processing /opt/airflow/dags/dag.py took 0.089 seconds
[2026-04-10T20:32:42.398+0000] {processor.py:186} INFO - Started process (PID=17333) to work on /opt/airflow/dags/dag.py
[2026-04-10T20:32:42.399+0000] {processor.py:914} INFO - Processing file /opt/airflow/dags/dag.py for tasks to queue
[2026-04-10T20:32:42.402+0000] {logging_mixin.py:190} INFO - [2026-04-10T20:32:42.401+0000] {dagbag.py:588} INFO - Filling up the DagBag from /opt/airflow/dags/dag.py
[2026-04-10T20:32:42.414+0000] {processor.py:925} INFO - DAG(s) 'matrix_minio' retrieved from /opt/airflow/dags/dag.py
[2026-04-10T20:32:42.450+0000] {logging_mixin.py:190} INFO - [2026-04-10T20:32:42.450+0000] {dag.py:3239} INFO - Sync 1 DAGs
[2026-04-10T20:32:42.474+0000] {logging_mixin.py:190} INFO - [2026-04-10T20:32:42.474+0000] {dag.py:4180} INFO - Setting next_dagrun for matrix_minio to None, run_after=None
[2026-04-10T20:32:42.499+0000] {processor.py:208} INFO - Processing /opt/airflow/dags/dag.py took 0.110 seconds
[2026-04-10T20:33:12.865+0000] {processor.py:186} INFO - Started process (PID=17404) to work on /opt/airflow/dags/dag.py
[2026-04-10T20:33:12.866+0000] {processor.py:914} INFO - Processing file /opt/airflow/dags/dag.py for tasks to queue
[2026-04-10T20:33:12.869+0000] {logging_mixin.py:190} INFO - [2026-04-10T20:33:12.868+0000] {dagbag.py:588} INFO - Filling up the DagBag from /opt/airflow/dags/dag.py
[2026-04-10T20:33:12.879+0000] {processor.py:925} INFO - DAG(s) 'matrix_minio' retrieved from /opt/airflow/dags/dag.py
[2026-04-10T20:33:12.911+0000] {logging_mixin.py:190} INFO - [2026-04-10T20:33:12.911+0000] {dag.py:3239} INFO - Sync 1 DAGs
[2026-04-10T20:33:12.928+0000] {logging_mixin.py:190} INFO - [2026-04-10T20:33:12.928+0000] {dag.py:4180} INFO - Setting next_dagrun for matrix_minio to None, run_after=None
[2026-04-10T20:33:12.955+0000] {processor.py:208} INFO - Processing /opt/airflow/dags/dag.py took 0.099 seconds
[2026-04-10T20:33:43.162+0000] {processor.py:186} INFO - Started process (PID=17475) to work on /opt/airflow/dags/dag.py
[2026-04-10T20:33:43.163+0000] {processor.py:914} INFO - Processing file /opt/airflow/dags/dag.py for tasks to queue
[2026-04-10T20:33:43.167+0000] {logging_mixin.py:190} INFO - [2026-04-10T20:33:43.166+0000] {dagbag.py:588} INFO - Filling up the DagBag from /opt/airflow/dags/dag.py
[2026-04-10T20:33:43.179+0000] {processor.py:925} INFO - DAG(s) 'matrix_minio' retrieved from /opt/airflow/dags/dag.py
[2026-04-10T20:33:43.218+0000] {logging_mixin.py:190} INFO - [2026-04-10T20:33:43.217+0000] {dag.py:3239} INFO - Sync 1 DAGs
[2026-04-10T20:33:43.241+0000] {logging_mixin.py:190} INFO - [2026-04-10T20:33:43.240+0000] {dag.py:4180} INFO - Setting next_dagrun for matrix_minio to None, run_after=None
[2026-04-10T20:33:43.266+0000] {processor.py:208} INFO - Processing /opt/airflow/dags/dag.py took 0.112 seconds
[2026-04-10T20:34:13.513+0000] {processor.py:186} INFO - Started process (PID=17546) to work on /opt/airflow/dags/dag.py
[2026-04-10T20:34:13.514+0000] {processor.py:914} INFO - Processing file /opt/airflow/dags/dag.py for tasks to queue
[2026-04-10T20:34:13.517+0000] {logging_mixin.py:190} INFO - [2026-04-10T20:34:13.516+0000] {dagbag.py:588} INFO - Filling up the DagBag from /opt/airflow/dags/dag.py
[2026-04-10T20:34:13.529+0000] {processor.py:925} INFO - DAG(s) 'matrix_minio' retrieved from /opt/airflow/dags/dag.py
[2026-04-10T20:34:13.561+0000] {logging_mixin.py:190} INFO - [2026-04-10T20:34:13.560+0000] {dag.py:3239} INFO - Sync 1 DAGs
[2026-04-10T20:34:13.582+0000] {logging_mixin.py:190} INFO - [2026-04-10T20:34:13.582+0000] {dag.py:4180} INFO - Setting next_dagrun for matrix_minio to None, run_after=None
[2026-04-10T20:34:13.612+0000] {processor.py:208} INFO - Processing /opt/airflow/dags/dag.py took 0.109 seconds
[2026-04-10T20:34:43.859+0000] {processor.py:186} INFO - Started process (PID=17617) to work on /opt/airflow/dags/dag.py
[2026-04-10T20:34:43.860+0000] {processor.py:914} INFO - Processing file /opt/airflow/dags/dag.py for tasks to queue
[2026-04-10T20:34:43.864+0000] {logging_mixin.py:190} INFO - [2026-04-10T20:34:43.863+0000] {dagbag.py:588} INFO - Filling up the DagBag from /opt/airflow/dags/dag.py
[2026-04-10T20:34:43.874+0000] {processor.py:925} INFO - DAG(s) 'matrix_minio' retrieved from /opt/airflow/dags/dag.py
[2026-04-10T20:34:43.906+0000] {logging_mixin.py:190} INFO - [2026-04-10T20:34:43.905+0000] {dag.py:3239} INFO - Sync 1 DAGs
[2026-04-10T20:34:43.922+0000] {logging_mixin.py:190} INFO - [2026-04-10T20:34:43.922+0000] {dag.py:4180} INFO - Setting next_dagrun for matrix_minio to None, run_after=None
[2026-04-10T20:34:43.943+0000] {processor.py:208} INFO - Processing /opt/airflow/dags/dag.py took 0.091 seconds
[2026-04-10T20:35:14.114+0000] {processor.py:186} INFO - Started process (PID=17688) to work on /opt/airflow/dags/dag.py
[2026-04-10T20:35:14.115+0000] {processor.py:914} INFO - Processing file /opt/airflow/dags/dag.py for tasks to queue
[2026-04-10T20:35:14.118+0000] {logging_mixin.py:190} INFO - [2026-04-10T20:35:14.117+0000] {dagbag.py:588} INFO - Filling up the DagBag from /opt/airflow/dags/dag.py
[2026-04-10T20:35:14.127+0000] {processor.py:925} INFO - DAG(s) 'matrix_minio' retrieved from /opt/airflow/dags/dag.py
[2026-04-10T20:35:14.157+0000] {logging_mixin.py:190} INFO - [2026-04-10T20:35:14.157+0000] {dag.py:3239} INFO - Sync 1 DAGs
[2026-04-10T20:35:14.173+0000] {logging_mixin.py:190} INFO - [2026-04-10T20:35:14.173+0000] {dag.py:4180} INFO - Setting next_dagrun for matrix_minio to None, run_after=None
[2026-04-10T20:35:14.199+0000] {processor.py:208} INFO - Processing /opt/airflow/dags/dag.py took 0.093 seconds
[2026-04-10T20:35:44.478+0000] {processor.py:186} INFO - Started process (PID=17759) to work on /opt/airflow/dags/dag.py
[2026-04-10T20:35:44.480+0000] {processor.py:914} INFO - Processing file /opt/airflow/dags/dag.py for tasks to queue
[2026-04-10T20:35:44.482+0000] {logging_mixin.py:190} INFO - [2026-04-10T20:35:44.482+0000] {dagbag.py:588} INFO - Filling up the DagBag from /opt/airflow/dags/dag.py
[2026-04-10T20:35:44.493+0000] {processor.py:925} INFO - DAG(s) 'matrix_minio' retrieved from /opt/airflow/dags/dag.py
[2026-04-10T20:35:44.528+0000] {logging_mixin.py:190} INFO - [2026-04-10T20:35:44.527+0000] {dag.py:3239} INFO - Sync 1 DAGs
[2026-04-10T20:35:44.547+0000] {logging_mixin.py:190} INFO - [2026-04-10T20:35:44.547+0000] {dag.py:4180} INFO - Setting next_dagrun for matrix_minio to None, run_after=None
[2026-04-10T20:35:44.569+0000] {processor.py:208} INFO - Processing /opt/airflow/dags/dag.py took 0.099 seconds
[2026-04-10T20:36:14.645+0000] {processor.py:186} INFO - Started process (PID=17830) to work on /opt/airflow/dags/dag.py
[2026-04-10T20:36:14.646+0000] {processor.py:914} INFO - Processing file /opt/airflow/dags/dag.py for tasks to queue
[2026-04-10T20:36:14.649+0000] {logging_mixin.py:190} INFO - [2026-04-10T20:36:14.649+0000] {dagbag.py:588} INFO - Filling up the DagBag from /opt/airflow/dags/dag.py
[2026-04-10T20:36:14.659+0000] {processor.py:925} INFO - DAG(s) 'matrix_minio' retrieved from /opt/airflow/dags/dag.py
[2026-04-10T20:36:14.693+0000] {logging_mixin.py:190} INFO - [2026-04-10T20:36:14.692+0000] {dag.py:3239} INFO - Sync 1 DAGs
[2026-04-10T20:36:14.714+0000] {logging_mixin.py:190} INFO - [2026-04-10T20:36:14.714+0000] {dag.py:4180} INFO - Setting next_dagrun for matrix_minio to None, run_after=None
[2026-04-10T20:36:14.739+0000] {processor.py:208} INFO - Processing /opt/airflow/dags/dag.py took 0.100 seconds
[2026-04-10T20:36:45.008+0000] {processor.py:186} INFO - Started process (PID=17901) to work on /opt/airflow/dags/dag.py
[2026-04-10T20:36:45.009+0000] {processor.py:914} INFO - Processing file /opt/airflow/dags/dag.py for tasks to queue
[2026-04-10T20:36:45.012+0000] {logging_mixin.py:190} INFO - [2026-04-10T20:36:45.011+0000] {dagbag.py:588} INFO - Filling up the DagBag from /opt/airflow/dags/dag.py
[2026-04-10T20:36:45.021+0000] {processor.py:925} INFO - DAG(s) 'matrix_minio' retrieved from /opt/airflow/dags/dag.py
[2026-04-10T20:36:45.056+0000] {logging_mixin.py:190} INFO - [2026-04-10T20:36:45.055+0000] {dag.py:3239} INFO - Sync 1 DAGs
[2026-04-10T20:36:45.074+0000] {logging_mixin.py:190} INFO - [2026-04-10T20:36:45.074+0000] {dag.py:4180} INFO - Setting next_dagrun for matrix_minio to None, run_after=None
[2026-04-10T20:36:45.096+0000] {processor.py:208} INFO - Processing /opt/airflow/dags/dag.py took 0.094 seconds
[2026-04-10T20:37:15.326+0000] {processor.py:186} INFO - Started process (PID=17972) to work on /opt/airflow/dags/dag.py
[2026-04-10T20:37:15.327+0000] {processor.py:914} INFO - Processing file /opt/airflow/dags/dag.py for tasks to queue
[2026-04-10T20:37:15.330+0000] {logging_mixin.py:190} INFO - [2026-04-10T20:37:15.329+0000] {dagbag.py:588} INFO - Filling up the DagBag from /opt/airflow/dags/dag.py
[2026-04-10T20:37:15.339+0000] {processor.py:925} INFO - DAG(s) 'matrix_minio' retrieved from /opt/airflow/dags/dag.py
[2026-04-10T20:37:15.374+0000] {logging_mixin.py:190} INFO - [2026-04-10T20:37:15.374+0000] {dag.py:3239} INFO - Sync 1 DAGs
[2026-04-10T20:37:15.392+0000] {logging_mixin.py:190} INFO - [2026-04-10T20:37:15.392+0000] {dag.py:4180} INFO - Setting next_dagrun for matrix_minio to None, run_after=None
[2026-04-10T20:37:15.418+0000] {processor.py:208} INFO - Processing /opt/airflow/dags/dag.py took 0.099 seconds
[2026-04-10T20:37:45.570+0000] {processor.py:186} INFO - Started process (PID=18043) to work on /opt/airflow/dags/dag.py
[2026-04-10T20:37:45.570+0000] {processor.py:914} INFO - Processing file /opt/airflow/dags/dag.py for tasks to queue
[2026-04-10T20:37:45.573+0000] {logging_mixin.py:190} INFO - [2026-04-10T20:37:45.572+0000] {dagbag.py:588} INFO - Filling up the DagBag from /opt/airflow/dags/dag.py
[2026-04-10T20:37:45.583+0000] {processor.py:925} INFO - DAG(s) 'matrix_minio' retrieved from /opt/airflow/dags/dag.py
[2026-04-10T20:37:45.615+0000] {logging_mixin.py:190} INFO - [2026-04-10T20:37:45.615+0000] {dag.py:3239} INFO - Sync 1 DAGs
[2026-04-10T20:37:45.635+0000] {logging_mixin.py:190} INFO - [2026-04-10T20:37:45.634+0000] {dag.py:4180} INFO - Setting next_dagrun for matrix_minio to None, run_after=None
[2026-04-10T20:37:45.658+0000] {processor.py:208} INFO - Processing /opt/airflow/dags/dag.py took 0.098 seconds
[2026-04-10T20:38:15.729+0000] {processor.py:186} INFO - Started process (PID=18114) to work on /opt/airflow/dags/dag.py
[2026-04-10T20:38:15.731+0000] {processor.py:914} INFO - Processing file /opt/airflow/dags/dag.py for tasks to queue
[2026-04-10T20:38:15.734+0000] {logging_mixin.py:190} INFO - [2026-04-10T20:38:15.733+0000] {dagbag.py:588} INFO - Filling up the DagBag from /opt/airflow/dags/dag.py
[2026-04-10T20:38:15.743+0000] {processor.py:925} INFO - DAG(s) 'matrix_minio' retrieved from /opt/airflow/dags/dag.py
[2026-04-10T20:38:15.782+0000] {logging_mixin.py:190} INFO - [2026-04-10T20:38:15.782+0000] {dag.py:3239} INFO - Sync 1 DAGs
[2026-04-10T20:38:15.803+0000] {logging_mixin.py:190} INFO - [2026-04-10T20:38:15.802+0000] {dag.py:4180} INFO - Setting next_dagrun for matrix_minio to None, run_after=None
[2026-04-10T20:38:15.828+0000] {processor.py:208} INFO - Processing /opt/airflow/dags/dag.py took 0.105 seconds
[2026-04-10T20:38:46.069+0000] {processor.py:186} INFO - Started process (PID=18185) to work on /opt/airflow/dags/dag.py
[2026-04-10T20:38:46.070+0000] {processor.py:914} INFO - Processing file /opt/airflow/dags/dag.py for tasks to queue
[2026-04-10T20:38:46.073+0000] {logging_mixin.py:190} INFO - [2026-04-10T20:38:46.072+0000] {dagbag.py:588} INFO - Filling up the DagBag from /opt/airflow/dags/dag.py
[2026-04-10T20:38:46.083+0000] {processor.py:925} INFO - DAG(s) 'matrix_minio' retrieved from /opt/airflow/dags/dag.py
[2026-04-10T20:38:46.115+0000] {logging_mixin.py:190} INFO - [2026-04-10T20:38:46.114+0000] {dag.py:3239} INFO - Sync 1 DAGs
[2026-04-10T20:38:46.135+0000] {logging_mixin.py:190} INFO - [2026-04-10T20:38:46.134+0000] {dag.py:4180} INFO - Setting next_dagrun for matrix_minio to None, run_after=None
[2026-04-10T20:38:46.160+0000] {processor.py:208} INFO - Processing /opt/airflow/dags/dag.py took 0.103 seconds
[2026-04-10T20:39:16.239+0000] {processor.py:186} INFO - Started process (PID=18253) to work on /opt/airflow/dags/dag.py
[2026-04-10T20:39:16.249+0000] {processor.py:914} INFO - Processing file /opt/airflow/dags/dag.py for tasks to queue
[2026-04-10T20:39:16.252+0000] {logging_mixin.py:190} INFO - [2026-04-10T20:39:16.251+0000] {dagbag.py:588} INFO - Filling up the DagBag from /opt/airflow/dags/dag.py
[2026-04-10T20:39:16.262+0000] {processor.py:925} INFO - DAG(s) 'matrix_minio' retrieved from /opt/airflow/dags/dag.py
[2026-04-10T20:39:16.295+0000] {logging_mixin.py:190} INFO - [2026-04-10T20:39:16.294+0000] {dag.py:3239} INFO - Sync 1 DAGs
[2026-04-10T20:39:16.314+0000] {logging_mixin.py:190} INFO - [2026-04-10T20:39:16.313+0000] {dag.py:4180} INFO - Setting next_dagrun for matrix_minio to None, run_after=None
[2026-04-10T20:39:16.337+0000] {processor.py:208} INFO - Processing /opt/airflow/dags/dag.py took 0.108 seconds
[2026-04-10T20:39:46.399+0000] {processor.py:186} INFO - Started process (PID=18324) to work on /opt/airflow/dags/dag.py
[2026-04-10T20:39:46.409+0000] {processor.py:914} INFO - Processing file /opt/airflow/dags/dag.py for tasks to queue
[2026-04-10T20:39:46.412+0000] {logging_mixin.py:190} INFO - [2026-04-10T20:39:46.411+0000] {dagbag.py:588} INFO - Filling up the DagBag from /opt/airflow/dags/dag.py
[2026-04-10T20:39:46.423+0000] {processor.py:925} INFO - DAG(s) 'matrix_minio' retrieved from /opt/airflow/dags/dag.py
[2026-04-10T20:39:46.460+0000] {logging_mixin.py:190} INFO - [2026-04-10T20:39:46.460+0000] {dag.py:3239} INFO - Sync 1 DAGs
[2026-04-10T20:39:46.479+0000] {logging_mixin.py:190} INFO - [2026-04-10T20:39:46.479+0000] {dag.py:4180} INFO - Setting next_dagrun for matrix_minio to None, run_after=None
[2026-04-10T20:39:46.504+0000] {processor.py:208} INFO - Processing /opt/airflow/dags/dag.py took 0.111 seconds
[2026-04-10T20:40:17.554+0000] {processor.py:186} INFO - Started process (PID=18398) to work on /opt/airflow/dags/dag.py
[2026-04-10T20:40:17.555+0000] {processor.py:914} INFO - Processing file /opt/airflow/dags/dag.py for tasks to queue
[2026-04-10T20:40:17.557+0000] {logging_mixin.py:190} INFO - [2026-04-10T20:40:17.557+0000] {dagbag.py:588} INFO - Filling up the DagBag from /opt/airflow/dags/dag.py
[2026-04-10T20:40:17.569+0000] {processor.py:925} INFO - DAG(s) 'matrix_minio' retrieved from /opt/airflow/dags/dag.py
[2026-04-10T20:40:17.612+0000] {logging_mixin.py:190} INFO - [2026-04-10T20:40:17.612+0000] {dag.py:3239} INFO - Sync 1 DAGs
[2026-04-10T20:40:17.636+0000] {logging_mixin.py:190} INFO - [2026-04-10T20:40:17.636+0000] {dag.py:4180} INFO - Setting next_dagrun for matrix_minio to None, run_after=None
[2026-04-10T20:40:17.668+0000] {processor.py:208} INFO - Processing /opt/airflow/dags/dag.py took 0.125 seconds
[2026-04-10T20:40:47.868+0000] {processor.py:186} INFO - Started process (PID=18469) to work on /opt/airflow/dags/dag.py
[2026-04-10T20:40:47.869+0000] {processor.py:914} INFO - Processing file /opt/airflow/dags/dag.py for tasks to queue
[2026-04-10T20:40:47.872+0000] {logging_mixin.py:190} INFO - [2026-04-10T20:40:47.871+0000] {dagbag.py:588} INFO - Filling up the DagBag from /opt/airflow/dags/dag.py
[2026-04-10T20:40:47.881+0000] {processor.py:925} INFO - DAG(s) 'matrix_minio' retrieved from /opt/airflow/dags/dag.py
[2026-04-10T20:40:47.912+0000] {logging_mixin.py:190} INFO - [2026-04-10T20:40:47.912+0000] {dag.py:3239} INFO - Sync 1 DAGs
[2026-04-10T20:40:47.930+0000] {logging_mixin.py:190} INFO - [2026-04-10T20:40:47.930+0000] {dag.py:4180} INFO - Setting next_dagrun for matrix_minio to None, run_after=None
[2026-04-10T20:40:47.955+0000] {processor.py:208} INFO - Processing /opt/airflow/dags/dag.py took 0.094 seconds
[2026-04-10T20:41:18.199+0000] {processor.py:186} INFO - Started process (PID=18540) to work on /opt/airflow/dags/dag.py
[2026-04-10T20:41:18.200+0000] {processor.py:914} INFO - Processing file /opt/airflow/dags/dag.py for tasks to queue
[2026-04-10T20:41:18.203+0000] {logging_mixin.py:190} INFO - [2026-04-10T20:41:18.202+0000] {dagbag.py:588} INFO - Filling up the DagBag from /opt/airflow/dags/dag.py
[2026-04-10T20:41:18.212+0000] {processor.py:925} INFO - DAG(s) 'matrix_minio' retrieved from /opt/airflow/dags/dag.py
[2026-04-10T20:41:18.245+0000] {logging_mixin.py:190} INFO - [2026-04-10T20:41:18.245+0000] {dag.py:3239} INFO - Sync 1 DAGs
[2026-04-10T20:41:18.265+0000] {logging_mixin.py:190} INFO - [2026-04-10T20:41:18.265+0000] {dag.py:4180} INFO - Setting next_dagrun for matrix_minio to None, run_after=None
[2026-04-10T20:41:18.290+0000] {processor.py:208} INFO - Processing /opt/airflow/dags/dag.py took 0.098 seconds
[2026-04-10T20:41:48.543+0000] {processor.py:186} INFO - Started process (PID=18611) to work on /opt/airflow/dags/dag.py
[2026-04-10T20:41:48.544+0000] {processor.py:914} INFO - Processing file /opt/airflow/dags/dag.py for tasks to queue
[2026-04-10T20:41:48.547+0000] {logging_mixin.py:190} INFO - [2026-04-10T20:41:48.547+0000] {dagbag.py:588} INFO - Filling up the DagBag from /opt/airflow/dags/dag.py
[2026-04-10T20:41:48.557+0000] {processor.py:925} INFO - DAG(s) 'matrix_minio' retrieved from /opt/airflow/dags/dag.py
[2026-04-10T20:41:48.590+0000] {logging_mixin.py:190} INFO - [2026-04-10T20:41:48.590+0000] {dag.py:3239} INFO - Sync 1 DAGs
[2026-04-10T20:41:48.610+0000] {logging_mixin.py:190} INFO - [2026-04-10T20:41:48.609+0000] {dag.py:4180} INFO - Setting next_dagrun for matrix_minio to None, run_after=None
[2026-04-10T20:41:48.634+0000] {processor.py:208} INFO - Processing /opt/airflow/dags/dag.py took 0.098 seconds
[2026-04-10T20:42:18.850+0000] {processor.py:186} INFO - Started process (PID=18682) to work on /opt/airflow/dags/dag.py
[2026-04-10T20:42:18.851+0000] {processor.py:914} INFO - Processing file /opt/airflow/dags/dag.py for tasks to queue
[2026-04-10T20:42:18.854+0000] {logging_mixin.py:190} INFO - [2026-04-10T20:42:18.854+0000] {dagbag.py:588} INFO - Filling up the DagBag from /opt/airflow/dags/dag.py
[2026-04-10T20:42:18.869+0000] {processor.py:925} INFO - DAG(s) 'matrix_minio' retrieved from /opt/airflow/dags/dag.py
[2026-04-10T20:42:18.911+0000] {logging_mixin.py:190} INFO - [2026-04-10T20:42:18.911+0000] {dag.py:3239} INFO - Sync 1 DAGs
[2026-04-10T20:42:18.933+0000] {logging_mixin.py:190} INFO - [2026-04-10T20:42:18.932+0000] {dag.py:4180} INFO - Setting next_dagrun for matrix_minio to None, run_after=None
[2026-04-10T20:42:18.962+0000] {processor.py:208} INFO - Processing /opt/airflow/dags/dag.py took 0.121 seconds
[2026-04-10T20:42:49.198+0000] {processor.py:186} INFO - Started process (PID=18753) to work on /opt/airflow/dags/dag.py
[2026-04-10T20:42:49.199+0000] {processor.py:914} INFO - Processing file /opt/airflow/dags/dag.py for tasks to queue
[2026-04-10T20:42:49.202+0000] {logging_mixin.py:190} INFO - [2026-04-10T20:42:49.201+0000] {dagbag.py:588} INFO - Filling up the DagBag from /opt/airflow/dags/dag.py
[2026-04-10T20:42:49.212+0000] {processor.py:925} INFO - DAG(s) 'matrix_minio' retrieved from /opt/airflow/dags/dag.py
[2026-04-10T20:42:49.244+0000] {logging_mixin.py:190} INFO - [2026-04-10T20:42:49.244+0000] {dag.py:3239} INFO - Sync 1 DAGs
[2026-04-10T20:42:49.264+0000] {logging_mixin.py:190} INFO - [2026-04-10T20:42:49.264+0000] {dag.py:4180} INFO - Setting next_dagrun for matrix_minio to None, run_after=None
[2026-04-10T20:42:49.288+0000] {processor.py:208} INFO - Processing /opt/airflow/dags/dag.py took 0.096 seconds
[2026-04-10T20:43:19.513+0000] {processor.py:186} INFO - Started process (PID=18824) to work on /opt/airflow/dags/dag.py
[2026-04-10T20:43:19.514+0000] {processor.py:914} INFO - Processing file /opt/airflow/dags/dag.py for tasks to queue
[2026-04-10T20:43:19.517+0000] {logging_mixin.py:190} INFO - [2026-04-10T20:43:19.517+0000] {dagbag.py:588} INFO - Filling up the DagBag from /opt/airflow/dags/dag.py
[2026-04-10T20:43:19.527+0000] {processor.py:925} INFO - DAG(s) 'matrix_minio' retrieved from /opt/airflow/dags/dag.py
[2026-04-10T20:43:19.558+0000] {logging_mixin.py:190} INFO - [2026-04-10T20:43:19.558+0000] {dag.py:3239} INFO - Sync 1 DAGs
[2026-04-10T20:43:19.575+0000] {logging_mixin.py:190} INFO - [2026-04-10T20:43:19.575+0000] {dag.py:4180} INFO - Setting next_dagrun for matrix_minio to None, run_after=None
[2026-04-10T20:43:19.598+0000] {processor.py:208} INFO - Processing /opt/airflow/dags/dag.py took 0.095 seconds
[2026-04-10T20:43:50.633+0000] {processor.py:186} INFO - Started process (PID=18895) to work on /opt/airflow/dags/dag.py
[2026-04-10T20:43:50.634+0000] {processor.py:914} INFO - Processing file /opt/airflow/dags/dag.py for tasks to queue
[2026-04-10T20:43:50.637+0000] {logging_mixin.py:190} INFO - [2026-04-10T20:43:50.636+0000] {dagbag.py:588} INFO - Filling up the DagBag from /opt/airflow/dags/dag.py
[2026-04-10T20:43:50.648+0000] {processor.py:925} INFO - DAG(s) 'matrix_minio' retrieved from /opt/airflow/dags/dag.py
[2026-04-10T20:43:50.679+0000] {logging_mixin.py:190} INFO - [2026-04-10T20:43:50.679+0000] {dag.py:3239} INFO - Sync 1 DAGs
[2026-04-10T20:43:50.700+0000] {logging_mixin.py:190} INFO - [2026-04-10T20:43:50.700+0000] {dag.py:4180} INFO - Setting next_dagrun for matrix_minio to None, run_after=None
[2026-04-10T20:43:50.729+0000] {processor.py:208} INFO - Processing /opt/airflow/dags/dag.py took 0.103 seconds
[2026-04-10T20:44:20.792+0000] {processor.py:186} INFO - Started process (PID=18963) to work on /opt/airflow/dags/dag.py
[2026-04-10T20:44:20.802+0000] {processor.py:914} INFO - Processing file /opt/airflow/dags/dag.py for tasks to queue
[2026-04-10T20:44:20.807+0000] {logging_mixin.py:190} INFO - [2026-04-10T20:44:20.806+0000] {dagbag.py:588} INFO - Filling up the DagBag from /opt/airflow/dags/dag.py
[2026-04-10T20:44:20.817+0000] {processor.py:925} INFO - DAG(s) 'matrix_minio' retrieved from /opt/airflow/dags/dag.py
[2026-04-10T20:44:20.851+0000] {logging_mixin.py:190} INFO - [2026-04-10T20:44:20.851+0000] {dag.py:3239} INFO - Sync 1 DAGs
[2026-04-10T20:44:20.871+0000] {logging_mixin.py:190} INFO - [2026-04-10T20:44:20.871+0000] {dag.py:4180} INFO - Setting next_dagrun for matrix_minio to None, run_after=None
[2026-04-10T20:44:20.896+0000] {processor.py:208} INFO - Processing /opt/airflow/dags/dag.py took 0.113 seconds
[2026-04-10T20:44:51.045+0000] {processor.py:186} INFO - Started process (PID=19037) to work on /opt/airflow/dags/dag.py
[2026-04-10T20:44:51.046+0000] {processor.py:914} INFO - Processing file /opt/airflow/dags/dag.py for tasks to queue
[2026-04-10T20:44:51.049+0000] {logging_mixin.py:190} INFO - [2026-04-10T20:44:51.048+0000] {dagbag.py:588} INFO - Filling up the DagBag from /opt/airflow/dags/dag.py
[2026-04-10T20:44:51.058+0000] {processor.py:925} INFO - DAG(s) 'matrix_minio' retrieved from /opt/airflow/dags/dag.py
[2026-04-10T20:44:51.093+0000] {logging_mixin.py:190} INFO - [2026-04-10T20:44:51.093+0000] {dag.py:3239} INFO - Sync 1 DAGs
[2026-04-10T20:44:51.118+0000] {logging_mixin.py:190} INFO - [2026-04-10T20:44:51.118+0000] {dag.py:4180} INFO - Setting next_dagrun for matrix_minio to None, run_after=None
[2026-04-10T20:44:51.146+0000] {processor.py:208} INFO - Processing /opt/airflow/dags/dag.py took 0.107 seconds
[2026-04-10T20:45:21.414+0000] {processor.py:186} INFO - Started process (PID=19108) to work on /opt/airflow/dags/dag.py
[2026-04-10T20:45:21.416+0000] {processor.py:914} INFO - Processing file /opt/airflow/dags/dag.py for tasks to queue
[2026-04-10T20:45:21.418+0000] {logging_mixin.py:190} INFO - [2026-04-10T20:45:21.418+0000] {dagbag.py:588} INFO - Filling up the DagBag from /opt/airflow/dags/dag.py
[2026-04-10T20:45:21.430+0000] {processor.py:925} INFO - DAG(s) 'matrix_minio' retrieved from /opt/airflow/dags/dag.py
[2026-04-10T20:45:21.463+0000] {logging_mixin.py:190} INFO - [2026-04-10T20:45:21.463+0000] {dag.py:3239} INFO - Sync 1 DAGs
[2026-04-10T20:45:21.482+0000] {logging_mixin.py:190} INFO - [2026-04-10T20:45:21.482+0000] {dag.py:4180} INFO - Setting next_dagrun for matrix_minio to None, run_after=None
[2026-04-10T20:45:21.508+0000] {processor.py:208} INFO - Processing /opt/airflow/dags/dag.py took 0.104 seconds
[2026-04-10T20:45:51.602+0000] {processor.py:186} INFO - Started process (PID=19179) to work on /opt/airflow/dags/dag.py
[2026-04-10T20:45:51.603+0000] {processor.py:914} INFO - Processing file /opt/airflow/dags/dag.py for tasks to queue
[2026-04-10T20:45:51.606+0000] {logging_mixin.py:190} INFO - [2026-04-10T20:45:51.606+0000] {dagbag.py:588} INFO - Filling up the DagBag from /opt/airflow/dags/dag.py
[2026-04-10T20:45:51.615+0000] {processor.py:925} INFO - DAG(s) 'matrix_minio' retrieved from /opt/airflow/dags/dag.py
[2026-04-10T20:45:51.647+0000] {logging_mixin.py:190} INFO - [2026-04-10T20:45:51.646+0000] {dag.py:3239} INFO - Sync 1 DAGs
[2026-04-10T20:45:51.665+0000] {logging_mixin.py:190} INFO - [2026-04-10T20:45:51.665+0000] {dag.py:4180} INFO - Setting next_dagrun for matrix_minio to None, run_after=None
[2026-04-10T20:45:51.692+0000] {processor.py:208} INFO - Processing /opt/airflow/dags/dag.py took 0.097 seconds
[2026-04-10T20:46:21.958+0000] {processor.py:186} INFO - Started process (PID=19250) to work on /opt/airflow/dags/dag.py
[2026-04-10T20:46:21.959+0000] {processor.py:914} INFO - Processing file /opt/airflow/dags/dag.py for tasks to queue
[2026-04-10T20:46:21.961+0000] {logging_mixin.py:190} INFO - [2026-04-10T20:46:21.961+0000] {dagbag.py:588} INFO - Filling up the DagBag from /opt/airflow/dags/dag.py
[2026-04-10T20:46:21.970+0000] {processor.py:925} INFO - DAG(s) 'matrix_minio' retrieved from /opt/airflow/dags/dag.py
[2026-04-10T20:46:22.009+0000] {logging_mixin.py:190} INFO - [2026-04-10T20:46:22.008+0000] {dag.py:3239} INFO - Sync 1 DAGs
[2026-04-10T20:46:22.028+0000] {logging_mixin.py:190} INFO - [2026-04-10T20:46:22.027+0000] {dag.py:4180} INFO - Setting next_dagrun for matrix_minio to None, run_after=None
[2026-04-10T20:46:22.055+0000] {processor.py:208} INFO - Processing /opt/airflow/dags/dag.py took 0.105 seconds
[2026-04-10T20:46:52.368+0000] {processor.py:186} INFO - Started process (PID=19321) to work on /opt/airflow/dags/dag.py
[2026-04-10T20:46:52.369+0000] {processor.py:914} INFO - Processing file /opt/airflow/dags/dag.py for tasks to queue
[2026-04-10T20:46:52.372+0000] {logging_mixin.py:190} INFO - [2026-04-10T20:46:52.371+0000] {dagbag.py:588} INFO - Filling up the DagBag from /opt/airflow/dags/dag.py
[2026-04-10T20:46:52.385+0000] {processor.py:925} INFO - DAG(s) 'matrix_minio' retrieved from /opt/airflow/dags/dag.py
[2026-04-10T20:46:52.429+0000] {logging_mixin.py:190} INFO - [2026-04-10T20:46:52.429+0000] {dag.py:3239} INFO - Sync 1 DAGs
[2026-04-10T20:46:52.455+0000] {logging_mixin.py:190} INFO - [2026-04-10T20:46:52.454+0000] {dag.py:4180} INFO - Setting next_dagrun for matrix_minio to None, run_after=None
[2026-04-10T20:46:52.487+0000] {processor.py:208} INFO - Processing /opt/airflow/dags/dag.py took 0.132 seconds
[2026-04-10T20:47:22.858+0000] {processor.py:186} INFO - Started process (PID=19392) to work on /opt/airflow/dags/dag.py
[2026-04-10T20:47:22.859+0000] {processor.py:914} INFO - Processing file /opt/airflow/dags/dag.py for tasks to queue
[2026-04-10T20:47:22.863+0000] {logging_mixin.py:190} INFO - [2026-04-10T20:47:22.863+0000] {dagbag.py:588} INFO - Filling up the DagBag from /opt/airflow/dags/dag.py
[2026-04-10T20:47:22.877+0000] {processor.py:925} INFO - DAG(s) 'matrix_minio' retrieved from /opt/airflow/dags/dag.py
[2026-04-10T20:47:22.930+0000] {logging_mixin.py:190} INFO - [2026-04-10T20:47:22.930+0000] {dag.py:3239} INFO - Sync 1 DAGs
[2026-04-10T20:47:22.959+0000] {logging_mixin.py:190} INFO - [2026-04-10T20:47:22.958+0000] {dag.py:4180} INFO - Setting next_dagrun for matrix_minio to None, run_after=None
[2026-04-10T20:47:22.994+0000] {processor.py:208} INFO - Processing /opt/airflow/dags/dag.py took 0.147 seconds
[2026-04-10T20:47:53.433+0000] {processor.py:186} INFO - Started process (PID=19463) to work on /opt/airflow/dags/dag.py
[2026-04-10T20:47:53.434+0000] {processor.py:914} INFO - Processing file /opt/airflow/dags/dag.py for tasks to queue
[2026-04-10T20:47:53.437+0000] {logging_mixin.py:190} INFO - [2026-04-10T20:47:53.436+0000] {dagbag.py:588} INFO - Filling up the DagBag from /opt/airflow/dags/dag.py
[2026-04-10T20:47:53.451+0000] {processor.py:925} INFO - DAG(s) 'matrix_minio' retrieved from /opt/airflow/dags/dag.py
[2026-04-10T20:47:53.494+0000] {logging_mixin.py:190} INFO - [2026-04-10T20:47:53.493+0000] {dag.py:3239} INFO - Sync 1 DAGs
[2026-04-10T20:47:53.521+0000] {logging_mixin.py:190} INFO - [2026-04-10T20:47:53.521+0000] {dag.py:4180} INFO - Setting next_dagrun for matrix_minio to None, run_after=None
[2026-04-10T20:47:53.558+0000] {processor.py:208} INFO - Processing /opt/airflow/dags/dag.py took 0.136 seconds
[2026-04-10T20:48:23.939+0000] {processor.py:186} INFO - Started process (PID=19534) to work on /opt/airflow/dags/dag.py
[2026-04-10T20:48:23.940+0000] {processor.py:914} INFO - Processing file /opt/airflow/dags/dag.py for tasks to queue
[2026-04-10T20:48:23.944+0000] {logging_mixin.py:190} INFO - [2026-04-10T20:48:23.943+0000] {dagbag.py:588} INFO - Filling up the DagBag from /opt/airflow/dags/dag.py
[2026-04-10T20:48:23.960+0000] {processor.py:925} INFO - DAG(s) 'matrix_minio' retrieved from /opt/airflow/dags/dag.py
[2026-04-10T20:48:24.003+0000] {logging_mixin.py:190} INFO - [2026-04-10T20:48:24.002+0000] {dag.py:3239} INFO - Sync 1 DAGs
[2026-04-10T20:48:24.036+0000] {logging_mixin.py:190} INFO - [2026-04-10T20:48:24.035+0000] {dag.py:4180} INFO - Setting next_dagrun for matrix_minio to None, run_after=None
[2026-04-10T20:48:24.079+0000] {processor.py:208} INFO - Processing /opt/airflow/dags/dag.py took 0.150 seconds
[2026-04-10T20:48:54.515+0000] {processor.py:186} INFO - Started process (PID=19605) to work on /opt/airflow/dags/dag.py
[2026-04-10T20:48:54.517+0000] {processor.py:914} INFO - Processing file /opt/airflow/dags/dag.py for tasks to queue
[2026-04-10T20:48:54.520+0000] {logging_mixin.py:190} INFO - [2026-04-10T20:48:54.519+0000] {dagbag.py:588} INFO - Filling up the DagBag from /opt/airflow/dags/dag.py
[2026-04-10T20:48:54.532+0000] {processor.py:925} INFO - DAG(s) 'matrix_minio' retrieved from /opt/airflow/dags/dag.py
[2026-04-10T20:48:54.575+0000] {logging_mixin.py:190} INFO - [2026-04-10T20:48:54.574+0000] {dag.py:3239} INFO - Sync 1 DAGs
[2026-04-10T20:48:54.599+0000] {logging_mixin.py:190} INFO - [2026-04-10T20:48:54.598+0000] {dag.py:4180} INFO - Setting next_dagrun for matrix_minio to None, run_after=None
[2026-04-10T20:48:54.628+0000] {processor.py:208} INFO - Processing /opt/airflow/dags/dag.py took 0.124 seconds
[2026-04-10T20:49:25.164+0000] {processor.py:186} INFO - Started process (PID=19676) to work on /opt/airflow/dags/dag.py
[2026-04-10T20:49:25.165+0000] {processor.py:914} INFO - Processing file /opt/airflow/dags/dag.py for tasks to queue
[2026-04-10T20:49:25.169+0000] {logging_mixin.py:190} INFO - [2026-04-10T20:49:25.168+0000] {dagbag.py:588} INFO - Filling up the DagBag from /opt/airflow/dags/dag.py
[2026-04-10T20:49:25.183+0000] {processor.py:925} INFO - DAG(s) 'matrix_minio' retrieved from /opt/airflow/dags/dag.py
[2026-04-10T20:49:25.230+0000] {logging_mixin.py:190} INFO - [2026-04-10T20:49:25.230+0000] {dag.py:3239} INFO - Sync 1 DAGs
[2026-04-10T20:49:25.259+0000] {logging_mixin.py:190} INFO - [2026-04-10T20:49:25.259+0000] {dag.py:4180} INFO - Setting next_dagrun for matrix_minio to None, run_after=None
[2026-04-10T20:49:25.295+0000] {processor.py:208} INFO - Processing /opt/airflow/dags/dag.py took 0.141 seconds
[2026-04-10T20:49:55.773+0000] {processor.py:186} INFO - Started process (PID=19747) to work on /opt/airflow/dags/dag.py
[2026-04-10T20:49:55.774+0000] {processor.py:914} INFO - Processing file /opt/airflow/dags/dag.py for tasks to queue
[2026-04-10T20:49:55.777+0000] {logging_mixin.py:190} INFO - [2026-04-10T20:49:55.777+0000] {dagbag.py:588} INFO - Filling up the DagBag from /opt/airflow/dags/dag.py
[2026-04-10T20:49:55.792+0000] {processor.py:925} INFO - DAG(s) 'matrix_minio' retrieved from /opt/airflow/dags/dag.py
[2026-04-10T20:49:55.835+0000] {logging_mixin.py:190} INFO - [2026-04-10T20:49:55.835+0000] {dag.py:3239} INFO - Sync 1 DAGs
[2026-04-10T20:49:55.860+0000] {logging_mixin.py:190} INFO - [2026-04-10T20:49:55.860+0000] {dag.py:4180} INFO - Setting next_dagrun for matrix_minio to None, run_after=None
[2026-04-10T20:49:55.894+0000] {processor.py:208} INFO - Processing /opt/airflow/dags/dag.py took 0.130 seconds
[2026-04-10T20:50:26.478+0000] {processor.py:186} INFO - Started process (PID=19818) to work on /opt/airflow/dags/dag.py
[2026-04-10T20:50:26.479+0000] {processor.py:914} INFO - Processing file /opt/airflow/dags/dag.py for tasks to queue
[2026-04-10T20:50:26.482+0000] {logging_mixin.py:190} INFO - [2026-04-10T20:50:26.481+0000] {dagbag.py:588} INFO - Filling up the DagBag from /opt/airflow/dags/dag.py
[2026-04-10T20:50:26.496+0000] {processor.py:925} INFO - DAG(s) 'matrix_minio' retrieved from /opt/airflow/dags/dag.py
[2026-04-10T20:50:26.539+0000] {logging_mixin.py:190} INFO - [2026-04-10T20:50:26.539+0000] {dag.py:3239} INFO - Sync 1 DAGs
[2026-04-10T20:50:26.568+0000] {logging_mixin.py:190} INFO - [2026-04-10T20:50:26.567+0000] {dag.py:4180} INFO - Setting next_dagrun for matrix_minio to None, run_after=None
[2026-04-10T20:50:26.612+0000] {processor.py:208} INFO - Processing /opt/airflow/dags/dag.py took 0.144 seconds
[2026-04-10T20:50:57.216+0000] {processor.py:186} INFO - Started process (PID=19889) to work on /opt/airflow/dags/dag.py
[2026-04-10T20:50:57.217+0000] {processor.py:914} INFO - Processing file /opt/airflow/dags/dag.py for tasks to queue
[2026-04-10T20:50:57.220+0000] {logging_mixin.py:190} INFO - [2026-04-10T20:50:57.219+0000] {dagbag.py:588} INFO - Filling up the DagBag from /opt/airflow/dags/dag.py
[2026-04-10T20:50:57.237+0000] {processor.py:925} INFO - DAG(s) 'matrix_minio' retrieved from /opt/airflow/dags/dag.py
[2026-04-10T20:50:57.280+0000] {logging_mixin.py:190} INFO - [2026-04-10T20:50:57.280+0000] {dag.py:3239} INFO - Sync 1 DAGs
[2026-04-10T20:50:57.307+0000] {logging_mixin.py:190} INFO - [2026-04-10T20:50:57.306+0000] {dag.py:4180} INFO - Setting next_dagrun for matrix_minio to None, run_after=None
[2026-04-10T20:50:57.348+0000] {processor.py:208} INFO - Processing /opt/airflow/dags/dag.py took 0.144 seconds
[2026-04-10T20:51:28.033+0000] {processor.py:186} INFO - Started process (PID=19960) to work on /opt/airflow/dags/dag.py
[2026-04-10T20:51:28.034+0000] {processor.py:914} INFO - Processing file /opt/airflow/dags/dag.py for tasks to queue
[2026-04-10T20:51:28.038+0000] {logging_mixin.py:190} INFO - [2026-04-10T20:51:28.037+0000] {dagbag.py:588} INFO - Filling up the DagBag from /opt/airflow/dags/dag.py
[2026-04-10T20:51:28.053+0000] {processor.py:925} INFO - DAG(s) 'matrix_minio' retrieved from /opt/airflow/dags/dag.py
[2026-04-10T20:51:28.102+0000] {logging_mixin.py:190} INFO - [2026-04-10T20:51:28.101+0000] {dag.py:3239} INFO - Sync 1 DAGs
[2026-04-10T20:51:28.128+0000] {logging_mixin.py:190} INFO - [2026-04-10T20:51:28.128+0000] {dag.py:4180} INFO - Setting next_dagrun for matrix_minio to None, run_after=None
[2026-04-10T20:51:28.163+0000] {processor.py:208} INFO - Processing /opt/airflow/dags/dag.py took 0.141 seconds
[2026-04-10T20:51:58.726+0000] {processor.py:186} INFO - Started process (PID=20031) to work on /opt/airflow/dags/dag.py
[2026-04-10T20:51:58.727+0000] {processor.py:914} INFO - Processing file /opt/airflow/dags/dag.py for tasks to queue
[2026-04-10T20:51:58.730+0000] {logging_mixin.py:190} INFO - [2026-04-10T20:51:58.729+0000] {dagbag.py:588} INFO - Filling up the DagBag from /opt/airflow/dags/dag.py
[2026-04-10T20:51:58.744+0000] {processor.py:925} INFO - DAG(s) 'matrix_minio' retrieved from /opt/airflow/dags/dag.py
[2026-04-10T20:51:58.789+0000] {logging_mixin.py:190} INFO - [2026-04-10T20:51:58.789+0000] {dag.py:3239} INFO - Sync 1 DAGs
[2026-04-10T20:51:58.817+0000] {logging_mixin.py:190} INFO - [2026-04-10T20:51:58.816+0000] {dag.py:4180} INFO - Setting next_dagrun for matrix_minio to None, run_after=None
[2026-04-10T20:51:58.859+0000] {processor.py:208} INFO - Processing /opt/airflow/dags/dag.py took 0.145 seconds
[2026-04-10T20:52:29.221+0000] {processor.py:186} INFO - Started process (PID=20102) to work on /opt/airflow/dags/dag.py
[2026-04-10T20:52:29.223+0000] {processor.py:914} INFO - Processing file /opt/airflow/dags/dag.py for tasks to queue
[2026-04-10T20:52:29.226+0000] {logging_mixin.py:190} INFO - [2026-04-10T20:52:29.225+0000] {dagbag.py:588} INFO - Filling up the DagBag from /opt/airflow/dags/dag.py
[2026-04-10T20:52:29.243+0000] {processor.py:925} INFO - DAG(s) 'matrix_minio' retrieved from /opt/airflow/dags/dag.py
[2026-04-10T20:52:29.297+0000] {logging_mixin.py:190} INFO - [2026-04-10T20:52:29.297+0000] {dag.py:3239} INFO - Sync 1 DAGs
[2026-04-10T20:52:29.325+0000] {logging_mixin.py:190} INFO - [2026-04-10T20:52:29.324+0000] {dag.py:4180} INFO - Setting next_dagrun for matrix_minio to None, run_after=None
[2026-04-10T20:52:29.364+0000] {processor.py:208} INFO - Processing /opt/airflow/dags/dag.py took 0.153 seconds
[2026-04-10T20:52:59.743+0000] {processor.py:186} INFO - Started process (PID=20173) to work on /opt/airflow/dags/dag.py
[2026-04-10T20:52:59.744+0000] {processor.py:914} INFO - Processing file /opt/airflow/dags/dag.py for tasks to queue
[2026-04-10T20:52:59.747+0000] {logging_mixin.py:190} INFO - [2026-04-10T20:52:59.747+0000] {dagbag.py:588} INFO - Filling up the DagBag from /opt/airflow/dags/dag.py
[2026-04-10T20:52:59.761+0000] {processor.py:925} INFO - DAG(s) 'matrix_minio' retrieved from /opt/airflow/dags/dag.py
[2026-04-10T20:52:59.801+0000] {logging_mixin.py:190} INFO - [2026-04-10T20:52:59.801+0000] {dag.py:3239} INFO - Sync 1 DAGs
[2026-04-10T20:52:59.826+0000] {logging_mixin.py:190} INFO - [2026-04-10T20:52:59.826+0000] {dag.py:4180} INFO - Setting next_dagrun for matrix_minio to None, run_after=None
[2026-04-10T20:52:59.858+0000] {processor.py:208} INFO - Processing /opt/airflow/dags/dag.py took 0.127 seconds
[2026-04-10T20:53:30.291+0000] {processor.py:186} INFO - Started process (PID=20244) to work on /opt/airflow/dags/dag.py
[2026-04-10T20:53:30.293+0000] {processor.py:914} INFO - Processing file /opt/airflow/dags/dag.py for tasks to queue
[2026-04-10T20:53:30.297+0000] {logging_mixin.py:190} INFO - [2026-04-10T20:53:30.296+0000] {dagbag.py:588} INFO - Filling up the DagBag from /opt/airflow/dags/dag.py
[2026-04-10T20:53:30.315+0000] {processor.py:925} INFO - DAG(s) 'matrix_minio' retrieved from /opt/airflow/dags/dag.py
[2026-04-10T20:53:30.359+0000] {logging_mixin.py:190} INFO - [2026-04-10T20:53:30.359+0000] {dag.py:3239} INFO - Sync 1 DAGs
[2026-04-10T20:53:30.384+0000] {logging_mixin.py:190} INFO - [2026-04-10T20:53:30.383+0000] {dag.py:4180} INFO - Setting next_dagrun for matrix_minio to None, run_after=None
[2026-04-10T20:53:30.415+0000] {processor.py:208} INFO - Processing /opt/airflow/dags/dag.py took 0.137 seconds
[2026-04-10T20:54:00.804+0000] {processor.py:186} INFO - Started process (PID=20315) to work on /opt/airflow/dags/dag.py
[2026-04-10T20:54:00.806+0000] {processor.py:914} INFO - Processing file /opt/airflow/dags/dag.py for tasks to queue
[2026-04-10T20:54:00.809+0000] {logging_mixin.py:190} INFO - [2026-04-10T20:54:00.809+0000] {dagbag.py:588} INFO - Filling up the DagBag from /opt/airflow/dags/dag.py
[2026-04-10T20:54:00.823+0000] {processor.py:925} INFO - DAG(s) 'matrix_minio' retrieved from /opt/airflow/dags/dag.py
[2026-04-10T20:54:00.877+0000] {logging_mixin.py:190} INFO - [2026-04-10T20:54:00.877+0000] {dag.py:3239} INFO - Sync 1 DAGs
[2026-04-10T20:54:00.911+0000] {logging_mixin.py:190} INFO - [2026-04-10T20:54:00.911+0000] {dag.py:4180} INFO - Setting next_dagrun for matrix_minio to None, run_after=None
[2026-04-10T20:54:00.955+0000] {processor.py:208} INFO - Processing /opt/airflow/dags/dag.py took 0.161 seconds
[2026-04-10T20:54:31.419+0000] {processor.py:186} INFO - Started process (PID=20386) to work on /opt/airflow/dags/dag.py
[2026-04-10T20:54:31.420+0000] {processor.py:914} INFO - Processing file /opt/airflow/dags/dag.py for tasks to queue
[2026-04-10T20:54:31.424+0000] {logging_mixin.py:190} INFO - [2026-04-10T20:54:31.424+0000] {dagbag.py:588} INFO - Filling up the DagBag from /opt/airflow/dags/dag.py
[2026-04-10T20:54:31.438+0000] {processor.py:925} INFO - DAG(s) 'matrix_minio' retrieved from /opt/airflow/dags/dag.py
[2026-04-10T20:54:31.483+0000] {logging_mixin.py:190} INFO - [2026-04-10T20:54:31.483+0000] {dag.py:3239} INFO - Sync 1 DAGs
[2026-04-10T20:54:31.514+0000] {logging_mixin.py:190} INFO - [2026-04-10T20:54:31.514+0000] {dag.py:4180} INFO - Setting next_dagrun for matrix_minio to None, run_after=None
[2026-04-10T20:54:31.553+0000] {processor.py:208} INFO - Processing /opt/airflow/dags/dag.py took 0.148 seconds
[2026-04-10T20:55:02.088+0000] {processor.py:186} INFO - Started process (PID=20457) to work on /opt/airflow/dags/dag.py
[2026-04-10T20:55:02.090+0000] {processor.py:914} INFO - Processing file /opt/airflow/dags/dag.py for tasks to queue
[2026-04-10T20:55:02.094+0000] {logging_mixin.py:190} INFO - [2026-04-10T20:55:02.093+0000] {dagbag.py:588} INFO - Filling up the DagBag from /opt/airflow/dags/dag.py
[2026-04-10T20:55:02.111+0000] {processor.py:925} INFO - DAG(s) 'matrix_minio' retrieved from /opt/airflow/dags/dag.py
[2026-04-10T20:55:02.156+0000] {logging_mixin.py:190} INFO - [2026-04-10T20:55:02.156+0000] {dag.py:3239} INFO - Sync 1 DAGs
[2026-04-10T20:55:02.182+0000] {logging_mixin.py:190} INFO - [2026-04-10T20:55:02.182+0000] {dag.py:4180} INFO - Setting next_dagrun for matrix_minio to None, run_after=None
[2026-04-10T20:55:02.224+0000] {processor.py:208} INFO - Processing /opt/airflow/dags/dag.py took 0.145 seconds
[2026-04-10T20:55:32.703+0000] {processor.py:186} INFO - Started process (PID=20528) to work on /opt/airflow/dags/dag.py
[2026-04-10T20:55:32.705+0000] {processor.py:914} INFO - Processing file /opt/airflow/dags/dag.py for tasks to queue
[2026-04-10T20:55:32.709+0000] {logging_mixin.py:190} INFO - [2026-04-10T20:55:32.708+0000] {dagbag.py:588} INFO - Filling up the DagBag from /opt/airflow/dags/dag.py
[2026-04-10T20:55:32.727+0000] {processor.py:925} INFO - DAG(s) 'matrix_minio' retrieved from /opt/airflow/dags/dag.py
[2026-04-10T20:55:32.774+0000] {logging_mixin.py:190} INFO - [2026-04-10T20:55:32.774+0000] {dag.py:3239} INFO - Sync 1 DAGs
[2026-04-10T20:55:32.800+0000] {logging_mixin.py:190} INFO - [2026-04-10T20:55:32.800+0000] {dag.py:4180} INFO - Setting next_dagrun for matrix_minio to None, run_after=None
[2026-04-10T20:55:32.836+0000] {processor.py:208} INFO - Processing /opt/airflow/dags/dag.py took 0.145 seconds
[2026-04-10T20:56:03.357+0000] {processor.py:186} INFO - Started process (PID=20599) to work on /opt/airflow/dags/dag.py
[2026-04-10T20:56:03.358+0000] {processor.py:914} INFO - Processing file /opt/airflow/dags/dag.py for tasks to queue
[2026-04-10T20:56:03.363+0000] {logging_mixin.py:190} INFO - [2026-04-10T20:56:03.362+0000] {dagbag.py:588} INFO - Filling up the DagBag from /opt/airflow/dags/dag.py
[2026-04-10T20:56:03.378+0000] {processor.py:925} INFO - DAG(s) 'matrix_minio' retrieved from /opt/airflow/dags/dag.py
[2026-04-10T20:56:03.421+0000] {logging_mixin.py:190} INFO - [2026-04-10T20:56:03.420+0000] {dag.py:3239} INFO - Sync 1 DAGs
[2026-04-10T20:56:03.446+0000] {logging_mixin.py:190} INFO - [2026-04-10T20:56:03.445+0000] {dag.py:4180} INFO - Setting next_dagrun for matrix_minio to None, run_after=None
[2026-04-10T20:56:03.478+0000] {processor.py:208} INFO - Processing /opt/airflow/dags/dag.py took 0.133 seconds
[2026-04-10T20:56:33.837+0000] {processor.py:186} INFO - Started process (PID=20670) to work on /opt/airflow/dags/dag.py
[2026-04-10T20:56:33.838+0000] {processor.py:914} INFO - Processing file /opt/airflow/dags/dag.py for tasks to queue
[2026-04-10T20:56:33.842+0000] {logging_mixin.py:190} INFO - [2026-04-10T20:56:33.841+0000] {dagbag.py:588} INFO - Filling up the DagBag from /opt/airflow/dags/dag.py
[2026-04-10T20:56:33.858+0000] {processor.py:925} INFO - DAG(s) 'matrix_minio' retrieved from /opt/airflow/dags/dag.py
[2026-04-10T20:56:33.903+0000] {logging_mixin.py:190} INFO - [2026-04-10T20:56:33.903+0000] {dag.py:3239} INFO - Sync 1 DAGs
[2026-04-10T20:56:33.931+0000] {logging_mixin.py:190} INFO - [2026-04-10T20:56:33.931+0000] {dag.py:4180} INFO - Setting next_dagrun for matrix_minio to None, run_after=None
[2026-04-10T20:56:33.972+0000] {processor.py:208} INFO - Processing /opt/airflow/dags/dag.py took 0.145 seconds
[2026-04-10T20:57:04.512+0000] {processor.py:186} INFO - Started process (PID=20741) to work on /opt/airflow/dags/dag.py
[2026-04-10T20:57:04.514+0000] {processor.py:914} INFO - Processing file /opt/airflow/dags/dag.py for tasks to queue
[2026-04-10T20:57:04.519+0000] {logging_mixin.py:190} INFO - [2026-04-10T20:57:04.518+0000] {dagbag.py:588} INFO - Filling up the DagBag from /opt/airflow/dags/dag.py
[2026-04-10T20:57:04.532+0000] {processor.py:925} INFO - DAG(s) 'matrix_minio' retrieved from /opt/airflow/dags/dag.py
[2026-04-10T20:57:04.576+0000] {logging_mixin.py:190} INFO - [2026-04-10T20:57:04.575+0000] {dag.py:3239} INFO - Sync 1 DAGs
[2026-04-10T20:57:04.603+0000] {logging_mixin.py:190} INFO - [2026-04-10T20:57:04.602+0000] {dag.py:4180} INFO - Setting next_dagrun for matrix_minio to None, run_after=None
[2026-04-10T20:57:04.636+0000] {processor.py:208} INFO - Processing /opt/airflow/dags/dag.py took 0.134 seconds
[2026-04-10T20:57:35.107+0000] {processor.py:186} INFO - Started process (PID=20812) to work on /opt/airflow/dags/dag.py
[2026-04-10T20:57:35.109+0000] {processor.py:914} INFO - Processing file /opt/airflow/dags/dag.py for tasks to queue
[2026-04-10T20:57:35.113+0000] {logging_mixin.py:190} INFO - [2026-04-10T20:57:35.112+0000] {dagbag.py:588} INFO - Filling up the DagBag from /opt/airflow/dags/dag.py
[2026-04-10T20:57:35.127+0000] {processor.py:925} INFO - DAG(s) 'matrix_minio' retrieved from /opt/airflow/dags/dag.py
[2026-04-10T20:57:35.180+0000] {logging_mixin.py:190} INFO - [2026-04-10T20:57:35.180+0000] {dag.py:3239} INFO - Sync 1 DAGs
[2026-04-10T20:57:35.208+0000] {logging_mixin.py:190} INFO - [2026-04-10T20:57:35.208+0000] {dag.py:4180} INFO - Setting next_dagrun for matrix_minio to None, run_after=None
[2026-04-10T20:57:35.250+0000] {processor.py:208} INFO - Processing /opt/airflow/dags/dag.py took 0.154 seconds
[2026-04-10T20:58:05.825+0000] {processor.py:186} INFO - Started process (PID=20883) to work on /opt/airflow/dags/dag.py
[2026-04-10T20:58:05.826+0000] {processor.py:914} INFO - Processing file /opt/airflow/dags/dag.py for tasks to queue
[2026-04-10T20:58:05.830+0000] {logging_mixin.py:190} INFO - [2026-04-10T20:58:05.829+0000] {dagbag.py:588} INFO - Filling up the DagBag from /opt/airflow/dags/dag.py
[2026-04-10T20:58:05.845+0000] {processor.py:925} INFO - DAG(s) 'matrix_minio' retrieved from /opt/airflow/dags/dag.py
[2026-04-10T20:58:05.892+0000] {logging_mixin.py:190} INFO - [2026-04-10T20:58:05.892+0000] {dag.py:3239} INFO - Sync 1 DAGs
[2026-04-10T20:58:05.920+0000] {logging_mixin.py:190} INFO - [2026-04-10T20:58:05.919+0000] {dag.py:4180} INFO - Setting next_dagrun for matrix_minio to None, run_after=None
[2026-04-10T20:58:05.962+0000] {processor.py:208} INFO - Processing /opt/airflow/dags/dag.py took 0.148 seconds
[2026-04-10T20:58:36.454+0000] {processor.py:186} INFO - Started process (PID=20954) to work on /opt/airflow/dags/dag.py
[2026-04-10T20:58:36.455+0000] {processor.py:914} INFO - Processing file /opt/airflow/dags/dag.py for tasks to queue
[2026-04-10T20:58:36.459+0000] {logging_mixin.py:190} INFO - [2026-04-10T20:58:36.459+0000] {dagbag.py:588} INFO - Filling up the DagBag from /opt/airflow/dags/dag.py
[2026-04-10T20:58:36.474+0000] {processor.py:925} INFO - DAG(s) 'matrix_minio' retrieved from /opt/airflow/dags/dag.py
[2026-04-10T20:58:36.520+0000] {logging_mixin.py:190} INFO - [2026-04-10T20:58:36.520+0000] {dag.py:3239} INFO - Sync 1 DAGs
[2026-04-10T20:58:36.546+0000] {logging_mixin.py:190} INFO - [2026-04-10T20:58:36.546+0000] {dag.py:4180} INFO - Setting next_dagrun for matrix_minio to None, run_after=None
[2026-04-10T20:58:36.589+0000] {processor.py:208} INFO - Processing /opt/airflow/dags/dag.py took 0.145 seconds
[2026-04-10T20:59:07.134+0000] {processor.py:186} INFO - Started process (PID=21025) to work on /opt/airflow/dags/dag.py
[2026-04-10T20:59:07.136+0000] {processor.py:914} INFO - Processing file /opt/airflow/dags/dag.py for tasks to queue
[2026-04-10T20:59:07.139+0000] {logging_mixin.py:190} INFO - [2026-04-10T20:59:07.138+0000] {dagbag.py:588} INFO - Filling up the DagBag from /opt/airflow/dags/dag.py
[2026-04-10T20:59:07.154+0000] {processor.py:925} INFO - DAG(s) 'matrix_minio' retrieved from /opt/airflow/dags/dag.py
[2026-04-10T20:59:07.195+0000] {logging_mixin.py:190} INFO - [2026-04-10T20:59:07.195+0000] {dag.py:3239} INFO - Sync 1 DAGs
[2026-04-10T20:59:07.223+0000] {logging_mixin.py:190} INFO - [2026-04-10T20:59:07.223+0000] {dag.py:4180} INFO - Setting next_dagrun for matrix_minio to None, run_after=None
[2026-04-10T20:59:07.255+0000] {processor.py:208} INFO - Processing /opt/airflow/dags/dag.py took 0.130 seconds
[2026-04-10T20:59:37.759+0000] {processor.py:186} INFO - Started process (PID=21096) to work on /opt/airflow/dags/dag.py
[2026-04-10T20:59:37.760+0000] {processor.py:914} INFO - Processing file /opt/airflow/dags/dag.py for tasks to queue
[2026-04-10T20:59:37.764+0000] {logging_mixin.py:190} INFO - [2026-04-10T20:59:37.763+0000] {dagbag.py:588} INFO - Filling up the DagBag from /opt/airflow/dags/dag.py
[2026-04-10T20:59:37.780+0000] {processor.py:925} INFO - DAG(s) 'matrix_minio' retrieved from /opt/airflow/dags/dag.py
[2026-04-10T20:59:37.822+0000] {logging_mixin.py:190} INFO - [2026-04-10T20:59:37.822+0000] {dag.py:3239} INFO - Sync 1 DAGs
[2026-04-10T20:59:37.853+0000] {logging_mixin.py:190} INFO - [2026-04-10T20:59:37.853+0000] {dag.py:4180} INFO - Setting next_dagrun for matrix_minio to None, run_after=None
[2026-04-10T20:59:37.898+0000] {processor.py:208} INFO - Processing /opt/airflow/dags/dag.py took 0.150 seconds
[2026-04-10T21:00:08.494+0000] {processor.py:186} INFO - Started process (PID=21167) to work on /opt/airflow/dags/dag.py
[2026-04-10T21:00:08.495+0000] {processor.py:914} INFO - Processing file /opt/airflow/dags/dag.py for tasks to queue
[2026-04-10T21:00:08.499+0000] {logging_mixin.py:190} INFO - [2026-04-10T21:00:08.498+0000] {dagbag.py:588} INFO - Filling up the DagBag from /opt/airflow/dags/dag.py
[2026-04-10T21:00:08.514+0000] {processor.py:925} INFO - DAG(s) 'matrix_minio' retrieved from /opt/airflow/dags/dag.py
[2026-04-10T21:00:08.557+0000] {logging_mixin.py:190} INFO - [2026-04-10T21:00:08.557+0000] {dag.py:3239} INFO - Sync 1 DAGs
[2026-04-10T21:00:08.586+0000] {logging_mixin.py:190} INFO - [2026-04-10T21:00:08.585+0000] {dag.py:4180} INFO - Setting next_dagrun for matrix_minio to None, run_after=None
[2026-04-10T21:00:08.633+0000] {processor.py:208} INFO - Processing /opt/airflow/dags/dag.py took 0.150 seconds
[2026-04-10T21:00:39.112+0000] {processor.py:186} INFO - Started process (PID=21238) to work on /opt/airflow/dags/dag.py
[2026-04-10T21:00:39.113+0000] {processor.py:914} INFO - Processing file /opt/airflow/dags/dag.py for tasks to queue
[2026-04-10T21:00:39.118+0000] {logging_mixin.py:190} INFO - [2026-04-10T21:00:39.117+0000] {dagbag.py:588} INFO - Filling up the DagBag from /opt/airflow/dags/dag.py
[2026-04-10T21:00:39.133+0000] {processor.py:925} INFO - DAG(s) 'matrix_minio' retrieved from /opt/airflow/dags/dag.py
[2026-04-10T21:00:39.174+0000] {logging_mixin.py:190} INFO - [2026-04-10T21:00:39.174+0000] {dag.py:3239} INFO - Sync 1 DAGs
[2026-04-10T21:00:39.202+0000] {logging_mixin.py:190} INFO - [2026-04-10T21:00:39.202+0000] {dag.py:4180} INFO - Setting next_dagrun for matrix_minio to None, run_after=None
[2026-04-10T21:00:39.248+0000] {processor.py:208} INFO - Processing /opt/airflow/dags/dag.py took 0.149 seconds
[2026-04-10T21:01:09.875+0000] {processor.py:186} INFO - Started process (PID=21309) to work on /opt/airflow/dags/dag.py
[2026-04-10T21:01:09.877+0000] {processor.py:914} INFO - Processing file /opt/airflow/dags/dag.py for tasks to queue
[2026-04-10T21:01:09.880+0000] {logging_mixin.py:190} INFO - [2026-04-10T21:01:09.880+0000] {dagbag.py:588} INFO - Filling up the DagBag from /opt/airflow/dags/dag.py
[2026-04-10T21:01:09.897+0000] {processor.py:925} INFO - DAG(s) 'matrix_minio' retrieved from /opt/airflow/dags/dag.py
[2026-04-10T21:01:09.949+0000] {logging_mixin.py:190} INFO - [2026-04-10T21:01:09.948+0000] {dag.py:3239} INFO - Sync 1 DAGs
[2026-04-10T21:01:09.984+0000] {logging_mixin.py:190} INFO - [2026-04-10T21:01:09.984+0000] {dag.py:4180} INFO - Setting next_dagrun for matrix_minio to None, run_after=None
[2026-04-10T21:01:10.021+0000] {processor.py:208} INFO - Processing /opt/airflow/dags/dag.py took 0.159 seconds
[2026-04-10T21:01:40.385+0000] {processor.py:186} INFO - Started process (PID=21380) to work on /opt/airflow/dags/dag.py
[2026-04-10T21:01:40.387+0000] {processor.py:914} INFO - Processing file /opt/airflow/dags/dag.py for tasks to queue
[2026-04-10T21:01:40.391+0000] {logging_mixin.py:190} INFO - [2026-04-10T21:01:40.391+0000] {dagbag.py:588} INFO - Filling up the DagBag from /opt/airflow/dags/dag.py
[2026-04-10T21:01:40.408+0000] {processor.py:925} INFO - DAG(s) 'matrix_minio' retrieved from /opt/airflow/dags/dag.py
[2026-04-10T21:01:40.462+0000] {logging_mixin.py:190} INFO - [2026-04-10T21:01:40.461+0000] {dag.py:3239} INFO - Sync 1 DAGs
[2026-04-10T21:01:40.493+0000] {logging_mixin.py:190} INFO - [2026-04-10T21:01:40.493+0000] {dag.py:4180} INFO - Setting next_dagrun for matrix_minio to None, run_after=None
[2026-04-10T21:01:40.536+0000] {processor.py:208} INFO - Processing /opt/airflow/dags/dag.py took 0.163 seconds
[2026-04-10T21:02:11.037+0000] {processor.py:186} INFO - Started process (PID=21451) to work on /opt/airflow/dags/dag.py
[2026-04-10T21:02:11.038+0000] {processor.py:914} INFO - Processing file /opt/airflow/dags/dag.py for tasks to queue
[2026-04-10T21:02:11.041+0000] {logging_mixin.py:190} INFO - [2026-04-10T21:02:11.041+0000] {dagbag.py:588} INFO - Filling up the DagBag from /opt/airflow/dags/dag.py
[2026-04-10T21:02:11.056+0000] {processor.py:925} INFO - DAG(s) 'matrix_minio' retrieved from /opt/airflow/dags/dag.py
[2026-04-10T21:02:11.097+0000] {logging_mixin.py:190} INFO - [2026-04-10T21:02:11.096+0000] {dag.py:3239} INFO - Sync 1 DAGs
[2026-04-10T21:02:11.122+0000] {logging_mixin.py:190} INFO - [2026-04-10T21:02:11.121+0000] {dag.py:4180} INFO - Setting next_dagrun for matrix_minio to None, run_after=None
[2026-04-10T21:02:11.153+0000] {processor.py:208} INFO - Processing /opt/airflow/dags/dag.py took 0.128 seconds
[2026-04-10T21:02:41.500+0000] {processor.py:186} INFO - Started process (PID=21522) to work on /opt/airflow/dags/dag.py
[2026-04-10T21:02:41.501+0000] {processor.py:914} INFO - Processing file /opt/airflow/dags/dag.py for tasks to queue
[2026-04-10T21:02:41.505+0000] {logging_mixin.py:190} INFO - [2026-04-10T21:02:41.504+0000] {dagbag.py:588} INFO - Filling up the DagBag from /opt/airflow/dags/dag.py
[2026-04-10T21:02:41.519+0000] {processor.py:925} INFO - DAG(s) 'matrix_minio' retrieved from /opt/airflow/dags/dag.py
[2026-04-10T21:02:41.561+0000] {logging_mixin.py:190} INFO - [2026-04-10T21:02:41.561+0000] {dag.py:3239} INFO - Sync 1 DAGs
[2026-04-10T21:02:41.593+0000] {logging_mixin.py:190} INFO - [2026-04-10T21:02:41.593+0000] {dag.py:4180} INFO - Setting next_dagrun for matrix_minio to None, run_after=None
[2026-04-10T21:02:41.635+0000] {processor.py:208} INFO - Processing /opt/airflow/dags/dag.py took 0.145 seconds
[2026-04-10T21:03:12.162+0000] {processor.py:186} INFO - Started process (PID=21599) to work on /opt/airflow/dags/dag.py
[2026-04-10T21:03:12.164+0000] {processor.py:914} INFO - Processing file /opt/airflow/dags/dag.py for tasks to queue
[2026-04-10T21:03:12.172+0000] {logging_mixin.py:190} INFO - [2026-04-10T21:03:12.170+0000] {dagbag.py:588} INFO - Filling up the DagBag from /opt/airflow/dags/dag.py
[2026-04-10T21:03:12.186+0000] {processor.py:925} INFO - DAG(s) 'matrix_minio' retrieved from /opt/airflow/dags/dag.py
[2026-04-10T21:03:12.228+0000] {logging_mixin.py:190} INFO - [2026-04-10T21:03:12.227+0000] {dag.py:3239} INFO - Sync 1 DAGs
[2026-04-10T21:03:12.254+0000] {logging_mixin.py:190} INFO - [2026-04-10T21:03:12.254+0000] {dag.py:4180} INFO - Setting next_dagrun for matrix_minio to None, run_after=None
[2026-04-10T21:03:12.289+0000] {processor.py:208} INFO - Processing /opt/airflow/dags/dag.py took 0.148 seconds
[2026-04-10T21:03:42.794+0000] {processor.py:186} INFO - Started process (PID=21670) to work on /opt/airflow/dags/dag.py
[2026-04-10T21:03:42.795+0000] {processor.py:914} INFO - Processing file /opt/airflow/dags/dag.py for tasks to queue
[2026-04-10T21:03:42.800+0000] {logging_mixin.py:190} INFO - [2026-04-10T21:03:42.799+0000] {dagbag.py:588} INFO - Filling up the DagBag from /opt/airflow/dags/dag.py
[2026-04-10T21:03:42.818+0000] {processor.py:925} INFO - DAG(s) 'matrix_minio' retrieved from /opt/airflow/dags/dag.py
[2026-04-10T21:03:42.866+0000] {logging_mixin.py:190} INFO - [2026-04-10T21:03:42.866+0000] {dag.py:3239} INFO - Sync 1 DAGs
[2026-04-10T21:03:42.895+0000] {logging_mixin.py:190} INFO - [2026-04-10T21:03:42.895+0000] {dag.py:4180} INFO - Setting next_dagrun for matrix_minio to None, run_after=None
[2026-04-10T21:03:42.939+0000] {processor.py:208} INFO - Processing /opt/airflow/dags/dag.py took 0.158 seconds
[2026-04-10T21:04:13.445+0000] {processor.py:186} INFO - Started process (PID=21741) to work on /opt/airflow/dags/dag.py
[2026-04-10T21:04:13.446+0000] {processor.py:914} INFO - Processing file /opt/airflow/dags/dag.py for tasks to queue
[2026-04-10T21:04:13.449+0000] {logging_mixin.py:190} INFO - [2026-04-10T21:04:13.449+0000] {dagbag.py:588} INFO - Filling up the DagBag from /opt/airflow/dags/dag.py
[2026-04-10T21:04:13.464+0000] {processor.py:925} INFO - DAG(s) 'matrix_minio' retrieved from /opt/airflow/dags/dag.py
[2026-04-10T21:04:13.506+0000] {logging_mixin.py:190} INFO - [2026-04-10T21:04:13.506+0000] {dag.py:3239} INFO - Sync 1 DAGs
[2026-04-10T21:04:13.531+0000] {logging_mixin.py:190} INFO - [2026-04-10T21:04:13.531+0000] {dag.py:4180} INFO - Setting next_dagrun for matrix_minio to None, run_after=None
[2026-04-10T21:04:13.562+0000] {processor.py:208} INFO - Processing /opt/airflow/dags/dag.py took 0.129 seconds
[2026-04-10T21:04:44.086+0000] {processor.py:186} INFO - Started process (PID=21812) to work on /opt/airflow/dags/dag.py
[2026-04-10T21:04:44.087+0000] {processor.py:914} INFO - Processing file /opt/airflow/dags/dag.py for tasks to queue
[2026-04-10T21:04:44.091+0000] {logging_mixin.py:190} INFO - [2026-04-10T21:04:44.090+0000] {dagbag.py:588} INFO - Filling up the DagBag from /opt/airflow/dags/dag.py
[2026-04-10T21:04:44.104+0000] {processor.py:925} INFO - DAG(s) 'matrix_minio' retrieved from /opt/airflow/dags/dag.py
[2026-04-10T21:04:44.145+0000] {logging_mixin.py:190} INFO - [2026-04-10T21:04:44.145+0000] {dag.py:3239} INFO - Sync 1 DAGs
[2026-04-10T21:04:44.177+0000] {logging_mixin.py:190} INFO - [2026-04-10T21:04:44.176+0000] {dag.py:4180} INFO - Setting next_dagrun for matrix_minio to None, run_after=None
[2026-04-10T21:04:44.218+0000] {processor.py:208} INFO - Processing /opt/airflow/dags/dag.py took 0.142 seconds
[2026-04-10T21:05:14.744+0000] {processor.py:186} INFO - Started process (PID=21883) to work on /opt/airflow/dags/dag.py
[2026-04-10T21:05:14.745+0000] {processor.py:914} INFO - Processing file /opt/airflow/dags/dag.py for tasks to queue
[2026-04-10T21:05:14.748+0000] {logging_mixin.py:190} INFO - [2026-04-10T21:05:14.748+0000] {dagbag.py:588} INFO - Filling up the DagBag from /opt/airflow/dags/dag.py
[2026-04-10T21:05:14.762+0000] {processor.py:925} INFO - DAG(s) 'matrix_minio' retrieved from /opt/airflow/dags/dag.py
[2026-04-10T21:05:14.803+0000] {logging_mixin.py:190} INFO - [2026-04-10T21:05:14.802+0000] {dag.py:3239} INFO - Sync 1 DAGs
[2026-04-10T21:05:14.828+0000] {logging_mixin.py:190} INFO - [2026-04-10T21:05:14.827+0000] {dag.py:4180} INFO - Setting next_dagrun for matrix_minio to None, run_after=None
[2026-04-10T21:05:14.859+0000] {processor.py:208} INFO - Processing /opt/airflow/dags/dag.py took 0.127 seconds
[2026-04-10T21:05:45.289+0000] {processor.py:186} INFO - Started process (PID=21954) to work on /opt/airflow/dags/dag.py
[2026-04-10T21:05:45.290+0000] {processor.py:914} INFO - Processing file /opt/airflow/dags/dag.py for tasks to queue
[2026-04-10T21:05:45.293+0000] {logging_mixin.py:190} INFO - [2026-04-10T21:05:45.293+0000] {dagbag.py:588} INFO - Filling up the DagBag from /opt/airflow/dags/dag.py
[2026-04-10T21:05:45.307+0000] {processor.py:925} INFO - DAG(s) 'matrix_minio' retrieved from /opt/airflow/dags/dag.py
[2026-04-10T21:05:45.357+0000] {logging_mixin.py:190} INFO - [2026-04-10T21:05:45.357+0000] {dag.py:3239} INFO - Sync 1 DAGs
[2026-04-10T21:05:45.388+0000] {logging_mixin.py:190} INFO - [2026-04-10T21:05:45.388+0000] {dag.py:4180} INFO - Setting next_dagrun for matrix_minio to None, run_after=None
[2026-04-10T21:05:45.434+0000] {processor.py:208} INFO - Processing /opt/airflow/dags/dag.py took 0.154 seconds
[2026-04-10T21:06:15.971+0000] {processor.py:186} INFO - Started process (PID=22025) to work on /opt/airflow/dags/dag.py
[2026-04-10T21:06:15.973+0000] {processor.py:914} INFO - Processing file /opt/airflow/dags/dag.py for tasks to queue
[2026-04-10T21:06:15.976+0000] {logging_mixin.py:190} INFO - [2026-04-10T21:06:15.976+0000] {dagbag.py:588} INFO - Filling up the DagBag from /opt/airflow/dags/dag.py
[2026-04-10T21:06:15.990+0000] {processor.py:925} INFO - DAG(s) 'matrix_minio' retrieved from /opt/airflow/dags/dag.py
[2026-04-10T21:06:16.044+0000] {logging_mixin.py:190} INFO - [2026-04-10T21:06:16.043+0000] {dag.py:3239} INFO - Sync 1 DAGs
[2026-04-10T21:06:16.070+0000] {logging_mixin.py:190} INFO - [2026-04-10T21:06:16.069+0000] {dag.py:4180} INFO - Setting next_dagrun for matrix_minio to None, run_after=None
[2026-04-10T21:06:16.102+0000] {processor.py:208} INFO - Processing /opt/airflow/dags/dag.py took 0.141 seconds
[2026-04-10T21:06:46.648+0000] {processor.py:186} INFO - Started process (PID=22096) to work on /opt/airflow/dags/dag.py
[2026-04-10T21:06:46.650+0000] {processor.py:914} INFO - Processing file /opt/airflow/dags/dag.py for tasks to queue
[2026-04-10T21:06:46.655+0000] {logging_mixin.py:190} INFO - [2026-04-10T21:06:46.654+0000] {dagbag.py:588} INFO - Filling up the DagBag from /opt/airflow/dags/dag.py
[2026-04-10T21:06:46.669+0000] {processor.py:925} INFO - DAG(s) 'matrix_minio' retrieved from /opt/airflow/dags/dag.py
[2026-04-10T21:06:46.712+0000] {logging_mixin.py:190} INFO - [2026-04-10T21:06:46.711+0000] {dag.py:3239} INFO - Sync 1 DAGs
[2026-04-10T21:06:46.737+0000] {logging_mixin.py:190} INFO - [2026-04-10T21:06:46.737+0000] {dag.py:4180} INFO - Setting next_dagrun for matrix_minio to None, run_after=None
[2026-04-10T21:06:46.770+0000] {processor.py:208} INFO - Processing /opt/airflow/dags/dag.py took 0.134 seconds
[2026-04-10T21:07:17.338+0000] {processor.py:186} INFO - Started process (PID=22167) to work on /opt/airflow/dags/dag.py
[2026-04-10T21:07:17.340+0000] {processor.py:914} INFO - Processing file /opt/airflow/dags/dag.py for tasks to queue
[2026-04-10T21:07:17.343+0000] {logging_mixin.py:190} INFO - [2026-04-10T21:07:17.342+0000] {dagbag.py:588} INFO - Filling up the DagBag from /opt/airflow/dags/dag.py
[2026-04-10T21:07:17.357+0000] {processor.py:925} INFO - DAG(s) 'matrix_minio' retrieved from /opt/airflow/dags/dag.py
[2026-04-10T21:07:17.402+0000] {logging_mixin.py:190} INFO - [2026-04-10T21:07:17.402+0000] {dag.py:3239} INFO - Sync 1 DAGs
[2026-04-10T21:07:17.429+0000] {logging_mixin.py:190} INFO - [2026-04-10T21:07:17.428+0000] {dag.py:4180} INFO - Setting next_dagrun for matrix_minio to None, run_after=None
[2026-04-10T21:07:17.464+0000] {processor.py:208} INFO - Processing /opt/airflow/dags/dag.py took 0.137 seconds
[2026-04-10T21:07:47.981+0000] {processor.py:186} INFO - Started process (PID=22238) to work on /opt/airflow/dags/dag.py
[2026-04-10T21:07:47.982+0000] {processor.py:914} INFO - Processing file /opt/airflow/dags/dag.py for tasks to queue
[2026-04-10T21:07:47.988+0000] {logging_mixin.py:190} INFO - [2026-04-10T21:07:47.987+0000] {dagbag.py:588} INFO - Filling up the DagBag from /opt/airflow/dags/dag.py
[2026-04-10T21:07:48.006+0000] {processor.py:925} INFO - DAG(s) 'matrix_minio' retrieved from /opt/airflow/dags/dag.py
[2026-04-10T21:07:48.049+0000] {logging_mixin.py:190} INFO - [2026-04-10T21:07:48.049+0000] {dag.py:3239} INFO - Sync 1 DAGs
[2026-04-10T21:07:48.078+0000] {logging_mixin.py:190} INFO - [2026-04-10T21:07:48.077+0000] {dag.py:4180} INFO - Setting next_dagrun for matrix_minio to None, run_after=None
[2026-04-10T21:07:48.120+0000] {processor.py:208} INFO - Processing /opt/airflow/dags/dag.py took 0.152 seconds
[2026-04-10T21:08:18.642+0000] {processor.py:186} INFO - Started process (PID=22309) to work on /opt/airflow/dags/dag.py
[2026-04-10T21:08:18.643+0000] {processor.py:914} INFO - Processing file /opt/airflow/dags/dag.py for tasks to queue
[2026-04-10T21:08:18.646+0000] {logging_mixin.py:190} INFO - [2026-04-10T21:08:18.646+0000] {dagbag.py:588} INFO - Filling up the DagBag from /opt/airflow/dags/dag.py
[2026-04-10T21:08:18.660+0000] {processor.py:925} INFO - DAG(s) 'matrix_minio' retrieved from /opt/airflow/dags/dag.py
[2026-04-10T21:08:18.703+0000] {logging_mixin.py:190} INFO - [2026-04-10T21:08:18.703+0000] {dag.py:3239} INFO - Sync 1 DAGs
[2026-04-10T21:08:18.732+0000] {logging_mixin.py:190} INFO - [2026-04-10T21:08:18.731+0000] {dag.py:4180} INFO - Setting next_dagrun for matrix_minio to None, run_after=None
[2026-04-10T21:08:18.764+0000] {processor.py:208} INFO - Processing /opt/airflow/dags/dag.py took 0.133 seconds
[2026-04-10T21:08:49.348+0000] {processor.py:186} INFO - Started process (PID=22380) to work on /opt/airflow/dags/dag.py
[2026-04-10T21:08:49.349+0000] {processor.py:914} INFO - Processing file /opt/airflow/dags/dag.py for tasks to queue
[2026-04-10T21:08:49.353+0000] {logging_mixin.py:190} INFO - [2026-04-10T21:08:49.352+0000] {dagbag.py:588} INFO - Filling up the DagBag from /opt/airflow/dags/dag.py
[2026-04-10T21:08:49.366+0000] {processor.py:925} INFO - DAG(s) 'matrix_minio' retrieved from /opt/airflow/dags/dag.py
[2026-04-10T21:08:49.410+0000] {logging_mixin.py:190} INFO - [2026-04-10T21:08:49.410+0000] {dag.py:3239} INFO - Sync 1 DAGs
[2026-04-10T21:08:49.443+0000] {logging_mixin.py:190} INFO - [2026-04-10T21:08:49.442+0000] {dag.py:4180} INFO - Setting next_dagrun for matrix_minio to None, run_after=None
[2026-04-10T21:08:49.487+0000] {processor.py:208} INFO - Processing /opt/airflow/dags/dag.py took 0.152 seconds
[2026-04-10T21:09:19.943+0000] {processor.py:186} INFO - Started process (PID=22451) to work on /opt/airflow/dags/dag.py
[2026-04-10T21:09:19.944+0000] {processor.py:914} INFO - Processing file /opt/airflow/dags/dag.py for tasks to queue
[2026-04-10T21:09:19.948+0000] {logging_mixin.py:190} INFO - [2026-04-10T21:09:19.947+0000] {dagbag.py:588} INFO - Filling up the DagBag from /opt/airflow/dags/dag.py
[2026-04-10T21:09:19.962+0000] {processor.py:925} INFO - DAG(s) 'matrix_minio' retrieved from /opt/airflow/dags/dag.py
[2026-04-10T21:09:20.005+0000] {logging_mixin.py:190} INFO - [2026-04-10T21:09:20.004+0000] {dag.py:3239} INFO - Sync 1 DAGs
[2026-04-10T21:09:20.031+0000] {logging_mixin.py:190} INFO - [2026-04-10T21:09:20.030+0000] {dag.py:4180} INFO - Setting next_dagrun for matrix_minio to None, run_after=None
[2026-04-10T21:09:20.063+0000] {processor.py:208} INFO - Processing /opt/airflow/dags/dag.py took 0.130 seconds
[2026-04-10T21:09:50.413+0000] {processor.py:186} INFO - Started process (PID=22522) to work on /opt/airflow/dags/dag.py
[2026-04-10T21:09:50.414+0000] {processor.py:914} INFO - Processing file /opt/airflow/dags/dag.py for tasks to queue
[2026-04-10T21:09:50.419+0000] {logging_mixin.py:190} INFO - [2026-04-10T21:09:50.418+0000] {dagbag.py:588} INFO - Filling up the DagBag from /opt/airflow/dags/dag.py
[2026-04-10T21:09:50.435+0000] {processor.py:925} INFO - DAG(s) 'matrix_minio' retrieved from /opt/airflow/dags/dag.py
[2026-04-10T21:09:50.479+0000] {logging_mixin.py:190} INFO - [2026-04-10T21:09:50.478+0000] {dag.py:3239} INFO - Sync 1 DAGs
[2026-04-10T21:09:50.509+0000] {logging_mixin.py:190} INFO - [2026-04-10T21:09:50.508+0000] {dag.py:4180} INFO - Setting next_dagrun for matrix_minio to None, run_after=None
[2026-04-10T21:09:50.554+0000] {processor.py:208} INFO - Processing /opt/airflow/dags/dag.py took 0.153 seconds
[2026-04-10T21:10:21.051+0000] {processor.py:186} INFO - Started process (PID=22593) to work on /opt/airflow/dags/dag.py
[2026-04-10T21:10:21.052+0000] {processor.py:914} INFO - Processing file /opt/airflow/dags/dag.py for tasks to queue
[2026-04-10T21:10:21.056+0000] {logging_mixin.py:190} INFO - [2026-04-10T21:10:21.055+0000] {dagbag.py:588} INFO - Filling up the DagBag from /opt/airflow/dags/dag.py
[2026-04-10T21:10:21.069+0000] {processor.py:925} INFO - DAG(s) 'matrix_minio' retrieved from /opt/airflow/dags/dag.py
[2026-04-10T21:10:21.112+0000] {logging_mixin.py:190} INFO - [2026-04-10T21:10:21.112+0000] {dag.py:3239} INFO - Sync 1 DAGs
[2026-04-10T21:10:21.141+0000] {logging_mixin.py:190} INFO - [2026-04-10T21:10:21.140+0000] {dag.py:4180} INFO - Setting next_dagrun for matrix_minio to None, run_after=None
[2026-04-10T21:10:21.173+0000] {processor.py:208} INFO - Processing /opt/airflow/dags/dag.py took 0.132 seconds
[2026-04-10T21:10:51.728+0000] {processor.py:186} INFO - Started process (PID=22664) to work on /opt/airflow/dags/dag.py
[2026-04-10T21:10:51.729+0000] {processor.py:914} INFO - Processing file /opt/airflow/dags/dag.py for tasks to queue
[2026-04-10T21:10:51.733+0000] {logging_mixin.py:190} INFO - [2026-04-10T21:10:51.733+0000] {dagbag.py:588} INFO - Filling up the DagBag from /opt/airflow/dags/dag.py
[2026-04-10T21:10:51.749+0000] {processor.py:925} INFO - DAG(s) 'matrix_minio' retrieved from /opt/airflow/dags/dag.py
[2026-04-10T21:10:51.794+0000] {logging_mixin.py:190} INFO - [2026-04-10T21:10:51.793+0000] {dag.py:3239} INFO - Sync 1 DAGs
[2026-04-10T21:10:51.819+0000] {logging_mixin.py:190} INFO - [2026-04-10T21:10:51.819+0000] {dag.py:4180} INFO - Setting next_dagrun for matrix_minio to None, run_after=None
[2026-04-10T21:10:51.865+0000] {processor.py:208} INFO - Processing /opt/airflow/dags/dag.py took 0.149 seconds
[2026-04-10T21:11:22.403+0000] {processor.py:186} INFO - Started process (PID=22735) to work on /opt/airflow/dags/dag.py
[2026-04-10T21:11:22.405+0000] {processor.py:914} INFO - Processing file /opt/airflow/dags/dag.py for tasks to queue
[2026-04-10T21:11:22.408+0000] {logging_mixin.py:190} INFO - [2026-04-10T21:11:22.408+0000] {dagbag.py:588} INFO - Filling up the DagBag from /opt/airflow/dags/dag.py
[2026-04-10T21:11:22.423+0000] {processor.py:925} INFO - DAG(s) 'matrix_minio' retrieved from /opt/airflow/dags/dag.py
[2026-04-10T21:11:22.465+0000] {logging_mixin.py:190} INFO - [2026-04-10T21:11:22.465+0000] {dag.py:3239} INFO - Sync 1 DAGs
[2026-04-10T21:11:22.491+0000] {logging_mixin.py:190} INFO - [2026-04-10T21:11:22.491+0000] {dag.py:4180} INFO - Setting next_dagrun for matrix_minio to None, run_after=None
[2026-04-10T21:11:22.524+0000] {processor.py:208} INFO - Processing /opt/airflow/dags/dag.py took 0.131 seconds
[2026-04-10T21:11:53.122+0000] {processor.py:186} INFO - Started process (PID=22806) to work on /opt/airflow/dags/dag.py
[2026-04-10T21:11:53.123+0000] {processor.py:914} INFO - Processing file /opt/airflow/dags/dag.py for tasks to queue
[2026-04-10T21:11:53.126+0000] {logging_mixin.py:190} INFO - [2026-04-10T21:11:53.126+0000] {dagbag.py:588} INFO - Filling up the DagBag from /opt/airflow/dags/dag.py
[2026-04-10T21:11:53.145+0000] {processor.py:925} INFO - DAG(s) 'matrix_minio' retrieved from /opt/airflow/dags/dag.py
[2026-04-10T21:11:53.190+0000] {logging_mixin.py:190} INFO - [2026-04-10T21:11:53.189+0000] {dag.py:3239} INFO - Sync 1 DAGs
[2026-04-10T21:11:53.220+0000] {logging_mixin.py:190} INFO - [2026-04-10T21:11:53.220+0000] {dag.py:4180} INFO - Setting next_dagrun for matrix_minio to None, run_after=None
[2026-04-10T21:11:53.265+0000] {processor.py:208} INFO - Processing /opt/airflow/dags/dag.py took 0.154 seconds
[2026-04-10T21:12:23.817+0000] {processor.py:186} INFO - Started process (PID=22877) to work on /opt/airflow/dags/dag.py
[2026-04-10T21:12:23.819+0000] {processor.py:914} INFO - Processing file /opt/airflow/dags/dag.py for tasks to queue
[2026-04-10T21:12:23.822+0000] {logging_mixin.py:190} INFO - [2026-04-10T21:12:23.822+0000] {dagbag.py:588} INFO - Filling up the DagBag from /opt/airflow/dags/dag.py
[2026-04-10T21:12:23.837+0000] {processor.py:925} INFO - DAG(s) 'matrix_minio' retrieved from /opt/airflow/dags/dag.py
[2026-04-10T21:12:23.886+0000] {logging_mixin.py:190} INFO - [2026-04-10T21:12:23.885+0000] {dag.py:3239} INFO - Sync 1 DAGs
[2026-04-10T21:12:23.919+0000] {logging_mixin.py:190} INFO - [2026-04-10T21:12:23.918+0000] {dag.py:4180} INFO - Setting next_dagrun for matrix_minio to None, run_after=None
[2026-04-10T21:12:23.961+0000] {processor.py:208} INFO - Processing /opt/airflow/dags/dag.py took 0.154 seconds
[2026-04-10T21:12:54.590+0000] {processor.py:186} INFO - Started process (PID=22948) to work on /opt/airflow/dags/dag.py
[2026-04-10T21:12:54.591+0000] {processor.py:914} INFO - Processing file /opt/airflow/dags/dag.py for tasks to queue
[2026-04-10T21:12:54.594+0000] {logging_mixin.py:190} INFO - [2026-04-10T21:12:54.594+0000] {dagbag.py:588} INFO - Filling up the DagBag from /opt/airflow/dags/dag.py
[2026-04-10T21:12:54.608+0000] {processor.py:925} INFO - DAG(s) 'matrix_minio' retrieved from /opt/airflow/dags/dag.py
[2026-04-10T21:12:54.653+0000] {logging_mixin.py:190} INFO - [2026-04-10T21:12:54.652+0000] {dag.py:3239} INFO - Sync 1 DAGs
[2026-04-10T21:12:54.679+0000] {logging_mixin.py:190} INFO - [2026-04-10T21:12:54.679+0000] {dag.py:4180} INFO - Setting next_dagrun for matrix_minio to None, run_after=None
[2026-04-10T21:12:54.715+0000] {processor.py:208} INFO - Processing /opt/airflow/dags/dag.py took 0.136 seconds
[2026-04-10T21:13:25.104+0000] {processor.py:186} INFO - Started process (PID=23019) to work on /opt/airflow/dags/dag.py
[2026-04-10T21:13:25.106+0000] {processor.py:914} INFO - Processing file /opt/airflow/dags/dag.py for tasks to queue
[2026-04-10T21:13:25.110+0000] {logging_mixin.py:190} INFO - [2026-04-10T21:13:25.109+0000] {dagbag.py:588} INFO - Filling up the DagBag from /opt/airflow/dags/dag.py
[2026-04-10T21:13:25.128+0000] {processor.py:925} INFO - DAG(s) 'matrix_minio' retrieved from /opt/airflow/dags/dag.py
[2026-04-10T21:13:25.178+0000] {logging_mixin.py:190} INFO - [2026-04-10T21:13:25.178+0000] {dag.py:3239} INFO - Sync 1 DAGs
[2026-04-10T21:13:25.206+0000] {logging_mixin.py:190} INFO - [2026-04-10T21:13:25.206+0000] {dag.py:4180} INFO - Setting next_dagrun for matrix_minio to None, run_after=None
[2026-04-10T21:13:25.247+0000] {processor.py:208} INFO - Processing /opt/airflow/dags/dag.py took 0.155 seconds
[2026-04-10T21:13:55.735+0000] {processor.py:186} INFO - Started process (PID=23090) to work on /opt/airflow/dags/dag.py
[2026-04-10T21:13:55.737+0000] {processor.py:914} INFO - Processing file /opt/airflow/dags/dag.py for tasks to queue
[2026-04-10T21:13:55.743+0000] {logging_mixin.py:190} INFO - [2026-04-10T21:13:55.742+0000] {dagbag.py:588} INFO - Filling up the DagBag from /opt/airflow/dags/dag.py
[2026-04-10T21:13:55.761+0000] {processor.py:925} INFO - DAG(s) 'matrix_minio' retrieved from /opt/airflow/dags/dag.py
[2026-04-10T21:13:55.804+0000] {logging_mixin.py:190} INFO - [2026-04-10T21:13:55.803+0000] {dag.py:3239} INFO - Sync 1 DAGs
[2026-04-10T21:13:55.833+0000] {logging_mixin.py:190} INFO - [2026-04-10T21:13:55.832+0000] {dag.py:4180} INFO - Setting next_dagrun for matrix_minio to None, run_after=None
[2026-04-10T21:13:55.869+0000] {processor.py:208} INFO - Processing /opt/airflow/dags/dag.py took 0.150 seconds
[2026-04-10T21:14:26.430+0000] {processor.py:186} INFO - Started process (PID=23161) to work on /opt/airflow/dags/dag.py
[2026-04-10T21:14:26.431+0000] {processor.py:914} INFO - Processing file /opt/airflow/dags/dag.py for tasks to queue
[2026-04-10T21:14:26.436+0000] {logging_mixin.py:190} INFO - [2026-04-10T21:14:26.435+0000] {dagbag.py:588} INFO - Filling up the DagBag from /opt/airflow/dags/dag.py
[2026-04-10T21:14:26.456+0000] {processor.py:925} INFO - DAG(s) 'matrix_minio' retrieved from /opt/airflow/dags/dag.py
[2026-04-10T21:14:26.506+0000] {logging_mixin.py:190} INFO - [2026-04-10T21:14:26.506+0000] {dag.py:3239} INFO - Sync 1 DAGs
[2026-04-10T21:14:26.536+0000] {logging_mixin.py:190} INFO - [2026-04-10T21:14:26.536+0000] {dag.py:4180} INFO - Setting next_dagrun for matrix_minio to None, run_after=None
[2026-04-10T21:14:26.588+0000] {processor.py:208} INFO - Processing /opt/airflow/dags/dag.py took 0.171 seconds
[2026-04-10T21:14:56.962+0000] {processor.py:186} INFO - Started process (PID=23232) to work on /opt/airflow/dags/dag.py
[2026-04-10T21:14:56.964+0000] {processor.py:914} INFO - Processing file /opt/airflow/dags/dag.py for tasks to queue
[2026-04-10T21:14:56.967+0000] {logging_mixin.py:190} INFO - [2026-04-10T21:14:56.966+0000] {dagbag.py:588} INFO - Filling up the DagBag from /opt/airflow/dags/dag.py
[2026-04-10T21:14:56.980+0000] {processor.py:925} INFO - DAG(s) 'matrix_minio' retrieved from /opt/airflow/dags/dag.py
[2026-04-10T21:14:57.029+0000] {logging_mixin.py:190} INFO - [2026-04-10T21:14:57.028+0000] {dag.py:3239} INFO - Sync 1 DAGs
[2026-04-10T21:14:57.054+0000] {logging_mixin.py:190} INFO - [2026-04-10T21:14:57.054+0000] {dag.py:4180} INFO - Setting next_dagrun for matrix_minio to None, run_after=None
[2026-04-10T21:14:57.089+0000] {processor.py:208} INFO - Processing /opt/airflow/dags/dag.py took 0.135 seconds
[2026-04-10T21:15:27.476+0000] {processor.py:186} INFO - Started process (PID=23303) to work on /opt/airflow/dags/dag.py
[2026-04-10T21:15:27.478+0000] {processor.py:914} INFO - Processing file /opt/airflow/dags/dag.py for tasks to queue
[2026-04-10T21:15:27.481+0000] {logging_mixin.py:190} INFO - [2026-04-10T21:15:27.481+0000] {dagbag.py:588} INFO - Filling up the DagBag from /opt/airflow/dags/dag.py
[2026-04-10T21:15:27.496+0000] {processor.py:925} INFO - DAG(s) 'matrix_minio' retrieved from /opt/airflow/dags/dag.py
[2026-04-10T21:15:27.549+0000] {logging_mixin.py:190} INFO - [2026-04-10T21:15:27.549+0000] {dag.py:3239} INFO - Sync 1 DAGs
[2026-04-10T21:15:27.576+0000] {logging_mixin.py:190} INFO - [2026-04-10T21:15:27.576+0000] {dag.py:4180} INFO - Setting next_dagrun for matrix_minio to None, run_after=None
[2026-04-10T21:15:27.618+0000] {processor.py:208} INFO - Processing /opt/airflow/dags/dag.py took 0.152 seconds
[2026-04-10T21:15:58.151+0000] {processor.py:186} INFO - Started process (PID=23374) to work on /opt/airflow/dags/dag.py
[2026-04-10T21:15:58.152+0000] {processor.py:914} INFO - Processing file /opt/airflow/dags/dag.py for tasks to queue
[2026-04-10T21:15:58.156+0000] {logging_mixin.py:190} INFO - [2026-04-10T21:15:58.155+0000] {dagbag.py:588} INFO - Filling up the DagBag from /opt/airflow/dags/dag.py
[2026-04-10T21:15:58.169+0000] {processor.py:925} INFO - DAG(s) 'matrix_minio' retrieved from /opt/airflow/dags/dag.py
[2026-04-10T21:15:58.214+0000] {logging_mixin.py:190} INFO - [2026-04-10T21:15:58.213+0000] {dag.py:3239} INFO - Sync 1 DAGs
[2026-04-10T21:15:58.240+0000] {logging_mixin.py:190} INFO - [2026-04-10T21:15:58.240+0000] {dag.py:4180} INFO - Setting next_dagrun for matrix_minio to None, run_after=None
[2026-04-10T21:15:58.273+0000] {processor.py:208} INFO - Processing /opt/airflow/dags/dag.py took 0.132 seconds
[2026-04-10T21:16:28.772+0000] {processor.py:186} INFO - Started process (PID=23445) to work on /opt/airflow/dags/dag.py
[2026-04-10T21:16:28.773+0000] {processor.py:914} INFO - Processing file /opt/airflow/dags/dag.py for tasks to queue
[2026-04-10T21:16:28.777+0000] {logging_mixin.py:190} INFO - [2026-04-10T21:16:28.776+0000] {dagbag.py:588} INFO - Filling up the DagBag from /opt/airflow/dags/dag.py
[2026-04-10T21:16:28.791+0000] {processor.py:925} INFO - DAG(s) 'matrix_minio' retrieved from /opt/airflow/dags/dag.py
[2026-04-10T21:16:28.844+0000] {logging_mixin.py:190} INFO - [2026-04-10T21:16:28.843+0000] {dag.py:3239} INFO - Sync 1 DAGs
[2026-04-10T21:16:28.871+0000] {logging_mixin.py:190} INFO - [2026-04-10T21:16:28.870+0000] {dag.py:4180} INFO - Setting next_dagrun for matrix_minio to None, run_after=None
[2026-04-10T21:16:28.914+0000] {processor.py:208} INFO - Processing /opt/airflow/dags/dag.py took 0.151 seconds
[2026-04-10T21:16:59.512+0000] {processor.py:186} INFO - Started process (PID=23516) to work on /opt/airflow/dags/dag.py
[2026-04-10T21:16:59.513+0000] {processor.py:914} INFO - Processing file /opt/airflow/dags/dag.py for tasks to queue
[2026-04-10T21:16:59.517+0000] {logging_mixin.py:190} INFO - [2026-04-10T21:16:59.517+0000] {dagbag.py:588} INFO - Filling up the DagBag from /opt/airflow/dags/dag.py
[2026-04-10T21:16:59.533+0000] {processor.py:925} INFO - DAG(s) 'matrix_minio' retrieved from /opt/airflow/dags/dag.py
[2026-04-10T21:16:59.579+0000] {logging_mixin.py:190} INFO - [2026-04-10T21:16:59.578+0000] {dag.py:3239} INFO - Sync 1 DAGs
[2026-04-10T21:16:59.605+0000] {logging_mixin.py:190} INFO - [2026-04-10T21:16:59.605+0000] {dag.py:4180} INFO - Setting next_dagrun for matrix_minio to None, run_after=None
[2026-04-10T21:16:59.650+0000] {processor.py:208} INFO - Processing /opt/airflow/dags/dag.py took 0.149 seconds
[2026-04-10T21:17:30.026+0000] {processor.py:186} INFO - Started process (PID=23587) to work on /opt/airflow/dags/dag.py
[2026-04-10T21:17:30.028+0000] {processor.py:914} INFO - Processing file /opt/airflow/dags/dag.py for tasks to queue
[2026-04-10T21:17:30.031+0000] {logging_mixin.py:190} INFO - [2026-04-10T21:17:30.030+0000] {dagbag.py:588} INFO - Filling up the DagBag from /opt/airflow/dags/dag.py
[2026-04-10T21:17:30.045+0000] {processor.py:925} INFO - DAG(s) 'matrix_minio' retrieved from /opt/airflow/dags/dag.py
[2026-04-10T21:17:30.089+0000] {logging_mixin.py:190} INFO - [2026-04-10T21:17:30.088+0000] {dag.py:3239} INFO - Sync 1 DAGs
[2026-04-10T21:17:30.115+0000] {logging_mixin.py:190} INFO - [2026-04-10T21:17:30.115+0000] {dag.py:4180} INFO - Setting next_dagrun for matrix_minio to None, run_after=None
[2026-04-10T21:17:30.150+0000] {processor.py:208} INFO - Processing /opt/airflow/dags/dag.py took 0.136 seconds
[2026-04-10T21:18:00.627+0000] {processor.py:186} INFO - Started process (PID=23658) to work on /opt/airflow/dags/dag.py
[2026-04-10T21:18:00.628+0000] {processor.py:914} INFO - Processing file /opt/airflow/dags/dag.py for tasks to queue
[2026-04-10T21:18:00.632+0000] {logging_mixin.py:190} INFO - [2026-04-10T21:18:00.631+0000] {dagbag.py:588} INFO - Filling up the DagBag from /opt/airflow/dags/dag.py
[2026-04-10T21:18:00.647+0000] {processor.py:925} INFO - DAG(s) 'matrix_minio' retrieved from /opt/airflow/dags/dag.py
[2026-04-10T21:18:00.689+0000] {logging_mixin.py:190} INFO - [2026-04-10T21:18:00.689+0000] {dag.py:3239} INFO - Sync 1 DAGs
[2026-04-10T21:18:00.717+0000] {logging_mixin.py:190} INFO - [2026-04-10T21:18:00.716+0000] {dag.py:4180} INFO - Setting next_dagrun for matrix_minio to None, run_after=None
[2026-04-10T21:18:00.760+0000] {processor.py:208} INFO - Processing /opt/airflow/dags/dag.py took 0.143 seconds
[2026-04-10T21:18:31.335+0000] {processor.py:186} INFO - Started process (PID=23729) to work on /opt/airflow/dags/dag.py
[2026-04-10T21:18:31.337+0000] {processor.py:914} INFO - Processing file /opt/airflow/dags/dag.py for tasks to queue
[2026-04-10T21:18:31.341+0000] {logging_mixin.py:190} INFO - [2026-04-10T21:18:31.340+0000] {dagbag.py:588} INFO - Filling up the DagBag from /opt/airflow/dags/dag.py
[2026-04-10T21:18:31.358+0000] {processor.py:925} INFO - DAG(s) 'matrix_minio' retrieved from /opt/airflow/dags/dag.py
[2026-04-10T21:18:31.404+0000] {logging_mixin.py:190} INFO - [2026-04-10T21:18:31.403+0000] {dag.py:3239} INFO - Sync 1 DAGs
[2026-04-10T21:18:31.432+0000] {logging_mixin.py:190} INFO - [2026-04-10T21:18:31.431+0000] {dag.py:4180} INFO - Setting next_dagrun for matrix_minio to None, run_after=None
[2026-04-10T21:18:31.473+0000] {processor.py:208} INFO - Processing /opt/airflow/dags/dag.py took 0.150 seconds
[2026-04-10T21:19:01.989+0000] {processor.py:186} INFO - Started process (PID=23800) to work on /opt/airflow/dags/dag.py
[2026-04-10T21:19:01.990+0000] {processor.py:914} INFO - Processing file /opt/airflow/dags/dag.py for tasks to queue
[2026-04-10T21:19:01.994+0000] {logging_mixin.py:190} INFO - [2026-04-10T21:19:01.993+0000] {dagbag.py:588} INFO - Filling up the DagBag from /opt/airflow/dags/dag.py
[2026-04-10T21:19:02.009+0000] {processor.py:925} INFO - DAG(s) 'matrix_minio' retrieved from /opt/airflow/dags/dag.py
[2026-04-10T21:19:02.059+0000] {logging_mixin.py:190} INFO - [2026-04-10T21:19:02.058+0000] {dag.py:3239} INFO - Sync 1 DAGs
[2026-04-10T21:19:02.088+0000] {logging_mixin.py:190} INFO - [2026-04-10T21:19:02.088+0000] {dag.py:4180} INFO - Setting next_dagrun for matrix_minio to None, run_after=None
[2026-04-10T21:19:02.133+0000] {processor.py:208} INFO - Processing /opt/airflow/dags/dag.py took 0.154 seconds
[2026-04-10T21:19:32.712+0000] {processor.py:186} INFO - Started process (PID=23871) to work on /opt/airflow/dags/dag.py
[2026-04-10T21:19:32.713+0000] {processor.py:914} INFO - Processing file /opt/airflow/dags/dag.py for tasks to queue
[2026-04-10T21:19:32.717+0000] {logging_mixin.py:190} INFO - [2026-04-10T21:19:32.716+0000] {dagbag.py:588} INFO - Filling up the DagBag from /opt/airflow/dags/dag.py
[2026-04-10T21:19:32.735+0000] {processor.py:925} INFO - DAG(s) 'matrix_minio' retrieved from /opt/airflow/dags/dag.py
[2026-04-10T21:19:32.786+0000] {logging_mixin.py:190} INFO - [2026-04-10T21:19:32.786+0000] {dag.py:3239} INFO - Sync 1 DAGs
[2026-04-10T21:19:32.816+0000] {logging_mixin.py:190} INFO - [2026-04-10T21:19:32.815+0000] {dag.py:4180} INFO - Setting next_dagrun for matrix_minio to None, run_after=None
[2026-04-10T21:19:32.852+0000] {processor.py:208} INFO - Processing /opt/airflow/dags/dag.py took 0.150 seconds
[2026-04-10T21:20:03.354+0000] {processor.py:186} INFO - Started process (PID=23942) to work on /opt/airflow/dags/dag.py
[2026-04-10T21:20:03.355+0000] {processor.py:914} INFO - Processing file /opt/airflow/dags/dag.py for tasks to queue
[2026-04-10T21:20:03.359+0000] {logging_mixin.py:190} INFO - [2026-04-10T21:20:03.359+0000] {dagbag.py:588} INFO - Filling up the DagBag from /opt/airflow/dags/dag.py
[2026-04-10T21:20:03.375+0000] {processor.py:925} INFO - DAG(s) 'matrix_minio' retrieved from /opt/airflow/dags/dag.py
[2026-04-10T21:20:03.418+0000] {logging_mixin.py:190} INFO - [2026-04-10T21:20:03.418+0000] {dag.py:3239} INFO - Sync 1 DAGs
[2026-04-10T21:20:03.445+0000] {logging_mixin.py:190} INFO - [2026-04-10T21:20:03.444+0000] {dag.py:4180} INFO - Setting next_dagrun for matrix_minio to None, run_after=None
[2026-04-10T21:20:03.490+0000] {processor.py:208} INFO - Processing /opt/airflow/dags/dag.py took 0.146 seconds
[2026-04-10T21:20:33.914+0000] {processor.py:186} INFO - Started process (PID=24013) to work on /opt/airflow/dags/dag.py
[2026-04-10T21:20:33.916+0000] {processor.py:914} INFO - Processing file /opt/airflow/dags/dag.py for tasks to queue
[2026-04-10T21:20:33.920+0000] {logging_mixin.py:190} INFO - [2026-04-10T21:20:33.919+0000] {dagbag.py:588} INFO - Filling up the DagBag from /opt/airflow/dags/dag.py
[2026-04-10T21:20:33.935+0000] {processor.py:925} INFO - DAG(s) 'matrix_minio' retrieved from /opt/airflow/dags/dag.py
[2026-04-10T21:20:33.979+0000] {logging_mixin.py:190} INFO - [2026-04-10T21:20:33.978+0000] {dag.py:3239} INFO - Sync 1 DAGs
[2026-04-10T21:20:34.007+0000] {logging_mixin.py:190} INFO - [2026-04-10T21:20:34.006+0000] {dag.py:4180} INFO - Setting next_dagrun for matrix_minio to None, run_after=None
[2026-04-10T21:20:34.040+0000] {processor.py:208} INFO - Processing /opt/airflow/dags/dag.py took 0.135 seconds
[2026-04-10T21:21:04.561+0000] {processor.py:186} INFO - Started process (PID=24084) to work on /opt/airflow/dags/dag.py
[2026-04-10T21:21:04.562+0000] {processor.py:914} INFO - Processing file /opt/airflow/dags/dag.py for tasks to queue
[2026-04-10T21:21:04.566+0000] {logging_mixin.py:190} INFO - [2026-04-10T21:21:04.565+0000] {dagbag.py:588} INFO - Filling up the DagBag from /opt/airflow/dags/dag.py
[2026-04-10T21:21:04.583+0000] {processor.py:925} INFO - DAG(s) 'matrix_minio' retrieved from /opt/airflow/dags/dag.py
[2026-04-10T21:21:04.627+0000] {logging_mixin.py:190} INFO - [2026-04-10T21:21:04.627+0000] {dag.py:3239} INFO - Sync 1 DAGs
[2026-04-10T21:21:04.654+0000] {logging_mixin.py:190} INFO - [2026-04-10T21:21:04.654+0000] {dag.py:4180} INFO - Setting next_dagrun for matrix_minio to None, run_after=None
[2026-04-10T21:21:04.697+0000] {processor.py:208} INFO - Processing /opt/airflow/dags/dag.py took 0.146 seconds
[2026-04-10T21:21:35.291+0000] {processor.py:186} INFO - Started process (PID=24155) to work on /opt/airflow/dags/dag.py
[2026-04-10T21:21:35.292+0000] {processor.py:914} INFO - Processing file /opt/airflow/dags/dag.py for tasks to queue
[2026-04-10T21:21:35.296+0000] {logging_mixin.py:190} INFO - [2026-04-10T21:21:35.295+0000] {dagbag.py:588} INFO - Filling up the DagBag from /opt/airflow/dags/dag.py
[2026-04-10T21:21:35.311+0000] {processor.py:925} INFO - DAG(s) 'matrix_minio' retrieved from /opt/airflow/dags/dag.py
[2026-04-10T21:21:35.359+0000] {logging_mixin.py:190} INFO - [2026-04-10T21:21:35.358+0000] {dag.py:3239} INFO - Sync 1 DAGs
[2026-04-10T21:21:35.384+0000] {logging_mixin.py:190} INFO - [2026-04-10T21:21:35.384+0000] {dag.py:4180} INFO - Setting next_dagrun for matrix_minio to None, run_after=None
[2026-04-10T21:21:35.429+0000] {processor.py:208} INFO - Processing /opt/airflow/dags/dag.py took 0.148 seconds
[2026-04-10T21:22:05.840+0000] {processor.py:186} INFO - Started process (PID=24226) to work on /opt/airflow/dags/dag.py
[2026-04-10T21:22:05.841+0000] {processor.py:914} INFO - Processing file /opt/airflow/dags/dag.py for tasks to queue
[2026-04-10T21:22:05.845+0000] {logging_mixin.py:190} INFO - [2026-04-10T21:22:05.845+0000] {dagbag.py:588} INFO - Filling up the DagBag from /opt/airflow/dags/dag.py
[2026-04-10T21:22:05.860+0000] {processor.py:925} INFO - DAG(s) 'matrix_minio' retrieved from /opt/airflow/dags/dag.py
[2026-04-10T21:22:05.907+0000] {logging_mixin.py:190} INFO - [2026-04-10T21:22:05.906+0000] {dag.py:3239} INFO - Sync 1 DAGs
[2026-04-10T21:22:05.931+0000] {logging_mixin.py:190} INFO - [2026-04-10T21:22:05.931+0000] {dag.py:4180} INFO - Setting next_dagrun for matrix_minio to None, run_after=None
[2026-04-10T21:22:05.974+0000] {processor.py:208} INFO - Processing /opt/airflow/dags/dag.py took 0.144 seconds
[2026-04-10T21:22:36.433+0000] {processor.py:186} INFO - Started process (PID=24297) to work on /opt/airflow/dags/dag.py
[2026-04-10T21:22:36.435+0000] {processor.py:914} INFO - Processing file /opt/airflow/dags/dag.py for tasks to queue
[2026-04-10T21:22:36.438+0000] {logging_mixin.py:190} INFO - [2026-04-10T21:22:36.437+0000] {dagbag.py:588} INFO - Filling up the DagBag from /opt/airflow/dags/dag.py
[2026-04-10T21:22:36.452+0000] {processor.py:925} INFO - DAG(s) 'matrix_minio' retrieved from /opt/airflow/dags/dag.py
[2026-04-10T21:22:36.500+0000] {logging_mixin.py:190} INFO - [2026-04-10T21:22:36.500+0000] {dag.py:3239} INFO - Sync 1 DAGs
[2026-04-10T21:22:36.525+0000] {logging_mixin.py:190} INFO - [2026-04-10T21:22:36.524+0000] {dag.py:4180} INFO - Setting next_dagrun for matrix_minio to None, run_after=None
[2026-04-10T21:22:36.558+0000] {processor.py:208} INFO - Processing /opt/airflow/dags/dag.py took 0.134 seconds
[2026-04-10T21:23:06.958+0000] {processor.py:186} INFO - Started process (PID=24368) to work on /opt/airflow/dags/dag.py
[2026-04-10T21:23:06.960+0000] {processor.py:914} INFO - Processing file /opt/airflow/dags/dag.py for tasks to queue
[2026-04-10T21:23:06.964+0000] {logging_mixin.py:190} INFO - [2026-04-10T21:23:06.963+0000] {dagbag.py:588} INFO - Filling up the DagBag from /opt/airflow/dags/dag.py
[2026-04-10T21:23:06.977+0000] {processor.py:925} INFO - DAG(s) 'matrix_minio' retrieved from /opt/airflow/dags/dag.py
[2026-04-10T21:23:07.018+0000] {logging_mixin.py:190} INFO - [2026-04-10T21:23:07.017+0000] {dag.py:3239} INFO - Sync 1 DAGs
[2026-04-10T21:23:07.044+0000] {logging_mixin.py:190} INFO - [2026-04-10T21:23:07.044+0000] {dag.py:4180} INFO - Setting next_dagrun for matrix_minio to None, run_after=None
[2026-04-10T21:23:07.079+0000] {processor.py:208} INFO - Processing /opt/airflow/dags/dag.py took 0.133 seconds
[2026-04-10T21:23:37.520+0000] {processor.py:186} INFO - Started process (PID=24439) to work on /opt/airflow/dags/dag.py
[2026-04-10T21:23:37.522+0000] {processor.py:914} INFO - Processing file /opt/airflow/dags/dag.py for tasks to queue
[2026-04-10T21:23:37.528+0000] {logging_mixin.py:190} INFO - [2026-04-10T21:23:37.527+0000] {dagbag.py:588} INFO - Filling up the DagBag from /opt/airflow/dags/dag.py
[2026-04-10T21:23:37.544+0000] {processor.py:925} INFO - DAG(s) 'matrix_minio' retrieved from /opt/airflow/dags/dag.py
[2026-04-10T21:23:37.587+0000] {logging_mixin.py:190} INFO - [2026-04-10T21:23:37.587+0000] {dag.py:3239} INFO - Sync 1 DAGs
[2026-04-10T21:23:37.614+0000] {logging_mixin.py:190} INFO - [2026-04-10T21:23:37.614+0000] {dag.py:4180} INFO - Setting next_dagrun for matrix_minio to None, run_after=None
[2026-04-10T21:23:37.648+0000] {processor.py:208} INFO - Processing /opt/airflow/dags/dag.py took 0.145 seconds
[2026-04-10T21:24:08.047+0000] {processor.py:186} INFO - Started process (PID=24510) to work on /opt/airflow/dags/dag.py
[2026-04-10T21:24:08.048+0000] {processor.py:914} INFO - Processing file /opt/airflow/dags/dag.py for tasks to queue
[2026-04-10T21:24:08.053+0000] {logging_mixin.py:190} INFO - [2026-04-10T21:24:08.052+0000] {dagbag.py:588} INFO - Filling up the DagBag from /opt/airflow/dags/dag.py
[2026-04-10T21:24:08.069+0000] {processor.py:925} INFO - DAG(s) 'matrix_minio' retrieved from /opt/airflow/dags/dag.py
[2026-04-10T21:24:08.118+0000] {logging_mixin.py:190} INFO - [2026-04-10T21:24:08.117+0000] {dag.py:3239} INFO - Sync 1 DAGs
[2026-04-10T21:24:08.148+0000] {logging_mixin.py:190} INFO - [2026-04-10T21:24:08.148+0000] {dag.py:4180} INFO - Setting next_dagrun for matrix_minio to None, run_after=None
[2026-04-10T21:24:08.191+0000] {processor.py:208} INFO - Processing /opt/airflow/dags/dag.py took 0.157 seconds
[2026-04-10T21:24:38.662+0000] {processor.py:186} INFO - Started process (PID=24581) to work on /opt/airflow/dags/dag.py
[2026-04-10T21:24:38.664+0000] {processor.py:914} INFO - Processing file /opt/airflow/dags/dag.py for tasks to queue
[2026-04-10T21:24:38.668+0000] {logging_mixin.py:190} INFO - [2026-04-10T21:24:38.667+0000] {dagbag.py:588} INFO - Filling up the DagBag from /opt/airflow/dags/dag.py
[2026-04-10T21:24:38.683+0000] {processor.py:925} INFO - DAG(s) 'matrix_minio' retrieved from /opt/airflow/dags/dag.py
[2026-04-10T21:24:38.730+0000] {logging_mixin.py:190} INFO - [2026-04-10T21:24:38.730+0000] {dag.py:3239} INFO - Sync 1 DAGs
[2026-04-10T21:24:38.756+0000] {logging_mixin.py:190} INFO - [2026-04-10T21:24:38.756+0000] {dag.py:4180} INFO - Setting next_dagrun for matrix_minio to None, run_after=None
[2026-04-10T21:24:38.789+0000] {processor.py:208} INFO - Processing /opt/airflow/dags/dag.py took 0.136 seconds
[2026-04-10T21:25:09.212+0000] {processor.py:186} INFO - Started process (PID=24652) to work on /opt/airflow/dags/dag.py
[2026-04-10T21:25:09.213+0000] {processor.py:914} INFO - Processing file /opt/airflow/dags/dag.py for tasks to queue
[2026-04-10T21:25:09.217+0000] {logging_mixin.py:190} INFO - [2026-04-10T21:25:09.216+0000] {dagbag.py:588} INFO - Filling up the DagBag from /opt/airflow/dags/dag.py
[2026-04-10T21:25:09.233+0000] {processor.py:925} INFO - DAG(s) 'matrix_minio' retrieved from /opt/airflow/dags/dag.py
[2026-04-10T21:25:09.283+0000] {logging_mixin.py:190} INFO - [2026-04-10T21:25:09.282+0000] {dag.py:3239} INFO - Sync 1 DAGs
[2026-04-10T21:25:09.311+0000] {logging_mixin.py:190} INFO - [2026-04-10T21:25:09.311+0000] {dag.py:4180} INFO - Setting next_dagrun for matrix_minio to None, run_after=None
[2026-04-10T21:25:09.355+0000] {processor.py:208} INFO - Processing /opt/airflow/dags/dag.py took 0.152 seconds
[2026-04-10T21:25:39.749+0000] {processor.py:186} INFO - Started process (PID=24723) to work on /opt/airflow/dags/dag.py
[2026-04-10T21:25:39.750+0000] {processor.py:914} INFO - Processing file /opt/airflow/dags/dag.py for tasks to queue
[2026-04-10T21:25:39.753+0000] {logging_mixin.py:190} INFO - [2026-04-10T21:25:39.753+0000] {dagbag.py:588} INFO - Filling up the DagBag from /opt/airflow/dags/dag.py
[2026-04-10T21:25:39.766+0000] {processor.py:925} INFO - DAG(s) 'matrix_minio' retrieved from /opt/airflow/dags/dag.py
[2026-04-10T21:25:39.810+0000] {logging_mixin.py:190} INFO - [2026-04-10T21:25:39.809+0000] {dag.py:3239} INFO - Sync 1 DAGs
[2026-04-10T21:25:39.839+0000] {logging_mixin.py:190} INFO - [2026-04-10T21:25:39.839+0000] {dag.py:4180} INFO - Setting next_dagrun for matrix_minio to None, run_after=None
[2026-04-10T21:25:39.873+0000] {processor.py:208} INFO - Processing /opt/airflow/dags/dag.py took 0.135 seconds
[2026-04-10T21:26:10.246+0000] {processor.py:186} INFO - Started process (PID=24794) to work on /opt/airflow/dags/dag.py
[2026-04-10T21:26:10.247+0000] {processor.py:914} INFO - Processing file /opt/airflow/dags/dag.py for tasks to queue
[2026-04-10T21:26:10.252+0000] {logging_mixin.py:190} INFO - [2026-04-10T21:26:10.251+0000] {dagbag.py:588} INFO - Filling up the DagBag from /opt/airflow/dags/dag.py
[2026-04-10T21:26:10.266+0000] {processor.py:925} INFO - DAG(s) 'matrix_minio' retrieved from /opt/airflow/dags/dag.py
[2026-04-10T21:26:10.310+0000] {logging_mixin.py:190} INFO - [2026-04-10T21:26:10.310+0000] {dag.py:3239} INFO - Sync 1 DAGs
[2026-04-10T21:26:10.339+0000] {logging_mixin.py:190} INFO - [2026-04-10T21:26:10.338+0000] {dag.py:4180} INFO - Setting next_dagrun for matrix_minio to None, run_after=None
[2026-04-10T21:26:10.384+0000] {processor.py:208} INFO - Processing /opt/airflow/dags/dag.py took 0.150 seconds
[2026-04-10T21:26:40.997+0000] {processor.py:186} INFO - Started process (PID=24865) to work on /opt/airflow/dags/dag.py
[2026-04-10T21:26:40.998+0000] {processor.py:914} INFO - Processing file /opt/airflow/dags/dag.py for tasks to queue
[2026-04-10T21:26:41.002+0000] {logging_mixin.py:190} INFO - [2026-04-10T21:26:41.002+0000] {dagbag.py:588} INFO - Filling up the DagBag from /opt/airflow/dags/dag.py
[2026-04-10T21:26:41.016+0000] {processor.py:925} INFO - DAG(s) 'matrix_minio' retrieved from /opt/airflow/dags/dag.py
[2026-04-10T21:26:41.064+0000] {logging_mixin.py:190} INFO - [2026-04-10T21:26:41.063+0000] {dag.py:3239} INFO - Sync 1 DAGs
[2026-04-10T21:26:41.091+0000] {logging_mixin.py:190} INFO - [2026-04-10T21:26:41.091+0000] {dag.py:4180} INFO - Setting next_dagrun for matrix_minio to None, run_after=None
[2026-04-10T21:26:41.134+0000] {processor.py:208} INFO - Processing /opt/airflow/dags/dag.py took 0.149 seconds
[2026-04-10T21:27:11.556+0000] {processor.py:186} INFO - Started process (PID=24936) to work on /opt/airflow/dags/dag.py
[2026-04-10T21:27:11.557+0000] {processor.py:914} INFO - Processing file /opt/airflow/dags/dag.py for tasks to queue
[2026-04-10T21:27:11.561+0000] {logging_mixin.py:190} INFO - [2026-04-10T21:27:11.560+0000] {dagbag.py:588} INFO - Filling up the DagBag from /opt/airflow/dags/dag.py
[2026-04-10T21:27:11.576+0000] {processor.py:925} INFO - DAG(s) 'matrix_minio' retrieved from /opt/airflow/dags/dag.py
[2026-04-10T21:27:11.628+0000] {logging_mixin.py:190} INFO - [2026-04-10T21:27:11.627+0000] {dag.py:3239} INFO - Sync 1 DAGs
[2026-04-10T21:27:11.657+0000] {logging_mixin.py:190} INFO - [2026-04-10T21:27:11.657+0000] {dag.py:4180} INFO - Setting next_dagrun for matrix_minio to None, run_after=None
[2026-04-10T21:27:11.701+0000] {processor.py:208} INFO - Processing /opt/airflow/dags/dag.py took 0.156 seconds
[2026-04-10T21:27:42.292+0000] {processor.py:186} INFO - Started process (PID=25007) to work on /opt/airflow/dags/dag.py
[2026-04-10T21:27:42.294+0000] {processor.py:914} INFO - Processing file /opt/airflow/dags/dag.py for tasks to queue
[2026-04-10T21:27:42.299+0000] {logging_mixin.py:190} INFO - [2026-04-10T21:27:42.298+0000] {dagbag.py:588} INFO - Filling up the DagBag from /opt/airflow/dags/dag.py
[2026-04-10T21:27:42.317+0000] {processor.py:925} INFO - DAG(s) 'matrix_minio' retrieved from /opt/airflow/dags/dag.py
[2026-04-10T21:27:42.361+0000] {logging_mixin.py:190} INFO - [2026-04-10T21:27:42.360+0000] {dag.py:3239} INFO - Sync 1 DAGs
[2026-04-10T21:27:42.387+0000] {logging_mixin.py:190} INFO - [2026-04-10T21:27:42.386+0000] {dag.py:4180} INFO - Setting next_dagrun for matrix_minio to None, run_after=None
[2026-04-10T21:27:42.433+0000] {processor.py:208} INFO - Processing /opt/airflow/dags/dag.py took 0.153 seconds
[2026-04-10T21:28:12.950+0000] {processor.py:186} INFO - Started process (PID=25078) to work on /opt/airflow/dags/dag.py
[2026-04-10T21:28:12.952+0000] {processor.py:914} INFO - Processing file /opt/airflow/dags/dag.py for tasks to queue
[2026-04-10T21:28:12.956+0000] {logging_mixin.py:190} INFO - [2026-04-10T21:28:12.955+0000] {dagbag.py:588} INFO - Filling up the DagBag from /opt/airflow/dags/dag.py
[2026-04-10T21:28:12.974+0000] {processor.py:925} INFO - DAG(s) 'matrix_minio' retrieved from /opt/airflow/dags/dag.py
[2026-04-10T21:28:13.017+0000] {logging_mixin.py:190} INFO - [2026-04-10T21:28:13.017+0000] {dag.py:3239} INFO - Sync 1 DAGs
[2026-04-10T21:28:13.044+0000] {logging_mixin.py:190} INFO - [2026-04-10T21:28:13.043+0000] {dag.py:4180} INFO - Setting next_dagrun for matrix_minio to None, run_after=None
[2026-04-10T21:28:13.077+0000] {processor.py:208} INFO - Processing /opt/airflow/dags/dag.py took 0.140 seconds
[2026-04-10T21:28:43.633+0000] {processor.py:186} INFO - Started process (PID=25149) to work on /opt/airflow/dags/dag.py
[2026-04-10T21:28:43.635+0000] {processor.py:914} INFO - Processing file /opt/airflow/dags/dag.py for tasks to queue
[2026-04-10T21:28:43.639+0000] {logging_mixin.py:190} INFO - [2026-04-10T21:28:43.639+0000] {dagbag.py:588} INFO - Filling up the DagBag from /opt/airflow/dags/dag.py
[2026-04-10T21:28:43.654+0000] {processor.py:925} INFO - DAG(s) 'matrix_minio' retrieved from /opt/airflow/dags/dag.py
[2026-04-10T21:28:43.704+0000] {logging_mixin.py:190} INFO - [2026-04-10T21:28:43.704+0000] {dag.py:3239} INFO - Sync 1 DAGs
[2026-04-10T21:28:43.729+0000] {logging_mixin.py:190} INFO - [2026-04-10T21:28:43.728+0000] {dag.py:4180} INFO - Setting next_dagrun for matrix_minio to None, run_after=None
[2026-04-10T21:28:43.770+0000] {processor.py:208} INFO - Processing /opt/airflow/dags/dag.py took 0.149 seconds
[2026-04-10T21:29:14.335+0000] {processor.py:186} INFO - Started process (PID=25220) to work on /opt/airflow/dags/dag.py
[2026-04-10T21:29:14.337+0000] {processor.py:914} INFO - Processing file /opt/airflow/dags/dag.py for tasks to queue
[2026-04-10T21:29:14.341+0000] {logging_mixin.py:190} INFO - [2026-04-10T21:29:14.340+0000] {dagbag.py:588} INFO - Filling up the DagBag from /opt/airflow/dags/dag.py
[2026-04-10T21:29:14.356+0000] {processor.py:925} INFO - DAG(s) 'matrix_minio' retrieved from /opt/airflow/dags/dag.py
[2026-04-10T21:29:14.404+0000] {logging_mixin.py:190} INFO - [2026-04-10T21:29:14.403+0000] {dag.py:3239} INFO - Sync 1 DAGs
[2026-04-10T21:29:14.429+0000] {logging_mixin.py:190} INFO - [2026-04-10T21:29:14.428+0000] {dag.py:4180} INFO - Setting next_dagrun for matrix_minio to None, run_after=None
[2026-04-10T21:29:14.475+0000] {processor.py:208} INFO - Processing /opt/airflow/dags/dag.py took 0.153 seconds
[2026-04-10T21:29:45.024+0000] {processor.py:186} INFO - Started process (PID=25292) to work on /opt/airflow/dags/dag.py
[2026-04-10T21:29:45.025+0000] {processor.py:914} INFO - Processing file /opt/airflow/dags/dag.py for tasks to queue
[2026-04-10T21:29:45.029+0000] {logging_mixin.py:190} INFO - [2026-04-10T21:29:45.028+0000] {dagbag.py:588} INFO - Filling up the DagBag from /opt/airflow/dags/dag.py
[2026-04-10T21:29:45.042+0000] {processor.py:925} INFO - DAG(s) 'matrix_minio' retrieved from /opt/airflow/dags/dag.py
[2026-04-10T21:29:45.085+0000] {logging_mixin.py:190} INFO - [2026-04-10T21:29:45.084+0000] {dag.py:3239} INFO - Sync 1 DAGs
[2026-04-10T21:29:45.110+0000] {logging_mixin.py:190} INFO - [2026-04-10T21:29:45.110+0000] {dag.py:4180} INFO - Setting next_dagrun for matrix_minio to None, run_after=None
[2026-04-10T21:29:45.143+0000] {processor.py:208} INFO - Processing /opt/airflow/dags/dag.py took 0.129 seconds
[2026-04-10T21:30:15.499+0000] {processor.py:186} INFO - Started process (PID=25363) to work on /opt/airflow/dags/dag.py
[2026-04-10T21:30:15.500+0000] {processor.py:914} INFO - Processing file /opt/airflow/dags/dag.py for tasks to queue
[2026-04-10T21:30:15.504+0000] {logging_mixin.py:190} INFO - [2026-04-10T21:30:15.503+0000] {dagbag.py:588} INFO - Filling up the DagBag from /opt/airflow/dags/dag.py
[2026-04-10T21:30:15.518+0000] {processor.py:925} INFO - DAG(s) 'matrix_minio' retrieved from /opt/airflow/dags/dag.py
[2026-04-10T21:30:15.564+0000] {logging_mixin.py:190} INFO - [2026-04-10T21:30:15.564+0000] {dag.py:3239} INFO - Sync 1 DAGs
[2026-04-10T21:30:15.590+0000] {logging_mixin.py:190} INFO - [2026-04-10T21:30:15.589+0000] {dag.py:4180} INFO - Setting next_dagrun for matrix_minio to None, run_after=None
[2026-04-10T21:30:15.632+0000] {processor.py:208} INFO - Processing /opt/airflow/dags/dag.py took 0.144 seconds
[2026-04-10T21:30:46.146+0000] {processor.py:186} INFO - Started process (PID=25433) to work on /opt/airflow/dags/dag.py
[2026-04-10T21:30:46.148+0000] {processor.py:914} INFO - Processing file /opt/airflow/dags/dag.py for tasks to queue
[2026-04-10T21:30:46.152+0000] {logging_mixin.py:190} INFO - [2026-04-10T21:30:46.151+0000] {dagbag.py:588} INFO - Filling up the DagBag from /opt/airflow/dags/dag.py
[2026-04-10T21:30:46.168+0000] {processor.py:925} INFO - DAG(s) 'matrix_minio' retrieved from /opt/airflow/dags/dag.py
[2026-04-10T21:30:46.211+0000] {logging_mixin.py:190} INFO - [2026-04-10T21:30:46.211+0000] {dag.py:3239} INFO - Sync 1 DAGs
[2026-04-10T21:30:46.238+0000] {logging_mixin.py:190} INFO - [2026-04-10T21:30:46.237+0000] {dag.py:4180} INFO - Setting next_dagrun for matrix_minio to None, run_after=None
[2026-04-10T21:30:46.272+0000] {processor.py:208} INFO - Processing /opt/airflow/dags/dag.py took 0.136 seconds
[2026-04-10T21:31:16.809+0000] {processor.py:186} INFO - Started process (PID=25504) to work on /opt/airflow/dags/dag.py
[2026-04-10T21:31:16.810+0000] {processor.py:914} INFO - Processing file /opt/airflow/dags/dag.py for tasks to queue
[2026-04-10T21:31:16.814+0000] {logging_mixin.py:190} INFO - [2026-04-10T21:31:16.813+0000] {dagbag.py:588} INFO - Filling up the DagBag from /opt/airflow/dags/dag.py
[2026-04-10T21:31:16.828+0000] {processor.py:925} INFO - DAG(s) 'matrix_minio' retrieved from /opt/airflow/dags/dag.py
[2026-04-10T21:31:16.874+0000] {logging_mixin.py:190} INFO - [2026-04-10T21:31:16.874+0000] {dag.py:3239} INFO - Sync 1 DAGs
[2026-04-10T21:31:16.900+0000] {logging_mixin.py:190} INFO - [2026-04-10T21:31:16.899+0000] {dag.py:4180} INFO - Setting next_dagrun for matrix_minio to None, run_after=None
[2026-04-10T21:31:17.194+0000] {processor.py:208} INFO - Processing /opt/airflow/dags/dag.py took 0.395 seconds
[2026-04-10T21:31:48.243+0000] {processor.py:186} INFO - Started process (PID=25581) to work on /opt/airflow/dags/dag.py
[2026-04-10T21:31:48.244+0000] {processor.py:914} INFO - Processing file /opt/airflow/dags/dag.py for tasks to queue
[2026-04-10T21:31:48.248+0000] {logging_mixin.py:190} INFO - [2026-04-10T21:31:48.247+0000] {dagbag.py:588} INFO - Filling up the DagBag from /opt/airflow/dags/dag.py
[2026-04-10T21:31:48.263+0000] {processor.py:925} INFO - DAG(s) 'matrix_minio' retrieved from /opt/airflow/dags/dag.py
[2026-04-10T21:31:48.316+0000] {logging_mixin.py:190} INFO - [2026-04-10T21:31:48.316+0000] {dag.py:3239} INFO - Sync 1 DAGs
[2026-04-10T21:31:48.354+0000] {logging_mixin.py:190} INFO - [2026-04-10T21:31:48.353+0000] {dag.py:4180} INFO - Setting next_dagrun for matrix_minio to None, run_after=None
[2026-04-10T21:31:48.401+0000] {processor.py:208} INFO - Processing /opt/airflow/dags/dag.py took 0.168 seconds
[2026-04-10T21:32:18.934+0000] {processor.py:186} INFO - Started process (PID=25652) to work on /opt/airflow/dags/dag.py
[2026-04-10T21:32:18.935+0000] {processor.py:914} INFO - Processing file /opt/airflow/dags/dag.py for tasks to queue
[2026-04-10T21:32:18.939+0000] {logging_mixin.py:190} INFO - [2026-04-10T21:32:18.939+0000] {dagbag.py:588} INFO - Filling up the DagBag from /opt/airflow/dags/dag.py
[2026-04-10T21:32:18.953+0000] {processor.py:925} INFO - DAG(s) 'matrix_minio' retrieved from /opt/airflow/dags/dag.py
[2026-04-10T21:32:18.994+0000] {logging_mixin.py:190} INFO - [2026-04-10T21:32:18.994+0000] {dag.py:3239} INFO - Sync 1 DAGs
[2026-04-10T21:32:19.020+0000] {logging_mixin.py:190} INFO - [2026-04-10T21:32:19.020+0000] {dag.py:4180} INFO - Setting next_dagrun for matrix_minio to None, run_after=None
[2026-04-10T21:32:19.281+0000] {processor.py:208} INFO - Processing /opt/airflow/dags/dag.py took 0.358 seconds
[2026-04-10T21:32:50.007+0000] {processor.py:186} INFO - Started process (PID=25723) to work on /opt/airflow/dags/dag.py
[2026-04-10T21:32:50.009+0000] {processor.py:914} INFO - Processing file /opt/airflow/dags/dag.py for tasks to queue
[2026-04-10T21:32:50.013+0000] {logging_mixin.py:190} INFO - [2026-04-10T21:32:50.012+0000] {dagbag.py:588} INFO - Filling up the DagBag from /opt/airflow/dags/dag.py
[2026-04-10T21:32:50.031+0000] {processor.py:925} INFO - DAG(s) 'matrix_minio' retrieved from /opt/airflow/dags/dag.py
[2026-04-10T21:32:50.084+0000] {logging_mixin.py:190} INFO - [2026-04-10T21:32:50.083+0000] {dag.py:3239} INFO - Sync 1 DAGs
[2026-04-10T21:32:50.115+0000] {logging_mixin.py:190} INFO - [2026-04-10T21:32:50.114+0000] {dag.py:4180} INFO - Setting next_dagrun for matrix_minio to None, run_after=None
[2026-04-10T21:32:50.156+0000] {processor.py:208} INFO - Processing /opt/airflow/dags/dag.py took 0.163 seconds
[2026-04-10T21:33:20.716+0000] {processor.py:186} INFO - Started process (PID=25794) to work on /opt/airflow/dags/dag.py
[2026-04-10T21:33:20.718+0000] {processor.py:914} INFO - Processing file /opt/airflow/dags/dag.py for tasks to queue
[2026-04-10T21:33:20.721+0000] {logging_mixin.py:190} INFO - [2026-04-10T21:33:20.721+0000] {dagbag.py:588} INFO - Filling up the DagBag from /opt/airflow/dags/dag.py
[2026-04-10T21:33:20.736+0000] {processor.py:925} INFO - DAG(s) 'matrix_minio' retrieved from /opt/airflow/dags/dag.py
[2026-04-10T21:33:20.777+0000] {logging_mixin.py:190} INFO - [2026-04-10T21:33:20.777+0000] {dag.py:3239} INFO - Sync 1 DAGs
[2026-04-10T21:33:20.803+0000] {logging_mixin.py:190} INFO - [2026-04-10T21:33:20.803+0000] {dag.py:4180} INFO - Setting next_dagrun for matrix_minio to None, run_after=None
[2026-04-10T21:33:21.054+0000] {processor.py:208} INFO - Processing /opt/airflow/dags/dag.py took 0.349 seconds
[2026-04-10T21:33:51.336+0000] {processor.py:186} INFO - Started process (PID=25865) to work on /opt/airflow/dags/dag.py
[2026-04-10T21:33:51.337+0000] {processor.py:914} INFO - Processing file /opt/airflow/dags/dag.py for tasks to queue
[2026-04-10T21:33:51.341+0000] {logging_mixin.py:190} INFO - [2026-04-10T21:33:51.340+0000] {dagbag.py:588} INFO - Filling up the DagBag from /opt/airflow/dags/dag.py
[2026-04-10T21:33:51.356+0000] {processor.py:925} INFO - DAG(s) 'matrix_minio' retrieved from /opt/airflow/dags/dag.py
[2026-04-10T21:33:51.409+0000] {logging_mixin.py:190} INFO - [2026-04-10T21:33:51.409+0000] {dag.py:3239} INFO - Sync 1 DAGs
[2026-04-10T21:33:51.436+0000] {logging_mixin.py:190} INFO - [2026-04-10T21:33:51.436+0000] {dag.py:4180} INFO - Setting next_dagrun for matrix_minio to None, run_after=None
[2026-04-10T21:33:51.478+0000] {processor.py:208} INFO - Processing /opt/airflow/dags/dag.py took 0.152 seconds
[2026-04-10T21:34:21.850+0000] {processor.py:186} INFO - Started process (PID=25936) to work on /opt/airflow/dags/dag.py
[2026-04-10T21:34:21.851+0000] {processor.py:914} INFO - Processing file /opt/airflow/dags/dag.py for tasks to queue
[2026-04-10T21:34:21.854+0000] {logging_mixin.py:190} INFO - [2026-04-10T21:34:21.854+0000] {dagbag.py:588} INFO - Filling up the DagBag from /opt/airflow/dags/dag.py
[2026-04-10T21:34:21.868+0000] {processor.py:925} INFO - DAG(s) 'matrix_minio' retrieved from /opt/airflow/dags/dag.py
[2026-04-10T21:34:21.920+0000] {logging_mixin.py:190} INFO - [2026-04-10T21:34:21.920+0000] {dag.py:3239} INFO - Sync 1 DAGs
[2026-04-10T21:34:21.948+0000] {logging_mixin.py:190} INFO - [2026-04-10T21:34:21.948+0000] {dag.py:4180} INFO - Setting next_dagrun for matrix_minio to None, run_after=None
[2026-04-10T21:34:21.994+0000] {processor.py:208} INFO - Processing /opt/airflow/dags/dag.py took 0.155 seconds
[2026-04-10T21:34:52.559+0000] {processor.py:186} INFO - Started process (PID=26007) to work on /opt/airflow/dags/dag.py
[2026-04-10T21:34:52.561+0000] {processor.py:914} INFO - Processing file /opt/airflow/dags/dag.py for tasks to queue
[2026-04-10T21:34:52.564+0000] {logging_mixin.py:190} INFO - [2026-04-10T21:34:52.564+0000] {dagbag.py:588} INFO - Filling up the DagBag from /opt/airflow/dags/dag.py
[2026-04-10T21:34:52.580+0000] {processor.py:925} INFO - DAG(s) 'matrix_minio' retrieved from /opt/airflow/dags/dag.py
[2026-04-10T21:34:52.631+0000] {logging_mixin.py:190} INFO - [2026-04-10T21:34:52.631+0000] {dag.py:3239} INFO - Sync 1 DAGs
[2026-04-10T21:34:52.661+0000] {logging_mixin.py:190} INFO - [2026-04-10T21:34:52.661+0000] {dag.py:4180} INFO - Setting next_dagrun for matrix_minio to None, run_after=None
[2026-04-10T21:34:52.704+0000] {processor.py:208} INFO - Processing /opt/airflow/dags/dag.py took 0.155 seconds
[2026-04-10T21:35:23.006+0000] {processor.py:186} INFO - Started process (PID=26078) to work on /opt/airflow/dags/dag.py
[2026-04-10T21:35:23.007+0000] {processor.py:914} INFO - Processing file /opt/airflow/dags/dag.py for tasks to queue
[2026-04-10T21:35:23.010+0000] {logging_mixin.py:190} INFO - [2026-04-10T21:35:23.010+0000] {dagbag.py:588} INFO - Filling up the DagBag from /opt/airflow/dags/dag.py
[2026-04-10T21:35:23.025+0000] {processor.py:925} INFO - DAG(s) 'matrix_minio' retrieved from /opt/airflow/dags/dag.py
[2026-04-10T21:35:23.071+0000] {logging_mixin.py:190} INFO - [2026-04-10T21:35:23.070+0000] {dag.py:3239} INFO - Sync 1 DAGs
[2026-04-10T21:35:23.097+0000] {logging_mixin.py:190} INFO - [2026-04-10T21:35:23.097+0000] {dag.py:4180} INFO - Setting next_dagrun for matrix_minio to None, run_after=None
[2026-04-10T21:35:23.359+0000] {processor.py:208} INFO - Processing /opt/airflow/dags/dag.py took 0.363 seconds
[2026-04-10T21:35:53.579+0000] {processor.py:186} INFO - Started process (PID=26149) to work on /opt/airflow/dags/dag.py
[2026-04-10T21:35:53.581+0000] {processor.py:914} INFO - Processing file /opt/airflow/dags/dag.py for tasks to queue
[2026-04-10T21:35:53.585+0000] {logging_mixin.py:190} INFO - [2026-04-10T21:35:53.584+0000] {dagbag.py:588} INFO - Filling up the DagBag from /opt/airflow/dags/dag.py
[2026-04-10T21:35:53.599+0000] {processor.py:925} INFO - DAG(s) 'matrix_minio' retrieved from /opt/airflow/dags/dag.py
[2026-04-10T21:35:53.645+0000] {logging_mixin.py:190} INFO - [2026-04-10T21:35:53.644+0000] {dag.py:3239} INFO - Sync 1 DAGs
[2026-04-10T21:35:53.674+0000] {logging_mixin.py:190} INFO - [2026-04-10T21:35:53.673+0000] {dag.py:4180} INFO - Setting next_dagrun for matrix_minio to None, run_after=None
[2026-04-10T21:35:53.716+0000] {processor.py:208} INFO - Processing /opt/airflow/dags/dag.py took 0.148 seconds
[2026-04-10T21:36:23.989+0000] {processor.py:186} INFO - Started process (PID=26220) to work on /opt/airflow/dags/dag.py
[2026-04-10T21:36:23.991+0000] {processor.py:914} INFO - Processing file /opt/airflow/dags/dag.py for tasks to queue
[2026-04-10T21:36:23.994+0000] {logging_mixin.py:190} INFO - [2026-04-10T21:36:23.994+0000] {dagbag.py:588} INFO - Filling up the DagBag from /opt/airflow/dags/dag.py
[2026-04-10T21:36:24.013+0000] {processor.py:925} INFO - DAG(s) 'matrix_minio' retrieved from /opt/airflow/dags/dag.py
[2026-04-10T21:36:24.056+0000] {logging_mixin.py:190} INFO - [2026-04-10T21:36:24.056+0000] {dag.py:3239} INFO - Sync 1 DAGs
[2026-04-10T21:36:24.081+0000] {logging_mixin.py:190} INFO - [2026-04-10T21:36:24.080+0000] {dag.py:4180} INFO - Setting next_dagrun for matrix_minio to None, run_after=None
[2026-04-10T21:36:24.350+0000] {processor.py:208} INFO - Processing /opt/airflow/dags/dag.py took 0.370 seconds
[2026-04-10T21:36:54.640+0000] {processor.py:186} INFO - Started process (PID=26291) to work on /opt/airflow/dags/dag.py
[2026-04-10T21:36:54.642+0000] {processor.py:914} INFO - Processing file /opt/airflow/dags/dag.py for tasks to queue
[2026-04-10T21:36:54.645+0000] {logging_mixin.py:190} INFO - [2026-04-10T21:36:54.645+0000] {dagbag.py:588} INFO - Filling up the DagBag from /opt/airflow/dags/dag.py
[2026-04-10T21:36:54.882+0000] {processor.py:925} INFO - DAG(s) 'matrix_minio' retrieved from /opt/airflow/dags/dag.py
[2026-04-10T21:36:54.923+0000] {logging_mixin.py:190} INFO - [2026-04-10T21:36:54.923+0000] {dag.py:3239} INFO - Sync 1 DAGs
[2026-04-10T21:36:54.946+0000] {logging_mixin.py:190} INFO - [2026-04-10T21:36:54.946+0000] {dag.py:4180} INFO - Setting next_dagrun for matrix_minio to None, run_after=None
[2026-04-10T21:36:54.977+0000] {processor.py:208} INFO - Processing /opt/airflow/dags/dag.py took 0.347 seconds
[2026-04-10T21:37:25.362+0000] {processor.py:186} INFO - Started process (PID=26362) to work on /opt/airflow/dags/dag.py
[2026-04-10T21:37:25.363+0000] {processor.py:914} INFO - Processing file /opt/airflow/dags/dag.py for tasks to queue
[2026-04-10T21:37:25.367+0000] {logging_mixin.py:190} INFO - [2026-04-10T21:37:25.366+0000] {dagbag.py:588} INFO - Filling up the DagBag from /opt/airflow/dags/dag.py
[2026-04-10T21:37:25.381+0000] {processor.py:925} INFO - DAG(s) 'matrix_minio' retrieved from /opt/airflow/dags/dag.py
[2026-04-10T21:37:25.424+0000] {logging_mixin.py:190} INFO - [2026-04-10T21:37:25.424+0000] {dag.py:3239} INFO - Sync 1 DAGs
[2026-04-10T21:37:25.450+0000] {logging_mixin.py:190} INFO - [2026-04-10T21:37:25.450+0000] {dag.py:4180} INFO - Setting next_dagrun for matrix_minio to None, run_after=None
[2026-04-10T21:37:25.484+0000] {processor.py:208} INFO - Processing /opt/airflow/dags/dag.py took 0.134 seconds
[2026-04-10T21:37:55.634+0000] {processor.py:186} INFO - Started process (PID=26433) to work on /opt/airflow/dags/dag.py
[2026-04-10T21:37:55.636+0000] {processor.py:914} INFO - Processing file /opt/airflow/dags/dag.py for tasks to queue
[2026-04-10T21:37:55.640+0000] {logging_mixin.py:190} INFO - [2026-04-10T21:37:55.639+0000] {dagbag.py:588} INFO - Filling up the DagBag from /opt/airflow/dags/dag.py
[2026-04-10T21:37:55.658+0000] {processor.py:925} INFO - DAG(s) 'matrix_minio' retrieved from /opt/airflow/dags/dag.py
[2026-04-10T21:37:55.707+0000] {logging_mixin.py:190} INFO - [2026-04-10T21:37:55.706+0000] {dag.py:3239} INFO - Sync 1 DAGs
[2026-04-10T21:37:55.734+0000] {logging_mixin.py:190} INFO - [2026-04-10T21:37:55.734+0000] {dag.py:4180} INFO - Setting next_dagrun for matrix_minio to None, run_after=None
[2026-04-10T21:37:55.780+0000] {processor.py:208} INFO - Processing /opt/airflow/dags/dag.py took 0.158 seconds
[2026-04-10T21:38:26.128+0000] {processor.py:186} INFO - Started process (PID=26504) to work on /opt/airflow/dags/dag.py
[2026-04-10T21:38:26.129+0000] {processor.py:914} INFO - Processing file /opt/airflow/dags/dag.py for tasks to queue
[2026-04-10T21:38:26.133+0000] {logging_mixin.py:190} INFO - [2026-04-10T21:38:26.132+0000] {dagbag.py:588} INFO - Filling up the DagBag from /opt/airflow/dags/dag.py
[2026-04-10T21:38:26.146+0000] {processor.py:925} INFO - DAG(s) 'matrix_minio' retrieved from /opt/airflow/dags/dag.py
[2026-04-10T21:38:26.189+0000] {logging_mixin.py:190} INFO - [2026-04-10T21:38:26.188+0000] {dag.py:3239} INFO - Sync 1 DAGs
[2026-04-10T21:38:26.214+0000] {logging_mixin.py:190} INFO - [2026-04-10T21:38:26.214+0000] {dag.py:4180} INFO - Setting next_dagrun for matrix_minio to None, run_after=None
[2026-04-10T21:38:26.247+0000] {processor.py:208} INFO - Processing /opt/airflow/dags/dag.py took 0.130 seconds
[2026-04-10T21:38:56.534+0000] {processor.py:186} INFO - Started process (PID=26575) to work on /opt/airflow/dags/dag.py
[2026-04-10T21:38:56.536+0000] {processor.py:914} INFO - Processing file /opt/airflow/dags/dag.py for tasks to queue
[2026-04-10T21:38:56.539+0000] {logging_mixin.py:190} INFO - [2026-04-10T21:38:56.539+0000] {dagbag.py:588} INFO - Filling up the DagBag from /opt/airflow/dags/dag.py
[2026-04-10T21:38:56.556+0000] {processor.py:925} INFO - DAG(s) 'matrix_minio' retrieved from /opt/airflow/dags/dag.py
[2026-04-10T21:38:56.597+0000] {logging_mixin.py:190} INFO - [2026-04-10T21:38:56.596+0000] {dag.py:3239} INFO - Sync 1 DAGs
[2026-04-10T21:38:56.621+0000] {logging_mixin.py:190} INFO - [2026-04-10T21:38:56.621+0000] {dag.py:4180} INFO - Setting next_dagrun for matrix_minio to None, run_after=None
[2026-04-10T21:38:56.655+0000] {processor.py:208} INFO - Processing /opt/airflow/dags/dag.py took 0.130 seconds
[2026-04-10T21:39:26.980+0000] {processor.py:186} INFO - Started process (PID=26646) to work on /opt/airflow/dags/dag.py
[2026-04-10T21:39:26.982+0000] {processor.py:914} INFO - Processing file /opt/airflow/dags/dag.py for tasks to queue
[2026-04-10T21:39:26.986+0000] {logging_mixin.py:190} INFO - [2026-04-10T21:39:26.985+0000] {dagbag.py:588} INFO - Filling up the DagBag from /opt/airflow/dags/dag.py
[2026-04-10T21:39:26.999+0000] {processor.py:925} INFO - DAG(s) 'matrix_minio' retrieved from /opt/airflow/dags/dag.py
[2026-04-10T21:39:27.043+0000] {logging_mixin.py:190} INFO - [2026-04-10T21:39:27.042+0000] {dag.py:3239} INFO - Sync 1 DAGs
[2026-04-10T21:39:27.070+0000] {logging_mixin.py:190} INFO - [2026-04-10T21:39:27.070+0000] {dag.py:4180} INFO - Setting next_dagrun for matrix_minio to None, run_after=None
[2026-04-10T21:39:27.106+0000] {processor.py:208} INFO - Processing /opt/airflow/dags/dag.py took 0.139 seconds
[2026-04-10T21:39:57.441+0000] {processor.py:186} INFO - Started process (PID=26717) to work on /opt/airflow/dags/dag.py
[2026-04-10T21:39:57.442+0000] {processor.py:914} INFO - Processing file /opt/airflow/dags/dag.py for tasks to queue
[2026-04-10T21:39:57.445+0000] {logging_mixin.py:190} INFO - [2026-04-10T21:39:57.445+0000] {dagbag.py:588} INFO - Filling up the DagBag from /opt/airflow/dags/dag.py
[2026-04-10T21:39:57.459+0000] {processor.py:925} INFO - DAG(s) 'matrix_minio' retrieved from /opt/airflow/dags/dag.py
[2026-04-10T21:39:57.509+0000] {logging_mixin.py:190} INFO - [2026-04-10T21:39:57.509+0000] {dag.py:3239} INFO - Sync 1 DAGs
[2026-04-10T21:39:57.537+0000] {logging_mixin.py:190} INFO - [2026-04-10T21:39:57.536+0000] {dag.py:4180} INFO - Setting next_dagrun for matrix_minio to None, run_after=None
[2026-04-10T21:39:57.578+0000] {processor.py:208} INFO - Processing /opt/airflow/dags/dag.py took 0.148 seconds
[2026-04-10T21:40:27.893+0000] {processor.py:186} INFO - Started process (PID=26788) to work on /opt/airflow/dags/dag.py
[2026-04-10T21:40:27.894+0000] {processor.py:914} INFO - Processing file /opt/airflow/dags/dag.py for tasks to queue
[2026-04-10T21:40:27.898+0000] {logging_mixin.py:190} INFO - [2026-04-10T21:40:27.898+0000] {dagbag.py:588} INFO - Filling up the DagBag from /opt/airflow/dags/dag.py
[2026-04-10T21:40:27.913+0000] {processor.py:925} INFO - DAG(s) 'matrix_minio' retrieved from /opt/airflow/dags/dag.py
[2026-04-10T21:40:27.962+0000] {logging_mixin.py:190} INFO - [2026-04-10T21:40:27.962+0000] {dag.py:3239} INFO - Sync 1 DAGs
[2026-04-10T21:40:27.992+0000] {logging_mixin.py:190} INFO - [2026-04-10T21:40:27.992+0000] {dag.py:4180} INFO - Setting next_dagrun for matrix_minio to None, run_after=None
[2026-04-10T21:40:28.036+0000] {processor.py:208} INFO - Processing /opt/airflow/dags/dag.py took 0.153 seconds
[2026-04-10T21:40:58.343+0000] {processor.py:186} INFO - Started process (PID=26859) to work on /opt/airflow/dags/dag.py
[2026-04-10T21:40:58.344+0000] {processor.py:914} INFO - Processing file /opt/airflow/dags/dag.py for tasks to queue
[2026-04-10T21:40:58.348+0000] {logging_mixin.py:190} INFO - [2026-04-10T21:40:58.347+0000] {dagbag.py:588} INFO - Filling up the DagBag from /opt/airflow/dags/dag.py
[2026-04-10T21:40:58.363+0000] {processor.py:925} INFO - DAG(s) 'matrix_minio' retrieved from /opt/airflow/dags/dag.py
[2026-04-10T21:40:58.413+0000] {logging_mixin.py:190} INFO - [2026-04-10T21:40:58.412+0000] {dag.py:3239} INFO - Sync 1 DAGs
[2026-04-10T21:40:58.443+0000] {logging_mixin.py:190} INFO - [2026-04-10T21:40:58.442+0000] {dag.py:4180} INFO - Setting next_dagrun for matrix_minio to None, run_after=None
[2026-04-10T21:40:58.480+0000] {processor.py:208} INFO - Processing /opt/airflow/dags/dag.py took 0.147 seconds
[2026-04-10T21:41:28.825+0000] {processor.py:186} INFO - Started process (PID=26930) to work on /opt/airflow/dags/dag.py
[2026-04-10T21:41:28.827+0000] {processor.py:914} INFO - Processing file /opt/airflow/dags/dag.py for tasks to queue
[2026-04-10T21:41:28.830+0000] {logging_mixin.py:190} INFO - [2026-04-10T21:41:28.829+0000] {dagbag.py:588} INFO - Filling up the DagBag from /opt/airflow/dags/dag.py
[2026-04-10T21:41:28.843+0000] {processor.py:925} INFO - DAG(s) 'matrix_minio' retrieved from /opt/airflow/dags/dag.py
[2026-04-10T21:41:28.887+0000] {logging_mixin.py:190} INFO - [2026-04-10T21:41:28.887+0000] {dag.py:3239} INFO - Sync 1 DAGs
[2026-04-10T21:41:28.913+0000] {logging_mixin.py:190} INFO - [2026-04-10T21:41:28.912+0000] {dag.py:4180} INFO - Setting next_dagrun for matrix_minio to None, run_after=None
[2026-04-10T21:41:28.945+0000] {processor.py:208} INFO - Processing /opt/airflow/dags/dag.py took 0.129 seconds
[2026-04-10T21:41:59.270+0000] {processor.py:186} INFO - Started process (PID=27001) to work on /opt/airflow/dags/dag.py
[2026-04-10T21:41:59.272+0000] {processor.py:914} INFO - Processing file /opt/airflow/dags/dag.py for tasks to queue
[2026-04-10T21:41:59.276+0000] {logging_mixin.py:190} INFO - [2026-04-10T21:41:59.275+0000] {dagbag.py:588} INFO - Filling up the DagBag from /opt/airflow/dags/dag.py
[2026-04-10T21:41:59.295+0000] {processor.py:925} INFO - DAG(s) 'matrix_minio' retrieved from /opt/airflow/dags/dag.py
[2026-04-10T21:41:59.340+0000] {logging_mixin.py:190} INFO - [2026-04-10T21:41:59.340+0000] {dag.py:3239} INFO - Sync 1 DAGs
[2026-04-10T21:41:59.364+0000] {logging_mixin.py:190} INFO - [2026-04-10T21:41:59.364+0000] {dag.py:4180} INFO - Setting next_dagrun for matrix_minio to None, run_after=None
[2026-04-10T21:41:59.406+0000] {processor.py:208} INFO - Processing /opt/airflow/dags/dag.py took 0.147 seconds
[2026-04-10T21:42:29.682+0000] {processor.py:186} INFO - Started process (PID=27072) to work on /opt/airflow/dags/dag.py
[2026-04-10T21:42:29.683+0000] {processor.py:914} INFO - Processing file /opt/airflow/dags/dag.py for tasks to queue
[2026-04-10T21:42:29.686+0000] {logging_mixin.py:190} INFO - [2026-04-10T21:42:29.686+0000] {dagbag.py:588} INFO - Filling up the DagBag from /opt/airflow/dags/dag.py
[2026-04-10T21:42:29.700+0000] {processor.py:925} INFO - DAG(s) 'matrix_minio' retrieved from /opt/airflow/dags/dag.py
[2026-04-10T21:42:29.745+0000] {logging_mixin.py:190} INFO - [2026-04-10T21:42:29.744+0000] {dag.py:3239} INFO - Sync 1 DAGs
[2026-04-10T21:42:29.770+0000] {logging_mixin.py:190} INFO - [2026-04-10T21:42:29.770+0000] {dag.py:4180} INFO - Setting next_dagrun for matrix_minio to None, run_after=None
[2026-04-10T21:42:29.804+0000] {processor.py:208} INFO - Processing /opt/airflow/dags/dag.py took 0.133 seconds
[2026-04-10T21:43:00.119+0000] {processor.py:186} INFO - Started process (PID=27143) to work on /opt/airflow/dags/dag.py
[2026-04-10T21:43:00.121+0000] {processor.py:914} INFO - Processing file /opt/airflow/dags/dag.py for tasks to queue
[2026-04-10T21:43:00.124+0000] {logging_mixin.py:190} INFO - [2026-04-10T21:43:00.123+0000] {dagbag.py:588} INFO - Filling up the DagBag from /opt/airflow/dags/dag.py
[2026-04-10T21:43:00.138+0000] {processor.py:925} INFO - DAG(s) 'matrix_minio' retrieved from /opt/airflow/dags/dag.py
[2026-04-10T21:43:00.179+0000] {logging_mixin.py:190} INFO - [2026-04-10T21:43:00.178+0000] {dag.py:3239} INFO - Sync 1 DAGs
[2026-04-10T21:43:00.207+0000] {logging_mixin.py:190} INFO - [2026-04-10T21:43:00.206+0000] {dag.py:4180} INFO - Setting next_dagrun for matrix_minio to None, run_after=None
[2026-04-10T21:43:00.240+0000] {processor.py:208} INFO - Processing /opt/airflow/dags/dag.py took 0.131 seconds
[2026-04-10T21:43:30.538+0000] {processor.py:186} INFO - Started process (PID=27214) to work on /opt/airflow/dags/dag.py
[2026-04-10T21:43:30.539+0000] {processor.py:914} INFO - Processing file /opt/airflow/dags/dag.py for tasks to queue
[2026-04-10T21:43:30.543+0000] {logging_mixin.py:190} INFO - [2026-04-10T21:43:30.542+0000] {dagbag.py:588} INFO - Filling up the DagBag from /opt/airflow/dags/dag.py
[2026-04-10T21:43:30.559+0000] {processor.py:925} INFO - DAG(s) 'matrix_minio' retrieved from /opt/airflow/dags/dag.py
[2026-04-10T21:43:30.612+0000] {logging_mixin.py:190} INFO - [2026-04-10T21:43:30.611+0000] {dag.py:3239} INFO - Sync 1 DAGs
[2026-04-10T21:43:30.643+0000] {logging_mixin.py:190} INFO - [2026-04-10T21:43:30.642+0000] {dag.py:4180} INFO - Setting next_dagrun for matrix_minio to None, run_after=None
[2026-04-10T21:43:30.686+0000] {processor.py:208} INFO - Processing /opt/airflow/dags/dag.py took 0.158 seconds
[2026-04-10T21:44:00.967+0000] {processor.py:186} INFO - Started process (PID=27285) to work on /opt/airflow/dags/dag.py
[2026-04-10T21:44:00.968+0000] {processor.py:914} INFO - Processing file /opt/airflow/dags/dag.py for tasks to queue
[2026-04-10T21:44:00.973+0000] {logging_mixin.py:190} INFO - [2026-04-10T21:44:00.972+0000] {dagbag.py:588} INFO - Filling up the DagBag from /opt/airflow/dags/dag.py
[2026-04-10T21:44:00.990+0000] {processor.py:925} INFO - DAG(s) 'matrix_minio' retrieved from /opt/airflow/dags/dag.py
[2026-04-10T21:44:01.032+0000] {logging_mixin.py:190} INFO - [2026-04-10T21:44:01.032+0000] {dag.py:3239} INFO - Sync 1 DAGs
[2026-04-10T21:44:01.060+0000] {logging_mixin.py:190} INFO - [2026-04-10T21:44:01.059+0000] {dag.py:4180} INFO - Setting next_dagrun for matrix_minio to None, run_after=None
[2026-04-10T21:44:01.103+0000] {processor.py:208} INFO - Processing /opt/airflow/dags/dag.py took 0.149 seconds
[2026-04-10T21:44:31.434+0000] {processor.py:186} INFO - Started process (PID=27356) to work on /opt/airflow/dags/dag.py
[2026-04-10T21:44:31.436+0000] {processor.py:914} INFO - Processing file /opt/airflow/dags/dag.py for tasks to queue
[2026-04-10T21:44:31.439+0000] {logging_mixin.py:190} INFO - [2026-04-10T21:44:31.438+0000] {dagbag.py:588} INFO - Filling up the DagBag from /opt/airflow/dags/dag.py
[2026-04-10T21:44:31.454+0000] {processor.py:925} INFO - DAG(s) 'matrix_minio' retrieved from /opt/airflow/dags/dag.py
[2026-04-10T21:44:31.498+0000] {logging_mixin.py:190} INFO - [2026-04-10T21:44:31.497+0000] {dag.py:3239} INFO - Sync 1 DAGs
[2026-04-10T21:44:31.525+0000] {logging_mixin.py:190} INFO - [2026-04-10T21:44:31.524+0000] {dag.py:4180} INFO - Setting next_dagrun for matrix_minio to None, run_after=None
[2026-04-10T21:44:31.559+0000] {processor.py:208} INFO - Processing /opt/airflow/dags/dag.py took 0.138 seconds
[2026-04-10T21:45:01.810+0000] {processor.py:186} INFO - Started process (PID=27427) to work on /opt/airflow/dags/dag.py
[2026-04-10T21:45:01.811+0000] {processor.py:914} INFO - Processing file /opt/airflow/dags/dag.py for tasks to queue
[2026-04-10T21:45:01.815+0000] {logging_mixin.py:190} INFO - [2026-04-10T21:45:01.814+0000] {dagbag.py:588} INFO - Filling up the DagBag from /opt/airflow/dags/dag.py
[2026-04-10T21:45:01.829+0000] {processor.py:925} INFO - DAG(s) 'matrix_minio' retrieved from /opt/airflow/dags/dag.py
[2026-04-10T21:45:01.874+0000] {logging_mixin.py:190} INFO - [2026-04-10T21:45:01.874+0000] {dag.py:3239} INFO - Sync 1 DAGs
[2026-04-10T21:45:01.900+0000] {logging_mixin.py:190} INFO - [2026-04-10T21:45:01.900+0000] {dag.py:4180} INFO - Setting next_dagrun for matrix_minio to None, run_after=None
[2026-04-10T21:45:01.932+0000] {processor.py:208} INFO - Processing /opt/airflow/dags/dag.py took 0.135 seconds
[2026-04-10T21:45:32.185+0000] {processor.py:186} INFO - Started process (PID=27498) to work on /opt/airflow/dags/dag.py
[2026-04-10T21:45:32.186+0000] {processor.py:914} INFO - Processing file /opt/airflow/dags/dag.py for tasks to queue
[2026-04-10T21:45:32.189+0000] {logging_mixin.py:190} INFO - [2026-04-10T21:45:32.188+0000] {dagbag.py:588} INFO - Filling up the DagBag from /opt/airflow/dags/dag.py
[2026-04-10T21:45:32.202+0000] {processor.py:925} INFO - DAG(s) 'matrix_minio' retrieved from /opt/airflow/dags/dag.py
[2026-04-10T21:45:32.242+0000] {logging_mixin.py:190} INFO - [2026-04-10T21:45:32.241+0000] {dag.py:3239} INFO - Sync 1 DAGs
[2026-04-10T21:45:32.267+0000] {logging_mixin.py:190} INFO - [2026-04-10T21:45:32.267+0000] {dag.py:4180} INFO - Setting next_dagrun for matrix_minio to None, run_after=None
[2026-04-10T21:45:32.302+0000] {processor.py:208} INFO - Processing /opt/airflow/dags/dag.py took 0.126 seconds
[2026-04-10T21:46:02.605+0000] {processor.py:186} INFO - Started process (PID=27569) to work on /opt/airflow/dags/dag.py
[2026-04-10T21:46:02.606+0000] {processor.py:914} INFO - Processing file /opt/airflow/dags/dag.py for tasks to queue
[2026-04-10T21:46:02.610+0000] {logging_mixin.py:190} INFO - [2026-04-10T21:46:02.610+0000] {dagbag.py:588} INFO - Filling up the DagBag from /opt/airflow/dags/dag.py
[2026-04-10T21:46:02.625+0000] {processor.py:925} INFO - DAG(s) 'matrix_minio' retrieved from /opt/airflow/dags/dag.py
[2026-04-10T21:46:02.667+0000] {logging_mixin.py:190} INFO - [2026-04-10T21:46:02.667+0000] {dag.py:3239} INFO - Sync 1 DAGs
[2026-04-10T21:46:02.693+0000] {logging_mixin.py:190} INFO - [2026-04-10T21:46:02.693+0000] {dag.py:4180} INFO - Setting next_dagrun for matrix_minio to None, run_after=None
[2026-04-10T21:46:02.724+0000] {processor.py:208} INFO - Processing /opt/airflow/dags/dag.py took 0.134 seconds
[2026-04-10T21:46:33.095+0000] {processor.py:186} INFO - Started process (PID=27640) to work on /opt/airflow/dags/dag.py
[2026-04-10T21:46:33.096+0000] {processor.py:914} INFO - Processing file /opt/airflow/dags/dag.py for tasks to queue
[2026-04-10T21:46:33.100+0000] {logging_mixin.py:190} INFO - [2026-04-10T21:46:33.099+0000] {dagbag.py:588} INFO - Filling up the DagBag from /opt/airflow/dags/dag.py
[2026-04-10T21:46:33.113+0000] {processor.py:925} INFO - DAG(s) 'matrix_minio' retrieved from /opt/airflow/dags/dag.py
[2026-04-10T21:46:33.158+0000] {logging_mixin.py:190} INFO - [2026-04-10T21:46:33.158+0000] {dag.py:3239} INFO - Sync 1 DAGs
[2026-04-10T21:46:33.189+0000] {logging_mixin.py:190} INFO - [2026-04-10T21:46:33.189+0000] {dag.py:4180} INFO - Setting next_dagrun for matrix_minio to None, run_after=None
[2026-04-10T21:46:33.232+0000] {processor.py:208} INFO - Processing /opt/airflow/dags/dag.py took 0.148 seconds
[2026-04-10T21:47:03.538+0000] {processor.py:186} INFO - Started process (PID=27711) to work on /opt/airflow/dags/dag.py
[2026-04-10T21:47:03.540+0000] {processor.py:914} INFO - Processing file /opt/airflow/dags/dag.py for tasks to queue
[2026-04-10T21:47:03.543+0000] {logging_mixin.py:190} INFO - [2026-04-10T21:47:03.543+0000] {dagbag.py:588} INFO - Filling up the DagBag from /opt/airflow/dags/dag.py
[2026-04-10T21:47:03.559+0000] {processor.py:925} INFO - DAG(s) 'matrix_minio' retrieved from /opt/airflow/dags/dag.py
[2026-04-10T21:47:03.604+0000] {logging_mixin.py:190} INFO - [2026-04-10T21:47:03.603+0000] {dag.py:3239} INFO - Sync 1 DAGs
[2026-04-10T21:47:03.632+0000] {logging_mixin.py:190} INFO - [2026-04-10T21:47:03.632+0000] {dag.py:4180} INFO - Setting next_dagrun for matrix_minio to None, run_after=None
[2026-04-10T21:47:03.674+0000] {processor.py:208} INFO - Processing /opt/airflow/dags/dag.py took 0.146 seconds
[2026-04-10T21:47:33.894+0000] {processor.py:186} INFO - Started process (PID=27782) to work on /opt/airflow/dags/dag.py
[2026-04-10T21:47:33.896+0000] {processor.py:914} INFO - Processing file /opt/airflow/dags/dag.py for tasks to queue
[2026-04-10T21:47:33.900+0000] {logging_mixin.py:190} INFO - [2026-04-10T21:47:33.899+0000] {dagbag.py:588} INFO - Filling up the DagBag from /opt/airflow/dags/dag.py
[2026-04-10T21:47:33.913+0000] {processor.py:925} INFO - DAG(s) 'matrix_minio' retrieved from /opt/airflow/dags/dag.py
[2026-04-10T21:47:33.959+0000] {logging_mixin.py:190} INFO - [2026-04-10T21:47:33.958+0000] {dag.py:3239} INFO - Sync 1 DAGs
[2026-04-10T21:47:33.986+0000] {logging_mixin.py:190} INFO - [2026-04-10T21:47:33.986+0000] {dag.py:4180} INFO - Setting next_dagrun for matrix_minio to None, run_after=None
[2026-04-10T21:47:34.026+0000] {processor.py:208} INFO - Processing /opt/airflow/dags/dag.py took 0.143 seconds
[2026-04-10T21:48:04.316+0000] {processor.py:186} INFO - Started process (PID=27853) to work on /opt/airflow/dags/dag.py
[2026-04-10T21:48:04.318+0000] {processor.py:914} INFO - Processing file /opt/airflow/dags/dag.py for tasks to queue
[2026-04-10T21:48:04.321+0000] {logging_mixin.py:190} INFO - [2026-04-10T21:48:04.321+0000] {dagbag.py:588} INFO - Filling up the DagBag from /opt/airflow/dags/dag.py
[2026-04-10T21:48:04.338+0000] {processor.py:925} INFO - DAG(s) 'matrix_minio' retrieved from /opt/airflow/dags/dag.py
[2026-04-10T21:48:04.382+0000] {logging_mixin.py:190} INFO - [2026-04-10T21:48:04.382+0000] {dag.py:3239} INFO - Sync 1 DAGs
[2026-04-10T21:48:04.411+0000] {logging_mixin.py:190} INFO - [2026-04-10T21:48:04.411+0000] {dag.py:4180} INFO - Setting next_dagrun for matrix_minio to None, run_after=None
[2026-04-10T21:48:04.452+0000] {processor.py:208} INFO - Processing /opt/airflow/dags/dag.py took 0.146 seconds
[2026-04-10T21:48:34.751+0000] {processor.py:186} INFO - Started process (PID=27924) to work on /opt/airflow/dags/dag.py
[2026-04-10T21:48:34.753+0000] {processor.py:914} INFO - Processing file /opt/airflow/dags/dag.py for tasks to queue
[2026-04-10T21:48:34.756+0000] {logging_mixin.py:190} INFO - [2026-04-10T21:48:34.755+0000] {dagbag.py:588} INFO - Filling up the DagBag from /opt/airflow/dags/dag.py
[2026-04-10T21:48:34.768+0000] {processor.py:925} INFO - DAG(s) 'matrix_minio' retrieved from /opt/airflow/dags/dag.py
[2026-04-10T21:48:34.810+0000] {logging_mixin.py:190} INFO - [2026-04-10T21:48:34.809+0000] {dag.py:3239} INFO - Sync 1 DAGs
[2026-04-10T21:48:34.836+0000] {logging_mixin.py:190} INFO - [2026-04-10T21:48:34.835+0000] {dag.py:4180} INFO - Setting next_dagrun for matrix_minio to None, run_after=None
[2026-04-10T21:48:34.874+0000] {processor.py:208} INFO - Processing /opt/airflow/dags/dag.py took 0.134 seconds
[2026-04-10T21:49:05.198+0000] {processor.py:186} INFO - Started process (PID=27996) to work on /opt/airflow/dags/dag.py
[2026-04-10T21:49:05.200+0000] {processor.py:914} INFO - Processing file /opt/airflow/dags/dag.py for tasks to queue
[2026-04-10T21:49:05.204+0000] {logging_mixin.py:190} INFO - [2026-04-10T21:49:05.204+0000] {dagbag.py:588} INFO - Filling up the DagBag from /opt/airflow/dags/dag.py
[2026-04-10T21:49:05.220+0000] {processor.py:925} INFO - DAG(s) 'matrix_minio' retrieved from /opt/airflow/dags/dag.py
[2026-04-10T21:49:05.264+0000] {logging_mixin.py:190} INFO - [2026-04-10T21:49:05.264+0000] {dag.py:3239} INFO - Sync 1 DAGs
[2026-04-10T21:49:05.294+0000] {logging_mixin.py:190} INFO - [2026-04-10T21:49:05.293+0000] {dag.py:4180} INFO - Setting next_dagrun for matrix_minio to None, run_after=None
[2026-04-10T21:49:05.337+0000] {processor.py:208} INFO - Processing /opt/airflow/dags/dag.py took 0.149 seconds
[2026-04-10T21:49:35.659+0000] {processor.py:186} INFO - Started process (PID=28067) to work on /opt/airflow/dags/dag.py
[2026-04-10T21:49:35.661+0000] {processor.py:914} INFO - Processing file /opt/airflow/dags/dag.py for tasks to queue
[2026-04-10T21:49:35.664+0000] {logging_mixin.py:190} INFO - [2026-04-10T21:49:35.663+0000] {dagbag.py:588} INFO - Filling up the DagBag from /opt/airflow/dags/dag.py
[2026-04-10T21:49:35.677+0000] {processor.py:925} INFO - DAG(s) 'matrix_minio' retrieved from /opt/airflow/dags/dag.py
[2026-04-10T21:49:35.726+0000] {logging_mixin.py:190} INFO - [2026-04-10T21:49:35.726+0000] {dag.py:3239} INFO - Sync 1 DAGs
[2026-04-10T21:49:35.751+0000] {logging_mixin.py:190} INFO - [2026-04-10T21:49:35.751+0000] {dag.py:4180} INFO - Setting next_dagrun for matrix_minio to None, run_after=None
[2026-04-10T21:49:35.796+0000] {processor.py:208} INFO - Processing /opt/airflow/dags/dag.py took 0.149 seconds
[2026-04-10T21:50:06.102+0000] {processor.py:186} INFO - Started process (PID=28138) to work on /opt/airflow/dags/dag.py
[2026-04-10T21:50:06.104+0000] {processor.py:914} INFO - Processing file /opt/airflow/dags/dag.py for tasks to queue
[2026-04-10T21:50:06.107+0000] {logging_mixin.py:190} INFO - [2026-04-10T21:50:06.106+0000] {dagbag.py:588} INFO - Filling up the DagBag from /opt/airflow/dags/dag.py
[2026-04-10T21:50:06.120+0000] {processor.py:925} INFO - DAG(s) 'matrix_minio' retrieved from /opt/airflow/dags/dag.py
[2026-04-10T21:50:06.165+0000] {logging_mixin.py:190} INFO - [2026-04-10T21:50:06.165+0000] {dag.py:3239} INFO - Sync 1 DAGs
[2026-04-10T21:50:06.193+0000] {logging_mixin.py:190} INFO - [2026-04-10T21:50:06.193+0000] {dag.py:4180} INFO - Setting next_dagrun for matrix_minio to None, run_after=None
[2026-04-10T21:50:06.235+0000] {processor.py:208} INFO - Processing /opt/airflow/dags/dag.py took 0.143 seconds
[2026-04-10T21:50:36.584+0000] {processor.py:186} INFO - Started process (PID=28209) to work on /opt/airflow/dags/dag.py
[2026-04-10T21:50:36.586+0000] {processor.py:914} INFO - Processing file /opt/airflow/dags/dag.py for tasks to queue
[2026-04-10T21:50:36.590+0000] {logging_mixin.py:190} INFO - [2026-04-10T21:50:36.589+0000] {dagbag.py:588} INFO - Filling up the DagBag from /opt/airflow/dags/dag.py
[2026-04-10T21:50:36.604+0000] {processor.py:925} INFO - DAG(s) 'matrix_minio' retrieved from /opt/airflow/dags/dag.py
[2026-04-10T21:50:36.647+0000] {logging_mixin.py:190} INFO - [2026-04-10T21:50:36.647+0000] {dag.py:3239} INFO - Sync 1 DAGs
[2026-04-10T21:50:36.672+0000] {logging_mixin.py:190} INFO - [2026-04-10T21:50:36.672+0000] {dag.py:4180} INFO - Setting next_dagrun for matrix_minio to None, run_after=None
[2026-04-10T21:50:36.709+0000] {processor.py:208} INFO - Processing /opt/airflow/dags/dag.py took 0.135 seconds
[2026-04-10T21:51:06.998+0000] {processor.py:186} INFO - Started process (PID=28280) to work on /opt/airflow/dags/dag.py
[2026-04-10T21:51:07.000+0000] {processor.py:914} INFO - Processing file /opt/airflow/dags/dag.py for tasks to queue
[2026-04-10T21:51:07.003+0000] {logging_mixin.py:190} INFO - [2026-04-10T21:51:07.003+0000] {dagbag.py:588} INFO - Filling up the DagBag from /opt/airflow/dags/dag.py
[2026-04-10T21:51:07.018+0000] {processor.py:925} INFO - DAG(s) 'matrix_minio' retrieved from /opt/airflow/dags/dag.py
[2026-04-10T21:51:07.061+0000] {logging_mixin.py:190} INFO - [2026-04-10T21:51:07.060+0000] {dag.py:3239} INFO - Sync 1 DAGs
[2026-04-10T21:51:07.092+0000] {logging_mixin.py:190} INFO - [2026-04-10T21:51:07.092+0000] {dag.py:4180} INFO - Setting next_dagrun for matrix_minio to None, run_after=None
[2026-04-10T21:51:07.136+0000] {processor.py:208} INFO - Processing /opt/airflow/dags/dag.py took 0.147 seconds
[2026-04-10T21:51:37.449+0000] {processor.py:186} INFO - Started process (PID=28351) to work on /opt/airflow/dags/dag.py
[2026-04-10T21:51:37.450+0000] {processor.py:914} INFO - Processing file /opt/airflow/dags/dag.py for tasks to queue
[2026-04-10T21:51:37.454+0000] {logging_mixin.py:190} INFO - [2026-04-10T21:51:37.453+0000] {dagbag.py:588} INFO - Filling up the DagBag from /opt/airflow/dags/dag.py
[2026-04-10T21:51:37.467+0000] {processor.py:925} INFO - DAG(s) 'matrix_minio' retrieved from /opt/airflow/dags/dag.py
[2026-04-10T21:51:37.510+0000] {logging_mixin.py:190} INFO - [2026-04-10T21:51:37.510+0000] {dag.py:3239} INFO - Sync 1 DAGs
[2026-04-10T21:51:37.540+0000] {logging_mixin.py:190} INFO - [2026-04-10T21:51:37.540+0000] {dag.py:4180} INFO - Setting next_dagrun for matrix_minio to None, run_after=None
[2026-04-10T21:51:37.576+0000] {processor.py:208} INFO - Processing /opt/airflow/dags/dag.py took 0.137 seconds
[2026-04-10T21:52:07.825+0000] {processor.py:186} INFO - Started process (PID=28422) to work on /opt/airflow/dags/dag.py
[2026-04-10T21:52:07.826+0000] {processor.py:914} INFO - Processing file /opt/airflow/dags/dag.py for tasks to queue
[2026-04-10T21:52:07.829+0000] {logging_mixin.py:190} INFO - [2026-04-10T21:52:07.829+0000] {dagbag.py:588} INFO - Filling up the DagBag from /opt/airflow/dags/dag.py
[2026-04-10T21:52:07.845+0000] {processor.py:925} INFO - DAG(s) 'matrix_minio' retrieved from /opt/airflow/dags/dag.py
[2026-04-10T21:52:07.897+0000] {logging_mixin.py:190} INFO - [2026-04-10T21:52:07.896+0000] {dag.py:3239} INFO - Sync 1 DAGs
[2026-04-10T21:52:07.925+0000] {logging_mixin.py:190} INFO - [2026-04-10T21:52:07.924+0000] {dag.py:4180} INFO - Setting next_dagrun for matrix_minio to None, run_after=None
[2026-04-10T21:52:07.957+0000] {processor.py:208} INFO - Processing /opt/airflow/dags/dag.py took 0.144 seconds
[2026-04-10T21:52:38.311+0000] {processor.py:186} INFO - Started process (PID=28493) to work on /opt/airflow/dags/dag.py
[2026-04-10T21:52:38.312+0000] {processor.py:914} INFO - Processing file /opt/airflow/dags/dag.py for tasks to queue
[2026-04-10T21:52:38.317+0000] {logging_mixin.py:190} INFO - [2026-04-10T21:52:38.316+0000] {dagbag.py:588} INFO - Filling up the DagBag from /opt/airflow/dags/dag.py
[2026-04-10T21:52:38.332+0000] {processor.py:925} INFO - DAG(s) 'matrix_minio' retrieved from /opt/airflow/dags/dag.py
[2026-04-10T21:52:38.389+0000] {logging_mixin.py:190} INFO - [2026-04-10T21:52:38.388+0000] {dag.py:3239} INFO - Sync 1 DAGs
[2026-04-10T21:52:38.418+0000] {logging_mixin.py:190} INFO - [2026-04-10T21:52:38.417+0000] {dag.py:4180} INFO - Setting next_dagrun for matrix_minio to None, run_after=None
[2026-04-10T21:52:38.452+0000] {processor.py:208} INFO - Processing /opt/airflow/dags/dag.py took 0.155 seconds
[2026-04-10T21:53:08.698+0000] {processor.py:186} INFO - Started process (PID=28564) to work on /opt/airflow/dags/dag.py
[2026-04-10T21:53:08.700+0000] {processor.py:914} INFO - Processing file /opt/airflow/dags/dag.py for tasks to queue
[2026-04-10T21:53:08.703+0000] {logging_mixin.py:190} INFO - [2026-04-10T21:53:08.703+0000] {dagbag.py:588} INFO - Filling up the DagBag from /opt/airflow/dags/dag.py
[2026-04-10T21:53:08.718+0000] {processor.py:925} INFO - DAG(s) 'matrix_minio' retrieved from /opt/airflow/dags/dag.py
[2026-04-10T21:53:08.766+0000] {logging_mixin.py:190} INFO - [2026-04-10T21:53:08.766+0000] {dag.py:3239} INFO - Sync 1 DAGs
[2026-04-10T21:53:08.797+0000] {logging_mixin.py:190} INFO - [2026-04-10T21:53:08.797+0000] {dag.py:4180} INFO - Setting next_dagrun for matrix_minio to None, run_after=None
[2026-04-10T21:53:08.832+0000] {processor.py:208} INFO - Processing /opt/airflow/dags/dag.py took 0.145 seconds
[2026-04-10T21:53:39.167+0000] {processor.py:186} INFO - Started process (PID=28635) to work on /opt/airflow/dags/dag.py
[2026-04-10T21:53:39.169+0000] {processor.py:914} INFO - Processing file /opt/airflow/dags/dag.py for tasks to queue
[2026-04-10T21:53:39.173+0000] {logging_mixin.py:190} INFO - [2026-04-10T21:53:39.172+0000] {dagbag.py:588} INFO - Filling up the DagBag from /opt/airflow/dags/dag.py
[2026-04-10T21:53:39.189+0000] {processor.py:925} INFO - DAG(s) 'matrix_minio' retrieved from /opt/airflow/dags/dag.py
[2026-04-10T21:53:39.235+0000] {logging_mixin.py:190} INFO - [2026-04-10T21:53:39.234+0000] {dag.py:3239} INFO - Sync 1 DAGs
[2026-04-10T21:53:39.266+0000] {logging_mixin.py:190} INFO - [2026-04-10T21:53:39.266+0000] {dag.py:4180} INFO - Setting next_dagrun for matrix_minio to None, run_after=None
[2026-04-10T21:53:39.312+0000] {processor.py:208} INFO - Processing /opt/airflow/dags/dag.py took 0.156 seconds
[2026-04-10T21:54:09.574+0000] {processor.py:186} INFO - Started process (PID=28706) to work on /opt/airflow/dags/dag.py
[2026-04-10T21:54:09.575+0000] {processor.py:914} INFO - Processing file /opt/airflow/dags/dag.py for tasks to queue
[2026-04-10T21:54:09.578+0000] {logging_mixin.py:190} INFO - [2026-04-10T21:54:09.578+0000] {dagbag.py:588} INFO - Filling up the DagBag from /opt/airflow/dags/dag.py
[2026-04-10T21:54:09.594+0000] {processor.py:925} INFO - DAG(s) 'matrix_minio' retrieved from /opt/airflow/dags/dag.py
[2026-04-10T21:54:09.638+0000] {logging_mixin.py:190} INFO - [2026-04-10T21:54:09.637+0000] {dag.py:3239} INFO - Sync 1 DAGs
[2026-04-10T21:54:09.664+0000] {logging_mixin.py:190} INFO - [2026-04-10T21:54:09.663+0000] {dag.py:4180} INFO - Setting next_dagrun for matrix_minio to None, run_after=None
[2026-04-10T21:54:09.696+0000] {processor.py:208} INFO - Processing /opt/airflow/dags/dag.py took 0.134 seconds
[2026-04-10T21:54:40.079+0000] {processor.py:186} INFO - Started process (PID=28777) to work on /opt/airflow/dags/dag.py
[2026-04-10T21:54:40.081+0000] {processor.py:914} INFO - Processing file /opt/airflow/dags/dag.py for tasks to queue
[2026-04-10T21:54:40.090+0000] {logging_mixin.py:190} INFO - [2026-04-10T21:54:40.088+0000] {dagbag.py:588} INFO - Filling up the DagBag from /opt/airflow/dags/dag.py
[2026-04-10T21:54:40.113+0000] {processor.py:925} INFO - DAG(s) 'matrix_minio' retrieved from /opt/airflow/dags/dag.py
[2026-04-10T21:54:40.164+0000] {logging_mixin.py:190} INFO - [2026-04-10T21:54:40.164+0000] {dag.py:3239} INFO - Sync 1 DAGs
[2026-04-10T21:54:40.192+0000] {logging_mixin.py:190} INFO - [2026-04-10T21:54:40.192+0000] {dag.py:4180} INFO - Setting next_dagrun for matrix_minio to None, run_after=None
[2026-04-10T21:54:40.231+0000] {processor.py:208} INFO - Processing /opt/airflow/dags/dag.py took 0.162 seconds
[2026-04-10T21:55:10.470+0000] {processor.py:186} INFO - Started process (PID=28848) to work on /opt/airflow/dags/dag.py
[2026-04-10T21:55:10.471+0000] {processor.py:914} INFO - Processing file /opt/airflow/dags/dag.py for tasks to queue
[2026-04-10T21:55:10.475+0000] {logging_mixin.py:190} INFO - [2026-04-10T21:55:10.475+0000] {dagbag.py:588} INFO - Filling up the DagBag from /opt/airflow/dags/dag.py
[2026-04-10T21:55:10.491+0000] {processor.py:925} INFO - DAG(s) 'matrix_minio' retrieved from /opt/airflow/dags/dag.py
[2026-04-10T21:55:10.540+0000] {logging_mixin.py:190} INFO - [2026-04-10T21:55:10.540+0000] {dag.py:3239} INFO - Sync 1 DAGs
[2026-04-10T21:55:10.571+0000] {logging_mixin.py:190} INFO - [2026-04-10T21:55:10.570+0000] {dag.py:4180} INFO - Setting next_dagrun for matrix_minio to None, run_after=None
[2026-04-10T21:55:10.618+0000] {processor.py:208} INFO - Processing /opt/airflow/dags/dag.py took 0.159 seconds
[2026-04-10T21:55:41.049+0000] {processor.py:186} INFO - Started process (PID=28919) to work on /opt/airflow/dags/dag.py
[2026-04-10T21:55:41.051+0000] {processor.py:914} INFO - Processing file /opt/airflow/dags/dag.py for tasks to queue
[2026-04-10T21:55:41.054+0000] {logging_mixin.py:190} INFO - [2026-04-10T21:55:41.053+0000] {dagbag.py:588} INFO - Filling up the DagBag from /opt/airflow/dags/dag.py
[2026-04-10T21:55:41.067+0000] {processor.py:925} INFO - DAG(s) 'matrix_minio' retrieved from /opt/airflow/dags/dag.py
[2026-04-10T21:55:41.113+0000] {logging_mixin.py:190} INFO - [2026-04-10T21:55:41.112+0000] {dag.py:3239} INFO - Sync 1 DAGs
[2026-04-10T21:55:41.141+0000] {logging_mixin.py:190} INFO - [2026-04-10T21:55:41.140+0000] {dag.py:4180} INFO - Setting next_dagrun for matrix_minio to None, run_after=None
[2026-04-10T21:55:41.189+0000] {processor.py:208} INFO - Processing /opt/airflow/dags/dag.py took 0.150 seconds
[2026-04-10T21:56:11.501+0000] {processor.py:186} INFO - Started process (PID=28990) to work on /opt/airflow/dags/dag.py
[2026-04-10T21:56:11.502+0000] {processor.py:914} INFO - Processing file /opt/airflow/dags/dag.py for tasks to queue
[2026-04-10T21:56:11.505+0000] {logging_mixin.py:190} INFO - [2026-04-10T21:56:11.505+0000] {dagbag.py:588} INFO - Filling up the DagBag from /opt/airflow/dags/dag.py
[2026-04-10T21:56:11.519+0000] {processor.py:925} INFO - DAG(s) 'matrix_minio' retrieved from /opt/airflow/dags/dag.py
[2026-04-10T21:56:11.563+0000] {logging_mixin.py:190} INFO - [2026-04-10T21:56:11.563+0000] {dag.py:3239} INFO - Sync 1 DAGs
[2026-04-10T21:56:11.596+0000] {logging_mixin.py:190} INFO - [2026-04-10T21:56:11.595+0000] {dag.py:4180} INFO - Setting next_dagrun for matrix_minio to None, run_after=None
[2026-04-10T21:56:11.638+0000] {processor.py:208} INFO - Processing /opt/airflow/dags/dag.py took 0.148 seconds
[2026-04-10T21:56:42.038+0000] {processor.py:186} INFO - Started process (PID=29061) to work on /opt/airflow/dags/dag.py
[2026-04-10T21:56:42.040+0000] {processor.py:914} INFO - Processing file /opt/airflow/dags/dag.py for tasks to queue
[2026-04-10T21:56:42.044+0000] {logging_mixin.py:190} INFO - [2026-04-10T21:56:42.043+0000] {dagbag.py:588} INFO - Filling up the DagBag from /opt/airflow/dags/dag.py
[2026-04-10T21:56:42.060+0000] {processor.py:925} INFO - DAG(s) 'matrix_minio' retrieved from /opt/airflow/dags/dag.py
[2026-04-10T21:56:42.112+0000] {logging_mixin.py:190} INFO - [2026-04-10T21:56:42.111+0000] {dag.py:3239} INFO - Sync 1 DAGs
[2026-04-10T21:56:42.140+0000] {logging_mixin.py:190} INFO - [2026-04-10T21:56:42.140+0000] {dag.py:4180} INFO - Setting next_dagrun for matrix_minio to None, run_after=None
[2026-04-10T21:56:42.177+0000] {processor.py:208} INFO - Processing /opt/airflow/dags/dag.py took 0.153 seconds
[2026-04-10T21:57:12.428+0000] {processor.py:186} INFO - Started process (PID=29132) to work on /opt/airflow/dags/dag.py
[2026-04-10T21:57:12.430+0000] {processor.py:914} INFO - Processing file /opt/airflow/dags/dag.py for tasks to queue
[2026-04-10T21:57:12.433+0000] {logging_mixin.py:190} INFO - [2026-04-10T21:57:12.433+0000] {dagbag.py:588} INFO - Filling up the DagBag from /opt/airflow/dags/dag.py
[2026-04-10T21:57:12.448+0000] {processor.py:925} INFO - DAG(s) 'matrix_minio' retrieved from /opt/airflow/dags/dag.py
[2026-04-10T21:57:12.492+0000] {logging_mixin.py:190} INFO - [2026-04-10T21:57:12.492+0000] {dag.py:3239} INFO - Sync 1 DAGs
[2026-04-10T21:57:12.519+0000] {logging_mixin.py:190} INFO - [2026-04-10T21:57:12.519+0000] {dag.py:4180} INFO - Setting next_dagrun for matrix_minio to None, run_after=None
[2026-04-10T21:57:12.555+0000] {processor.py:208} INFO - Processing /opt/airflow/dags/dag.py took 0.137 seconds
[2026-04-10T21:57:42.881+0000] {processor.py:186} INFO - Started process (PID=29203) to work on /opt/airflow/dags/dag.py
[2026-04-10T21:57:42.882+0000] {processor.py:914} INFO - Processing file /opt/airflow/dags/dag.py for tasks to queue
[2026-04-10T21:57:42.886+0000] {logging_mixin.py:190} INFO - [2026-04-10T21:57:42.885+0000] {dagbag.py:588} INFO - Filling up the DagBag from /opt/airflow/dags/dag.py
[2026-04-10T21:57:42.899+0000] {processor.py:925} INFO - DAG(s) 'matrix_minio' retrieved from /opt/airflow/dags/dag.py
[2026-04-10T21:57:42.945+0000] {logging_mixin.py:190} INFO - [2026-04-10T21:57:42.945+0000] {dag.py:3239} INFO - Sync 1 DAGs
[2026-04-10T21:57:42.970+0000] {logging_mixin.py:190} INFO - [2026-04-10T21:57:42.970+0000] {dag.py:4180} INFO - Setting next_dagrun for matrix_minio to None, run_after=None
[2026-04-10T21:57:43.015+0000] {processor.py:208} INFO - Processing /opt/airflow/dags/dag.py took 0.145 seconds
[2026-04-10T21:58:13.260+0000] {processor.py:186} INFO - Started process (PID=29274) to work on /opt/airflow/dags/dag.py
[2026-04-10T21:58:13.261+0000] {processor.py:914} INFO - Processing file /opt/airflow/dags/dag.py for tasks to queue
[2026-04-10T21:58:13.265+0000] {logging_mixin.py:190} INFO - [2026-04-10T21:58:13.264+0000] {dagbag.py:588} INFO - Filling up the DagBag from /opt/airflow/dags/dag.py
[2026-04-10T21:58:13.280+0000] {processor.py:925} INFO - DAG(s) 'matrix_minio' retrieved from /opt/airflow/dags/dag.py
[2026-04-10T21:58:13.326+0000] {logging_mixin.py:190} INFO - [2026-04-10T21:58:13.326+0000] {dag.py:3239} INFO - Sync 1 DAGs
[2026-04-10T21:58:13.352+0000] {logging_mixin.py:190} INFO - [2026-04-10T21:58:13.352+0000] {dag.py:4180} INFO - Setting next_dagrun for matrix_minio to None, run_after=None
[2026-04-10T21:58:13.386+0000] {processor.py:208} INFO - Processing /opt/airflow/dags/dag.py took 0.137 seconds
[2026-04-10T21:58:43.834+0000] {processor.py:186} INFO - Started process (PID=29345) to work on /opt/airflow/dags/dag.py
[2026-04-10T21:58:43.835+0000] {processor.py:914} INFO - Processing file /opt/airflow/dags/dag.py for tasks to queue
[2026-04-10T21:58:43.839+0000] {logging_mixin.py:190} INFO - [2026-04-10T21:58:43.838+0000] {dagbag.py:588} INFO - Filling up the DagBag from /opt/airflow/dags/dag.py
[2026-04-10T21:58:43.855+0000] {processor.py:925} INFO - DAG(s) 'matrix_minio' retrieved from /opt/airflow/dags/dag.py
[2026-04-10T21:58:43.904+0000] {logging_mixin.py:190} INFO - [2026-04-10T21:58:43.904+0000] {dag.py:3239} INFO - Sync 1 DAGs
[2026-04-10T21:58:43.937+0000] {logging_mixin.py:190} INFO - [2026-04-10T21:58:43.936+0000] {dag.py:4180} INFO - Setting next_dagrun for matrix_minio to None, run_after=None
[2026-04-10T21:58:43.987+0000] {processor.py:208} INFO - Processing /opt/airflow/dags/dag.py took 0.164 seconds
[2026-04-10T21:59:14.225+0000] {processor.py:186} INFO - Started process (PID=29416) to work on /opt/airflow/dags/dag.py
[2026-04-10T21:59:14.227+0000] {processor.py:914} INFO - Processing file /opt/airflow/dags/dag.py for tasks to queue
[2026-04-10T21:59:14.231+0000] {logging_mixin.py:190} INFO - [2026-04-10T21:59:14.230+0000] {dagbag.py:588} INFO - Filling up the DagBag from /opt/airflow/dags/dag.py
[2026-04-10T21:59:14.244+0000] {processor.py:925} INFO - DAG(s) 'matrix_minio' retrieved from /opt/airflow/dags/dag.py
[2026-04-10T21:59:14.292+0000] {logging_mixin.py:190} INFO - [2026-04-10T21:59:14.291+0000] {dag.py:3239} INFO - Sync 1 DAGs
[2026-04-10T21:59:14.320+0000] {logging_mixin.py:190} INFO - [2026-04-10T21:59:14.319+0000] {dag.py:4180} INFO - Setting next_dagrun for matrix_minio to None, run_after=None
[2026-04-10T21:59:14.356+0000] {processor.py:208} INFO - Processing /opt/airflow/dags/dag.py took 0.143 seconds
[2026-04-10T21:59:44.762+0000] {processor.py:186} INFO - Started process (PID=29487) to work on /opt/airflow/dags/dag.py
[2026-04-10T21:59:44.765+0000] {processor.py:914} INFO - Processing file /opt/airflow/dags/dag.py for tasks to queue
[2026-04-10T21:59:44.771+0000] {logging_mixin.py:190} INFO - [2026-04-10T21:59:44.770+0000] {dagbag.py:588} INFO - Filling up the DagBag from /opt/airflow/dags/dag.py
[2026-04-10T21:59:44.796+0000] {processor.py:925} INFO - DAG(s) 'matrix_minio' retrieved from /opt/airflow/dags/dag.py
[2026-04-10T21:59:44.869+0000] {logging_mixin.py:190} INFO - [2026-04-10T21:59:44.868+0000] {dag.py:3239} INFO - Sync 1 DAGs
[2026-04-10T21:59:44.900+0000] {logging_mixin.py:190} INFO - [2026-04-10T21:59:44.900+0000] {dag.py:4180} INFO - Setting next_dagrun for matrix_minio to None, run_after=None
[2026-04-10T21:59:44.950+0000] {processor.py:208} INFO - Processing /opt/airflow/dags/dag.py took 0.207 seconds
[2026-04-10T22:00:15.131+0000] {processor.py:186} INFO - Started process (PID=29558) to work on /opt/airflow/dags/dag.py
[2026-04-10T22:00:15.133+0000] {processor.py:914} INFO - Processing file /opt/airflow/dags/dag.py for tasks to queue
[2026-04-10T22:00:15.137+0000] {logging_mixin.py:190} INFO - [2026-04-10T22:00:15.137+0000] {dagbag.py:588} INFO - Filling up the DagBag from /opt/airflow/dags/dag.py
[2026-04-10T22:00:15.155+0000] {processor.py:925} INFO - DAG(s) 'matrix_minio' retrieved from /opt/airflow/dags/dag.py
[2026-04-10T22:00:15.207+0000] {logging_mixin.py:190} INFO - [2026-04-10T22:00:15.206+0000] {dag.py:3239} INFO - Sync 1 DAGs
[2026-04-10T22:00:15.237+0000] {logging_mixin.py:190} INFO - [2026-04-10T22:00:15.237+0000] {dag.py:4180} INFO - Setting next_dagrun for matrix_minio to None, run_after=None
[2026-04-10T22:00:15.282+0000] {processor.py:208} INFO - Processing /opt/airflow/dags/dag.py took 0.165 seconds
[2026-04-10T22:00:45.565+0000] {processor.py:186} INFO - Started process (PID=29629) to work on /opt/airflow/dags/dag.py
[2026-04-10T22:00:45.567+0000] {processor.py:914} INFO - Processing file /opt/airflow/dags/dag.py for tasks to queue
[2026-04-10T22:00:45.571+0000] {logging_mixin.py:190} INFO - [2026-04-10T22:00:45.570+0000] {dagbag.py:588} INFO - Filling up the DagBag from /opt/airflow/dags/dag.py
[2026-04-10T22:00:45.589+0000] {processor.py:925} INFO - DAG(s) 'matrix_minio' retrieved from /opt/airflow/dags/dag.py
[2026-04-10T22:00:45.643+0000] {logging_mixin.py:190} INFO - [2026-04-10T22:00:45.642+0000] {dag.py:3239} INFO - Sync 1 DAGs
[2026-04-10T22:00:45.673+0000] {logging_mixin.py:190} INFO - [2026-04-10T22:00:45.672+0000] {dag.py:4180} INFO - Setting next_dagrun for matrix_minio to None, run_after=None
[2026-04-10T22:00:45.715+0000] {processor.py:208} INFO - Processing /opt/airflow/dags/dag.py took 0.160 seconds
[2026-04-10T22:01:16.043+0000] {processor.py:186} INFO - Started process (PID=29700) to work on /opt/airflow/dags/dag.py
[2026-04-10T22:01:16.044+0000] {processor.py:914} INFO - Processing file /opt/airflow/dags/dag.py for tasks to queue
[2026-04-10T22:01:16.048+0000] {logging_mixin.py:190} INFO - [2026-04-10T22:01:16.048+0000] {dagbag.py:588} INFO - Filling up the DagBag from /opt/airflow/dags/dag.py
[2026-04-10T22:01:16.065+0000] {processor.py:925} INFO - DAG(s) 'matrix_minio' retrieved from /opt/airflow/dags/dag.py
[2026-04-10T22:01:16.107+0000] {logging_mixin.py:190} INFO - [2026-04-10T22:01:16.107+0000] {dag.py:3239} INFO - Sync 1 DAGs
[2026-04-10T22:01:16.134+0000] {logging_mixin.py:190} INFO - [2026-04-10T22:01:16.134+0000] {dag.py:4180} INFO - Setting next_dagrun for matrix_minio to None, run_after=None
[2026-04-10T22:01:16.178+0000] {processor.py:208} INFO - Processing /opt/airflow/dags/dag.py took 0.148 seconds
[2026-04-10T22:01:46.485+0000] {processor.py:186} INFO - Started process (PID=29771) to work on /opt/airflow/dags/dag.py
[2026-04-10T22:01:46.486+0000] {processor.py:914} INFO - Processing file /opt/airflow/dags/dag.py for tasks to queue
[2026-04-10T22:01:46.489+0000] {logging_mixin.py:190} INFO - [2026-04-10T22:01:46.489+0000] {dagbag.py:588} INFO - Filling up the DagBag from /opt/airflow/dags/dag.py
[2026-04-10T22:01:46.505+0000] {processor.py:925} INFO - DAG(s) 'matrix_minio' retrieved from /opt/airflow/dags/dag.py
[2026-04-10T22:01:46.552+0000] {logging_mixin.py:190} INFO - [2026-04-10T22:01:46.552+0000] {dag.py:3239} INFO - Sync 1 DAGs
[2026-04-10T22:01:46.581+0000] {logging_mixin.py:190} INFO - [2026-04-10T22:01:46.580+0000] {dag.py:4180} INFO - Setting next_dagrun for matrix_minio to None, run_after=None
[2026-04-10T22:01:46.632+0000] {processor.py:208} INFO - Processing /opt/airflow/dags/dag.py took 0.157 seconds
[2026-04-10T22:02:16.933+0000] {processor.py:186} INFO - Started process (PID=29842) to work on /opt/airflow/dags/dag.py
[2026-04-10T22:02:16.935+0000] {processor.py:914} INFO - Processing file /opt/airflow/dags/dag.py for tasks to queue
[2026-04-10T22:02:16.939+0000] {logging_mixin.py:190} INFO - [2026-04-10T22:02:16.938+0000] {dagbag.py:588} INFO - Filling up the DagBag from /opt/airflow/dags/dag.py
[2026-04-10T22:02:16.953+0000] {processor.py:925} INFO - DAG(s) 'matrix_minio' retrieved from /opt/airflow/dags/dag.py
[2026-04-10T22:02:16.999+0000] {logging_mixin.py:190} INFO - [2026-04-10T22:02:16.999+0000] {dag.py:3239} INFO - Sync 1 DAGs
[2026-04-10T22:02:17.030+0000] {logging_mixin.py:190} INFO - [2026-04-10T22:02:17.030+0000] {dag.py:4180} INFO - Setting next_dagrun for matrix_minio to None, run_after=None
[2026-04-10T22:02:17.076+0000] {processor.py:208} INFO - Processing /opt/airflow/dags/dag.py took 0.153 seconds
[2026-04-10T22:02:47.408+0000] {processor.py:186} INFO - Started process (PID=29913) to work on /opt/airflow/dags/dag.py
[2026-04-10T22:02:47.410+0000] {processor.py:914} INFO - Processing file /opt/airflow/dags/dag.py for tasks to queue
[2026-04-10T22:02:47.413+0000] {logging_mixin.py:190} INFO - [2026-04-10T22:02:47.413+0000] {dagbag.py:588} INFO - Filling up the DagBag from /opt/airflow/dags/dag.py
[2026-04-10T22:02:47.427+0000] {processor.py:925} INFO - DAG(s) 'matrix_minio' retrieved from /opt/airflow/dags/dag.py
[2026-04-10T22:02:47.474+0000] {logging_mixin.py:190} INFO - [2026-04-10T22:02:47.473+0000] {dag.py:3239} INFO - Sync 1 DAGs
[2026-04-10T22:02:47.504+0000] {logging_mixin.py:190} INFO - [2026-04-10T22:02:47.504+0000] {dag.py:4180} INFO - Setting next_dagrun for matrix_minio to None, run_after=None
[2026-04-10T22:02:47.546+0000] {processor.py:208} INFO - Processing /opt/airflow/dags/dag.py took 0.149 seconds
[2026-04-10T22:03:17.867+0000] {processor.py:186} INFO - Started process (PID=29984) to work on /opt/airflow/dags/dag.py
[2026-04-10T22:03:17.868+0000] {processor.py:914} INFO - Processing file /opt/airflow/dags/dag.py for tasks to queue
[2026-04-10T22:03:17.872+0000] {logging_mixin.py:190} INFO - [2026-04-10T22:03:17.871+0000] {dagbag.py:588} INFO - Filling up the DagBag from /opt/airflow/dags/dag.py
[2026-04-10T22:03:17.886+0000] {processor.py:925} INFO - DAG(s) 'matrix_minio' retrieved from /opt/airflow/dags/dag.py
[2026-04-10T22:03:17.935+0000] {logging_mixin.py:190} INFO - [2026-04-10T22:03:17.935+0000] {dag.py:3239} INFO - Sync 1 DAGs
[2026-04-10T22:03:17.965+0000] {logging_mixin.py:190} INFO - [2026-04-10T22:03:17.964+0000] {dag.py:4180} INFO - Setting next_dagrun for matrix_minio to None, run_after=None
[2026-04-10T22:03:17.999+0000] {processor.py:208} INFO - Processing /opt/airflow/dags/dag.py took 0.144 seconds
[2026-04-10T22:03:48.332+0000] {processor.py:186} INFO - Started process (PID=30055) to work on /opt/airflow/dags/dag.py
[2026-04-10T22:03:48.333+0000] {processor.py:914} INFO - Processing file /opt/airflow/dags/dag.py for tasks to queue
[2026-04-10T22:03:48.337+0000] {logging_mixin.py:190} INFO - [2026-04-10T22:03:48.336+0000] {dagbag.py:588} INFO - Filling up the DagBag from /opt/airflow/dags/dag.py
[2026-04-10T22:03:48.351+0000] {processor.py:925} INFO - DAG(s) 'matrix_minio' retrieved from /opt/airflow/dags/dag.py
[2026-04-10T22:03:48.398+0000] {logging_mixin.py:190} INFO - [2026-04-10T22:03:48.397+0000] {dag.py:3239} INFO - Sync 1 DAGs
[2026-04-10T22:03:48.431+0000] {logging_mixin.py:190} INFO - [2026-04-10T22:03:48.431+0000] {dag.py:4180} INFO - Setting next_dagrun for matrix_minio to None, run_after=None
[2026-04-10T22:03:48.476+0000] {processor.py:208} INFO - Processing /opt/airflow/dags/dag.py took 0.156 seconds
[2026-04-10T22:04:18.771+0000] {processor.py:186} INFO - Started process (PID=30126) to work on /opt/airflow/dags/dag.py
[2026-04-10T22:04:18.772+0000] {processor.py:914} INFO - Processing file /opt/airflow/dags/dag.py for tasks to queue
[2026-04-10T22:04:18.775+0000] {logging_mixin.py:190} INFO - [2026-04-10T22:04:18.774+0000] {dagbag.py:588} INFO - Filling up the DagBag from /opt/airflow/dags/dag.py
[2026-04-10T22:04:18.789+0000] {processor.py:925} INFO - DAG(s) 'matrix_minio' retrieved from /opt/airflow/dags/dag.py
[2026-04-10T22:04:18.839+0000] {logging_mixin.py:190} INFO - [2026-04-10T22:04:18.838+0000] {dag.py:3239} INFO - Sync 1 DAGs
[2026-04-10T22:04:18.865+0000] {logging_mixin.py:190} INFO - [2026-04-10T22:04:18.864+0000] {dag.py:4180} INFO - Setting next_dagrun for matrix_minio to None, run_after=None
[2026-04-10T22:04:18.906+0000] {processor.py:208} INFO - Processing /opt/airflow/dags/dag.py took 0.147 seconds
[2026-04-10T22:04:49.290+0000] {processor.py:186} INFO - Started process (PID=30197) to work on /opt/airflow/dags/dag.py
[2026-04-10T22:04:49.292+0000] {processor.py:914} INFO - Processing file /opt/airflow/dags/dag.py for tasks to queue
[2026-04-10T22:04:49.296+0000] {logging_mixin.py:190} INFO - [2026-04-10T22:04:49.295+0000] {dagbag.py:588} INFO - Filling up the DagBag from /opt/airflow/dags/dag.py
[2026-04-10T22:04:49.313+0000] {processor.py:925} INFO - DAG(s) 'matrix_minio' retrieved from /opt/airflow/dags/dag.py
[2026-04-10T22:04:49.364+0000] {logging_mixin.py:190} INFO - [2026-04-10T22:04:49.364+0000] {dag.py:3239} INFO - Sync 1 DAGs
[2026-04-10T22:04:49.394+0000] {logging_mixin.py:190} INFO - [2026-04-10T22:04:49.394+0000] {dag.py:4180} INFO - Setting next_dagrun for matrix_minio to None, run_after=None
[2026-04-10T22:04:49.432+0000] {processor.py:208} INFO - Processing /opt/airflow/dags/dag.py took 0.155 seconds
[2026-04-10T22:05:19.711+0000] {processor.py:186} INFO - Started process (PID=30268) to work on /opt/airflow/dags/dag.py
[2026-04-10T22:05:19.713+0000] {processor.py:914} INFO - Processing file /opt/airflow/dags/dag.py for tasks to queue
[2026-04-10T22:05:19.717+0000] {logging_mixin.py:190} INFO - [2026-04-10T22:05:19.717+0000] {dagbag.py:588} INFO - Filling up the DagBag from /opt/airflow/dags/dag.py
[2026-04-10T22:05:19.735+0000] {processor.py:925} INFO - DAG(s) 'matrix_minio' retrieved from /opt/airflow/dags/dag.py
[2026-04-10T22:05:19.779+0000] {logging_mixin.py:190} INFO - [2026-04-10T22:05:19.779+0000] {dag.py:3239} INFO - Sync 1 DAGs
[2026-04-10T22:05:19.806+0000] {logging_mixin.py:190} INFO - [2026-04-10T22:05:19.805+0000] {dag.py:4180} INFO - Setting next_dagrun for matrix_minio to None, run_after=None
[2026-04-10T22:05:19.849+0000] {processor.py:208} INFO - Processing /opt/airflow/dags/dag.py took 0.151 seconds
[2026-04-10T22:05:50.194+0000] {processor.py:186} INFO - Started process (PID=30339) to work on /opt/airflow/dags/dag.py
[2026-04-10T22:05:50.196+0000] {processor.py:914} INFO - Processing file /opt/airflow/dags/dag.py for tasks to queue
[2026-04-10T22:05:50.199+0000] {logging_mixin.py:190} INFO - [2026-04-10T22:05:50.199+0000] {dagbag.py:588} INFO - Filling up the DagBag from /opt/airflow/dags/dag.py
[2026-04-10T22:05:50.214+0000] {processor.py:925} INFO - DAG(s) 'matrix_minio' retrieved from /opt/airflow/dags/dag.py
[2026-04-10T22:05:50.267+0000] {logging_mixin.py:190} INFO - [2026-04-10T22:05:50.267+0000] {dag.py:3239} INFO - Sync 1 DAGs
[2026-04-10T22:05:50.296+0000] {logging_mixin.py:190} INFO - [2026-04-10T22:05:50.296+0000] {dag.py:4180} INFO - Setting next_dagrun for matrix_minio to None, run_after=None
[2026-04-10T22:05:50.340+0000] {processor.py:208} INFO - Processing /opt/airflow/dags/dag.py took 0.156 seconds
[2026-04-10T22:06:20.794+0000] {processor.py:186} INFO - Started process (PID=30410) to work on /opt/airflow/dags/dag.py
[2026-04-10T22:06:20.796+0000] {processor.py:914} INFO - Processing file /opt/airflow/dags/dag.py for tasks to queue
[2026-04-10T22:06:20.800+0000] {logging_mixin.py:190} INFO - [2026-04-10T22:06:20.799+0000] {dagbag.py:588} INFO - Filling up the DagBag from /opt/airflow/dags/dag.py
[2026-04-10T22:06:20.816+0000] {processor.py:925} INFO - DAG(s) 'matrix_minio' retrieved from /opt/airflow/dags/dag.py
[2026-04-10T22:06:20.869+0000] {logging_mixin.py:190} INFO - [2026-04-10T22:06:20.869+0000] {dag.py:3239} INFO - Sync 1 DAGs
[2026-04-10T22:06:20.904+0000] {logging_mixin.py:190} INFO - [2026-04-10T22:06:20.904+0000] {dag.py:4180} INFO - Setting next_dagrun for matrix_minio to None, run_after=None
[2026-04-10T22:06:20.948+0000] {processor.py:208} INFO - Processing /opt/airflow/dags/dag.py took 0.166 seconds
[2026-04-10T22:06:51.254+0000] {processor.py:186} INFO - Started process (PID=30481) to work on /opt/airflow/dags/dag.py
[2026-04-10T22:06:51.255+0000] {processor.py:914} INFO - Processing file /opt/airflow/dags/dag.py for tasks to queue
[2026-04-10T22:06:51.258+0000] {logging_mixin.py:190} INFO - [2026-04-10T22:06:51.258+0000] {dagbag.py:588} INFO - Filling up the DagBag from /opt/airflow/dags/dag.py
[2026-04-10T22:06:51.273+0000] {processor.py:925} INFO - DAG(s) 'matrix_minio' retrieved from /opt/airflow/dags/dag.py
[2026-04-10T22:06:51.319+0000] {logging_mixin.py:190} INFO - [2026-04-10T22:06:51.318+0000] {dag.py:3239} INFO - Sync 1 DAGs
[2026-04-10T22:06:51.350+0000] {logging_mixin.py:190} INFO - [2026-04-10T22:06:51.350+0000] {dag.py:4180} INFO - Setting next_dagrun for matrix_minio to None, run_after=None
[2026-04-10T22:06:51.398+0000] {processor.py:208} INFO - Processing /opt/airflow/dags/dag.py took 0.154 seconds
[2026-04-10T22:07:21.634+0000] {processor.py:186} INFO - Started process (PID=30552) to work on /opt/airflow/dags/dag.py
[2026-04-10T22:07:21.636+0000] {processor.py:914} INFO - Processing file /opt/airflow/dags/dag.py for tasks to queue
[2026-04-10T22:07:21.640+0000] {logging_mixin.py:190} INFO - [2026-04-10T22:07:21.640+0000] {dagbag.py:588} INFO - Filling up the DagBag from /opt/airflow/dags/dag.py
[2026-04-10T22:07:21.660+0000] {processor.py:925} INFO - DAG(s) 'matrix_minio' retrieved from /opt/airflow/dags/dag.py
[2026-04-10T22:07:21.708+0000] {logging_mixin.py:190} INFO - [2026-04-10T22:07:21.708+0000] {dag.py:3239} INFO - Sync 1 DAGs
[2026-04-10T22:07:21.737+0000] {logging_mixin.py:190} INFO - [2026-04-10T22:07:21.736+0000] {dag.py:4180} INFO - Setting next_dagrun for matrix_minio to None, run_after=None
[2026-04-10T22:07:21.775+0000] {processor.py:208} INFO - Processing /opt/airflow/dags/dag.py took 0.154 seconds
[2026-04-10T22:07:52.134+0000] {processor.py:186} INFO - Started process (PID=30623) to work on /opt/airflow/dags/dag.py
[2026-04-10T22:07:52.135+0000] {processor.py:914} INFO - Processing file /opt/airflow/dags/dag.py for tasks to queue
[2026-04-10T22:07:52.139+0000] {logging_mixin.py:190} INFO - [2026-04-10T22:07:52.138+0000] {dagbag.py:588} INFO - Filling up the DagBag from /opt/airflow/dags/dag.py
[2026-04-10T22:07:52.153+0000] {processor.py:925} INFO - DAG(s) 'matrix_minio' retrieved from /opt/airflow/dags/dag.py
[2026-04-10T22:07:52.202+0000] {logging_mixin.py:190} INFO - [2026-04-10T22:07:52.202+0000] {dag.py:3239} INFO - Sync 1 DAGs
[2026-04-10T22:07:52.234+0000] {logging_mixin.py:190} INFO - [2026-04-10T22:07:52.234+0000] {dag.py:4180} INFO - Setting next_dagrun for matrix_minio to None, run_after=None
[2026-04-10T22:07:52.281+0000] {processor.py:208} INFO - Processing /opt/airflow/dags/dag.py took 0.161 seconds
[2026-04-10T22:08:22.469+0000] {processor.py:186} INFO - Started process (PID=30694) to work on /opt/airflow/dags/dag.py
[2026-04-10T22:08:22.471+0000] {processor.py:914} INFO - Processing file /opt/airflow/dags/dag.py for tasks to queue
[2026-04-10T22:08:22.475+0000] {logging_mixin.py:190} INFO - [2026-04-10T22:08:22.474+0000] {dagbag.py:588} INFO - Filling up the DagBag from /opt/airflow/dags/dag.py
[2026-04-10T22:08:22.492+0000] {processor.py:925} INFO - DAG(s) 'matrix_minio' retrieved from /opt/airflow/dags/dag.py
[2026-04-10T22:08:22.538+0000] {logging_mixin.py:190} INFO - [2026-04-10T22:08:22.537+0000] {dag.py:3239} INFO - Sync 1 DAGs
[2026-04-10T22:08:22.566+0000] {logging_mixin.py:190} INFO - [2026-04-10T22:08:22.566+0000] {dag.py:4180} INFO - Setting next_dagrun for matrix_minio to None, run_after=None
[2026-04-10T22:08:22.608+0000] {processor.py:208} INFO - Processing /opt/airflow/dags/dag.py took 0.149 seconds
[2026-04-10T22:08:52.900+0000] {processor.py:186} INFO - Started process (PID=30765) to work on /opt/airflow/dags/dag.py
[2026-04-10T22:08:52.902+0000] {processor.py:914} INFO - Processing file /opt/airflow/dags/dag.py for tasks to queue
[2026-04-10T22:08:52.905+0000] {logging_mixin.py:190} INFO - [2026-04-10T22:08:52.905+0000] {dagbag.py:588} INFO - Filling up the DagBag from /opt/airflow/dags/dag.py
[2026-04-10T22:08:52.921+0000] {processor.py:925} INFO - DAG(s) 'matrix_minio' retrieved from /opt/airflow/dags/dag.py
[2026-04-10T22:08:52.965+0000] {logging_mixin.py:190} INFO - [2026-04-10T22:08:52.964+0000] {dag.py:3239} INFO - Sync 1 DAGs
[2026-04-10T22:08:52.993+0000] {logging_mixin.py:190} INFO - [2026-04-10T22:08:52.993+0000] {dag.py:4180} INFO - Setting next_dagrun for matrix_minio to None, run_after=None
[2026-04-10T22:08:53.038+0000] {processor.py:208} INFO - Processing /opt/airflow/dags/dag.py took 0.150 seconds
[2026-04-10T22:09:23.384+0000] {processor.py:186} INFO - Started process (PID=30836) to work on /opt/airflow/dags/dag.py
[2026-04-10T22:09:23.385+0000] {processor.py:914} INFO - Processing file /opt/airflow/dags/dag.py for tasks to queue
[2026-04-10T22:09:23.389+0000] {logging_mixin.py:190} INFO - [2026-04-10T22:09:23.388+0000] {dagbag.py:588} INFO - Filling up the DagBag from /opt/airflow/dags/dag.py
[2026-04-10T22:09:23.406+0000] {processor.py:925} INFO - DAG(s) 'matrix_minio' retrieved from /opt/airflow/dags/dag.py
[2026-04-10T22:09:23.454+0000] {logging_mixin.py:190} INFO - [2026-04-10T22:09:23.453+0000] {dag.py:3239} INFO - Sync 1 DAGs
[2026-04-10T22:09:23.484+0000] {logging_mixin.py:190} INFO - [2026-04-10T22:09:23.484+0000] {dag.py:4180} INFO - Setting next_dagrun for matrix_minio to None, run_after=None
[2026-04-10T22:09:23.524+0000] {processor.py:208} INFO - Processing /opt/airflow/dags/dag.py took 0.152 seconds
[2026-04-10T22:09:53.863+0000] {processor.py:186} INFO - Started process (PID=30913) to work on /opt/airflow/dags/dag.py
[2026-04-10T22:09:53.865+0000] {processor.py:914} INFO - Processing file /opt/airflow/dags/dag.py for tasks to queue
[2026-04-10T22:09:53.869+0000] {logging_mixin.py:190} INFO - [2026-04-10T22:09:53.868+0000] {dagbag.py:588} INFO - Filling up the DagBag from /opt/airflow/dags/dag.py
[2026-04-10T22:09:53.889+0000] {processor.py:925} INFO - DAG(s) 'matrix_minio' retrieved from /opt/airflow/dags/dag.py
[2026-04-10T22:09:53.935+0000] {logging_mixin.py:190} INFO - [2026-04-10T22:09:53.934+0000] {dag.py:3239} INFO - Sync 1 DAGs
[2026-04-10T22:09:53.962+0000] {logging_mixin.py:190} INFO - [2026-04-10T22:09:53.962+0000] {dag.py:4180} INFO - Setting next_dagrun for matrix_minio to None, run_after=None
[2026-04-10T22:09:54.012+0000] {processor.py:208} INFO - Processing /opt/airflow/dags/dag.py took 0.162 seconds
[2026-04-10T22:10:24.368+0000] {processor.py:186} INFO - Started process (PID=30984) to work on /opt/airflow/dags/dag.py
[2026-04-10T22:10:24.369+0000] {processor.py:914} INFO - Processing file /opt/airflow/dags/dag.py for tasks to queue
[2026-04-10T22:10:24.373+0000] {logging_mixin.py:190} INFO - [2026-04-10T22:10:24.372+0000] {dagbag.py:588} INFO - Filling up the DagBag from /opt/airflow/dags/dag.py
[2026-04-10T22:10:24.388+0000] {processor.py:925} INFO - DAG(s) 'matrix_minio' retrieved from /opt/airflow/dags/dag.py
[2026-04-10T22:10:24.437+0000] {logging_mixin.py:190} INFO - [2026-04-10T22:10:24.437+0000] {dag.py:3239} INFO - Sync 1 DAGs
[2026-04-10T22:10:24.468+0000] {logging_mixin.py:190} INFO - [2026-04-10T22:10:24.468+0000] {dag.py:4180} INFO - Setting next_dagrun for matrix_minio to None, run_after=None
[2026-04-10T22:10:24.516+0000] {processor.py:208} INFO - Processing /opt/airflow/dags/dag.py took 0.160 seconds
[2026-04-10T22:10:54.824+0000] {processor.py:186} INFO - Started process (PID=31055) to work on /opt/airflow/dags/dag.py
[2026-04-10T22:10:54.825+0000] {processor.py:914} INFO - Processing file /opt/airflow/dags/dag.py for tasks to queue
[2026-04-10T22:10:54.829+0000] {logging_mixin.py:190} INFO - [2026-04-10T22:10:54.829+0000] {dagbag.py:588} INFO - Filling up the DagBag from /opt/airflow/dags/dag.py
[2026-04-10T22:10:54.844+0000] {processor.py:925} INFO - DAG(s) 'matrix_minio' retrieved from /opt/airflow/dags/dag.py
[2026-04-10T22:10:54.888+0000] {logging_mixin.py:190} INFO - [2026-04-10T22:10:54.888+0000] {dag.py:3239} INFO - Sync 1 DAGs
[2026-04-10T22:10:54.921+0000] {logging_mixin.py:190} INFO - [2026-04-10T22:10:54.920+0000] {dag.py:4180} INFO - Setting next_dagrun for matrix_minio to None, run_after=None
[2026-04-10T22:10:54.958+0000] {processor.py:208} INFO - Processing /opt/airflow/dags/dag.py took 0.145 seconds
[2026-04-10T22:11:25.178+0000] {processor.py:186} INFO - Started process (PID=31126) to work on /opt/airflow/dags/dag.py
[2026-04-10T22:11:25.180+0000] {processor.py:914} INFO - Processing file /opt/airflow/dags/dag.py for tasks to queue
[2026-04-10T22:11:25.184+0000] {logging_mixin.py:190} INFO - [2026-04-10T22:11:25.183+0000] {dagbag.py:588} INFO - Filling up the DagBag from /opt/airflow/dags/dag.py
[2026-04-10T22:11:25.199+0000] {processor.py:925} INFO - DAG(s) 'matrix_minio' retrieved from /opt/airflow/dags/dag.py
[2026-04-10T22:11:25.241+0000] {logging_mixin.py:190} INFO - [2026-04-10T22:11:25.241+0000] {dag.py:3239} INFO - Sync 1 DAGs
[2026-04-10T22:11:25.270+0000] {logging_mixin.py:190} INFO - [2026-04-10T22:11:25.270+0000] {dag.py:4180} INFO - Setting next_dagrun for matrix_minio to None, run_after=None
[2026-04-10T22:11:25.306+0000] {processor.py:208} INFO - Processing /opt/airflow/dags/dag.py took 0.138 seconds
[2026-04-10T22:11:55.630+0000] {processor.py:186} INFO - Started process (PID=31197) to work on /opt/airflow/dags/dag.py
[2026-04-10T22:11:55.631+0000] {processor.py:914} INFO - Processing file /opt/airflow/dags/dag.py for tasks to queue
[2026-04-10T22:11:55.635+0000] {logging_mixin.py:190} INFO - [2026-04-10T22:11:55.634+0000] {dagbag.py:588} INFO - Filling up the DagBag from /opt/airflow/dags/dag.py
[2026-04-10T22:11:55.648+0000] {processor.py:925} INFO - DAG(s) 'matrix_minio' retrieved from /opt/airflow/dags/dag.py
[2026-04-10T22:11:55.692+0000] {logging_mixin.py:190} INFO - [2026-04-10T22:11:55.691+0000] {dag.py:3239} INFO - Sync 1 DAGs
[2026-04-10T22:11:55.722+0000] {logging_mixin.py:190} INFO - [2026-04-10T22:11:55.722+0000] {dag.py:4180} INFO - Setting next_dagrun for matrix_minio to None, run_after=None
[2026-04-10T22:11:55.757+0000] {processor.py:208} INFO - Processing /opt/airflow/dags/dag.py took 0.138 seconds
[2026-04-10T22:12:26.085+0000] {processor.py:186} INFO - Started process (PID=31268) to work on /opt/airflow/dags/dag.py
[2026-04-10T22:12:26.087+0000] {processor.py:914} INFO - Processing file /opt/airflow/dags/dag.py for tasks to queue
[2026-04-10T22:12:26.090+0000] {logging_mixin.py:190} INFO - [2026-04-10T22:12:26.090+0000] {dagbag.py:588} INFO - Filling up the DagBag from /opt/airflow/dags/dag.py
[2026-04-10T22:12:26.106+0000] {processor.py:925} INFO - DAG(s) 'matrix_minio' retrieved from /opt/airflow/dags/dag.py
[2026-04-10T22:12:26.159+0000] {logging_mixin.py:190} INFO - [2026-04-10T22:12:26.158+0000] {dag.py:3239} INFO - Sync 1 DAGs
[2026-04-10T22:12:26.189+0000] {logging_mixin.py:190} INFO - [2026-04-10T22:12:26.189+0000] {dag.py:4180} INFO - Setting next_dagrun for matrix_minio to None, run_after=None
[2026-04-10T22:12:26.231+0000] {processor.py:208} INFO - Processing /opt/airflow/dags/dag.py took 0.156 seconds
[2026-04-10T22:12:56.558+0000] {processor.py:186} INFO - Started process (PID=31339) to work on /opt/airflow/dags/dag.py
[2026-04-10T22:12:56.559+0000] {processor.py:914} INFO - Processing file /opt/airflow/dags/dag.py for tasks to queue
[2026-04-10T22:12:56.564+0000] {logging_mixin.py:190} INFO - [2026-04-10T22:12:56.563+0000] {dagbag.py:588} INFO - Filling up the DagBag from /opt/airflow/dags/dag.py
[2026-04-10T22:12:56.580+0000] {processor.py:925} INFO - DAG(s) 'matrix_minio' retrieved from /opt/airflow/dags/dag.py
[2026-04-10T22:12:56.626+0000] {logging_mixin.py:190} INFO - [2026-04-10T22:12:56.625+0000] {dag.py:3239} INFO - Sync 1 DAGs
[2026-04-10T22:12:56.656+0000] {logging_mixin.py:190} INFO - [2026-04-10T22:12:56.656+0000] {dag.py:4180} INFO - Setting next_dagrun for matrix_minio to None, run_after=None
[2026-04-10T22:12:56.699+0000] {processor.py:208} INFO - Processing /opt/airflow/dags/dag.py took 0.155 seconds
[2026-04-10T22:13:27.010+0000] {processor.py:186} INFO - Started process (PID=31410) to work on /opt/airflow/dags/dag.py
[2026-04-10T22:13:27.012+0000] {processor.py:914} INFO - Processing file /opt/airflow/dags/dag.py for tasks to queue
[2026-04-10T22:13:27.016+0000] {logging_mixin.py:190} INFO - [2026-04-10T22:13:27.016+0000] {dagbag.py:588} INFO - Filling up the DagBag from /opt/airflow/dags/dag.py
[2026-04-10T22:13:27.035+0000] {processor.py:925} INFO - DAG(s) 'matrix_minio' retrieved from /opt/airflow/dags/dag.py
[2026-04-10T22:13:27.082+0000] {logging_mixin.py:190} INFO - [2026-04-10T22:13:27.082+0000] {dag.py:3239} INFO - Sync 1 DAGs
[2026-04-10T22:13:27.112+0000] {logging_mixin.py:190} INFO - [2026-04-10T22:13:27.112+0000] {dag.py:4180} INFO - Setting next_dagrun for matrix_minio to None, run_after=None
[2026-04-10T22:13:27.155+0000] {processor.py:208} INFO - Processing /opt/airflow/dags/dag.py took 0.158 seconds
[2026-04-10T22:13:57.467+0000] {processor.py:186} INFO - Started process (PID=31481) to work on /opt/airflow/dags/dag.py
[2026-04-10T22:13:57.468+0000] {processor.py:914} INFO - Processing file /opt/airflow/dags/dag.py for tasks to queue
[2026-04-10T22:13:57.472+0000] {logging_mixin.py:190} INFO - [2026-04-10T22:13:57.471+0000] {dagbag.py:588} INFO - Filling up the DagBag from /opt/airflow/dags/dag.py
[2026-04-10T22:13:57.487+0000] {processor.py:925} INFO - DAG(s) 'matrix_minio' retrieved from /opt/airflow/dags/dag.py
[2026-04-10T22:13:57.530+0000] {logging_mixin.py:190} INFO - [2026-04-10T22:13:57.529+0000] {dag.py:3239} INFO - Sync 1 DAGs
[2026-04-10T22:13:57.561+0000] {logging_mixin.py:190} INFO - [2026-04-10T22:13:57.561+0000] {dag.py:4180} INFO - Setting next_dagrun for matrix_minio to None, run_after=None
[2026-04-10T22:13:57.609+0000] {processor.py:208} INFO - Processing /opt/airflow/dags/dag.py took 0.152 seconds
[2026-04-10T22:14:27.941+0000] {processor.py:186} INFO - Started process (PID=31552) to work on /opt/airflow/dags/dag.py
[2026-04-10T22:14:27.942+0000] {processor.py:914} INFO - Processing file /opt/airflow/dags/dag.py for tasks to queue
[2026-04-10T22:14:27.946+0000] {logging_mixin.py:190} INFO - [2026-04-10T22:14:27.945+0000] {dagbag.py:588} INFO - Filling up the DagBag from /opt/airflow/dags/dag.py
[2026-04-10T22:14:27.961+0000] {processor.py:925} INFO - DAG(s) 'matrix_minio' retrieved from /opt/airflow/dags/dag.py
[2026-04-10T22:14:28.004+0000] {logging_mixin.py:190} INFO - [2026-04-10T22:14:28.004+0000] {dag.py:3239} INFO - Sync 1 DAGs
[2026-04-10T22:14:28.031+0000] {logging_mixin.py:190} INFO - [2026-04-10T22:14:28.031+0000] {dag.py:4180} INFO - Setting next_dagrun for matrix_minio to None, run_after=None
[2026-04-10T22:14:28.067+0000] {processor.py:208} INFO - Processing /opt/airflow/dags/dag.py took 0.137 seconds
[2026-04-10T22:14:58.469+0000] {processor.py:186} INFO - Started process (PID=31623) to work on /opt/airflow/dags/dag.py
[2026-04-10T22:14:58.471+0000] {processor.py:914} INFO - Processing file /opt/airflow/dags/dag.py for tasks to queue
[2026-04-10T22:14:58.475+0000] {logging_mixin.py:190} INFO - [2026-04-10T22:14:58.474+0000] {dagbag.py:588} INFO - Filling up the DagBag from /opt/airflow/dags/dag.py
[2026-04-10T22:14:58.488+0000] {processor.py:925} INFO - DAG(s) 'matrix_minio' retrieved from /opt/airflow/dags/dag.py
[2026-04-10T22:14:58.535+0000] {logging_mixin.py:190} INFO - [2026-04-10T22:14:58.535+0000] {dag.py:3239} INFO - Sync 1 DAGs
[2026-04-10T22:14:58.569+0000] {logging_mixin.py:190} INFO - [2026-04-10T22:14:58.568+0000] {dag.py:4180} INFO - Setting next_dagrun for matrix_minio to None, run_after=None
[2026-04-10T22:14:58.616+0000] {processor.py:208} INFO - Processing /opt/airflow/dags/dag.py took 0.158 seconds
[2026-04-10T22:15:28.904+0000] {processor.py:186} INFO - Started process (PID=31694) to work on /opt/airflow/dags/dag.py
[2026-04-10T22:15:28.905+0000] {processor.py:914} INFO - Processing file /opt/airflow/dags/dag.py for tasks to queue
[2026-04-10T22:15:28.909+0000] {logging_mixin.py:190} INFO - [2026-04-10T22:15:28.908+0000] {dagbag.py:588} INFO - Filling up the DagBag from /opt/airflow/dags/dag.py
[2026-04-10T22:15:28.927+0000] {processor.py:925} INFO - DAG(s) 'matrix_minio' retrieved from /opt/airflow/dags/dag.py
[2026-04-10T22:15:28.973+0000] {logging_mixin.py:190} INFO - [2026-04-10T22:15:28.972+0000] {dag.py:3239} INFO - Sync 1 DAGs
[2026-04-10T22:15:28.999+0000] {logging_mixin.py:190} INFO - [2026-04-10T22:15:28.999+0000] {dag.py:4180} INFO - Setting next_dagrun for matrix_minio to None, run_after=None
[2026-04-10T22:15:29.042+0000] {processor.py:208} INFO - Processing /opt/airflow/dags/dag.py took 0.149 seconds
[2026-04-10T22:15:59.463+0000] {processor.py:186} INFO - Started process (PID=31765) to work on /opt/airflow/dags/dag.py
[2026-04-10T22:15:59.465+0000] {processor.py:914} INFO - Processing file /opt/airflow/dags/dag.py for tasks to queue
[2026-04-10T22:15:59.469+0000] {logging_mixin.py:190} INFO - [2026-04-10T22:15:59.468+0000] {dagbag.py:588} INFO - Filling up the DagBag from /opt/airflow/dags/dag.py
[2026-04-10T22:15:59.486+0000] {processor.py:925} INFO - DAG(s) 'matrix_minio' retrieved from /opt/airflow/dags/dag.py
[2026-04-10T22:15:59.536+0000] {logging_mixin.py:190} INFO - [2026-04-10T22:15:59.536+0000] {dag.py:3239} INFO - Sync 1 DAGs
[2026-04-10T22:15:59.564+0000] {logging_mixin.py:190} INFO - [2026-04-10T22:15:59.563+0000] {dag.py:4180} INFO - Setting next_dagrun for matrix_minio to None, run_after=None
[2026-04-10T22:15:59.608+0000] {processor.py:208} INFO - Processing /opt/airflow/dags/dag.py took 0.156 seconds
[2026-04-10T22:16:29.905+0000] {processor.py:186} INFO - Started process (PID=31836) to work on /opt/airflow/dags/dag.py
[2026-04-10T22:16:29.906+0000] {processor.py:914} INFO - Processing file /opt/airflow/dags/dag.py for tasks to queue
[2026-04-10T22:16:29.909+0000] {logging_mixin.py:190} INFO - [2026-04-10T22:16:29.909+0000] {dagbag.py:588} INFO - Filling up the DagBag from /opt/airflow/dags/dag.py
[2026-04-10T22:16:29.920+0000] {processor.py:925} INFO - DAG(s) 'matrix_minio' retrieved from /opt/airflow/dags/dag.py
[2026-04-10T22:16:29.956+0000] {logging_mixin.py:190} INFO - [2026-04-10T22:16:29.956+0000] {dag.py:3239} INFO - Sync 1 DAGs
[2026-04-10T22:16:29.977+0000] {logging_mixin.py:190} INFO - [2026-04-10T22:16:29.977+0000] {dag.py:4180} INFO - Setting next_dagrun for matrix_minio to None, run_after=None
[2026-04-10T22:16:30.002+0000] {processor.py:208} INFO - Processing /opt/airflow/dags/dag.py took 0.105 seconds
[2026-04-10T22:17:00.976+0000] {processor.py:186} INFO - Started process (PID=31906) to work on /opt/airflow/dags/dag.py
[2026-04-10T22:17:00.977+0000] {processor.py:914} INFO - Processing file /opt/airflow/dags/dag.py for tasks to queue
[2026-04-10T22:17:00.980+0000] {logging_mixin.py:190} INFO - [2026-04-10T22:17:00.980+0000] {dagbag.py:588} INFO - Filling up the DagBag from /opt/airflow/dags/dag.py
[2026-04-10T22:17:00.993+0000] {processor.py:925} INFO - DAG(s) 'matrix_minio' retrieved from /opt/airflow/dags/dag.py
[2026-04-10T22:17:01.029+0000] {logging_mixin.py:190} INFO - [2026-04-10T22:17:01.029+0000] {dag.py:3239} INFO - Sync 1 DAGs
[2026-04-10T22:17:01.052+0000] {logging_mixin.py:190} INFO - [2026-04-10T22:17:01.052+0000] {dag.py:4180} INFO - Setting next_dagrun for matrix_minio to None, run_after=None
[2026-04-10T22:17:01.080+0000] {processor.py:208} INFO - Processing /opt/airflow/dags/dag.py took 0.118 seconds
[2026-04-10T22:17:31.182+0000] {processor.py:186} INFO - Started process (PID=31977) to work on /opt/airflow/dags/dag.py
[2026-04-10T22:17:31.183+0000] {processor.py:914} INFO - Processing file /opt/airflow/dags/dag.py for tasks to queue
[2026-04-10T22:17:31.186+0000] {logging_mixin.py:190} INFO - [2026-04-10T22:17:31.186+0000] {dagbag.py:588} INFO - Filling up the DagBag from /opt/airflow/dags/dag.py
[2026-04-10T22:17:31.200+0000] {processor.py:925} INFO - DAG(s) 'matrix_minio' retrieved from /opt/airflow/dags/dag.py
[2026-04-10T22:17:31.237+0000] {logging_mixin.py:190} INFO - [2026-04-10T22:17:31.236+0000] {dag.py:3239} INFO - Sync 1 DAGs
[2026-04-10T22:17:31.258+0000] {logging_mixin.py:190} INFO - [2026-04-10T22:17:31.257+0000] {dag.py:4180} INFO - Setting next_dagrun for matrix_minio to None, run_after=None
[2026-04-10T22:17:31.282+0000] {processor.py:208} INFO - Processing /opt/airflow/dags/dag.py took 0.111 seconds
[2026-04-10T22:18:01.513+0000] {processor.py:186} INFO - Started process (PID=32048) to work on /opt/airflow/dags/dag.py
[2026-04-10T22:18:01.516+0000] {processor.py:914} INFO - Processing file /opt/airflow/dags/dag.py for tasks to queue
[2026-04-10T22:18:01.518+0000] {logging_mixin.py:190} INFO - [2026-04-10T22:18:01.518+0000] {dagbag.py:588} INFO - Filling up the DagBag from /opt/airflow/dags/dag.py
[2026-04-10T22:18:01.528+0000] {processor.py:925} INFO - DAG(s) 'matrix_minio' retrieved from /opt/airflow/dags/dag.py
[2026-04-10T22:18:01.560+0000] {logging_mixin.py:190} INFO - [2026-04-10T22:18:01.560+0000] {dag.py:3239} INFO - Sync 1 DAGs
[2026-04-10T22:18:01.578+0000] {logging_mixin.py:190} INFO - [2026-04-10T22:18:01.577+0000] {dag.py:4180} INFO - Setting next_dagrun for matrix_minio to None, run_after=None
[2026-04-10T22:18:01.602+0000] {processor.py:208} INFO - Processing /opt/airflow/dags/dag.py took 0.096 seconds
[2026-04-10T22:18:31.671+0000] {processor.py:186} INFO - Started process (PID=32116) to work on /opt/airflow/dags/dag.py
[2026-04-10T22:18:31.681+0000] {processor.py:914} INFO - Processing file /opt/airflow/dags/dag.py for tasks to queue
[2026-04-10T22:18:31.684+0000] {logging_mixin.py:190} INFO - [2026-04-10T22:18:31.683+0000] {dagbag.py:588} INFO - Filling up the DagBag from /opt/airflow/dags/dag.py
[2026-04-10T22:18:31.693+0000] {processor.py:925} INFO - DAG(s) 'matrix_minio' retrieved from /opt/airflow/dags/dag.py
[2026-04-10T22:18:31.729+0000] {logging_mixin.py:190} INFO - [2026-04-10T22:18:31.729+0000] {dag.py:3239} INFO - Sync 1 DAGs
[2026-04-10T22:18:31.749+0000] {logging_mixin.py:190} INFO - [2026-04-10T22:18:31.748+0000] {dag.py:4180} INFO - Setting next_dagrun for matrix_minio to None, run_after=None
[2026-04-10T22:18:31.774+0000] {processor.py:208} INFO - Processing /opt/airflow/dags/dag.py took 0.112 seconds
[2026-04-10T22:19:01.909+0000] {processor.py:186} INFO - Started process (PID=32190) to work on /opt/airflow/dags/dag.py
[2026-04-10T22:19:01.910+0000] {processor.py:914} INFO - Processing file /opt/airflow/dags/dag.py for tasks to queue
[2026-04-10T22:19:01.913+0000] {logging_mixin.py:190} INFO - [2026-04-10T22:19:01.912+0000] {dagbag.py:588} INFO - Filling up the DagBag from /opt/airflow/dags/dag.py
[2026-04-10T22:19:01.926+0000] {processor.py:925} INFO - DAG(s) 'matrix_minio' retrieved from /opt/airflow/dags/dag.py
[2026-04-10T22:19:01.960+0000] {logging_mixin.py:190} INFO - [2026-04-10T22:19:01.960+0000] {dag.py:3239} INFO - Sync 1 DAGs
[2026-04-10T22:19:01.982+0000] {logging_mixin.py:190} INFO - [2026-04-10T22:19:01.982+0000] {dag.py:4180} INFO - Setting next_dagrun for matrix_minio to None, run_after=None
[2026-04-10T22:19:02.009+0000] {processor.py:208} INFO - Processing /opt/airflow/dags/dag.py took 0.109 seconds
[2026-04-10T22:19:32.175+0000] {processor.py:186} INFO - Started process (PID=32261) to work on /opt/airflow/dags/dag.py
[2026-04-10T22:19:32.176+0000] {processor.py:914} INFO - Processing file /opt/airflow/dags/dag.py for tasks to queue
[2026-04-10T22:19:32.179+0000] {logging_mixin.py:190} INFO - [2026-04-10T22:19:32.178+0000] {dagbag.py:588} INFO - Filling up the DagBag from /opt/airflow/dags/dag.py
[2026-04-10T22:19:32.191+0000] {processor.py:925} INFO - DAG(s) 'matrix_minio' retrieved from /opt/airflow/dags/dag.py
[2026-04-10T22:19:32.226+0000] {logging_mixin.py:190} INFO - [2026-04-10T22:19:32.225+0000] {dag.py:3239} INFO - Sync 1 DAGs
[2026-04-10T22:19:32.243+0000] {logging_mixin.py:190} INFO - [2026-04-10T22:19:32.243+0000] {dag.py:4180} INFO - Setting next_dagrun for matrix_minio to None, run_after=None
[2026-04-10T22:19:32.268+0000] {processor.py:208} INFO - Processing /opt/airflow/dags/dag.py took 0.101 seconds
[2026-04-10T22:20:03.343+0000] {processor.py:186} INFO - Started process (PID=32332) to work on /opt/airflow/dags/dag.py
[2026-04-10T22:20:03.345+0000] {processor.py:914} INFO - Processing file /opt/airflow/dags/dag.py for tasks to queue
[2026-04-10T22:20:03.348+0000] {logging_mixin.py:190} INFO - [2026-04-10T22:20:03.348+0000] {dagbag.py:588} INFO - Filling up the DagBag from /opt/airflow/dags/dag.py
[2026-04-10T22:20:03.358+0000] {processor.py:925} INFO - DAG(s) 'matrix_minio' retrieved from /opt/airflow/dags/dag.py
[2026-04-10T22:20:03.393+0000] {logging_mixin.py:190} INFO - [2026-04-10T22:20:03.393+0000] {dag.py:3239} INFO - Sync 1 DAGs
[2026-04-10T22:20:03.414+0000] {logging_mixin.py:190} INFO - [2026-04-10T22:20:03.413+0000] {dag.py:4180} INFO - Setting next_dagrun for matrix_minio to None, run_after=None
[2026-04-10T22:20:03.436+0000] {processor.py:208} INFO - Processing /opt/airflow/dags/dag.py took 0.108 seconds
[2026-04-10T22:20:33.709+0000] {processor.py:186} INFO - Started process (PID=32403) to work on /opt/airflow/dags/dag.py
[2026-04-10T22:20:33.710+0000] {processor.py:914} INFO - Processing file /opt/airflow/dags/dag.py for tasks to queue
[2026-04-10T22:20:33.713+0000] {logging_mixin.py:190} INFO - [2026-04-10T22:20:33.712+0000] {dagbag.py:588} INFO - Filling up the DagBag from /opt/airflow/dags/dag.py
[2026-04-10T22:20:33.727+0000] {processor.py:925} INFO - DAG(s) 'matrix_minio' retrieved from /opt/airflow/dags/dag.py
[2026-04-10T22:20:33.767+0000] {logging_mixin.py:190} INFO - [2026-04-10T22:20:33.766+0000] {dag.py:3239} INFO - Sync 1 DAGs
[2026-04-10T22:20:33.789+0000] {logging_mixin.py:190} INFO - [2026-04-10T22:20:33.789+0000] {dag.py:4180} INFO - Setting next_dagrun for matrix_minio to None, run_after=None
[2026-04-10T22:20:33.820+0000] {processor.py:208} INFO - Processing /opt/airflow/dags/dag.py took 0.121 seconds
[2026-04-10T22:21:04.018+0000] {processor.py:186} INFO - Started process (PID=32474) to work on /opt/airflow/dags/dag.py
[2026-04-10T22:21:04.019+0000] {processor.py:914} INFO - Processing file /opt/airflow/dags/dag.py for tasks to queue
[2026-04-10T22:21:04.021+0000] {logging_mixin.py:190} INFO - [2026-04-10T22:21:04.021+0000] {dagbag.py:588} INFO - Filling up the DagBag from /opt/airflow/dags/dag.py
[2026-04-10T22:21:04.032+0000] {processor.py:925} INFO - DAG(s) 'matrix_minio' retrieved from /opt/airflow/dags/dag.py
[2026-04-10T22:21:04.070+0000] {logging_mixin.py:190} INFO - [2026-04-10T22:21:04.070+0000] {dag.py:3239} INFO - Sync 1 DAGs
[2026-04-10T22:21:04.092+0000] {logging_mixin.py:190} INFO - [2026-04-10T22:21:04.092+0000] {dag.py:4180} INFO - Setting next_dagrun for matrix_minio to None, run_after=None
[2026-04-10T22:21:04.119+0000] {processor.py:208} INFO - Processing /opt/airflow/dags/dag.py took 0.110 seconds
[2026-04-10T22:21:34.450+0000] {processor.py:186} INFO - Started process (PID=32545) to work on /opt/airflow/dags/dag.py
[2026-04-10T22:21:34.451+0000] {processor.py:914} INFO - Processing file /opt/airflow/dags/dag.py for tasks to queue
[2026-04-10T22:21:34.454+0000] {logging_mixin.py:190} INFO - [2026-04-10T22:21:34.454+0000] {dagbag.py:588} INFO - Filling up the DagBag from /opt/airflow/dags/dag.py
[2026-04-10T22:21:34.465+0000] {processor.py:925} INFO - DAG(s) 'matrix_minio' retrieved from /opt/airflow/dags/dag.py
[2026-04-10T22:21:34.500+0000] {logging_mixin.py:190} INFO - [2026-04-10T22:21:34.500+0000] {dag.py:3239} INFO - Sync 1 DAGs
[2026-04-10T22:21:34.517+0000] {logging_mixin.py:190} INFO - [2026-04-10T22:21:34.517+0000] {dag.py:4180} INFO - Setting next_dagrun for matrix_minio to None, run_after=None
[2026-04-10T22:21:34.538+0000] {processor.py:208} INFO - Processing /opt/airflow/dags/dag.py took 0.096 seconds
[2026-04-10T22:22:04.768+0000] {processor.py:186} INFO - Started process (PID=32616) to work on /opt/airflow/dags/dag.py
[2026-04-10T22:22:04.769+0000] {processor.py:914} INFO - Processing file /opt/airflow/dags/dag.py for tasks to queue
[2026-04-10T22:22:04.771+0000] {logging_mixin.py:190} INFO - [2026-04-10T22:22:04.771+0000] {dagbag.py:588} INFO - Filling up the DagBag from /opt/airflow/dags/dag.py
[2026-04-10T22:22:04.782+0000] {processor.py:925} INFO - DAG(s) 'matrix_minio' retrieved from /opt/airflow/dags/dag.py
[2026-04-10T22:22:04.814+0000] {logging_mixin.py:190} INFO - [2026-04-10T22:22:04.814+0000] {dag.py:3239} INFO - Sync 1 DAGs
[2026-04-10T22:22:04.835+0000] {logging_mixin.py:190} INFO - [2026-04-10T22:22:04.835+0000] {dag.py:4180} INFO - Setting next_dagrun for matrix_minio to None, run_after=None
[2026-04-10T22:22:04.861+0000] {processor.py:208} INFO - Processing /opt/airflow/dags/dag.py took 0.101 seconds
[2026-04-10T22:22:35.100+0000] {processor.py:186} INFO - Started process (PID=32687) to work on /opt/airflow/dags/dag.py
[2026-04-10T22:22:35.101+0000] {processor.py:914} INFO - Processing file /opt/airflow/dags/dag.py for tasks to queue
[2026-04-10T22:22:35.104+0000] {logging_mixin.py:190} INFO - [2026-04-10T22:22:35.103+0000] {dagbag.py:588} INFO - Filling up the DagBag from /opt/airflow/dags/dag.py
[2026-04-10T22:22:35.119+0000] {processor.py:925} INFO - DAG(s) 'matrix_minio' retrieved from /opt/airflow/dags/dag.py
[2026-04-10T22:22:35.152+0000] {logging_mixin.py:190} INFO - [2026-04-10T22:22:35.151+0000] {dag.py:3239} INFO - Sync 1 DAGs
[2026-04-10T22:22:35.174+0000] {logging_mixin.py:190} INFO - [2026-04-10T22:22:35.173+0000] {dag.py:4180} INFO - Setting next_dagrun for matrix_minio to None, run_after=None
[2026-04-10T22:22:35.199+0000] {processor.py:208} INFO - Processing /opt/airflow/dags/dag.py took 0.107 seconds
[2026-04-10T22:23:05.507+0000] {processor.py:186} INFO - Started process (PID=32758) to work on /opt/airflow/dags/dag.py
[2026-04-10T22:23:05.508+0000] {processor.py:914} INFO - Processing file /opt/airflow/dags/dag.py for tasks to queue
[2026-04-10T22:23:05.511+0000] {logging_mixin.py:190} INFO - [2026-04-10T22:23:05.510+0000] {dagbag.py:588} INFO - Filling up the DagBag from /opt/airflow/dags/dag.py
[2026-04-10T22:23:05.521+0000] {processor.py:925} INFO - DAG(s) 'matrix_minio' retrieved from /opt/airflow/dags/dag.py
[2026-04-10T22:23:05.557+0000] {logging_mixin.py:190} INFO - [2026-04-10T22:23:05.557+0000] {dag.py:3239} INFO - Sync 1 DAGs
[2026-04-10T22:23:05.580+0000] {logging_mixin.py:190} INFO - [2026-04-10T22:23:05.579+0000] {dag.py:4180} INFO - Setting next_dagrun for matrix_minio to None, run_after=None
[2026-04-10T22:23:05.608+0000] {processor.py:208} INFO - Processing /opt/airflow/dags/dag.py took 0.108 seconds
[2026-04-10T22:23:35.723+0000] {processor.py:186} INFO - Started process (PID=32829) to work on /opt/airflow/dags/dag.py
[2026-04-10T22:23:35.724+0000] {processor.py:914} INFO - Processing file /opt/airflow/dags/dag.py for tasks to queue
[2026-04-10T22:23:35.727+0000] {logging_mixin.py:190} INFO - [2026-04-10T22:23:35.726+0000] {dagbag.py:588} INFO - Filling up the DagBag from /opt/airflow/dags/dag.py
[2026-04-10T22:23:35.738+0000] {processor.py:925} INFO - DAG(s) 'matrix_minio' retrieved from /opt/airflow/dags/dag.py
[2026-04-10T22:23:35.772+0000] {logging_mixin.py:190} INFO - [2026-04-10T22:23:35.772+0000] {dag.py:3239} INFO - Sync 1 DAGs
[2026-04-10T22:23:35.790+0000] {logging_mixin.py:190} INFO - [2026-04-10T22:23:35.790+0000] {dag.py:4180} INFO - Setting next_dagrun for matrix_minio to None, run_after=None
[2026-04-10T22:23:35.815+0000] {processor.py:208} INFO - Processing /opt/airflow/dags/dag.py took 0.100 seconds
[2026-04-10T22:24:06.033+0000] {processor.py:186} INFO - Started process (PID=32900) to work on /opt/airflow/dags/dag.py
[2026-04-10T22:24:06.034+0000] {processor.py:914} INFO - Processing file /opt/airflow/dags/dag.py for tasks to queue
[2026-04-10T22:24:06.037+0000] {logging_mixin.py:190} INFO - [2026-04-10T22:24:06.037+0000] {dagbag.py:588} INFO - Filling up the DagBag from /opt/airflow/dags/dag.py
[2026-04-10T22:24:06.050+0000] {processor.py:925} INFO - DAG(s) 'matrix_minio' retrieved from /opt/airflow/dags/dag.py
[2026-04-10T22:24:06.087+0000] {logging_mixin.py:190} INFO - [2026-04-10T22:24:06.087+0000] {dag.py:3239} INFO - Sync 1 DAGs
[2026-04-10T22:24:06.107+0000] {logging_mixin.py:190} INFO - [2026-04-10T22:24:06.107+0000] {dag.py:4180} INFO - Setting next_dagrun for matrix_minio to None, run_after=None
[2026-04-10T22:24:06.133+0000] {processor.py:208} INFO - Processing /opt/airflow/dags/dag.py took 0.110 seconds
[2026-04-10T22:24:36.365+0000] {processor.py:186} INFO - Started process (PID=32971) to work on /opt/airflow/dags/dag.py
[2026-04-10T22:24:36.366+0000] {processor.py:914} INFO - Processing file /opt/airflow/dags/dag.py for tasks to queue
[2026-04-10T22:24:36.369+0000] {logging_mixin.py:190} INFO - [2026-04-10T22:24:36.369+0000] {dagbag.py:588} INFO - Filling up the DagBag from /opt/airflow/dags/dag.py
[2026-04-10T22:24:36.379+0000] {processor.py:925} INFO - DAG(s) 'matrix_minio' retrieved from /opt/airflow/dags/dag.py
[2026-04-10T22:24:36.410+0000] {logging_mixin.py:190} INFO - [2026-04-10T22:24:36.409+0000] {dag.py:3239} INFO - Sync 1 DAGs
[2026-04-10T22:24:36.432+0000] {logging_mixin.py:190} INFO - [2026-04-10T22:24:36.431+0000] {dag.py:4180} INFO - Setting next_dagrun for matrix_minio to None, run_after=None
[2026-04-10T22:24:36.457+0000] {processor.py:208} INFO - Processing /opt/airflow/dags/dag.py took 0.099 seconds
[2026-04-10T22:25:06.527+0000] {processor.py:186} INFO - Started process (PID=33039) to work on /opt/airflow/dags/dag.py
[2026-04-10T22:25:06.536+0000] {processor.py:914} INFO - Processing file /opt/airflow/dags/dag.py for tasks to queue
[2026-04-10T22:25:06.539+0000] {logging_mixin.py:190} INFO - [2026-04-10T22:25:06.539+0000] {dagbag.py:588} INFO - Filling up the DagBag from /opt/airflow/dags/dag.py
[2026-04-10T22:25:06.549+0000] {processor.py:925} INFO - DAG(s) 'matrix_minio' retrieved from /opt/airflow/dags/dag.py
[2026-04-10T22:25:06.583+0000] {logging_mixin.py:190} INFO - [2026-04-10T22:25:06.582+0000] {dag.py:3239} INFO - Sync 1 DAGs
[2026-04-10T22:25:06.602+0000] {logging_mixin.py:190} INFO - [2026-04-10T22:25:06.602+0000] {dag.py:4180} INFO - Setting next_dagrun for matrix_minio to None, run_after=None
[2026-04-10T22:25:06.629+0000] {processor.py:208} INFO - Processing /opt/airflow/dags/dag.py took 0.112 seconds
[2026-04-10T22:25:36.895+0000] {processor.py:186} INFO - Started process (PID=33113) to work on /opt/airflow/dags/dag.py
[2026-04-10T22:25:36.896+0000] {processor.py:914} INFO - Processing file /opt/airflow/dags/dag.py for tasks to queue
[2026-04-10T22:25:36.899+0000] {logging_mixin.py:190} INFO - [2026-04-10T22:25:36.899+0000] {dagbag.py:588} INFO - Filling up the DagBag from /opt/airflow/dags/dag.py
[2026-04-10T22:25:36.910+0000] {processor.py:925} INFO - DAG(s) 'matrix_minio' retrieved from /opt/airflow/dags/dag.py
[2026-04-10T22:25:36.943+0000] {logging_mixin.py:190} INFO - [2026-04-10T22:25:36.943+0000] {dag.py:3239} INFO - Sync 1 DAGs
[2026-04-10T22:25:36.965+0000] {logging_mixin.py:190} INFO - [2026-04-10T22:25:36.964+0000] {dag.py:4180} INFO - Setting next_dagrun for matrix_minio to None, run_after=None
[2026-04-10T22:25:36.988+0000] {processor.py:208} INFO - Processing /opt/airflow/dags/dag.py took 0.100 seconds
[2026-04-10T22:26:07.247+0000] {processor.py:186} INFO - Started process (PID=33184) to work on /opt/airflow/dags/dag.py
[2026-04-10T22:26:07.248+0000] {processor.py:914} INFO - Processing file /opt/airflow/dags/dag.py for tasks to queue
[2026-04-10T22:26:07.250+0000] {logging_mixin.py:190} INFO - [2026-04-10T22:26:07.250+0000] {dagbag.py:588} INFO - Filling up the DagBag from /opt/airflow/dags/dag.py
[2026-04-10T22:26:07.260+0000] {processor.py:925} INFO - DAG(s) 'matrix_minio' retrieved from /opt/airflow/dags/dag.py
[2026-04-10T22:26:07.301+0000] {logging_mixin.py:190} INFO - [2026-04-10T22:26:07.300+0000] {dag.py:3239} INFO - Sync 1 DAGs
[2026-04-10T22:26:07.323+0000] {logging_mixin.py:190} INFO - [2026-04-10T22:26:07.323+0000] {dag.py:4180} INFO - Setting next_dagrun for matrix_minio to None, run_after=None
[2026-04-10T22:26:07.351+0000] {processor.py:208} INFO - Processing /opt/airflow/dags/dag.py took 0.110 seconds
[2026-04-10T22:26:37.547+0000] {processor.py:186} INFO - Started process (PID=33252) to work on /opt/airflow/dags/dag.py
[2026-04-10T22:26:37.557+0000] {processor.py:914} INFO - Processing file /opt/airflow/dags/dag.py for tasks to queue
[2026-04-10T22:26:37.559+0000] {logging_mixin.py:190} INFO - [2026-04-10T22:26:37.559+0000] {dagbag.py:588} INFO - Filling up the DagBag from /opt/airflow/dags/dag.py
[2026-04-10T22:26:37.568+0000] {processor.py:925} INFO - DAG(s) 'matrix_minio' retrieved from /opt/airflow/dags/dag.py
[2026-04-10T22:26:37.601+0000] {logging_mixin.py:190} INFO - [2026-04-10T22:26:37.600+0000] {dag.py:3239} INFO - Sync 1 DAGs
[2026-04-10T22:26:37.621+0000] {logging_mixin.py:190} INFO - [2026-04-10T22:26:37.621+0000] {dag.py:4180} INFO - Setting next_dagrun for matrix_minio to None, run_after=None
[2026-04-10T22:26:37.645+0000] {processor.py:208} INFO - Processing /opt/airflow/dags/dag.py took 0.110 seconds
[2026-04-10T22:27:07.929+0000] {processor.py:186} INFO - Started process (PID=33326) to work on /opt/airflow/dags/dag.py
[2026-04-10T22:27:07.930+0000] {processor.py:914} INFO - Processing file /opt/airflow/dags/dag.py for tasks to queue
[2026-04-10T22:27:07.933+0000] {logging_mixin.py:190} INFO - [2026-04-10T22:27:07.932+0000] {dagbag.py:588} INFO - Filling up the DagBag from /opt/airflow/dags/dag.py
[2026-04-10T22:27:07.944+0000] {processor.py:925} INFO - DAG(s) 'matrix_minio' retrieved from /opt/airflow/dags/dag.py
[2026-04-10T22:27:07.978+0000] {logging_mixin.py:190} INFO - [2026-04-10T22:27:07.977+0000] {dag.py:3239} INFO - Sync 1 DAGs
[2026-04-10T22:27:07.999+0000] {logging_mixin.py:190} INFO - [2026-04-10T22:27:07.999+0000] {dag.py:4180} INFO - Setting next_dagrun for matrix_minio to None, run_after=None
[2026-04-10T22:27:08.026+0000] {processor.py:208} INFO - Processing /opt/airflow/dags/dag.py took 0.104 seconds
[2026-04-10T22:27:38.452+0000] {processor.py:186} INFO - Started process (PID=33397) to work on /opt/airflow/dags/dag.py
[2026-04-10T22:27:38.453+0000] {processor.py:914} INFO - Processing file /opt/airflow/dags/dag.py for tasks to queue
[2026-04-10T22:27:38.456+0000] {logging_mixin.py:190} INFO - [2026-04-10T22:27:38.455+0000] {dagbag.py:588} INFO - Filling up the DagBag from /opt/airflow/dags/dag.py
[2026-04-10T22:27:38.468+0000] {processor.py:925} INFO - DAG(s) 'matrix_minio' retrieved from /opt/airflow/dags/dag.py
[2026-04-10T22:27:38.501+0000] {logging_mixin.py:190} INFO - [2026-04-10T22:27:38.501+0000] {dag.py:3239} INFO - Sync 1 DAGs
[2026-04-10T22:27:38.519+0000] {logging_mixin.py:190} INFO - [2026-04-10T22:27:38.519+0000] {dag.py:4180} INFO - Setting next_dagrun for matrix_minio to None, run_after=None
[2026-04-10T22:27:38.542+0000] {processor.py:208} INFO - Processing /opt/airflow/dags/dag.py took 0.098 seconds
[2026-04-10T22:28:08.868+0000] {processor.py:186} INFO - Started process (PID=33468) to work on /opt/airflow/dags/dag.py
[2026-04-10T22:28:08.869+0000] {processor.py:914} INFO - Processing file /opt/airflow/dags/dag.py for tasks to queue
[2026-04-10T22:28:08.871+0000] {logging_mixin.py:190} INFO - [2026-04-10T22:28:08.871+0000] {dagbag.py:588} INFO - Filling up the DagBag from /opt/airflow/dags/dag.py
[2026-04-10T22:28:08.881+0000] {processor.py:925} INFO - DAG(s) 'matrix_minio' retrieved from /opt/airflow/dags/dag.py
[2026-04-10T22:28:08.916+0000] {logging_mixin.py:190} INFO - [2026-04-10T22:28:08.915+0000] {dag.py:3239} INFO - Sync 1 DAGs
[2026-04-10T22:28:08.931+0000] {logging_mixin.py:190} INFO - [2026-04-10T22:28:08.931+0000] {dag.py:4180} INFO - Setting next_dagrun for matrix_minio to None, run_after=None
[2026-04-10T22:28:08.958+0000] {processor.py:208} INFO - Processing /opt/airflow/dags/dag.py took 0.098 seconds
[2026-04-10T22:28:39.481+0000] {processor.py:186} INFO - Started process (PID=33539) to work on /opt/airflow/dags/dag.py
[2026-04-10T22:28:39.482+0000] {processor.py:914} INFO - Processing file /opt/airflow/dags/dag.py for tasks to queue
[2026-04-10T22:28:39.485+0000] {logging_mixin.py:190} INFO - [2026-04-10T22:28:39.484+0000] {dagbag.py:588} INFO - Filling up the DagBag from /opt/airflow/dags/dag.py
[2026-04-10T22:28:39.494+0000] {processor.py:925} INFO - DAG(s) 'matrix_minio' retrieved from /opt/airflow/dags/dag.py
[2026-04-10T22:28:39.524+0000] {logging_mixin.py:190} INFO - [2026-04-10T22:28:39.524+0000] {dag.py:3239} INFO - Sync 1 DAGs
[2026-04-10T22:28:39.541+0000] {logging_mixin.py:190} INFO - [2026-04-10T22:28:39.541+0000] {dag.py:4180} INFO - Setting next_dagrun for matrix_minio to None, run_after=None
[2026-04-10T22:28:39.566+0000] {processor.py:208} INFO - Processing /opt/airflow/dags/dag.py took 0.095 seconds
[2026-04-10T22:29:09.864+0000] {processor.py:186} INFO - Started process (PID=33610) to work on /opt/airflow/dags/dag.py
[2026-04-10T22:29:09.865+0000] {processor.py:914} INFO - Processing file /opt/airflow/dags/dag.py for tasks to queue
[2026-04-10T22:29:09.868+0000] {logging_mixin.py:190} INFO - [2026-04-10T22:29:09.868+0000] {dagbag.py:588} INFO - Filling up the DagBag from /opt/airflow/dags/dag.py
[2026-04-10T22:29:09.880+0000] {processor.py:925} INFO - DAG(s) 'matrix_minio' retrieved from /opt/airflow/dags/dag.py
[2026-04-10T22:29:09.927+0000] {logging_mixin.py:190} INFO - [2026-04-10T22:29:09.927+0000] {dag.py:3239} INFO - Sync 1 DAGs
[2026-04-10T22:29:09.949+0000] {logging_mixin.py:190} INFO - [2026-04-10T22:29:09.949+0000] {dag.py:4180} INFO - Setting next_dagrun for matrix_minio to None, run_after=None
[2026-04-10T22:29:09.978+0000] {processor.py:208} INFO - Processing /opt/airflow/dags/dag.py took 0.123 seconds
[2026-04-10T22:29:40.367+0000] {processor.py:186} INFO - Started process (PID=33681) to work on /opt/airflow/dags/dag.py
[2026-04-10T22:29:40.368+0000] {processor.py:914} INFO - Processing file /opt/airflow/dags/dag.py for tasks to queue
[2026-04-10T22:29:40.371+0000] {logging_mixin.py:190} INFO - [2026-04-10T22:29:40.371+0000] {dagbag.py:588} INFO - Filling up the DagBag from /opt/airflow/dags/dag.py
[2026-04-10T22:29:40.382+0000] {processor.py:925} INFO - DAG(s) 'matrix_minio' retrieved from /opt/airflow/dags/dag.py
[2026-04-10T22:29:40.420+0000] {logging_mixin.py:190} INFO - [2026-04-10T22:29:40.420+0000] {dag.py:3239} INFO - Sync 1 DAGs
[2026-04-10T22:29:40.443+0000] {logging_mixin.py:190} INFO - [2026-04-10T22:29:40.443+0000] {dag.py:4180} INFO - Setting next_dagrun for matrix_minio to None, run_after=None
[2026-04-10T22:29:40.467+0000] {processor.py:208} INFO - Processing /opt/airflow/dags/dag.py took 0.112 seconds
[2026-04-10T22:30:10.772+0000] {processor.py:186} INFO - Started process (PID=33752) to work on /opt/airflow/dags/dag.py
[2026-04-10T22:30:10.773+0000] {processor.py:914} INFO - Processing file /opt/airflow/dags/dag.py for tasks to queue
[2026-04-10T22:30:10.776+0000] {logging_mixin.py:190} INFO - [2026-04-10T22:30:10.776+0000] {dagbag.py:588} INFO - Filling up the DagBag from /opt/airflow/dags/dag.py
[2026-04-10T22:30:10.786+0000] {processor.py:925} INFO - DAG(s) 'matrix_minio' retrieved from /opt/airflow/dags/dag.py
[2026-04-10T22:30:10.825+0000] {logging_mixin.py:190} INFO - [2026-04-10T22:30:10.825+0000] {dag.py:3239} INFO - Sync 1 DAGs
[2026-04-10T22:30:10.844+0000] {logging_mixin.py:190} INFO - [2026-04-10T22:30:10.844+0000] {dag.py:4180} INFO - Setting next_dagrun for matrix_minio to None, run_after=None
[2026-04-10T22:30:10.870+0000] {processor.py:208} INFO - Processing /opt/airflow/dags/dag.py took 0.105 seconds
[2026-04-10T22:30:41.302+0000] {processor.py:186} INFO - Started process (PID=33823) to work on /opt/airflow/dags/dag.py
[2026-04-10T22:30:41.303+0000] {processor.py:914} INFO - Processing file /opt/airflow/dags/dag.py for tasks to queue
[2026-04-10T22:30:41.306+0000] {logging_mixin.py:190} INFO - [2026-04-10T22:30:41.306+0000] {dagbag.py:588} INFO - Filling up the DagBag from /opt/airflow/dags/dag.py
[2026-04-10T22:30:41.316+0000] {processor.py:925} INFO - DAG(s) 'matrix_minio' retrieved from /opt/airflow/dags/dag.py
[2026-04-10T22:30:41.499+0000] {logging_mixin.py:190} INFO - [2026-04-10T22:30:41.499+0000] {dag.py:3239} INFO - Sync 1 DAGs
[2026-04-10T22:30:41.514+0000] {logging_mixin.py:190} INFO - [2026-04-10T22:30:41.514+0000] {dag.py:4180} INFO - Setting next_dagrun for matrix_minio to None, run_after=None
[2026-04-10T22:30:41.547+0000] {processor.py:208} INFO - Processing /opt/airflow/dags/dag.py took 0.253 seconds
[2026-04-10T22:31:12.203+0000] {processor.py:186} INFO - Started process (PID=33894) to work on /opt/airflow/dags/dag.py
[2026-04-10T22:31:12.203+0000] {processor.py:914} INFO - Processing file /opt/airflow/dags/dag.py for tasks to queue
[2026-04-10T22:31:12.206+0000] {logging_mixin.py:190} INFO - [2026-04-10T22:31:12.205+0000] {dagbag.py:588} INFO - Filling up the DagBag from /opt/airflow/dags/dag.py
[2026-04-10T22:31:12.216+0000] {processor.py:925} INFO - DAG(s) 'matrix_minio' retrieved from /opt/airflow/dags/dag.py
[2026-04-10T22:31:12.248+0000] {logging_mixin.py:190} INFO - [2026-04-10T22:31:12.247+0000] {dag.py:3239} INFO - Sync 1 DAGs
[2026-04-10T22:31:12.267+0000] {logging_mixin.py:190} INFO - [2026-04-10T22:31:12.266+0000] {dag.py:4180} INFO - Setting next_dagrun for matrix_minio to None, run_after=None
[2026-04-10T22:31:12.291+0000] {processor.py:208} INFO - Processing /opt/airflow/dags/dag.py took 0.099 seconds
[2026-04-10T22:31:42.589+0000] {processor.py:186} INFO - Started process (PID=33965) to work on /opt/airflow/dags/dag.py
[2026-04-10T22:31:42.590+0000] {processor.py:914} INFO - Processing file /opt/airflow/dags/dag.py for tasks to queue
[2026-04-10T22:31:42.593+0000] {logging_mixin.py:190} INFO - [2026-04-10T22:31:42.593+0000] {dagbag.py:588} INFO - Filling up the DagBag from /opt/airflow/dags/dag.py
[2026-04-10T22:31:42.604+0000] {processor.py:925} INFO - DAG(s) 'matrix_minio' retrieved from /opt/airflow/dags/dag.py
[2026-04-10T22:31:42.637+0000] {logging_mixin.py:190} INFO - [2026-04-10T22:31:42.636+0000] {dag.py:3239} INFO - Sync 1 DAGs
[2026-04-10T22:31:42.658+0000] {logging_mixin.py:190} INFO - [2026-04-10T22:31:42.658+0000] {dag.py:4180} INFO - Setting next_dagrun for matrix_minio to None, run_after=None
[2026-04-10T22:31:42.683+0000] {processor.py:208} INFO - Processing /opt/airflow/dags/dag.py took 0.101 seconds
[2026-04-10T22:32:12.974+0000] {processor.py:186} INFO - Started process (PID=34036) to work on /opt/airflow/dags/dag.py
[2026-04-10T22:32:12.975+0000] {processor.py:914} INFO - Processing file /opt/airflow/dags/dag.py for tasks to queue
[2026-04-10T22:32:12.978+0000] {logging_mixin.py:190} INFO - [2026-04-10T22:32:12.977+0000] {dagbag.py:588} INFO - Filling up the DagBag from /opt/airflow/dags/dag.py
[2026-04-10T22:32:12.987+0000] {processor.py:925} INFO - DAG(s) 'matrix_minio' retrieved from /opt/airflow/dags/dag.py
[2026-04-10T22:32:13.021+0000] {logging_mixin.py:190} INFO - [2026-04-10T22:32:13.020+0000] {dag.py:3239} INFO - Sync 1 DAGs
[2026-04-10T22:32:13.039+0000] {logging_mixin.py:190} INFO - [2026-04-10T22:32:13.038+0000] {dag.py:4180} INFO - Setting next_dagrun for matrix_minio to None, run_after=None
[2026-04-10T22:32:13.067+0000] {processor.py:208} INFO - Processing /opt/airflow/dags/dag.py took 0.100 seconds
[2026-04-10T22:32:43.295+0000] {processor.py:186} INFO - Started process (PID=34107) to work on /opt/airflow/dags/dag.py
[2026-04-10T22:32:43.296+0000] {processor.py:914} INFO - Processing file /opt/airflow/dags/dag.py for tasks to queue
[2026-04-10T22:32:43.299+0000] {logging_mixin.py:190} INFO - [2026-04-10T22:32:43.298+0000] {dagbag.py:588} INFO - Filling up the DagBag from /opt/airflow/dags/dag.py
[2026-04-10T22:32:43.309+0000] {processor.py:925} INFO - DAG(s) 'matrix_minio' retrieved from /opt/airflow/dags/dag.py
[2026-04-10T22:32:43.339+0000] {logging_mixin.py:190} INFO - [2026-04-10T22:32:43.339+0000] {dag.py:3239} INFO - Sync 1 DAGs
[2026-04-10T22:32:43.357+0000] {logging_mixin.py:190} INFO - [2026-04-10T22:32:43.357+0000] {dag.py:4180} INFO - Setting next_dagrun for matrix_minio to None, run_after=None
[2026-04-10T22:32:43.380+0000] {processor.py:208} INFO - Processing /opt/airflow/dags/dag.py took 0.095 seconds
[2026-04-10T22:33:13.615+0000] {processor.py:186} INFO - Started process (PID=34178) to work on /opt/airflow/dags/dag.py
[2026-04-10T22:33:13.617+0000] {processor.py:914} INFO - Processing file /opt/airflow/dags/dag.py for tasks to queue
[2026-04-10T22:33:13.620+0000] {logging_mixin.py:190} INFO - [2026-04-10T22:33:13.620+0000] {dagbag.py:588} INFO - Filling up the DagBag from /opt/airflow/dags/dag.py
[2026-04-10T22:33:13.631+0000] {processor.py:925} INFO - DAG(s) 'matrix_minio' retrieved from /opt/airflow/dags/dag.py
[2026-04-10T22:33:13.671+0000] {logging_mixin.py:190} INFO - [2026-04-10T22:33:13.671+0000] {dag.py:3239} INFO - Sync 1 DAGs
[2026-04-10T22:33:13.691+0000] {logging_mixin.py:190} INFO - [2026-04-10T22:33:13.691+0000] {dag.py:4180} INFO - Setting next_dagrun for matrix_minio to None, run_after=None
[2026-04-10T22:33:13.714+0000] {processor.py:208} INFO - Processing /opt/airflow/dags/dag.py took 0.107 seconds
