[2026-03-15T08:08:37.869+0000] {processor.py:186} INFO - Started process (PID=716) to work on /opt/airflow/dags/mar15.py
[2026-03-15T08:08:37.870+0000] {processor.py:914} INFO - Processing file /opt/airflow/dags/mar15.py for tasks to queue
[2026-03-15T08:08:37.873+0000] {logging_mixin.py:190} INFO - [2026-03-15T08:08:37.872+0000] {dagbag.py:588} INFO - Filling up the DagBag from /opt/airflow/dags/mar15.py
[2026-03-15T08:08:37.877+0000] {processor.py:927} WARNING - No viable dags retrieved from /opt/airflow/dags/mar15.py
[2026-03-15T08:08:37.898+0000] {processor.py:208} INFO - Processing /opt/airflow/dags/mar15.py took 0.039 seconds
[2026-03-15T08:08:59.117+0000] {processor.py:186} INFO - Started process (PID=732) to work on /opt/airflow/dags/mar15.py
[2026-03-15T08:08:59.118+0000] {processor.py:914} INFO - Processing file /opt/airflow/dags/mar15.py for tasks to queue
[2026-03-15T08:08:59.122+0000] {logging_mixin.py:190} INFO - [2026-03-15T08:08:59.122+0000] {dagbag.py:588} INFO - Filling up the DagBag from /opt/airflow/dags/mar15.py
[2026-03-15T08:08:59.129+0000] {processor.py:927} WARNING - No viable dags retrieved from /opt/airflow/dags/mar15.py
[2026-03-15T08:08:59.154+0000] {processor.py:208} INFO - Processing /opt/airflow/dags/mar15.py took 0.047 seconds
[2026-03-15T08:09:00.140+0000] {processor.py:186} INFO - Started process (PID=737) to work on /opt/airflow/dags/mar15.py
[2026-03-15T08:09:00.141+0000] {processor.py:914} INFO - Processing file /opt/airflow/dags/mar15.py for tasks to queue
[2026-03-15T08:09:00.144+0000] {logging_mixin.py:190} INFO - [2026-03-15T08:09:00.143+0000] {dagbag.py:588} INFO - Filling up the DagBag from /opt/airflow/dags/mar15.py
[2026-03-15T08:09:00.149+0000] {processor.py:927} WARNING - No viable dags retrieved from /opt/airflow/dags/mar15.py
[2026-03-15T08:09:00.173+0000] {processor.py:208} INFO - Processing /opt/airflow/dags/mar15.py took 0.042 seconds
[2026-03-15T08:09:09.320+0000] {processor.py:186} INFO - Started process (PID=747) to work on /opt/airflow/dags/mar15.py
[2026-03-15T08:09:09.321+0000] {processor.py:914} INFO - Processing file /opt/airflow/dags/mar15.py for tasks to queue
[2026-03-15T08:09:09.325+0000] {logging_mixin.py:190} INFO - [2026-03-15T08:09:09.324+0000] {dagbag.py:588} INFO - Filling up the DagBag from /opt/airflow/dags/mar15.py
[2026-03-15T08:09:09.326+0000] {logging_mixin.py:190} INFO - [2026-03-15T08:09:09.326+0000] {dagbag.py:366} INFO - File /opt/airflow/dags/mar15.py assumed to contain no DAGs. Skipping.
[2026-03-15T08:09:09.326+0000] {processor.py:927} WARNING - No viable dags retrieved from /opt/airflow/dags/mar15.py
[2026-03-15T08:09:09.348+0000] {processor.py:208} INFO - Processing /opt/airflow/dags/mar15.py took 0.036 seconds
[2026-03-15T08:09:12.408+0000] {processor.py:186} INFO - Started process (PID=752) to work on /opt/airflow/dags/mar15.py
[2026-03-15T08:09:12.410+0000] {processor.py:914} INFO - Processing file /opt/airflow/dags/mar15.py for tasks to queue
[2026-03-15T08:09:12.414+0000] {logging_mixin.py:190} INFO - [2026-03-15T08:09:12.414+0000] {dagbag.py:588} INFO - Filling up the DagBag from /opt/airflow/dags/mar15.py
[2026-03-15T08:09:12.417+0000] {logging_mixin.py:190} INFO - [2026-03-15T08:09:12.416+0000] {dagbag.py:366} INFO - File /opt/airflow/dags/mar15.py assumed to contain no DAGs. Skipping.
[2026-03-15T08:09:12.418+0000] {processor.py:927} WARNING - No viable dags retrieved from /opt/airflow/dags/mar15.py
[2026-03-15T08:09:12.444+0000] {processor.py:208} INFO - Processing /opt/airflow/dags/mar15.py took 0.047 seconds
[2026-03-15T08:10:04.030+0000] {processor.py:186} INFO - Started process (PID=784) to work on /opt/airflow/dags/mar15.py
[2026-03-15T08:10:04.031+0000] {processor.py:914} INFO - Processing file /opt/airflow/dags/mar15.py for tasks to queue
[2026-03-15T08:10:04.034+0000] {logging_mixin.py:190} INFO - [2026-03-15T08:10:04.034+0000] {dagbag.py:588} INFO - Filling up the DagBag from /opt/airflow/dags/mar15.py
[2026-03-15T08:10:04.048+0000] {logging_mixin.py:190} INFO - [2026-03-15T08:10:04.037+0000] {dagbag.py:387} ERROR - Failed to import: /opt/airflow/dags/mar15.py
Traceback (most recent call last):
  File "/home/airflow/.local/lib/python3.12/site-packages/airflow/models/dagbag.py", line 383, in parse
    loader.exec_module(new_module)
  File "<frozen importlib._bootstrap_external>", line 995, in exec_module
  File "<frozen importlib._bootstrap_external>", line 1133, in get_code
  File "<frozen importlib._bootstrap_external>", line 1063, in source_to_code
  File "<frozen importlib._bootstrap>", line 488, in _call_with_frames_removed
  File "/opt/airflow/dags/mar15.py", line 1
    import imports from './imports.py'
                   ^^^^
SyntaxError: invalid syntax
[2026-03-15T08:10:04.050+0000] {processor.py:927} WARNING - No viable dags retrieved from /opt/airflow/dags/mar15.py
[2026-03-15T08:10:04.083+0000] {processor.py:208} INFO - Processing /opt/airflow/dags/mar15.py took 0.060 seconds
[2026-03-15T08:10:07.062+0000] {processor.py:186} INFO - Started process (PID=789) to work on /opt/airflow/dags/mar15.py
[2026-03-15T08:10:07.063+0000] {processor.py:914} INFO - Processing file /opt/airflow/dags/mar15.py for tasks to queue
[2026-03-15T08:10:07.066+0000] {logging_mixin.py:190} INFO - [2026-03-15T08:10:07.066+0000] {dagbag.py:588} INFO - Filling up the DagBag from /opt/airflow/dags/mar15.py
[2026-03-15T08:10:07.071+0000] {logging_mixin.py:190} INFO - [2026-03-15T08:10:07.069+0000] {dagbag.py:387} ERROR - Failed to import: /opt/airflow/dags/mar15.py
Traceback (most recent call last):
  File "/home/airflow/.local/lib/python3.12/site-packages/airflow/models/dagbag.py", line 383, in parse
    loader.exec_module(new_module)
  File "<frozen importlib._bootstrap_external>", line 995, in exec_module
  File "<frozen importlib._bootstrap_external>", line 1133, in get_code
  File "<frozen importlib._bootstrap_external>", line 1063, in source_to_code
  File "<frozen importlib._bootstrap>", line 488, in _call_with_frames_removed
  File "/opt/airflow/dags/mar15.py", line 1
    import imports from './imports.py'
                   ^^^^
SyntaxError: invalid syntax
[2026-03-15T08:10:07.072+0000] {processor.py:927} WARNING - No viable dags retrieved from /opt/airflow/dags/mar15.py
[2026-03-15T08:10:07.104+0000] {processor.py:208} INFO - Processing /opt/airflow/dags/mar15.py took 0.051 seconds
[2026-03-15T08:10:23.314+0000] {processor.py:186} INFO - Started process (PID=805) to work on /opt/airflow/dags/mar15.py
[2026-03-15T08:10:23.324+0000] {processor.py:914} INFO - Processing file /opt/airflow/dags/mar15.py for tasks to queue
[2026-03-15T08:10:23.327+0000] {logging_mixin.py:190} INFO - [2026-03-15T08:10:23.327+0000] {dagbag.py:588} INFO - Filling up the DagBag from /opt/airflow/dags/mar15.py
[2026-03-15T08:10:23.328+0000] {logging_mixin.py:190} INFO - [2026-03-15T08:10:23.328+0000] {dagbag.py:366} INFO - File /opt/airflow/dags/mar15.py assumed to contain no DAGs. Skipping.
[2026-03-15T08:10:23.328+0000] {processor.py:927} WARNING - No viable dags retrieved from /opt/airflow/dags/mar15.py
[2026-03-15T08:10:23.351+0000] {processor.py:208} INFO - Processing /opt/airflow/dags/mar15.py took 0.043 seconds
[2026-03-15T08:15:07.965+0000] {processor.py:186} INFO - Started process (PID=964) to work on /opt/airflow/dags/mar15.py
[2026-03-15T08:15:07.975+0000] {processor.py:914} INFO - Processing file /opt/airflow/dags/mar15.py for tasks to queue
[2026-03-15T08:15:07.979+0000] {logging_mixin.py:190} INFO - [2026-03-15T08:15:07.978+0000] {dagbag.py:588} INFO - Filling up the DagBag from /opt/airflow/dags/mar15.py
[2026-03-15T08:15:07.986+0000] {logging_mixin.py:190} INFO - [2026-03-15T08:15:07.984+0000] {dagbag.py:387} ERROR - Failed to import: /opt/airflow/dags/mar15.py
Traceback (most recent call last):
  File "/home/airflow/.local/lib/python3.12/site-packages/airflow/models/dagbag.py", line 383, in parse
    loader.exec_module(new_module)
  File "<frozen importlib._bootstrap_external>", line 999, in exec_module
  File "<frozen importlib._bootstrap>", line 488, in _call_with_frames_removed
  File "/opt/airflow/dags/mar15.py", line 1, in <module>
    from airflow.dags.custom_scripts.airflow_utils import *
ModuleNotFoundError: No module named 'airflow.dags'
[2026-03-15T08:15:07.988+0000] {processor.py:927} WARNING - No viable dags retrieved from /opt/airflow/dags/mar15.py
[2026-03-15T08:15:08.021+0000] {processor.py:208} INFO - Processing /opt/airflow/dags/mar15.py took 0.065 seconds
[2026-03-15T08:15:14.117+0000] {processor.py:186} INFO - Started process (PID=974) to work on /opt/airflow/dags/mar15.py
[2026-03-15T08:15:14.118+0000] {processor.py:914} INFO - Processing file /opt/airflow/dags/mar15.py for tasks to queue
[2026-03-15T08:15:14.119+0000] {logging_mixin.py:190} INFO - [2026-03-15T08:15:14.119+0000] {dagbag.py:588} INFO - Filling up the DagBag from /opt/airflow/dags/mar15.py
[2026-03-15T08:15:14.121+0000] {logging_mixin.py:190} INFO - [2026-03-15T08:15:14.121+0000] {dagbag.py:366} INFO - File /opt/airflow/dags/mar15.py assumed to contain no DAGs. Skipping.
[2026-03-15T08:15:14.122+0000] {processor.py:927} WARNING - No viable dags retrieved from /opt/airflow/dags/mar15.py
[2026-03-15T08:15:14.142+0000] {processor.py:208} INFO - Processing /opt/airflow/dags/mar15.py took 0.033 seconds
[2026-03-15T08:15:16.209+0000] {processor.py:186} INFO - Started process (PID=979) to work on /opt/airflow/dags/mar15.py
[2026-03-15T08:15:16.210+0000] {processor.py:914} INFO - Processing file /opt/airflow/dags/mar15.py for tasks to queue
[2026-03-15T08:15:16.212+0000] {logging_mixin.py:190} INFO - [2026-03-15T08:15:16.211+0000] {dagbag.py:588} INFO - Filling up the DagBag from /opt/airflow/dags/mar15.py
[2026-03-15T08:15:16.213+0000] {logging_mixin.py:190} INFO - [2026-03-15T08:15:16.213+0000] {dagbag.py:366} INFO - File /opt/airflow/dags/mar15.py assumed to contain no DAGs. Skipping.
[2026-03-15T08:15:16.214+0000] {processor.py:927} WARNING - No viable dags retrieved from /opt/airflow/dags/mar15.py
[2026-03-15T08:15:16.238+0000] {processor.py:208} INFO - Processing /opt/airflow/dags/mar15.py took 0.036 seconds
[2026-03-15T08:15:38.484+0000] {processor.py:186} INFO - Started process (PID=995) to work on /opt/airflow/dags/mar15.py
[2026-03-15T08:15:38.485+0000] {processor.py:914} INFO - Processing file /opt/airflow/dags/mar15.py for tasks to queue
[2026-03-15T08:15:38.487+0000] {logging_mixin.py:190} INFO - [2026-03-15T08:15:38.487+0000] {dagbag.py:588} INFO - Filling up the DagBag from /opt/airflow/dags/mar15.py
[2026-03-15T08:15:38.491+0000] {logging_mixin.py:190} INFO - [2026-03-15T08:15:38.489+0000] {dagbag.py:387} ERROR - Failed to import: /opt/airflow/dags/mar15.py
Traceback (most recent call last):
  File "/home/airflow/.local/lib/python3.12/site-packages/airflow/models/dagbag.py", line 383, in parse
    loader.exec_module(new_module)
  File "<frozen importlib._bootstrap_external>", line 995, in exec_module
  File "<frozen importlib._bootstrap_external>", line 1133, in get_code
  File "<frozen importlib._bootstrap_external>", line 1063, in source_to_code
  File "<frozen importlib._bootstrap>", line 488, in _call_with_frames_removed
  File "/opt/airflow/dags/mar15.py", line 1
    from './airflow/dags'
         ^^^^^^^^^^^^^^^^
SyntaxError: invalid syntax
[2026-03-15T08:15:38.492+0000] {processor.py:927} WARNING - No viable dags retrieved from /opt/airflow/dags/mar15.py
[2026-03-15T08:15:38.523+0000] {processor.py:208} INFO - Processing /opt/airflow/dags/mar15.py took 0.047 seconds
[2026-03-15T08:15:53.680+0000] {processor.py:186} INFO - Started process (PID=1011) to work on /opt/airflow/dags/mar15.py
[2026-03-15T08:15:53.690+0000] {processor.py:914} INFO - Processing file /opt/airflow/dags/mar15.py for tasks to queue
[2026-03-15T08:15:53.691+0000] {logging_mixin.py:190} INFO - [2026-03-15T08:15:53.691+0000] {dagbag.py:588} INFO - Filling up the DagBag from /opt/airflow/dags/mar15.py
[2026-03-15T08:15:53.694+0000] {logging_mixin.py:190} INFO - [2026-03-15T08:15:53.693+0000] {dagbag.py:387} ERROR - Failed to import: /opt/airflow/dags/mar15.py
Traceback (most recent call last):
  File "/home/airflow/.local/lib/python3.12/site-packages/airflow/models/dagbag.py", line 383, in parse
    loader.exec_module(new_module)
  File "<frozen importlib._bootstrap_external>", line 995, in exec_module
  File "<frozen importlib._bootstrap_external>", line 1133, in get_code
  File "<frozen importlib._bootstrap_external>", line 1063, in source_to_code
  File "<frozen importlib._bootstrap>", line 488, in _call_with_frames_removed
  File "/opt/airflow/dags/mar15.py", line 1
    /home/nurgun/Documents/mart_14_sinifde/airflow/dags/custom_scripts
    ^
SyntaxError: invalid syntax
[2026-03-15T08:15:53.695+0000] {processor.py:927} WARNING - No viable dags retrieved from /opt/airflow/dags/mar15.py
[2026-03-15T08:15:53.720+0000] {processor.py:208} INFO - Processing /opt/airflow/dags/mar15.py took 0.047 seconds
[2026-03-15T08:15:56.730+0000] {processor.py:186} INFO - Started process (PID=1016) to work on /opt/airflow/dags/mar15.py
[2026-03-15T08:15:56.731+0000] {processor.py:914} INFO - Processing file /opt/airflow/dags/mar15.py for tasks to queue
[2026-03-15T08:15:56.733+0000] {logging_mixin.py:190} INFO - [2026-03-15T08:15:56.732+0000] {dagbag.py:588} INFO - Filling up the DagBag from /opt/airflow/dags/mar15.py
[2026-03-15T08:15:56.738+0000] {logging_mixin.py:190} INFO - [2026-03-15T08:15:56.736+0000] {dagbag.py:387} ERROR - Failed to import: /opt/airflow/dags/mar15.py
Traceback (most recent call last):
  File "/home/airflow/.local/lib/python3.12/site-packages/airflow/models/dagbag.py", line 383, in parse
    loader.exec_module(new_module)
  File "<frozen importlib._bootstrap_external>", line 995, in exec_module
  File "<frozen importlib._bootstrap_external>", line 1133, in get_code
  File "<frozen importlib._bootstrap_external>", line 1063, in source_to_code
  File "<frozen importlib._bootstrap>", line 488, in _call_with_frames_removed
  File "/opt/airflow/dags/mar15.py", line 1
    from //home/nurgun/Documents/mart_14_sinifde/airflow/dags/custom_scripts
         ^^
SyntaxError: invalid syntax
[2026-03-15T08:15:56.739+0000] {processor.py:927} WARNING - No viable dags retrieved from /opt/airflow/dags/mar15.py
[2026-03-15T08:15:56.772+0000] {processor.py:208} INFO - Processing /opt/airflow/dags/mar15.py took 0.052 seconds
[2026-03-15T08:15:59.821+0000] {processor.py:186} INFO - Started process (PID=1021) to work on /opt/airflow/dags/mar15.py
[2026-03-15T08:15:59.822+0000] {processor.py:914} INFO - Processing file /opt/airflow/dags/mar15.py for tasks to queue
[2026-03-15T08:15:59.825+0000] {logging_mixin.py:190} INFO - [2026-03-15T08:15:59.824+0000] {dagbag.py:588} INFO - Filling up the DagBag from /opt/airflow/dags/mar15.py
[2026-03-15T08:15:59.831+0000] {logging_mixin.py:190} INFO - [2026-03-15T08:15:59.828+0000] {dagbag.py:387} ERROR - Failed to import: /opt/airflow/dags/mar15.py
Traceback (most recent call last):
  File "/home/airflow/.local/lib/python3.12/site-packages/airflow/models/dagbag.py", line 383, in parse
    loader.exec_module(new_module)
  File "<frozen importlib._bootstrap_external>", line 995, in exec_module
  File "<frozen importlib._bootstrap_external>", line 1133, in get_code
  File "<frozen importlib._bootstrap_external>", line 1063, in source_to_code
  File "<frozen importlib._bootstrap>", line 488, in _call_with_frames_removed
  File "/opt/airflow/dags/mar15.py", line 1
    from '/home/nurgun/Documents/mart_14_sinifde/airflow/dags/custom_scripts'
         ^^^^^^^^^^^^^^^^^^^^^^^^^^^^^^^^^^^^^^^^^^^^^^^^^^^^^^^^^^^^^^^^^^^^
SyntaxError: invalid syntax
[2026-03-15T08:15:59.833+0000] {processor.py:927} WARNING - No viable dags retrieved from /opt/airflow/dags/mar15.py
[2026-03-15T08:15:59.868+0000] {processor.py:208} INFO - Processing /opt/airflow/dags/mar15.py took 0.058 seconds
[2026-03-15T08:16:03.890+0000] {processor.py:186} INFO - Started process (PID=1026) to work on /opt/airflow/dags/mar15.py
[2026-03-15T08:16:03.891+0000] {processor.py:914} INFO - Processing file /opt/airflow/dags/mar15.py for tasks to queue
[2026-03-15T08:16:03.893+0000] {logging_mixin.py:190} INFO - [2026-03-15T08:16:03.893+0000] {dagbag.py:588} INFO - Filling up the DagBag from /opt/airflow/dags/mar15.py
[2026-03-15T08:16:03.898+0000] {logging_mixin.py:190} INFO - [2026-03-15T08:16:03.897+0000] {dagbag.py:387} ERROR - Failed to import: /opt/airflow/dags/mar15.py
Traceback (most recent call last):
  File "/home/airflow/.local/lib/python3.12/site-packages/airflow/models/dagbag.py", line 383, in parse
    loader.exec_module(new_module)
  File "<frozen importlib._bootstrap_external>", line 995, in exec_module
  File "<frozen importlib._bootstrap_external>", line 1133, in get_code
  File "<frozen importlib._bootstrap_external>", line 1063, in source_to_code
  File "<frozen importlib._bootstrap>", line 488, in _call_with_frames_removed
  File "/opt/airflow/dags/mar15.py", line 1
    from '/home/nurgun/Documents/mart_14_sinifde/airflow/dags/custom_scripts' import *
         ^^^^^^^^^^^^^^^^^^^^^^^^^^^^^^^^^^^^^^^^^^^^^^^^^^^^^^^^^^^^^^^^^^^^
SyntaxError: invalid syntax
[2026-03-15T08:16:03.899+0000] {processor.py:927} WARNING - No viable dags retrieved from /opt/airflow/dags/mar15.py
[2026-03-15T08:16:03.933+0000] {processor.py:208} INFO - Processing /opt/airflow/dags/mar15.py took 0.052 seconds
[2026-03-15T08:16:34.375+0000] {processor.py:186} INFO - Started process (PID=1047) to work on /opt/airflow/dags/mar15.py
[2026-03-15T08:16:34.385+0000] {processor.py:914} INFO - Processing file /opt/airflow/dags/mar15.py for tasks to queue
[2026-03-15T08:16:34.387+0000] {logging_mixin.py:190} INFO - [2026-03-15T08:16:34.386+0000] {dagbag.py:588} INFO - Filling up the DagBag from /opt/airflow/dags/mar15.py
[2026-03-15T08:16:34.391+0000] {logging_mixin.py:190} INFO - [2026-03-15T08:16:34.389+0000] {dagbag.py:387} ERROR - Failed to import: /opt/airflow/dags/mar15.py
Traceback (most recent call last):
  File "/home/airflow/.local/lib/python3.12/site-packages/airflow/models/dagbag.py", line 383, in parse
    loader.exec_module(new_module)
  File "<frozen importlib._bootstrap_external>", line 995, in exec_module
  File "<frozen importlib._bootstrap_external>", line 1133, in get_code
  File "<frozen importlib._bootstrap_external>", line 1063, in source_to_code
  File "<frozen importlib._bootstrap>", line 488, in _call_with_frames_removed
  File "/opt/airflow/dags/mar15.py", line 1
    from '/home/nurgun/Documents/mart_14_sinifde/airflow/dags/custom_scripts' import *
         ^^^^^^^^^^^^^^^^^^^^^^^^^^^^^^^^^^^^^^^^^^^^^^^^^^^^^^^^^^^^^^^^^^^^
SyntaxError: invalid syntax
[2026-03-15T08:16:34.391+0000] {processor.py:927} WARNING - No viable dags retrieved from /opt/airflow/dags/mar15.py
[2026-03-15T08:16:34.424+0000] {processor.py:208} INFO - Processing /opt/airflow/dags/mar15.py took 0.058 seconds
[2026-03-15T08:17:04.888+0000] {processor.py:186} INFO - Started process (PID=1068) to work on /opt/airflow/dags/mar15.py
[2026-03-15T08:17:04.898+0000] {processor.py:914} INFO - Processing file /opt/airflow/dags/mar15.py for tasks to queue
[2026-03-15T08:17:04.899+0000] {logging_mixin.py:190} INFO - [2026-03-15T08:17:04.899+0000] {dagbag.py:588} INFO - Filling up the DagBag from /opt/airflow/dags/mar15.py
[2026-03-15T08:17:04.903+0000] {logging_mixin.py:190} INFO - [2026-03-15T08:17:04.901+0000] {dagbag.py:387} ERROR - Failed to import: /opt/airflow/dags/mar15.py
Traceback (most recent call last):
  File "/home/airflow/.local/lib/python3.12/site-packages/airflow/models/dagbag.py", line 383, in parse
    loader.exec_module(new_module)
  File "<frozen importlib._bootstrap_external>", line 995, in exec_module
  File "<frozen importlib._bootstrap_external>", line 1133, in get_code
  File "<frozen importlib._bootstrap_external>", line 1063, in source_to_code
  File "<frozen importlib._bootstrap>", line 488, in _call_with_frames_removed
  File "/opt/airflow/dags/mar15.py", line 1
    from '/home/nurgun/Documents/mart_14_sinifde/airflow/dags/custom_scripts' import *
         ^^^^^^^^^^^^^^^^^^^^^^^^^^^^^^^^^^^^^^^^^^^^^^^^^^^^^^^^^^^^^^^^^^^^
SyntaxError: invalid syntax
[2026-03-15T08:17:04.903+0000] {processor.py:927} WARNING - No viable dags retrieved from /opt/airflow/dags/mar15.py
[2026-03-15T08:17:04.930+0000] {processor.py:208} INFO - Processing /opt/airflow/dags/mar15.py took 0.047 seconds
[2026-03-15T08:17:35.350+0000] {processor.py:186} INFO - Started process (PID=1089) to work on /opt/airflow/dags/mar15.py
[2026-03-15T08:17:35.358+0000] {processor.py:914} INFO - Processing file /opt/airflow/dags/mar15.py for tasks to queue
[2026-03-15T08:17:35.361+0000] {logging_mixin.py:190} INFO - [2026-03-15T08:17:35.360+0000] {dagbag.py:588} INFO - Filling up the DagBag from /opt/airflow/dags/mar15.py
[2026-03-15T08:17:35.365+0000] {logging_mixin.py:190} INFO - [2026-03-15T08:17:35.364+0000] {dagbag.py:387} ERROR - Failed to import: /opt/airflow/dags/mar15.py
Traceback (most recent call last):
  File "/home/airflow/.local/lib/python3.12/site-packages/airflow/models/dagbag.py", line 383, in parse
    loader.exec_module(new_module)
  File "<frozen importlib._bootstrap_external>", line 995, in exec_module
  File "<frozen importlib._bootstrap_external>", line 1133, in get_code
  File "<frozen importlib._bootstrap_external>", line 1063, in source_to_code
  File "<frozen importlib._bootstrap>", line 488, in _call_with_frames_removed
  File "/opt/airflow/dags/mar15.py", line 1
    from '/home/nurgun/Documents/mart_14_sinifde/airflow/dags/custom_scripts' import *
         ^^^^^^^^^^^^^^^^^^^^^^^^^^^^^^^^^^^^^^^^^^^^^^^^^^^^^^^^^^^^^^^^^^^^
SyntaxError: invalid syntax
[2026-03-15T08:17:35.366+0000] {processor.py:927} WARNING - No viable dags retrieved from /opt/airflow/dags/mar15.py
[2026-03-15T08:17:35.392+0000] {processor.py:208} INFO - Processing /opt/airflow/dags/mar15.py took 0.049 seconds
[2026-03-15T08:18:05.841+0000] {processor.py:186} INFO - Started process (PID=1110) to work on /opt/airflow/dags/mar15.py
[2026-03-15T08:18:05.842+0000] {processor.py:914} INFO - Processing file /opt/airflow/dags/mar15.py for tasks to queue
[2026-03-15T08:18:05.843+0000] {logging_mixin.py:190} INFO - [2026-03-15T08:18:05.843+0000] {dagbag.py:588} INFO - Filling up the DagBag from /opt/airflow/dags/mar15.py
[2026-03-15T08:18:05.846+0000] {logging_mixin.py:190} INFO - [2026-03-15T08:18:05.845+0000] {dagbag.py:387} ERROR - Failed to import: /opt/airflow/dags/mar15.py
Traceback (most recent call last):
  File "/home/airflow/.local/lib/python3.12/site-packages/airflow/models/dagbag.py", line 383, in parse
    loader.exec_module(new_module)
  File "<frozen importlib._bootstrap_external>", line 995, in exec_module
  File "<frozen importlib._bootstrap_external>", line 1133, in get_code
  File "<frozen importlib._bootstrap_external>", line 1063, in source_to_code
  File "<frozen importlib._bootstrap>", line 488, in _call_with_frames_removed
  File "/opt/airflow/dags/mar15.py", line 1
    from '/home/nurgun/Documents/mart_14_sinifde/airflow/dags/custom_scripts' import *
         ^^^^^^^^^^^^^^^^^^^^^^^^^^^^^^^^^^^^^^^^^^^^^^^^^^^^^^^^^^^^^^^^^^^^
SyntaxError: invalid syntax
[2026-03-15T08:18:05.847+0000] {processor.py:927} WARNING - No viable dags retrieved from /opt/airflow/dags/mar15.py
[2026-03-15T08:18:05.881+0000] {processor.py:208} INFO - Processing /opt/airflow/dags/mar15.py took 0.051 seconds
[2026-03-15T08:18:36.312+0000] {processor.py:186} INFO - Started process (PID=1131) to work on /opt/airflow/dags/mar15.py
[2026-03-15T08:18:36.313+0000] {processor.py:914} INFO - Processing file /opt/airflow/dags/mar15.py for tasks to queue
[2026-03-15T08:18:36.315+0000] {logging_mixin.py:190} INFO - [2026-03-15T08:18:36.314+0000] {dagbag.py:588} INFO - Filling up the DagBag from /opt/airflow/dags/mar15.py
[2026-03-15T08:18:36.318+0000] {logging_mixin.py:190} INFO - [2026-03-15T08:18:36.317+0000] {dagbag.py:387} ERROR - Failed to import: /opt/airflow/dags/mar15.py
Traceback (most recent call last):
  File "/home/airflow/.local/lib/python3.12/site-packages/airflow/models/dagbag.py", line 383, in parse
    loader.exec_module(new_module)
  File "<frozen importlib._bootstrap_external>", line 995, in exec_module
  File "<frozen importlib._bootstrap_external>", line 1133, in get_code
  File "<frozen importlib._bootstrap_external>", line 1063, in source_to_code
  File "<frozen importlib._bootstrap>", line 488, in _call_with_frames_removed
  File "/opt/airflow/dags/mar15.py", line 1
    from '/home/nurgun/Documents/mart_14_sinifde/airflow/dags/custom_scripts' import *
         ^^^^^^^^^^^^^^^^^^^^^^^^^^^^^^^^^^^^^^^^^^^^^^^^^^^^^^^^^^^^^^^^^^^^
SyntaxError: invalid syntax
[2026-03-15T08:18:36.319+0000] {processor.py:927} WARNING - No viable dags retrieved from /opt/airflow/dags/mar15.py
[2026-03-15T08:18:36.345+0000] {processor.py:208} INFO - Processing /opt/airflow/dags/mar15.py took 0.044 seconds
[2026-03-15T08:19:06.772+0000] {processor.py:186} INFO - Started process (PID=1152) to work on /opt/airflow/dags/mar15.py
[2026-03-15T08:19:06.782+0000] {processor.py:914} INFO - Processing file /opt/airflow/dags/mar15.py for tasks to queue
[2026-03-15T08:19:06.784+0000] {logging_mixin.py:190} INFO - [2026-03-15T08:19:06.784+0000] {dagbag.py:588} INFO - Filling up the DagBag from /opt/airflow/dags/mar15.py
[2026-03-15T08:19:06.788+0000] {logging_mixin.py:190} INFO - [2026-03-15T08:19:06.787+0000] {dagbag.py:387} ERROR - Failed to import: /opt/airflow/dags/mar15.py
Traceback (most recent call last):
  File "/home/airflow/.local/lib/python3.12/site-packages/airflow/models/dagbag.py", line 383, in parse
    loader.exec_module(new_module)
  File "<frozen importlib._bootstrap_external>", line 995, in exec_module
  File "<frozen importlib._bootstrap_external>", line 1133, in get_code
  File "<frozen importlib._bootstrap_external>", line 1063, in source_to_code
  File "<frozen importlib._bootstrap>", line 488, in _call_with_frames_removed
  File "/opt/airflow/dags/mar15.py", line 1
    from '/home/nurgun/Documents/mart_14_sinifde/airflow/dags/custom_scripts' import *
         ^^^^^^^^^^^^^^^^^^^^^^^^^^^^^^^^^^^^^^^^^^^^^^^^^^^^^^^^^^^^^^^^^^^^
SyntaxError: invalid syntax
[2026-03-15T08:19:06.789+0000] {processor.py:927} WARNING - No viable dags retrieved from /opt/airflow/dags/mar15.py
[2026-03-15T08:19:06.815+0000] {processor.py:208} INFO - Processing /opt/airflow/dags/mar15.py took 0.056 seconds
[2026-03-15T08:19:37.253+0000] {processor.py:186} INFO - Started process (PID=1173) to work on /opt/airflow/dags/mar15.py
[2026-03-15T08:19:37.263+0000] {processor.py:914} INFO - Processing file /opt/airflow/dags/mar15.py for tasks to queue
[2026-03-15T08:19:37.264+0000] {logging_mixin.py:190} INFO - [2026-03-15T08:19:37.264+0000] {dagbag.py:588} INFO - Filling up the DagBag from /opt/airflow/dags/mar15.py
[2026-03-15T08:19:37.267+0000] {logging_mixin.py:190} INFO - [2026-03-15T08:19:37.266+0000] {dagbag.py:387} ERROR - Failed to import: /opt/airflow/dags/mar15.py
Traceback (most recent call last):
  File "/home/airflow/.local/lib/python3.12/site-packages/airflow/models/dagbag.py", line 383, in parse
    loader.exec_module(new_module)
  File "<frozen importlib._bootstrap_external>", line 995, in exec_module
  File "<frozen importlib._bootstrap_external>", line 1133, in get_code
  File "<frozen importlib._bootstrap_external>", line 1063, in source_to_code
  File "<frozen importlib._bootstrap>", line 488, in _call_with_frames_removed
  File "/opt/airflow/dags/mar15.py", line 1
    from '/home/nurgun/Documents/mart_14_sinifde/airflow/dags/custom_scripts' import *
         ^^^^^^^^^^^^^^^^^^^^^^^^^^^^^^^^^^^^^^^^^^^^^^^^^^^^^^^^^^^^^^^^^^^^
SyntaxError: invalid syntax
[2026-03-15T08:19:37.268+0000] {processor.py:927} WARNING - No viable dags retrieved from /opt/airflow/dags/mar15.py
[2026-03-15T08:19:37.294+0000] {processor.py:208} INFO - Processing /opt/airflow/dags/mar15.py took 0.049 seconds
[2026-03-15T08:20:07.739+0000] {processor.py:186} INFO - Started process (PID=1194) to work on /opt/airflow/dags/mar15.py
[2026-03-15T08:20:07.749+0000] {processor.py:914} INFO - Processing file /opt/airflow/dags/mar15.py for tasks to queue
[2026-03-15T08:20:07.751+0000] {logging_mixin.py:190} INFO - [2026-03-15T08:20:07.750+0000] {dagbag.py:588} INFO - Filling up the DagBag from /opt/airflow/dags/mar15.py
[2026-03-15T08:20:07.754+0000] {logging_mixin.py:190} INFO - [2026-03-15T08:20:07.753+0000] {dagbag.py:387} ERROR - Failed to import: /opt/airflow/dags/mar15.py
Traceback (most recent call last):
  File "/home/airflow/.local/lib/python3.12/site-packages/airflow/models/dagbag.py", line 383, in parse
    loader.exec_module(new_module)
  File "<frozen importlib._bootstrap_external>", line 995, in exec_module
  File "<frozen importlib._bootstrap_external>", line 1133, in get_code
  File "<frozen importlib._bootstrap_external>", line 1063, in source_to_code
  File "<frozen importlib._bootstrap>", line 488, in _call_with_frames_removed
  File "/opt/airflow/dags/mar15.py", line 1
    from '/home/nurgun/Documents/mart_14_sinifde/airflow/dags/custom_scripts' import *
         ^^^^^^^^^^^^^^^^^^^^^^^^^^^^^^^^^^^^^^^^^^^^^^^^^^^^^^^^^^^^^^^^^^^^
SyntaxError: invalid syntax
[2026-03-15T08:20:07.755+0000] {processor.py:927} WARNING - No viable dags retrieved from /opt/airflow/dags/mar15.py
[2026-03-15T08:20:07.784+0000] {processor.py:208} INFO - Processing /opt/airflow/dags/mar15.py took 0.057 seconds
[2026-03-15T08:20:38.215+0000] {processor.py:186} INFO - Started process (PID=1215) to work on /opt/airflow/dags/mar15.py
[2026-03-15T08:20:38.225+0000] {processor.py:914} INFO - Processing file /opt/airflow/dags/mar15.py for tasks to queue
[2026-03-15T08:20:38.227+0000] {logging_mixin.py:190} INFO - [2026-03-15T08:20:38.226+0000] {dagbag.py:588} INFO - Filling up the DagBag from /opt/airflow/dags/mar15.py
[2026-03-15T08:20:38.231+0000] {logging_mixin.py:190} INFO - [2026-03-15T08:20:38.229+0000] {dagbag.py:387} ERROR - Failed to import: /opt/airflow/dags/mar15.py
Traceback (most recent call last):
  File "/home/airflow/.local/lib/python3.12/site-packages/airflow/models/dagbag.py", line 383, in parse
    loader.exec_module(new_module)
  File "<frozen importlib._bootstrap_external>", line 995, in exec_module
  File "<frozen importlib._bootstrap_external>", line 1133, in get_code
  File "<frozen importlib._bootstrap_external>", line 1063, in source_to_code
  File "<frozen importlib._bootstrap>", line 488, in _call_with_frames_removed
  File "/opt/airflow/dags/mar15.py", line 1
    from '/home/nurgun/Documents/mart_14_sinifde/airflow/dags/custom_scripts' import *
         ^^^^^^^^^^^^^^^^^^^^^^^^^^^^^^^^^^^^^^^^^^^^^^^^^^^^^^^^^^^^^^^^^^^^
SyntaxError: invalid syntax
[2026-03-15T08:20:38.232+0000] {processor.py:927} WARNING - No viable dags retrieved from /opt/airflow/dags/mar15.py
[2026-03-15T08:20:38.261+0000] {processor.py:208} INFO - Processing /opt/airflow/dags/mar15.py took 0.056 seconds
[2026-03-15T08:21:08.669+0000] {processor.py:186} INFO - Started process (PID=1236) to work on /opt/airflow/dags/mar15.py
[2026-03-15T08:21:08.679+0000] {processor.py:914} INFO - Processing file /opt/airflow/dags/mar15.py for tasks to queue
[2026-03-15T08:21:08.681+0000] {logging_mixin.py:190} INFO - [2026-03-15T08:21:08.681+0000] {dagbag.py:588} INFO - Filling up the DagBag from /opt/airflow/dags/mar15.py
[2026-03-15T08:21:08.686+0000] {logging_mixin.py:190} INFO - [2026-03-15T08:21:08.684+0000] {dagbag.py:387} ERROR - Failed to import: /opt/airflow/dags/mar15.py
Traceback (most recent call last):
  File "/home/airflow/.local/lib/python3.12/site-packages/airflow/models/dagbag.py", line 383, in parse
    loader.exec_module(new_module)
  File "<frozen importlib._bootstrap_external>", line 995, in exec_module
  File "<frozen importlib._bootstrap_external>", line 1133, in get_code
  File "<frozen importlib._bootstrap_external>", line 1063, in source_to_code
  File "<frozen importlib._bootstrap>", line 488, in _call_with_frames_removed
  File "/opt/airflow/dags/mar15.py", line 1
    from '/home/nurgun/Documents/mart_14_sinifde/airflow/dags/custom_scripts' import *
         ^^^^^^^^^^^^^^^^^^^^^^^^^^^^^^^^^^^^^^^^^^^^^^^^^^^^^^^^^^^^^^^^^^^^
SyntaxError: invalid syntax
[2026-03-15T08:21:08.687+0000] {processor.py:927} WARNING - No viable dags retrieved from /opt/airflow/dags/mar15.py
[2026-03-15T08:21:08.720+0000] {processor.py:208} INFO - Processing /opt/airflow/dags/mar15.py took 0.059 seconds
[2026-03-15T08:21:39.176+0000] {processor.py:186} INFO - Started process (PID=1257) to work on /opt/airflow/dags/mar15.py
[2026-03-15T08:21:39.186+0000] {processor.py:914} INFO - Processing file /opt/airflow/dags/mar15.py for tasks to queue
[2026-03-15T08:21:39.188+0000] {logging_mixin.py:190} INFO - [2026-03-15T08:21:39.187+0000] {dagbag.py:588} INFO - Filling up the DagBag from /opt/airflow/dags/mar15.py
[2026-03-15T08:21:39.191+0000] {logging_mixin.py:190} INFO - [2026-03-15T08:21:39.190+0000] {dagbag.py:387} ERROR - Failed to import: /opt/airflow/dags/mar15.py
Traceback (most recent call last):
  File "/home/airflow/.local/lib/python3.12/site-packages/airflow/models/dagbag.py", line 383, in parse
    loader.exec_module(new_module)
  File "<frozen importlib._bootstrap_external>", line 995, in exec_module
  File "<frozen importlib._bootstrap_external>", line 1133, in get_code
  File "<frozen importlib._bootstrap_external>", line 1063, in source_to_code
  File "<frozen importlib._bootstrap>", line 488, in _call_with_frames_removed
  File "/opt/airflow/dags/mar15.py", line 1
    from '/home/nurgun/Documents/mart_14_sinifde/airflow/dags/custom_scripts' import *
         ^^^^^^^^^^^^^^^^^^^^^^^^^^^^^^^^^^^^^^^^^^^^^^^^^^^^^^^^^^^^^^^^^^^^
SyntaxError: invalid syntax
[2026-03-15T08:21:39.192+0000] {processor.py:927} WARNING - No viable dags retrieved from /opt/airflow/dags/mar15.py
[2026-03-15T08:21:39.223+0000] {processor.py:208} INFO - Processing /opt/airflow/dags/mar15.py took 0.059 seconds
[2026-03-15T08:22:09.645+0000] {processor.py:186} INFO - Started process (PID=1278) to work on /opt/airflow/dags/mar15.py
[2026-03-15T08:22:09.646+0000] {processor.py:914} INFO - Processing file /opt/airflow/dags/mar15.py for tasks to queue
[2026-03-15T08:22:09.647+0000] {logging_mixin.py:190} INFO - [2026-03-15T08:22:09.647+0000] {dagbag.py:588} INFO - Filling up the DagBag from /opt/airflow/dags/mar15.py
[2026-03-15T08:22:09.651+0000] {logging_mixin.py:190} INFO - [2026-03-15T08:22:09.649+0000] {dagbag.py:387} ERROR - Failed to import: /opt/airflow/dags/mar15.py
Traceback (most recent call last):
  File "/home/airflow/.local/lib/python3.12/site-packages/airflow/models/dagbag.py", line 383, in parse
    loader.exec_module(new_module)
  File "<frozen importlib._bootstrap_external>", line 995, in exec_module
  File "<frozen importlib._bootstrap_external>", line 1133, in get_code
  File "<frozen importlib._bootstrap_external>", line 1063, in source_to_code
  File "<frozen importlib._bootstrap>", line 488, in _call_with_frames_removed
  File "/opt/airflow/dags/mar15.py", line 1
    from '/home/nurgun/Documents/mart_14_sinifde/airflow/dags/custom_scripts' import *
         ^^^^^^^^^^^^^^^^^^^^^^^^^^^^^^^^^^^^^^^^^^^^^^^^^^^^^^^^^^^^^^^^^^^^
SyntaxError: invalid syntax
[2026-03-15T08:22:09.652+0000] {processor.py:927} WARNING - No viable dags retrieved from /opt/airflow/dags/mar15.py
[2026-03-15T08:22:09.684+0000] {processor.py:208} INFO - Processing /opt/airflow/dags/mar15.py took 0.046 seconds
[2026-03-15T08:22:40.113+0000] {processor.py:186} INFO - Started process (PID=1299) to work on /opt/airflow/dags/mar15.py
[2026-03-15T08:22:40.123+0000] {processor.py:914} INFO - Processing file /opt/airflow/dags/mar15.py for tasks to queue
[2026-03-15T08:22:40.125+0000] {logging_mixin.py:190} INFO - [2026-03-15T08:22:40.124+0000] {dagbag.py:588} INFO - Filling up the DagBag from /opt/airflow/dags/mar15.py
[2026-03-15T08:22:40.130+0000] {logging_mixin.py:190} INFO - [2026-03-15T08:22:40.128+0000] {dagbag.py:387} ERROR - Failed to import: /opt/airflow/dags/mar15.py
Traceback (most recent call last):
  File "/home/airflow/.local/lib/python3.12/site-packages/airflow/models/dagbag.py", line 383, in parse
    loader.exec_module(new_module)
  File "<frozen importlib._bootstrap_external>", line 995, in exec_module
  File "<frozen importlib._bootstrap_external>", line 1133, in get_code
  File "<frozen importlib._bootstrap_external>", line 1063, in source_to_code
  File "<frozen importlib._bootstrap>", line 488, in _call_with_frames_removed
  File "/opt/airflow/dags/mar15.py", line 1
    from '/home/nurgun/Documents/mart_14_sinifde/airflow/dags/custom_scripts' import *
         ^^^^^^^^^^^^^^^^^^^^^^^^^^^^^^^^^^^^^^^^^^^^^^^^^^^^^^^^^^^^^^^^^^^^
SyntaxError: invalid syntax
[2026-03-15T08:22:40.131+0000] {processor.py:927} WARNING - No viable dags retrieved from /opt/airflow/dags/mar15.py
[2026-03-15T08:22:40.159+0000] {processor.py:208} INFO - Processing /opt/airflow/dags/mar15.py took 0.053 seconds
[2026-03-15T08:23:10.569+0000] {processor.py:186} INFO - Started process (PID=1320) to work on /opt/airflow/dags/mar15.py
[2026-03-15T08:23:10.571+0000] {processor.py:914} INFO - Processing file /opt/airflow/dags/mar15.py for tasks to queue
[2026-03-15T08:23:10.573+0000] {logging_mixin.py:190} INFO - [2026-03-15T08:23:10.572+0000] {dagbag.py:588} INFO - Filling up the DagBag from /opt/airflow/dags/mar15.py
[2026-03-15T08:23:10.578+0000] {logging_mixin.py:190} INFO - [2026-03-15T08:23:10.576+0000] {dagbag.py:387} ERROR - Failed to import: /opt/airflow/dags/mar15.py
Traceback (most recent call last):
  File "/home/airflow/.local/lib/python3.12/site-packages/airflow/models/dagbag.py", line 383, in parse
    loader.exec_module(new_module)
  File "<frozen importlib._bootstrap_external>", line 995, in exec_module
  File "<frozen importlib._bootstrap_external>", line 1133, in get_code
  File "<frozen importlib._bootstrap_external>", line 1063, in source_to_code
  File "<frozen importlib._bootstrap>", line 488, in _call_with_frames_removed
  File "/opt/airflow/dags/mar15.py", line 1
    from '/home/nurgun/Documents/mart_14_sinifde/airflow/dags/custom_scripts' import *
         ^^^^^^^^^^^^^^^^^^^^^^^^^^^^^^^^^^^^^^^^^^^^^^^^^^^^^^^^^^^^^^^^^^^^
SyntaxError: invalid syntax
[2026-03-15T08:23:10.579+0000] {processor.py:927} WARNING - No viable dags retrieved from /opt/airflow/dags/mar15.py
[2026-03-15T08:23:10.608+0000] {processor.py:208} INFO - Processing /opt/airflow/dags/mar15.py took 0.046 seconds
[2026-03-15T08:23:41.025+0000] {processor.py:186} INFO - Started process (PID=1341) to work on /opt/airflow/dags/mar15.py
[2026-03-15T08:23:41.036+0000] {processor.py:914} INFO - Processing file /opt/airflow/dags/mar15.py for tasks to queue
[2026-03-15T08:23:41.038+0000] {logging_mixin.py:190} INFO - [2026-03-15T08:23:41.038+0000] {dagbag.py:588} INFO - Filling up the DagBag from /opt/airflow/dags/mar15.py
[2026-03-15T08:23:41.042+0000] {logging_mixin.py:190} INFO - [2026-03-15T08:23:41.041+0000] {dagbag.py:387} ERROR - Failed to import: /opt/airflow/dags/mar15.py
Traceback (most recent call last):
  File "/home/airflow/.local/lib/python3.12/site-packages/airflow/models/dagbag.py", line 383, in parse
    loader.exec_module(new_module)
  File "<frozen importlib._bootstrap_external>", line 995, in exec_module
  File "<frozen importlib._bootstrap_external>", line 1133, in get_code
  File "<frozen importlib._bootstrap_external>", line 1063, in source_to_code
  File "<frozen importlib._bootstrap>", line 488, in _call_with_frames_removed
  File "/opt/airflow/dags/mar15.py", line 1
    from '/home/nurgun/Documents/mart_14_sinifde/airflow/dags/custom_scripts' import *
         ^^^^^^^^^^^^^^^^^^^^^^^^^^^^^^^^^^^^^^^^^^^^^^^^^^^^^^^^^^^^^^^^^^^^
SyntaxError: invalid syntax
[2026-03-15T08:23:41.043+0000] {processor.py:927} WARNING - No viable dags retrieved from /opt/airflow/dags/mar15.py
[2026-03-15T08:23:41.072+0000] {processor.py:208} INFO - Processing /opt/airflow/dags/mar15.py took 0.055 seconds
[2026-03-15T08:24:11.519+0000] {processor.py:186} INFO - Started process (PID=1362) to work on /opt/airflow/dags/mar15.py
[2026-03-15T08:24:11.529+0000] {processor.py:914} INFO - Processing file /opt/airflow/dags/mar15.py for tasks to queue
[2026-03-15T08:24:11.530+0000] {logging_mixin.py:190} INFO - [2026-03-15T08:24:11.530+0000] {dagbag.py:588} INFO - Filling up the DagBag from /opt/airflow/dags/mar15.py
[2026-03-15T08:24:11.535+0000] {logging_mixin.py:190} INFO - [2026-03-15T08:24:11.533+0000] {dagbag.py:387} ERROR - Failed to import: /opt/airflow/dags/mar15.py
Traceback (most recent call last):
  File "/home/airflow/.local/lib/python3.12/site-packages/airflow/models/dagbag.py", line 383, in parse
    loader.exec_module(new_module)
  File "<frozen importlib._bootstrap_external>", line 995, in exec_module
  File "<frozen importlib._bootstrap_external>", line 1133, in get_code
  File "<frozen importlib._bootstrap_external>", line 1063, in source_to_code
  File "<frozen importlib._bootstrap>", line 488, in _call_with_frames_removed
  File "/opt/airflow/dags/mar15.py", line 1
    from '/home/nurgun/Documents/mart_14_sinifde/airflow/dags/custom_scripts' import *
         ^^^^^^^^^^^^^^^^^^^^^^^^^^^^^^^^^^^^^^^^^^^^^^^^^^^^^^^^^^^^^^^^^^^^
SyntaxError: invalid syntax
[2026-03-15T08:24:11.536+0000] {processor.py:927} WARNING - No viable dags retrieved from /opt/airflow/dags/mar15.py
[2026-03-15T08:24:11.565+0000] {processor.py:208} INFO - Processing /opt/airflow/dags/mar15.py took 0.058 seconds
[2026-03-15T08:24:41.982+0000] {processor.py:186} INFO - Started process (PID=1383) to work on /opt/airflow/dags/mar15.py
[2026-03-15T08:24:41.992+0000] {processor.py:914} INFO - Processing file /opt/airflow/dags/mar15.py for tasks to queue
[2026-03-15T08:24:41.993+0000] {logging_mixin.py:190} INFO - [2026-03-15T08:24:41.993+0000] {dagbag.py:588} INFO - Filling up the DagBag from /opt/airflow/dags/mar15.py
[2026-03-15T08:24:41.997+0000] {logging_mixin.py:190} INFO - [2026-03-15T08:24:41.996+0000] {dagbag.py:387} ERROR - Failed to import: /opt/airflow/dags/mar15.py
Traceback (most recent call last):
  File "/home/airflow/.local/lib/python3.12/site-packages/airflow/models/dagbag.py", line 383, in parse
    loader.exec_module(new_module)
  File "<frozen importlib._bootstrap_external>", line 995, in exec_module
  File "<frozen importlib._bootstrap_external>", line 1133, in get_code
  File "<frozen importlib._bootstrap_external>", line 1063, in source_to_code
  File "<frozen importlib._bootstrap>", line 488, in _call_with_frames_removed
  File "/opt/airflow/dags/mar15.py", line 1
    from '/home/nurgun/Documents/mart_14_sinifde/airflow/dags/custom_scripts' import *
         ^^^^^^^^^^^^^^^^^^^^^^^^^^^^^^^^^^^^^^^^^^^^^^^^^^^^^^^^^^^^^^^^^^^^
SyntaxError: invalid syntax
[2026-03-15T08:24:41.998+0000] {processor.py:927} WARNING - No viable dags retrieved from /opt/airflow/dags/mar15.py
[2026-03-15T08:24:42.029+0000] {processor.py:208} INFO - Processing /opt/airflow/dags/mar15.py took 0.054 seconds
[2026-03-15T08:25:12.444+0000] {processor.py:186} INFO - Started process (PID=1404) to work on /opt/airflow/dags/mar15.py
[2026-03-15T08:25:12.454+0000] {processor.py:914} INFO - Processing file /opt/airflow/dags/mar15.py for tasks to queue
[2026-03-15T08:25:12.456+0000] {logging_mixin.py:190} INFO - [2026-03-15T08:25:12.455+0000] {dagbag.py:588} INFO - Filling up the DagBag from /opt/airflow/dags/mar15.py
[2026-03-15T08:25:12.460+0000] {logging_mixin.py:190} INFO - [2026-03-15T08:25:12.458+0000] {dagbag.py:387} ERROR - Failed to import: /opt/airflow/dags/mar15.py
Traceback (most recent call last):
  File "/home/airflow/.local/lib/python3.12/site-packages/airflow/models/dagbag.py", line 383, in parse
    loader.exec_module(new_module)
  File "<frozen importlib._bootstrap_external>", line 995, in exec_module
  File "<frozen importlib._bootstrap_external>", line 1133, in get_code
  File "<frozen importlib._bootstrap_external>", line 1063, in source_to_code
  File "<frozen importlib._bootstrap>", line 488, in _call_with_frames_removed
  File "/opt/airflow/dags/mar15.py", line 1
    from '/home/nurgun/Documents/mart_14_sinifde/airflow/dags/custom_scripts' import *
         ^^^^^^^^^^^^^^^^^^^^^^^^^^^^^^^^^^^^^^^^^^^^^^^^^^^^^^^^^^^^^^^^^^^^
SyntaxError: invalid syntax
[2026-03-15T08:25:12.461+0000] {processor.py:927} WARNING - No viable dags retrieved from /opt/airflow/dags/mar15.py
[2026-03-15T08:25:12.493+0000] {processor.py:208} INFO - Processing /opt/airflow/dags/mar15.py took 0.061 seconds
[2026-03-15T08:25:42.921+0000] {processor.py:186} INFO - Started process (PID=1425) to work on /opt/airflow/dags/mar15.py
[2026-03-15T08:25:42.931+0000] {processor.py:914} INFO - Processing file /opt/airflow/dags/mar15.py for tasks to queue
[2026-03-15T08:25:42.932+0000] {logging_mixin.py:190} INFO - [2026-03-15T08:25:42.932+0000] {dagbag.py:588} INFO - Filling up the DagBag from /opt/airflow/dags/mar15.py
[2026-03-15T08:25:42.937+0000] {logging_mixin.py:190} INFO - [2026-03-15T08:25:42.935+0000] {dagbag.py:387} ERROR - Failed to import: /opt/airflow/dags/mar15.py
Traceback (most recent call last):
  File "/home/airflow/.local/lib/python3.12/site-packages/airflow/models/dagbag.py", line 383, in parse
    loader.exec_module(new_module)
  File "<frozen importlib._bootstrap_external>", line 995, in exec_module
  File "<frozen importlib._bootstrap_external>", line 1133, in get_code
  File "<frozen importlib._bootstrap_external>", line 1063, in source_to_code
  File "<frozen importlib._bootstrap>", line 488, in _call_with_frames_removed
  File "/opt/airflow/dags/mar15.py", line 1
    from '/home/nurgun/Documents/mart_14_sinifde/airflow/dags/custom_scripts' import *
         ^^^^^^^^^^^^^^^^^^^^^^^^^^^^^^^^^^^^^^^^^^^^^^^^^^^^^^^^^^^^^^^^^^^^
SyntaxError: invalid syntax
[2026-03-15T08:25:42.937+0000] {processor.py:927} WARNING - No viable dags retrieved from /opt/airflow/dags/mar15.py
[2026-03-15T08:25:42.970+0000] {processor.py:208} INFO - Processing /opt/airflow/dags/mar15.py took 0.058 seconds
[2026-03-15T08:26:13.431+0000] {processor.py:186} INFO - Started process (PID=1446) to work on /opt/airflow/dags/mar15.py
[2026-03-15T08:26:13.440+0000] {processor.py:914} INFO - Processing file /opt/airflow/dags/mar15.py for tasks to queue
[2026-03-15T08:26:13.442+0000] {logging_mixin.py:190} INFO - [2026-03-15T08:26:13.441+0000] {dagbag.py:588} INFO - Filling up the DagBag from /opt/airflow/dags/mar15.py
[2026-03-15T08:26:13.445+0000] {logging_mixin.py:190} INFO - [2026-03-15T08:26:13.444+0000] {dagbag.py:387} ERROR - Failed to import: /opt/airflow/dags/mar15.py
Traceback (most recent call last):
  File "/home/airflow/.local/lib/python3.12/site-packages/airflow/models/dagbag.py", line 383, in parse
    loader.exec_module(new_module)
  File "<frozen importlib._bootstrap_external>", line 995, in exec_module
  File "<frozen importlib._bootstrap_external>", line 1133, in get_code
  File "<frozen importlib._bootstrap_external>", line 1063, in source_to_code
  File "<frozen importlib._bootstrap>", line 488, in _call_with_frames_removed
  File "/opt/airflow/dags/mar15.py", line 1
    from '/home/nurgun/Documents/mart_14_sinifde/airflow/dags/custom_scripts' import *
         ^^^^^^^^^^^^^^^^^^^^^^^^^^^^^^^^^^^^^^^^^^^^^^^^^^^^^^^^^^^^^^^^^^^^
SyntaxError: invalid syntax
[2026-03-15T08:26:13.445+0000] {processor.py:927} WARNING - No viable dags retrieved from /opt/airflow/dags/mar15.py
[2026-03-15T08:26:13.471+0000] {processor.py:208} INFO - Processing /opt/airflow/dags/mar15.py took 0.052 seconds
[2026-03-15T08:26:43.925+0000] {processor.py:186} INFO - Started process (PID=1467) to work on /opt/airflow/dags/mar15.py
[2026-03-15T08:26:43.935+0000] {processor.py:914} INFO - Processing file /opt/airflow/dags/mar15.py for tasks to queue
[2026-03-15T08:26:43.937+0000] {logging_mixin.py:190} INFO - [2026-03-15T08:26:43.936+0000] {dagbag.py:588} INFO - Filling up the DagBag from /opt/airflow/dags/mar15.py
[2026-03-15T08:26:43.940+0000] {logging_mixin.py:190} INFO - [2026-03-15T08:26:43.939+0000] {dagbag.py:387} ERROR - Failed to import: /opt/airflow/dags/mar15.py
Traceback (most recent call last):
  File "/home/airflow/.local/lib/python3.12/site-packages/airflow/models/dagbag.py", line 383, in parse
    loader.exec_module(new_module)
  File "<frozen importlib._bootstrap_external>", line 995, in exec_module
  File "<frozen importlib._bootstrap_external>", line 1133, in get_code
  File "<frozen importlib._bootstrap_external>", line 1063, in source_to_code
  File "<frozen importlib._bootstrap>", line 488, in _call_with_frames_removed
  File "/opt/airflow/dags/mar15.py", line 1
    from '/home/nurgun/Documents/mart_14_sinifde/airflow/dags/custom_scripts' import *
         ^^^^^^^^^^^^^^^^^^^^^^^^^^^^^^^^^^^^^^^^^^^^^^^^^^^^^^^^^^^^^^^^^^^^
SyntaxError: invalid syntax
[2026-03-15T08:26:43.941+0000] {processor.py:927} WARNING - No viable dags retrieved from /opt/airflow/dags/mar15.py
[2026-03-15T08:26:43.969+0000] {processor.py:208} INFO - Processing /opt/airflow/dags/mar15.py took 0.055 seconds
[2026-03-15T08:27:14.375+0000] {processor.py:186} INFO - Started process (PID=1488) to work on /opt/airflow/dags/mar15.py
[2026-03-15T08:27:14.385+0000] {processor.py:914} INFO - Processing file /opt/airflow/dags/mar15.py for tasks to queue
[2026-03-15T08:27:14.387+0000] {logging_mixin.py:190} INFO - [2026-03-15T08:27:14.387+0000] {dagbag.py:588} INFO - Filling up the DagBag from /opt/airflow/dags/mar15.py
[2026-03-15T08:27:14.391+0000] {logging_mixin.py:190} INFO - [2026-03-15T08:27:14.390+0000] {dagbag.py:387} ERROR - Failed to import: /opt/airflow/dags/mar15.py
Traceback (most recent call last):
  File "/home/airflow/.local/lib/python3.12/site-packages/airflow/models/dagbag.py", line 383, in parse
    loader.exec_module(new_module)
  File "<frozen importlib._bootstrap_external>", line 995, in exec_module
  File "<frozen importlib._bootstrap_external>", line 1133, in get_code
  File "<frozen importlib._bootstrap_external>", line 1063, in source_to_code
  File "<frozen importlib._bootstrap>", line 488, in _call_with_frames_removed
  File "/opt/airflow/dags/mar15.py", line 1
    from '/home/nurgun/Documents/mart_14_sinifde/airflow/dags/custom_scripts' import *
         ^^^^^^^^^^^^^^^^^^^^^^^^^^^^^^^^^^^^^^^^^^^^^^^^^^^^^^^^^^^^^^^^^^^^
SyntaxError: invalid syntax
[2026-03-15T08:27:14.392+0000] {processor.py:927} WARNING - No viable dags retrieved from /opt/airflow/dags/mar15.py
[2026-03-15T08:27:14.420+0000] {processor.py:208} INFO - Processing /opt/airflow/dags/mar15.py took 0.051 seconds
[2026-03-15T08:27:43.820+0000] {processor.py:186} INFO - Started process (PID=1509) to work on /opt/airflow/dags/mar15.py
[2026-03-15T08:27:43.829+0000] {processor.py:914} INFO - Processing file /opt/airflow/dags/mar15.py for tasks to queue
[2026-03-15T08:27:43.831+0000] {logging_mixin.py:190} INFO - [2026-03-15T08:27:43.831+0000] {dagbag.py:588} INFO - Filling up the DagBag from /opt/airflow/dags/mar15.py
[2026-03-15T08:27:43.833+0000] {logging_mixin.py:190} INFO - [2026-03-15T08:27:43.833+0000] {dagbag.py:366} INFO - File /opt/airflow/dags/mar15.py assumed to contain no DAGs. Skipping.
[2026-03-15T08:27:43.833+0000] {processor.py:927} WARNING - No viable dags retrieved from /opt/airflow/dags/mar15.py
[2026-03-15T08:27:43.853+0000] {processor.py:208} INFO - Processing /opt/airflow/dags/mar15.py took 0.046 seconds
[2026-03-15T08:28:55.809+0000] {processor.py:186} INFO - Started process (PID=1562) to work on /opt/airflow/dags/mar15.py
[2026-03-15T08:28:55.817+0000] {processor.py:914} INFO - Processing file /opt/airflow/dags/mar15.py for tasks to queue
[2026-03-15T08:28:55.819+0000] {logging_mixin.py:190} INFO - [2026-03-15T08:28:55.819+0000] {dagbag.py:588} INFO - Filling up the DagBag from /opt/airflow/dags/mar15.py
[2026-03-15T08:28:55.823+0000] {logging_mixin.py:190} INFO - [2026-03-15T08:28:55.822+0000] {dagbag.py:387} ERROR - Failed to import: /opt/airflow/dags/mar15.py
Traceback (most recent call last):
  File "/home/airflow/.local/lib/python3.12/site-packages/airflow/models/dagbag.py", line 383, in parse
    loader.exec_module(new_module)
  File "<frozen importlib._bootstrap_external>", line 995, in exec_module
  File "<frozen importlib._bootstrap_external>", line 1133, in get_code
  File "<frozen importlib._bootstrap_external>", line 1063, in source_to_code
  File "<frozen importlib._bootstrap>", line 488, in _call_with_frames_removed
  File "/opt/airflow/dags/mar15.py", line 3
    with DAG()
              ^
SyntaxError: expected ':'
[2026-03-15T08:28:55.824+0000] {processor.py:927} WARNING - No viable dags retrieved from /opt/airflow/dags/mar15.py
[2026-03-15T08:28:55.855+0000] {processor.py:208} INFO - Processing /opt/airflow/dags/mar15.py took 0.053 seconds
[2026-03-15T08:29:03.935+0000] {processor.py:186} INFO - Started process (PID=1567) to work on /opt/airflow/dags/mar15.py
[2026-03-15T08:29:03.936+0000] {processor.py:914} INFO - Processing file /opt/airflow/dags/mar15.py for tasks to queue
[2026-03-15T08:29:03.937+0000] {logging_mixin.py:190} INFO - [2026-03-15T08:29:03.937+0000] {dagbag.py:588} INFO - Filling up the DagBag from /opt/airflow/dags/mar15.py
[2026-03-15T08:29:03.941+0000] {logging_mixin.py:190} INFO - [2026-03-15T08:29:03.940+0000] {dagbag.py:387} ERROR - Failed to import: /opt/airflow/dags/mar15.py
Traceback (most recent call last):
  File "/home/airflow/.local/lib/python3.12/site-packages/airflow/models/dagbag.py", line 383, in parse
    loader.exec_module(new_module)
  File "<frozen importlib._bootstrap_external>", line 995, in exec_module
  File "<frozen importlib._bootstrap_external>", line 1133, in get_code
  File "<frozen importlib._bootstrap_external>", line 1063, in source_to_code
  File "<frozen importlib._bootstrap>", line 488, in _call_with_frames_removed
  File "/opt/airflow/dags/mar15.py", line 5
    )
     ^
SyntaxError: expected ':'
[2026-03-15T08:29:03.942+0000] {processor.py:927} WARNING - No viable dags retrieved from /opt/airflow/dags/mar15.py
[2026-03-15T08:29:03.970+0000] {processor.py:208} INFO - Processing /opt/airflow/dags/mar15.py took 0.045 seconds
[2026-03-15T08:29:09.020+0000] {processor.py:186} INFO - Started process (PID=1572) to work on /opt/airflow/dags/mar15.py
[2026-03-15T08:29:09.020+0000] {processor.py:914} INFO - Processing file /opt/airflow/dags/mar15.py for tasks to queue
[2026-03-15T08:29:09.021+0000] {logging_mixin.py:190} INFO - [2026-03-15T08:29:09.021+0000] {dagbag.py:588} INFO - Filling up the DagBag from /opt/airflow/dags/mar15.py
[2026-03-15T08:29:09.025+0000] {logging_mixin.py:190} INFO - [2026-03-15T08:29:09.023+0000] {dagbag.py:387} ERROR - Failed to import: /opt/airflow/dags/mar15.py
Traceback (most recent call last):
  File "/home/airflow/.local/lib/python3.12/site-packages/airflow/models/dagbag.py", line 383, in parse
    loader.exec_module(new_module)
  File "<frozen importlib._bootstrap_external>", line 995, in exec_module
  File "<frozen importlib._bootstrap_external>", line 1133, in get_code
  File "<frozen importlib._bootstrap_external>", line 1063, in source_to_code
  File "<frozen importlib._bootstrap>", line 488, in _call_with_frames_removed
  File "/opt/airflow/dags/mar15.py", line 6
    )
    ^
SyntaxError: positional argument follows keyword argument
[2026-03-15T08:29:09.025+0000] {processor.py:927} WARNING - No viable dags retrieved from /opt/airflow/dags/mar15.py
[2026-03-15T08:29:09.051+0000] {processor.py:208} INFO - Processing /opt/airflow/dags/mar15.py took 0.041 seconds
[2026-03-15T08:29:12.112+0000] {processor.py:186} INFO - Started process (PID=1577) to work on /opt/airflow/dags/mar15.py
[2026-03-15T08:29:12.113+0000] {processor.py:914} INFO - Processing file /opt/airflow/dags/mar15.py for tasks to queue
[2026-03-15T08:29:12.114+0000] {logging_mixin.py:190} INFO - [2026-03-15T08:29:12.114+0000] {dagbag.py:588} INFO - Filling up the DagBag from /opt/airflow/dags/mar15.py
[2026-03-15T08:29:12.118+0000] {logging_mixin.py:190} INFO - [2026-03-15T08:29:12.116+0000] {dagbag.py:387} ERROR - Failed to import: /opt/airflow/dags/mar15.py
Traceback (most recent call last):
  File "/home/airflow/.local/lib/python3.12/site-packages/airflow/models/dagbag.py", line 383, in parse
    loader.exec_module(new_module)
  File "<frozen importlib._bootstrap_external>", line 995, in exec_module
  File "<frozen importlib._bootstrap_external>", line 1133, in get_code
  File "<frozen importlib._bootstrap_external>", line 1063, in source_to_code
  File "<frozen importlib._bootstrap>", line 488, in _call_with_frames_removed
  File "/opt/airflow/dags/mar15.py", line 6
    )
    ^
SyntaxError: positional argument follows keyword argument
[2026-03-15T08:29:12.118+0000] {processor.py:927} WARNING - No viable dags retrieved from /opt/airflow/dags/mar15.py
[2026-03-15T08:29:12.143+0000] {processor.py:208} INFO - Processing /opt/airflow/dags/mar15.py took 0.041 seconds
[2026-03-15T08:29:14.151+0000] {processor.py:186} INFO - Started process (PID=1582) to work on /opt/airflow/dags/mar15.py
[2026-03-15T08:29:14.153+0000] {processor.py:914} INFO - Processing file /opt/airflow/dags/mar15.py for tasks to queue
[2026-03-15T08:29:14.154+0000] {logging_mixin.py:190} INFO - [2026-03-15T08:29:14.154+0000] {dagbag.py:588} INFO - Filling up the DagBag from /opt/airflow/dags/mar15.py
[2026-03-15T08:29:14.159+0000] {logging_mixin.py:190} INFO - [2026-03-15T08:29:14.157+0000] {dagbag.py:387} ERROR - Failed to import: /opt/airflow/dags/mar15.py
Traceback (most recent call last):
  File "/home/airflow/.local/lib/python3.12/site-packages/airflow/models/dagbag.py", line 383, in parse
    loader.exec_module(new_module)
  File "<frozen importlib._bootstrap_external>", line 995, in exec_module
  File "<frozen importlib._bootstrap_external>", line 1133, in get_code
  File "<frozen importlib._bootstrap_external>", line 1063, in source_to_code
  File "<frozen importlib._bootstrap>", line 488, in _call_with_frames_removed
  File "/opt/airflow/dags/mar15.py", line 7
    )
     ^
SyntaxError: expected ':'
[2026-03-15T08:29:14.160+0000] {processor.py:927} WARNING - No viable dags retrieved from /opt/airflow/dags/mar15.py
[2026-03-15T08:29:14.195+0000] {processor.py:208} INFO - Processing /opt/airflow/dags/mar15.py took 0.052 seconds
[2026-03-15T08:29:16.247+0000] {processor.py:186} INFO - Started process (PID=1587) to work on /opt/airflow/dags/mar15.py
[2026-03-15T08:29:16.249+0000] {processor.py:914} INFO - Processing file /opt/airflow/dags/mar15.py for tasks to queue
[2026-03-15T08:29:16.250+0000] {logging_mixin.py:190} INFO - [2026-03-15T08:29:16.250+0000] {dagbag.py:588} INFO - Filling up the DagBag from /opt/airflow/dags/mar15.py
[2026-03-15T08:29:16.256+0000] {logging_mixin.py:190} INFO - [2026-03-15T08:29:16.254+0000] {dagbag.py:387} ERROR - Failed to import: /opt/airflow/dags/mar15.py
Traceback (most recent call last):
  File "/home/airflow/.local/lib/python3.12/site-packages/airflow/models/dagbag.py", line 383, in parse
    loader.exec_module(new_module)
  File "<frozen importlib._bootstrap_external>", line 995, in exec_module
  File "<frozen importlib._bootstrap_external>", line 1133, in get_code
  File "<frozen importlib._bootstrap_external>", line 1063, in source_to_code
  File "<frozen importlib._bootstrap>", line 488, in _call_with_frames_removed
  File "/opt/airflow/dags/mar15.py", line 8
    )
     ^
SyntaxError: expected ':'
[2026-03-15T08:29:16.257+0000] {processor.py:927} WARNING - No viable dags retrieved from /opt/airflow/dags/mar15.py
[2026-03-15T08:29:16.291+0000] {processor.py:208} INFO - Processing /opt/airflow/dags/mar15.py took 0.054 seconds
[2026-03-15T08:29:18.360+0000] {processor.py:186} INFO - Started process (PID=1597) to work on /opt/airflow/dags/mar15.py
[2026-03-15T08:29:18.360+0000] {processor.py:914} INFO - Processing file /opt/airflow/dags/mar15.py for tasks to queue
[2026-03-15T08:29:18.362+0000] {logging_mixin.py:190} INFO - [2026-03-15T08:29:18.361+0000] {dagbag.py:588} INFO - Filling up the DagBag from /opt/airflow/dags/mar15.py
[2026-03-15T08:29:18.365+0000] {logging_mixin.py:190} INFO - [2026-03-15T08:29:18.364+0000] {dagbag.py:387} ERROR - Failed to import: /opt/airflow/dags/mar15.py
Traceback (most recent call last):
  File "/home/airflow/.local/lib/python3.12/site-packages/airflow/models/dagbag.py", line 383, in parse
    loader.exec_module(new_module)
  File "<frozen importlib._bootstrap_external>", line 995, in exec_module
  File "<frozen importlib._bootstrap_external>", line 1133, in get_code
  File "<frozen importlib._bootstrap_external>", line 1063, in source_to_code
  File "<frozen importlib._bootstrap>", line 488, in _call_with_frames_removed
  File "/opt/airflow/dags/mar15.py", line 8
    )
     ^
SyntaxError: expected ':'
[2026-03-15T08:29:18.365+0000] {processor.py:927} WARNING - No viable dags retrieved from /opt/airflow/dags/mar15.py
[2026-03-15T08:29:18.392+0000] {processor.py:208} INFO - Processing /opt/airflow/dags/mar15.py took 0.039 seconds
[2026-03-15T08:29:24.485+0000] {processor.py:186} INFO - Started process (PID=1613) to work on /opt/airflow/dags/mar15.py
[2026-03-15T08:29:24.487+0000] {processor.py:914} INFO - Processing file /opt/airflow/dags/mar15.py for tasks to queue
[2026-03-15T08:29:24.488+0000] {logging_mixin.py:190} INFO - [2026-03-15T08:29:24.488+0000] {dagbag.py:588} INFO - Filling up the DagBag from /opt/airflow/dags/mar15.py
[2026-03-15T08:29:24.491+0000] {logging_mixin.py:190} INFO - [2026-03-15T08:29:24.490+0000] {dagbag.py:387} ERROR - Failed to import: /opt/airflow/dags/mar15.py
Traceback (most recent call last):
  File "/home/airflow/.local/lib/python3.12/site-packages/airflow/models/dagbag.py", line 383, in parse
    loader.exec_module(new_module)
  File "<frozen importlib._bootstrap_external>", line 995, in exec_module
  File "<frozen importlib._bootstrap_external>", line 1133, in get_code
  File "<frozen importlib._bootstrap_external>", line 1063, in source_to_code
  File "<frozen importlib._bootstrap>", line 488, in _call_with_frames_removed
  File "/opt/airflow/dags/mar15.py", line 8
    retries=
    ^^^^^^^^
SyntaxError: expected argument value expression
[2026-03-15T08:29:24.492+0000] {processor.py:927} WARNING - No viable dags retrieved from /opt/airflow/dags/mar15.py
[2026-03-15T08:29:24.520+0000] {processor.py:208} INFO - Processing /opt/airflow/dags/mar15.py took 0.041 seconds
[2026-03-15T08:29:25.548+0000] {processor.py:186} INFO - Started process (PID=1618) to work on /opt/airflow/dags/mar15.py
[2026-03-15T08:29:25.550+0000] {processor.py:914} INFO - Processing file /opt/airflow/dags/mar15.py for tasks to queue
[2026-03-15T08:29:25.552+0000] {logging_mixin.py:190} INFO - [2026-03-15T08:29:25.551+0000] {dagbag.py:588} INFO - Filling up the DagBag from /opt/airflow/dags/mar15.py
[2026-03-15T08:29:25.557+0000] {logging_mixin.py:190} INFO - [2026-03-15T08:29:25.555+0000] {dagbag.py:387} ERROR - Failed to import: /opt/airflow/dags/mar15.py
Traceback (most recent call last):
  File "/home/airflow/.local/lib/python3.12/site-packages/airflow/models/dagbag.py", line 383, in parse
    loader.exec_module(new_module)
  File "<frozen importlib._bootstrap_external>", line 995, in exec_module
  File "<frozen importlib._bootstrap_external>", line 1133, in get_code
  File "<frozen importlib._bootstrap_external>", line 1063, in source_to_code
  File "<frozen importlib._bootstrap>", line 488, in _call_with_frames_removed
  File "/opt/airflow/dags/mar15.py", line 9
    )
     ^
SyntaxError: expected ':'
[2026-03-15T08:29:25.558+0000] {processor.py:927} WARNING - No viable dags retrieved from /opt/airflow/dags/mar15.py
[2026-03-15T08:29:25.589+0000] {processor.py:208} INFO - Processing /opt/airflow/dags/mar15.py took 0.051 seconds
[2026-03-15T08:29:27.617+0000] {processor.py:186} INFO - Started process (PID=1623) to work on /opt/airflow/dags/mar15.py
[2026-03-15T08:29:27.627+0000] {processor.py:914} INFO - Processing file /opt/airflow/dags/mar15.py for tasks to queue
[2026-03-15T08:29:27.628+0000] {logging_mixin.py:190} INFO - [2026-03-15T08:29:27.628+0000] {dagbag.py:588} INFO - Filling up the DagBag from /opt/airflow/dags/mar15.py
[2026-03-15T08:29:27.631+0000] {logging_mixin.py:190} INFO - [2026-03-15T08:29:27.630+0000] {dagbag.py:387} ERROR - Failed to import: /opt/airflow/dags/mar15.py
Traceback (most recent call last):
  File "/home/airflow/.local/lib/python3.12/site-packages/airflow/models/dagbag.py", line 383, in parse
    loader.exec_module(new_module)
  File "<frozen importlib._bootstrap_external>", line 995, in exec_module
  File "<frozen importlib._bootstrap_external>", line 1133, in get_code
  File "<frozen importlib._bootstrap_external>", line 1063, in source_to_code
  File "<frozen importlib._bootstrap>", line 488, in _call_with_frames_removed
  File "/opt/airflow/dags/mar15.py", line 9
    )
     ^
SyntaxError: expected ':'
[2026-03-15T08:29:27.632+0000] {processor.py:927} WARNING - No viable dags retrieved from /opt/airflow/dags/mar15.py
[2026-03-15T08:29:27.657+0000] {processor.py:208} INFO - Processing /opt/airflow/dags/mar15.py took 0.046 seconds
[2026-03-15T08:29:28.661+0000] {processor.py:186} INFO - Started process (PID=1628) to work on /opt/airflow/dags/mar15.py
[2026-03-15T08:29:28.663+0000] {processor.py:914} INFO - Processing file /opt/airflow/dags/mar15.py for tasks to queue
[2026-03-15T08:29:28.664+0000] {logging_mixin.py:190} INFO - [2026-03-15T08:29:28.664+0000] {dagbag.py:588} INFO - Filling up the DagBag from /opt/airflow/dags/mar15.py
[2026-03-15T08:29:28.668+0000] {logging_mixin.py:190} INFO - [2026-03-15T08:29:28.666+0000] {dagbag.py:387} ERROR - Failed to import: /opt/airflow/dags/mar15.py
Traceback (most recent call last):
  File "/home/airflow/.local/lib/python3.12/site-packages/airflow/models/dagbag.py", line 383, in parse
    loader.exec_module(new_module)
  File "<frozen importlib._bootstrap_external>", line 995, in exec_module
  File "<frozen importlib._bootstrap_external>", line 1133, in get_code
  File "<frozen importlib._bootstrap_external>", line 1063, in source_to_code
  File "<frozen importlib._bootstrap>", line 488, in _call_with_frames_removed
  File "/opt/airflow/dags/mar15.py", line 9
    )
     ^
SyntaxError: expected ':'
[2026-03-15T08:29:28.668+0000] {processor.py:927} WARNING - No viable dags retrieved from /opt/airflow/dags/mar15.py
[2026-03-15T08:29:28.694+0000] {processor.py:208} INFO - Processing /opt/airflow/dags/mar15.py took 0.040 seconds
[2026-03-15T08:29:32.756+0000] {processor.py:186} INFO - Started process (PID=1633) to work on /opt/airflow/dags/mar15.py
[2026-03-15T08:29:32.758+0000] {processor.py:914} INFO - Processing file /opt/airflow/dags/mar15.py for tasks to queue
[2026-03-15T08:29:32.760+0000] {logging_mixin.py:190} INFO - [2026-03-15T08:29:32.759+0000] {dagbag.py:588} INFO - Filling up the DagBag from /opt/airflow/dags/mar15.py
[2026-03-15T08:29:32.763+0000] {logging_mixin.py:190} INFO - [2026-03-15T08:29:32.762+0000] {dagbag.py:387} ERROR - Failed to import: /opt/airflow/dags/mar15.py
Traceback (most recent call last):
  File "/home/airflow/.local/lib/python3.12/site-packages/airflow/models/dagbag.py", line 383, in parse
    loader.exec_module(new_module)
  File "<frozen importlib._bootstrap_external>", line 995, in exec_module
  File "<frozen importlib._bootstrap_external>", line 1133, in get_code
  File "<frozen importlib._bootstrap_external>", line 1063, in source_to_code
  File "<frozen importlib._bootstrap>", line 488, in _call_with_frames_removed
  File "/opt/airflow/dags/mar15.py", line 9
    )
     ^
SyntaxError: expected ':'
[2026-03-15T08:29:32.764+0000] {processor.py:927} WARNING - No viable dags retrieved from /opt/airflow/dags/mar15.py
[2026-03-15T08:29:32.795+0000] {processor.py:208} INFO - Processing /opt/airflow/dags/mar15.py took 0.045 seconds
[2026-03-15T08:29:36.830+0000] {processor.py:186} INFO - Started process (PID=1638) to work on /opt/airflow/dags/mar15.py
[2026-03-15T08:29:36.831+0000] {processor.py:914} INFO - Processing file /opt/airflow/dags/mar15.py for tasks to queue
[2026-03-15T08:29:36.832+0000] {logging_mixin.py:190} INFO - [2026-03-15T08:29:36.832+0000] {dagbag.py:588} INFO - Filling up the DagBag from /opt/airflow/dags/mar15.py
[2026-03-15T08:29:36.837+0000] {logging_mixin.py:190} INFO - [2026-03-15T08:29:36.835+0000] {dagbag.py:387} ERROR - Failed to import: /opt/airflow/dags/mar15.py
Traceback (most recent call last):
  File "/home/airflow/.local/lib/python3.12/site-packages/airflow/models/dagbag.py", line 383, in parse
    loader.exec_module(new_module)
  File "<frozen importlib._bootstrap_external>", line 995, in exec_module
  File "<frozen importlib._bootstrap_external>", line 1133, in get_code
  File "<frozen importlib._bootstrap_external>", line 1063, in source_to_code
  File "<frozen importlib._bootstrap>", line 488, in _call_with_frames_removed
  File "/opt/airflow/dags/mar15.py", line 9
    ) dag as
      ^^^
SyntaxError: invalid syntax
[2026-03-15T08:29:36.838+0000] {processor.py:927} WARNING - No viable dags retrieved from /opt/airflow/dags/mar15.py
[2026-03-15T08:29:36.866+0000] {processor.py:208} INFO - Processing /opt/airflow/dags/mar15.py took 0.044 seconds
[2026-03-15T08:29:50.170+0000] {processor.py:186} INFO - Started process (PID=1648) to work on /opt/airflow/dags/mar15.py
[2026-03-15T08:29:50.171+0000] {processor.py:914} INFO - Processing file /opt/airflow/dags/mar15.py for tasks to queue
[2026-03-15T08:29:50.172+0000] {logging_mixin.py:190} INFO - [2026-03-15T08:29:50.172+0000] {dagbag.py:588} INFO - Filling up the DagBag from /opt/airflow/dags/mar15.py
[2026-03-15T08:29:50.177+0000] {logging_mixin.py:190} INFO - [2026-03-15T08:29:50.175+0000] {dagbag.py:387} ERROR - Failed to import: /opt/airflow/dags/mar15.py
Traceback (most recent call last):
  File "/home/airflow/.local/lib/python3.12/site-packages/airflow/models/dagbag.py", line 383, in parse
    loader.exec_module(new_module)
  File "<frozen importlib._bootstrap_external>", line 995, in exec_module
  File "<frozen importlib._bootstrap_external>", line 1133, in get_code
  File "<frozen importlib._bootstrap_external>", line 1063, in source_to_code
  File "<frozen importlib._bootstrap>", line 488, in _call_with_frames_removed
  File "/opt/airflow/dags/mar15.py", line 9
    ) as dag
            ^
SyntaxError: expected ':'
[2026-03-15T08:29:50.178+0000] {processor.py:927} WARNING - No viable dags retrieved from /opt/airflow/dags/mar15.py
[2026-03-15T08:29:50.206+0000] {processor.py:208} INFO - Processing /opt/airflow/dags/mar15.py took 0.042 seconds
[2026-03-15T08:29:53.272+0000] {processor.py:186} INFO - Started process (PID=1664) to work on /opt/airflow/dags/mar15.py
[2026-03-15T08:29:53.274+0000] {processor.py:914} INFO - Processing file /opt/airflow/dags/mar15.py for tasks to queue
[2026-03-15T08:29:53.276+0000] {logging_mixin.py:190} INFO - [2026-03-15T08:29:53.275+0000] {dagbag.py:588} INFO - Filling up the DagBag from /opt/airflow/dags/mar15.py
[2026-03-15T08:29:53.280+0000] {logging_mixin.py:190} INFO - [2026-03-15T08:29:53.279+0000] {dagbag.py:387} ERROR - Failed to import: /opt/airflow/dags/mar15.py
Traceback (most recent call last):
  File "/home/airflow/.local/lib/python3.12/site-packages/airflow/models/dagbag.py", line 383, in parse
    loader.exec_module(new_module)
  File "<frozen importlib._bootstrap_external>", line 995, in exec_module
  File "<frozen importlib._bootstrap_external>", line 1133, in get_code
  File "<frozen importlib._bootstrap_external>", line 1063, in source_to_code
  File "<frozen importlib._bootstrap>", line 488, in _call_with_frames_removed
  File "/opt/airflow/dags/mar15.py", line 10
    
    ^
IndentationError: expected an indented block after 'with' statement on line 3
[2026-03-15T08:29:53.281+0000] {processor.py:927} WARNING - No viable dags retrieved from /opt/airflow/dags/mar15.py
[2026-03-15T08:29:53.313+0000] {processor.py:208} INFO - Processing /opt/airflow/dags/mar15.py took 0.050 seconds
[2026-03-15T08:29:55.313+0000] {processor.py:186} INFO - Started process (PID=1669) to work on /opt/airflow/dags/mar15.py
[2026-03-15T08:29:55.314+0000] {processor.py:914} INFO - Processing file /opt/airflow/dags/mar15.py for tasks to queue
[2026-03-15T08:29:55.315+0000] {logging_mixin.py:190} INFO - [2026-03-15T08:29:55.315+0000] {dagbag.py:588} INFO - Filling up the DagBag from /opt/airflow/dags/mar15.py
[2026-03-15T08:29:55.319+0000] {logging_mixin.py:190} INFO - [2026-03-15T08:29:55.318+0000] {dagbag.py:387} ERROR - Failed to import: /opt/airflow/dags/mar15.py
Traceback (most recent call last):
  File "/home/airflow/.local/lib/python3.12/site-packages/airflow/models/dagbag.py", line 383, in parse
    loader.exec_module(new_module)
  File "<frozen importlib._bootstrap_external>", line 995, in exec_module
  File "<frozen importlib._bootstrap_external>", line 1133, in get_code
  File "<frozen importlib._bootstrap_external>", line 1063, in source_to_code
  File "<frozen importlib._bootstrap>", line 488, in _call_with_frames_removed
  File "/opt/airflow/dags/mar15.py", line 11
    task1=
          ^
SyntaxError: invalid syntax
[2026-03-15T08:29:55.319+0000] {processor.py:927} WARNING - No viable dags retrieved from /opt/airflow/dags/mar15.py
[2026-03-15T08:29:55.348+0000] {processor.py:208} INFO - Processing /opt/airflow/dags/mar15.py took 0.042 seconds
[2026-03-15T08:29:57.402+0000] {processor.py:186} INFO - Started process (PID=1674) to work on /opt/airflow/dags/mar15.py
[2026-03-15T08:29:57.404+0000] {processor.py:914} INFO - Processing file /opt/airflow/dags/mar15.py for tasks to queue
[2026-03-15T08:29:57.405+0000] {logging_mixin.py:190} INFO - [2026-03-15T08:29:57.404+0000] {dagbag.py:588} INFO - Filling up the DagBag from /opt/airflow/dags/mar15.py
[2026-03-15T08:29:57.409+0000] {logging_mixin.py:190} INFO - [2026-03-15T08:29:57.407+0000] {dagbag.py:387} ERROR - Failed to import: /opt/airflow/dags/mar15.py
Traceback (most recent call last):
  File "/home/airflow/.local/lib/python3.12/site-packages/airflow/models/dagbag.py", line 383, in parse
    loader.exec_module(new_module)
  File "<frozen importlib._bootstrap_external>", line 995, in exec_module
  File "<frozen importlib._bootstrap_external>", line 1133, in get_code
  File "<frozen importlib._bootstrap_external>", line 1063, in source_to_code
  File "<frozen importlib._bootstrap>", line 488, in _call_with_frames_removed
  File "/opt/airflow/dags/mar15.py", line 11
    task1= PythonOperator(
                         ^
SyntaxError: '(' was never closed
[2026-03-15T08:29:57.409+0000] {processor.py:927} WARNING - No viable dags retrieved from /opt/airflow/dags/mar15.py
[2026-03-15T08:29:57.441+0000] {processor.py:208} INFO - Processing /opt/airflow/dags/mar15.py took 0.046 seconds
[2026-03-15T08:29:59.445+0000] {processor.py:186} INFO - Started process (PID=1679) to work on /opt/airflow/dags/mar15.py
[2026-03-15T08:29:59.455+0000] {processor.py:914} INFO - Processing file /opt/airflow/dags/mar15.py for tasks to queue
[2026-03-15T08:29:59.457+0000] {logging_mixin.py:190} INFO - [2026-03-15T08:29:59.456+0000] {dagbag.py:588} INFO - Filling up the DagBag from /opt/airflow/dags/mar15.py
[2026-03-15T08:29:59.460+0000] {logging_mixin.py:190} INFO - [2026-03-15T08:29:59.459+0000] {dagbag.py:387} ERROR - Failed to import: /opt/airflow/dags/mar15.py
Traceback (most recent call last):
  File "/home/airflow/.local/lib/python3.12/site-packages/airflow/models/dagbag.py", line 383, in parse
    loader.exec_module(new_module)
  File "<frozen importlib._bootstrap_external>", line 995, in exec_module
  File "<frozen importlib._bootstrap_external>", line 1133, in get_code
  File "<frozen importlib._bootstrap_external>", line 1063, in source_to_code
  File "<frozen importlib._bootstrap>", line 488, in _call_with_frames_removed
  File "/opt/airflow/dags/mar15.py", line 11
    task1= PythonOperator(
                         ^
SyntaxError: '(' was never closed
[2026-03-15T08:29:59.461+0000] {processor.py:927} WARNING - No viable dags retrieved from /opt/airflow/dags/mar15.py
[2026-03-15T08:29:59.488+0000] {processor.py:208} INFO - Processing /opt/airflow/dags/mar15.py took 0.049 seconds
[2026-03-15T08:30:08.599+0000] {processor.py:186} INFO - Started process (PID=1684) to work on /opt/airflow/dags/mar15.py
[2026-03-15T08:30:08.600+0000] {processor.py:914} INFO - Processing file /opt/airflow/dags/mar15.py for tasks to queue
[2026-03-15T08:30:08.602+0000] {logging_mixin.py:190} INFO - [2026-03-15T08:30:08.601+0000] {dagbag.py:588} INFO - Filling up the DagBag from /opt/airflow/dags/mar15.py
[2026-03-15T08:30:08.605+0000] {logging_mixin.py:190} INFO - [2026-03-15T08:30:08.604+0000] {dagbag.py:387} ERROR - Failed to import: /opt/airflow/dags/mar15.py
Traceback (most recent call last):
  File "/home/airflow/.local/lib/python3.12/site-packages/airflow/models/dagbag.py", line 383, in parse
    loader.exec_module(new_module)
  File "<frozen importlib._bootstrap_external>", line 995, in exec_module
  File "<frozen importlib._bootstrap_external>", line 1133, in get_code
  File "<frozen importlib._bootstrap_external>", line 1063, in source_to_code
  File "<frozen importlib._bootstrap>", line 488, in _call_with_frames_removed
  File "/opt/airflow/dags/mar15.py", line 12
    task1= PythonOperator(
                         ^
SyntaxError: '(' was never closed
[2026-03-15T08:30:08.606+0000] {processor.py:927} WARNING - No viable dags retrieved from /opt/airflow/dags/mar15.py
[2026-03-15T08:30:08.634+0000] {processor.py:208} INFO - Processing /opt/airflow/dags/mar15.py took 0.042 seconds
[2026-03-15T08:30:11.641+0000] {processor.py:186} INFO - Started process (PID=1689) to work on /opt/airflow/dags/mar15.py
[2026-03-15T08:30:11.642+0000] {processor.py:914} INFO - Processing file /opt/airflow/dags/mar15.py for tasks to queue
[2026-03-15T08:30:11.643+0000] {logging_mixin.py:190} INFO - [2026-03-15T08:30:11.643+0000] {dagbag.py:588} INFO - Filling up the DagBag from /opt/airflow/dags/mar15.py
[2026-03-15T08:30:11.649+0000] {logging_mixin.py:190} INFO - [2026-03-15T08:30:11.648+0000] {dagbag.py:387} ERROR - Failed to import: /opt/airflow/dags/mar15.py
Traceback (most recent call last):
  File "/home/airflow/.local/lib/python3.12/site-packages/airflow/models/dagbag.py", line 383, in parse
    loader.exec_module(new_module)
  File "<frozen importlib._bootstrap_external>", line 999, in exec_module
  File "<frozen importlib._bootstrap>", line 488, in _call_with_frames_removed
  File "/opt/airflow/dags/mar15.py", line 4, in <module>
    with DAG(
         ^^^^
TypeError: DAG.__init__() got an unexpected keyword argument 'retries'
[2026-03-15T08:30:11.649+0000] {processor.py:927} WARNING - No viable dags retrieved from /opt/airflow/dags/mar15.py
[2026-03-15T08:30:11.678+0000] {processor.py:208} INFO - Processing /opt/airflow/dags/mar15.py took 0.045 seconds
[2026-03-15T08:30:15.760+0000] {processor.py:186} INFO - Started process (PID=1694) to work on /opt/airflow/dags/mar15.py
[2026-03-15T08:30:15.762+0000] {processor.py:914} INFO - Processing file /opt/airflow/dags/mar15.py for tasks to queue
[2026-03-15T08:30:15.763+0000] {logging_mixin.py:190} INFO - [2026-03-15T08:30:15.763+0000] {dagbag.py:588} INFO - Filling up the DagBag from /opt/airflow/dags/mar15.py
[2026-03-15T08:30:15.769+0000] {logging_mixin.py:190} INFO - [2026-03-15T08:30:15.768+0000] {dagbag.py:387} ERROR - Failed to import: /opt/airflow/dags/mar15.py
Traceback (most recent call last):
  File "/home/airflow/.local/lib/python3.12/site-packages/airflow/models/dagbag.py", line 383, in parse
    loader.exec_module(new_module)
  File "<frozen importlib._bootstrap_external>", line 999, in exec_module
  File "<frozen importlib._bootstrap>", line 488, in _call_with_frames_removed
  File "/opt/airflow/dags/mar15.py", line 4, in <module>
    with DAG(
         ^^^^
TypeError: DAG.__init__() got an unexpected keyword argument 'retries'
[2026-03-15T08:30:15.770+0000] {processor.py:927} WARNING - No viable dags retrieved from /opt/airflow/dags/mar15.py
[2026-03-15T08:30:15.795+0000] {processor.py:208} INFO - Processing /opt/airflow/dags/mar15.py took 0.042 seconds
[2026-03-15T08:30:18.861+0000] {processor.py:186} INFO - Started process (PID=1704) to work on /opt/airflow/dags/mar15.py
[2026-03-15T08:30:18.863+0000] {processor.py:914} INFO - Processing file /opt/airflow/dags/mar15.py for tasks to queue
[2026-03-15T08:30:18.864+0000] {logging_mixin.py:190} INFO - [2026-03-15T08:30:18.864+0000] {dagbag.py:588} INFO - Filling up the DagBag from /opt/airflow/dags/mar15.py
[2026-03-15T08:30:18.872+0000] {logging_mixin.py:190} INFO - [2026-03-15T08:30:18.870+0000] {dagbag.py:387} ERROR - Failed to import: /opt/airflow/dags/mar15.py
Traceback (most recent call last):
  File "/home/airflow/.local/lib/python3.12/site-packages/airflow/models/dagbag.py", line 383, in parse
    loader.exec_module(new_module)
  File "<frozen importlib._bootstrap_external>", line 999, in exec_module
  File "<frozen importlib._bootstrap>", line 488, in _call_with_frames_removed
  File "/opt/airflow/dags/mar15.py", line 4, in <module>
    with DAG(
         ^^^^
TypeError: DAG.__init__() got an unexpected keyword argument 'retries'
[2026-03-15T08:30:18.873+0000] {processor.py:927} WARNING - No viable dags retrieved from /opt/airflow/dags/mar15.py
[2026-03-15T08:30:18.905+0000] {processor.py:208} INFO - Processing /opt/airflow/dags/mar15.py took 0.052 seconds
[2026-03-15T08:30:21.894+0000] {processor.py:186} INFO - Started process (PID=1709) to work on /opt/airflow/dags/mar15.py
[2026-03-15T08:30:21.895+0000] {processor.py:914} INFO - Processing file /opt/airflow/dags/mar15.py for tasks to queue
[2026-03-15T08:30:21.897+0000] {logging_mixin.py:190} INFO - [2026-03-15T08:30:21.897+0000] {dagbag.py:588} INFO - Filling up the DagBag from /opt/airflow/dags/mar15.py
[2026-03-15T08:30:21.905+0000] {logging_mixin.py:190} INFO - [2026-03-15T08:30:21.904+0000] {dagbag.py:387} ERROR - Failed to import: /opt/airflow/dags/mar15.py
Traceback (most recent call last):
  File "/home/airflow/.local/lib/python3.12/site-packages/airflow/models/dagbag.py", line 383, in parse
    loader.exec_module(new_module)
  File "<frozen importlib._bootstrap_external>", line 999, in exec_module
  File "<frozen importlib._bootstrap>", line 488, in _call_with_frames_removed
  File "/opt/airflow/dags/mar15.py", line 4, in <module>
    with DAG(
         ^^^^
TypeError: DAG.__init__() got an unexpected keyword argument 'retries'
[2026-03-15T08:30:21.906+0000] {processor.py:927} WARNING - No viable dags retrieved from /opt/airflow/dags/mar15.py
[2026-03-15T08:30:21.937+0000] {processor.py:208} INFO - Processing /opt/airflow/dags/mar15.py took 0.053 seconds
[2026-03-15T08:30:26.051+0000] {processor.py:186} INFO - Started process (PID=1725) to work on /opt/airflow/dags/mar15.py
[2026-03-15T08:30:26.052+0000] {processor.py:914} INFO - Processing file /opt/airflow/dags/mar15.py for tasks to queue
[2026-03-15T08:30:26.053+0000] {logging_mixin.py:190} INFO - [2026-03-15T08:30:26.053+0000] {dagbag.py:588} INFO - Filling up the DagBag from /opt/airflow/dags/mar15.py
[2026-03-15T08:30:26.057+0000] {logging_mixin.py:190} INFO - [2026-03-15T08:30:26.056+0000] {dagbag.py:387} ERROR - Failed to import: /opt/airflow/dags/mar15.py
Traceback (most recent call last):
  File "/home/airflow/.local/lib/python3.12/site-packages/airflow/models/dagbag.py", line 383, in parse
    loader.exec_module(new_module)
  File "<frozen importlib._bootstrap_external>", line 995, in exec_module
  File "<frozen importlib._bootstrap_external>", line 1133, in get_code
  File "<frozen importlib._bootstrap_external>", line 1063, in source_to_code
  File "<frozen importlib._bootstrap>", line 488, in _call_with_frames_removed
  File "/opt/airflow/dags/mar15.py", line 15
    task1=
          ^
SyntaxError: invalid syntax
[2026-03-15T08:30:26.058+0000] {processor.py:927} WARNING - No viable dags retrieved from /opt/airflow/dags/mar15.py
[2026-03-15T08:30:26.084+0000] {processor.py:208} INFO - Processing /opt/airflow/dags/mar15.py took 0.040 seconds
[2026-03-15T08:30:28.146+0000] {processor.py:186} INFO - Started process (PID=1730) to work on /opt/airflow/dags/mar15.py
[2026-03-15T08:30:28.147+0000] {processor.py:914} INFO - Processing file /opt/airflow/dags/mar15.py for tasks to queue
[2026-03-15T08:30:28.149+0000] {logging_mixin.py:190} INFO - [2026-03-15T08:30:28.149+0000] {dagbag.py:588} INFO - Filling up the DagBag from /opt/airflow/dags/mar15.py
[2026-03-15T08:30:28.154+0000] {logging_mixin.py:190} INFO - [2026-03-15T08:30:28.152+0000] {dagbag.py:387} ERROR - Failed to import: /opt/airflow/dags/mar15.py
Traceback (most recent call last):
  File "/home/airflow/.local/lib/python3.12/site-packages/airflow/models/dagbag.py", line 383, in parse
    loader.exec_module(new_module)
  File "<frozen importlib._bootstrap_external>", line 995, in exec_module
  File "<frozen importlib._bootstrap_external>", line 1133, in get_code
  File "<frozen importlib._bootstrap_external>", line 1063, in source_to_code
  File "<frozen importlib._bootstrap>", line 488, in _call_with_frames_removed
  File "/opt/airflow/dags/mar15.py", line 15
    task1=
          ^
SyntaxError: invalid syntax
[2026-03-15T08:30:28.155+0000] {processor.py:927} WARNING - No viable dags retrieved from /opt/airflow/dags/mar15.py
[2026-03-15T08:30:28.183+0000] {processor.py:208} INFO - Processing /opt/airflow/dags/mar15.py took 0.046 seconds
[2026-03-15T08:30:36.245+0000] {processor.py:186} INFO - Started process (PID=1735) to work on /opt/airflow/dags/mar15.py
[2026-03-15T08:30:36.246+0000] {processor.py:914} INFO - Processing file /opt/airflow/dags/mar15.py for tasks to queue
[2026-03-15T08:30:36.249+0000] {logging_mixin.py:190} INFO - [2026-03-15T08:30:36.248+0000] {dagbag.py:588} INFO - Filling up the DagBag from /opt/airflow/dags/mar15.py
[2026-03-15T08:30:36.257+0000] {logging_mixin.py:190} INFO - [2026-03-15T08:30:36.255+0000] {dagbag.py:387} ERROR - Failed to import: /opt/airflow/dags/mar15.py
Traceback (most recent call last):
  File "/home/airflow/.local/lib/python3.12/site-packages/airflow/models/dagbag.py", line 383, in parse
    loader.exec_module(new_module)
  File "<frozen importlib._bootstrap_external>", line 999, in exec_module
  File "<frozen importlib._bootstrap>", line 488, in _call_with_frames_removed
  File "/opt/airflow/dags/mar15.py", line 4, in <module>
    with DAG(
         ^^^^
TypeError: DAG.__init__() got an unexpected keyword argument 'retries'
[2026-03-15T08:30:36.258+0000] {processor.py:927} WARNING - No viable dags retrieved from /opt/airflow/dags/mar15.py
[2026-03-15T08:30:36.286+0000] {processor.py:208} INFO - Processing /opt/airflow/dags/mar15.py took 0.049 seconds
[2026-03-15T08:30:39.331+0000] {processor.py:186} INFO - Started process (PID=1740) to work on /opt/airflow/dags/mar15.py
[2026-03-15T08:30:39.332+0000] {processor.py:914} INFO - Processing file /opt/airflow/dags/mar15.py for tasks to queue
[2026-03-15T08:30:39.334+0000] {logging_mixin.py:190} INFO - [2026-03-15T08:30:39.334+0000] {dagbag.py:588} INFO - Filling up the DagBag from /opt/airflow/dags/mar15.py
[2026-03-15T08:30:39.343+0000] {logging_mixin.py:190} INFO - [2026-03-15T08:30:39.341+0000] {dagbag.py:387} ERROR - Failed to import: /opt/airflow/dags/mar15.py
Traceback (most recent call last):
  File "/home/airflow/.local/lib/python3.12/site-packages/airflow/models/dagbag.py", line 383, in parse
    loader.exec_module(new_module)
  File "<frozen importlib._bootstrap_external>", line 999, in exec_module
  File "<frozen importlib._bootstrap>", line 488, in _call_with_frames_removed
  File "/opt/airflow/dags/mar15.py", line 4, in <module>
    with DAG(
         ^^^^
TypeError: DAG.__init__() got an unexpected keyword argument 'retries'
[2026-03-15T08:30:39.344+0000] {processor.py:927} WARNING - No viable dags retrieved from /opt/airflow/dags/mar15.py
[2026-03-15T08:30:39.377+0000] {processor.py:208} INFO - Processing /opt/airflow/dags/mar15.py took 0.059 seconds
[2026-03-15T08:30:41.378+0000] {processor.py:186} INFO - Started process (PID=1745) to work on /opt/airflow/dags/mar15.py
[2026-03-15T08:30:41.380+0000] {processor.py:914} INFO - Processing file /opt/airflow/dags/mar15.py for tasks to queue
[2026-03-15T08:30:41.381+0000] {logging_mixin.py:190} INFO - [2026-03-15T08:30:41.381+0000] {dagbag.py:588} INFO - Filling up the DagBag from /opt/airflow/dags/mar15.py
[2026-03-15T08:30:41.388+0000] {logging_mixin.py:190} INFO - [2026-03-15T08:30:41.387+0000] {dagbag.py:387} ERROR - Failed to import: /opt/airflow/dags/mar15.py
Traceback (most recent call last):
  File "/home/airflow/.local/lib/python3.12/site-packages/airflow/models/dagbag.py", line 383, in parse
    loader.exec_module(new_module)
  File "<frozen importlib._bootstrap_external>", line 999, in exec_module
  File "<frozen importlib._bootstrap>", line 488, in _call_with_frames_removed
  File "/opt/airflow/dags/mar15.py", line 4, in <module>
    with DAG(
         ^^^^
TypeError: DAG.__init__() got an unexpected keyword argument 'retries'
[2026-03-15T08:30:41.388+0000] {processor.py:927} WARNING - No viable dags retrieved from /opt/airflow/dags/mar15.py
[2026-03-15T08:30:41.420+0000] {processor.py:208} INFO - Processing /opt/airflow/dags/mar15.py took 0.048 seconds
[2026-03-15T08:30:54.649+0000] {processor.py:186} INFO - Started process (PID=1766) to work on /opt/airflow/dags/mar15.py
[2026-03-15T08:30:54.650+0000] {processor.py:914} INFO - Processing file /opt/airflow/dags/mar15.py for tasks to queue
[2026-03-15T08:30:54.652+0000] {logging_mixin.py:190} INFO - [2026-03-15T08:30:54.652+0000] {dagbag.py:588} INFO - Filling up the DagBag from /opt/airflow/dags/mar15.py
[2026-03-15T08:30:54.661+0000] {logging_mixin.py:190} INFO - [2026-03-15T08:30:54.659+0000] {dagbag.py:387} ERROR - Failed to import: /opt/airflow/dags/mar15.py
Traceback (most recent call last):
  File "/home/airflow/.local/lib/python3.12/site-packages/airflow/models/dagbag.py", line 383, in parse
    loader.exec_module(new_module)
  File "<frozen importlib._bootstrap_external>", line 999, in exec_module
  File "<frozen importlib._bootstrap>", line 488, in _call_with_frames_removed
  File "/opt/airflow/dags/mar15.py", line 4, in <module>
    with DAG(
         ^^^^
TypeError: DAG.__init__() got an unexpected keyword argument 'retries'
[2026-03-15T08:30:54.662+0000] {processor.py:927} WARNING - No viable dags retrieved from /opt/airflow/dags/mar15.py
[2026-03-15T08:30:54.692+0000] {processor.py:208} INFO - Processing /opt/airflow/dags/mar15.py took 0.053 seconds
[2026-03-15T08:30:58.751+0000] {processor.py:186} INFO - Started process (PID=1771) to work on /opt/airflow/dags/mar15.py
[2026-03-15T08:30:58.752+0000] {processor.py:914} INFO - Processing file /opt/airflow/dags/mar15.py for tasks to queue
[2026-03-15T08:30:58.753+0000] {logging_mixin.py:190} INFO - [2026-03-15T08:30:58.753+0000] {dagbag.py:588} INFO - Filling up the DagBag from /opt/airflow/dags/mar15.py
[2026-03-15T08:30:58.763+0000] {processor.py:925} INFO - DAG(s) 'my_test' retrieved from /opt/airflow/dags/mar15.py
[2026-03-15T08:30:58.995+0000] {logging_mixin.py:190} INFO - [2026-03-15T08:30:58.993+0000] {override.py:1912} INFO - Created Permission View: can delete on DAG:my_test
[2026-03-15T08:30:59.011+0000] {logging_mixin.py:190} INFO - [2026-03-15T08:30:59.011+0000] {override.py:1912} INFO - Created Permission View: can read on DAG:my_test
[2026-03-15T08:30:59.023+0000] {logging_mixin.py:190} INFO - [2026-03-15T08:30:59.022+0000] {override.py:1912} INFO - Created Permission View: can edit on DAG:my_test
[2026-03-15T08:30:59.036+0000] {logging_mixin.py:190} INFO - [2026-03-15T08:30:59.035+0000] {override.py:1912} INFO - Created Permission View: can delete on DAG Run:my_test
[2026-03-15T08:30:59.048+0000] {logging_mixin.py:190} INFO - [2026-03-15T08:30:59.047+0000] {override.py:1912} INFO - Created Permission View: can create on DAG Run:my_test
[2026-03-15T08:30:59.061+0000] {logging_mixin.py:190} INFO - [2026-03-15T08:30:59.061+0000] {override.py:1912} INFO - Created Permission View: can read on DAG Run:my_test
[2026-03-15T08:30:59.074+0000] {logging_mixin.py:190} INFO - [2026-03-15T08:30:59.074+0000] {override.py:1912} INFO - Created Permission View: menu access on DAG Run:my_test
[2026-03-15T08:30:59.075+0000] {logging_mixin.py:190} INFO - [2026-03-15T08:30:59.075+0000] {dag.py:3239} INFO - Sync 1 DAGs
[2026-03-15T08:30:59.099+0000] {logging_mixin.py:190} INFO - [2026-03-15T08:30:59.098+0000] {dag.py:3262} INFO - Creating ORM DAG for my_test
[2026-03-15T08:30:59.100+0000] {logging_mixin.py:190} INFO - [2026-03-15T08:30:59.100+0000] {dag.py:4180} INFO - Setting next_dagrun for my_test to None, run_after=None
[2026-03-15T08:30:59.126+0000] {processor.py:208} INFO - Processing /opt/airflow/dags/mar15.py took 0.382 seconds
[2026-03-15T08:31:02.797+0000] {processor.py:186} INFO - Started process (PID=1776) to work on /opt/airflow/dags/mar15.py
[2026-03-15T08:31:02.798+0000] {processor.py:914} INFO - Processing file /opt/airflow/dags/mar15.py for tasks to queue
[2026-03-15T08:31:02.799+0000] {logging_mixin.py:190} INFO - [2026-03-15T08:31:02.799+0000] {dagbag.py:588} INFO - Filling up the DagBag from /opt/airflow/dags/mar15.py
[2026-03-15T08:31:02.802+0000] {logging_mixin.py:190} INFO - [2026-03-15T08:31:02.801+0000] {dagbag.py:387} ERROR - Failed to import: /opt/airflow/dags/mar15.py
Traceback (most recent call last):
  File "/home/airflow/.local/lib/python3.12/site-packages/airflow/models/dagbag.py", line 383, in parse
    loader.exec_module(new_module)
  File "<frozen importlib._bootstrap_external>", line 995, in exec_module
  File "<frozen importlib._bootstrap_external>", line 1133, in get_code
  File "<frozen importlib._bootstrap_external>", line 1063, in source_to_code
  File "<frozen importlib._bootstrap>", line 488, in _call_with_frames_removed
  File "/opt/airflow/dags/mar15.py", line 9
    ) as dag:
    ^
SyntaxError: positional argument follows keyword argument
[2026-03-15T08:31:02.803+0000] {processor.py:927} WARNING - No viable dags retrieved from /opt/airflow/dags/mar15.py
[2026-03-15T08:31:02.831+0000] {processor.py:208} INFO - Processing /opt/airflow/dags/mar15.py took 0.042 seconds
[2026-03-15T08:31:11.915+0000] {processor.py:186} INFO - Started process (PID=1781) to work on /opt/airflow/dags/mar15.py
[2026-03-15T08:31:11.916+0000] {processor.py:914} INFO - Processing file /opt/airflow/dags/mar15.py for tasks to queue
[2026-03-15T08:31:11.918+0000] {logging_mixin.py:190} INFO - [2026-03-15T08:31:11.918+0000] {dagbag.py:588} INFO - Filling up the DagBag from /opt/airflow/dags/mar15.py
[2026-03-15T08:31:11.924+0000] {logging_mixin.py:190} INFO - [2026-03-15T08:31:11.922+0000] {dagbag.py:387} ERROR - Failed to import: /opt/airflow/dags/mar15.py
Traceback (most recent call last):
  File "/home/airflow/.local/lib/python3.12/site-packages/airflow/models/dagbag.py", line 383, in parse
    loader.exec_module(new_module)
  File "<frozen importlib._bootstrap_external>", line 995, in exec_module
  File "<frozen importlib._bootstrap_external>", line 1133, in get_code
  File "<frozen importlib._bootstrap_external>", line 1063, in source_to_code
  File "<frozen importlib._bootstrap>", line 488, in _call_with_frames_removed
  File "/opt/airflow/dags/mar15.py", line 10
    ) as dag:
    ^
SyntaxError: positional argument follows keyword argument
[2026-03-15T08:31:11.925+0000] {processor.py:927} WARNING - No viable dags retrieved from /opt/airflow/dags/mar15.py
[2026-03-15T08:31:11.958+0000] {processor.py:208} INFO - Processing /opt/airflow/dags/mar15.py took 0.052 seconds
[2026-03-15T08:31:16.005+0000] {processor.py:186} INFO - Started process (PID=1786) to work on /opt/airflow/dags/mar15.py
[2026-03-15T08:31:16.006+0000] {processor.py:914} INFO - Processing file /opt/airflow/dags/mar15.py for tasks to queue
[2026-03-15T08:31:16.008+0000] {logging_mixin.py:190} INFO - [2026-03-15T08:31:16.007+0000] {dagbag.py:588} INFO - Filling up the DagBag from /opt/airflow/dags/mar15.py
[2026-03-15T08:31:16.014+0000] {logging_mixin.py:190} INFO - [2026-03-15T08:31:16.012+0000] {dagbag.py:387} ERROR - Failed to import: /opt/airflow/dags/mar15.py
Traceback (most recent call last):
  File "/home/airflow/.local/lib/python3.12/site-packages/airflow/models/dagbag.py", line 383, in parse
    loader.exec_module(new_module)
  File "<frozen importlib._bootstrap_external>", line 995, in exec_module
  File "<frozen importlib._bootstrap_external>", line 1133, in get_code
  File "<frozen importlib._bootstrap_external>", line 1063, in source_to_code
  File "<frozen importlib._bootstrap>", line 488, in _call_with_frames_removed
  File "/opt/airflow/dags/mar15.py", line 9
    retries:
           ^
SyntaxError: positional argument follows keyword argument
[2026-03-15T08:31:16.015+0000] {processor.py:927} WARNING - No viable dags retrieved from /opt/airflow/dags/mar15.py
[2026-03-15T08:31:16.049+0000] {processor.py:208} INFO - Processing /opt/airflow/dags/mar15.py took 0.054 seconds
[2026-03-15T08:31:18.052+0000] {processor.py:186} INFO - Started process (PID=1791) to work on /opt/airflow/dags/mar15.py
[2026-03-15T08:31:18.053+0000] {processor.py:914} INFO - Processing file /opt/airflow/dags/mar15.py for tasks to queue
[2026-03-15T08:31:18.055+0000] {logging_mixin.py:190} INFO - [2026-03-15T08:31:18.054+0000] {dagbag.py:588} INFO - Filling up the DagBag from /opt/airflow/dags/mar15.py
[2026-03-15T08:31:18.059+0000] {logging_mixin.py:190} INFO - [2026-03-15T08:31:18.057+0000] {dagbag.py:387} ERROR - Failed to import: /opt/airflow/dags/mar15.py
Traceback (most recent call last):
  File "/home/airflow/.local/lib/python3.12/site-packages/airflow/models/dagbag.py", line 383, in parse
    loader.exec_module(new_module)
  File "<frozen importlib._bootstrap_external>", line 995, in exec_module
  File "<frozen importlib._bootstrap_external>", line 1133, in get_code
  File "<frozen importlib._bootstrap_external>", line 1063, in source_to_code
  File "<frozen importlib._bootstrap>", line 488, in _call_with_frames_removed
  File "/opt/airflow/dags/mar15.py", line 9
    retries:1,
           ^
SyntaxError: positional argument follows keyword argument
[2026-03-15T08:31:18.059+0000] {processor.py:927} WARNING - No viable dags retrieved from /opt/airflow/dags/mar15.py
[2026-03-15T08:31:18.088+0000] {processor.py:208} INFO - Processing /opt/airflow/dags/mar15.py took 0.043 seconds
[2026-03-15T08:31:19.144+0000] {processor.py:186} INFO - Started process (PID=1796) to work on /opt/airflow/dags/mar15.py
[2026-03-15T08:31:19.145+0000] {processor.py:914} INFO - Processing file /opt/airflow/dags/mar15.py for tasks to queue
[2026-03-15T08:31:19.147+0000] {logging_mixin.py:190} INFO - [2026-03-15T08:31:19.146+0000] {dagbag.py:588} INFO - Filling up the DagBag from /opt/airflow/dags/mar15.py
[2026-03-15T08:31:19.152+0000] {logging_mixin.py:190} INFO - [2026-03-15T08:31:19.150+0000] {dagbag.py:387} ERROR - Failed to import: /opt/airflow/dags/mar15.py
Traceback (most recent call last):
  File "/home/airflow/.local/lib/python3.12/site-packages/airflow/models/dagbag.py", line 383, in parse
    loader.exec_module(new_module)
  File "<frozen importlib._bootstrap_external>", line 995, in exec_module
  File "<frozen importlib._bootstrap_external>", line 1133, in get_code
  File "<frozen importlib._bootstrap_external>", line 1063, in source_to_code
  File "<frozen importlib._bootstrap>", line 488, in _call_with_frames_removed
  File "/opt/airflow/dags/mar15.py", line 9
    retries:1,
           ^
SyntaxError: positional argument follows keyword argument
[2026-03-15T08:31:19.153+0000] {processor.py:927} WARNING - No viable dags retrieved from /opt/airflow/dags/mar15.py
[2026-03-15T08:31:19.188+0000] {processor.py:208} INFO - Processing /opt/airflow/dags/mar15.py took 0.053 seconds
[2026-03-15T08:31:24.281+0000] {processor.py:186} INFO - Started process (PID=1812) to work on /opt/airflow/dags/mar15.py
[2026-03-15T08:31:24.282+0000] {processor.py:914} INFO - Processing file /opt/airflow/dags/mar15.py for tasks to queue
[2026-03-15T08:31:24.285+0000] {logging_mixin.py:190} INFO - [2026-03-15T08:31:24.284+0000] {dagbag.py:588} INFO - Filling up the DagBag from /opt/airflow/dags/mar15.py
[2026-03-15T08:31:24.290+0000] {logging_mixin.py:190} INFO - [2026-03-15T08:31:24.288+0000] {dagbag.py:387} ERROR - Failed to import: /opt/airflow/dags/mar15.py
Traceback (most recent call last):
  File "/home/airflow/.local/lib/python3.12/site-packages/airflow/models/dagbag.py", line 383, in parse
    loader.exec_module(new_module)
  File "<frozen importlib._bootstrap_external>", line 995, in exec_module
  File "<frozen importlib._bootstrap_external>", line 1133, in get_code
  File "<frozen importlib._bootstrap_external>", line 1063, in source_to_code
  File "<frozen importlib._bootstrap>", line 488, in _call_with_frames_removed
  File "/opt/airflow/dags/mar15.py", line 9
    "retries":1,
             ^
SyntaxError: positional argument follows keyword argument
[2026-03-15T08:31:24.291+0000] {processor.py:927} WARNING - No viable dags retrieved from /opt/airflow/dags/mar15.py
[2026-03-15T08:31:24.325+0000] {processor.py:208} INFO - Processing /opt/airflow/dags/mar15.py took 0.054 seconds
[2026-03-15T08:31:26.372+0000] {processor.py:186} INFO - Started process (PID=1822) to work on /opt/airflow/dags/mar15.py
[2026-03-15T08:31:26.373+0000] {processor.py:914} INFO - Processing file /opt/airflow/dags/mar15.py for tasks to queue
[2026-03-15T08:31:26.375+0000] {logging_mixin.py:190} INFO - [2026-03-15T08:31:26.374+0000] {dagbag.py:588} INFO - Filling up the DagBag from /opt/airflow/dags/mar15.py
[2026-03-15T08:31:26.381+0000] {logging_mixin.py:190} INFO - [2026-03-15T08:31:26.379+0000] {dagbag.py:387} ERROR - Failed to import: /opt/airflow/dags/mar15.py
Traceback (most recent call last):
  File "/home/airflow/.local/lib/python3.12/site-packages/airflow/models/dagbag.py", line 383, in parse
    loader.exec_module(new_module)
  File "<frozen importlib._bootstrap_external>", line 995, in exec_module
  File "<frozen importlib._bootstrap_external>", line 1133, in get_code
  File "<frozen importlib._bootstrap_external>", line 1063, in source_to_code
  File "<frozen importlib._bootstrap>", line 488, in _call_with_frames_removed
  File "/opt/airflow/dags/mar15.py", line 9
    "retries":1,
             ^
SyntaxError: positional argument follows keyword argument
[2026-03-15T08:31:26.382+0000] {processor.py:927} WARNING - No viable dags retrieved from /opt/airflow/dags/mar15.py
[2026-03-15T08:31:26.419+0000] {processor.py:208} INFO - Processing /opt/airflow/dags/mar15.py took 0.058 seconds
[2026-03-15T08:31:33.470+0000] {processor.py:186} INFO - Started process (PID=1827) to work on /opt/airflow/dags/mar15.py
[2026-03-15T08:31:33.480+0000] {processor.py:914} INFO - Processing file /opt/airflow/dags/mar15.py for tasks to queue
[2026-03-15T08:31:33.482+0000] {logging_mixin.py:190} INFO - [2026-03-15T08:31:33.482+0000] {dagbag.py:588} INFO - Filling up the DagBag from /opt/airflow/dags/mar15.py
[2026-03-15T08:31:33.487+0000] {logging_mixin.py:190} INFO - [2026-03-15T08:31:33.486+0000] {dagbag.py:387} ERROR - Failed to import: /opt/airflow/dags/mar15.py
Traceback (most recent call last):
  File "/home/airflow/.local/lib/python3.12/site-packages/airflow/models/dagbag.py", line 383, in parse
    loader.exec_module(new_module)
  File "<frozen importlib._bootstrap_external>", line 995, in exec_module
  File "<frozen importlib._bootstrap_external>", line 1133, in get_code
  File "<frozen importlib._bootstrap_external>", line 1063, in source_to_code
  File "<frozen importlib._bootstrap>", line 488, in _call_with_frames_removed
  File "/opt/airflow/dags/mar15.py", line 8
    "catchup"=False,
    ^^^^^^^^^^
SyntaxError: expression cannot contain assignment, perhaps you meant "=="?
[2026-03-15T08:31:33.488+0000] {processor.py:927} WARNING - No viable dags retrieved from /opt/airflow/dags/mar15.py
[2026-03-15T08:31:33.518+0000] {processor.py:208} INFO - Processing /opt/airflow/dags/mar15.py took 0.057 seconds
[2026-03-15T08:31:35.559+0000] {processor.py:186} INFO - Started process (PID=1832) to work on /opt/airflow/dags/mar15.py
[2026-03-15T08:31:35.560+0000] {processor.py:914} INFO - Processing file /opt/airflow/dags/mar15.py for tasks to queue
[2026-03-15T08:31:35.562+0000] {logging_mixin.py:190} INFO - [2026-03-15T08:31:35.561+0000] {dagbag.py:588} INFO - Filling up the DagBag from /opt/airflow/dags/mar15.py
[2026-03-15T08:31:35.566+0000] {logging_mixin.py:190} INFO - [2026-03-15T08:31:35.565+0000] {dagbag.py:387} ERROR - Failed to import: /opt/airflow/dags/mar15.py
Traceback (most recent call last):
  File "/home/airflow/.local/lib/python3.12/site-packages/airflow/models/dagbag.py", line 383, in parse
    loader.exec_module(new_module)
  File "<frozen importlib._bootstrap_external>", line 995, in exec_module
  File "<frozen importlib._bootstrap_external>", line 1133, in get_code
  File "<frozen importlib._bootstrap_external>", line 1063, in source_to_code
  File "<frozen importlib._bootstrap>", line 488, in _call_with_frames_removed
  File "/opt/airflow/dags/mar15.py", line 9
    "retries":1,
             ^
SyntaxError: positional argument follows keyword argument
[2026-03-15T08:31:35.567+0000] {processor.py:927} WARNING - No viable dags retrieved from /opt/airflow/dags/mar15.py
[2026-03-15T08:31:35.592+0000] {processor.py:208} INFO - Processing /opt/airflow/dags/mar15.py took 0.042 seconds
[2026-03-15T08:31:39.636+0000] {processor.py:186} INFO - Started process (PID=1837) to work on /opt/airflow/dags/mar15.py
[2026-03-15T08:31:39.637+0000] {processor.py:914} INFO - Processing file /opt/airflow/dags/mar15.py for tasks to queue
[2026-03-15T08:31:39.638+0000] {logging_mixin.py:190} INFO - [2026-03-15T08:31:39.638+0000] {dagbag.py:588} INFO - Filling up the DagBag from /opt/airflow/dags/mar15.py
[2026-03-15T08:31:39.642+0000] {logging_mixin.py:190} INFO - [2026-03-15T08:31:39.641+0000] {dagbag.py:387} ERROR - Failed to import: /opt/airflow/dags/mar15.py
Traceback (most recent call last):
  File "/home/airflow/.local/lib/python3.12/site-packages/airflow/models/dagbag.py", line 383, in parse
    loader.exec_module(new_module)
  File "<frozen importlib._bootstrap_external>", line 995, in exec_module
  File "<frozen importlib._bootstrap_external>", line 1133, in get_code
  File "<frozen importlib._bootstrap_external>", line 1063, in source_to_code
  File "<frozen importlib._bootstrap>", line 488, in _call_with_frames_removed
  File "/opt/airflow/dags/mar15.py", line 10
    "retries":1,
             ^
SyntaxError: positional argument follows keyword argument
[2026-03-15T08:31:39.643+0000] {processor.py:927} WARNING - No viable dags retrieved from /opt/airflow/dags/mar15.py
[2026-03-15T08:31:39.670+0000] {processor.py:208} INFO - Processing /opt/airflow/dags/mar15.py took 0.041 seconds
[2026-03-15T08:31:45.734+0000] {processor.py:186} INFO - Started process (PID=1842) to work on /opt/airflow/dags/mar15.py
[2026-03-15T08:31:45.735+0000] {processor.py:914} INFO - Processing file /opt/airflow/dags/mar15.py for tasks to queue
[2026-03-15T08:31:45.736+0000] {logging_mixin.py:190} INFO - [2026-03-15T08:31:45.736+0000] {dagbag.py:588} INFO - Filling up the DagBag from /opt/airflow/dags/mar15.py
[2026-03-15T08:31:45.750+0000] {processor.py:925} INFO - DAG(s) 'my_test' retrieved from /opt/airflow/dags/mar15.py
[2026-03-15T08:31:45.781+0000] {logging_mixin.py:190} INFO - [2026-03-15T08:31:45.781+0000] {dag.py:3239} INFO - Sync 1 DAGs
[2026-03-15T08:31:45.804+0000] {logging_mixin.py:190} INFO - [2026-03-15T08:31:45.804+0000] {dag.py:4180} INFO - Setting next_dagrun for my_test to None, run_after=None
[2026-03-15T08:31:45.837+0000] {processor.py:208} INFO - Processing /opt/airflow/dags/mar15.py took 0.113 seconds
[2026-03-15T08:32:16.246+0000] {processor.py:186} INFO - Started process (PID=1866) to work on /opt/airflow/dags/mar15.py
[2026-03-15T08:32:16.256+0000] {processor.py:914} INFO - Processing file /opt/airflow/dags/mar15.py for tasks to queue
[2026-03-15T08:32:16.258+0000] {logging_mixin.py:190} INFO - [2026-03-15T08:32:16.257+0000] {dagbag.py:588} INFO - Filling up the DagBag from /opt/airflow/dags/mar15.py
[2026-03-15T08:32:16.267+0000] {processor.py:925} INFO - DAG(s) 'my_test' retrieved from /opt/airflow/dags/mar15.py
[2026-03-15T08:32:16.298+0000] {logging_mixin.py:190} INFO - [2026-03-15T08:32:16.298+0000] {dag.py:3239} INFO - Sync 1 DAGs
[2026-03-15T08:32:16.321+0000] {logging_mixin.py:190} INFO - [2026-03-15T08:32:16.321+0000] {dag.py:4180} INFO - Setting next_dagrun for my_test to None, run_after=None
[2026-03-15T08:32:16.347+0000] {processor.py:208} INFO - Processing /opt/airflow/dags/mar15.py took 0.114 seconds
[2026-03-15T08:32:46.749+0000] {processor.py:186} INFO - Started process (PID=1887) to work on /opt/airflow/dags/mar15.py
[2026-03-15T08:32:46.758+0000] {processor.py:914} INFO - Processing file /opt/airflow/dags/mar15.py for tasks to queue
[2026-03-15T08:32:46.760+0000] {logging_mixin.py:190} INFO - [2026-03-15T08:32:46.760+0000] {dagbag.py:588} INFO - Filling up the DagBag from /opt/airflow/dags/mar15.py
[2026-03-15T08:32:46.769+0000] {processor.py:925} INFO - DAG(s) 'my_test' retrieved from /opt/airflow/dags/mar15.py
[2026-03-15T08:32:46.794+0000] {logging_mixin.py:190} INFO - [2026-03-15T08:32:46.794+0000] {dag.py:3239} INFO - Sync 1 DAGs
[2026-03-15T08:32:46.814+0000] {logging_mixin.py:190} INFO - [2026-03-15T08:32:46.813+0000] {dag.py:4180} INFO - Setting next_dagrun for my_test to None, run_after=None
[2026-03-15T08:32:46.836+0000] {processor.py:208} INFO - Processing /opt/airflow/dags/mar15.py took 0.095 seconds
[2026-03-15T08:44:31.174+0000] {processor.py:186} INFO - Started process (PID=2337) to work on /opt/airflow/dags/mar15.py
[2026-03-15T08:44:31.184+0000] {processor.py:914} INFO - Processing file /opt/airflow/dags/mar15.py for tasks to queue
[2026-03-15T08:44:31.186+0000] {logging_mixin.py:190} INFO - [2026-03-15T08:44:31.186+0000] {dagbag.py:588} INFO - Filling up the DagBag from /opt/airflow/dags/mar15.py
[2026-03-15T08:44:31.190+0000] {logging_mixin.py:190} INFO - [2026-03-15T08:44:31.188+0000] {dagbag.py:387} ERROR - Failed to import: /opt/airflow/dags/mar15.py
Traceback (most recent call last):
  File "/home/airflow/.local/lib/python3.12/site-packages/airflow/models/dagbag.py", line 383, in parse
    loader.exec_module(new_module)
  File "<frozen importlib._bootstrap_external>", line 995, in exec_module
  File "<frozen importlib._bootstrap_external>", line 1133, in get_code
  File "<frozen importlib._bootstrap_external>", line 1063, in source_to_code
  File "<frozen importlib._bootstrap>", line 488, in _call_with_frames_removed
  File "/opt/airflow/dags/mar15.py", line 2
    with DAG(
            ^
SyntaxError: '(' was never closed
[2026-03-15T08:44:31.190+0000] {processor.py:927} WARNING - No viable dags retrieved from /opt/airflow/dags/mar15.py
[2026-03-15T08:44:31.217+0000] {processor.py:208} INFO - Processing /opt/airflow/dags/mar15.py took 0.050 seconds
[2026-03-15T08:44:35.239+0000] {processor.py:186} INFO - Started process (PID=2342) to work on /opt/airflow/dags/mar15.py
[2026-03-15T08:44:35.240+0000] {processor.py:914} INFO - Processing file /opt/airflow/dags/mar15.py for tasks to queue
[2026-03-15T08:44:35.241+0000] {logging_mixin.py:190} INFO - [2026-03-15T08:44:35.241+0000] {dagbag.py:588} INFO - Filling up the DagBag from /opt/airflow/dags/mar15.py
[2026-03-15T08:44:35.244+0000] {logging_mixin.py:190} INFO - [2026-03-15T08:44:35.243+0000] {dagbag.py:387} ERROR - Failed to import: /opt/airflow/dags/mar15.py
Traceback (most recent call last):
  File "/home/airflow/.local/lib/python3.12/site-packages/airflow/models/dagbag.py", line 383, in parse
    loader.exec_module(new_module)
  File "<frozen importlib._bootstrap_external>", line 995, in exec_module
  File "<frozen importlib._bootstrap_external>", line 1133, in get_code
  File "<frozen importlib._bootstrap_external>", line 1063, in source_to_code
  File "<frozen importlib._bootstrap>", line 488, in _call_with_frames_removed
  File "/opt/airflow/dags/mar15.py", line 2
    with DAG(
            ^
SyntaxError: '(' was never closed
[2026-03-15T08:44:35.245+0000] {processor.py:927} WARNING - No viable dags retrieved from /opt/airflow/dags/mar15.py
[2026-03-15T08:44:35.271+0000] {processor.py:208} INFO - Processing /opt/airflow/dags/mar15.py took 0.039 seconds
[2026-03-15T08:44:37.333+0000] {processor.py:186} INFO - Started process (PID=2347) to work on /opt/airflow/dags/mar15.py
[2026-03-15T08:44:37.334+0000] {processor.py:914} INFO - Processing file /opt/airflow/dags/mar15.py for tasks to queue
[2026-03-15T08:44:37.335+0000] {logging_mixin.py:190} INFO - [2026-03-15T08:44:37.335+0000] {dagbag.py:588} INFO - Filling up the DagBag from /opt/airflow/dags/mar15.py
[2026-03-15T08:44:37.339+0000] {logging_mixin.py:190} INFO - [2026-03-15T08:44:37.338+0000] {dagbag.py:387} ERROR - Failed to import: /opt/airflow/dags/mar15.py
Traceback (most recent call last):
  File "/home/airflow/.local/lib/python3.12/site-packages/airflow/models/dagbag.py", line 383, in parse
    loader.exec_module(new_module)
  File "<frozen importlib._bootstrap_external>", line 995, in exec_module
  File "<frozen importlib._bootstrap_external>", line 1133, in get_code
  File "<frozen importlib._bootstrap_external>", line 1063, in source_to_code
  File "<frozen importlib._bootstrap>", line 488, in _call_with_frames_removed
  File "/opt/airflow/dags/mar15.py", line 2
    with DAG(
            ^
SyntaxError: '(' was never closed
[2026-03-15T08:44:37.340+0000] {processor.py:927} WARNING - No viable dags retrieved from /opt/airflow/dags/mar15.py
[2026-03-15T08:44:37.368+0000] {processor.py:208} INFO - Processing /opt/airflow/dags/mar15.py took 0.042 seconds
[2026-03-15T08:44:39.372+0000] {processor.py:186} INFO - Started process (PID=2352) to work on /opt/airflow/dags/mar15.py
[2026-03-15T08:44:39.374+0000] {processor.py:914} INFO - Processing file /opt/airflow/dags/mar15.py for tasks to queue
[2026-03-15T08:44:39.375+0000] {logging_mixin.py:190} INFO - [2026-03-15T08:44:39.375+0000] {dagbag.py:588} INFO - Filling up the DagBag from /opt/airflow/dags/mar15.py
[2026-03-15T08:44:39.383+0000] {logging_mixin.py:190} INFO - [2026-03-15T08:44:39.380+0000] {dagbag.py:387} ERROR - Failed to import: /opt/airflow/dags/mar15.py
Traceback (most recent call last):
  File "/home/airflow/.local/lib/python3.12/site-packages/airflow/models/dagbag.py", line 383, in parse
    loader.exec_module(new_module)
  File "<frozen importlib._bootstrap_external>", line 995, in exec_module
  File "<frozen importlib._bootstrap_external>", line 1133, in get_code
  File "<frozen importlib._bootstrap_external>", line 1063, in source_to_code
  File "<frozen importlib._bootstrap>", line 488, in _call_with_frames_removed
  File "/opt/airflow/dags/mar15.py", line 2
    with DAG(
            ^
SyntaxError: '(' was never closed
[2026-03-15T08:44:39.384+0000] {processor.py:927} WARNING - No viable dags retrieved from /opt/airflow/dags/mar15.py
[2026-03-15T08:44:39.421+0000] {processor.py:208} INFO - Processing /opt/airflow/dags/mar15.py took 0.060 seconds
[2026-03-15T08:44:42.522+0000] {processor.py:186} INFO - Started process (PID=2362) to work on /opt/airflow/dags/mar15.py
[2026-03-15T08:44:42.524+0000] {processor.py:914} INFO - Processing file /opt/airflow/dags/mar15.py for tasks to queue
[2026-03-15T08:44:42.525+0000] {logging_mixin.py:190} INFO - [2026-03-15T08:44:42.525+0000] {dagbag.py:588} INFO - Filling up the DagBag from /opt/airflow/dags/mar15.py
[2026-03-15T08:44:42.529+0000] {logging_mixin.py:190} INFO - [2026-03-15T08:44:42.528+0000] {dagbag.py:387} ERROR - Failed to import: /opt/airflow/dags/mar15.py
Traceback (most recent call last):
  File "/home/airflow/.local/lib/python3.12/site-packages/airflow/models/dagbag.py", line 383, in parse
    loader.exec_module(new_module)
  File "<frozen importlib._bootstrap_external>", line 995, in exec_module
  File "<frozen importlib._bootstrap_external>", line 1133, in get_code
  File "<frozen importlib._bootstrap_external>", line 1063, in source_to_code
  File "<frozen importlib._bootstrap>", line 488, in _call_with_frames_removed
  File "/opt/airflow/dags/mar15.py", line 2
    with DAG(
            ^
SyntaxError: '(' was never closed
[2026-03-15T08:44:42.530+0000] {processor.py:927} WARNING - No viable dags retrieved from /opt/airflow/dags/mar15.py
[2026-03-15T08:44:42.562+0000] {processor.py:208} INFO - Processing /opt/airflow/dags/mar15.py took 0.049 seconds
[2026-03-15T08:44:45.638+0000] {processor.py:186} INFO - Started process (PID=2372) to work on /opt/airflow/dags/mar15.py
[2026-03-15T08:44:45.639+0000] {processor.py:914} INFO - Processing file /opt/airflow/dags/mar15.py for tasks to queue
[2026-03-15T08:44:45.640+0000] {logging_mixin.py:190} INFO - [2026-03-15T08:44:45.640+0000] {dagbag.py:588} INFO - Filling up the DagBag from /opt/airflow/dags/mar15.py
[2026-03-15T08:44:45.644+0000] {logging_mixin.py:190} INFO - [2026-03-15T08:44:45.642+0000] {dagbag.py:387} ERROR - Failed to import: /opt/airflow/dags/mar15.py
Traceback (most recent call last):
  File "/home/airflow/.local/lib/python3.12/site-packages/airflow/models/dagbag.py", line 383, in parse
    loader.exec_module(new_module)
  File "<frozen importlib._bootstrap_external>", line 995, in exec_module
  File "<frozen importlib._bootstrap_external>", line 1133, in get_code
  File "<frozen importlib._bootstrap_external>", line 1063, in source_to_code
  File "<frozen importlib._bootstrap>", line 488, in _call_with_frames_removed
  File "/opt/airflow/dags/mar15.py", line 2
    with DAG(
            ^
SyntaxError: '(' was never closed
[2026-03-15T08:44:45.644+0000] {processor.py:927} WARNING - No viable dags retrieved from /opt/airflow/dags/mar15.py
[2026-03-15T08:44:45.668+0000] {processor.py:208} INFO - Processing /opt/airflow/dags/mar15.py took 0.038 seconds
[2026-03-15T08:44:50.739+0000] {processor.py:186} INFO - Started process (PID=2377) to work on /opt/airflow/dags/mar15.py
[2026-03-15T08:44:50.740+0000] {processor.py:914} INFO - Processing file /opt/airflow/dags/mar15.py for tasks to queue
[2026-03-15T08:44:50.741+0000] {logging_mixin.py:190} INFO - [2026-03-15T08:44:50.741+0000] {dagbag.py:588} INFO - Filling up the DagBag from /opt/airflow/dags/mar15.py
[2026-03-15T08:44:50.743+0000] {logging_mixin.py:190} INFO - [2026-03-15T08:44:50.742+0000] {dagbag.py:366} INFO - File /opt/airflow/dags/mar15.py assumed to contain no DAGs. Skipping.
[2026-03-15T08:44:50.743+0000] {processor.py:927} WARNING - No viable dags retrieved from /opt/airflow/dags/mar15.py
[2026-03-15T08:44:50.764+0000] {processor.py:208} INFO - Processing /opt/airflow/dags/mar15.py took 0.031 seconds
[2026-03-15T08:47:18.839+0000] {processor.py:186} INFO - Started process (PID=2462) to work on /opt/airflow/dags/mar15.py
[2026-03-15T08:47:18.849+0000] {processor.py:914} INFO - Processing file /opt/airflow/dags/mar15.py for tasks to queue
[2026-03-15T08:47:18.850+0000] {logging_mixin.py:190} INFO - [2026-03-15T08:47:18.850+0000] {dagbag.py:588} INFO - Filling up the DagBag from /opt/airflow/dags/mar15.py
[2026-03-15T08:47:18.856+0000] {logging_mixin.py:190} INFO - [2026-03-15T08:47:18.854+0000] {dagbag.py:387} ERROR - Failed to import: /opt/airflow/dags/mar15.py
Traceback (most recent call last):
  File "/home/airflow/.local/lib/python3.12/site-packages/airflow/models/dagbag.py", line 383, in parse
    loader.exec_module(new_module)
  File "<frozen importlib._bootstrap_external>", line 995, in exec_module
  File "<frozen importlib._bootstrap_external>", line 1133, in get_code
  File "<frozen importlib._bootstrap_external>", line 1063, in source_to_code
  File "<frozen importlib._bootstrap>", line 488, in _call_with_frames_removed
  File "/opt/airflow/dags/mar15.py", line 17
    )
     ^
SyntaxError: expected ':'
[2026-03-15T08:47:18.857+0000] {processor.py:927} WARNING - No viable dags retrieved from /opt/airflow/dags/mar15.py
[2026-03-15T08:47:18.892+0000] {processor.py:208} INFO - Processing /opt/airflow/dags/mar15.py took 0.060 seconds
[2026-03-15T08:47:20.878+0000] {processor.py:186} INFO - Started process (PID=2467) to work on /opt/airflow/dags/mar15.py
[2026-03-15T08:47:20.880+0000] {processor.py:914} INFO - Processing file /opt/airflow/dags/mar15.py for tasks to queue
[2026-03-15T08:47:20.881+0000] {logging_mixin.py:190} INFO - [2026-03-15T08:47:20.881+0000] {dagbag.py:588} INFO - Filling up the DagBag from /opt/airflow/dags/mar15.py
[2026-03-15T08:47:20.885+0000] {logging_mixin.py:190} INFO - [2026-03-15T08:47:20.884+0000] {dagbag.py:387} ERROR - Failed to import: /opt/airflow/dags/mar15.py
Traceback (most recent call last):
  File "/home/airflow/.local/lib/python3.12/site-packages/airflow/models/dagbag.py", line 383, in parse
    loader.exec_module(new_module)
  File "<frozen importlib._bootstrap_external>", line 995, in exec_module
  File "<frozen importlib._bootstrap_external>", line 1133, in get_code
  File "<frozen importlib._bootstrap_external>", line 1063, in source_to_code
  File "<frozen importlib._bootstrap>", line 488, in _call_with_frames_removed
  File "/opt/airflow/dags/mar15.py", line 17
    )
     ^
SyntaxError: expected ':'
[2026-03-15T08:47:20.885+0000] {processor.py:927} WARNING - No viable dags retrieved from /opt/airflow/dags/mar15.py
[2026-03-15T08:47:20.916+0000] {processor.py:208} INFO - Processing /opt/airflow/dags/mar15.py took 0.044 seconds
[2026-03-15T08:47:27.030+0000] {processor.py:186} INFO - Started process (PID=2478) to work on /opt/airflow/dags/mar15.py
[2026-03-15T08:47:27.031+0000] {processor.py:914} INFO - Processing file /opt/airflow/dags/mar15.py for tasks to queue
[2026-03-15T08:47:27.032+0000] {logging_mixin.py:190} INFO - [2026-03-15T08:47:27.032+0000] {dagbag.py:588} INFO - Filling up the DagBag from /opt/airflow/dags/mar15.py
[2026-03-15T08:47:27.035+0000] {logging_mixin.py:190} INFO - [2026-03-15T08:47:27.034+0000] {dagbag.py:387} ERROR - Failed to import: /opt/airflow/dags/mar15.py
Traceback (most recent call last):
  File "/home/airflow/.local/lib/python3.12/site-packages/airflow/models/dagbag.py", line 383, in parse
    loader.exec_module(new_module)
  File "<frozen importlib._bootstrap_external>", line 995, in exec_module
  File "<frozen importlib._bootstrap_external>", line 1133, in get_code
  File "<frozen importlib._bootstrap_external>", line 1063, in source_to_code
  File "<frozen importlib._bootstrap>", line 488, in _call_with_frames_removed
  File "/opt/airflow/dags/mar15.py", line 13
    tag_id
    ^^^^^^^
SyntaxError: invalid syntax. Perhaps you forgot a comma?
[2026-03-15T08:47:27.035+0000] {processor.py:927} WARNING - No viable dags retrieved from /opt/airflow/dags/mar15.py
[2026-03-15T08:47:27.060+0000] {processor.py:208} INFO - Processing /opt/airflow/dags/mar15.py took 0.040 seconds
[2026-03-15T08:47:36.145+0000] {processor.py:186} INFO - Started process (PID=2483) to work on /opt/airflow/dags/mar15.py
[2026-03-15T08:47:36.147+0000] {processor.py:914} INFO - Processing file /opt/airflow/dags/mar15.py for tasks to queue
[2026-03-15T08:47:36.148+0000] {logging_mixin.py:190} INFO - [2026-03-15T08:47:36.148+0000] {dagbag.py:588} INFO - Filling up the DagBag from /opt/airflow/dags/mar15.py
[2026-03-15T08:47:36.151+0000] {logging_mixin.py:190} INFO - [2026-03-15T08:47:36.150+0000] {dagbag.py:387} ERROR - Failed to import: /opt/airflow/dags/mar15.py
Traceback (most recent call last):
  File "/home/airflow/.local/lib/python3.12/site-packages/airflow/models/dagbag.py", line 383, in parse
    loader.exec_module(new_module)
  File "<frozen importlib._bootstrap_external>", line 995, in exec_module
  File "<frozen importlib._bootstrap_external>", line 1133, in get_code
  File "<frozen importlib._bootstrap_external>", line 1063, in source_to_code
  File "<frozen importlib._bootstrap>", line 488, in _call_with_frames_removed
  File "/opt/airflow/dags/mar15.py", line 13
    dag
    ^^^^
SyntaxError: invalid syntax. Perhaps you forgot a comma?
[2026-03-15T08:47:36.152+0000] {processor.py:927} WARNING - No viable dags retrieved from /opt/airflow/dags/mar15.py
[2026-03-15T08:47:36.175+0000] {processor.py:208} INFO - Processing /opt/airflow/dags/mar15.py took 0.037 seconds
[2026-03-15T08:47:37.187+0000] {processor.py:186} INFO - Started process (PID=2488) to work on /opt/airflow/dags/mar15.py
[2026-03-15T08:47:37.188+0000] {processor.py:914} INFO - Processing file /opt/airflow/dags/mar15.py for tasks to queue
[2026-03-15T08:47:37.190+0000] {logging_mixin.py:190} INFO - [2026-03-15T08:47:37.189+0000] {dagbag.py:588} INFO - Filling up the DagBag from /opt/airflow/dags/mar15.py
[2026-03-15T08:47:37.193+0000] {logging_mixin.py:190} INFO - [2026-03-15T08:47:37.192+0000] {dagbag.py:387} ERROR - Failed to import: /opt/airflow/dags/mar15.py
Traceback (most recent call last):
  File "/home/airflow/.local/lib/python3.12/site-packages/airflow/models/dagbag.py", line 383, in parse
    loader.exec_module(new_module)
  File "<frozen importlib._bootstrap_external>", line 995, in exec_module
  File "<frozen importlib._bootstrap_external>", line 1133, in get_code
  File "<frozen importlib._bootstrap_external>", line 1063, in source_to_code
  File "<frozen importlib._bootstrap>", line 488, in _call_with_frames_removed
  File "/opt/airflow/dags/mar15.py", line 14
    default_args=default_args
                ^
SyntaxError: invalid syntax
[2026-03-15T08:47:37.194+0000] {processor.py:927} WARNING - No viable dags retrieved from /opt/airflow/dags/mar15.py
[2026-03-15T08:47:37.219+0000] {processor.py:208} INFO - Processing /opt/airflow/dags/mar15.py took 0.043 seconds
[2026-03-15T08:47:40.283+0000] {processor.py:186} INFO - Started process (PID=2493) to work on /opt/airflow/dags/mar15.py
[2026-03-15T08:47:40.284+0000] {processor.py:914} INFO - Processing file /opt/airflow/dags/mar15.py for tasks to queue
[2026-03-15T08:47:40.286+0000] {logging_mixin.py:190} INFO - [2026-03-15T08:47:40.285+0000] {dagbag.py:588} INFO - Filling up the DagBag from /opt/airflow/dags/mar15.py
[2026-03-15T08:47:40.291+0000] {logging_mixin.py:190} INFO - [2026-03-15T08:47:40.289+0000] {dagbag.py:387} ERROR - Failed to import: /opt/airflow/dags/mar15.py
Traceback (most recent call last):
  File "/home/airflow/.local/lib/python3.12/site-packages/airflow/models/dagbag.py", line 383, in parse
    loader.exec_module(new_module)
  File "<frozen importlib._bootstrap_external>", line 995, in exec_module
  File "<frozen importlib._bootstrap_external>", line 1133, in get_code
  File "<frozen importlib._bootstrap_external>", line 1063, in source_to_code
  File "<frozen importlib._bootstrap>", line 488, in _call_with_frames_removed
  File "/opt/airflow/dags/mar15.py", line 13
    dag_id='test_dag'
           ^^^^^
SyntaxError: invalid syntax. Perhaps you forgot a comma?
[2026-03-15T08:47:40.292+0000] {processor.py:927} WARNING - No viable dags retrieved from /opt/airflow/dags/mar15.py
[2026-03-15T08:47:40.319+0000] {processor.py:208} INFO - Processing /opt/airflow/dags/mar15.py took 0.042 seconds
[2026-03-15T08:47:43.399+0000] {processor.py:186} INFO - Started process (PID=2503) to work on /opt/airflow/dags/mar15.py
[2026-03-15T08:47:43.399+0000] {processor.py:914} INFO - Processing file /opt/airflow/dags/mar15.py for tasks to queue
[2026-03-15T08:47:43.400+0000] {logging_mixin.py:190} INFO - [2026-03-15T08:47:43.400+0000] {dagbag.py:588} INFO - Filling up the DagBag from /opt/airflow/dags/mar15.py
[2026-03-15T08:47:43.403+0000] {logging_mixin.py:190} INFO - [2026-03-15T08:47:43.402+0000] {dagbag.py:387} ERROR - Failed to import: /opt/airflow/dags/mar15.py
Traceback (most recent call last):
  File "/home/airflow/.local/lib/python3.12/site-packages/airflow/models/dagbag.py", line 383, in parse
    loader.exec_module(new_module)
  File "<frozen importlib._bootstrap_external>", line 995, in exec_module
  File "<frozen importlib._bootstrap_external>", line 1133, in get_code
  File "<frozen importlib._bootstrap_external>", line 1063, in source_to_code
  File "<frozen importlib._bootstrap>", line 488, in _call_with_frames_removed
  File "/opt/airflow/dags/mar15.py", line 13
    dag_id='test_dag'
           ^^^^^
SyntaxError: invalid syntax. Perhaps you forgot a comma?
[2026-03-15T08:47:43.404+0000] {processor.py:927} WARNING - No viable dags retrieved from /opt/airflow/dags/mar15.py
[2026-03-15T08:47:43.437+0000] {processor.py:208} INFO - Processing /opt/airflow/dags/mar15.py took 0.048 seconds
[2026-03-15T08:47:58.655+0000] {processor.py:186} INFO - Started process (PID=2519) to work on /opt/airflow/dags/mar15.py
[2026-03-15T08:47:58.665+0000] {processor.py:914} INFO - Processing file /opt/airflow/dags/mar15.py for tasks to queue
[2026-03-15T08:47:58.668+0000] {logging_mixin.py:190} INFO - [2026-03-15T08:47:58.667+0000] {dagbag.py:588} INFO - Filling up the DagBag from /opt/airflow/dags/mar15.py
[2026-03-15T08:47:58.671+0000] {logging_mixin.py:190} INFO - [2026-03-15T08:47:58.670+0000] {dagbag.py:387} ERROR - Failed to import: /opt/airflow/dags/mar15.py
Traceback (most recent call last):
  File "/home/airflow/.local/lib/python3.12/site-packages/airflow/models/dagbag.py", line 383, in parse
    loader.exec_module(new_module)
  File "<frozen importlib._bootstrap_external>", line 995, in exec_module
  File "<frozen importlib._bootstrap_external>", line 1133, in get_code
  File "<frozen importlib._bootstrap_external>", line 1063, in source_to_code
  File "<frozen importlib._bootstrap>", line 488, in _call_with_frames_removed
  File "/opt/airflow/dags/mar15.py", line 13
    dag_id='test_dag'
           ^^^^^
SyntaxError: invalid syntax. Perhaps you forgot a comma?
[2026-03-15T08:47:58.672+0000] {processor.py:927} WARNING - No viable dags retrieved from /opt/airflow/dags/mar15.py
[2026-03-15T08:47:58.700+0000] {processor.py:208} INFO - Processing /opt/airflow/dags/mar15.py took 0.053 seconds
[2026-03-15T08:48:01.727+0000] {processor.py:186} INFO - Started process (PID=2524) to work on /opt/airflow/dags/mar15.py
[2026-03-15T08:48:01.729+0000] {processor.py:914} INFO - Processing file /opt/airflow/dags/mar15.py for tasks to queue
[2026-03-15T08:48:01.731+0000] {logging_mixin.py:190} INFO - [2026-03-15T08:48:01.730+0000] {dagbag.py:588} INFO - Filling up the DagBag from /opt/airflow/dags/mar15.py
[2026-03-15T08:48:01.737+0000] {logging_mixin.py:190} INFO - [2026-03-15T08:48:01.735+0000] {dagbag.py:387} ERROR - Failed to import: /opt/airflow/dags/mar15.py
Traceback (most recent call last):
  File "/home/airflow/.local/lib/python3.12/site-packages/airflow/models/dagbag.py", line 383, in parse
    loader.exec_module(new_module)
  File "<frozen importlib._bootstrap_external>", line 995, in exec_module
  File "<frozen importlib._bootstrap_external>", line 1133, in get_code
  File "<frozen importlib._bootstrap_external>", line 1063, in source_to_code
  File "<frozen importlib._bootstrap>", line 488, in _call_with_frames_removed
  File "/opt/airflow/dags/mar15.py", line 13
    dag_id='test_dag'
           ^^^^^
SyntaxError: invalid syntax. Perhaps you forgot a comma?
[2026-03-15T08:48:01.738+0000] {processor.py:927} WARNING - No viable dags retrieved from /opt/airflow/dags/mar15.py
[2026-03-15T08:48:01.774+0000] {processor.py:208} INFO - Processing /opt/airflow/dags/mar15.py took 0.058 seconds
[2026-03-15T08:48:03.845+0000] {processor.py:186} INFO - Started process (PID=2529) to work on /opt/airflow/dags/mar15.py
[2026-03-15T08:48:03.846+0000] {processor.py:914} INFO - Processing file /opt/airflow/dags/mar15.py for tasks to queue
[2026-03-15T08:48:03.847+0000] {logging_mixin.py:190} INFO - [2026-03-15T08:48:03.847+0000] {dagbag.py:588} INFO - Filling up the DagBag from /opt/airflow/dags/mar15.py
[2026-03-15T08:48:03.850+0000] {logging_mixin.py:190} INFO - [2026-03-15T08:48:03.849+0000] {dagbag.py:387} ERROR - Failed to import: /opt/airflow/dags/mar15.py
Traceback (most recent call last):
  File "/home/airflow/.local/lib/python3.12/site-packages/airflow/models/dagbag.py", line 383, in parse
    loader.exec_module(new_module)
  File "<frozen importlib._bootstrap_external>", line 995, in exec_module
  File "<frozen importlib._bootstrap_external>", line 1133, in get_code
  File "<frozen importlib._bootstrap_external>", line 1063, in source_to_code
  File "<frozen importlib._bootstrap>", line 488, in _call_with_frames_removed
  File "/opt/airflow/dags/mar15.py", line 13
    dag_id='test_dag'
           ^^^^^
SyntaxError: invalid syntax. Perhaps you forgot a comma?
[2026-03-15T08:48:03.851+0000] {processor.py:927} WARNING - No viable dags retrieved from /opt/airflow/dags/mar15.py
[2026-03-15T08:48:03.878+0000] {processor.py:208} INFO - Processing /opt/airflow/dags/mar15.py took 0.044 seconds
[2026-03-15T08:48:05.888+0000] {processor.py:186} INFO - Started process (PID=2534) to work on /opt/airflow/dags/mar15.py
[2026-03-15T08:48:05.889+0000] {processor.py:914} INFO - Processing file /opt/airflow/dags/mar15.py for tasks to queue
[2026-03-15T08:48:05.891+0000] {logging_mixin.py:190} INFO - [2026-03-15T08:48:05.890+0000] {dagbag.py:588} INFO - Filling up the DagBag from /opt/airflow/dags/mar15.py
[2026-03-15T08:48:05.894+0000] {logging_mixin.py:190} INFO - [2026-03-15T08:48:05.893+0000] {dagbag.py:387} ERROR - Failed to import: /opt/airflow/dags/mar15.py
Traceback (most recent call last):
  File "/home/airflow/.local/lib/python3.12/site-packages/airflow/models/dagbag.py", line 383, in parse
    loader.exec_module(new_module)
  File "<frozen importlib._bootstrap_external>", line 995, in exec_module
  File "<frozen importlib._bootstrap_external>", line 1133, in get_code
  File "<frozen importlib._bootstrap_external>", line 1063, in source_to_code
  File "<frozen importlib._bootstrap>", line 488, in _call_with_frames_removed
  File "/opt/airflow/dags/mar15.py", line 13
    dag_id='test_dag'
           ^^^^^
SyntaxError: invalid syntax. Perhaps you forgot a comma?
[2026-03-15T08:48:05.895+0000] {processor.py:927} WARNING - No viable dags retrieved from /opt/airflow/dags/mar15.py
[2026-03-15T08:48:05.925+0000] {processor.py:208} INFO - Processing /opt/airflow/dags/mar15.py took 0.044 seconds
[2026-03-15T08:48:10.000+0000] {processor.py:186} INFO - Started process (PID=2539) to work on /opt/airflow/dags/mar15.py
[2026-03-15T08:48:10.001+0000] {processor.py:914} INFO - Processing file /opt/airflow/dags/mar15.py for tasks to queue
[2026-03-15T08:48:10.002+0000] {logging_mixin.py:190} INFO - [2026-03-15T08:48:10.001+0000] {dagbag.py:588} INFO - Filling up the DagBag from /opt/airflow/dags/mar15.py
[2026-03-15T08:48:10.005+0000] {logging_mixin.py:190} INFO - [2026-03-15T08:48:10.004+0000] {dagbag.py:387} ERROR - Failed to import: /opt/airflow/dags/mar15.py
Traceback (most recent call last):
  File "/home/airflow/.local/lib/python3.12/site-packages/airflow/models/dagbag.py", line 383, in parse
    loader.exec_module(new_module)
  File "<frozen importlib._bootstrap_external>", line 995, in exec_module
  File "<frozen importlib._bootstrap_external>", line 1133, in get_code
  File "<frozen importlib._bootstrap_external>", line 1063, in source_to_code
  File "<frozen importlib._bootstrap>", line 488, in _call_with_frames_removed
  File "/opt/airflow/dags/mar15.py", line 13
    dag_id='test_dag'
           ^^^^^
SyntaxError: invalid syntax. Perhaps you forgot a comma?
[2026-03-15T08:48:10.006+0000] {processor.py:927} WARNING - No viable dags retrieved from /opt/airflow/dags/mar15.py
[2026-03-15T08:48:10.032+0000] {processor.py:208} INFO - Processing /opt/airflow/dags/mar15.py took 0.042 seconds
[2026-03-15T08:48:11.022+0000] {processor.py:186} INFO - Started process (PID=2544) to work on /opt/airflow/dags/mar15.py
[2026-03-15T08:48:11.023+0000] {processor.py:914} INFO - Processing file /opt/airflow/dags/mar15.py for tasks to queue
[2026-03-15T08:48:11.024+0000] {logging_mixin.py:190} INFO - [2026-03-15T08:48:11.024+0000] {dagbag.py:588} INFO - Filling up the DagBag from /opt/airflow/dags/mar15.py
[2026-03-15T08:48:11.028+0000] {logging_mixin.py:190} INFO - [2026-03-15T08:48:11.027+0000] {dagbag.py:387} ERROR - Failed to import: /opt/airflow/dags/mar15.py
Traceback (most recent call last):
  File "/home/airflow/.local/lib/python3.12/site-packages/airflow/models/dagbag.py", line 383, in parse
    loader.exec_module(new_module)
  File "<frozen importlib._bootstrap_external>", line 995, in exec_module
  File "<frozen importlib._bootstrap_external>", line 1133, in get_code
  File "<frozen importlib._bootstrap_external>", line 1063, in source_to_code
  File "<frozen importlib._bootstrap>", line 488, in _call_with_frames_removed
  File "/opt/airflow/dags/mar15.py", line 13
    dag_id='test_dag'
           ^^^^^
SyntaxError: invalid syntax. Perhaps you forgot a comma?
[2026-03-15T08:48:11.029+0000] {processor.py:927} WARNING - No viable dags retrieved from /opt/airflow/dags/mar15.py
[2026-03-15T08:48:11.057+0000] {processor.py:208} INFO - Processing /opt/airflow/dags/mar15.py took 0.042 seconds
[2026-03-15T08:48:41.443+0000] {processor.py:186} INFO - Started process (PID=2565) to work on /opt/airflow/dags/mar15.py
[2026-03-15T08:48:41.453+0000] {processor.py:914} INFO - Processing file /opt/airflow/dags/mar15.py for tasks to queue
[2026-03-15T08:48:41.456+0000] {logging_mixin.py:190} INFO - [2026-03-15T08:48:41.455+0000] {dagbag.py:588} INFO - Filling up the DagBag from /opt/airflow/dags/mar15.py
[2026-03-15T08:48:41.461+0000] {logging_mixin.py:190} INFO - [2026-03-15T08:48:41.460+0000] {dagbag.py:387} ERROR - Failed to import: /opt/airflow/dags/mar15.py
Traceback (most recent call last):
  File "/home/airflow/.local/lib/python3.12/site-packages/airflow/models/dagbag.py", line 383, in parse
    loader.exec_module(new_module)
  File "<frozen importlib._bootstrap_external>", line 995, in exec_module
  File "<frozen importlib._bootstrap_external>", line 1133, in get_code
  File "<frozen importlib._bootstrap_external>", line 1063, in source_to_code
  File "<frozen importlib._bootstrap>", line 488, in _call_with_frames_removed
  File "/opt/airflow/dags/mar15.py", line 13
    dag_id='test_dag'
           ^^^^^
SyntaxError: invalid syntax. Perhaps you forgot a comma?
[2026-03-15T08:48:41.462+0000] {processor.py:927} WARNING - No viable dags retrieved from /opt/airflow/dags/mar15.py
[2026-03-15T08:48:41.496+0000] {processor.py:208} INFO - Processing /opt/airflow/dags/mar15.py took 0.064 seconds
[2026-03-15T08:49:11.943+0000] {processor.py:186} INFO - Started process (PID=2586) to work on /opt/airflow/dags/mar15.py
[2026-03-15T08:49:11.953+0000] {processor.py:914} INFO - Processing file /opt/airflow/dags/mar15.py for tasks to queue
[2026-03-15T08:49:11.954+0000] {logging_mixin.py:190} INFO - [2026-03-15T08:49:11.954+0000] {dagbag.py:588} INFO - Filling up the DagBag from /opt/airflow/dags/mar15.py
[2026-03-15T08:49:11.958+0000] {logging_mixin.py:190} INFO - [2026-03-15T08:49:11.957+0000] {dagbag.py:387} ERROR - Failed to import: /opt/airflow/dags/mar15.py
Traceback (most recent call last):
  File "/home/airflow/.local/lib/python3.12/site-packages/airflow/models/dagbag.py", line 383, in parse
    loader.exec_module(new_module)
  File "<frozen importlib._bootstrap_external>", line 995, in exec_module
  File "<frozen importlib._bootstrap_external>", line 1133, in get_code
  File "<frozen importlib._bootstrap_external>", line 1063, in source_to_code
  File "<frozen importlib._bootstrap>", line 488, in _call_with_frames_removed
  File "/opt/airflow/dags/mar15.py", line 13
    dag_id='test_dag'
           ^^^^^
SyntaxError: invalid syntax. Perhaps you forgot a comma?
[2026-03-15T08:49:11.958+0000] {processor.py:927} WARNING - No viable dags retrieved from /opt/airflow/dags/mar15.py
[2026-03-15T08:49:11.985+0000] {processor.py:208} INFO - Processing /opt/airflow/dags/mar15.py took 0.051 seconds
[2026-03-15T08:49:42.458+0000] {processor.py:186} INFO - Started process (PID=2607) to work on /opt/airflow/dags/mar15.py
[2026-03-15T08:49:42.459+0000] {processor.py:914} INFO - Processing file /opt/airflow/dags/mar15.py for tasks to queue
[2026-03-15T08:49:42.461+0000] {logging_mixin.py:190} INFO - [2026-03-15T08:49:42.460+0000] {dagbag.py:588} INFO - Filling up the DagBag from /opt/airflow/dags/mar15.py
[2026-03-15T08:49:42.465+0000] {logging_mixin.py:190} INFO - [2026-03-15T08:49:42.463+0000] {dagbag.py:387} ERROR - Failed to import: /opt/airflow/dags/mar15.py
Traceback (most recent call last):
  File "/home/airflow/.local/lib/python3.12/site-packages/airflow/models/dagbag.py", line 383, in parse
    loader.exec_module(new_module)
  File "<frozen importlib._bootstrap_external>", line 995, in exec_module
  File "<frozen importlib._bootstrap_external>", line 1133, in get_code
  File "<frozen importlib._bootstrap_external>", line 1063, in source_to_code
  File "<frozen importlib._bootstrap>", line 488, in _call_with_frames_removed
  File "/opt/airflow/dags/mar15.py", line 13
    dag_id='test_dag'
           ^^^^^
SyntaxError: invalid syntax. Perhaps you forgot a comma?
[2026-03-15T08:49:42.465+0000] {processor.py:927} WARNING - No viable dags retrieved from /opt/airflow/dags/mar15.py
[2026-03-15T08:49:42.491+0000] {processor.py:208} INFO - Processing /opt/airflow/dags/mar15.py took 0.040 seconds
[2026-03-15T08:50:12.972+0000] {processor.py:186} INFO - Started process (PID=2628) to work on /opt/airflow/dags/mar15.py
[2026-03-15T08:50:12.982+0000] {processor.py:914} INFO - Processing file /opt/airflow/dags/mar15.py for tasks to queue
[2026-03-15T08:50:12.985+0000] {logging_mixin.py:190} INFO - [2026-03-15T08:50:12.984+0000] {dagbag.py:588} INFO - Filling up the DagBag from /opt/airflow/dags/mar15.py
[2026-03-15T08:50:12.989+0000] {logging_mixin.py:190} INFO - [2026-03-15T08:50:12.988+0000] {dagbag.py:387} ERROR - Failed to import: /opt/airflow/dags/mar15.py
Traceback (most recent call last):
  File "/home/airflow/.local/lib/python3.12/site-packages/airflow/models/dagbag.py", line 383, in parse
    loader.exec_module(new_module)
  File "<frozen importlib._bootstrap_external>", line 995, in exec_module
  File "<frozen importlib._bootstrap_external>", line 1133, in get_code
  File "<frozen importlib._bootstrap_external>", line 1063, in source_to_code
  File "<frozen importlib._bootstrap>", line 488, in _call_with_frames_removed
  File "/opt/airflow/dags/mar15.py", line 13
    dag_id='test_dag'
           ^^^^^
SyntaxError: invalid syntax. Perhaps you forgot a comma?
[2026-03-15T08:50:12.990+0000] {processor.py:927} WARNING - No viable dags retrieved from /opt/airflow/dags/mar15.py
[2026-03-15T08:50:13.015+0000] {processor.py:208} INFO - Processing /opt/airflow/dags/mar15.py took 0.054 seconds
[2026-03-15T08:50:43.476+0000] {processor.py:186} INFO - Started process (PID=2649) to work on /opt/airflow/dags/mar15.py
[2026-03-15T08:50:43.485+0000] {processor.py:914} INFO - Processing file /opt/airflow/dags/mar15.py for tasks to queue
[2026-03-15T08:50:43.487+0000] {logging_mixin.py:190} INFO - [2026-03-15T08:50:43.486+0000] {dagbag.py:588} INFO - Filling up the DagBag from /opt/airflow/dags/mar15.py
[2026-03-15T08:50:43.490+0000] {logging_mixin.py:190} INFO - [2026-03-15T08:50:43.489+0000] {dagbag.py:387} ERROR - Failed to import: /opt/airflow/dags/mar15.py
Traceback (most recent call last):
  File "/home/airflow/.local/lib/python3.12/site-packages/airflow/models/dagbag.py", line 383, in parse
    loader.exec_module(new_module)
  File "<frozen importlib._bootstrap_external>", line 995, in exec_module
  File "<frozen importlib._bootstrap_external>", line 1133, in get_code
  File "<frozen importlib._bootstrap_external>", line 1063, in source_to_code
  File "<frozen importlib._bootstrap>", line 488, in _call_with_frames_removed
  File "/opt/airflow/dags/mar15.py", line 13
    dag_id='test_dag'
           ^^^^^
SyntaxError: invalid syntax. Perhaps you forgot a comma?
[2026-03-15T08:50:43.491+0000] {processor.py:927} WARNING - No viable dags retrieved from /opt/airflow/dags/mar15.py
[2026-03-15T08:50:43.511+0000] {processor.py:208} INFO - Processing /opt/airflow/dags/mar15.py took 0.046 seconds
[2026-03-15T08:51:13.982+0000] {processor.py:186} INFO - Started process (PID=2670) to work on /opt/airflow/dags/mar15.py
[2026-03-15T08:51:13.991+0000] {processor.py:914} INFO - Processing file /opt/airflow/dags/mar15.py for tasks to queue
[2026-03-15T08:51:13.993+0000] {logging_mixin.py:190} INFO - [2026-03-15T08:51:13.992+0000] {dagbag.py:588} INFO - Filling up the DagBag from /opt/airflow/dags/mar15.py
[2026-03-15T08:51:13.996+0000] {logging_mixin.py:190} INFO - [2026-03-15T08:51:13.995+0000] {dagbag.py:387} ERROR - Failed to import: /opt/airflow/dags/mar15.py
Traceback (most recent call last):
  File "/home/airflow/.local/lib/python3.12/site-packages/airflow/models/dagbag.py", line 383, in parse
    loader.exec_module(new_module)
  File "<frozen importlib._bootstrap_external>", line 995, in exec_module
  File "<frozen importlib._bootstrap_external>", line 1133, in get_code
  File "<frozen importlib._bootstrap_external>", line 1063, in source_to_code
  File "<frozen importlib._bootstrap>", line 488, in _call_with_frames_removed
  File "/opt/airflow/dags/mar15.py", line 13
    dag_id='test_dag'
           ^^^^^
SyntaxError: invalid syntax. Perhaps you forgot a comma?
[2026-03-15T08:51:13.997+0000] {processor.py:927} WARNING - No viable dags retrieved from /opt/airflow/dags/mar15.py
[2026-03-15T08:51:14.021+0000] {processor.py:208} INFO - Processing /opt/airflow/dags/mar15.py took 0.051 seconds
[2026-03-15T08:51:44.442+0000] {processor.py:186} INFO - Started process (PID=2691) to work on /opt/airflow/dags/mar15.py
[2026-03-15T08:51:44.451+0000] {processor.py:914} INFO - Processing file /opt/airflow/dags/mar15.py for tasks to queue
[2026-03-15T08:51:44.453+0000] {logging_mixin.py:190} INFO - [2026-03-15T08:51:44.452+0000] {dagbag.py:588} INFO - Filling up the DagBag from /opt/airflow/dags/mar15.py
[2026-03-15T08:51:44.456+0000] {logging_mixin.py:190} INFO - [2026-03-15T08:51:44.455+0000] {dagbag.py:387} ERROR - Failed to import: /opt/airflow/dags/mar15.py
Traceback (most recent call last):
  File "/home/airflow/.local/lib/python3.12/site-packages/airflow/models/dagbag.py", line 383, in parse
    loader.exec_module(new_module)
  File "<frozen importlib._bootstrap_external>", line 995, in exec_module
  File "<frozen importlib._bootstrap_external>", line 1133, in get_code
  File "<frozen importlib._bootstrap_external>", line 1063, in source_to_code
  File "<frozen importlib._bootstrap>", line 488, in _call_with_frames_removed
  File "/opt/airflow/dags/mar15.py", line 13
    dag_id='test_dag'
           ^^^^^
SyntaxError: invalid syntax. Perhaps you forgot a comma?
[2026-03-15T08:51:44.457+0000] {processor.py:927} WARNING - No viable dags retrieved from /opt/airflow/dags/mar15.py
[2026-03-15T08:51:44.481+0000] {processor.py:208} INFO - Processing /opt/airflow/dags/mar15.py took 0.052 seconds
[2026-03-15T08:52:14.935+0000] {processor.py:186} INFO - Started process (PID=2712) to work on /opt/airflow/dags/mar15.py
[2026-03-15T08:52:14.936+0000] {processor.py:914} INFO - Processing file /opt/airflow/dags/mar15.py for tasks to queue
[2026-03-15T08:52:14.937+0000] {logging_mixin.py:190} INFO - [2026-03-15T08:52:14.937+0000] {dagbag.py:588} INFO - Filling up the DagBag from /opt/airflow/dags/mar15.py
[2026-03-15T08:52:14.940+0000] {logging_mixin.py:190} INFO - [2026-03-15T08:52:14.939+0000] {dagbag.py:387} ERROR - Failed to import: /opt/airflow/dags/mar15.py
Traceback (most recent call last):
  File "/home/airflow/.local/lib/python3.12/site-packages/airflow/models/dagbag.py", line 383, in parse
    loader.exec_module(new_module)
  File "<frozen importlib._bootstrap_external>", line 995, in exec_module
  File "<frozen importlib._bootstrap_external>", line 1133, in get_code
  File "<frozen importlib._bootstrap_external>", line 1063, in source_to_code
  File "<frozen importlib._bootstrap>", line 488, in _call_with_frames_removed
  File "/opt/airflow/dags/mar15.py", line 13
    dag_id='test_dag'
           ^^^^^
SyntaxError: invalid syntax. Perhaps you forgot a comma?
[2026-03-15T08:52:14.941+0000] {processor.py:927} WARNING - No viable dags retrieved from /opt/airflow/dags/mar15.py
[2026-03-15T08:52:14.962+0000] {processor.py:208} INFO - Processing /opt/airflow/dags/mar15.py took 0.039 seconds
[2026-03-15T08:52:45.443+0000] {processor.py:186} INFO - Started process (PID=2733) to work on /opt/airflow/dags/mar15.py
[2026-03-15T08:52:45.453+0000] {processor.py:914} INFO - Processing file /opt/airflow/dags/mar15.py for tasks to queue
[2026-03-15T08:52:45.454+0000] {logging_mixin.py:190} INFO - [2026-03-15T08:52:45.454+0000] {dagbag.py:588} INFO - Filling up the DagBag from /opt/airflow/dags/mar15.py
[2026-03-15T08:52:45.458+0000] {logging_mixin.py:190} INFO - [2026-03-15T08:52:45.457+0000] {dagbag.py:387} ERROR - Failed to import: /opt/airflow/dags/mar15.py
Traceback (most recent call last):
  File "/home/airflow/.local/lib/python3.12/site-packages/airflow/models/dagbag.py", line 383, in parse
    loader.exec_module(new_module)
  File "<frozen importlib._bootstrap_external>", line 995, in exec_module
  File "<frozen importlib._bootstrap_external>", line 1133, in get_code
  File "<frozen importlib._bootstrap_external>", line 1063, in source_to_code
  File "<frozen importlib._bootstrap>", line 488, in _call_with_frames_removed
  File "/opt/airflow/dags/mar15.py", line 13
    dag_id='test_dag'
           ^^^^^
SyntaxError: invalid syntax. Perhaps you forgot a comma?
[2026-03-15T08:52:45.459+0000] {processor.py:927} WARNING - No viable dags retrieved from /opt/airflow/dags/mar15.py
[2026-03-15T08:52:45.487+0000] {processor.py:208} INFO - Processing /opt/airflow/dags/mar15.py took 0.052 seconds
[2026-03-15T08:53:15.955+0000] {processor.py:186} INFO - Started process (PID=2755) to work on /opt/airflow/dags/mar15.py
[2026-03-15T08:53:15.965+0000] {processor.py:914} INFO - Processing file /opt/airflow/dags/mar15.py for tasks to queue
[2026-03-15T08:53:15.967+0000] {logging_mixin.py:190} INFO - [2026-03-15T08:53:15.967+0000] {dagbag.py:588} INFO - Filling up the DagBag from /opt/airflow/dags/mar15.py
[2026-03-15T08:53:15.971+0000] {logging_mixin.py:190} INFO - [2026-03-15T08:53:15.970+0000] {dagbag.py:387} ERROR - Failed to import: /opt/airflow/dags/mar15.py
Traceback (most recent call last):
  File "/home/airflow/.local/lib/python3.12/site-packages/airflow/models/dagbag.py", line 383, in parse
    loader.exec_module(new_module)
  File "<frozen importlib._bootstrap_external>", line 995, in exec_module
  File "<frozen importlib._bootstrap_external>", line 1133, in get_code
  File "<frozen importlib._bootstrap_external>", line 1063, in source_to_code
  File "<frozen importlib._bootstrap>", line 488, in _call_with_frames_removed
  File "/opt/airflow/dags/mar15.py", line 13
    dag_id='test_dag'
           ^^^^^
SyntaxError: invalid syntax. Perhaps you forgot a comma?
[2026-03-15T08:53:15.972+0000] {processor.py:927} WARNING - No viable dags retrieved from /opt/airflow/dags/mar15.py
[2026-03-15T08:53:16.000+0000] {processor.py:208} INFO - Processing /opt/airflow/dags/mar15.py took 0.053 seconds
[2026-03-15T08:53:46.454+0000] {processor.py:186} INFO - Started process (PID=2776) to work on /opt/airflow/dags/mar15.py
[2026-03-15T08:53:46.464+0000] {processor.py:914} INFO - Processing file /opt/airflow/dags/mar15.py for tasks to queue
[2026-03-15T08:53:46.465+0000] {logging_mixin.py:190} INFO - [2026-03-15T08:53:46.465+0000] {dagbag.py:588} INFO - Filling up the DagBag from /opt/airflow/dags/mar15.py
[2026-03-15T08:53:46.469+0000] {logging_mixin.py:190} INFO - [2026-03-15T08:53:46.468+0000] {dagbag.py:387} ERROR - Failed to import: /opt/airflow/dags/mar15.py
Traceback (most recent call last):
  File "/home/airflow/.local/lib/python3.12/site-packages/airflow/models/dagbag.py", line 383, in parse
    loader.exec_module(new_module)
  File "<frozen importlib._bootstrap_external>", line 995, in exec_module
  File "<frozen importlib._bootstrap_external>", line 1133, in get_code
  File "<frozen importlib._bootstrap_external>", line 1063, in source_to_code
  File "<frozen importlib._bootstrap>", line 488, in _call_with_frames_removed
  File "/opt/airflow/dags/mar15.py", line 13
    dag_id='test_dag'
           ^^^^^
SyntaxError: invalid syntax. Perhaps you forgot a comma?
[2026-03-15T08:53:46.470+0000] {processor.py:927} WARNING - No viable dags retrieved from /opt/airflow/dags/mar15.py
[2026-03-15T08:53:46.496+0000] {processor.py:208} INFO - Processing /opt/airflow/dags/mar15.py took 0.049 seconds
[2026-03-15T08:54:16.901+0000] {processor.py:186} INFO - Started process (PID=2797) to work on /opt/airflow/dags/mar15.py
[2026-03-15T08:54:16.902+0000] {processor.py:914} INFO - Processing file /opt/airflow/dags/mar15.py for tasks to queue
[2026-03-15T08:54:16.904+0000] {logging_mixin.py:190} INFO - [2026-03-15T08:54:16.904+0000] {dagbag.py:588} INFO - Filling up the DagBag from /opt/airflow/dags/mar15.py
[2026-03-15T08:54:16.909+0000] {logging_mixin.py:190} INFO - [2026-03-15T08:54:16.908+0000] {dagbag.py:387} ERROR - Failed to import: /opt/airflow/dags/mar15.py
Traceback (most recent call last):
  File "/home/airflow/.local/lib/python3.12/site-packages/airflow/models/dagbag.py", line 383, in parse
    loader.exec_module(new_module)
  File "<frozen importlib._bootstrap_external>", line 995, in exec_module
  File "<frozen importlib._bootstrap_external>", line 1133, in get_code
  File "<frozen importlib._bootstrap_external>", line 1063, in source_to_code
  File "<frozen importlib._bootstrap>", line 488, in _call_with_frames_removed
  File "/opt/airflow/dags/mar15.py", line 13
    dag_id='test_dag'
           ^^^^^
SyntaxError: invalid syntax. Perhaps you forgot a comma?
[2026-03-15T08:54:16.910+0000] {processor.py:927} WARNING - No viable dags retrieved from /opt/airflow/dags/mar15.py
[2026-03-15T08:54:16.945+0000] {processor.py:208} INFO - Processing /opt/airflow/dags/mar15.py took 0.053 seconds
[2026-03-15T08:54:47.347+0000] {processor.py:186} INFO - Started process (PID=2818) to work on /opt/airflow/dags/mar15.py
[2026-03-15T08:54:47.356+0000] {processor.py:914} INFO - Processing file /opt/airflow/dags/mar15.py for tasks to queue
[2026-03-15T08:54:47.358+0000] {logging_mixin.py:190} INFO - [2026-03-15T08:54:47.358+0000] {dagbag.py:588} INFO - Filling up the DagBag from /opt/airflow/dags/mar15.py
[2026-03-15T08:54:47.362+0000] {logging_mixin.py:190} INFO - [2026-03-15T08:54:47.361+0000] {dagbag.py:387} ERROR - Failed to import: /opt/airflow/dags/mar15.py
Traceback (most recent call last):
  File "/home/airflow/.local/lib/python3.12/site-packages/airflow/models/dagbag.py", line 383, in parse
    loader.exec_module(new_module)
  File "<frozen importlib._bootstrap_external>", line 995, in exec_module
  File "<frozen importlib._bootstrap_external>", line 1133, in get_code
  File "<frozen importlib._bootstrap_external>", line 1063, in source_to_code
  File "<frozen importlib._bootstrap>", line 488, in _call_with_frames_removed
  File "/opt/airflow/dags/mar15.py", line 13
    dag_id='test_dag'
           ^^^^^
SyntaxError: invalid syntax. Perhaps you forgot a comma?
[2026-03-15T08:54:47.363+0000] {processor.py:927} WARNING - No viable dags retrieved from /opt/airflow/dags/mar15.py
[2026-03-15T08:54:47.389+0000] {processor.py:208} INFO - Processing /opt/airflow/dags/mar15.py took 0.049 seconds
[2026-03-15T08:55:17.766+0000] {processor.py:186} INFO - Started process (PID=2839) to work on /opt/airflow/dags/mar15.py
[2026-03-15T08:55:17.777+0000] {processor.py:914} INFO - Processing file /opt/airflow/dags/mar15.py for tasks to queue
[2026-03-15T08:55:17.779+0000] {logging_mixin.py:190} INFO - [2026-03-15T08:55:17.778+0000] {dagbag.py:588} INFO - Filling up the DagBag from /opt/airflow/dags/mar15.py
[2026-03-15T08:55:17.783+0000] {logging_mixin.py:190} INFO - [2026-03-15T08:55:17.782+0000] {dagbag.py:387} ERROR - Failed to import: /opt/airflow/dags/mar15.py
Traceback (most recent call last):
  File "/home/airflow/.local/lib/python3.12/site-packages/airflow/models/dagbag.py", line 383, in parse
    loader.exec_module(new_module)
  File "<frozen importlib._bootstrap_external>", line 995, in exec_module
  File "<frozen importlib._bootstrap_external>", line 1133, in get_code
  File "<frozen importlib._bootstrap_external>", line 1063, in source_to_code
  File "<frozen importlib._bootstrap>", line 488, in _call_with_frames_removed
  File "/opt/airflow/dags/mar15.py", line 13
    dag_id='test_dag'
           ^^^^^
SyntaxError: invalid syntax. Perhaps you forgot a comma?
[2026-03-15T08:55:17.784+0000] {processor.py:927} WARNING - No viable dags retrieved from /opt/airflow/dags/mar15.py
[2026-03-15T08:55:17.815+0000] {processor.py:208} INFO - Processing /opt/airflow/dags/mar15.py took 0.056 seconds
[2026-03-15T08:55:20.880+0000] {processor.py:186} INFO - Started process (PID=2849) to work on /opt/airflow/dags/mar15.py
[2026-03-15T08:55:20.881+0000] {processor.py:914} INFO - Processing file /opt/airflow/dags/mar15.py for tasks to queue
[2026-03-15T08:55:20.883+0000] {logging_mixin.py:190} INFO - [2026-03-15T08:55:20.882+0000] {dagbag.py:588} INFO - Filling up the DagBag from /opt/airflow/dags/mar15.py
[2026-03-15T08:55:20.885+0000] {logging_mixin.py:190} INFO - [2026-03-15T08:55:20.884+0000] {dagbag.py:366} INFO - File /opt/airflow/dags/mar15.py assumed to contain no DAGs. Skipping.
[2026-03-15T08:55:20.885+0000] {processor.py:927} WARNING - No viable dags retrieved from /opt/airflow/dags/mar15.py
[2026-03-15T08:55:20.908+0000] {processor.py:208} INFO - Processing /opt/airflow/dags/mar15.py took 0.036 seconds
[2026-03-15T08:58:39.460+0000] {processor.py:186} INFO - Started process (PID=2961) to work on /opt/airflow/dags/mar15.py
[2026-03-15T08:58:39.470+0000] {processor.py:914} INFO - Processing file /opt/airflow/dags/mar15.py for tasks to queue
[2026-03-15T08:58:39.472+0000] {logging_mixin.py:190} INFO - [2026-03-15T08:58:39.472+0000] {dagbag.py:588} INFO - Filling up the DagBag from /opt/airflow/dags/mar15.py
[2026-03-15T08:58:39.478+0000] {logging_mixin.py:190} INFO - [2026-03-15T08:58:39.476+0000] {dagbag.py:387} ERROR - Failed to import: /opt/airflow/dags/mar15.py
Traceback (most recent call last):
  File "/home/airflow/.local/lib/python3.12/site-packages/airflow/models/dagbag.py", line 383, in parse
    loader.exec_module(new_module)
  File "<frozen importlib._bootstrap_external>", line 995, in exec_module
  File "<frozen importlib._bootstrap_external>", line 1133, in get_code
  File "<frozen importlib._bootstrap_external>", line 1063, in source_to_code
  File "<frozen importlib._bootstrap>", line 488, in _call_with_frames_removed
  File "/opt/airflow/dags/mar15.py", line 11
    with DAG as :
                ^
SyntaxError: invalid syntax
[2026-03-15T08:58:39.479+0000] {processor.py:927} WARNING - No viable dags retrieved from /opt/airflow/dags/mar15.py
[2026-03-15T08:58:39.510+0000] {processor.py:208} INFO - Processing /opt/airflow/dags/mar15.py took 0.057 seconds
[2026-03-15T08:58:46.569+0000] {processor.py:186} INFO - Started process (PID=2966) to work on /opt/airflow/dags/mar15.py
[2026-03-15T08:58:46.570+0000] {processor.py:914} INFO - Processing file /opt/airflow/dags/mar15.py for tasks to queue
[2026-03-15T08:58:46.571+0000] {logging_mixin.py:190} INFO - [2026-03-15T08:58:46.571+0000] {dagbag.py:588} INFO - Filling up the DagBag from /opt/airflow/dags/mar15.py
[2026-03-15T08:58:46.574+0000] {logging_mixin.py:190} INFO - [2026-03-15T08:58:46.573+0000] {dagbag.py:387} ERROR - Failed to import: /opt/airflow/dags/mar15.py
Traceback (most recent call last):
  File "/home/airflow/.local/lib/python3.12/site-packages/airflow/models/dagbag.py", line 383, in parse
    loader.exec_module(new_module)
  File "<frozen importlib._bootstrap_external>", line 995, in exec_module
  File "<frozen importlib._bootstrap_external>", line 1133, in get_code
  File "<frozen importlib._bootstrap_external>", line 1063, in source_to_code
  File "<frozen importlib._bootstrap>", line 488, in _call_with_frames_removed
  File "/opt/airflow/dags/mar15.py", line 12
    dag_id=''
    ^^^^^^^^^
SyntaxError: invalid syntax. Maybe you meant '==' or ':=' instead of '='?
[2026-03-15T08:58:46.575+0000] {processor.py:927} WARNING - No viable dags retrieved from /opt/airflow/dags/mar15.py
[2026-03-15T08:58:46.601+0000] {processor.py:208} INFO - Processing /opt/airflow/dags/mar15.py took 0.042 seconds
[2026-03-15T08:58:53.708+0000] {processor.py:186} INFO - Started process (PID=2976) to work on /opt/airflow/dags/mar15.py
[2026-03-15T08:58:53.709+0000] {processor.py:914} INFO - Processing file /opt/airflow/dags/mar15.py for tasks to queue
[2026-03-15T08:58:53.712+0000] {logging_mixin.py:190} INFO - [2026-03-15T08:58:53.711+0000] {dagbag.py:588} INFO - Filling up the DagBag from /opt/airflow/dags/mar15.py
[2026-03-15T08:58:53.717+0000] {logging_mixin.py:190} INFO - [2026-03-15T08:58:53.715+0000] {dagbag.py:387} ERROR - Failed to import: /opt/airflow/dags/mar15.py
Traceback (most recent call last):
  File "/home/airflow/.local/lib/python3.12/site-packages/airflow/models/dagbag.py", line 383, in parse
    loader.exec_module(new_module)
  File "<frozen importlib._bootstrap_external>", line 995, in exec_module
  File "<frozen importlib._bootstrap_external>", line 1133, in get_code
  File "<frozen importlib._bootstrap_external>", line 1063, in source_to_code
  File "<frozen importlib._bootstrap>", line 488, in _call_with_frames_removed
  File "/opt/airflow/dags/mar15.py", line 12
    dag_id='tasklar'
    ^^^^^^^^^^^^^^^^
SyntaxError: invalid syntax. Maybe you meant '==' or ':=' instead of '='?
[2026-03-15T08:58:53.717+0000] {processor.py:927} WARNING - No viable dags retrieved from /opt/airflow/dags/mar15.py
[2026-03-15T08:58:53.749+0000] {processor.py:208} INFO - Processing /opt/airflow/dags/mar15.py took 0.051 seconds
[2026-03-15T08:58:54.761+0000] {processor.py:186} INFO - Started process (PID=2981) to work on /opt/airflow/dags/mar15.py
[2026-03-15T08:58:54.762+0000] {processor.py:914} INFO - Processing file /opt/airflow/dags/mar15.py for tasks to queue
[2026-03-15T08:58:54.764+0000] {logging_mixin.py:190} INFO - [2026-03-15T08:58:54.763+0000] {dagbag.py:588} INFO - Filling up the DagBag from /opt/airflow/dags/mar15.py
[2026-03-15T08:58:54.769+0000] {logging_mixin.py:190} INFO - [2026-03-15T08:58:54.767+0000] {dagbag.py:387} ERROR - Failed to import: /opt/airflow/dags/mar15.py
Traceback (most recent call last):
  File "/home/airflow/.local/lib/python3.12/site-packages/airflow/models/dagbag.py", line 383, in parse
    loader.exec_module(new_module)
  File "<frozen importlib._bootstrap_external>", line 995, in exec_module
  File "<frozen importlib._bootstrap_external>", line 1133, in get_code
  File "<frozen importlib._bootstrap_external>", line 1063, in source_to_code
  File "<frozen importlib._bootstrap>", line 488, in _call_with_frames_removed
  File "/opt/airflow/dags/mar15.py", line 12
    dag_id='tasklar',
    ^^^^^^^^^^^^^^^^
SyntaxError: invalid syntax. Maybe you meant '==' or ':=' instead of '='?
[2026-03-15T08:58:54.770+0000] {processor.py:927} WARNING - No viable dags retrieved from /opt/airflow/dags/mar15.py
[2026-03-15T08:58:54.799+0000] {processor.py:208} INFO - Processing /opt/airflow/dags/mar15.py took 0.053 seconds
[2026-03-15T08:58:57.880+0000] {processor.py:186} INFO - Started process (PID=2995) to work on /opt/airflow/dags/mar15.py
[2026-03-15T08:58:57.882+0000] {processor.py:914} INFO - Processing file /opt/airflow/dags/mar15.py for tasks to queue
[2026-03-15T08:58:57.885+0000] {logging_mixin.py:190} INFO - [2026-03-15T08:58:57.885+0000] {dagbag.py:588} INFO - Filling up the DagBag from /opt/airflow/dags/mar15.py
[2026-03-15T08:58:57.892+0000] {logging_mixin.py:190} INFO - [2026-03-15T08:58:57.890+0000] {dagbag.py:387} ERROR - Failed to import: /opt/airflow/dags/mar15.py
Traceback (most recent call last):
  File "/home/airflow/.local/lib/python3.12/site-packages/airflow/models/dagbag.py", line 383, in parse
    loader.exec_module(new_module)
  File "<frozen importlib._bootstrap_external>", line 995, in exec_module
  File "<frozen importlib._bootstrap_external>", line 1133, in get_code
  File "<frozen importlib._bootstrap_external>", line 1063, in source_to_code
  File "<frozen importlib._bootstrap>", line 488, in _call_with_frames_removed
  File "/opt/airflow/dags/mar15.py", line 12
    dag_id='tasklar',
    ^^^^^^^^^^^^^^^^
SyntaxError: invalid syntax. Maybe you meant '==' or ':=' instead of '='?
[2026-03-15T08:58:57.894+0000] {processor.py:927} WARNING - No viable dags retrieved from /opt/airflow/dags/mar15.py
[2026-03-15T08:58:57.918+0000] {processor.py:208} INFO - Processing /opt/airflow/dags/mar15.py took 0.053 seconds
[2026-03-15T08:59:02.973+0000] {processor.py:186} INFO - Started process (PID=3002) to work on /opt/airflow/dags/mar15.py
[2026-03-15T08:59:02.974+0000] {processor.py:914} INFO - Processing file /opt/airflow/dags/mar15.py for tasks to queue
[2026-03-15T08:59:02.975+0000] {logging_mixin.py:190} INFO - [2026-03-15T08:59:02.974+0000] {dagbag.py:588} INFO - Filling up the DagBag from /opt/airflow/dags/mar15.py
[2026-03-15T08:59:02.980+0000] {logging_mixin.py:190} INFO - [2026-03-15T08:59:02.978+0000] {dagbag.py:387} ERROR - Failed to import: /opt/airflow/dags/mar15.py
Traceback (most recent call last):
  File "/home/airflow/.local/lib/python3.12/site-packages/airflow/models/dagbag.py", line 383, in parse
    loader.exec_module(new_module)
  File "<frozen importlib._bootstrap_external>", line 995, in exec_module
  File "<frozen importlib._bootstrap_external>", line 1133, in get_code
  File "<frozen importlib._bootstrap_external>", line 1063, in source_to_code
  File "<frozen importlib._bootstrap>", line 488, in _call_with_frames_removed
  File "/opt/airflow/dags/mar15.py", line 14
    )
    ^
SyntaxError: unmatched ')'
[2026-03-15T08:59:02.980+0000] {processor.py:927} WARNING - No viable dags retrieved from /opt/airflow/dags/mar15.py
[2026-03-15T08:59:03.011+0000] {processor.py:208} INFO - Processing /opt/airflow/dags/mar15.py took 0.046 seconds
[2026-03-15T08:59:05.047+0000] {processor.py:186} INFO - Started process (PID=3007) to work on /opt/airflow/dags/mar15.py
[2026-03-15T08:59:05.048+0000] {processor.py:914} INFO - Processing file /opt/airflow/dags/mar15.py for tasks to queue
[2026-03-15T08:59:05.050+0000] {logging_mixin.py:190} INFO - [2026-03-15T08:59:05.049+0000] {dagbag.py:588} INFO - Filling up the DagBag from /opt/airflow/dags/mar15.py
[2026-03-15T08:59:05.053+0000] {logging_mixin.py:190} INFO - [2026-03-15T08:59:05.052+0000] {dagbag.py:387} ERROR - Failed to import: /opt/airflow/dags/mar15.py
Traceback (most recent call last):
  File "/home/airflow/.local/lib/python3.12/site-packages/airflow/models/dagbag.py", line 383, in parse
    loader.exec_module(new_module)
  File "<frozen importlib._bootstrap_external>", line 995, in exec_module
  File "<frozen importlib._bootstrap_external>", line 1133, in get_code
  File "<frozen importlib._bootstrap_external>", line 1063, in source_to_code
  File "<frozen importlib._bootstrap>", line 488, in _call_with_frames_removed
  File "/opt/airflow/dags/mar15.py", line 14
    )
    ^
SyntaxError: unmatched ')'
[2026-03-15T08:59:05.053+0000] {processor.py:927} WARNING - No viable dags retrieved from /opt/airflow/dags/mar15.py
[2026-03-15T08:59:05.079+0000] {processor.py:208} INFO - Processing /opt/airflow/dags/mar15.py took 0.044 seconds
[2026-03-15T08:59:06.088+0000] {processor.py:186} INFO - Started process (PID=3012) to work on /opt/airflow/dags/mar15.py
[2026-03-15T08:59:06.089+0000] {processor.py:914} INFO - Processing file /opt/airflow/dags/mar15.py for tasks to queue
[2026-03-15T08:59:06.091+0000] {logging_mixin.py:190} INFO - [2026-03-15T08:59:06.090+0000] {dagbag.py:588} INFO - Filling up the DagBag from /opt/airflow/dags/mar15.py
[2026-03-15T08:59:06.095+0000] {logging_mixin.py:190} INFO - [2026-03-15T08:59:06.094+0000] {dagbag.py:387} ERROR - Failed to import: /opt/airflow/dags/mar15.py
Traceback (most recent call last):
  File "/home/airflow/.local/lib/python3.12/site-packages/airflow/models/dagbag.py", line 383, in parse
    loader.exec_module(new_module)
  File "<frozen importlib._bootstrap_external>", line 995, in exec_module
  File "<frozen importlib._bootstrap_external>", line 1133, in get_code
  File "<frozen importlib._bootstrap_external>", line 1063, in source_to_code
  File "<frozen importlib._bootstrap>", line 488, in _call_with_frames_removed
  File "/opt/airflow/dags/mar15.py", line 14
    )
     ^
SyntaxError: expected ':'
[2026-03-15T08:59:06.096+0000] {processor.py:927} WARNING - No viable dags retrieved from /opt/airflow/dags/mar15.py
[2026-03-15T08:59:06.120+0000] {processor.py:208} INFO - Processing /opt/airflow/dags/mar15.py took 0.042 seconds
[2026-03-15T08:59:10.186+0000] {processor.py:186} INFO - Started process (PID=3017) to work on /opt/airflow/dags/mar15.py
[2026-03-15T08:59:10.187+0000] {processor.py:914} INFO - Processing file /opt/airflow/dags/mar15.py for tasks to queue
[2026-03-15T08:59:10.188+0000] {logging_mixin.py:190} INFO - [2026-03-15T08:59:10.188+0000] {dagbag.py:588} INFO - Filling up the DagBag from /opt/airflow/dags/mar15.py
[2026-03-15T08:59:10.192+0000] {logging_mixin.py:190} INFO - [2026-03-15T08:59:10.191+0000] {dagbag.py:387} ERROR - Failed to import: /opt/airflow/dags/mar15.py
Traceback (most recent call last):
  File "/home/airflow/.local/lib/python3.12/site-packages/airflow/models/dagbag.py", line 383, in parse
    loader.exec_module(new_module)
  File "<frozen importlib._bootstrap_external>", line 995, in exec_module
  File "<frozen importlib._bootstrap_external>", line 1133, in get_code
  File "<frozen importlib._bootstrap_external>", line 1063, in source_to_code
  File "<frozen importlib._bootstrap>", line 488, in _call_with_frames_removed
  File "/opt/airflow/dags/mar15.py", line 14
    )
     ^
SyntaxError: expected ':'
[2026-03-15T08:59:10.192+0000] {processor.py:927} WARNING - No viable dags retrieved from /opt/airflow/dags/mar15.py
[2026-03-15T08:59:10.221+0000] {processor.py:208} INFO - Processing /opt/airflow/dags/mar15.py took 0.042 seconds
[2026-03-15T08:59:40.590+0000] {processor.py:186} INFO - Started process (PID=3038) to work on /opt/airflow/dags/mar15.py
[2026-03-15T08:59:40.600+0000] {processor.py:914} INFO - Processing file /opt/airflow/dags/mar15.py for tasks to queue
[2026-03-15T08:59:40.601+0000] {logging_mixin.py:190} INFO - [2026-03-15T08:59:40.600+0000] {dagbag.py:588} INFO - Filling up the DagBag from /opt/airflow/dags/mar15.py
[2026-03-15T08:59:40.604+0000] {logging_mixin.py:190} INFO - [2026-03-15T08:59:40.603+0000] {dagbag.py:387} ERROR - Failed to import: /opt/airflow/dags/mar15.py
Traceback (most recent call last):
  File "/home/airflow/.local/lib/python3.12/site-packages/airflow/models/dagbag.py", line 383, in parse
    loader.exec_module(new_module)
  File "<frozen importlib._bootstrap_external>", line 995, in exec_module
  File "<frozen importlib._bootstrap_external>", line 1133, in get_code
  File "<frozen importlib._bootstrap_external>", line 1063, in source_to_code
  File "<frozen importlib._bootstrap>", line 488, in _call_with_frames_removed
  File "/opt/airflow/dags/mar15.py", line 14
    )
     ^
SyntaxError: expected ':'
[2026-03-15T08:59:40.605+0000] {processor.py:927} WARNING - No viable dags retrieved from /opt/airflow/dags/mar15.py
[2026-03-15T08:59:40.629+0000] {processor.py:208} INFO - Processing /opt/airflow/dags/mar15.py took 0.051 seconds
[2026-03-15T08:59:56.810+0000] {processor.py:186} INFO - Started process (PID=3054) to work on /opt/airflow/dags/mar15.py
[2026-03-15T08:59:56.820+0000] {processor.py:914} INFO - Processing file /opt/airflow/dags/mar15.py for tasks to queue
[2026-03-15T08:59:56.821+0000] {logging_mixin.py:190} INFO - [2026-03-15T08:59:56.821+0000] {dagbag.py:588} INFO - Filling up the DagBag from /opt/airflow/dags/mar15.py
[2026-03-15T08:59:56.824+0000] {logging_mixin.py:190} INFO - [2026-03-15T08:59:56.823+0000] {dagbag.py:366} INFO - File /opt/airflow/dags/mar15.py assumed to contain no DAGs. Skipping.
[2026-03-15T08:59:56.824+0000] {processor.py:927} WARNING - No viable dags retrieved from /opt/airflow/dags/mar15.py
[2026-03-15T08:59:56.847+0000] {processor.py:208} INFO - Processing /opt/airflow/dags/mar15.py took 0.046 seconds
[2026-03-15T08:59:58.840+0000] {processor.py:186} INFO - Started process (PID=3059) to work on /opt/airflow/dags/mar15.py
[2026-03-15T08:59:58.842+0000] {processor.py:914} INFO - Processing file /opt/airflow/dags/mar15.py for tasks to queue
[2026-03-15T08:59:58.845+0000] {logging_mixin.py:190} INFO - [2026-03-15T08:59:58.844+0000] {dagbag.py:588} INFO - Filling up the DagBag from /opt/airflow/dags/mar15.py
[2026-03-15T08:59:58.847+0000] {logging_mixin.py:190} INFO - [2026-03-15T08:59:58.846+0000] {dagbag.py:366} INFO - File /opt/airflow/dags/mar15.py assumed to contain no DAGs. Skipping.
[2026-03-15T08:59:58.847+0000] {processor.py:927} WARNING - No viable dags retrieved from /opt/airflow/dags/mar15.py
[2026-03-15T08:59:58.868+0000] {processor.py:208} INFO - Processing /opt/airflow/dags/mar15.py took 0.035 seconds
[2026-03-15T09:00:06.003+0000] {processor.py:186} INFO - Started process (PID=3069) to work on /opt/airflow/dags/mar15.py
[2026-03-15T09:00:06.004+0000] {processor.py:914} INFO - Processing file /opt/airflow/dags/mar15.py for tasks to queue
[2026-03-15T09:00:06.005+0000] {logging_mixin.py:190} INFO - [2026-03-15T09:00:06.004+0000] {dagbag.py:588} INFO - Filling up the DagBag from /opt/airflow/dags/mar15.py
[2026-03-15T09:00:06.012+0000] {processor.py:927} WARNING - No viable dags retrieved from /opt/airflow/dags/mar15.py
[2026-03-15T09:00:06.027+0000] {processor.py:208} INFO - Processing /opt/airflow/dags/mar15.py took 0.032 seconds
[2026-03-15T09:00:08.043+0000] {processor.py:186} INFO - Started process (PID=3074) to work on /opt/airflow/dags/mar15.py
[2026-03-15T09:00:08.045+0000] {processor.py:914} INFO - Processing file /opt/airflow/dags/mar15.py for tasks to queue
[2026-03-15T09:00:08.047+0000] {logging_mixin.py:190} INFO - [2026-03-15T09:00:08.046+0000] {dagbag.py:588} INFO - Filling up the DagBag from /opt/airflow/dags/mar15.py
[2026-03-15T09:00:08.051+0000] {processor.py:927} WARNING - No viable dags retrieved from /opt/airflow/dags/mar15.py
[2026-03-15T09:00:08.069+0000] {processor.py:208} INFO - Processing /opt/airflow/dags/mar15.py took 0.032 seconds
[2026-03-15T09:00:25.324+0000] {processor.py:186} INFO - Started process (PID=3084) to work on /opt/airflow/dags/mar15.py
[2026-03-15T09:00:25.334+0000] {processor.py:914} INFO - Processing file /opt/airflow/dags/mar15.py for tasks to queue
[2026-03-15T09:00:25.335+0000] {logging_mixin.py:190} INFO - [2026-03-15T09:00:25.335+0000] {dagbag.py:588} INFO - Filling up the DagBag from /opt/airflow/dags/mar15.py
[2026-03-15T09:00:25.348+0000] {processor.py:925} INFO - DAG(s) 'tasklar' retrieved from /opt/airflow/dags/mar15.py
[2026-03-15T09:00:25.495+0000] {logging_mixin.py:190} INFO - [2026-03-15T09:00:25.494+0000] {override.py:1912} INFO - Created Permission View: can delete on DAG:tasklar
[2026-03-15T09:00:25.506+0000] {logging_mixin.py:190} INFO - [2026-03-15T09:00:25.506+0000] {override.py:1912} INFO - Created Permission View: can read on DAG:tasklar
[2026-03-15T09:00:25.514+0000] {logging_mixin.py:190} INFO - [2026-03-15T09:00:25.513+0000] {override.py:1912} INFO - Created Permission View: can edit on DAG:tasklar
[2026-03-15T09:00:25.525+0000] {logging_mixin.py:190} INFO - [2026-03-15T09:00:25.525+0000] {override.py:1912} INFO - Created Permission View: can delete on DAG Run:tasklar
[2026-03-15T09:00:25.533+0000] {logging_mixin.py:190} INFO - [2026-03-15T09:00:25.533+0000] {override.py:1912} INFO - Created Permission View: can create on DAG Run:tasklar
[2026-03-15T09:00:25.542+0000] {logging_mixin.py:190} INFO - [2026-03-15T09:00:25.541+0000] {override.py:1912} INFO - Created Permission View: can read on DAG Run:tasklar
[2026-03-15T09:00:25.549+0000] {logging_mixin.py:190} INFO - [2026-03-15T09:00:25.549+0000] {override.py:1912} INFO - Created Permission View: menu access on DAG Run:tasklar
[2026-03-15T09:00:25.550+0000] {logging_mixin.py:190} INFO - [2026-03-15T09:00:25.549+0000] {dag.py:3239} INFO - Sync 1 DAGs
[2026-03-15T09:00:25.564+0000] {logging_mixin.py:190} INFO - [2026-03-15T09:00:25.564+0000] {dag.py:3262} INFO - Creating ORM DAG for tasklar
[2026-03-15T09:00:25.577+0000] {logging_mixin.py:190} INFO - [2026-03-15T09:00:25.577+0000] {dag.py:4180} INFO - Setting next_dagrun for tasklar to 2026-03-15 23:30:00+00:00, run_after=2026-03-16 23:30:00+00:00
[2026-03-15T09:00:25.596+0000] {processor.py:208} INFO - Processing /opt/airflow/dags/mar15.py took 0.283 seconds
[2026-03-15T09:00:55.812+0000] {processor.py:186} INFO - Started process (PID=3105) to work on /opt/airflow/dags/mar15.py
[2026-03-15T09:00:55.822+0000] {processor.py:914} INFO - Processing file /opt/airflow/dags/mar15.py for tasks to queue
[2026-03-15T09:00:55.824+0000] {logging_mixin.py:190} INFO - [2026-03-15T09:00:55.824+0000] {dagbag.py:588} INFO - Filling up the DagBag from /opt/airflow/dags/mar15.py
[2026-03-15T09:00:55.843+0000] {processor.py:925} INFO - DAG(s) 'tasklar' retrieved from /opt/airflow/dags/mar15.py
[2026-03-15T09:00:55.882+0000] {logging_mixin.py:190} INFO - [2026-03-15T09:00:55.882+0000] {dag.py:3239} INFO - Sync 1 DAGs
[2026-03-15T09:00:55.922+0000] {logging_mixin.py:190} INFO - [2026-03-15T09:00:55.921+0000] {dag.py:4180} INFO - Setting next_dagrun for tasklar to 2026-03-15 23:30:00+00:00, run_after=2026-03-16 23:30:00+00:00
[2026-03-15T09:00:55.971+0000] {processor.py:208} INFO - Processing /opt/airflow/dags/mar15.py took 0.166 seconds
[2026-03-15T09:01:12.198+0000] {processor.py:186} INFO - Started process (PID=3121) to work on /opt/airflow/dags/mar15.py
[2026-03-15T09:01:12.199+0000] {processor.py:914} INFO - Processing file /opt/airflow/dags/mar15.py for tasks to queue
[2026-03-15T09:01:12.200+0000] {logging_mixin.py:190} INFO - [2026-03-15T09:01:12.199+0000] {dagbag.py:588} INFO - Filling up the DagBag from /opt/airflow/dags/mar15.py
[2026-03-15T09:01:12.214+0000] {logging_mixin.py:190} INFO - [2026-03-15T09:01:12.212+0000] {dagbag.py:387} ERROR - Failed to import: /opt/airflow/dags/mar15.py
Traceback (most recent call last):
  File "/home/airflow/.local/lib/python3.12/site-packages/airflow/models/dagbag.py", line 383, in parse
    loader.exec_module(new_module)
  File "<frozen importlib._bootstrap_external>", line 999, in exec_module
  File "<frozen importlib._bootstrap>", line 488, in _call_with_frames_removed
  File "/opt/airflow/dags/mar15.py", line 52, in <module>
    calculate=Py
              ^^
NameError: name 'Py' is not defined
[2026-03-15T09:01:12.216+0000] {processor.py:927} WARNING - No viable dags retrieved from /opt/airflow/dags/mar15.py
[2026-03-15T09:01:12.246+0000] {processor.py:208} INFO - Processing /opt/airflow/dags/mar15.py took 0.057 seconds
[2026-03-15T09:01:20.315+0000] {processor.py:186} INFO - Started process (PID=3126) to work on /opt/airflow/dags/mar15.py
[2026-03-15T09:01:20.325+0000] {processor.py:914} INFO - Processing file /opt/airflow/dags/mar15.py for tasks to queue
[2026-03-15T09:01:20.326+0000] {logging_mixin.py:190} INFO - [2026-03-15T09:01:20.326+0000] {dagbag.py:588} INFO - Filling up the DagBag from /opt/airflow/dags/mar15.py
[2026-03-15T09:01:20.339+0000] {logging_mixin.py:190} INFO - [2026-03-15T09:01:20.336+0000] {dagbag.py:387} ERROR - Failed to import: /opt/airflow/dags/mar15.py
Traceback (most recent call last):
  File "/home/airflow/.local/lib/python3.12/site-packages/airflow/models/dagbag.py", line 383, in parse
    loader.exec_module(new_module)
  File "<frozen importlib._bootstrap_external>", line 999, in exec_module
  File "<frozen importlib._bootstrap>", line 488, in _call_with_frames_removed
  File "/opt/airflow/dags/mar15.py", line 52, in <module>
    calculate=PythonOperator(
              ^^^^^^^^^^^^^^^
  File "/home/airflow/.local/lib/python3.12/site-packages/airflow/models/baseoperator.py", line 491, in apply_defaults
    raise AirflowException(f"missing keyword argument {missing_args.pop()!r}")
airflow.exceptions.AirflowException: missing keyword argument 'python_callable'
[2026-03-15T09:01:20.340+0000] {processor.py:927} WARNING - No viable dags retrieved from /opt/airflow/dags/mar15.py
[2026-03-15T09:01:20.368+0000] {processor.py:208} INFO - Processing /opt/airflow/dags/mar15.py took 0.063 seconds
[2026-03-15T09:01:25.413+0000] {processor.py:186} INFO - Started process (PID=3131) to work on /opt/airflow/dags/mar15.py
[2026-03-15T09:01:25.414+0000] {processor.py:914} INFO - Processing file /opt/airflow/dags/mar15.py for tasks to queue
[2026-03-15T09:01:25.416+0000] {logging_mixin.py:190} INFO - [2026-03-15T09:01:25.415+0000] {dagbag.py:588} INFO - Filling up the DagBag from /opt/airflow/dags/mar15.py
[2026-03-15T09:01:25.423+0000] {logging_mixin.py:190} INFO - [2026-03-15T09:01:25.420+0000] {dagbag.py:387} ERROR - Failed to import: /opt/airflow/dags/mar15.py
Traceback (most recent call last):
  File "/home/airflow/.local/lib/python3.12/site-packages/airflow/models/dagbag.py", line 383, in parse
    loader.exec_module(new_module)
  File "<frozen importlib._bootstrap_external>", line 995, in exec_module
  File "<frozen importlib._bootstrap_external>", line 1133, in get_code
  File "<frozen importlib._bootstrap_external>", line 1063, in source_to_code
  File "<frozen importlib._bootstrap>", line 488, in _call_with_frames_removed
  File "/opt/airflow/dags/mar15.py", line 55
    )
    ^
SyntaxError: positional argument follows keyword argument
[2026-03-15T09:01:25.424+0000] {processor.py:927} WARNING - No viable dags retrieved from /opt/airflow/dags/mar15.py
[2026-03-15T09:01:25.459+0000] {processor.py:208} INFO - Processing /opt/airflow/dags/mar15.py took 0.054 seconds
[2026-03-15T09:01:31.623+0000] {processor.py:186} INFO - Started process (PID=3152) to work on /opt/airflow/dags/mar15.py
[2026-03-15T09:01:31.624+0000] {processor.py:914} INFO - Processing file /opt/airflow/dags/mar15.py for tasks to queue
[2026-03-15T09:01:31.627+0000] {logging_mixin.py:190} INFO - [2026-03-15T09:01:31.626+0000] {dagbag.py:588} INFO - Filling up the DagBag from /opt/airflow/dags/mar15.py
[2026-03-15T09:01:31.639+0000] {logging_mixin.py:190} INFO - [2026-03-15T09:01:31.636+0000] {dagbag.py:387} ERROR - Failed to import: /opt/airflow/dags/mar15.py
Traceback (most recent call last):
  File "/home/airflow/.local/lib/python3.12/site-packages/airflow/models/dagbag.py", line 383, in parse
    loader.exec_module(new_module)
  File "<frozen importlib._bootstrap_external>", line 999, in exec_module
  File "<frozen importlib._bootstrap>", line 488, in _call_with_frames_removed
  File "/opt/airflow/dags/mar15.py", line 52, in <module>
    calculate=PythonOperator(
              ^^^^^^^^^^^^^^^
  File "/home/airflow/.local/lib/python3.12/site-packages/airflow/models/baseoperator.py", line 508, in apply_defaults
    result = func(self, **kwargs, default_args=default_args)
             ^^^^^^^^^^^^^^^^^^^^^^^^^^^^^^^^^^^^^^^^^^^^^^^
  File "/home/airflow/.local/lib/python3.12/site-packages/airflow/operators/python.py", line 224, in __init__
    raise AirflowException("`python_callable` param must be callable")
airflow.exceptions.AirflowException: `python_callable` param must be callable
[2026-03-15T09:01:31.640+0000] {processor.py:927} WARNING - No viable dags retrieved from /opt/airflow/dags/mar15.py
[2026-03-15T09:01:31.668+0000] {processor.py:208} INFO - Processing /opt/airflow/dags/mar15.py took 0.056 seconds
[2026-03-15T09:01:38.752+0000] {processor.py:186} INFO - Started process (PID=3157) to work on /opt/airflow/dags/mar15.py
[2026-03-15T09:01:38.754+0000] {processor.py:914} INFO - Processing file /opt/airflow/dags/mar15.py for tasks to queue
[2026-03-15T09:01:38.756+0000] {logging_mixin.py:190} INFO - [2026-03-15T09:01:38.755+0000] {dagbag.py:588} INFO - Filling up the DagBag from /opt/airflow/dags/mar15.py
[2026-03-15T09:01:38.760+0000] {logging_mixin.py:190} INFO - [2026-03-15T09:01:38.759+0000] {dagbag.py:387} ERROR - Failed to import: /opt/airflow/dags/mar15.py
Traceback (most recent call last):
  File "/home/airflow/.local/lib/python3.12/site-packages/airflow/models/dagbag.py", line 383, in parse
    loader.exec_module(new_module)
  File "<frozen importlib._bootstrap_external>", line 995, in exec_module
  File "<frozen importlib._bootstrap_external>", line 1133, in get_code
  File "<frozen importlib._bootstrap_external>", line 1063, in source_to_code
  File "<frozen importlib._bootstrap>", line 488, in _call_with_frames_removed
  File "/opt/airflow/dags/mar15.py", line 54
    python_callable=t'
                     ^
SyntaxError: unterminated string literal (detected at line 54)
[2026-03-15T09:01:38.761+0000] {processor.py:927} WARNING - No viable dags retrieved from /opt/airflow/dags/mar15.py
[2026-03-15T09:01:38.791+0000] {processor.py:208} INFO - Processing /opt/airflow/dags/mar15.py took 0.048 seconds
[2026-03-15T09:01:42.845+0000] {processor.py:186} INFO - Started process (PID=3162) to work on /opt/airflow/dags/mar15.py
[2026-03-15T09:01:42.846+0000] {processor.py:914} INFO - Processing file /opt/airflow/dags/mar15.py for tasks to queue
[2026-03-15T09:01:42.847+0000] {logging_mixin.py:190} INFO - [2026-03-15T09:01:42.847+0000] {dagbag.py:588} INFO - Filling up the DagBag from /opt/airflow/dags/mar15.py
[2026-03-15T09:01:42.859+0000] {logging_mixin.py:190} INFO - [2026-03-15T09:01:42.857+0000] {dagbag.py:387} ERROR - Failed to import: /opt/airflow/dags/mar15.py
Traceback (most recent call last):
  File "/home/airflow/.local/lib/python3.12/site-packages/airflow/models/dagbag.py", line 383, in parse
    loader.exec_module(new_module)
  File "<frozen importlib._bootstrap_external>", line 999, in exec_module
  File "<frozen importlib._bootstrap>", line 488, in _call_with_frames_removed
  File "/opt/airflow/dags/mar15.py", line 54, in <module>
    python_callable=toplama(a,b)
                            ^
NameError: name 'a' is not defined
[2026-03-15T09:01:42.861+0000] {processor.py:927} WARNING - No viable dags retrieved from /opt/airflow/dags/mar15.py
[2026-03-15T09:01:42.888+0000] {processor.py:208} INFO - Processing /opt/airflow/dags/mar15.py took 0.053 seconds
[2026-03-15T09:01:50.962+0000] {processor.py:186} INFO - Started process (PID=3167) to work on /opt/airflow/dags/mar15.py
[2026-03-15T09:01:50.972+0000] {processor.py:914} INFO - Processing file /opt/airflow/dags/mar15.py for tasks to queue
[2026-03-15T09:01:50.973+0000] {logging_mixin.py:190} INFO - [2026-03-15T09:01:50.973+0000] {dagbag.py:588} INFO - Filling up the DagBag from /opt/airflow/dags/mar15.py
[2026-03-15T09:01:50.983+0000] {logging_mixin.py:190} INFO - [2026-03-15T09:01:50.982+0000] {dagbag.py:387} ERROR - Failed to import: /opt/airflow/dags/mar15.py
Traceback (most recent call last):
  File "/home/airflow/.local/lib/python3.12/site-packages/airflow/models/dagbag.py", line 383, in parse
    loader.exec_module(new_module)
  File "<frozen importlib._bootstrap_external>", line 999, in exec_module
  File "<frozen importlib._bootstrap>", line 488, in _call_with_frames_removed
  File "/opt/airflow/dags/mar15.py", line 54, in <module>
    python_callable=toplama(a,b)
                            ^
NameError: name 'a' is not defined
[2026-03-15T09:01:50.984+0000] {processor.py:927} WARNING - No viable dags retrieved from /opt/airflow/dags/mar15.py
[2026-03-15T09:01:51.016+0000] {processor.py:208} INFO - Processing /opt/airflow/dags/mar15.py took 0.062 seconds
[2026-03-15T09:01:57.098+0000] {processor.py:186} INFO - Started process (PID=3183) to work on /opt/airflow/dags/mar15.py
[2026-03-15T09:01:57.099+0000] {processor.py:914} INFO - Processing file /opt/airflow/dags/mar15.py for tasks to queue
[2026-03-15T09:01:57.101+0000] {logging_mixin.py:190} INFO - [2026-03-15T09:01:57.101+0000] {dagbag.py:588} INFO - Filling up the DagBag from /opt/airflow/dags/mar15.py
[2026-03-15T09:01:57.114+0000] {logging_mixin.py:190} INFO - [2026-03-15T09:01:57.112+0000] {dagbag.py:387} ERROR - Failed to import: /opt/airflow/dags/mar15.py
Traceback (most recent call last):
  File "/home/airflow/.local/lib/python3.12/site-packages/airflow/models/dagbag.py", line 383, in parse
    loader.exec_module(new_module)
  File "<frozen importlib._bootstrap_external>", line 999, in exec_module
  File "<frozen importlib._bootstrap>", line 488, in _call_with_frames_removed
  File "/opt/airflow/dags/mar15.py", line 54, in <module>
    python_callable=toplama(a,b)
                            ^
NameError: name 'a' is not defined
[2026-03-15T09:01:57.115+0000] {processor.py:927} WARNING - No viable dags retrieved from /opt/airflow/dags/mar15.py
[2026-03-15T09:01:57.146+0000] {processor.py:208} INFO - Processing /opt/airflow/dags/mar15.py took 0.055 seconds
[2026-03-15T09:02:14.386+0000] {processor.py:186} INFO - Started process (PID=3193) to work on /opt/airflow/dags/mar15.py
[2026-03-15T09:02:14.388+0000] {processor.py:914} INFO - Processing file /opt/airflow/dags/mar15.py for tasks to queue
[2026-03-15T09:02:14.390+0000] {logging_mixin.py:190} INFO - [2026-03-15T09:02:14.389+0000] {dagbag.py:588} INFO - Filling up the DagBag from /opt/airflow/dags/mar15.py
[2026-03-15T09:02:14.406+0000] {logging_mixin.py:190} INFO - [2026-03-15T09:02:14.403+0000] {dagbag.py:387} ERROR - Failed to import: /opt/airflow/dags/mar15.py
Traceback (most recent call last):
  File "/home/airflow/.local/lib/python3.12/site-packages/airflow/models/dagbag.py", line 383, in parse
    loader.exec_module(new_module)
  File "<frozen importlib._bootstrap_external>", line 999, in exec_module
  File "<frozen importlib._bootstrap>", line 488, in _call_with_frames_removed
  File "/opt/airflow/dags/mar15.py", line 52, in <module>
    calculate=PythonOperator(
              ^^^^^^^^^^^^^^^
  File "/home/airflow/.local/lib/python3.12/site-packages/airflow/models/baseoperator.py", line 508, in apply_defaults
    result = func(self, **kwargs, default_args=default_args)
             ^^^^^^^^^^^^^^^^^^^^^^^^^^^^^^^^^^^^^^^^^^^^^^^
  File "/home/airflow/.local/lib/python3.12/site-packages/airflow/operators/python.py", line 224, in __init__
    raise AirflowException("`python_callable` param must be callable")
airflow.exceptions.AirflowException: `python_callable` param must be callable
[2026-03-15T09:02:14.408+0000] {processor.py:927} WARNING - No viable dags retrieved from /opt/airflow/dags/mar15.py
[2026-03-15T09:02:14.439+0000] {processor.py:208} INFO - Processing /opt/airflow/dags/mar15.py took 0.062 seconds
[2026-03-15T09:02:44.788+0000] {processor.py:186} INFO - Started process (PID=3214) to work on /opt/airflow/dags/mar15.py
[2026-03-15T09:02:44.798+0000] {processor.py:914} INFO - Processing file /opt/airflow/dags/mar15.py for tasks to queue
[2026-03-15T09:02:44.800+0000] {logging_mixin.py:190} INFO - [2026-03-15T09:02:44.800+0000] {dagbag.py:588} INFO - Filling up the DagBag from /opt/airflow/dags/mar15.py
[2026-03-15T09:02:44.811+0000] {logging_mixin.py:190} INFO - [2026-03-15T09:02:44.809+0000] {dagbag.py:387} ERROR - Failed to import: /opt/airflow/dags/mar15.py
Traceback (most recent call last):
  File "/home/airflow/.local/lib/python3.12/site-packages/airflow/models/dagbag.py", line 383, in parse
    loader.exec_module(new_module)
  File "<frozen importlib._bootstrap_external>", line 999, in exec_module
  File "<frozen importlib._bootstrap>", line 488, in _call_with_frames_removed
  File "/opt/airflow/dags/mar15.py", line 52, in <module>
    calculate=PythonOperator(
              ^^^^^^^^^^^^^^^
  File "/home/airflow/.local/lib/python3.12/site-packages/airflow/models/baseoperator.py", line 508, in apply_defaults
    result = func(self, **kwargs, default_args=default_args)
             ^^^^^^^^^^^^^^^^^^^^^^^^^^^^^^^^^^^^^^^^^^^^^^^
  File "/home/airflow/.local/lib/python3.12/site-packages/airflow/operators/python.py", line 224, in __init__
    raise AirflowException("`python_callable` param must be callable")
airflow.exceptions.AirflowException: `python_callable` param must be callable
[2026-03-15T09:02:44.811+0000] {processor.py:927} WARNING - No viable dags retrieved from /opt/airflow/dags/mar15.py
[2026-03-15T09:02:44.835+0000] {processor.py:208} INFO - Processing /opt/airflow/dags/mar15.py took 0.054 seconds
[2026-03-15T09:02:55.952+0000] {processor.py:186} INFO - Started process (PID=3219) to work on /opt/airflow/dags/mar15.py
[2026-03-15T09:02:55.954+0000] {processor.py:914} INFO - Processing file /opt/airflow/dags/mar15.py for tasks to queue
[2026-03-15T09:02:55.957+0000] {logging_mixin.py:190} INFO - [2026-03-15T09:02:55.957+0000] {dagbag.py:588} INFO - Filling up the DagBag from /opt/airflow/dags/mar15.py
[2026-03-15T09:02:55.984+0000] {processor.py:925} INFO - DAG(s) 'tasklar' retrieved from /opt/airflow/dags/mar15.py
[2026-03-15T09:02:56.334+0000] {logging_mixin.py:190} INFO - [2026-03-15T09:02:56.333+0000] {dag.py:3239} INFO - Sync 1 DAGs
[2026-03-15T09:02:56.361+0000] {logging_mixin.py:190} INFO - [2026-03-15T09:02:56.361+0000] {dag.py:4180} INFO - Setting next_dagrun for tasklar to 2026-03-15 23:30:00+00:00, run_after=2026-03-16 23:30:00+00:00
[2026-03-15T09:02:56.397+0000] {processor.py:208} INFO - Processing /opt/airflow/dags/mar15.py took 0.455 seconds
[2026-03-15T09:03:27.384+0000] {processor.py:186} INFO - Started process (PID=3253) to work on /opt/airflow/dags/mar15.py
[2026-03-15T09:03:27.394+0000] {processor.py:914} INFO - Processing file /opt/airflow/dags/mar15.py for tasks to queue
[2026-03-15T09:03:27.396+0000] {logging_mixin.py:190} INFO - [2026-03-15T09:03:27.396+0000] {dagbag.py:588} INFO - Filling up the DagBag from /opt/airflow/dags/mar15.py
[2026-03-15T09:03:27.411+0000] {processor.py:925} INFO - DAG(s) 'tasklar' retrieved from /opt/airflow/dags/mar15.py
[2026-03-15T09:03:27.445+0000] {logging_mixin.py:190} INFO - [2026-03-15T09:03:27.445+0000] {dag.py:3239} INFO - Sync 1 DAGs
[2026-03-15T09:03:27.483+0000] {logging_mixin.py:190} INFO - [2026-03-15T09:03:27.483+0000] {dag.py:4180} INFO - Setting next_dagrun for tasklar to 2026-03-15 23:30:00+00:00, run_after=2026-03-16 23:30:00+00:00
[2026-03-15T09:03:27.510+0000] {processor.py:208} INFO - Processing /opt/airflow/dags/mar15.py took 0.134 seconds
[2026-03-15T09:03:54.914+0000] {processor.py:186} INFO - Started process (PID=3268) to work on /opt/airflow/dags/mar15.py
[2026-03-15T09:03:54.924+0000] {processor.py:914} INFO - Processing file /opt/airflow/dags/mar15.py for tasks to queue
[2026-03-15T09:03:54.925+0000] {logging_mixin.py:190} INFO - [2026-03-15T09:03:54.925+0000] {dagbag.py:588} INFO - Filling up the DagBag from /opt/airflow/dags/mar15.py
[2026-03-15T09:03:54.930+0000] {logging_mixin.py:190} INFO - [2026-03-15T09:03:54.928+0000] {dagbag.py:387} ERROR - Failed to import: /opt/airflow/dags/mar15.py
Traceback (most recent call last):
  File "/home/airflow/.local/lib/python3.12/site-packages/airflow/models/dagbag.py", line 383, in parse
    loader.exec_module(new_module)
  File "<frozen importlib._bootstrap_external>", line 995, in exec_module
  File "<frozen importlib._bootstrap_external>", line 1133, in get_code
  File "<frozen importlib._bootstrap_external>", line 1063, in source_to_code
  File "<frozen importlib._bootstrap>", line 488, in _call_with_frames_removed
  File "/opt/airflow/dags/mar15.py", line 55
    **
    ^^
SyntaxError: invalid syntax
[2026-03-15T09:03:54.931+0000] {processor.py:927} WARNING - No viable dags retrieved from /opt/airflow/dags/mar15.py
[2026-03-15T09:03:54.958+0000] {processor.py:208} INFO - Processing /opt/airflow/dags/mar15.py took 0.050 seconds
[2026-03-15T09:03:55.954+0000] {processor.py:186} INFO - Started process (PID=3273) to work on /opt/airflow/dags/mar15.py
[2026-03-15T09:03:55.955+0000] {processor.py:914} INFO - Processing file /opt/airflow/dags/mar15.py for tasks to queue
[2026-03-15T09:03:55.956+0000] {logging_mixin.py:190} INFO - [2026-03-15T09:03:55.956+0000] {dagbag.py:588} INFO - Filling up the DagBag from /opt/airflow/dags/mar15.py
[2026-03-15T09:03:55.960+0000] {logging_mixin.py:190} INFO - [2026-03-15T09:03:55.959+0000] {dagbag.py:387} ERROR - Failed to import: /opt/airflow/dags/mar15.py
Traceback (most recent call last):
  File "/home/airflow/.local/lib/python3.12/site-packages/airflow/models/dagbag.py", line 383, in parse
    loader.exec_module(new_module)
  File "<frozen importlib._bootstrap_external>", line 995, in exec_module
  File "<frozen importlib._bootstrap_external>", line 1133, in get_code
  File "<frozen importlib._bootstrap_external>", line 1063, in source_to_code
  File "<frozen importlib._bootstrap>", line 488, in _call_with_frames_removed
  File "/opt/airflow/dags/mar15.py", line 55
    **kw
    ^^
SyntaxError: invalid syntax
[2026-03-15T09:03:55.961+0000] {processor.py:927} WARNING - No viable dags retrieved from /opt/airflow/dags/mar15.py
[2026-03-15T09:03:55.993+0000] {processor.py:208} INFO - Processing /opt/airflow/dags/mar15.py took 0.046 seconds
[2026-03-15T09:03:57.054+0000] {processor.py:186} INFO - Started process (PID=3278) to work on /opt/airflow/dags/mar15.py
[2026-03-15T09:03:57.055+0000] {processor.py:914} INFO - Processing file /opt/airflow/dags/mar15.py for tasks to queue
[2026-03-15T09:03:57.056+0000] {logging_mixin.py:190} INFO - [2026-03-15T09:03:57.056+0000] {dagbag.py:588} INFO - Filling up the DagBag from /opt/airflow/dags/mar15.py
[2026-03-15T09:03:57.061+0000] {logging_mixin.py:190} INFO - [2026-03-15T09:03:57.059+0000] {dagbag.py:387} ERROR - Failed to import: /opt/airflow/dags/mar15.py
Traceback (most recent call last):
  File "/home/airflow/.local/lib/python3.12/site-packages/airflow/models/dagbag.py", line 383, in parse
    loader.exec_module(new_module)
  File "<frozen importlib._bootstrap_external>", line 995, in exec_module
  File "<frozen importlib._bootstrap_external>", line 1133, in get_code
  File "<frozen importlib._bootstrap_external>", line 1063, in source_to_code
  File "<frozen importlib._bootstrap>", line 488, in _call_with_frames_removed
  File "/opt/airflow/dags/mar15.py", line 55
    ***args, **kwargs
    ^^
SyntaxError: invalid syntax
[2026-03-15T09:03:57.061+0000] {processor.py:927} WARNING - No viable dags retrieved from /opt/airflow/dags/mar15.py
[2026-03-15T09:03:57.087+0000] {processor.py:208} INFO - Processing /opt/airflow/dags/mar15.py took 0.042 seconds
[2026-03-15T09:04:02.202+0000] {processor.py:186} INFO - Started process (PID=3294) to work on /opt/airflow/dags/mar15.py
[2026-03-15T09:04:02.204+0000] {processor.py:914} INFO - Processing file /opt/airflow/dags/mar15.py for tasks to queue
[2026-03-15T09:04:02.205+0000] {logging_mixin.py:190} INFO - [2026-03-15T09:04:02.204+0000] {dagbag.py:588} INFO - Filling up the DagBag from /opt/airflow/dags/mar15.py
[2026-03-15T09:04:02.218+0000] {processor.py:925} INFO - DAG(s) 'tasklar' retrieved from /opt/airflow/dags/mar15.py
[2026-03-15T09:04:02.252+0000] {logging_mixin.py:190} INFO - [2026-03-15T09:04:02.251+0000] {dag.py:3239} INFO - Sync 1 DAGs
[2026-03-15T09:04:02.283+0000] {logging_mixin.py:190} INFO - [2026-03-15T09:04:02.283+0000] {dag.py:4180} INFO - Setting next_dagrun for tasklar to 2026-03-15 23:30:00+00:00, run_after=2026-03-16 23:30:00+00:00
[2026-03-15T09:04:02.309+0000] {processor.py:208} INFO - Processing /opt/airflow/dags/mar15.py took 0.113 seconds
[2026-03-15T09:04:32.655+0000] {processor.py:186} INFO - Started process (PID=3316) to work on /opt/airflow/dags/mar15.py
[2026-03-15T09:04:32.665+0000] {processor.py:914} INFO - Processing file /opt/airflow/dags/mar15.py for tasks to queue
[2026-03-15T09:04:32.667+0000] {logging_mixin.py:190} INFO - [2026-03-15T09:04:32.667+0000] {dagbag.py:588} INFO - Filling up the DagBag from /opt/airflow/dags/mar15.py
[2026-03-15T09:04:32.681+0000] {processor.py:925} INFO - DAG(s) 'tasklar' retrieved from /opt/airflow/dags/mar15.py
[2026-03-15T09:04:32.712+0000] {logging_mixin.py:190} INFO - [2026-03-15T09:04:32.711+0000] {dag.py:3239} INFO - Sync 1 DAGs
[2026-03-15T09:04:32.745+0000] {logging_mixin.py:190} INFO - [2026-03-15T09:04:32.745+0000] {dag.py:4180} INFO - Setting next_dagrun for tasklar to 2026-03-15 23:30:00+00:00, run_after=2026-03-16 23:30:00+00:00
[2026-03-15T09:04:32.771+0000] {processor.py:208} INFO - Processing /opt/airflow/dags/mar15.py took 0.126 seconds
[2026-03-15T09:05:03.182+0000] {processor.py:186} INFO - Started process (PID=3337) to work on /opt/airflow/dags/mar15.py
[2026-03-15T09:05:03.192+0000] {processor.py:914} INFO - Processing file /opt/airflow/dags/mar15.py for tasks to queue
[2026-03-15T09:05:03.193+0000] {logging_mixin.py:190} INFO - [2026-03-15T09:05:03.193+0000] {dagbag.py:588} INFO - Filling up the DagBag from /opt/airflow/dags/mar15.py
[2026-03-15T09:05:03.205+0000] {processor.py:925} INFO - DAG(s) 'tasklar' retrieved from /opt/airflow/dags/mar15.py
[2026-03-15T09:05:03.233+0000] {logging_mixin.py:190} INFO - [2026-03-15T09:05:03.233+0000] {dag.py:3239} INFO - Sync 1 DAGs
[2026-03-15T09:05:03.266+0000] {logging_mixin.py:190} INFO - [2026-03-15T09:05:03.266+0000] {dag.py:4180} INFO - Setting next_dagrun for tasklar to 2026-03-15 23:30:00+00:00, run_after=2026-03-16 23:30:00+00:00
[2026-03-15T09:05:03.287+0000] {processor.py:208} INFO - Processing /opt/airflow/dags/mar15.py took 0.117 seconds
[2026-03-15T09:05:28.600+0000] {processor.py:186} INFO - Started process (PID=3353) to work on /opt/airflow/dags/mar15.py
[2026-03-15T09:05:28.610+0000] {processor.py:914} INFO - Processing file /opt/airflow/dags/mar15.py for tasks to queue
[2026-03-15T09:05:28.612+0000] {logging_mixin.py:190} INFO - [2026-03-15T09:05:28.611+0000] {dagbag.py:588} INFO - Filling up the DagBag from /opt/airflow/dags/mar15.py
[2026-03-15T09:05:28.626+0000] {processor.py:925} INFO - DAG(s) 'tasklar' retrieved from /opt/airflow/dags/mar15.py
[2026-03-15T09:05:28.772+0000] {logging_mixin.py:190} INFO - [2026-03-15T09:05:28.771+0000] {dag.py:3239} INFO - Sync 1 DAGs
[2026-03-15T09:05:28.807+0000] {logging_mixin.py:190} INFO - [2026-03-15T09:05:28.806+0000] {dag.py:4180} INFO - Setting next_dagrun for tasklar to 2026-03-15 23:30:00+00:00, run_after=2026-03-16 23:30:00+00:00
[2026-03-15T09:05:28.991+0000] {processor.py:208} INFO - Processing /opt/airflow/dags/mar15.py took 0.398 seconds
[2026-03-15T09:05:35.730+0000] {processor.py:186} INFO - Started process (PID=3368) to work on /opt/airflow/dags/mar15.py
[2026-03-15T09:05:35.731+0000] {processor.py:914} INFO - Processing file /opt/airflow/dags/mar15.py for tasks to queue
[2026-03-15T09:05:35.733+0000] {logging_mixin.py:190} INFO - [2026-03-15T09:05:35.732+0000] {dagbag.py:588} INFO - Filling up the DagBag from /opt/airflow/dags/mar15.py
[2026-03-15T09:05:35.736+0000] {logging_mixin.py:190} INFO - [2026-03-15T09:05:35.735+0000] {dagbag.py:387} ERROR - Failed to import: /opt/airflow/dags/mar15.py
Traceback (most recent call last):
  File "/home/airflow/.local/lib/python3.12/site-packages/airflow/models/dagbag.py", line 383, in parse
    loader.exec_module(new_module)
  File "<frozen importlib._bootstrap_external>", line 995, in exec_module
  File "<frozen importlib._bootstrap_external>", line 1133, in get_code
  File "<frozen importlib._bootstrap_external>", line 1063, in source_to_code
  File "<frozen importlib._bootstrap>", line 488, in _call_with_frames_removed
  File "/opt/airflow/dags/mar15.py", line 53
    op_kwargs=
    ^^^^^^^^^^
SyntaxError: expected argument value expression
[2026-03-15T09:05:35.737+0000] {processor.py:927} WARNING - No viable dags retrieved from /opt/airflow/dags/mar15.py
[2026-03-15T09:05:35.773+0000] {processor.py:208} INFO - Processing /opt/airflow/dags/mar15.py took 0.050 seconds
[2026-03-15T09:05:38.848+0000] {processor.py:186} INFO - Started process (PID=3373) to work on /opt/airflow/dags/mar15.py
[2026-03-15T09:05:38.849+0000] {processor.py:914} INFO - Processing file /opt/airflow/dags/mar15.py for tasks to queue
[2026-03-15T09:05:38.851+0000] {logging_mixin.py:190} INFO - [2026-03-15T09:05:38.850+0000] {dagbag.py:588} INFO - Filling up the DagBag from /opt/airflow/dags/mar15.py
[2026-03-15T09:05:38.854+0000] {logging_mixin.py:190} INFO - [2026-03-15T09:05:38.853+0000] {dagbag.py:387} ERROR - Failed to import: /opt/airflow/dags/mar15.py
Traceback (most recent call last):
  File "/home/airflow/.local/lib/python3.12/site-packages/airflow/models/dagbag.py", line 383, in parse
    loader.exec_module(new_module)
  File "<frozen importlib._bootstrap_external>", line 995, in exec_module
  File "<frozen importlib._bootstrap_external>", line 1133, in get_code
  File "<frozen importlib._bootstrap_external>", line 1063, in source_to_code
  File "<frozen importlib._bootstrap>", line 488, in _call_with_frames_removed
  File "/opt/airflow/dags/mar15.py", line 53
    op_kwargs=op_kwargs={"a": 4, "b": 5} 
                       ^
SyntaxError: invalid syntax
[2026-03-15T09:05:38.855+0000] {processor.py:927} WARNING - No viable dags retrieved from /opt/airflow/dags/mar15.py
[2026-03-15T09:05:38.882+0000] {processor.py:208} INFO - Processing /opt/airflow/dags/mar15.py took 0.041 seconds
[2026-03-15T09:05:40.940+0000] {processor.py:186} INFO - Started process (PID=3378) to work on /opt/airflow/dags/mar15.py
[2026-03-15T09:05:40.941+0000] {processor.py:914} INFO - Processing file /opt/airflow/dags/mar15.py for tasks to queue
[2026-03-15T09:05:40.942+0000] {logging_mixin.py:190} INFO - [2026-03-15T09:05:40.942+0000] {dagbag.py:588} INFO - Filling up the DagBag from /opt/airflow/dags/mar15.py
[2026-03-15T09:05:40.946+0000] {logging_mixin.py:190} INFO - [2026-03-15T09:05:40.945+0000] {dagbag.py:387} ERROR - Failed to import: /opt/airflow/dags/mar15.py
Traceback (most recent call last):
  File "/home/airflow/.local/lib/python3.12/site-packages/airflow/models/dagbag.py", line 383, in parse
    loader.exec_module(new_module)
  File "<frozen importlib._bootstrap_external>", line 995, in exec_module
  File "<frozen importlib._bootstrap_external>", line 1133, in get_code
  File "<frozen importlib._bootstrap_external>", line 1063, in source_to_code
  File "<frozen importlib._bootstrap>", line 488, in _call_with_frames_removed
  File "/opt/airflow/dags/mar15.py", line 53
    op_kwargs=
    ^^^^^^^^^^
SyntaxError: expected argument value expression
[2026-03-15T09:05:40.947+0000] {processor.py:927} WARNING - No viable dags retrieved from /opt/airflow/dags/mar15.py
[2026-03-15T09:05:40.976+0000] {processor.py:208} INFO - Processing /opt/airflow/dags/mar15.py took 0.043 seconds
[2026-03-15T09:05:42.994+0000] {processor.py:186} INFO - Started process (PID=3383) to work on /opt/airflow/dags/mar15.py
[2026-03-15T09:05:42.996+0000] {processor.py:914} INFO - Processing file /opt/airflow/dags/mar15.py for tasks to queue
[2026-03-15T09:05:42.999+0000] {logging_mixin.py:190} INFO - [2026-03-15T09:05:42.998+0000] {dagbag.py:588} INFO - Filling up the DagBag from /opt/airflow/dags/mar15.py
[2026-03-15T09:05:43.013+0000] {processor.py:925} INFO - DAG(s) 'tasklar' retrieved from /opt/airflow/dags/mar15.py
[2026-03-15T09:05:43.030+0000] {logging_mixin.py:190} INFO - [2026-03-15T09:05:43.030+0000] {dag.py:3239} INFO - Sync 1 DAGs
[2026-03-15T09:05:43.066+0000] {logging_mixin.py:190} INFO - [2026-03-15T09:05:43.065+0000] {dag.py:4180} INFO - Setting next_dagrun for tasklar to 2026-03-15 23:30:00+00:00, run_after=2026-03-16 23:30:00+00:00
[2026-03-15T09:05:43.089+0000] {processor.py:208} INFO - Processing /opt/airflow/dags/mar15.py took 0.101 seconds
[2026-03-15T09:05:47.099+0000] {processor.py:186} INFO - Started process (PID=3388) to work on /opt/airflow/dags/mar15.py
[2026-03-15T09:05:47.100+0000] {processor.py:914} INFO - Processing file /opt/airflow/dags/mar15.py for tasks to queue
[2026-03-15T09:05:47.101+0000] {logging_mixin.py:190} INFO - [2026-03-15T09:05:47.100+0000] {dagbag.py:588} INFO - Filling up the DagBag from /opt/airflow/dags/mar15.py
[2026-03-15T09:05:47.104+0000] {logging_mixin.py:190} INFO - [2026-03-15T09:05:47.103+0000] {dagbag.py:387} ERROR - Failed to import: /opt/airflow/dags/mar15.py
Traceback (most recent call last):
  File "/home/airflow/.local/lib/python3.12/site-packages/airflow/models/dagbag.py", line 383, in parse
    loader.exec_module(new_module)
  File "<frozen importlib._bootstrap_external>", line 995, in exec_module
  File "<frozen importlib._bootstrap_external>", line 1133, in get_code
  File "<frozen importlib._bootstrap_external>", line 1063, in source_to_code
  File "<frozen importlib._bootstrap>", line 488, in _call_with_frames_removed
  File "/opt/airflow/dags/mar15.py", line 53
    op_kwargs={"a": 4, "b": 5} 
              
SyntaxError: invalid syntax. Perhaps you forgot a comma?
[2026-03-15T09:05:47.104+0000] {processor.py:927} WARNING - No viable dags retrieved from /opt/airflow/dags/mar15.py
[2026-03-15T09:05:47.128+0000] {processor.py:208} INFO - Processing /opt/airflow/dags/mar15.py took 0.039 seconds
[2026-03-15T09:05:50.180+0000] {processor.py:186} INFO - Started process (PID=3393) to work on /opt/airflow/dags/mar15.py
[2026-03-15T09:05:50.181+0000] {processor.py:914} INFO - Processing file /opt/airflow/dags/mar15.py for tasks to queue
[2026-03-15T09:05:50.182+0000] {logging_mixin.py:190} INFO - [2026-03-15T09:05:50.182+0000] {dagbag.py:588} INFO - Filling up the DagBag from /opt/airflow/dags/mar15.py
[2026-03-15T09:05:50.186+0000] {logging_mixin.py:190} INFO - [2026-03-15T09:05:50.184+0000] {dagbag.py:387} ERROR - Failed to import: /opt/airflow/dags/mar15.py
Traceback (most recent call last):
  File "/home/airflow/.local/lib/python3.12/site-packages/airflow/models/dagbag.py", line 383, in parse
    loader.exec_module(new_module)
  File "<frozen importlib._bootstrap_external>", line 995, in exec_module
  File "<frozen importlib._bootstrap_external>", line 1133, in get_code
  File "<frozen importlib._bootstrap_external>", line 1063, in source_to_code
  File "<frozen importlib._bootstrap>", line 488, in _call_with_frames_removed
  File "/opt/airflow/dags/mar15.py", line 53
    op_kwargs={"a": 4, "b": 5} 
              
SyntaxError: invalid syntax. Perhaps you forgot a comma?
[2026-03-15T09:05:50.186+0000] {processor.py:927} WARNING - No viable dags retrieved from /opt/airflow/dags/mar15.py
[2026-03-15T09:05:50.208+0000] {processor.py:208} INFO - Processing /opt/airflow/dags/mar15.py took 0.035 seconds
[2026-03-15T09:05:54.262+0000] {processor.py:186} INFO - Started process (PID=3398) to work on /opt/airflow/dags/mar15.py
[2026-03-15T09:05:54.272+0000] {processor.py:914} INFO - Processing file /opt/airflow/dags/mar15.py for tasks to queue
[2026-03-15T09:05:54.274+0000] {logging_mixin.py:190} INFO - [2026-03-15T09:05:54.273+0000] {dagbag.py:588} INFO - Filling up the DagBag from /opt/airflow/dags/mar15.py
[2026-03-15T09:05:54.279+0000] {logging_mixin.py:190} INFO - [2026-03-15T09:05:54.277+0000] {dagbag.py:387} ERROR - Failed to import: /opt/airflow/dags/mar15.py
Traceback (most recent call last):
  File "/home/airflow/.local/lib/python3.12/site-packages/airflow/models/dagbag.py", line 383, in parse
    loader.exec_module(new_module)
  File "<frozen importlib._bootstrap_external>", line 995, in exec_module
  File "<frozen importlib._bootstrap_external>", line 1133, in get_code
  File "<frozen importlib._bootstrap_external>", line 1063, in source_to_code
  File "<frozen importlib._bootstrap>", line 488, in _call_with_frames_removed
  File "/opt/airflow/dags/mar15.py", line 53
    op_kwargs={"a": 4, "b": 5} 
              
SyntaxError: invalid syntax. Perhaps you forgot a comma?
[2026-03-15T09:05:54.280+0000] {processor.py:927} WARNING - No viable dags retrieved from /opt/airflow/dags/mar15.py
[2026-03-15T09:05:54.305+0000] {processor.py:208} INFO - Processing /opt/airflow/dags/mar15.py took 0.054 seconds
[2026-03-15T09:05:57.338+0000] {processor.py:186} INFO - Started process (PID=3403) to work on /opt/airflow/dags/mar15.py
[2026-03-15T09:05:57.340+0000] {processor.py:914} INFO - Processing file /opt/airflow/dags/mar15.py for tasks to queue
[2026-03-15T09:05:57.342+0000] {logging_mixin.py:190} INFO - [2026-03-15T09:05:57.341+0000] {dagbag.py:588} INFO - Filling up the DagBag from /opt/airflow/dags/mar15.py
[2026-03-15T09:05:57.347+0000] {logging_mixin.py:190} INFO - [2026-03-15T09:05:57.346+0000] {dagbag.py:387} ERROR - Failed to import: /opt/airflow/dags/mar15.py
Traceback (most recent call last):
  File "/home/airflow/.local/lib/python3.12/site-packages/airflow/models/dagbag.py", line 383, in parse
    loader.exec_module(new_module)
  File "<frozen importlib._bootstrap_external>", line 995, in exec_module
  File "<frozen importlib._bootstrap_external>", line 1133, in get_code
  File "<frozen importlib._bootstrap_external>", line 1063, in source_to_code
  File "<frozen importlib._bootstrap>", line 488, in _call_with_frames_removed
  File "/opt/airflow/dags/mar15.py", line 53
    op_kwargs={"a": 4, "b": 5} 
              
SyntaxError: invalid syntax. Perhaps you forgot a comma?
[2026-03-15T09:05:57.348+0000] {processor.py:927} WARNING - No viable dags retrieved from /opt/airflow/dags/mar15.py
[2026-03-15T09:05:57.377+0000] {processor.py:208} INFO - Processing /opt/airflow/dags/mar15.py took 0.047 seconds
[2026-03-15T09:06:01.448+0000] {processor.py:186} INFO - Started process (PID=3419) to work on /opt/airflow/dags/mar15.py
[2026-03-15T09:06:01.449+0000] {processor.py:914} INFO - Processing file /opt/airflow/dags/mar15.py for tasks to queue
[2026-03-15T09:06:01.450+0000] {logging_mixin.py:190} INFO - [2026-03-15T09:06:01.450+0000] {dagbag.py:588} INFO - Filling up the DagBag from /opt/airflow/dags/mar15.py
[2026-03-15T09:06:01.464+0000] {processor.py:925} INFO - DAG(s) 'tasklar' retrieved from /opt/airflow/dags/mar15.py
[2026-03-15T09:06:01.783+0000] {logging_mixin.py:190} INFO - [2026-03-15T09:06:01.783+0000] {dag.py:3239} INFO - Sync 1 DAGs
[2026-03-15T09:06:01.808+0000] {logging_mixin.py:190} INFO - [2026-03-15T09:06:01.808+0000] {dag.py:4180} INFO - Setting next_dagrun for tasklar to 2026-03-15 23:30:00+00:00, run_after=2026-03-16 23:30:00+00:00
[2026-03-15T09:06:01.843+0000] {processor.py:208} INFO - Processing /opt/airflow/dags/mar15.py took 0.403 seconds
[2026-03-15T09:06:32.274+0000] {processor.py:186} INFO - Started process (PID=3447) to work on /opt/airflow/dags/mar15.py
[2026-03-15T09:06:32.275+0000] {processor.py:914} INFO - Processing file /opt/airflow/dags/mar15.py for tasks to queue
[2026-03-15T09:06:32.276+0000] {logging_mixin.py:190} INFO - [2026-03-15T09:06:32.276+0000] {dagbag.py:588} INFO - Filling up the DagBag from /opt/airflow/dags/mar15.py
[2026-03-15T09:06:32.289+0000] {processor.py:925} INFO - DAG(s) 'tasklar' retrieved from /opt/airflow/dags/mar15.py
[2026-03-15T09:06:32.323+0000] {logging_mixin.py:190} INFO - [2026-03-15T09:06:32.323+0000] {dag.py:3239} INFO - Sync 1 DAGs
[2026-03-15T09:06:32.358+0000] {logging_mixin.py:190} INFO - [2026-03-15T09:06:32.357+0000] {dag.py:4180} INFO - Setting next_dagrun for tasklar to 2026-03-15 23:30:00+00:00, run_after=2026-03-16 23:30:00+00:00
[2026-03-15T09:06:32.387+0000] {processor.py:208} INFO - Processing /opt/airflow/dags/mar15.py took 0.121 seconds
[2026-03-15T09:07:02.804+0000] {processor.py:186} INFO - Started process (PID=3468) to work on /opt/airflow/dags/mar15.py
[2026-03-15T09:07:02.805+0000] {processor.py:914} INFO - Processing file /opt/airflow/dags/mar15.py for tasks to queue
[2026-03-15T09:07:02.807+0000] {logging_mixin.py:190} INFO - [2026-03-15T09:07:02.806+0000] {dagbag.py:588} INFO - Filling up the DagBag from /opt/airflow/dags/mar15.py
[2026-03-15T09:07:02.822+0000] {processor.py:925} INFO - DAG(s) 'tasklar' retrieved from /opt/airflow/dags/mar15.py
[2026-03-15T09:07:02.850+0000] {logging_mixin.py:190} INFO - [2026-03-15T09:07:02.850+0000] {dag.py:3239} INFO - Sync 1 DAGs
[2026-03-15T09:07:02.881+0000] {logging_mixin.py:190} INFO - [2026-03-15T09:07:02.880+0000] {dag.py:4180} INFO - Setting next_dagrun for tasklar to 2026-03-15 23:30:00+00:00, run_after=2026-03-16 23:30:00+00:00
[2026-03-15T09:07:02.902+0000] {processor.py:208} INFO - Processing /opt/airflow/dags/mar15.py took 0.105 seconds
[2026-03-15T09:07:33.330+0000] {processor.py:186} INFO - Started process (PID=3490) to work on /opt/airflow/dags/mar15.py
[2026-03-15T09:07:33.340+0000] {processor.py:914} INFO - Processing file /opt/airflow/dags/mar15.py for tasks to queue
[2026-03-15T09:07:33.341+0000] {logging_mixin.py:190} INFO - [2026-03-15T09:07:33.341+0000] {dagbag.py:588} INFO - Filling up the DagBag from /opt/airflow/dags/mar15.py
[2026-03-15T09:07:33.354+0000] {processor.py:925} INFO - DAG(s) 'tasklar' retrieved from /opt/airflow/dags/mar15.py
[2026-03-15T09:07:33.381+0000] {logging_mixin.py:190} INFO - [2026-03-15T09:07:33.381+0000] {dag.py:3239} INFO - Sync 1 DAGs
[2026-03-15T09:07:33.410+0000] {logging_mixin.py:190} INFO - [2026-03-15T09:07:33.410+0000] {dag.py:4180} INFO - Setting next_dagrun for tasklar to 2026-03-15 23:30:00+00:00, run_after=2026-03-16 23:30:00+00:00
[2026-03-15T09:07:33.434+0000] {processor.py:208} INFO - Processing /opt/airflow/dags/mar15.py took 0.110 seconds
[2026-03-15T09:08:03.894+0000] {processor.py:186} INFO - Started process (PID=3516) to work on /opt/airflow/dags/mar15.py
[2026-03-15T09:08:03.903+0000] {processor.py:914} INFO - Processing file /opt/airflow/dags/mar15.py for tasks to queue
[2026-03-15T09:08:03.905+0000] {logging_mixin.py:190} INFO - [2026-03-15T09:08:03.904+0000] {dagbag.py:588} INFO - Filling up the DagBag from /opt/airflow/dags/mar15.py
[2026-03-15T09:08:03.917+0000] {processor.py:925} INFO - DAG(s) 'tasklar' retrieved from /opt/airflow/dags/mar15.py
[2026-03-15T09:08:03.944+0000] {logging_mixin.py:190} INFO - [2026-03-15T09:08:03.943+0000] {dag.py:3239} INFO - Sync 1 DAGs
[2026-03-15T09:08:03.972+0000] {logging_mixin.py:190} INFO - [2026-03-15T09:08:03.971+0000] {dag.py:4180} INFO - Setting next_dagrun for tasklar to 2026-03-15 23:30:00+00:00, run_after=2026-03-16 23:30:00+00:00
[2026-03-15T09:08:03.992+0000] {processor.py:208} INFO - Processing /opt/airflow/dags/mar15.py took 0.107 seconds
[2026-03-15T09:08:34.432+0000] {processor.py:186} INFO - Started process (PID=3537) to work on /opt/airflow/dags/mar15.py
[2026-03-15T09:08:34.434+0000] {processor.py:914} INFO - Processing file /opt/airflow/dags/mar15.py for tasks to queue
[2026-03-15T09:08:34.435+0000] {logging_mixin.py:190} INFO - [2026-03-15T09:08:34.435+0000] {dagbag.py:588} INFO - Filling up the DagBag from /opt/airflow/dags/mar15.py
[2026-03-15T09:08:34.449+0000] {processor.py:925} INFO - DAG(s) 'tasklar' retrieved from /opt/airflow/dags/mar15.py
[2026-03-15T09:08:34.479+0000] {logging_mixin.py:190} INFO - [2026-03-15T09:08:34.479+0000] {dag.py:3239} INFO - Sync 1 DAGs
[2026-03-15T09:08:34.510+0000] {logging_mixin.py:190} INFO - [2026-03-15T09:08:34.509+0000] {dag.py:4180} INFO - Setting next_dagrun for tasklar to 2026-03-15 23:30:00+00:00, run_after=2026-03-16 23:30:00+00:00
[2026-03-15T09:08:34.532+0000] {processor.py:208} INFO - Processing /opt/airflow/dags/mar15.py took 0.108 seconds
[2026-03-15T09:09:04.949+0000] {processor.py:186} INFO - Started process (PID=3558) to work on /opt/airflow/dags/mar15.py
[2026-03-15T09:09:04.950+0000] {processor.py:914} INFO - Processing file /opt/airflow/dags/mar15.py for tasks to queue
[2026-03-15T09:09:04.951+0000] {logging_mixin.py:190} INFO - [2026-03-15T09:09:04.951+0000] {dagbag.py:588} INFO - Filling up the DagBag from /opt/airflow/dags/mar15.py
[2026-03-15T09:09:04.964+0000] {processor.py:925} INFO - DAG(s) 'tasklar' retrieved from /opt/airflow/dags/mar15.py
[2026-03-15T09:09:04.995+0000] {logging_mixin.py:190} INFO - [2026-03-15T09:09:04.995+0000] {dag.py:3239} INFO - Sync 1 DAGs
[2026-03-15T09:09:05.025+0000] {logging_mixin.py:190} INFO - [2026-03-15T09:09:05.024+0000] {dag.py:4180} INFO - Setting next_dagrun for tasklar to 2026-03-15 23:30:00+00:00, run_after=2026-03-16 23:30:00+00:00
[2026-03-15T09:09:05.045+0000] {processor.py:208} INFO - Processing /opt/airflow/dags/mar15.py took 0.102 seconds
[2026-03-15T09:09:35.670+0000] {processor.py:186} INFO - Started process (PID=3604) to work on /opt/airflow/dags/mar15.py
[2026-03-15T09:09:35.680+0000] {processor.py:914} INFO - Processing file /opt/airflow/dags/mar15.py for tasks to queue
[2026-03-15T09:09:35.682+0000] {logging_mixin.py:190} INFO - [2026-03-15T09:09:35.681+0000] {dagbag.py:588} INFO - Filling up the DagBag from /opt/airflow/dags/mar15.py
[2026-03-15T09:09:35.689+0000] {logging_mixin.py:190} INFO - [2026-03-15T09:09:35.687+0000] {dagbag.py:387} ERROR - Failed to import: /opt/airflow/dags/mar15.py
Traceback (most recent call last):
  File "/home/airflow/.local/lib/python3.12/site-packages/airflow/models/dagbag.py", line 383, in parse
    loader.exec_module(new_module)
  File "<frozen importlib._bootstrap_external>", line 999, in exec_module
  File "<frozen importlib._bootstrap>", line 488, in _call_with_frames_removed
  File "/opt/airflow/dags/mar15.py", line 2, in <module>
    from airflow_utils import *
  File "/opt/airflow/dags/airflow_utils.py", line 18, in <module>
    env=Variable.get()
        ^^^^^^^^^^^^^^
TypeError: Variable.get() missing 1 required positional argument: 'key'
[2026-03-15T09:09:35.690+0000] {processor.py:927} WARNING - No viable dags retrieved from /opt/airflow/dags/mar15.py
[2026-03-15T09:09:35.717+0000] {processor.py:208} INFO - Processing /opt/airflow/dags/mar15.py took 0.057 seconds
[2026-03-15T09:10:06.142+0000] {processor.py:186} INFO - Started process (PID=3631) to work on /opt/airflow/dags/mar15.py
[2026-03-15T09:10:06.151+0000] {processor.py:914} INFO - Processing file /opt/airflow/dags/mar15.py for tasks to queue
[2026-03-15T09:10:06.153+0000] {logging_mixin.py:190} INFO - [2026-03-15T09:10:06.152+0000] {dagbag.py:588} INFO - Filling up the DagBag from /opt/airflow/dags/mar15.py
[2026-03-15T09:10:06.179+0000] {logging_mixin.py:190} INFO - [2026-03-15T09:10:06.177+0000] {dagbag.py:387} ERROR - Failed to import: /opt/airflow/dags/mar15.py
Traceback (most recent call last):
  File "/home/airflow/.local/lib/python3.12/site-packages/airflow/models/dagbag.py", line 383, in parse
    loader.exec_module(new_module)
  File "<frozen importlib._bootstrap_external>", line 999, in exec_module
  File "<frozen importlib._bootstrap>", line 488, in _call_with_frames_removed
  File "/opt/airflow/dags/mar15.py", line 2, in <module>
    from airflow_utils import *
  File "/opt/airflow/dags/airflow_utils.py", line 18, in <module>
    env=Variable.get("environment",)
        ^^^^^^^^^^^^^^^^^^^^^^^^^^^^
  File "/home/airflow/.local/lib/python3.12/site-packages/airflow/models/variable.py", line 145, in get
    raise KeyError(f"Variable {key} does not exist")
KeyError: 'Variable environment does not exist'
[2026-03-15T09:10:06.180+0000] {processor.py:927} WARNING - No viable dags retrieved from /opt/airflow/dags/mar15.py
[2026-03-15T09:10:06.191+0000] {processor.py:208} INFO - Processing /opt/airflow/dags/mar15.py took 0.056 seconds
[2026-03-15T09:10:36.607+0000] {processor.py:186} INFO - Started process (PID=3657) to work on /opt/airflow/dags/mar15.py
[2026-03-15T09:10:36.618+0000] {processor.py:914} INFO - Processing file /opt/airflow/dags/mar15.py for tasks to queue
[2026-03-15T09:10:36.620+0000] {logging_mixin.py:190} INFO - [2026-03-15T09:10:36.619+0000] {dagbag.py:588} INFO - Filling up the DagBag from /opt/airflow/dags/mar15.py
[2026-03-15T09:10:36.657+0000] {processor.py:925} INFO - DAG(s) 'tasklar' retrieved from /opt/airflow/dags/mar15.py
[2026-03-15T09:10:36.957+0000] {logging_mixin.py:190} INFO - [2026-03-15T09:10:36.956+0000] {dag.py:3239} INFO - Sync 1 DAGs
[2026-03-15T09:10:36.985+0000] {logging_mixin.py:190} INFO - [2026-03-15T09:10:36.985+0000] {dag.py:4180} INFO - Setting next_dagrun for tasklar to 2026-03-15 23:30:00+00:00, run_after=2026-03-16 23:30:00+00:00
[2026-03-15T09:10:37.016+0000] {processor.py:208} INFO - Processing /opt/airflow/dags/mar15.py took 0.417 seconds
[2026-03-15T09:11:07.157+0000] {processor.py:186} INFO - Started process (PID=3683) to work on /opt/airflow/dags/mar15.py
[2026-03-15T09:11:07.168+0000] {processor.py:914} INFO - Processing file /opt/airflow/dags/mar15.py for tasks to queue
[2026-03-15T09:11:07.170+0000] {logging_mixin.py:190} INFO - [2026-03-15T09:11:07.169+0000] {dagbag.py:588} INFO - Filling up the DagBag from /opt/airflow/dags/mar15.py
[2026-03-15T09:11:07.185+0000] {processor.py:925} INFO - DAG(s) 'tasklar' retrieved from /opt/airflow/dags/mar15.py
[2026-03-15T09:11:07.218+0000] {logging_mixin.py:190} INFO - [2026-03-15T09:11:07.217+0000] {dag.py:3239} INFO - Sync 1 DAGs
[2026-03-15T09:11:07.252+0000] {logging_mixin.py:190} INFO - [2026-03-15T09:11:07.252+0000] {dag.py:4180} INFO - Setting next_dagrun for tasklar to 2026-03-15 23:30:00+00:00, run_after=2026-03-16 23:30:00+00:00
[2026-03-15T09:11:07.272+0000] {processor.py:208} INFO - Processing /opt/airflow/dags/mar15.py took 0.124 seconds
[2026-03-15T09:11:37.668+0000] {processor.py:186} INFO - Started process (PID=3704) to work on /opt/airflow/dags/mar15.py
[2026-03-15T09:11:37.670+0000] {processor.py:914} INFO - Processing file /opt/airflow/dags/mar15.py for tasks to queue
[2026-03-15T09:11:37.671+0000] {logging_mixin.py:190} INFO - [2026-03-15T09:11:37.671+0000] {dagbag.py:588} INFO - Filling up the DagBag from /opt/airflow/dags/mar15.py
[2026-03-15T09:11:37.686+0000] {processor.py:925} INFO - DAG(s) 'tasklar' retrieved from /opt/airflow/dags/mar15.py
[2026-03-15T09:11:37.723+0000] {logging_mixin.py:190} INFO - [2026-03-15T09:11:37.723+0000] {dag.py:3239} INFO - Sync 1 DAGs
[2026-03-15T09:11:37.761+0000] {logging_mixin.py:190} INFO - [2026-03-15T09:11:37.760+0000] {dag.py:4180} INFO - Setting next_dagrun for tasklar to 2026-03-15 23:30:00+00:00, run_after=2026-03-16 23:30:00+00:00
[2026-03-15T09:11:37.783+0000] {processor.py:208} INFO - Processing /opt/airflow/dags/mar15.py took 0.124 seconds
[2026-03-15T09:12:08.188+0000] {processor.py:186} INFO - Started process (PID=3726) to work on /opt/airflow/dags/mar15.py
[2026-03-15T09:12:08.197+0000] {processor.py:914} INFO - Processing file /opt/airflow/dags/mar15.py for tasks to queue
[2026-03-15T09:12:08.199+0000] {logging_mixin.py:190} INFO - [2026-03-15T09:12:08.198+0000] {dagbag.py:588} INFO - Filling up the DagBag from /opt/airflow/dags/mar15.py
[2026-03-15T09:12:08.211+0000] {processor.py:925} INFO - DAG(s) 'tasklar' retrieved from /opt/airflow/dags/mar15.py
[2026-03-15T09:12:08.242+0000] {logging_mixin.py:190} INFO - [2026-03-15T09:12:08.241+0000] {dag.py:3239} INFO - Sync 1 DAGs
[2026-03-15T09:12:08.272+0000] {logging_mixin.py:190} INFO - [2026-03-15T09:12:08.271+0000] {dag.py:4180} INFO - Setting next_dagrun for tasklar to 2026-03-15 23:30:00+00:00, run_after=2026-03-16 23:30:00+00:00
[2026-03-15T09:12:08.294+0000] {processor.py:208} INFO - Processing /opt/airflow/dags/mar15.py took 0.116 seconds
[2026-03-15T09:12:11.343+0000] {processor.py:186} INFO - Started process (PID=3731) to work on /opt/airflow/dags/mar15.py
[2026-03-15T09:12:11.343+0000] {processor.py:914} INFO - Processing file /opt/airflow/dags/mar15.py for tasks to queue
[2026-03-15T09:12:11.345+0000] {logging_mixin.py:190} INFO - [2026-03-15T09:12:11.344+0000] {dagbag.py:588} INFO - Filling up the DagBag from /opt/airflow/dags/mar15.py
[2026-03-15T09:12:11.357+0000] {logging_mixin.py:190} INFO - [2026-03-15T09:12:11.355+0000] {dagbag.py:387} ERROR - Failed to import: /opt/airflow/dags/mar15.py
Traceback (most recent call last):
  File "/home/airflow/.local/lib/python3.12/site-packages/airflow/models/dagbag.py", line 383, in parse
    loader.exec_module(new_module)
  File "<frozen importlib._bootstrap_external>", line 999, in exec_module
  File "<frozen importlib._bootstrap>", line 488, in _call_with_frames_removed
  File "/opt/airflow/dags/mar15.py", line 61, in <module>
    pri
NameError: name 'pri' is not defined
[2026-03-15T09:12:11.358+0000] {processor.py:927} WARNING - No viable dags retrieved from /opt/airflow/dags/mar15.py
[2026-03-15T09:12:11.382+0000] {processor.py:208} INFO - Processing /opt/airflow/dags/mar15.py took 0.047 seconds
[2026-03-15T09:12:15.422+0000] {processor.py:186} INFO - Started process (PID=3736) to work on /opt/airflow/dags/mar15.py
[2026-03-15T09:12:15.423+0000] {processor.py:914} INFO - Processing file /opt/airflow/dags/mar15.py for tasks to queue
[2026-03-15T09:12:15.424+0000] {logging_mixin.py:190} INFO - [2026-03-15T09:12:15.424+0000] {dagbag.py:588} INFO - Filling up the DagBag from /opt/airflow/dags/mar15.py
[2026-03-15T09:12:15.440+0000] {logging_mixin.py:190} INFO - [2026-03-15T09:12:15.435+0000] {dagbag.py:387} ERROR - Failed to import: /opt/airflow/dags/mar15.py
Traceback (most recent call last):
  File "/home/airflow/.local/lib/python3.12/site-packages/airflow/models/dagbag.py", line 383, in parse
    loader.exec_module(new_module)
  File "<frozen importlib._bootstrap_external>", line 999, in exec_module
  File "<frozen importlib._bootstrap>", line 488, in _call_with_frames_removed
  File "/opt/airflow/dags/mar15.py", line 61, in <module>
    print_var
NameError: name 'print_var' is not defined
[2026-03-15T09:12:15.445+0000] {processor.py:927} WARNING - No viable dags retrieved from /opt/airflow/dags/mar15.py
[2026-03-15T09:12:15.473+0000] {processor.py:208} INFO - Processing /opt/airflow/dags/mar15.py took 0.061 seconds
[2026-03-15T09:12:16.476+0000] {processor.py:186} INFO - Started process (PID=3741) to work on /opt/airflow/dags/mar15.py
[2026-03-15T09:12:16.477+0000] {processor.py:914} INFO - Processing file /opt/airflow/dags/mar15.py for tasks to queue
[2026-03-15T09:12:16.478+0000] {logging_mixin.py:190} INFO - [2026-03-15T09:12:16.477+0000] {dagbag.py:588} INFO - Filling up the DagBag from /opt/airflow/dags/mar15.py
[2026-03-15T09:12:16.482+0000] {logging_mixin.py:190} INFO - [2026-03-15T09:12:16.480+0000] {dagbag.py:387} ERROR - Failed to import: /opt/airflow/dags/mar15.py
Traceback (most recent call last):
  File "/home/airflow/.local/lib/python3.12/site-packages/airflow/models/dagbag.py", line 383, in parse
    loader.exec_module(new_module)
  File "<frozen importlib._bootstrap_external>", line 995, in exec_module
  File "<frozen importlib._bootstrap_external>", line 1133, in get_code
  File "<frozen importlib._bootstrap_external>", line 1063, in source_to_code
  File "<frozen importlib._bootstrap>", line 488, in _call_with_frames_removed
  File "/opt/airflow/dags/mar15.py", line 61
    print_var=
              ^
SyntaxError: invalid syntax
[2026-03-15T09:12:16.482+0000] {processor.py:927} WARNING - No viable dags retrieved from /opt/airflow/dags/mar15.py
[2026-03-15T09:12:16.511+0000] {processor.py:208} INFO - Processing /opt/airflow/dags/mar15.py took 0.047 seconds
[2026-03-15T09:12:23.611+0000] {processor.py:186} INFO - Started process (PID=3746) to work on /opt/airflow/dags/mar15.py
[2026-03-15T09:12:23.612+0000] {processor.py:914} INFO - Processing file /opt/airflow/dags/mar15.py for tasks to queue
[2026-03-15T09:12:23.614+0000] {logging_mixin.py:190} INFO - [2026-03-15T09:12:23.614+0000] {dagbag.py:588} INFO - Filling up the DagBag from /opt/airflow/dags/mar15.py
[2026-03-15T09:12:23.628+0000] {logging_mixin.py:190} INFO - [2026-03-15T09:12:23.626+0000] {dagbag.py:387} ERROR - Failed to import: /opt/airflow/dags/mar15.py
Traceback (most recent call last):
  File "/home/airflow/.local/lib/python3.12/site-packages/airflow/models/dagbag.py", line 383, in parse
    loader.exec_module(new_module)
  File "<frozen importlib._bootstrap_external>", line 999, in exec_module
  File "<frozen importlib._bootstrap>", line 488, in _call_with_frames_removed
  File "/opt/airflow/dags/mar15.py", line 61, in <module>
    print_variable=Pyt
                   ^^^
NameError: name 'Pyt' is not defined
[2026-03-15T09:12:23.629+0000] {processor.py:927} WARNING - No viable dags retrieved from /opt/airflow/dags/mar15.py
[2026-03-15T09:12:23.652+0000] {processor.py:208} INFO - Processing /opt/airflow/dags/mar15.py took 0.048 seconds
[2026-03-15T09:12:24.672+0000] {processor.py:186} INFO - Started process (PID=3751) to work on /opt/airflow/dags/mar15.py
[2026-03-15T09:12:24.674+0000] {processor.py:914} INFO - Processing file /opt/airflow/dags/mar15.py for tasks to queue
[2026-03-15T09:12:24.675+0000] {logging_mixin.py:190} INFO - [2026-03-15T09:12:24.675+0000] {dagbag.py:588} INFO - Filling up the DagBag from /opt/airflow/dags/mar15.py
[2026-03-15T09:12:24.695+0000] {processor.py:925} INFO - DAG(s) 'tasklar' retrieved from /opt/airflow/dags/mar15.py
[2026-03-15T09:12:24.729+0000] {logging_mixin.py:190} INFO - [2026-03-15T09:12:24.728+0000] {dag.py:3239} INFO - Sync 1 DAGs
[2026-03-15T09:12:24.768+0000] {logging_mixin.py:190} INFO - [2026-03-15T09:12:24.767+0000] {dag.py:4180} INFO - Setting next_dagrun for tasklar to 2026-03-15 23:30:00+00:00, run_after=2026-03-16 23:30:00+00:00
[2026-03-15T09:12:24.793+0000] {processor.py:208} INFO - Processing /opt/airflow/dags/mar15.py took 0.129 seconds
[2026-03-15T09:12:32.795+0000] {processor.py:186} INFO - Started process (PID=3767) to work on /opt/airflow/dags/mar15.py
[2026-03-15T09:12:32.805+0000] {processor.py:914} INFO - Processing file /opt/airflow/dags/mar15.py for tasks to queue
[2026-03-15T09:12:32.806+0000] {logging_mixin.py:190} INFO - [2026-03-15T09:12:32.806+0000] {dagbag.py:588} INFO - Filling up the DagBag from /opt/airflow/dags/mar15.py
[2026-03-15T09:12:32.810+0000] {logging_mixin.py:190} INFO - [2026-03-15T09:12:32.808+0000] {dagbag.py:387} ERROR - Failed to import: /opt/airflow/dags/mar15.py
Traceback (most recent call last):
  File "/home/airflow/.local/lib/python3.12/site-packages/airflow/models/dagbag.py", line 383, in parse
    loader.exec_module(new_module)
  File "<frozen importlib._bootstrap_external>", line 995, in exec_module
  File "<frozen importlib._bootstrap_external>", line 1133, in get_code
  File "<frozen importlib._bootstrap_external>", line 1063, in source_to_code
  File "<frozen importlib._bootstrap>", line 488, in _call_with_frames_removed
  File "/opt/airflow/dags/mar15.py", line 62
    task_id='json_read
            ^
SyntaxError: unterminated string literal (detected at line 62)
[2026-03-15T09:12:32.810+0000] {processor.py:927} WARNING - No viable dags retrieved from /opt/airflow/dags/mar15.py
[2026-03-15T09:12:32.834+0000] {processor.py:208} INFO - Processing /opt/airflow/dags/mar15.py took 0.050 seconds
[2026-03-15T09:12:34.887+0000] {processor.py:186} INFO - Started process (PID=3772) to work on /opt/airflow/dags/mar15.py
[2026-03-15T09:12:34.888+0000] {processor.py:914} INFO - Processing file /opt/airflow/dags/mar15.py for tasks to queue
[2026-03-15T09:12:34.889+0000] {logging_mixin.py:190} INFO - [2026-03-15T09:12:34.889+0000] {dagbag.py:588} INFO - Filling up the DagBag from /opt/airflow/dags/mar15.py
[2026-03-15T09:12:34.904+0000] {logging_mixin.py:190} INFO - [2026-03-15T09:12:34.901+0000] {dagbag.py:387} ERROR - Failed to import: /opt/airflow/dags/mar15.py
Traceback (most recent call last):
  File "/home/airflow/.local/lib/python3.12/site-packages/airflow/models/dagbag.py", line 383, in parse
    loader.exec_module(new_module)
  File "<frozen importlib._bootstrap_external>", line 999, in exec_module
  File "<frozen importlib._bootstrap>", line 488, in _call_with_frames_removed
  File "/opt/airflow/dags/mar15.py", line 61, in <module>
    print_variable=PythonOperator(
                   ^^^^^^^^^^^^^^^
  File "/home/airflow/.local/lib/python3.12/site-packages/airflow/models/baseoperator.py", line 491, in apply_defaults
    raise AirflowException(f"missing keyword argument {missing_args.pop()!r}")
airflow.exceptions.AirflowException: missing keyword argument 'python_callable'
[2026-03-15T09:12:34.905+0000] {processor.py:927} WARNING - No viable dags retrieved from /opt/airflow/dags/mar15.py
[2026-03-15T09:12:34.931+0000] {processor.py:208} INFO - Processing /opt/airflow/dags/mar15.py took 0.051 seconds
[2026-03-15T09:12:35.934+0000] {processor.py:186} INFO - Started process (PID=3777) to work on /opt/airflow/dags/mar15.py
[2026-03-15T09:12:35.935+0000] {processor.py:914} INFO - Processing file /opt/airflow/dags/mar15.py for tasks to queue
[2026-03-15T09:12:35.937+0000] {logging_mixin.py:190} INFO - [2026-03-15T09:12:35.936+0000] {dagbag.py:588} INFO - Filling up the DagBag from /opt/airflow/dags/mar15.py
[2026-03-15T09:12:35.949+0000] {logging_mixin.py:190} INFO - [2026-03-15T09:12:35.947+0000] {dagbag.py:387} ERROR - Failed to import: /opt/airflow/dags/mar15.py
Traceback (most recent call last):
  File "/home/airflow/.local/lib/python3.12/site-packages/airflow/models/dagbag.py", line 383, in parse
    loader.exec_module(new_module)
  File "<frozen importlib._bootstrap_external>", line 999, in exec_module
  File "<frozen importlib._bootstrap>", line 488, in _call_with_frames_removed
  File "/opt/airflow/dags/mar15.py", line 61, in <module>
    print_variable=PythonOperator(
                   ^^^^^^^^^^^^^^^
  File "/home/airflow/.local/lib/python3.12/site-packages/airflow/models/baseoperator.py", line 491, in apply_defaults
    raise AirflowException(f"missing keyword argument {missing_args.pop()!r}")
airflow.exceptions.AirflowException: missing keyword argument 'python_callable'
[2026-03-15T09:12:35.949+0000] {processor.py:927} WARNING - No viable dags retrieved from /opt/airflow/dags/mar15.py
[2026-03-15T09:12:35.973+0000] {processor.py:208} INFO - Processing /opt/airflow/dags/mar15.py took 0.050 seconds
[2026-03-15T09:13:06.414+0000] {processor.py:186} INFO - Started process (PID=3798) to work on /opt/airflow/dags/mar15.py
[2026-03-15T09:13:06.415+0000] {processor.py:914} INFO - Processing file /opt/airflow/dags/mar15.py for tasks to queue
[2026-03-15T09:13:06.416+0000] {logging_mixin.py:190} INFO - [2026-03-15T09:13:06.415+0000] {dagbag.py:588} INFO - Filling up the DagBag from /opt/airflow/dags/mar15.py
[2026-03-15T09:13:06.427+0000] {logging_mixin.py:190} INFO - [2026-03-15T09:13:06.425+0000] {dagbag.py:387} ERROR - Failed to import: /opt/airflow/dags/mar15.py
Traceback (most recent call last):
  File "/home/airflow/.local/lib/python3.12/site-packages/airflow/models/dagbag.py", line 383, in parse
    loader.exec_module(new_module)
  File "<frozen importlib._bootstrap_external>", line 999, in exec_module
  File "<frozen importlib._bootstrap>", line 488, in _call_with_frames_removed
  File "/opt/airflow/dags/mar15.py", line 61, in <module>
    print_variable=PythonOperator(
                   ^^^^^^^^^^^^^^^
  File "/home/airflow/.local/lib/python3.12/site-packages/airflow/models/baseoperator.py", line 491, in apply_defaults
    raise AirflowException(f"missing keyword argument {missing_args.pop()!r}")
airflow.exceptions.AirflowException: missing keyword argument 'python_callable'
[2026-03-15T09:13:06.428+0000] {processor.py:927} WARNING - No viable dags retrieved from /opt/airflow/dags/mar15.py
[2026-03-15T09:13:06.452+0000] {processor.py:208} INFO - Processing /opt/airflow/dags/mar15.py took 0.046 seconds
[2026-03-15T09:13:26.729+0000] {processor.py:186} INFO - Started process (PID=3808) to work on /opt/airflow/dags/mar15.py
[2026-03-15T09:13:26.730+0000] {processor.py:914} INFO - Processing file /opt/airflow/dags/mar15.py for tasks to queue
[2026-03-15T09:13:26.731+0000] {logging_mixin.py:190} INFO - [2026-03-15T09:13:26.731+0000] {dagbag.py:588} INFO - Filling up the DagBag from /opt/airflow/dags/mar15.py
[2026-03-15T09:13:26.735+0000] {logging_mixin.py:190} INFO - [2026-03-15T09:13:26.733+0000] {dagbag.py:387} ERROR - Failed to import: /opt/airflow/dags/mar15.py
Traceback (most recent call last):
  File "/home/airflow/.local/lib/python3.12/site-packages/airflow/models/dagbag.py", line 383, in parse
    loader.exec_module(new_module)
  File "<frozen importlib._bootstrap_external>", line 995, in exec_module
  File "<frozen importlib._bootstrap_external>", line 1133, in get_code
  File "<frozen importlib._bootstrap_external>", line 1063, in source_to_code
  File "<frozen importlib._bootstrap>", line 488, in _call_with_frames_removed
  File "/opt/airflow/dags/mar15.py", line 62
    task_id='json_read'
            
SyntaxError: invalid syntax. Perhaps you forgot a comma?
[2026-03-15T09:13:26.735+0000] {processor.py:927} WARNING - No viable dags retrieved from /opt/airflow/dags/mar15.py
[2026-03-15T09:13:26.766+0000] {processor.py:208} INFO - Processing /opt/airflow/dags/mar15.py took 0.043 seconds
[2026-03-15T09:13:31.884+0000] {processor.py:186} INFO - Started process (PID=3825) to work on /opt/airflow/dags/mar15.py
[2026-03-15T09:13:31.885+0000] {processor.py:914} INFO - Processing file /opt/airflow/dags/mar15.py for tasks to queue
[2026-03-15T09:13:31.888+0000] {logging_mixin.py:190} INFO - [2026-03-15T09:13:31.887+0000] {dagbag.py:588} INFO - Filling up the DagBag from /opt/airflow/dags/mar15.py
[2026-03-15T09:13:31.892+0000] {logging_mixin.py:190} INFO - [2026-03-15T09:13:31.891+0000] {dagbag.py:387} ERROR - Failed to import: /opt/airflow/dags/mar15.py
Traceback (most recent call last):
  File "/home/airflow/.local/lib/python3.12/site-packages/airflow/models/dagbag.py", line 383, in parse
    loader.exec_module(new_module)
  File "<frozen importlib._bootstrap_external>", line 995, in exec_module
  File "<frozen importlib._bootstrap_external>", line 1133, in get_code
  File "<frozen importlib._bootstrap_external>", line 1063, in source_to_code
  File "<frozen importlib._bootstrap>", line 488, in _call_with_frames_removed
  File "/opt/airflow/dags/mar15.py", line 62
    task_id='json_read'
            ^^^^^^^
SyntaxError: invalid syntax. Perhaps you forgot a comma?
[2026-03-15T09:13:31.893+0000] {processor.py:927} WARNING - No viable dags retrieved from /opt/airflow/dags/mar15.py
[2026-03-15T09:13:31.919+0000] {processor.py:208} INFO - Processing /opt/airflow/dags/mar15.py took 0.045 seconds
[2026-03-15T09:13:32.975+0000] {processor.py:186} INFO - Started process (PID=3830) to work on /opt/airflow/dags/mar15.py
[2026-03-15T09:13:32.975+0000] {processor.py:914} INFO - Processing file /opt/airflow/dags/mar15.py for tasks to queue
[2026-03-15T09:13:32.977+0000] {logging_mixin.py:190} INFO - [2026-03-15T09:13:32.976+0000] {dagbag.py:588} INFO - Filling up the DagBag from /opt/airflow/dags/mar15.py
[2026-03-15T09:13:32.980+0000] {logging_mixin.py:190} INFO - [2026-03-15T09:13:32.979+0000] {dagbag.py:387} ERROR - Failed to import: /opt/airflow/dags/mar15.py
Traceback (most recent call last):
  File "/home/airflow/.local/lib/python3.12/site-packages/airflow/models/dagbag.py", line 383, in parse
    loader.exec_module(new_module)
  File "<frozen importlib._bootstrap_external>", line 995, in exec_module
  File "<frozen importlib._bootstrap_external>", line 1133, in get_code
  File "<frozen importlib._bootstrap_external>", line 1063, in source_to_code
  File "<frozen importlib._bootstrap>", line 488, in _call_with_frames_removed
  File "/opt/airflow/dags/mar15.py", line 62
    task_id='json_read'
            ^^^^^^^
SyntaxError: invalid syntax. Perhaps you forgot a comma?
[2026-03-15T09:13:32.981+0000] {processor.py:927} WARNING - No viable dags retrieved from /opt/airflow/dags/mar15.py
[2026-03-15T09:13:33.010+0000] {processor.py:208} INFO - Processing /opt/airflow/dags/mar15.py took 0.042 seconds
[2026-03-15T09:13:42.154+0000] {processor.py:186} INFO - Started process (PID=3840) to work on /opt/airflow/dags/mar15.py
[2026-03-15T09:13:42.164+0000] {processor.py:914} INFO - Processing file /opt/airflow/dags/mar15.py for tasks to queue
[2026-03-15T09:13:42.165+0000] {logging_mixin.py:190} INFO - [2026-03-15T09:13:42.165+0000] {dagbag.py:588} INFO - Filling up the DagBag from /opt/airflow/dags/mar15.py
[2026-03-15T09:13:42.169+0000] {logging_mixin.py:190} INFO - [2026-03-15T09:13:42.167+0000] {dagbag.py:387} ERROR - Failed to import: /opt/airflow/dags/mar15.py
Traceback (most recent call last):
  File "/home/airflow/.local/lib/python3.12/site-packages/airflow/models/dagbag.py", line 383, in parse
    loader.exec_module(new_module)
  File "<frozen importlib._bootstrap_external>", line 995, in exec_module
  File "<frozen importlib._bootstrap_external>", line 1133, in get_code
  File "<frozen importlib._bootstrap_external>", line 1063, in source_to_code
  File "<frozen importlib._bootstrap>", line 488, in _call_with_frames_removed
  File "/opt/airflow/dags/mar15.py", line 62
    task_id='json_read'
            ^^^^^^^
SyntaxError: invalid syntax. Perhaps you forgot a comma?
[2026-03-15T09:13:42.169+0000] {processor.py:927} WARNING - No viable dags retrieved from /opt/airflow/dags/mar15.py
[2026-03-15T09:13:42.192+0000] {processor.py:208} INFO - Processing /opt/airflow/dags/mar15.py took 0.046 seconds
[2026-03-15T09:13:46.214+0000] {processor.py:186} INFO - Started process (PID=3845) to work on /opt/airflow/dags/mar15.py
[2026-03-15T09:13:46.216+0000] {processor.py:914} INFO - Processing file /opt/airflow/dags/mar15.py for tasks to queue
[2026-03-15T09:13:46.217+0000] {logging_mixin.py:190} INFO - [2026-03-15T09:13:46.217+0000] {dagbag.py:588} INFO - Filling up the DagBag from /opt/airflow/dags/mar15.py
[2026-03-15T09:13:46.220+0000] {logging_mixin.py:190} INFO - [2026-03-15T09:13:46.219+0000] {dagbag.py:387} ERROR - Failed to import: /opt/airflow/dags/mar15.py
Traceback (most recent call last):
  File "/home/airflow/.local/lib/python3.12/site-packages/airflow/models/dagbag.py", line 383, in parse
    loader.exec_module(new_module)
  File "<frozen importlib._bootstrap_external>", line 995, in exec_module
  File "<frozen importlib._bootstrap_external>", line 1133, in get_code
  File "<frozen importlib._bootstrap_external>", line 1063, in source_to_code
  File "<frozen importlib._bootstrap>", line 488, in _call_with_frames_removed
  File "/opt/airflow/dags/mar15.py", line 62
    task_id='json_read'
            ^^^^^^^
SyntaxError: invalid syntax. Perhaps you forgot a comma?
[2026-03-15T09:13:46.221+0000] {processor.py:927} WARNING - No viable dags retrieved from /opt/airflow/dags/mar15.py
[2026-03-15T09:13:46.249+0000] {processor.py:208} INFO - Processing /opt/airflow/dags/mar15.py took 0.041 seconds
[2026-03-15T09:13:47.279+0000] {processor.py:186} INFO - Started process (PID=3850) to work on /opt/airflow/dags/mar15.py
[2026-03-15T09:13:47.281+0000] {processor.py:914} INFO - Processing file /opt/airflow/dags/mar15.py for tasks to queue
[2026-03-15T09:13:47.282+0000] {logging_mixin.py:190} INFO - [2026-03-15T09:13:47.282+0000] {dagbag.py:588} INFO - Filling up the DagBag from /opt/airflow/dags/mar15.py
[2026-03-15T09:13:47.286+0000] {logging_mixin.py:190} INFO - [2026-03-15T09:13:47.285+0000] {dagbag.py:387} ERROR - Failed to import: /opt/airflow/dags/mar15.py
Traceback (most recent call last):
  File "/home/airflow/.local/lib/python3.12/site-packages/airflow/models/dagbag.py", line 383, in parse
    loader.exec_module(new_module)
  File "<frozen importlib._bootstrap_external>", line 995, in exec_module
  File "<frozen importlib._bootstrap_external>", line 1133, in get_code
  File "<frozen importlib._bootstrap_external>", line 1063, in source_to_code
  File "<frozen importlib._bootstrap>", line 488, in _call_with_frames_removed
  File "/opt/airflow/dags/mar15.py", line 62
    task_id='json_read'
            ^^^^^^^
SyntaxError: invalid syntax. Perhaps you forgot a comma?
[2026-03-15T09:13:47.287+0000] {processor.py:927} WARNING - No viable dags retrieved from /opt/airflow/dags/mar15.py
[2026-03-15T09:13:47.316+0000] {processor.py:208} INFO - Processing /opt/airflow/dags/mar15.py took 0.043 seconds
[2026-03-15T09:14:17.714+0000] {processor.py:186} INFO - Started process (PID=3871) to work on /opt/airflow/dags/mar15.py
[2026-03-15T09:14:17.724+0000] {processor.py:914} INFO - Processing file /opt/airflow/dags/mar15.py for tasks to queue
[2026-03-15T09:14:17.726+0000] {logging_mixin.py:190} INFO - [2026-03-15T09:14:17.725+0000] {dagbag.py:588} INFO - Filling up the DagBag from /opt/airflow/dags/mar15.py
[2026-03-15T09:14:17.730+0000] {logging_mixin.py:190} INFO - [2026-03-15T09:14:17.728+0000] {dagbag.py:387} ERROR - Failed to import: /opt/airflow/dags/mar15.py
Traceback (most recent call last):
  File "/home/airflow/.local/lib/python3.12/site-packages/airflow/models/dagbag.py", line 383, in parse
    loader.exec_module(new_module)
  File "<frozen importlib._bootstrap_external>", line 995, in exec_module
  File "<frozen importlib._bootstrap_external>", line 1133, in get_code
  File "<frozen importlib._bootstrap_external>", line 1063, in source_to_code
  File "<frozen importlib._bootstrap>", line 488, in _call_with_frames_removed
  File "/opt/airflow/dags/mar15.py", line 62
    task_id='json_read'
            ^^^^^^^
SyntaxError: invalid syntax. Perhaps you forgot a comma?
[2026-03-15T09:14:17.731+0000] {processor.py:927} WARNING - No viable dags retrieved from /opt/airflow/dags/mar15.py
[2026-03-15T09:14:17.760+0000] {processor.py:208} INFO - Processing /opt/airflow/dags/mar15.py took 0.056 seconds
[2026-03-15T09:14:26.919+0000] {processor.py:186} INFO - Started process (PID=3876) to work on /opt/airflow/dags/mar15.py
[2026-03-15T09:14:26.920+0000] {processor.py:914} INFO - Processing file /opt/airflow/dags/mar15.py for tasks to queue
[2026-03-15T09:14:26.921+0000] {logging_mixin.py:190} INFO - [2026-03-15T09:14:26.921+0000] {dagbag.py:588} INFO - Filling up the DagBag from /opt/airflow/dags/mar15.py
[2026-03-15T09:14:26.927+0000] {logging_mixin.py:190} INFO - [2026-03-15T09:14:26.925+0000] {dagbag.py:387} ERROR - Failed to import: /opt/airflow/dags/mar15.py
Traceback (most recent call last):
  File "/home/airflow/.local/lib/python3.12/site-packages/airflow/models/dagbag.py", line 383, in parse
    loader.exec_module(new_module)
  File "<frozen importlib._bootstrap_external>", line 995, in exec_module
  File "<frozen importlib._bootstrap_external>", line 1133, in get_code
  File "<frozen importlib._bootstrap_external>", line 1063, in source_to_code
  File "<frozen importlib._bootstrap>", line 488, in _call_with_frames_removed
  File "/opt/airflow/dags/mar15.py", line 62
    task_id='json_read'
            ^^^^^^^
SyntaxError: invalid syntax. Perhaps you forgot a comma?
[2026-03-15T09:14:26.928+0000] {processor.py:927} WARNING - No viable dags retrieved from /opt/airflow/dags/mar15.py
[2026-03-15T09:14:26.958+0000] {processor.py:208} INFO - Processing /opt/airflow/dags/mar15.py took 0.046 seconds
[2026-03-15T09:14:29.020+0000] {processor.py:186} INFO - Started process (PID=3892) to work on /opt/airflow/dags/mar15.py
[2026-03-15T09:14:29.021+0000] {processor.py:914} INFO - Processing file /opt/airflow/dags/mar15.py for tasks to queue
[2026-03-15T09:14:29.022+0000] {logging_mixin.py:190} INFO - [2026-03-15T09:14:29.022+0000] {dagbag.py:588} INFO - Filling up the DagBag from /opt/airflow/dags/mar15.py
[2026-03-15T09:14:29.026+0000] {logging_mixin.py:190} INFO - [2026-03-15T09:14:29.024+0000] {dagbag.py:387} ERROR - Failed to import: /opt/airflow/dags/mar15.py
Traceback (most recent call last):
  File "/home/airflow/.local/lib/python3.12/site-packages/airflow/models/dagbag.py", line 383, in parse
    loader.exec_module(new_module)
  File "<frozen importlib._bootstrap_external>", line 995, in exec_module
  File "<frozen importlib._bootstrap_external>", line 1133, in get_code
  File "<frozen importlib._bootstrap_external>", line 1063, in source_to_code
  File "<frozen importlib._bootstrap>", line 488, in _call_with_frames_removed
  File "/opt/airflow/dags/mar15.py", line 62
    task_id='json_read'
            ^^^^^^^
SyntaxError: invalid syntax. Perhaps you forgot a comma?
[2026-03-15T09:14:29.026+0000] {processor.py:927} WARNING - No viable dags retrieved from /opt/airflow/dags/mar15.py
[2026-03-15T09:14:29.051+0000] {processor.py:208} INFO - Processing /opt/airflow/dags/mar15.py took 0.039 seconds
[2026-03-15T09:14:59.469+0000] {processor.py:186} INFO - Started process (PID=3913) to work on /opt/airflow/dags/mar15.py
[2026-03-15T09:14:59.479+0000] {processor.py:914} INFO - Processing file /opt/airflow/dags/mar15.py for tasks to queue
[2026-03-15T09:14:59.480+0000] {logging_mixin.py:190} INFO - [2026-03-15T09:14:59.480+0000] {dagbag.py:588} INFO - Filling up the DagBag from /opt/airflow/dags/mar15.py
[2026-03-15T09:14:59.484+0000] {logging_mixin.py:190} INFO - [2026-03-15T09:14:59.483+0000] {dagbag.py:387} ERROR - Failed to import: /opt/airflow/dags/mar15.py
Traceback (most recent call last):
  File "/home/airflow/.local/lib/python3.12/site-packages/airflow/models/dagbag.py", line 383, in parse
    loader.exec_module(new_module)
  File "<frozen importlib._bootstrap_external>", line 995, in exec_module
  File "<frozen importlib._bootstrap_external>", line 1133, in get_code
  File "<frozen importlib._bootstrap_external>", line 1063, in source_to_code
  File "<frozen importlib._bootstrap>", line 488, in _call_with_frames_removed
  File "/opt/airflow/dags/mar15.py", line 62
    task_id='json_read'
            ^^^^^^^
SyntaxError: invalid syntax. Perhaps you forgot a comma?
[2026-03-15T09:14:59.484+0000] {processor.py:927} WARNING - No viable dags retrieved from /opt/airflow/dags/mar15.py
[2026-03-15T09:14:59.510+0000] {processor.py:208} INFO - Processing /opt/airflow/dags/mar15.py took 0.052 seconds
[2026-03-15T09:15:29.922+0000] {processor.py:186} INFO - Started process (PID=3934) to work on /opt/airflow/dags/mar15.py
[2026-03-15T09:15:29.931+0000] {processor.py:914} INFO - Processing file /opt/airflow/dags/mar15.py for tasks to queue
[2026-03-15T09:15:29.933+0000] {logging_mixin.py:190} INFO - [2026-03-15T09:15:29.933+0000] {dagbag.py:588} INFO - Filling up the DagBag from /opt/airflow/dags/mar15.py
[2026-03-15T09:15:29.937+0000] {logging_mixin.py:190} INFO - [2026-03-15T09:15:29.935+0000] {dagbag.py:387} ERROR - Failed to import: /opt/airflow/dags/mar15.py
Traceback (most recent call last):
  File "/home/airflow/.local/lib/python3.12/site-packages/airflow/models/dagbag.py", line 383, in parse
    loader.exec_module(new_module)
  File "<frozen importlib._bootstrap_external>", line 995, in exec_module
  File "<frozen importlib._bootstrap_external>", line 1133, in get_code
  File "<frozen importlib._bootstrap_external>", line 1063, in source_to_code
  File "<frozen importlib._bootstrap>", line 488, in _call_with_frames_removed
  File "/opt/airflow/dags/mar15.py", line 62
    task_id='json_read'
            ^^^^^^^
SyntaxError: invalid syntax. Perhaps you forgot a comma?
[2026-03-15T09:15:29.937+0000] {processor.py:927} WARNING - No viable dags retrieved from /opt/airflow/dags/mar15.py
[2026-03-15T09:15:29.962+0000] {processor.py:208} INFO - Processing /opt/airflow/dags/mar15.py took 0.051 seconds
[2026-03-15T09:15:58.348+0000] {processor.py:186} INFO - Started process (PID=3944) to work on /opt/airflow/dags/mar15.py
[2026-03-15T09:15:58.358+0000] {processor.py:914} INFO - Processing file /opt/airflow/dags/mar15.py for tasks to queue
[2026-03-15T09:15:58.360+0000] {logging_mixin.py:190} INFO - [2026-03-15T09:15:58.359+0000] {dagbag.py:588} INFO - Filling up the DagBag from /opt/airflow/dags/mar15.py
[2026-03-15T09:15:58.364+0000] {logging_mixin.py:190} INFO - [2026-03-15T09:15:58.362+0000] {dagbag.py:387} ERROR - Failed to import: /opt/airflow/dags/mar15.py
Traceback (most recent call last):
  File "/home/airflow/.local/lib/python3.12/site-packages/airflow/models/dagbag.py", line 383, in parse
    loader.exec_module(new_module)
  File "<frozen importlib._bootstrap_external>", line 995, in exec_module
  File "<frozen importlib._bootstrap_external>", line 1133, in get_code
  File "<frozen importlib._bootstrap_external>", line 1063, in source_to_code
  File "<frozen importlib._bootstrap>", line 488, in _call_with_frames_removed
  File "/opt/airflow/dags/mar15.py", line 62
    task_id='json_read'
            ^^^^^^^
SyntaxError: invalid syntax. Perhaps you forgot a comma?
[2026-03-15T09:15:58.365+0000] {processor.py:927} WARNING - No viable dags retrieved from /opt/airflow/dags/mar15.py
[2026-03-15T09:15:58.394+0000] {processor.py:208} INFO - Processing /opt/airflow/dags/mar15.py took 0.053 seconds
[2026-03-15T09:16:28.839+0000] {processor.py:186} INFO - Started process (PID=3965) to work on /opt/airflow/dags/mar15.py
[2026-03-15T09:16:28.849+0000] {processor.py:914} INFO - Processing file /opt/airflow/dags/mar15.py for tasks to queue
[2026-03-15T09:16:28.850+0000] {logging_mixin.py:190} INFO - [2026-03-15T09:16:28.850+0000] {dagbag.py:588} INFO - Filling up the DagBag from /opt/airflow/dags/mar15.py
[2026-03-15T09:16:28.854+0000] {logging_mixin.py:190} INFO - [2026-03-15T09:16:28.853+0000] {dagbag.py:387} ERROR - Failed to import: /opt/airflow/dags/mar15.py
Traceback (most recent call last):
  File "/home/airflow/.local/lib/python3.12/site-packages/airflow/models/dagbag.py", line 383, in parse
    loader.exec_module(new_module)
  File "<frozen importlib._bootstrap_external>", line 995, in exec_module
  File "<frozen importlib._bootstrap_external>", line 1133, in get_code
  File "<frozen importlib._bootstrap_external>", line 1063, in source_to_code
  File "<frozen importlib._bootstrap>", line 488, in _call_with_frames_removed
  File "/opt/airflow/dags/mar15.py", line 62
    task_id='json_read'
            ^^^^^^^
SyntaxError: invalid syntax. Perhaps you forgot a comma?
[2026-03-15T09:16:28.855+0000] {processor.py:927} WARNING - No viable dags retrieved from /opt/airflow/dags/mar15.py
[2026-03-15T09:16:28.876+0000] {processor.py:208} INFO - Processing /opt/airflow/dags/mar15.py took 0.047 seconds
[2026-03-15T09:16:57.256+0000] {processor.py:186} INFO - Started process (PID=3986) to work on /opt/airflow/dags/mar15.py
[2026-03-15T09:16:57.266+0000] {processor.py:914} INFO - Processing file /opt/airflow/dags/mar15.py for tasks to queue
[2026-03-15T09:16:57.269+0000] {logging_mixin.py:190} INFO - [2026-03-15T09:16:57.268+0000] {dagbag.py:588} INFO - Filling up the DagBag from /opt/airflow/dags/mar15.py
[2026-03-15T09:16:57.285+0000] {logging_mixin.py:190} INFO - [2026-03-15T09:16:57.283+0000] {dagbag.py:387} ERROR - Failed to import: /opt/airflow/dags/mar15.py
Traceback (most recent call last):
  File "/home/airflow/.local/lib/python3.12/site-packages/airflow/models/dagbag.py", line 383, in parse
    loader.exec_module(new_module)
  File "<frozen importlib._bootstrap_external>", line 999, in exec_module
  File "<frozen importlib._bootstrap>", line 488, in _call_with_frames_removed
  File "/opt/airflow/dags/mar15.py", line 61, in <module>
    print_variable=PythonOperator(
                   ^^^^^^^^^^^^^^^
  File "/home/airflow/.local/lib/python3.12/site-packages/airflow/models/baseoperator.py", line 491, in apply_defaults
    raise AirflowException(f"missing keyword argument {missing_args.pop()!r}")
airflow.exceptions.AirflowException: missing keyword argument 'python_callable'
[2026-03-15T09:16:57.287+0000] {processor.py:927} WARNING - No viable dags retrieved from /opt/airflow/dags/mar15.py
[2026-03-15T09:16:57.314+0000] {processor.py:208} INFO - Processing /opt/airflow/dags/mar15.py took 0.067 seconds
[2026-03-15T09:17:06.448+0000] {processor.py:186} INFO - Started process (PID=4002) to work on /opt/airflow/dags/mar15.py
[2026-03-15T09:17:06.449+0000] {processor.py:914} INFO - Processing file /opt/airflow/dags/mar15.py for tasks to queue
[2026-03-15T09:17:06.450+0000] {logging_mixin.py:190} INFO - [2026-03-15T09:17:06.450+0000] {dagbag.py:588} INFO - Filling up the DagBag from /opt/airflow/dags/mar15.py
[2026-03-15T09:17:06.453+0000] {logging_mixin.py:190} INFO - [2026-03-15T09:17:06.452+0000] {dagbag.py:387} ERROR - Failed to import: /opt/airflow/dags/mar15.py
Traceback (most recent call last):
  File "/home/airflow/.local/lib/python3.12/site-packages/airflow/models/dagbag.py", line 383, in parse
    loader.exec_module(new_module)
  File "<frozen importlib._bootstrap_external>", line 995, in exec_module
  File "<frozen importlib._bootstrap_external>", line 1133, in get_code
  File "<frozen importlib._bootstrap_external>", line 1063, in source_to_code
  File "<frozen importlib._bootstrap>", line 488, in _call_with_frames_removed
  File "/opt/airflow/dags/mar15.py", line 19
    def read_var
                ^
SyntaxError: expected '('
[2026-03-15T09:17:06.454+0000] {processor.py:927} WARNING - No viable dags retrieved from /opt/airflow/dags/mar15.py
[2026-03-15T09:17:06.478+0000] {processor.py:208} INFO - Processing /opt/airflow/dags/mar15.py took 0.036 seconds
[2026-03-15T09:17:11.537+0000] {processor.py:186} INFO - Started process (PID=4007) to work on /opt/airflow/dags/mar15.py
[2026-03-15T09:17:11.539+0000] {processor.py:914} INFO - Processing file /opt/airflow/dags/mar15.py for tasks to queue
[2026-03-15T09:17:11.540+0000] {logging_mixin.py:190} INFO - [2026-03-15T09:17:11.540+0000] {dagbag.py:588} INFO - Filling up the DagBag from /opt/airflow/dags/mar15.py
[2026-03-15T09:17:11.544+0000] {logging_mixin.py:190} INFO - [2026-03-15T09:17:11.542+0000] {dagbag.py:387} ERROR - Failed to import: /opt/airflow/dags/mar15.py
Traceback (most recent call last):
  File "/home/airflow/.local/lib/python3.12/site-packages/airflow/models/dagbag.py", line 383, in parse
    loader.exec_module(new_module)
  File "<frozen importlib._bootstrap_external>", line 995, in exec_module
  File "<frozen importlib._bootstrap_external>", line 1133, in get_code
  File "<frozen importlib._bootstrap_external>", line 1063, in source_to_code
  File "<frozen importlib._bootstrap>", line 488, in _call_with_frames_removed
  File "/opt/airflow/dags/mar15.py", line 23
    with DAG(
    ^^^^
IndentationError: expected an indented block after function definition on line 19
[2026-03-15T09:17:11.544+0000] {processor.py:927} WARNING - No viable dags retrieved from /opt/airflow/dags/mar15.py
[2026-03-15T09:17:11.573+0000] {processor.py:208} INFO - Processing /opt/airflow/dags/mar15.py took 0.042 seconds
[2026-03-15T09:17:18.705+0000] {processor.py:186} INFO - Started process (PID=4017) to work on /opt/airflow/dags/mar15.py
[2026-03-15T09:17:18.715+0000] {processor.py:914} INFO - Processing file /opt/airflow/dags/mar15.py for tasks to queue
[2026-03-15T09:17:18.717+0000] {logging_mixin.py:190} INFO - [2026-03-15T09:17:18.717+0000] {dagbag.py:588} INFO - Filling up the DagBag from /opt/airflow/dags/mar15.py
[2026-03-15T09:17:18.728+0000] {logging_mixin.py:190} INFO - [2026-03-15T09:17:18.727+0000] {dagbag.py:387} ERROR - Failed to import: /opt/airflow/dags/mar15.py
Traceback (most recent call last):
  File "/home/airflow/.local/lib/python3.12/site-packages/airflow/models/dagbag.py", line 383, in parse
    loader.exec_module(new_module)
  File "<frozen importlib._bootstrap_external>", line 999, in exec_module
  File "<frozen importlib._bootstrap>", line 488, in _call_with_frames_removed
  File "/opt/airflow/dags/mar15.py", line 63, in <module>
    print_variable=PythonOperator(
                   ^^^^^^^^^^^^^^^
  File "/home/airflow/.local/lib/python3.12/site-packages/airflow/models/baseoperator.py", line 491, in apply_defaults
    raise AirflowException(f"missing keyword argument {missing_args.pop()!r}")
airflow.exceptions.AirflowException: missing keyword argument 'python_callable'
[2026-03-15T09:17:18.729+0000] {processor.py:927} WARNING - No viable dags retrieved from /opt/airflow/dags/mar15.py
[2026-03-15T09:17:18.752+0000] {processor.py:208} INFO - Processing /opt/airflow/dags/mar15.py took 0.059 seconds
[2026-03-15T09:17:25.861+0000] {processor.py:186} INFO - Started process (PID=4022) to work on /opt/airflow/dags/mar15.py
[2026-03-15T09:17:25.863+0000] {processor.py:914} INFO - Processing file /opt/airflow/dags/mar15.py for tasks to queue
[2026-03-15T09:17:25.865+0000] {logging_mixin.py:190} INFO - [2026-03-15T09:17:25.864+0000] {dagbag.py:588} INFO - Filling up the DagBag from /opt/airflow/dags/mar15.py
[2026-03-15T09:17:25.876+0000] {logging_mixin.py:190} INFO - [2026-03-15T09:17:25.874+0000] {dagbag.py:387} ERROR - Failed to import: /opt/airflow/dags/mar15.py
Traceback (most recent call last):
  File "/home/airflow/.local/lib/python3.12/site-packages/airflow/models/dagbag.py", line 383, in parse
    loader.exec_module(new_module)
  File "<frozen importlib._bootstrap_external>", line 999, in exec_module
  File "<frozen importlib._bootstrap>", line 488, in _call_with_frames_removed
  File "/opt/airflow/dags/mar15.py", line 63, in <module>
    print_variable=PythonOperator(
                   ^^^^^^^^^^^^^^^
  File "/home/airflow/.local/lib/python3.12/site-packages/airflow/models/baseoperator.py", line 491, in apply_defaults
    raise AirflowException(f"missing keyword argument {missing_args.pop()!r}")
airflow.exceptions.AirflowException: missing keyword argument 'python_callable'
[2026-03-15T09:17:25.877+0000] {processor.py:927} WARNING - No viable dags retrieved from /opt/airflow/dags/mar15.py
[2026-03-15T09:17:25.899+0000] {processor.py:208} INFO - Processing /opt/airflow/dags/mar15.py took 0.044 seconds
[2026-03-15T09:17:34.013+0000] {processor.py:186} INFO - Started process (PID=4038) to work on /opt/airflow/dags/mar15.py
[2026-03-15T09:17:34.015+0000] {processor.py:914} INFO - Processing file /opt/airflow/dags/mar15.py for tasks to queue
[2026-03-15T09:17:34.016+0000] {logging_mixin.py:190} INFO - [2026-03-15T09:17:34.015+0000] {dagbag.py:588} INFO - Filling up the DagBag from /opt/airflow/dags/mar15.py
[2026-03-15T09:17:34.029+0000] {logging_mixin.py:190} INFO - [2026-03-15T09:17:34.027+0000] {dagbag.py:387} ERROR - Failed to import: /opt/airflow/dags/mar15.py
Traceback (most recent call last):
  File "/home/airflow/.local/lib/python3.12/site-packages/airflow/models/dagbag.py", line 383, in parse
    loader.exec_module(new_module)
  File "<frozen importlib._bootstrap_external>", line 999, in exec_module
  File "<frozen importlib._bootstrap>", line 488, in _call_with_frames_removed
  File "/opt/airflow/dags/mar15.py", line 63, in <module>
    print_variable=PythonOperator(
                   ^^^^^^^^^^^^^^^
  File "/home/airflow/.local/lib/python3.12/site-packages/airflow/models/baseoperator.py", line 491, in apply_defaults
    raise AirflowException(f"missing keyword argument {missing_args.pop()!r}")
airflow.exceptions.AirflowException: missing keyword argument 'python_callable'
[2026-03-15T09:17:34.030+0000] {processor.py:927} WARNING - No viable dags retrieved from /opt/airflow/dags/mar15.py
[2026-03-15T09:17:34.056+0000] {processor.py:208} INFO - Processing /opt/airflow/dags/mar15.py took 0.055 seconds
[2026-03-15T09:17:38.118+0000] {processor.py:186} INFO - Started process (PID=4043) to work on /opt/airflow/dags/mar15.py
[2026-03-15T09:17:38.119+0000] {processor.py:914} INFO - Processing file /opt/airflow/dags/mar15.py for tasks to queue
[2026-03-15T09:17:38.121+0000] {logging_mixin.py:190} INFO - [2026-03-15T09:17:38.120+0000] {dagbag.py:588} INFO - Filling up the DagBag from /opt/airflow/dags/mar15.py
[2026-03-15T09:17:38.133+0000] {logging_mixin.py:190} INFO - [2026-03-15T09:17:38.130+0000] {dagbag.py:387} ERROR - Failed to import: /opt/airflow/dags/mar15.py
Traceback (most recent call last):
  File "/home/airflow/.local/lib/python3.12/site-packages/airflow/models/dagbag.py", line 383, in parse
    loader.exec_module(new_module)
  File "<frozen importlib._bootstrap_external>", line 999, in exec_module
  File "<frozen importlib._bootstrap>", line 488, in _call_with_frames_removed
  File "/opt/airflow/dags/mar15.py", line 64, in <module>
    print_variable=PythonOperator(
                   ^^^^^^^^^^^^^^^
  File "/home/airflow/.local/lib/python3.12/site-packages/airflow/models/baseoperator.py", line 491, in apply_defaults
    raise AirflowException(f"missing keyword argument {missing_args.pop()!r}")
airflow.exceptions.AirflowException: missing keyword argument 'python_callable'
[2026-03-15T09:17:38.134+0000] {processor.py:927} WARNING - No viable dags retrieved from /opt/airflow/dags/mar15.py
[2026-03-15T09:17:38.159+0000] {processor.py:208} INFO - Processing /opt/airflow/dags/mar15.py took 0.049 seconds
[2026-03-15T09:17:41.201+0000] {processor.py:186} INFO - Started process (PID=4048) to work on /opt/airflow/dags/mar15.py
[2026-03-15T09:17:41.202+0000] {processor.py:914} INFO - Processing file /opt/airflow/dags/mar15.py for tasks to queue
[2026-03-15T09:17:41.204+0000] {logging_mixin.py:190} INFO - [2026-03-15T09:17:41.203+0000] {dagbag.py:588} INFO - Filling up the DagBag from /opt/airflow/dags/mar15.py
[2026-03-15T09:17:41.221+0000] {logging_mixin.py:190} INFO - [2026-03-15T09:17:41.218+0000] {dagbag.py:387} ERROR - Failed to import: /opt/airflow/dags/mar15.py
Traceback (most recent call last):
  File "/home/airflow/.local/lib/python3.12/site-packages/airflow/models/dagbag.py", line 383, in parse
    loader.exec_module(new_module)
  File "<frozen importlib._bootstrap_external>", line 999, in exec_module
  File "<frozen importlib._bootstrap>", line 488, in _call_with_frames_removed
  File "/opt/airflow/dags/mar15.py", line 64, in <module>
    print_variable=PythonOperator(
                   ^^^^^^^^^^^^^^^
  File "/home/airflow/.local/lib/python3.12/site-packages/airflow/models/baseoperator.py", line 491, in apply_defaults
    raise AirflowException(f"missing keyword argument {missing_args.pop()!r}")
airflow.exceptions.AirflowException: missing keyword argument 'python_callable'
[2026-03-15T09:17:41.222+0000] {processor.py:927} WARNING - No viable dags retrieved from /opt/airflow/dags/mar15.py
[2026-03-15T09:17:41.249+0000] {processor.py:208} INFO - Processing /opt/airflow/dags/mar15.py took 0.060 seconds
[2026-03-15T09:17:49.375+0000] {processor.py:186} INFO - Started process (PID=4058) to work on /opt/airflow/dags/mar15.py
[2026-03-15T09:17:49.385+0000] {processor.py:914} INFO - Processing file /opt/airflow/dags/mar15.py for tasks to queue
[2026-03-15T09:17:49.387+0000] {logging_mixin.py:190} INFO - [2026-03-15T09:17:49.387+0000] {dagbag.py:588} INFO - Filling up the DagBag from /opt/airflow/dags/mar15.py
[2026-03-15T09:17:49.399+0000] {logging_mixin.py:190} INFO - [2026-03-15T09:17:49.397+0000] {dagbag.py:387} ERROR - Failed to import: /opt/airflow/dags/mar15.py
Traceback (most recent call last):
  File "/home/airflow/.local/lib/python3.12/site-packages/airflow/models/dagbag.py", line 383, in parse
    loader.exec_module(new_module)
  File "<frozen importlib._bootstrap_external>", line 999, in exec_module
  File "<frozen importlib._bootstrap>", line 488, in _call_with_frames_removed
  File "/opt/airflow/dags/mar15.py", line 64, in <module>
    print_variable=PythonOperator(
                   ^^^^^^^^^^^^^^^
  File "/home/airflow/.local/lib/python3.12/site-packages/airflow/models/baseoperator.py", line 491, in apply_defaults
    raise AirflowException(f"missing keyword argument {missing_args.pop()!r}")
airflow.exceptions.AirflowException: missing keyword argument 'python_callable'
[2026-03-15T09:17:49.400+0000] {processor.py:927} WARNING - No viable dags retrieved from /opt/airflow/dags/mar15.py
[2026-03-15T09:17:49.425+0000] {processor.py:208} INFO - Processing /opt/airflow/dags/mar15.py took 0.056 seconds
[2026-03-15T09:17:51.468+0000] {processor.py:186} INFO - Started process (PID=4063) to work on /opt/airflow/dags/mar15.py
[2026-03-15T09:17:51.470+0000] {processor.py:914} INFO - Processing file /opt/airflow/dags/mar15.py for tasks to queue
[2026-03-15T09:17:51.472+0000] {logging_mixin.py:190} INFO - [2026-03-15T09:17:51.471+0000] {dagbag.py:588} INFO - Filling up the DagBag from /opt/airflow/dags/mar15.py
[2026-03-15T09:17:51.480+0000] {logging_mixin.py:190} INFO - [2026-03-15T09:17:51.478+0000] {dagbag.py:387} ERROR - Failed to import: /opt/airflow/dags/mar15.py
Traceback (most recent call last):
  File "/home/airflow/.local/lib/python3.12/site-packages/airflow/models/dagbag.py", line 383, in parse
    loader.exec_module(new_module)
  File "<frozen importlib._bootstrap_external>", line 995, in exec_module
  File "<frozen importlib._bootstrap_external>", line 1133, in get_code
  File "<frozen importlib._bootstrap_external>", line 1063, in source_to_code
  File "<frozen importlib._bootstrap>", line 488, in _call_with_frames_removed
  File "/opt/airflow/dags/mar15.py", line 65
    task_id='json_read'
            
SyntaxError: invalid syntax. Perhaps you forgot a comma?
[2026-03-15T09:17:51.481+0000] {processor.py:927} WARNING - No viable dags retrieved from /opt/airflow/dags/mar15.py
[2026-03-15T09:17:51.515+0000] {processor.py:208} INFO - Processing /opt/airflow/dags/mar15.py took 0.059 seconds
[2026-03-15T09:17:59.577+0000] {processor.py:186} INFO - Started process (PID=4074) to work on /opt/airflow/dags/mar15.py
[2026-03-15T09:17:59.579+0000] {processor.py:914} INFO - Processing file /opt/airflow/dags/mar15.py for tasks to queue
[2026-03-15T09:17:59.580+0000] {logging_mixin.py:190} INFO - [2026-03-15T09:17:59.579+0000] {dagbag.py:588} INFO - Filling up the DagBag from /opt/airflow/dags/mar15.py
[2026-03-15T09:17:59.583+0000] {logging_mixin.py:190} INFO - [2026-03-15T09:17:59.582+0000] {dagbag.py:387} ERROR - Failed to import: /opt/airflow/dags/mar15.py
Traceback (most recent call last):
  File "/home/airflow/.local/lib/python3.12/site-packages/airflow/models/dagbag.py", line 383, in parse
    loader.exec_module(new_module)
  File "<frozen importlib._bootstrap_external>", line 995, in exec_module
  File "<frozen importlib._bootstrap_external>", line 1133, in get_code
  File "<frozen importlib._bootstrap_external>", line 1063, in source_to_code
  File "<frozen importlib._bootstrap>", line 488, in _call_with_frames_removed
  File "/opt/airflow/dags/mar15.py", line 65
    task_id='json_read'
            ^^^^^^^
SyntaxError: invalid syntax. Perhaps you forgot a comma?
[2026-03-15T09:17:59.584+0000] {processor.py:927} WARNING - No viable dags retrieved from /opt/airflow/dags/mar15.py
[2026-03-15T09:17:59.610+0000] {processor.py:208} INFO - Processing /opt/airflow/dags/mar15.py took 0.040 seconds
[2026-03-15T09:18:00.664+0000] {processor.py:186} INFO - Started process (PID=4079) to work on /opt/airflow/dags/mar15.py
[2026-03-15T09:18:00.665+0000] {processor.py:914} INFO - Processing file /opt/airflow/dags/mar15.py for tasks to queue
[2026-03-15T09:18:00.666+0000] {logging_mixin.py:190} INFO - [2026-03-15T09:18:00.666+0000] {dagbag.py:588} INFO - Filling up the DagBag from /opt/airflow/dags/mar15.py
[2026-03-15T09:18:00.670+0000] {logging_mixin.py:190} INFO - [2026-03-15T09:18:00.669+0000] {dagbag.py:387} ERROR - Failed to import: /opt/airflow/dags/mar15.py
Traceback (most recent call last):
  File "/home/airflow/.local/lib/python3.12/site-packages/airflow/models/dagbag.py", line 383, in parse
    loader.exec_module(new_module)
  File "<frozen importlib._bootstrap_external>", line 995, in exec_module
  File "<frozen importlib._bootstrap_external>", line 1133, in get_code
  File "<frozen importlib._bootstrap_external>", line 1063, in source_to_code
  File "<frozen importlib._bootstrap>", line 488, in _call_with_frames_removed
  File "/opt/airflow/dags/mar15.py", line 65
    task_id='json_read'
            ^^^^^^^
SyntaxError: invalid syntax. Perhaps you forgot a comma?
[2026-03-15T09:18:00.670+0000] {processor.py:927} WARNING - No viable dags retrieved from /opt/airflow/dags/mar15.py
[2026-03-15T09:18:00.697+0000] {processor.py:208} INFO - Processing /opt/airflow/dags/mar15.py took 0.041 seconds
[2026-03-15T09:18:07.814+0000] {processor.py:186} INFO - Started process (PID=4089) to work on /opt/airflow/dags/mar15.py
[2026-03-15T09:18:07.815+0000] {processor.py:914} INFO - Processing file /opt/airflow/dags/mar15.py for tasks to queue
[2026-03-15T09:18:07.816+0000] {logging_mixin.py:190} INFO - [2026-03-15T09:18:07.815+0000] {dagbag.py:588} INFO - Filling up the DagBag from /opt/airflow/dags/mar15.py
[2026-03-15T09:18:07.819+0000] {logging_mixin.py:190} INFO - [2026-03-15T09:18:07.818+0000] {dagbag.py:387} ERROR - Failed to import: /opt/airflow/dags/mar15.py
Traceback (most recent call last):
  File "/home/airflow/.local/lib/python3.12/site-packages/airflow/models/dagbag.py", line 383, in parse
    loader.exec_module(new_module)
  File "<frozen importlib._bootstrap_external>", line 995, in exec_module
  File "<frozen importlib._bootstrap_external>", line 1133, in get_code
  File "<frozen importlib._bootstrap_external>", line 1063, in source_to_code
  File "<frozen importlib._bootstrap>", line 488, in _call_with_frames_removed
  File "/opt/airflow/dags/mar15.py", line 65
    task_id='json_read'
            ^^^^^^^
SyntaxError: invalid syntax. Perhaps you forgot a comma?
[2026-03-15T09:18:07.820+0000] {processor.py:927} WARNING - No viable dags retrieved from /opt/airflow/dags/mar15.py
[2026-03-15T09:18:07.850+0000] {processor.py:208} INFO - Processing /opt/airflow/dags/mar15.py took 0.043 seconds
[2026-03-15T09:18:23.153+0000] {processor.py:186} INFO - Started process (PID=4099) to work on /opt/airflow/dags/mar15.py
[2026-03-15T09:18:23.154+0000] {processor.py:914} INFO - Processing file /opt/airflow/dags/mar15.py for tasks to queue
[2026-03-15T09:18:23.155+0000] {logging_mixin.py:190} INFO - [2026-03-15T09:18:23.154+0000] {dagbag.py:588} INFO - Filling up the DagBag from /opt/airflow/dags/mar15.py
[2026-03-15T09:18:23.168+0000] {logging_mixin.py:190} INFO - [2026-03-15T09:18:23.167+0000] {dagbag.py:387} ERROR - Failed to import: /opt/airflow/dags/mar15.py
Traceback (most recent call last):
  File "/home/airflow/.local/lib/python3.12/site-packages/airflow/models/dagbag.py", line 383, in parse
    loader.exec_module(new_module)
  File "<frozen importlib._bootstrap_external>", line 999, in exec_module
  File "<frozen importlib._bootstrap>", line 488, in _call_with_frames_removed
  File "/opt/airflow/dags/mar15.py", line 64, in <module>
    print_variable=PythonOperator(
                   ^^^^^^^^^^^^^^^
  File "/home/airflow/.local/lib/python3.12/site-packages/airflow/models/baseoperator.py", line 491, in apply_defaults
    raise AirflowException(f"missing keyword argument {missing_args.pop()!r}")
airflow.exceptions.AirflowException: missing keyword argument 'python_callable'
[2026-03-15T09:18:23.169+0000] {processor.py:927} WARNING - No viable dags retrieved from /opt/airflow/dags/mar15.py
[2026-03-15T09:18:23.196+0000] {processor.py:208} INFO - Processing /opt/airflow/dags/mar15.py took 0.051 seconds
[2026-03-15T09:18:53.587+0000] {processor.py:186} INFO - Started process (PID=4120) to work on /opt/airflow/dags/mar15.py
[2026-03-15T09:18:53.597+0000] {processor.py:914} INFO - Processing file /opt/airflow/dags/mar15.py for tasks to queue
[2026-03-15T09:18:53.600+0000] {logging_mixin.py:190} INFO - [2026-03-15T09:18:53.599+0000] {dagbag.py:588} INFO - Filling up the DagBag from /opt/airflow/dags/mar15.py
[2026-03-15T09:18:53.619+0000] {logging_mixin.py:190} INFO - [2026-03-15T09:18:53.617+0000] {dagbag.py:387} ERROR - Failed to import: /opt/airflow/dags/mar15.py
Traceback (most recent call last):
  File "/home/airflow/.local/lib/python3.12/site-packages/airflow/models/dagbag.py", line 383, in parse
    loader.exec_module(new_module)
  File "<frozen importlib._bootstrap_external>", line 999, in exec_module
  File "<frozen importlib._bootstrap>", line 488, in _call_with_frames_removed
  File "/opt/airflow/dags/mar15.py", line 64, in <module>
    print_variable=PythonOperator(
                   ^^^^^^^^^^^^^^^
  File "/home/airflow/.local/lib/python3.12/site-packages/airflow/models/baseoperator.py", line 491, in apply_defaults
    raise AirflowException(f"missing keyword argument {missing_args.pop()!r}")
airflow.exceptions.AirflowException: missing keyword argument 'python_callable'
[2026-03-15T09:18:53.620+0000] {processor.py:927} WARNING - No viable dags retrieved from /opt/airflow/dags/mar15.py
[2026-03-15T09:18:53.648+0000] {processor.py:208} INFO - Processing /opt/airflow/dags/mar15.py took 0.068 seconds
[2026-03-15T09:19:24.067+0000] {processor.py:186} INFO - Started process (PID=4141) to work on /opt/airflow/dags/mar15.py
[2026-03-15T09:19:24.077+0000] {processor.py:914} INFO - Processing file /opt/airflow/dags/mar15.py for tasks to queue
[2026-03-15T09:19:24.078+0000] {logging_mixin.py:190} INFO - [2026-03-15T09:19:24.078+0000] {dagbag.py:588} INFO - Filling up the DagBag from /opt/airflow/dags/mar15.py
[2026-03-15T09:19:24.089+0000] {logging_mixin.py:190} INFO - [2026-03-15T09:19:24.088+0000] {dagbag.py:387} ERROR - Failed to import: /opt/airflow/dags/mar15.py
Traceback (most recent call last):
  File "/home/airflow/.local/lib/python3.12/site-packages/airflow/models/dagbag.py", line 383, in parse
    loader.exec_module(new_module)
  File "<frozen importlib._bootstrap_external>", line 999, in exec_module
  File "<frozen importlib._bootstrap>", line 488, in _call_with_frames_removed
  File "/opt/airflow/dags/mar15.py", line 64, in <module>
    print_variable=PythonOperator(
                   ^^^^^^^^^^^^^^^
  File "/home/airflow/.local/lib/python3.12/site-packages/airflow/models/baseoperator.py", line 491, in apply_defaults
    raise AirflowException(f"missing keyword argument {missing_args.pop()!r}")
airflow.exceptions.AirflowException: missing keyword argument 'python_callable'
[2026-03-15T09:19:24.090+0000] {processor.py:927} WARNING - No viable dags retrieved from /opt/airflow/dags/mar15.py
[2026-03-15T09:19:24.114+0000] {processor.py:208} INFO - Processing /opt/airflow/dags/mar15.py took 0.057 seconds
[2026-03-15T09:19:28.209+0000] {processor.py:186} INFO - Started process (PID=4146) to work on /opt/airflow/dags/mar15.py
[2026-03-15T09:19:28.210+0000] {processor.py:914} INFO - Processing file /opt/airflow/dags/mar15.py for tasks to queue
[2026-03-15T09:19:28.212+0000] {logging_mixin.py:190} INFO - [2026-03-15T09:19:28.212+0000] {dagbag.py:588} INFO - Filling up the DagBag from /opt/airflow/dags/mar15.py
[2026-03-15T09:19:28.226+0000] {logging_mixin.py:190} INFO - [2026-03-15T09:19:28.224+0000] {dagbag.py:387} ERROR - Failed to import: /opt/airflow/dags/mar15.py
Traceback (most recent call last):
  File "/home/airflow/.local/lib/python3.12/site-packages/airflow/models/dagbag.py", line 383, in parse
    loader.exec_module(new_module)
  File "<frozen importlib._bootstrap_external>", line 999, in exec_module
  File "<frozen importlib._bootstrap>", line 488, in _call_with_frames_removed
  File "/opt/airflow/dags/mar15.py", line 64, in <module>
    print_variable=PythonOperator(
                   ^^^^^^^^^^^^^^^
  File "/home/airflow/.local/lib/python3.12/site-packages/airflow/models/baseoperator.py", line 491, in apply_defaults
    raise AirflowException(f"missing keyword argument {missing_args.pop()!r}")
airflow.exceptions.AirflowException: missing keyword argument 'python_callable'
[2026-03-15T09:19:28.227+0000] {processor.py:927} WARNING - No viable dags retrieved from /opt/airflow/dags/mar15.py
[2026-03-15T09:19:28.256+0000] {processor.py:208} INFO - Processing /opt/airflow/dags/mar15.py took 0.060 seconds
[2026-03-15T09:19:50.541+0000] {processor.py:186} INFO - Started process (PID=4168) to work on /opt/airflow/dags/mar15.py
[2026-03-15T09:19:50.551+0000] {processor.py:914} INFO - Processing file /opt/airflow/dags/mar15.py for tasks to queue
[2026-03-15T09:19:50.553+0000] {logging_mixin.py:190} INFO - [2026-03-15T09:19:50.553+0000] {dagbag.py:588} INFO - Filling up the DagBag from /opt/airflow/dags/mar15.py
[2026-03-15T09:19:50.567+0000] {logging_mixin.py:190} INFO - [2026-03-15T09:19:50.565+0000] {dagbag.py:387} ERROR - Failed to import: /opt/airflow/dags/mar15.py
Traceback (most recent call last):
  File "/home/airflow/.local/lib/python3.12/site-packages/airflow/models/dagbag.py", line 383, in parse
    loader.exec_module(new_module)
  File "<frozen importlib._bootstrap_external>", line 999, in exec_module
  File "<frozen importlib._bootstrap>", line 488, in _call_with_frames_removed
  File "/opt/airflow/dags/mar15.py", line 64, in <module>
    print_variable=PythonOperator(
                   ^^^^^^^^^^^^^^^
  File "/home/airflow/.local/lib/python3.12/site-packages/airflow/models/baseoperator.py", line 491, in apply_defaults
    raise AirflowException(f"missing keyword argument {missing_args.pop()!r}")
airflow.exceptions.AirflowException: missing keyword argument 'python_callable'
[2026-03-15T09:19:50.568+0000] {processor.py:927} WARNING - No viable dags retrieved from /opt/airflow/dags/mar15.py
[2026-03-15T09:19:50.601+0000] {processor.py:208} INFO - Processing /opt/airflow/dags/mar15.py took 0.067 seconds
[2026-03-15T09:19:51.570+0000] {processor.py:186} INFO - Started process (PID=4173) to work on /opt/airflow/dags/mar15.py
[2026-03-15T09:19:51.571+0000] {processor.py:914} INFO - Processing file /opt/airflow/dags/mar15.py for tasks to queue
[2026-03-15T09:19:51.573+0000] {logging_mixin.py:190} INFO - [2026-03-15T09:19:51.573+0000] {dagbag.py:588} INFO - Filling up the DagBag from /opt/airflow/dags/mar15.py
[2026-03-15T09:19:51.589+0000] {processor.py:925} INFO - DAG(s) 'tasklar' retrieved from /opt/airflow/dags/mar15.py
[2026-03-15T09:19:51.988+0000] {logging_mixin.py:190} INFO - [2026-03-15T09:19:51.988+0000] {dag.py:3239} INFO - Sync 1 DAGs
[2026-03-15T09:19:52.022+0000] {logging_mixin.py:190} INFO - [2026-03-15T09:19:52.022+0000] {dag.py:4180} INFO - Setting next_dagrun for tasklar to 2026-03-15 23:30:00+00:00, run_after=2026-03-16 23:30:00+00:00
[2026-03-15T09:19:52.054+0000] {processor.py:208} INFO - Processing /opt/airflow/dags/mar15.py took 0.491 seconds
[2026-03-15T09:20:22.146+0000] {processor.py:186} INFO - Started process (PID=4204) to work on /opt/airflow/dags/mar15.py
[2026-03-15T09:20:22.155+0000] {processor.py:914} INFO - Processing file /opt/airflow/dags/mar15.py for tasks to queue
[2026-03-15T09:20:22.158+0000] {logging_mixin.py:190} INFO - [2026-03-15T09:20:22.157+0000] {dagbag.py:588} INFO - Filling up the DagBag from /opt/airflow/dags/mar15.py
[2026-03-15T09:20:22.171+0000] {processor.py:925} INFO - DAG(s) 'tasklar' retrieved from /opt/airflow/dags/mar15.py
[2026-03-15T09:20:22.205+0000] {logging_mixin.py:190} INFO - [2026-03-15T09:20:22.205+0000] {dag.py:3239} INFO - Sync 1 DAGs
[2026-03-15T09:20:22.237+0000] {logging_mixin.py:190} INFO - [2026-03-15T09:20:22.237+0000] {dag.py:4180} INFO - Setting next_dagrun for tasklar to 2026-03-15 23:30:00+00:00, run_after=2026-03-16 23:30:00+00:00
[2026-03-15T09:20:22.261+0000] {processor.py:208} INFO - Processing /opt/airflow/dags/mar15.py took 0.126 seconds
[2026-03-15T09:20:52.549+0000] {processor.py:186} INFO - Started process (PID=4225) to work on /opt/airflow/dags/mar15.py
[2026-03-15T09:20:52.559+0000] {processor.py:914} INFO - Processing file /opt/airflow/dags/mar15.py for tasks to queue
[2026-03-15T09:20:52.561+0000] {logging_mixin.py:190} INFO - [2026-03-15T09:20:52.561+0000] {dagbag.py:588} INFO - Filling up the DagBag from /opt/airflow/dags/mar15.py
[2026-03-15T09:20:52.578+0000] {processor.py:925} INFO - DAG(s) 'tasklar' retrieved from /opt/airflow/dags/mar15.py
[2026-03-15T09:20:52.615+0000] {logging_mixin.py:190} INFO - [2026-03-15T09:20:52.615+0000] {dag.py:3239} INFO - Sync 1 DAGs
[2026-03-15T09:20:52.657+0000] {logging_mixin.py:190} INFO - [2026-03-15T09:20:52.657+0000] {dag.py:4180} INFO - Setting next_dagrun for tasklar to 2026-03-15 23:30:00+00:00, run_after=2026-03-16 23:30:00+00:00
[2026-03-15T09:20:52.690+0000] {processor.py:208} INFO - Processing /opt/airflow/dags/mar15.py took 0.151 seconds
[2026-03-15T09:21:23.033+0000] {processor.py:186} INFO - Started process (PID=4246) to work on /opt/airflow/dags/mar15.py
[2026-03-15T09:21:23.043+0000] {processor.py:914} INFO - Processing file /opt/airflow/dags/mar15.py for tasks to queue
[2026-03-15T09:21:23.045+0000] {logging_mixin.py:190} INFO - [2026-03-15T09:21:23.045+0000] {dagbag.py:588} INFO - Filling up the DagBag from /opt/airflow/dags/mar15.py
[2026-03-15T09:21:23.061+0000] {processor.py:925} INFO - DAG(s) 'tasklar' retrieved from /opt/airflow/dags/mar15.py
[2026-03-15T09:21:23.094+0000] {logging_mixin.py:190} INFO - [2026-03-15T09:21:23.094+0000] {dag.py:3239} INFO - Sync 1 DAGs
[2026-03-15T09:21:23.130+0000] {logging_mixin.py:190} INFO - [2026-03-15T09:21:23.130+0000] {dag.py:4180} INFO - Setting next_dagrun for tasklar to 2026-03-15 23:30:00+00:00, run_after=2026-03-16 23:30:00+00:00
[2026-03-15T09:21:23.153+0000] {processor.py:208} INFO - Processing /opt/airflow/dags/mar15.py took 0.127 seconds
[2026-03-15T09:21:53.584+0000] {processor.py:186} INFO - Started process (PID=4267) to work on /opt/airflow/dags/mar15.py
[2026-03-15T09:21:53.594+0000] {processor.py:914} INFO - Processing file /opt/airflow/dags/mar15.py for tasks to queue
[2026-03-15T09:21:53.596+0000] {logging_mixin.py:190} INFO - [2026-03-15T09:21:53.596+0000] {dagbag.py:588} INFO - Filling up the DagBag from /opt/airflow/dags/mar15.py
[2026-03-15T09:21:53.608+0000] {processor.py:925} INFO - DAG(s) 'tasklar' retrieved from /opt/airflow/dags/mar15.py
[2026-03-15T09:21:53.639+0000] {logging_mixin.py:190} INFO - [2026-03-15T09:21:53.639+0000] {dag.py:3239} INFO - Sync 1 DAGs
[2026-03-15T09:21:53.673+0000] {logging_mixin.py:190} INFO - [2026-03-15T09:21:53.672+0000] {dag.py:4180} INFO - Setting next_dagrun for tasklar to 2026-03-15 23:30:00+00:00, run_after=2026-03-16 23:30:00+00:00
[2026-03-15T09:21:53.695+0000] {processor.py:208} INFO - Processing /opt/airflow/dags/mar15.py took 0.119 seconds
[2026-03-15T09:22:24.101+0000] {processor.py:186} INFO - Started process (PID=4288) to work on /opt/airflow/dags/mar15.py
[2026-03-15T09:22:24.111+0000] {processor.py:914} INFO - Processing file /opt/airflow/dags/mar15.py for tasks to queue
[2026-03-15T09:22:24.113+0000] {logging_mixin.py:190} INFO - [2026-03-15T09:22:24.112+0000] {dagbag.py:588} INFO - Filling up the DagBag from /opt/airflow/dags/mar15.py
[2026-03-15T09:22:24.127+0000] {processor.py:925} INFO - DAG(s) 'tasklar' retrieved from /opt/airflow/dags/mar15.py
[2026-03-15T09:22:24.160+0000] {logging_mixin.py:190} INFO - [2026-03-15T09:22:24.159+0000] {dag.py:3239} INFO - Sync 1 DAGs
[2026-03-15T09:22:24.194+0000] {logging_mixin.py:190} INFO - [2026-03-15T09:22:24.194+0000] {dag.py:4180} INFO - Setting next_dagrun for tasklar to 2026-03-15 23:30:00+00:00, run_after=2026-03-16 23:30:00+00:00
[2026-03-15T09:22:24.215+0000] {processor.py:208} INFO - Processing /opt/airflow/dags/mar15.py took 0.121 seconds
[2026-03-15T09:22:54.612+0000] {processor.py:186} INFO - Started process (PID=4309) to work on /opt/airflow/dags/mar15.py
[2026-03-15T09:22:54.614+0000] {processor.py:914} INFO - Processing file /opt/airflow/dags/mar15.py for tasks to queue
[2026-03-15T09:22:54.617+0000] {logging_mixin.py:190} INFO - [2026-03-15T09:22:54.616+0000] {dagbag.py:588} INFO - Filling up the DagBag from /opt/airflow/dags/mar15.py
[2026-03-15T09:22:54.636+0000] {processor.py:925} INFO - DAG(s) 'tasklar' retrieved from /opt/airflow/dags/mar15.py
[2026-03-15T09:22:54.674+0000] {logging_mixin.py:190} INFO - [2026-03-15T09:22:54.674+0000] {dag.py:3239} INFO - Sync 1 DAGs
[2026-03-15T09:22:54.708+0000] {logging_mixin.py:190} INFO - [2026-03-15T09:22:54.708+0000] {dag.py:4180} INFO - Setting next_dagrun for tasklar to 2026-03-15 23:30:00+00:00, run_after=2026-03-16 23:30:00+00:00
[2026-03-15T09:22:54.733+0000] {processor.py:208} INFO - Processing /opt/airflow/dags/mar15.py took 0.130 seconds
