[2026-03-24T17:00:36.536+0000] {processor.py:186} INFO - Started process (PID=29796) to work on /opt/airflow/dags/connect_to_minio.py
[2026-03-24T17:00:36.537+0000] {processor.py:914} INFO - Processing file /opt/airflow/dags/connect_to_minio.py for tasks to queue
[2026-03-24T17:00:36.542+0000] {logging_mixin.py:190} INFO - [2026-03-24T17:00:36.541+0000] {dagbag.py:588} INFO - Filling up the DagBag from /opt/airflow/dags/connect_to_minio.py
[2026-03-24T17:00:36.585+0000] {logging_mixin.py:190} INFO - [2026-03-24T17:00:36.583+0000] {dagbag.py:387} ERROR - Failed to import: /opt/airflow/dags/connect_to_minio.py
Traceback (most recent call last):
  File "/home/airflow/.local/lib/python3.12/site-packages/airflow/models/dagbag.py", line 383, in parse
    loader.exec_module(new_module)
  File "<frozen importlib._bootstrap_external>", line 999, in exec_module
  File "<frozen importlib._bootstrap>", line 488, in _call_with_frames_removed
  File "/opt/airflow/dags/connect_to_minio.py", line 42, in <module>
    repo_links=get_link();
               ^^^^^^^^^^
  File "/opt/airflow/dags/connect_to_minio.py", line 4, in get_link
    repo_links=Variable.get("LINKS",deserialize_json=True)
               ^^^^^^^^^^^^^^^^^^^^^^^^^^^^^^^^^^^^^^^^^^^
  File "/home/airflow/.local/lib/python3.12/site-packages/airflow/models/variable.py", line 145, in get
    raise KeyError(f"Variable {key} does not exist")
KeyError: 'Variable LINKS does not exist'
[2026-03-24T17:00:36.587+0000] {processor.py:927} WARNING - No viable dags retrieved from /opt/airflow/dags/connect_to_minio.py
[2026-03-24T17:00:36.604+0000] {processor.py:208} INFO - Processing /opt/airflow/dags/connect_to_minio.py took 0.081 seconds
[2026-03-24T17:01:07.602+0000] {processor.py:186} INFO - Started process (PID=29839) to work on /opt/airflow/dags/connect_to_minio.py
[2026-03-24T17:01:07.603+0000] {processor.py:914} INFO - Processing file /opt/airflow/dags/connect_to_minio.py for tasks to queue
[2026-03-24T17:01:07.611+0000] {logging_mixin.py:190} INFO - [2026-03-24T17:01:07.610+0000] {dagbag.py:588} INFO - Filling up the DagBag from /opt/airflow/dags/connect_to_minio.py
[2026-03-24T17:01:07.677+0000] {logging_mixin.py:190} INFO - [2026-03-24T17:01:07.674+0000] {dagbag.py:387} ERROR - Failed to import: /opt/airflow/dags/connect_to_minio.py
Traceback (most recent call last):
  File "/home/airflow/.local/lib/python3.12/site-packages/airflow/models/dagbag.py", line 383, in parse
    loader.exec_module(new_module)
  File "<frozen importlib._bootstrap_external>", line 999, in exec_module
  File "<frozen importlib._bootstrap>", line 488, in _call_with_frames_removed
  File "/opt/airflow/dags/connect_to_minio.py", line 42, in <module>
    repo_links=get_link();
               ^^^^^^^^^^
  File "/opt/airflow/dags/connect_to_minio.py", line 4, in get_link
    repo_links=Variable.get("LINKS",deserialize_json=True)
               ^^^^^^^^^^^^^^^^^^^^^^^^^^^^^^^^^^^^^^^^^^^
  File "/home/airflow/.local/lib/python3.12/site-packages/airflow/models/variable.py", line 145, in get
    raise KeyError(f"Variable {key} does not exist")
KeyError: 'Variable LINKS does not exist'
[2026-03-24T17:01:07.679+0000] {processor.py:927} WARNING - No viable dags retrieved from /opt/airflow/dags/connect_to_minio.py
[2026-03-24T17:01:07.715+0000] {processor.py:208} INFO - Processing /opt/airflow/dags/connect_to_minio.py took 0.142 seconds
[2026-03-24T17:01:38.745+0000] {processor.py:186} INFO - Started process (PID=29878) to work on /opt/airflow/dags/connect_to_minio.py
[2026-03-24T17:01:38.746+0000] {processor.py:914} INFO - Processing file /opt/airflow/dags/connect_to_minio.py for tasks to queue
[2026-03-24T17:01:38.752+0000] {logging_mixin.py:190} INFO - [2026-03-24T17:01:38.751+0000] {dagbag.py:588} INFO - Filling up the DagBag from /opt/airflow/dags/connect_to_minio.py
[2026-03-24T17:01:38.798+0000] {logging_mixin.py:190} INFO - [2026-03-24T17:01:38.795+0000] {dagbag.py:387} ERROR - Failed to import: /opt/airflow/dags/connect_to_minio.py
Traceback (most recent call last):
  File "/home/airflow/.local/lib/python3.12/site-packages/airflow/models/dagbag.py", line 383, in parse
    loader.exec_module(new_module)
  File "<frozen importlib._bootstrap_external>", line 999, in exec_module
  File "<frozen importlib._bootstrap>", line 488, in _call_with_frames_removed
  File "/opt/airflow/dags/connect_to_minio.py", line 42, in <module>
    repo_links=get_link();
               ^^^^^^^^^^
  File "/opt/airflow/dags/connect_to_minio.py", line 4, in get_link
    repo_links=Variable.get("LINKS",deserialize_json=True)
               ^^^^^^^^^^^^^^^^^^^^^^^^^^^^^^^^^^^^^^^^^^^
  File "/home/airflow/.local/lib/python3.12/site-packages/airflow/models/variable.py", line 145, in get
    raise KeyError(f"Variable {key} does not exist")
KeyError: 'Variable LINKS does not exist'
[2026-03-24T17:01:38.799+0000] {processor.py:927} WARNING - No viable dags retrieved from /opt/airflow/dags/connect_to_minio.py
[2026-03-24T17:01:38.826+0000] {processor.py:208} INFO - Processing /opt/airflow/dags/connect_to_minio.py took 0.098 seconds
[2026-03-24T17:02:09.742+0000] {processor.py:186} INFO - Started process (PID=29920) to work on /opt/airflow/dags/connect_to_minio.py
[2026-03-24T17:02:09.744+0000] {processor.py:914} INFO - Processing file /opt/airflow/dags/connect_to_minio.py for tasks to queue
[2026-03-24T17:02:09.748+0000] {logging_mixin.py:190} INFO - [2026-03-24T17:02:09.747+0000] {dagbag.py:588} INFO - Filling up the DagBag from /opt/airflow/dags/connect_to_minio.py
[2026-03-24T17:02:09.787+0000] {logging_mixin.py:190} INFO - [2026-03-24T17:02:09.784+0000] {dagbag.py:387} ERROR - Failed to import: /opt/airflow/dags/connect_to_minio.py
Traceback (most recent call last):
  File "/home/airflow/.local/lib/python3.12/site-packages/airflow/models/dagbag.py", line 383, in parse
    loader.exec_module(new_module)
  File "<frozen importlib._bootstrap_external>", line 999, in exec_module
  File "<frozen importlib._bootstrap>", line 488, in _call_with_frames_removed
  File "/opt/airflow/dags/connect_to_minio.py", line 42, in <module>
    repo_links=get_link();
               ^^^^^^^^^^
  File "/opt/airflow/dags/connect_to_minio.py", line 4, in get_link
    repo_links=Variable.get("LINKS",deserialize_json=True)
               ^^^^^^^^^^^^^^^^^^^^^^^^^^^^^^^^^^^^^^^^^^^
  File "/home/airflow/.local/lib/python3.12/site-packages/airflow/models/variable.py", line 145, in get
    raise KeyError(f"Variable {key} does not exist")
KeyError: 'Variable LINKS does not exist'
[2026-03-24T17:02:09.788+0000] {processor.py:927} WARNING - No viable dags retrieved from /opt/airflow/dags/connect_to_minio.py
[2026-03-24T17:02:09.807+0000] {processor.py:208} INFO - Processing /opt/airflow/dags/connect_to_minio.py took 0.075 seconds
[2026-03-24T17:02:40.729+0000] {processor.py:186} INFO - Started process (PID=29963) to work on /opt/airflow/dags/connect_to_minio.py
[2026-03-24T17:02:40.731+0000] {processor.py:914} INFO - Processing file /opt/airflow/dags/connect_to_minio.py for tasks to queue
[2026-03-24T17:02:40.734+0000] {logging_mixin.py:190} INFO - [2026-03-24T17:02:40.733+0000] {dagbag.py:588} INFO - Filling up the DagBag from /opt/airflow/dags/connect_to_minio.py
[2026-03-24T17:02:40.770+0000] {logging_mixin.py:190} INFO - [2026-03-24T17:02:40.768+0000] {dagbag.py:387} ERROR - Failed to import: /opt/airflow/dags/connect_to_minio.py
Traceback (most recent call last):
  File "/home/airflow/.local/lib/python3.12/site-packages/airflow/models/dagbag.py", line 383, in parse
    loader.exec_module(new_module)
  File "<frozen importlib._bootstrap_external>", line 999, in exec_module
  File "<frozen importlib._bootstrap>", line 488, in _call_with_frames_removed
  File "/opt/airflow/dags/connect_to_minio.py", line 42, in <module>
    repo_links=get_link();
               ^^^^^^^^^^
  File "/opt/airflow/dags/connect_to_minio.py", line 4, in get_link
    repo_links=Variable.get("LINKS",deserialize_json=True)
               ^^^^^^^^^^^^^^^^^^^^^^^^^^^^^^^^^^^^^^^^^^^
  File "/home/airflow/.local/lib/python3.12/site-packages/airflow/models/variable.py", line 145, in get
    raise KeyError(f"Variable {key} does not exist")
KeyError: 'Variable LINKS does not exist'
[2026-03-24T17:02:40.771+0000] {processor.py:927} WARNING - No viable dags retrieved from /opt/airflow/dags/connect_to_minio.py
[2026-03-24T17:02:40.786+0000] {processor.py:208} INFO - Processing /opt/airflow/dags/connect_to_minio.py took 0.068 seconds
[2026-03-24T17:03:11.644+0000] {processor.py:186} INFO - Started process (PID=30002) to work on /opt/airflow/dags/connect_to_minio.py
[2026-03-24T17:03:11.646+0000] {processor.py:914} INFO - Processing file /opt/airflow/dags/connect_to_minio.py for tasks to queue
[2026-03-24T17:03:11.650+0000] {logging_mixin.py:190} INFO - [2026-03-24T17:03:11.649+0000] {dagbag.py:588} INFO - Filling up the DagBag from /opt/airflow/dags/connect_to_minio.py
[2026-03-24T17:03:11.689+0000] {logging_mixin.py:190} INFO - [2026-03-24T17:03:11.686+0000] {dagbag.py:387} ERROR - Failed to import: /opt/airflow/dags/connect_to_minio.py
Traceback (most recent call last):
  File "/home/airflow/.local/lib/python3.12/site-packages/airflow/models/dagbag.py", line 383, in parse
    loader.exec_module(new_module)
  File "<frozen importlib._bootstrap_external>", line 999, in exec_module
  File "<frozen importlib._bootstrap>", line 488, in _call_with_frames_removed
  File "/opt/airflow/dags/connect_to_minio.py", line 42, in <module>
    repo_links=get_link();
               ^^^^^^^^^^
  File "/opt/airflow/dags/connect_to_minio.py", line 4, in get_link
    repo_links=Variable.get("LINKS",deserialize_json=True)
               ^^^^^^^^^^^^^^^^^^^^^^^^^^^^^^^^^^^^^^^^^^^
  File "/home/airflow/.local/lib/python3.12/site-packages/airflow/models/variable.py", line 145, in get
    raise KeyError(f"Variable {key} does not exist")
KeyError: 'Variable LINKS does not exist'
[2026-03-24T17:03:11.690+0000] {processor.py:927} WARNING - No viable dags retrieved from /opt/airflow/dags/connect_to_minio.py
[2026-03-24T17:03:11.710+0000] {processor.py:208} INFO - Processing /opt/airflow/dags/connect_to_minio.py took 0.077 seconds
[2026-03-24T17:03:42.617+0000] {processor.py:186} INFO - Started process (PID=30043) to work on /opt/airflow/dags/connect_to_minio.py
[2026-03-24T17:03:42.618+0000] {processor.py:914} INFO - Processing file /opt/airflow/dags/connect_to_minio.py for tasks to queue
[2026-03-24T17:03:42.622+0000] {logging_mixin.py:190} INFO - [2026-03-24T17:03:42.622+0000] {dagbag.py:588} INFO - Filling up the DagBag from /opt/airflow/dags/connect_to_minio.py
[2026-03-24T17:03:42.676+0000] {logging_mixin.py:190} INFO - [2026-03-24T17:03:42.673+0000] {dagbag.py:387} ERROR - Failed to import: /opt/airflow/dags/connect_to_minio.py
Traceback (most recent call last):
  File "/home/airflow/.local/lib/python3.12/site-packages/airflow/models/dagbag.py", line 383, in parse
    loader.exec_module(new_module)
  File "<frozen importlib._bootstrap_external>", line 999, in exec_module
  File "<frozen importlib._bootstrap>", line 488, in _call_with_frames_removed
  File "/opt/airflow/dags/connect_to_minio.py", line 42, in <module>
    repo_links=get_link();
               ^^^^^^^^^^
  File "/opt/airflow/dags/connect_to_minio.py", line 4, in get_link
    repo_links=Variable.get("LINKS",deserialize_json=True)
               ^^^^^^^^^^^^^^^^^^^^^^^^^^^^^^^^^^^^^^^^^^^
  File "/home/airflow/.local/lib/python3.12/site-packages/airflow/models/variable.py", line 145, in get
    raise KeyError(f"Variable {key} does not exist")
KeyError: 'Variable LINKS does not exist'
[2026-03-24T17:03:42.677+0000] {processor.py:927} WARNING - No viable dags retrieved from /opt/airflow/dags/connect_to_minio.py
[2026-03-24T17:03:42.701+0000] {processor.py:208} INFO - Processing /opt/airflow/dags/connect_to_minio.py took 0.098 seconds
[2026-03-24T17:04:13.623+0000] {processor.py:186} INFO - Started process (PID=30084) to work on /opt/airflow/dags/connect_to_minio.py
[2026-03-24T17:04:13.624+0000] {processor.py:914} INFO - Processing file /opt/airflow/dags/connect_to_minio.py for tasks to queue
[2026-03-24T17:04:13.627+0000] {logging_mixin.py:190} INFO - [2026-03-24T17:04:13.627+0000] {dagbag.py:588} INFO - Filling up the DagBag from /opt/airflow/dags/connect_to_minio.py
[2026-03-24T17:04:13.656+0000] {logging_mixin.py:190} INFO - [2026-03-24T17:04:13.654+0000] {dagbag.py:387} ERROR - Failed to import: /opt/airflow/dags/connect_to_minio.py
Traceback (most recent call last):
  File "/home/airflow/.local/lib/python3.12/site-packages/airflow/models/dagbag.py", line 383, in parse
    loader.exec_module(new_module)
  File "<frozen importlib._bootstrap_external>", line 999, in exec_module
  File "<frozen importlib._bootstrap>", line 488, in _call_with_frames_removed
  File "/opt/airflow/dags/connect_to_minio.py", line 42, in <module>
    repo_links=get_link();
               ^^^^^^^^^^
  File "/opt/airflow/dags/connect_to_minio.py", line 4, in get_link
    repo_links=Variable.get("LINKS",deserialize_json=True)
               ^^^^^^^^^^^^^^^^^^^^^^^^^^^^^^^^^^^^^^^^^^^
  File "/home/airflow/.local/lib/python3.12/site-packages/airflow/models/variable.py", line 145, in get
    raise KeyError(f"Variable {key} does not exist")
KeyError: 'Variable LINKS does not exist'
[2026-03-24T17:04:13.657+0000] {processor.py:927} WARNING - No viable dags retrieved from /opt/airflow/dags/connect_to_minio.py
[2026-03-24T17:04:13.670+0000] {processor.py:208} INFO - Processing /opt/airflow/dags/connect_to_minio.py took 0.054 seconds
[2026-03-24T17:04:44.400+0000] {processor.py:186} INFO - Started process (PID=30125) to work on /opt/airflow/dags/connect_to_minio.py
[2026-03-24T17:04:44.401+0000] {processor.py:914} INFO - Processing file /opt/airflow/dags/connect_to_minio.py for tasks to queue
[2026-03-24T17:04:44.405+0000] {logging_mixin.py:190} INFO - [2026-03-24T17:04:44.405+0000] {dagbag.py:588} INFO - Filling up the DagBag from /opt/airflow/dags/connect_to_minio.py
[2026-03-24T17:04:44.439+0000] {logging_mixin.py:190} INFO - [2026-03-24T17:04:44.437+0000] {dagbag.py:387} ERROR - Failed to import: /opt/airflow/dags/connect_to_minio.py
Traceback (most recent call last):
  File "/home/airflow/.local/lib/python3.12/site-packages/airflow/models/dagbag.py", line 383, in parse
    loader.exec_module(new_module)
  File "<frozen importlib._bootstrap_external>", line 999, in exec_module
  File "<frozen importlib._bootstrap>", line 488, in _call_with_frames_removed
  File "/opt/airflow/dags/connect_to_minio.py", line 42, in <module>
    repo_links=get_link();
               ^^^^^^^^^^
  File "/opt/airflow/dags/connect_to_minio.py", line 4, in get_link
    repo_links=Variable.get("LINKS",deserialize_json=True)
               ^^^^^^^^^^^^^^^^^^^^^^^^^^^^^^^^^^^^^^^^^^^
  File "/home/airflow/.local/lib/python3.12/site-packages/airflow/models/variable.py", line 145, in get
    raise KeyError(f"Variable {key} does not exist")
KeyError: 'Variable LINKS does not exist'
[2026-03-24T17:04:44.440+0000] {processor.py:927} WARNING - No viable dags retrieved from /opt/airflow/dags/connect_to_minio.py
[2026-03-24T17:04:44.454+0000] {processor.py:208} INFO - Processing /opt/airflow/dags/connect_to_minio.py took 0.062 seconds
[2026-03-24T17:05:15.156+0000] {processor.py:186} INFO - Started process (PID=30166) to work on /opt/airflow/dags/connect_to_minio.py
[2026-03-24T17:05:15.157+0000] {processor.py:914} INFO - Processing file /opt/airflow/dags/connect_to_minio.py for tasks to queue
[2026-03-24T17:05:15.160+0000] {logging_mixin.py:190} INFO - [2026-03-24T17:05:15.159+0000] {dagbag.py:588} INFO - Filling up the DagBag from /opt/airflow/dags/connect_to_minio.py
[2026-03-24T17:05:15.191+0000] {logging_mixin.py:190} INFO - [2026-03-24T17:05:15.189+0000] {dagbag.py:387} ERROR - Failed to import: /opt/airflow/dags/connect_to_minio.py
Traceback (most recent call last):
  File "/home/airflow/.local/lib/python3.12/site-packages/airflow/models/dagbag.py", line 383, in parse
    loader.exec_module(new_module)
  File "<frozen importlib._bootstrap_external>", line 999, in exec_module
  File "<frozen importlib._bootstrap>", line 488, in _call_with_frames_removed
  File "/opt/airflow/dags/connect_to_minio.py", line 42, in <module>
    repo_links=get_link();
               ^^^^^^^^^^
  File "/opt/airflow/dags/connect_to_minio.py", line 4, in get_link
    repo_links=Variable.get("LINKS",deserialize_json=True)
               ^^^^^^^^^^^^^^^^^^^^^^^^^^^^^^^^^^^^^^^^^^^
  File "/home/airflow/.local/lib/python3.12/site-packages/airflow/models/variable.py", line 145, in get
    raise KeyError(f"Variable {key} does not exist")
KeyError: 'Variable LINKS does not exist'
[2026-03-24T17:05:15.192+0000] {processor.py:927} WARNING - No viable dags retrieved from /opt/airflow/dags/connect_to_minio.py
[2026-03-24T17:05:15.203+0000] {processor.py:208} INFO - Processing /opt/airflow/dags/connect_to_minio.py took 0.058 seconds
[2026-03-24T17:05:45.917+0000] {processor.py:186} INFO - Started process (PID=30207) to work on /opt/airflow/dags/connect_to_minio.py
[2026-03-24T17:05:45.919+0000] {processor.py:914} INFO - Processing file /opt/airflow/dags/connect_to_minio.py for tasks to queue
[2026-03-24T17:05:45.922+0000] {logging_mixin.py:190} INFO - [2026-03-24T17:05:45.921+0000] {dagbag.py:588} INFO - Filling up the DagBag from /opt/airflow/dags/connect_to_minio.py
[2026-03-24T17:05:45.952+0000] {logging_mixin.py:190} INFO - [2026-03-24T17:05:45.950+0000] {dagbag.py:387} ERROR - Failed to import: /opt/airflow/dags/connect_to_minio.py
Traceback (most recent call last):
  File "/home/airflow/.local/lib/python3.12/site-packages/airflow/models/dagbag.py", line 383, in parse
    loader.exec_module(new_module)
  File "<frozen importlib._bootstrap_external>", line 999, in exec_module
  File "<frozen importlib._bootstrap>", line 488, in _call_with_frames_removed
  File "/opt/airflow/dags/connect_to_minio.py", line 42, in <module>
    repo_links=get_link();
               ^^^^^^^^^^
  File "/opt/airflow/dags/connect_to_minio.py", line 4, in get_link
    repo_links=Variable.get("LINKS",deserialize_json=True)
               ^^^^^^^^^^^^^^^^^^^^^^^^^^^^^^^^^^^^^^^^^^^
  File "/home/airflow/.local/lib/python3.12/site-packages/airflow/models/variable.py", line 145, in get
    raise KeyError(f"Variable {key} does not exist")
KeyError: 'Variable LINKS does not exist'
[2026-03-24T17:05:45.953+0000] {processor.py:927} WARNING - No viable dags retrieved from /opt/airflow/dags/connect_to_minio.py
[2026-03-24T17:05:45.966+0000] {processor.py:208} INFO - Processing /opt/airflow/dags/connect_to_minio.py took 0.056 seconds
[2026-03-24T17:06:16.693+0000] {processor.py:186} INFO - Started process (PID=30248) to work on /opt/airflow/dags/connect_to_minio.py
[2026-03-24T17:06:16.694+0000] {processor.py:914} INFO - Processing file /opt/airflow/dags/connect_to_minio.py for tasks to queue
[2026-03-24T17:06:16.697+0000] {logging_mixin.py:190} INFO - [2026-03-24T17:06:16.697+0000] {dagbag.py:588} INFO - Filling up the DagBag from /opt/airflow/dags/connect_to_minio.py
[2026-03-24T17:06:16.732+0000] {logging_mixin.py:190} INFO - [2026-03-24T17:06:16.729+0000] {dagbag.py:387} ERROR - Failed to import: /opt/airflow/dags/connect_to_minio.py
Traceback (most recent call last):
  File "/home/airflow/.local/lib/python3.12/site-packages/airflow/models/dagbag.py", line 383, in parse
    loader.exec_module(new_module)
  File "<frozen importlib._bootstrap_external>", line 999, in exec_module
  File "<frozen importlib._bootstrap>", line 488, in _call_with_frames_removed
  File "/opt/airflow/dags/connect_to_minio.py", line 42, in <module>
    repo_links=get_link();
               ^^^^^^^^^^
  File "/opt/airflow/dags/connect_to_minio.py", line 4, in get_link
    repo_links=Variable.get("LINKS",deserialize_json=True)
               ^^^^^^^^^^^^^^^^^^^^^^^^^^^^^^^^^^^^^^^^^^^
  File "/home/airflow/.local/lib/python3.12/site-packages/airflow/models/variable.py", line 145, in get
    raise KeyError(f"Variable {key} does not exist")
KeyError: 'Variable LINKS does not exist'
[2026-03-24T17:06:16.733+0000] {processor.py:927} WARNING - No viable dags retrieved from /opt/airflow/dags/connect_to_minio.py
[2026-03-24T17:06:16.750+0000] {processor.py:208} INFO - Processing /opt/airflow/dags/connect_to_minio.py took 0.067 seconds
[2026-03-24T17:06:47.341+0000] {processor.py:186} INFO - Started process (PID=30289) to work on /opt/airflow/dags/connect_to_minio.py
[2026-03-24T17:06:47.342+0000] {processor.py:914} INFO - Processing file /opt/airflow/dags/connect_to_minio.py for tasks to queue
[2026-03-24T17:06:47.345+0000] {logging_mixin.py:190} INFO - [2026-03-24T17:06:47.345+0000] {dagbag.py:588} INFO - Filling up the DagBag from /opt/airflow/dags/connect_to_minio.py
[2026-03-24T17:06:47.378+0000] {logging_mixin.py:190} INFO - [2026-03-24T17:06:47.376+0000] {dagbag.py:387} ERROR - Failed to import: /opt/airflow/dags/connect_to_minio.py
Traceback (most recent call last):
  File "/home/airflow/.local/lib/python3.12/site-packages/airflow/models/dagbag.py", line 383, in parse
    loader.exec_module(new_module)
  File "<frozen importlib._bootstrap_external>", line 999, in exec_module
  File "<frozen importlib._bootstrap>", line 488, in _call_with_frames_removed
  File "/opt/airflow/dags/connect_to_minio.py", line 42, in <module>
    repo_links=get_link();
               ^^^^^^^^^^
  File "/opt/airflow/dags/connect_to_minio.py", line 4, in get_link
    repo_links=Variable.get("LINKS",deserialize_json=True)
               ^^^^^^^^^^^^^^^^^^^^^^^^^^^^^^^^^^^^^^^^^^^
  File "/home/airflow/.local/lib/python3.12/site-packages/airflow/models/variable.py", line 145, in get
    raise KeyError(f"Variable {key} does not exist")
KeyError: 'Variable LINKS does not exist'
[2026-03-24T17:06:47.379+0000] {processor.py:927} WARNING - No viable dags retrieved from /opt/airflow/dags/connect_to_minio.py
[2026-03-24T17:06:47.391+0000] {processor.py:208} INFO - Processing /opt/airflow/dags/connect_to_minio.py took 0.057 seconds
[2026-03-24T17:07:18.092+0000] {processor.py:186} INFO - Started process (PID=30330) to work on /opt/airflow/dags/connect_to_minio.py
[2026-03-24T17:07:18.093+0000] {processor.py:914} INFO - Processing file /opt/airflow/dags/connect_to_minio.py for tasks to queue
[2026-03-24T17:07:18.096+0000] {logging_mixin.py:190} INFO - [2026-03-24T17:07:18.096+0000] {dagbag.py:588} INFO - Filling up the DagBag from /opt/airflow/dags/connect_to_minio.py
[2026-03-24T17:07:18.129+0000] {logging_mixin.py:190} INFO - [2026-03-24T17:07:18.128+0000] {dagbag.py:387} ERROR - Failed to import: /opt/airflow/dags/connect_to_minio.py
Traceback (most recent call last):
  File "/home/airflow/.local/lib/python3.12/site-packages/airflow/models/dagbag.py", line 383, in parse
    loader.exec_module(new_module)
  File "<frozen importlib._bootstrap_external>", line 999, in exec_module
  File "<frozen importlib._bootstrap>", line 488, in _call_with_frames_removed
  File "/opt/airflow/dags/connect_to_minio.py", line 42, in <module>
    repo_links=get_link();
               ^^^^^^^^^^
  File "/opt/airflow/dags/connect_to_minio.py", line 4, in get_link
    repo_links=Variable.get("LINKS",deserialize_json=True)
               ^^^^^^^^^^^^^^^^^^^^^^^^^^^^^^^^^^^^^^^^^^^
  File "/home/airflow/.local/lib/python3.12/site-packages/airflow/models/variable.py", line 145, in get
    raise KeyError(f"Variable {key} does not exist")
KeyError: 'Variable LINKS does not exist'
[2026-03-24T17:07:18.130+0000] {processor.py:927} WARNING - No viable dags retrieved from /opt/airflow/dags/connect_to_minio.py
[2026-03-24T17:07:18.144+0000] {processor.py:208} INFO - Processing /opt/airflow/dags/connect_to_minio.py took 0.061 seconds
[2026-03-24T17:07:48.733+0000] {processor.py:186} INFO - Started process (PID=30372) to work on /opt/airflow/dags/connect_to_minio.py
[2026-03-24T17:07:48.734+0000] {processor.py:914} INFO - Processing file /opt/airflow/dags/connect_to_minio.py for tasks to queue
[2026-03-24T17:07:48.738+0000] {logging_mixin.py:190} INFO - [2026-03-24T17:07:48.738+0000] {dagbag.py:588} INFO - Filling up the DagBag from /opt/airflow/dags/connect_to_minio.py
[2026-03-24T17:07:48.770+0000] {logging_mixin.py:190} INFO - [2026-03-24T17:07:48.768+0000] {dagbag.py:387} ERROR - Failed to import: /opt/airflow/dags/connect_to_minio.py
Traceback (most recent call last):
  File "/home/airflow/.local/lib/python3.12/site-packages/airflow/models/dagbag.py", line 383, in parse
    loader.exec_module(new_module)
  File "<frozen importlib._bootstrap_external>", line 999, in exec_module
  File "<frozen importlib._bootstrap>", line 488, in _call_with_frames_removed
  File "/opt/airflow/dags/connect_to_minio.py", line 42, in <module>
    repo_links=get_link();
               ^^^^^^^^^^
  File "/opt/airflow/dags/connect_to_minio.py", line 4, in get_link
    repo_links=Variable.get("LINKS",deserialize_json=True)
               ^^^^^^^^^^^^^^^^^^^^^^^^^^^^^^^^^^^^^^^^^^^
  File "/home/airflow/.local/lib/python3.12/site-packages/airflow/models/variable.py", line 145, in get
    raise KeyError(f"Variable {key} does not exist")
KeyError: 'Variable LINKS does not exist'
[2026-03-24T17:07:48.771+0000] {processor.py:927} WARNING - No viable dags retrieved from /opt/airflow/dags/connect_to_minio.py
[2026-03-24T17:07:48.784+0000] {processor.py:208} INFO - Processing /opt/airflow/dags/connect_to_minio.py took 0.059 seconds
[2026-03-24T17:08:19.497+0000] {processor.py:186} INFO - Started process (PID=30412) to work on /opt/airflow/dags/connect_to_minio.py
[2026-03-24T17:08:19.499+0000] {processor.py:914} INFO - Processing file /opt/airflow/dags/connect_to_minio.py for tasks to queue
[2026-03-24T17:08:19.501+0000] {logging_mixin.py:190} INFO - [2026-03-24T17:08:19.501+0000] {dagbag.py:588} INFO - Filling up the DagBag from /opt/airflow/dags/connect_to_minio.py
[2026-03-24T17:08:19.530+0000] {logging_mixin.py:190} INFO - [2026-03-24T17:08:19.528+0000] {dagbag.py:387} ERROR - Failed to import: /opt/airflow/dags/connect_to_minio.py
Traceback (most recent call last):
  File "/home/airflow/.local/lib/python3.12/site-packages/airflow/models/dagbag.py", line 383, in parse
    loader.exec_module(new_module)
  File "<frozen importlib._bootstrap_external>", line 999, in exec_module
  File "<frozen importlib._bootstrap>", line 488, in _call_with_frames_removed
  File "/opt/airflow/dags/connect_to_minio.py", line 42, in <module>
    repo_links=get_link();
               ^^^^^^^^^^
  File "/opt/airflow/dags/connect_to_minio.py", line 4, in get_link
    repo_links=Variable.get("LINKS",deserialize_json=True)
               ^^^^^^^^^^^^^^^^^^^^^^^^^^^^^^^^^^^^^^^^^^^
  File "/home/airflow/.local/lib/python3.12/site-packages/airflow/models/variable.py", line 145, in get
    raise KeyError(f"Variable {key} does not exist")
KeyError: 'Variable LINKS does not exist'
[2026-03-24T17:08:19.531+0000] {processor.py:927} WARNING - No viable dags retrieved from /opt/airflow/dags/connect_to_minio.py
[2026-03-24T17:08:19.544+0000] {processor.py:208} INFO - Processing /opt/airflow/dags/connect_to_minio.py took 0.055 seconds
[2026-03-24T17:08:50.255+0000] {processor.py:186} INFO - Started process (PID=30460) to work on /opt/airflow/dags/connect_to_minio.py
[2026-03-24T17:08:50.256+0000] {processor.py:914} INFO - Processing file /opt/airflow/dags/connect_to_minio.py for tasks to queue
[2026-03-24T17:08:50.259+0000] {logging_mixin.py:190} INFO - [2026-03-24T17:08:50.259+0000] {dagbag.py:588} INFO - Filling up the DagBag from /opt/airflow/dags/connect_to_minio.py
[2026-03-24T17:08:50.289+0000] {logging_mixin.py:190} INFO - [2026-03-24T17:08:50.287+0000] {dagbag.py:387} ERROR - Failed to import: /opt/airflow/dags/connect_to_minio.py
Traceback (most recent call last):
  File "/home/airflow/.local/lib/python3.12/site-packages/airflow/models/dagbag.py", line 383, in parse
    loader.exec_module(new_module)
  File "<frozen importlib._bootstrap_external>", line 999, in exec_module
  File "<frozen importlib._bootstrap>", line 488, in _call_with_frames_removed
  File "/opt/airflow/dags/connect_to_minio.py", line 42, in <module>
    repo_links=get_link();
               ^^^^^^^^^^
  File "/opt/airflow/dags/connect_to_minio.py", line 4, in get_link
    repo_links=Variable.get("LINKS",deserialize_json=True)
               ^^^^^^^^^^^^^^^^^^^^^^^^^^^^^^^^^^^^^^^^^^^
  File "/home/airflow/.local/lib/python3.12/site-packages/airflow/models/variable.py", line 145, in get
    raise KeyError(f"Variable {key} does not exist")
KeyError: 'Variable LINKS does not exist'
[2026-03-24T17:08:50.290+0000] {processor.py:927} WARNING - No viable dags retrieved from /opt/airflow/dags/connect_to_minio.py
[2026-03-24T17:08:50.303+0000] {processor.py:208} INFO - Processing /opt/airflow/dags/connect_to_minio.py took 0.057 seconds
[2026-03-24T17:09:21.028+0000] {processor.py:186} INFO - Started process (PID=30501) to work on /opt/airflow/dags/connect_to_minio.py
[2026-03-24T17:09:21.029+0000] {processor.py:914} INFO - Processing file /opt/airflow/dags/connect_to_minio.py for tasks to queue
[2026-03-24T17:09:21.032+0000] {logging_mixin.py:190} INFO - [2026-03-24T17:09:21.031+0000] {dagbag.py:588} INFO - Filling up the DagBag from /opt/airflow/dags/connect_to_minio.py
[2026-03-24T17:09:21.062+0000] {logging_mixin.py:190} INFO - [2026-03-24T17:09:21.060+0000] {dagbag.py:387} ERROR - Failed to import: /opt/airflow/dags/connect_to_minio.py
Traceback (most recent call last):
  File "/home/airflow/.local/lib/python3.12/site-packages/airflow/models/dagbag.py", line 383, in parse
    loader.exec_module(new_module)
  File "<frozen importlib._bootstrap_external>", line 999, in exec_module
  File "<frozen importlib._bootstrap>", line 488, in _call_with_frames_removed
  File "/opt/airflow/dags/connect_to_minio.py", line 42, in <module>
    repo_links=get_link();
               ^^^^^^^^^^
  File "/opt/airflow/dags/connect_to_minio.py", line 4, in get_link
    repo_links=Variable.get("LINKS",deserialize_json=True)
               ^^^^^^^^^^^^^^^^^^^^^^^^^^^^^^^^^^^^^^^^^^^
  File "/home/airflow/.local/lib/python3.12/site-packages/airflow/models/variable.py", line 145, in get
    raise KeyError(f"Variable {key} does not exist")
KeyError: 'Variable LINKS does not exist'
[2026-03-24T17:09:21.062+0000] {processor.py:927} WARNING - No viable dags retrieved from /opt/airflow/dags/connect_to_minio.py
[2026-03-24T17:09:21.075+0000] {processor.py:208} INFO - Processing /opt/airflow/dags/connect_to_minio.py took 0.055 seconds
[2026-03-24T17:09:51.812+0000] {processor.py:186} INFO - Started process (PID=30542) to work on /opt/airflow/dags/connect_to_minio.py
[2026-03-24T17:09:51.813+0000] {processor.py:914} INFO - Processing file /opt/airflow/dags/connect_to_minio.py for tasks to queue
[2026-03-24T17:09:51.816+0000] {logging_mixin.py:190} INFO - [2026-03-24T17:09:51.815+0000] {dagbag.py:588} INFO - Filling up the DagBag from /opt/airflow/dags/connect_to_minio.py
[2026-03-24T17:09:51.846+0000] {logging_mixin.py:190} INFO - [2026-03-24T17:09:51.844+0000] {dagbag.py:387} ERROR - Failed to import: /opt/airflow/dags/connect_to_minio.py
Traceback (most recent call last):
  File "/home/airflow/.local/lib/python3.12/site-packages/airflow/models/dagbag.py", line 383, in parse
    loader.exec_module(new_module)
  File "<frozen importlib._bootstrap_external>", line 999, in exec_module
  File "<frozen importlib._bootstrap>", line 488, in _call_with_frames_removed
  File "/opt/airflow/dags/connect_to_minio.py", line 42, in <module>
    repo_links=get_link();
               ^^^^^^^^^^
  File "/opt/airflow/dags/connect_to_minio.py", line 4, in get_link
    repo_links=Variable.get("LINKS",deserialize_json=True)
               ^^^^^^^^^^^^^^^^^^^^^^^^^^^^^^^^^^^^^^^^^^^
  File "/home/airflow/.local/lib/python3.12/site-packages/airflow/models/variable.py", line 145, in get
    raise KeyError(f"Variable {key} does not exist")
KeyError: 'Variable LINKS does not exist'
[2026-03-24T17:09:51.847+0000] {processor.py:927} WARNING - No viable dags retrieved from /opt/airflow/dags/connect_to_minio.py
[2026-03-24T17:09:51.859+0000] {processor.py:208} INFO - Processing /opt/airflow/dags/connect_to_minio.py took 0.055 seconds
[2026-03-24T17:10:22.624+0000] {processor.py:186} INFO - Started process (PID=30583) to work on /opt/airflow/dags/connect_to_minio.py
[2026-03-24T17:10:22.625+0000] {processor.py:914} INFO - Processing file /opt/airflow/dags/connect_to_minio.py for tasks to queue
[2026-03-24T17:10:22.628+0000] {logging_mixin.py:190} INFO - [2026-03-24T17:10:22.628+0000] {dagbag.py:588} INFO - Filling up the DagBag from /opt/airflow/dags/connect_to_minio.py
[2026-03-24T17:10:22.661+0000] {logging_mixin.py:190} INFO - [2026-03-24T17:10:22.659+0000] {dagbag.py:387} ERROR - Failed to import: /opt/airflow/dags/connect_to_minio.py
Traceback (most recent call last):
  File "/home/airflow/.local/lib/python3.12/site-packages/airflow/models/dagbag.py", line 383, in parse
    loader.exec_module(new_module)
  File "<frozen importlib._bootstrap_external>", line 999, in exec_module
  File "<frozen importlib._bootstrap>", line 488, in _call_with_frames_removed
  File "/opt/airflow/dags/connect_to_minio.py", line 42, in <module>
    repo_links=get_link();
               ^^^^^^^^^^
  File "/opt/airflow/dags/connect_to_minio.py", line 4, in get_link
    repo_links=Variable.get("LINKS",deserialize_json=True)
               ^^^^^^^^^^^^^^^^^^^^^^^^^^^^^^^^^^^^^^^^^^^
  File "/home/airflow/.local/lib/python3.12/site-packages/airflow/models/variable.py", line 145, in get
    raise KeyError(f"Variable {key} does not exist")
KeyError: 'Variable LINKS does not exist'
[2026-03-24T17:10:22.662+0000] {processor.py:927} WARNING - No viable dags retrieved from /opt/airflow/dags/connect_to_minio.py
[2026-03-24T17:10:22.678+0000] {processor.py:208} INFO - Processing /opt/airflow/dags/connect_to_minio.py took 0.062 seconds
[2026-03-24T17:10:53.429+0000] {processor.py:186} INFO - Started process (PID=30624) to work on /opt/airflow/dags/connect_to_minio.py
[2026-03-24T17:10:53.430+0000] {processor.py:914} INFO - Processing file /opt/airflow/dags/connect_to_minio.py for tasks to queue
[2026-03-24T17:10:53.433+0000] {logging_mixin.py:190} INFO - [2026-03-24T17:10:53.433+0000] {dagbag.py:588} INFO - Filling up the DagBag from /opt/airflow/dags/connect_to_minio.py
[2026-03-24T17:10:53.463+0000] {logging_mixin.py:190} INFO - [2026-03-24T17:10:53.460+0000] {dagbag.py:387} ERROR - Failed to import: /opt/airflow/dags/connect_to_minio.py
Traceback (most recent call last):
  File "/home/airflow/.local/lib/python3.12/site-packages/airflow/models/dagbag.py", line 383, in parse
    loader.exec_module(new_module)
  File "<frozen importlib._bootstrap_external>", line 999, in exec_module
  File "<frozen importlib._bootstrap>", line 488, in _call_with_frames_removed
  File "/opt/airflow/dags/connect_to_minio.py", line 42, in <module>
    repo_links=get_link();
               ^^^^^^^^^^
  File "/opt/airflow/dags/connect_to_minio.py", line 4, in get_link
    repo_links=Variable.get("LINKS",deserialize_json=True)
               ^^^^^^^^^^^^^^^^^^^^^^^^^^^^^^^^^^^^^^^^^^^
  File "/home/airflow/.local/lib/python3.12/site-packages/airflow/models/variable.py", line 145, in get
    raise KeyError(f"Variable {key} does not exist")
KeyError: 'Variable LINKS does not exist'
[2026-03-24T17:10:53.464+0000] {processor.py:927} WARNING - No viable dags retrieved from /opt/airflow/dags/connect_to_minio.py
[2026-03-24T17:10:53.480+0000] {processor.py:208} INFO - Processing /opt/airflow/dags/connect_to_minio.py took 0.060 seconds
[2026-03-24T17:11:24.181+0000] {processor.py:186} INFO - Started process (PID=30665) to work on /opt/airflow/dags/connect_to_minio.py
[2026-03-24T17:11:24.183+0000] {processor.py:914} INFO - Processing file /opt/airflow/dags/connect_to_minio.py for tasks to queue
[2026-03-24T17:11:24.186+0000] {logging_mixin.py:190} INFO - [2026-03-24T17:11:24.185+0000] {dagbag.py:588} INFO - Filling up the DagBag from /opt/airflow/dags/connect_to_minio.py
[2026-03-24T17:11:24.218+0000] {logging_mixin.py:190} INFO - [2026-03-24T17:11:24.216+0000] {dagbag.py:387} ERROR - Failed to import: /opt/airflow/dags/connect_to_minio.py
Traceback (most recent call last):
  File "/home/airflow/.local/lib/python3.12/site-packages/airflow/models/dagbag.py", line 383, in parse
    loader.exec_module(new_module)
  File "<frozen importlib._bootstrap_external>", line 999, in exec_module
  File "<frozen importlib._bootstrap>", line 488, in _call_with_frames_removed
  File "/opt/airflow/dags/connect_to_minio.py", line 42, in <module>
    repo_links=get_link();
               ^^^^^^^^^^
  File "/opt/airflow/dags/connect_to_minio.py", line 4, in get_link
    repo_links=Variable.get("LINKS",deserialize_json=True)
               ^^^^^^^^^^^^^^^^^^^^^^^^^^^^^^^^^^^^^^^^^^^
  File "/home/airflow/.local/lib/python3.12/site-packages/airflow/models/variable.py", line 145, in get
    raise KeyError(f"Variable {key} does not exist")
KeyError: 'Variable LINKS does not exist'
[2026-03-24T17:11:24.220+0000] {processor.py:927} WARNING - No viable dags retrieved from /opt/airflow/dags/connect_to_minio.py
[2026-03-24T17:11:24.233+0000] {processor.py:208} INFO - Processing /opt/airflow/dags/connect_to_minio.py took 0.063 seconds
[2026-03-24T17:11:54.925+0000] {processor.py:186} INFO - Started process (PID=30706) to work on /opt/airflow/dags/connect_to_minio.py
[2026-03-24T17:11:54.926+0000] {processor.py:914} INFO - Processing file /opt/airflow/dags/connect_to_minio.py for tasks to queue
[2026-03-24T17:11:54.929+0000] {logging_mixin.py:190} INFO - [2026-03-24T17:11:54.928+0000] {dagbag.py:588} INFO - Filling up the DagBag from /opt/airflow/dags/connect_to_minio.py
[2026-03-24T17:11:54.961+0000] {logging_mixin.py:190} INFO - [2026-03-24T17:11:54.959+0000] {dagbag.py:387} ERROR - Failed to import: /opt/airflow/dags/connect_to_minio.py
Traceback (most recent call last):
  File "/home/airflow/.local/lib/python3.12/site-packages/airflow/models/dagbag.py", line 383, in parse
    loader.exec_module(new_module)
  File "<frozen importlib._bootstrap_external>", line 999, in exec_module
  File "<frozen importlib._bootstrap>", line 488, in _call_with_frames_removed
  File "/opt/airflow/dags/connect_to_minio.py", line 42, in <module>
    repo_links=get_link();
               ^^^^^^^^^^
  File "/opt/airflow/dags/connect_to_minio.py", line 4, in get_link
    repo_links=Variable.get("LINKS",deserialize_json=True)
               ^^^^^^^^^^^^^^^^^^^^^^^^^^^^^^^^^^^^^^^^^^^
  File "/home/airflow/.local/lib/python3.12/site-packages/airflow/models/variable.py", line 145, in get
    raise KeyError(f"Variable {key} does not exist")
KeyError: 'Variable LINKS does not exist'
[2026-03-24T17:11:54.962+0000] {processor.py:927} WARNING - No viable dags retrieved from /opt/airflow/dags/connect_to_minio.py
[2026-03-24T17:11:54.975+0000] {processor.py:208} INFO - Processing /opt/airflow/dags/connect_to_minio.py took 0.058 seconds
[2026-03-24T17:12:25.741+0000] {processor.py:186} INFO - Started process (PID=30749) to work on /opt/airflow/dags/connect_to_minio.py
[2026-03-24T17:12:25.742+0000] {processor.py:914} INFO - Processing file /opt/airflow/dags/connect_to_minio.py for tasks to queue
[2026-03-24T17:12:25.744+0000] {logging_mixin.py:190} INFO - [2026-03-24T17:12:25.744+0000] {dagbag.py:588} INFO - Filling up the DagBag from /opt/airflow/dags/connect_to_minio.py
[2026-03-24T17:12:25.774+0000] {logging_mixin.py:190} INFO - [2026-03-24T17:12:25.772+0000] {dagbag.py:387} ERROR - Failed to import: /opt/airflow/dags/connect_to_minio.py
Traceback (most recent call last):
  File "/home/airflow/.local/lib/python3.12/site-packages/airflow/models/dagbag.py", line 383, in parse
    loader.exec_module(new_module)
  File "<frozen importlib._bootstrap_external>", line 999, in exec_module
  File "<frozen importlib._bootstrap>", line 488, in _call_with_frames_removed
  File "/opt/airflow/dags/connect_to_minio.py", line 42, in <module>
    repo_links=get_link();
               ^^^^^^^^^^
  File "/opt/airflow/dags/connect_to_minio.py", line 4, in get_link
    repo_links=Variable.get("LINKS",deserialize_json=True)
               ^^^^^^^^^^^^^^^^^^^^^^^^^^^^^^^^^^^^^^^^^^^
  File "/home/airflow/.local/lib/python3.12/site-packages/airflow/models/variable.py", line 145, in get
    raise KeyError(f"Variable {key} does not exist")
KeyError: 'Variable LINKS does not exist'
[2026-03-24T17:12:25.774+0000] {processor.py:927} WARNING - No viable dags retrieved from /opt/airflow/dags/connect_to_minio.py
[2026-03-24T17:12:25.785+0000] {processor.py:208} INFO - Processing /opt/airflow/dags/connect_to_minio.py took 0.051 seconds
[2026-03-24T17:12:56.548+0000] {processor.py:186} INFO - Started process (PID=30788) to work on /opt/airflow/dags/connect_to_minio.py
[2026-03-24T17:12:56.550+0000] {processor.py:914} INFO - Processing file /opt/airflow/dags/connect_to_minio.py for tasks to queue
[2026-03-24T17:12:56.553+0000] {logging_mixin.py:190} INFO - [2026-03-24T17:12:56.553+0000] {dagbag.py:588} INFO - Filling up the DagBag from /opt/airflow/dags/connect_to_minio.py
[2026-03-24T17:12:56.586+0000] {logging_mixin.py:190} INFO - [2026-03-24T17:12:56.583+0000] {dagbag.py:387} ERROR - Failed to import: /opt/airflow/dags/connect_to_minio.py
Traceback (most recent call last):
  File "/home/airflow/.local/lib/python3.12/site-packages/airflow/models/dagbag.py", line 383, in parse
    loader.exec_module(new_module)
  File "<frozen importlib._bootstrap_external>", line 999, in exec_module
  File "<frozen importlib._bootstrap>", line 488, in _call_with_frames_removed
  File "/opt/airflow/dags/connect_to_minio.py", line 42, in <module>
    repo_links=get_link();
               ^^^^^^^^^^
  File "/opt/airflow/dags/connect_to_minio.py", line 4, in get_link
    repo_links=Variable.get("LINKS",deserialize_json=True)
               ^^^^^^^^^^^^^^^^^^^^^^^^^^^^^^^^^^^^^^^^^^^
  File "/home/airflow/.local/lib/python3.12/site-packages/airflow/models/variable.py", line 145, in get
    raise KeyError(f"Variable {key} does not exist")
KeyError: 'Variable LINKS does not exist'
[2026-03-24T17:12:56.587+0000] {processor.py:927} WARNING - No viable dags retrieved from /opt/airflow/dags/connect_to_minio.py
[2026-03-24T17:12:56.603+0000] {processor.py:208} INFO - Processing /opt/airflow/dags/connect_to_minio.py took 0.064 seconds
[2026-03-24T17:13:27.353+0000] {processor.py:186} INFO - Started process (PID=30829) to work on /opt/airflow/dags/connect_to_minio.py
[2026-03-24T17:13:27.355+0000] {processor.py:914} INFO - Processing file /opt/airflow/dags/connect_to_minio.py for tasks to queue
[2026-03-24T17:13:27.358+0000] {logging_mixin.py:190} INFO - [2026-03-24T17:13:27.357+0000] {dagbag.py:588} INFO - Filling up the DagBag from /opt/airflow/dags/connect_to_minio.py
[2026-03-24T17:13:27.387+0000] {logging_mixin.py:190} INFO - [2026-03-24T17:13:27.384+0000] {dagbag.py:387} ERROR - Failed to import: /opt/airflow/dags/connect_to_minio.py
Traceback (most recent call last):
  File "/home/airflow/.local/lib/python3.12/site-packages/airflow/models/dagbag.py", line 383, in parse
    loader.exec_module(new_module)
  File "<frozen importlib._bootstrap_external>", line 999, in exec_module
  File "<frozen importlib._bootstrap>", line 488, in _call_with_frames_removed
  File "/opt/airflow/dags/connect_to_minio.py", line 42, in <module>
    repo_links=get_link();
               ^^^^^^^^^^
  File "/opt/airflow/dags/connect_to_minio.py", line 4, in get_link
    repo_links=Variable.get("LINKS",deserialize_json=True)
               ^^^^^^^^^^^^^^^^^^^^^^^^^^^^^^^^^^^^^^^^^^^
  File "/home/airflow/.local/lib/python3.12/site-packages/airflow/models/variable.py", line 145, in get
    raise KeyError(f"Variable {key} does not exist")
KeyError: 'Variable LINKS does not exist'
[2026-03-24T17:13:27.388+0000] {processor.py:927} WARNING - No viable dags retrieved from /opt/airflow/dags/connect_to_minio.py
[2026-03-24T17:13:27.400+0000] {processor.py:208} INFO - Processing /opt/airflow/dags/connect_to_minio.py took 0.054 seconds
[2026-03-24T17:13:58.142+0000] {processor.py:186} INFO - Started process (PID=30870) to work on /opt/airflow/dags/connect_to_minio.py
[2026-03-24T17:13:58.144+0000] {processor.py:914} INFO - Processing file /opt/airflow/dags/connect_to_minio.py for tasks to queue
[2026-03-24T17:13:58.147+0000] {logging_mixin.py:190} INFO - [2026-03-24T17:13:58.147+0000] {dagbag.py:588} INFO - Filling up the DagBag from /opt/airflow/dags/connect_to_minio.py
[2026-03-24T17:13:58.184+0000] {logging_mixin.py:190} INFO - [2026-03-24T17:13:58.182+0000] {dagbag.py:387} ERROR - Failed to import: /opt/airflow/dags/connect_to_minio.py
Traceback (most recent call last):
  File "/home/airflow/.local/lib/python3.12/site-packages/airflow/models/dagbag.py", line 383, in parse
    loader.exec_module(new_module)
  File "<frozen importlib._bootstrap_external>", line 999, in exec_module
  File "<frozen importlib._bootstrap>", line 488, in _call_with_frames_removed
  File "/opt/airflow/dags/connect_to_minio.py", line 42, in <module>
    repo_links=get_link();
               ^^^^^^^^^^
  File "/opt/airflow/dags/connect_to_minio.py", line 4, in get_link
    repo_links=Variable.get("LINKS",deserialize_json=True)
               ^^^^^^^^^^^^^^^^^^^^^^^^^^^^^^^^^^^^^^^^^^^
  File "/home/airflow/.local/lib/python3.12/site-packages/airflow/models/variable.py", line 145, in get
    raise KeyError(f"Variable {key} does not exist")
KeyError: 'Variable LINKS does not exist'
[2026-03-24T17:13:58.185+0000] {processor.py:927} WARNING - No viable dags retrieved from /opt/airflow/dags/connect_to_minio.py
[2026-03-24T17:13:58.199+0000] {processor.py:208} INFO - Processing /opt/airflow/dags/connect_to_minio.py took 0.066 seconds
[2026-03-24T17:14:28.900+0000] {processor.py:186} INFO - Started process (PID=30911) to work on /opt/airflow/dags/connect_to_minio.py
[2026-03-24T17:14:28.901+0000] {processor.py:914} INFO - Processing file /opt/airflow/dags/connect_to_minio.py for tasks to queue
[2026-03-24T17:14:28.905+0000] {logging_mixin.py:190} INFO - [2026-03-24T17:14:28.904+0000] {dagbag.py:588} INFO - Filling up the DagBag from /opt/airflow/dags/connect_to_minio.py
[2026-03-24T17:14:28.937+0000] {logging_mixin.py:190} INFO - [2026-03-24T17:14:28.935+0000] {dagbag.py:387} ERROR - Failed to import: /opt/airflow/dags/connect_to_minio.py
Traceback (most recent call last):
  File "/home/airflow/.local/lib/python3.12/site-packages/airflow/models/dagbag.py", line 383, in parse
    loader.exec_module(new_module)
  File "<frozen importlib._bootstrap_external>", line 999, in exec_module
  File "<frozen importlib._bootstrap>", line 488, in _call_with_frames_removed
  File "/opt/airflow/dags/connect_to_minio.py", line 42, in <module>
    repo_links=get_link();
               ^^^^^^^^^^
  File "/opt/airflow/dags/connect_to_minio.py", line 4, in get_link
    repo_links=Variable.get("LINKS",deserialize_json=True)
               ^^^^^^^^^^^^^^^^^^^^^^^^^^^^^^^^^^^^^^^^^^^
  File "/home/airflow/.local/lib/python3.12/site-packages/airflow/models/variable.py", line 145, in get
    raise KeyError(f"Variable {key} does not exist")
KeyError: 'Variable LINKS does not exist'
[2026-03-24T17:14:28.938+0000] {processor.py:927} WARNING - No viable dags retrieved from /opt/airflow/dags/connect_to_minio.py
[2026-03-24T17:14:28.953+0000] {processor.py:208} INFO - Processing /opt/airflow/dags/connect_to_minio.py took 0.061 seconds
[2026-03-24T17:14:59.665+0000] {processor.py:186} INFO - Started process (PID=30952) to work on /opt/airflow/dags/connect_to_minio.py
[2026-03-24T17:14:59.666+0000] {processor.py:914} INFO - Processing file /opt/airflow/dags/connect_to_minio.py for tasks to queue
[2026-03-24T17:14:59.669+0000] {logging_mixin.py:190} INFO - [2026-03-24T17:14:59.669+0000] {dagbag.py:588} INFO - Filling up the DagBag from /opt/airflow/dags/connect_to_minio.py
[2026-03-24T17:14:59.701+0000] {logging_mixin.py:190} INFO - [2026-03-24T17:14:59.699+0000] {dagbag.py:387} ERROR - Failed to import: /opt/airflow/dags/connect_to_minio.py
Traceback (most recent call last):
  File "/home/airflow/.local/lib/python3.12/site-packages/airflow/models/dagbag.py", line 383, in parse
    loader.exec_module(new_module)
  File "<frozen importlib._bootstrap_external>", line 999, in exec_module
  File "<frozen importlib._bootstrap>", line 488, in _call_with_frames_removed
  File "/opt/airflow/dags/connect_to_minio.py", line 42, in <module>
    repo_links=get_link();
               ^^^^^^^^^^
  File "/opt/airflow/dags/connect_to_minio.py", line 4, in get_link
    repo_links=Variable.get("LINKS",deserialize_json=True)
               ^^^^^^^^^^^^^^^^^^^^^^^^^^^^^^^^^^^^^^^^^^^
  File "/home/airflow/.local/lib/python3.12/site-packages/airflow/models/variable.py", line 145, in get
    raise KeyError(f"Variable {key} does not exist")
KeyError: 'Variable LINKS does not exist'
[2026-03-24T17:14:59.702+0000] {processor.py:927} WARNING - No viable dags retrieved from /opt/airflow/dags/connect_to_minio.py
[2026-03-24T17:14:59.718+0000] {processor.py:208} INFO - Processing /opt/airflow/dags/connect_to_minio.py took 0.060 seconds
[2026-03-24T17:15:30.423+0000] {processor.py:186} INFO - Started process (PID=30993) to work on /opt/airflow/dags/connect_to_minio.py
[2026-03-24T17:15:30.425+0000] {processor.py:914} INFO - Processing file /opt/airflow/dags/connect_to_minio.py for tasks to queue
[2026-03-24T17:15:30.427+0000] {logging_mixin.py:190} INFO - [2026-03-24T17:15:30.427+0000] {dagbag.py:588} INFO - Filling up the DagBag from /opt/airflow/dags/connect_to_minio.py
[2026-03-24T17:15:30.459+0000] {logging_mixin.py:190} INFO - [2026-03-24T17:15:30.457+0000] {dagbag.py:387} ERROR - Failed to import: /opt/airflow/dags/connect_to_minio.py
Traceback (most recent call last):
  File "/home/airflow/.local/lib/python3.12/site-packages/airflow/models/dagbag.py", line 383, in parse
    loader.exec_module(new_module)
  File "<frozen importlib._bootstrap_external>", line 999, in exec_module
  File "<frozen importlib._bootstrap>", line 488, in _call_with_frames_removed
  File "/opt/airflow/dags/connect_to_minio.py", line 42, in <module>
    repo_links=get_link();
               ^^^^^^^^^^
  File "/opt/airflow/dags/connect_to_minio.py", line 4, in get_link
    repo_links=Variable.get("LINKS",deserialize_json=True)
               ^^^^^^^^^^^^^^^^^^^^^^^^^^^^^^^^^^^^^^^^^^^
  File "/home/airflow/.local/lib/python3.12/site-packages/airflow/models/variable.py", line 145, in get
    raise KeyError(f"Variable {key} does not exist")
KeyError: 'Variable LINKS does not exist'
[2026-03-24T17:15:30.460+0000] {processor.py:927} WARNING - No viable dags retrieved from /opt/airflow/dags/connect_to_minio.py
[2026-03-24T17:15:30.473+0000] {processor.py:208} INFO - Processing /opt/airflow/dags/connect_to_minio.py took 0.058 seconds
[2026-03-24T17:16:01.190+0000] {processor.py:186} INFO - Started process (PID=31035) to work on /opt/airflow/dags/connect_to_minio.py
[2026-03-24T17:16:01.191+0000] {processor.py:914} INFO - Processing file /opt/airflow/dags/connect_to_minio.py for tasks to queue
[2026-03-24T17:16:01.194+0000] {logging_mixin.py:190} INFO - [2026-03-24T17:16:01.194+0000] {dagbag.py:588} INFO - Filling up the DagBag from /opt/airflow/dags/connect_to_minio.py
[2026-03-24T17:16:01.225+0000] {logging_mixin.py:190} INFO - [2026-03-24T17:16:01.223+0000] {dagbag.py:387} ERROR - Failed to import: /opt/airflow/dags/connect_to_minio.py
Traceback (most recent call last):
  File "/home/airflow/.local/lib/python3.12/site-packages/airflow/models/dagbag.py", line 383, in parse
    loader.exec_module(new_module)
  File "<frozen importlib._bootstrap_external>", line 999, in exec_module
  File "<frozen importlib._bootstrap>", line 488, in _call_with_frames_removed
  File "/opt/airflow/dags/connect_to_minio.py", line 42, in <module>
    repo_links=get_link();
               ^^^^^^^^^^
  File "/opt/airflow/dags/connect_to_minio.py", line 4, in get_link
    repo_links=Variable.get("LINKS",deserialize_json=True)
               ^^^^^^^^^^^^^^^^^^^^^^^^^^^^^^^^^^^^^^^^^^^
  File "/home/airflow/.local/lib/python3.12/site-packages/airflow/models/variable.py", line 145, in get
    raise KeyError(f"Variable {key} does not exist")
KeyError: 'Variable LINKS does not exist'
[2026-03-24T17:16:01.226+0000] {processor.py:927} WARNING - No viable dags retrieved from /opt/airflow/dags/connect_to_minio.py
[2026-03-24T17:16:01.240+0000] {processor.py:208} INFO - Processing /opt/airflow/dags/connect_to_minio.py took 0.059 seconds
[2026-03-24T17:16:31.946+0000] {processor.py:186} INFO - Started process (PID=31076) to work on /opt/airflow/dags/connect_to_minio.py
[2026-03-24T17:16:31.947+0000] {processor.py:914} INFO - Processing file /opt/airflow/dags/connect_to_minio.py for tasks to queue
[2026-03-24T17:16:31.950+0000] {logging_mixin.py:190} INFO - [2026-03-24T17:16:31.949+0000] {dagbag.py:588} INFO - Filling up the DagBag from /opt/airflow/dags/connect_to_minio.py
[2026-03-24T17:16:31.978+0000] {logging_mixin.py:190} INFO - [2026-03-24T17:16:31.976+0000] {dagbag.py:387} ERROR - Failed to import: /opt/airflow/dags/connect_to_minio.py
Traceback (most recent call last):
  File "/home/airflow/.local/lib/python3.12/site-packages/airflow/models/dagbag.py", line 383, in parse
    loader.exec_module(new_module)
  File "<frozen importlib._bootstrap_external>", line 999, in exec_module
  File "<frozen importlib._bootstrap>", line 488, in _call_with_frames_removed
  File "/opt/airflow/dags/connect_to_minio.py", line 42, in <module>
    repo_links=get_link();
               ^^^^^^^^^^
  File "/opt/airflow/dags/connect_to_minio.py", line 4, in get_link
    repo_links=Variable.get("LINKS",deserialize_json=True)
               ^^^^^^^^^^^^^^^^^^^^^^^^^^^^^^^^^^^^^^^^^^^
  File "/home/airflow/.local/lib/python3.12/site-packages/airflow/models/variable.py", line 145, in get
    raise KeyError(f"Variable {key} does not exist")
KeyError: 'Variable LINKS does not exist'
[2026-03-24T17:16:31.979+0000] {processor.py:927} WARNING - No viable dags retrieved from /opt/airflow/dags/connect_to_minio.py
[2026-03-24T17:16:31.991+0000] {processor.py:208} INFO - Processing /opt/airflow/dags/connect_to_minio.py took 0.053 seconds
[2026-03-24T17:17:02.730+0000] {processor.py:186} INFO - Started process (PID=31117) to work on /opt/airflow/dags/connect_to_minio.py
[2026-03-24T17:17:02.731+0000] {processor.py:914} INFO - Processing file /opt/airflow/dags/connect_to_minio.py for tasks to queue
[2026-03-24T17:17:02.734+0000] {logging_mixin.py:190} INFO - [2026-03-24T17:17:02.734+0000] {dagbag.py:588} INFO - Filling up the DagBag from /opt/airflow/dags/connect_to_minio.py
[2026-03-24T17:17:02.764+0000] {logging_mixin.py:190} INFO - [2026-03-24T17:17:02.762+0000] {dagbag.py:387} ERROR - Failed to import: /opt/airflow/dags/connect_to_minio.py
Traceback (most recent call last):
  File "/home/airflow/.local/lib/python3.12/site-packages/airflow/models/dagbag.py", line 383, in parse
    loader.exec_module(new_module)
  File "<frozen importlib._bootstrap_external>", line 999, in exec_module
  File "<frozen importlib._bootstrap>", line 488, in _call_with_frames_removed
  File "/opt/airflow/dags/connect_to_minio.py", line 42, in <module>
    repo_links=get_link();
               ^^^^^^^^^^
  File "/opt/airflow/dags/connect_to_minio.py", line 4, in get_link
    repo_links=Variable.get("LINKS",deserialize_json=True)
               ^^^^^^^^^^^^^^^^^^^^^^^^^^^^^^^^^^^^^^^^^^^
  File "/home/airflow/.local/lib/python3.12/site-packages/airflow/models/variable.py", line 145, in get
    raise KeyError(f"Variable {key} does not exist")
KeyError: 'Variable LINKS does not exist'
[2026-03-24T17:17:02.765+0000] {processor.py:927} WARNING - No viable dags retrieved from /opt/airflow/dags/connect_to_minio.py
[2026-03-24T17:17:02.778+0000] {processor.py:208} INFO - Processing /opt/airflow/dags/connect_to_minio.py took 0.057 seconds
[2026-03-24T17:17:33.485+0000] {processor.py:186} INFO - Started process (PID=31158) to work on /opt/airflow/dags/connect_to_minio.py
[2026-03-24T17:17:33.487+0000] {processor.py:914} INFO - Processing file /opt/airflow/dags/connect_to_minio.py for tasks to queue
[2026-03-24T17:17:33.489+0000] {logging_mixin.py:190} INFO - [2026-03-24T17:17:33.489+0000] {dagbag.py:588} INFO - Filling up the DagBag from /opt/airflow/dags/connect_to_minio.py
[2026-03-24T17:17:33.521+0000] {logging_mixin.py:190} INFO - [2026-03-24T17:17:33.519+0000] {dagbag.py:387} ERROR - Failed to import: /opt/airflow/dags/connect_to_minio.py
Traceback (most recent call last):
  File "/home/airflow/.local/lib/python3.12/site-packages/airflow/models/dagbag.py", line 383, in parse
    loader.exec_module(new_module)
  File "<frozen importlib._bootstrap_external>", line 999, in exec_module
  File "<frozen importlib._bootstrap>", line 488, in _call_with_frames_removed
  File "/opt/airflow/dags/connect_to_minio.py", line 42, in <module>
    repo_links=get_link();
               ^^^^^^^^^^
  File "/opt/airflow/dags/connect_to_minio.py", line 4, in get_link
    repo_links=Variable.get("LINKS",deserialize_json=True)
               ^^^^^^^^^^^^^^^^^^^^^^^^^^^^^^^^^^^^^^^^^^^
  File "/home/airflow/.local/lib/python3.12/site-packages/airflow/models/variable.py", line 145, in get
    raise KeyError(f"Variable {key} does not exist")
KeyError: 'Variable LINKS does not exist'
[2026-03-24T17:17:33.522+0000] {processor.py:927} WARNING - No viable dags retrieved from /opt/airflow/dags/connect_to_minio.py
[2026-03-24T17:17:33.537+0000] {processor.py:208} INFO - Processing /opt/airflow/dags/connect_to_minio.py took 0.061 seconds
[2026-03-24T17:18:04.279+0000] {processor.py:186} INFO - Started process (PID=31199) to work on /opt/airflow/dags/connect_to_minio.py
[2026-03-24T17:18:04.280+0000] {processor.py:914} INFO - Processing file /opt/airflow/dags/connect_to_minio.py for tasks to queue
[2026-03-24T17:18:04.283+0000] {logging_mixin.py:190} INFO - [2026-03-24T17:18:04.283+0000] {dagbag.py:588} INFO - Filling up the DagBag from /opt/airflow/dags/connect_to_minio.py
[2026-03-24T17:18:04.313+0000] {logging_mixin.py:190} INFO - [2026-03-24T17:18:04.311+0000] {dagbag.py:387} ERROR - Failed to import: /opt/airflow/dags/connect_to_minio.py
Traceback (most recent call last):
  File "/home/airflow/.local/lib/python3.12/site-packages/airflow/models/dagbag.py", line 383, in parse
    loader.exec_module(new_module)
  File "<frozen importlib._bootstrap_external>", line 999, in exec_module
  File "<frozen importlib._bootstrap>", line 488, in _call_with_frames_removed
  File "/opt/airflow/dags/connect_to_minio.py", line 42, in <module>
    repo_links=get_link();
               ^^^^^^^^^^
  File "/opt/airflow/dags/connect_to_minio.py", line 4, in get_link
    repo_links=Variable.get("LINKS",deserialize_json=True)
               ^^^^^^^^^^^^^^^^^^^^^^^^^^^^^^^^^^^^^^^^^^^
  File "/home/airflow/.local/lib/python3.12/site-packages/airflow/models/variable.py", line 145, in get
    raise KeyError(f"Variable {key} does not exist")
KeyError: 'Variable LINKS does not exist'
[2026-03-24T17:18:04.314+0000] {processor.py:927} WARNING - No viable dags retrieved from /opt/airflow/dags/connect_to_minio.py
[2026-03-24T17:18:04.328+0000] {processor.py:208} INFO - Processing /opt/airflow/dags/connect_to_minio.py took 0.056 seconds
[2026-03-24T17:18:35.305+0000] {processor.py:186} INFO - Started process (PID=31240) to work on /opt/airflow/dags/connect_to_minio.py
[2026-03-24T17:18:35.307+0000] {processor.py:914} INFO - Processing file /opt/airflow/dags/connect_to_minio.py for tasks to queue
[2026-03-24T17:18:35.310+0000] {logging_mixin.py:190} INFO - [2026-03-24T17:18:35.310+0000] {dagbag.py:588} INFO - Filling up the DagBag from /opt/airflow/dags/connect_to_minio.py
[2026-03-24T17:18:35.341+0000] {logging_mixin.py:190} INFO - [2026-03-24T17:18:35.339+0000] {dagbag.py:387} ERROR - Failed to import: /opt/airflow/dags/connect_to_minio.py
Traceback (most recent call last):
  File "/home/airflow/.local/lib/python3.12/site-packages/airflow/models/dagbag.py", line 383, in parse
    loader.exec_module(new_module)
  File "<frozen importlib._bootstrap_external>", line 999, in exec_module
  File "<frozen importlib._bootstrap>", line 488, in _call_with_frames_removed
  File "/opt/airflow/dags/connect_to_minio.py", line 42, in <module>
    repo_links=get_link();
               ^^^^^^^^^^
  File "/opt/airflow/dags/connect_to_minio.py", line 4, in get_link
    repo_links=Variable.get("LINKS",deserialize_json=True)
               ^^^^^^^^^^^^^^^^^^^^^^^^^^^^^^^^^^^^^^^^^^^
  File "/home/airflow/.local/lib/python3.12/site-packages/airflow/models/variable.py", line 145, in get
    raise KeyError(f"Variable {key} does not exist")
KeyError: 'Variable LINKS does not exist'
[2026-03-24T17:18:35.342+0000] {processor.py:927} WARNING - No viable dags retrieved from /opt/airflow/dags/connect_to_minio.py
[2026-03-24T17:18:35.355+0000] {processor.py:208} INFO - Processing /opt/airflow/dags/connect_to_minio.py took 0.059 seconds
[2026-03-24T17:19:06.081+0000] {processor.py:186} INFO - Started process (PID=31281) to work on /opt/airflow/dags/connect_to_minio.py
[2026-03-24T17:19:06.083+0000] {processor.py:914} INFO - Processing file /opt/airflow/dags/connect_to_minio.py for tasks to queue
[2026-03-24T17:19:06.086+0000] {logging_mixin.py:190} INFO - [2026-03-24T17:19:06.085+0000] {dagbag.py:588} INFO - Filling up the DagBag from /opt/airflow/dags/connect_to_minio.py
[2026-03-24T17:19:06.121+0000] {logging_mixin.py:190} INFO - [2026-03-24T17:19:06.119+0000] {dagbag.py:387} ERROR - Failed to import: /opt/airflow/dags/connect_to_minio.py
Traceback (most recent call last):
  File "/home/airflow/.local/lib/python3.12/site-packages/airflow/models/dagbag.py", line 383, in parse
    loader.exec_module(new_module)
  File "<frozen importlib._bootstrap_external>", line 999, in exec_module
  File "<frozen importlib._bootstrap>", line 488, in _call_with_frames_removed
  File "/opt/airflow/dags/connect_to_minio.py", line 42, in <module>
    repo_links=get_link();
               ^^^^^^^^^^
  File "/opt/airflow/dags/connect_to_minio.py", line 4, in get_link
    repo_links=Variable.get("LINKS",deserialize_json=True)
               ^^^^^^^^^^^^^^^^^^^^^^^^^^^^^^^^^^^^^^^^^^^
  File "/home/airflow/.local/lib/python3.12/site-packages/airflow/models/variable.py", line 145, in get
    raise KeyError(f"Variable {key} does not exist")
KeyError: 'Variable LINKS does not exist'
[2026-03-24T17:19:06.121+0000] {processor.py:927} WARNING - No viable dags retrieved from /opt/airflow/dags/connect_to_minio.py
[2026-03-24T17:19:06.134+0000] {processor.py:208} INFO - Processing /opt/airflow/dags/connect_to_minio.py took 0.061 seconds
[2026-03-24T17:19:36.858+0000] {processor.py:186} INFO - Started process (PID=31322) to work on /opt/airflow/dags/connect_to_minio.py
[2026-03-24T17:19:36.859+0000] {processor.py:914} INFO - Processing file /opt/airflow/dags/connect_to_minio.py for tasks to queue
[2026-03-24T17:19:36.862+0000] {logging_mixin.py:190} INFO - [2026-03-24T17:19:36.862+0000] {dagbag.py:588} INFO - Filling up the DagBag from /opt/airflow/dags/connect_to_minio.py
[2026-03-24T17:19:36.896+0000] {logging_mixin.py:190} INFO - [2026-03-24T17:19:36.895+0000] {dagbag.py:387} ERROR - Failed to import: /opt/airflow/dags/connect_to_minio.py
Traceback (most recent call last):
  File "/home/airflow/.local/lib/python3.12/site-packages/airflow/models/dagbag.py", line 383, in parse
    loader.exec_module(new_module)
  File "<frozen importlib._bootstrap_external>", line 999, in exec_module
  File "<frozen importlib._bootstrap>", line 488, in _call_with_frames_removed
  File "/opt/airflow/dags/connect_to_minio.py", line 42, in <module>
    repo_links=get_link();
               ^^^^^^^^^^
  File "/opt/airflow/dags/connect_to_minio.py", line 4, in get_link
    repo_links=Variable.get("LINKS",deserialize_json=True)
               ^^^^^^^^^^^^^^^^^^^^^^^^^^^^^^^^^^^^^^^^^^^
  File "/home/airflow/.local/lib/python3.12/site-packages/airflow/models/variable.py", line 145, in get
    raise KeyError(f"Variable {key} does not exist")
KeyError: 'Variable LINKS does not exist'
[2026-03-24T17:19:36.897+0000] {processor.py:927} WARNING - No viable dags retrieved from /opt/airflow/dags/connect_to_minio.py
[2026-03-24T17:19:36.910+0000] {processor.py:208} INFO - Processing /opt/airflow/dags/connect_to_minio.py took 0.060 seconds
[2026-03-24T17:20:07.641+0000] {processor.py:186} INFO - Started process (PID=31363) to work on /opt/airflow/dags/connect_to_minio.py
[2026-03-24T17:20:07.643+0000] {processor.py:914} INFO - Processing file /opt/airflow/dags/connect_to_minio.py for tasks to queue
[2026-03-24T17:20:07.646+0000] {logging_mixin.py:190} INFO - [2026-03-24T17:20:07.646+0000] {dagbag.py:588} INFO - Filling up the DagBag from /opt/airflow/dags/connect_to_minio.py
[2026-03-24T17:20:07.678+0000] {logging_mixin.py:190} INFO - [2026-03-24T17:20:07.676+0000] {dagbag.py:387} ERROR - Failed to import: /opt/airflow/dags/connect_to_minio.py
Traceback (most recent call last):
  File "/home/airflow/.local/lib/python3.12/site-packages/airflow/models/dagbag.py", line 383, in parse
    loader.exec_module(new_module)
  File "<frozen importlib._bootstrap_external>", line 999, in exec_module
  File "<frozen importlib._bootstrap>", line 488, in _call_with_frames_removed
  File "/opt/airflow/dags/connect_to_minio.py", line 42, in <module>
    repo_links=get_link();
               ^^^^^^^^^^
  File "/opt/airflow/dags/connect_to_minio.py", line 4, in get_link
    repo_links=Variable.get("LINKS",deserialize_json=True)
               ^^^^^^^^^^^^^^^^^^^^^^^^^^^^^^^^^^^^^^^^^^^
  File "/home/airflow/.local/lib/python3.12/site-packages/airflow/models/variable.py", line 145, in get
    raise KeyError(f"Variable {key} does not exist")
KeyError: 'Variable LINKS does not exist'
[2026-03-24T17:20:07.680+0000] {processor.py:927} WARNING - No viable dags retrieved from /opt/airflow/dags/connect_to_minio.py
[2026-03-24T17:20:07.694+0000] {processor.py:208} INFO - Processing /opt/airflow/dags/connect_to_minio.py took 0.063 seconds
[2026-03-24T17:20:38.426+0000] {processor.py:186} INFO - Started process (PID=31404) to work on /opt/airflow/dags/connect_to_minio.py
[2026-03-24T17:20:38.427+0000] {processor.py:914} INFO - Processing file /opt/airflow/dags/connect_to_minio.py for tasks to queue
[2026-03-24T17:20:38.430+0000] {logging_mixin.py:190} INFO - [2026-03-24T17:20:38.430+0000] {dagbag.py:588} INFO - Filling up the DagBag from /opt/airflow/dags/connect_to_minio.py
[2026-03-24T17:20:38.465+0000] {logging_mixin.py:190} INFO - [2026-03-24T17:20:38.463+0000] {dagbag.py:387} ERROR - Failed to import: /opt/airflow/dags/connect_to_minio.py
Traceback (most recent call last):
  File "/home/airflow/.local/lib/python3.12/site-packages/airflow/models/dagbag.py", line 383, in parse
    loader.exec_module(new_module)
  File "<frozen importlib._bootstrap_external>", line 999, in exec_module
  File "<frozen importlib._bootstrap>", line 488, in _call_with_frames_removed
  File "/opt/airflow/dags/connect_to_minio.py", line 42, in <module>
    repo_links=get_link();
               ^^^^^^^^^^
  File "/opt/airflow/dags/connect_to_minio.py", line 4, in get_link
    repo_links=Variable.get("LINKS",deserialize_json=True)
               ^^^^^^^^^^^^^^^^^^^^^^^^^^^^^^^^^^^^^^^^^^^
  File "/home/airflow/.local/lib/python3.12/site-packages/airflow/models/variable.py", line 145, in get
    raise KeyError(f"Variable {key} does not exist")
KeyError: 'Variable LINKS does not exist'
[2026-03-24T17:20:38.466+0000] {processor.py:927} WARNING - No viable dags retrieved from /opt/airflow/dags/connect_to_minio.py
[2026-03-24T17:20:38.479+0000] {processor.py:208} INFO - Processing /opt/airflow/dags/connect_to_minio.py took 0.063 seconds
[2026-03-24T17:21:09.198+0000] {processor.py:186} INFO - Started process (PID=31445) to work on /opt/airflow/dags/connect_to_minio.py
[2026-03-24T17:21:09.200+0000] {processor.py:914} INFO - Processing file /opt/airflow/dags/connect_to_minio.py for tasks to queue
[2026-03-24T17:21:09.204+0000] {logging_mixin.py:190} INFO - [2026-03-24T17:21:09.203+0000] {dagbag.py:588} INFO - Filling up the DagBag from /opt/airflow/dags/connect_to_minio.py
[2026-03-24T17:21:09.236+0000] {logging_mixin.py:190} INFO - [2026-03-24T17:21:09.234+0000] {dagbag.py:387} ERROR - Failed to import: /opt/airflow/dags/connect_to_minio.py
Traceback (most recent call last):
  File "/home/airflow/.local/lib/python3.12/site-packages/airflow/models/dagbag.py", line 383, in parse
    loader.exec_module(new_module)
  File "<frozen importlib._bootstrap_external>", line 999, in exec_module
  File "<frozen importlib._bootstrap>", line 488, in _call_with_frames_removed
  File "/opt/airflow/dags/connect_to_minio.py", line 42, in <module>
    repo_links=get_link();
               ^^^^^^^^^^
  File "/opt/airflow/dags/connect_to_minio.py", line 4, in get_link
    repo_links=Variable.get("LINKS",deserialize_json=True)
               ^^^^^^^^^^^^^^^^^^^^^^^^^^^^^^^^^^^^^^^^^^^
  File "/home/airflow/.local/lib/python3.12/site-packages/airflow/models/variable.py", line 145, in get
    raise KeyError(f"Variable {key} does not exist")
KeyError: 'Variable LINKS does not exist'
[2026-03-24T17:21:09.237+0000] {processor.py:927} WARNING - No viable dags retrieved from /opt/airflow/dags/connect_to_minio.py
[2026-03-24T17:21:09.249+0000] {processor.py:208} INFO - Processing /opt/airflow/dags/connect_to_minio.py took 0.062 seconds
[2026-03-24T17:21:39.964+0000] {processor.py:186} INFO - Started process (PID=31486) to work on /opt/airflow/dags/connect_to_minio.py
[2026-03-24T17:21:39.965+0000] {processor.py:914} INFO - Processing file /opt/airflow/dags/connect_to_minio.py for tasks to queue
[2026-03-24T17:21:39.969+0000] {logging_mixin.py:190} INFO - [2026-03-24T17:21:39.969+0000] {dagbag.py:588} INFO - Filling up the DagBag from /opt/airflow/dags/connect_to_minio.py
[2026-03-24T17:21:39.999+0000] {logging_mixin.py:190} INFO - [2026-03-24T17:21:39.997+0000] {dagbag.py:387} ERROR - Failed to import: /opt/airflow/dags/connect_to_minio.py
Traceback (most recent call last):
  File "/home/airflow/.local/lib/python3.12/site-packages/airflow/models/dagbag.py", line 383, in parse
    loader.exec_module(new_module)
  File "<frozen importlib._bootstrap_external>", line 999, in exec_module
  File "<frozen importlib._bootstrap>", line 488, in _call_with_frames_removed
  File "/opt/airflow/dags/connect_to_minio.py", line 42, in <module>
    repo_links=get_link();
               ^^^^^^^^^^
  File "/opt/airflow/dags/connect_to_minio.py", line 4, in get_link
    repo_links=Variable.get("LINKS",deserialize_json=True)
               ^^^^^^^^^^^^^^^^^^^^^^^^^^^^^^^^^^^^^^^^^^^
  File "/home/airflow/.local/lib/python3.12/site-packages/airflow/models/variable.py", line 145, in get
    raise KeyError(f"Variable {key} does not exist")
KeyError: 'Variable LINKS does not exist'
[2026-03-24T17:21:39.999+0000] {processor.py:927} WARNING - No viable dags retrieved from /opt/airflow/dags/connect_to_minio.py
[2026-03-24T17:21:40.014+0000] {processor.py:208} INFO - Processing /opt/airflow/dags/connect_to_minio.py took 0.057 seconds
[2026-03-24T17:22:10.734+0000] {processor.py:186} INFO - Started process (PID=31527) to work on /opt/airflow/dags/connect_to_minio.py
[2026-03-24T17:22:10.735+0000] {processor.py:914} INFO - Processing file /opt/airflow/dags/connect_to_minio.py for tasks to queue
[2026-03-24T17:22:10.738+0000] {logging_mixin.py:190} INFO - [2026-03-24T17:22:10.737+0000] {dagbag.py:588} INFO - Filling up the DagBag from /opt/airflow/dags/connect_to_minio.py
[2026-03-24T17:22:10.768+0000] {logging_mixin.py:190} INFO - [2026-03-24T17:22:10.766+0000] {dagbag.py:387} ERROR - Failed to import: /opt/airflow/dags/connect_to_minio.py
Traceback (most recent call last):
  File "/home/airflow/.local/lib/python3.12/site-packages/airflow/models/dagbag.py", line 383, in parse
    loader.exec_module(new_module)
  File "<frozen importlib._bootstrap_external>", line 999, in exec_module
  File "<frozen importlib._bootstrap>", line 488, in _call_with_frames_removed
  File "/opt/airflow/dags/connect_to_minio.py", line 42, in <module>
    repo_links=get_link();
               ^^^^^^^^^^
  File "/opt/airflow/dags/connect_to_minio.py", line 4, in get_link
    repo_links=Variable.get("LINKS",deserialize_json=True)
               ^^^^^^^^^^^^^^^^^^^^^^^^^^^^^^^^^^^^^^^^^^^
  File "/home/airflow/.local/lib/python3.12/site-packages/airflow/models/variable.py", line 145, in get
    raise KeyError(f"Variable {key} does not exist")
KeyError: 'Variable LINKS does not exist'
[2026-03-24T17:22:10.769+0000] {processor.py:927} WARNING - No viable dags retrieved from /opt/airflow/dags/connect_to_minio.py
[2026-03-24T17:22:10.783+0000] {processor.py:208} INFO - Processing /opt/airflow/dags/connect_to_minio.py took 0.060 seconds
[2026-03-24T17:22:41.510+0000] {processor.py:186} INFO - Started process (PID=31568) to work on /opt/airflow/dags/connect_to_minio.py
[2026-03-24T17:22:41.511+0000] {processor.py:914} INFO - Processing file /opt/airflow/dags/connect_to_minio.py for tasks to queue
[2026-03-24T17:22:41.514+0000] {logging_mixin.py:190} INFO - [2026-03-24T17:22:41.514+0000] {dagbag.py:588} INFO - Filling up the DagBag from /opt/airflow/dags/connect_to_minio.py
[2026-03-24T17:22:41.543+0000] {logging_mixin.py:190} INFO - [2026-03-24T17:22:41.541+0000] {dagbag.py:387} ERROR - Failed to import: /opt/airflow/dags/connect_to_minio.py
Traceback (most recent call last):
  File "/home/airflow/.local/lib/python3.12/site-packages/airflow/models/dagbag.py", line 383, in parse
    loader.exec_module(new_module)
  File "<frozen importlib._bootstrap_external>", line 999, in exec_module
  File "<frozen importlib._bootstrap>", line 488, in _call_with_frames_removed
  File "/opt/airflow/dags/connect_to_minio.py", line 42, in <module>
    repo_links=get_link();
               ^^^^^^^^^^
  File "/opt/airflow/dags/connect_to_minio.py", line 4, in get_link
    repo_links=Variable.get("LINKS",deserialize_json=True)
               ^^^^^^^^^^^^^^^^^^^^^^^^^^^^^^^^^^^^^^^^^^^
  File "/home/airflow/.local/lib/python3.12/site-packages/airflow/models/variable.py", line 145, in get
    raise KeyError(f"Variable {key} does not exist")
KeyError: 'Variable LINKS does not exist'
[2026-03-24T17:22:41.544+0000] {processor.py:927} WARNING - No viable dags retrieved from /opt/airflow/dags/connect_to_minio.py
[2026-03-24T17:22:41.560+0000] {processor.py:208} INFO - Processing /opt/airflow/dags/connect_to_minio.py took 0.058 seconds
[2026-03-24T17:23:12.293+0000] {processor.py:186} INFO - Started process (PID=31609) to work on /opt/airflow/dags/connect_to_minio.py
[2026-03-24T17:23:12.294+0000] {processor.py:914} INFO - Processing file /opt/airflow/dags/connect_to_minio.py for tasks to queue
[2026-03-24T17:23:12.297+0000] {logging_mixin.py:190} INFO - [2026-03-24T17:23:12.296+0000] {dagbag.py:588} INFO - Filling up the DagBag from /opt/airflow/dags/connect_to_minio.py
[2026-03-24T17:23:12.329+0000] {logging_mixin.py:190} INFO - [2026-03-24T17:23:12.327+0000] {dagbag.py:387} ERROR - Failed to import: /opt/airflow/dags/connect_to_minio.py
Traceback (most recent call last):
  File "/home/airflow/.local/lib/python3.12/site-packages/airflow/models/dagbag.py", line 383, in parse
    loader.exec_module(new_module)
  File "<frozen importlib._bootstrap_external>", line 999, in exec_module
  File "<frozen importlib._bootstrap>", line 488, in _call_with_frames_removed
  File "/opt/airflow/dags/connect_to_minio.py", line 42, in <module>
    repo_links=get_link();
               ^^^^^^^^^^
  File "/opt/airflow/dags/connect_to_minio.py", line 4, in get_link
    repo_links=Variable.get("LINKS",deserialize_json=True)
               ^^^^^^^^^^^^^^^^^^^^^^^^^^^^^^^^^^^^^^^^^^^
  File "/home/airflow/.local/lib/python3.12/site-packages/airflow/models/variable.py", line 145, in get
    raise KeyError(f"Variable {key} does not exist")
KeyError: 'Variable LINKS does not exist'
[2026-03-24T17:23:12.329+0000] {processor.py:927} WARNING - No viable dags retrieved from /opt/airflow/dags/connect_to_minio.py
[2026-03-24T17:23:12.341+0000] {processor.py:208} INFO - Processing /opt/airflow/dags/connect_to_minio.py took 0.055 seconds
[2026-03-24T17:23:43.107+0000] {processor.py:186} INFO - Started process (PID=31650) to work on /opt/airflow/dags/connect_to_minio.py
[2026-03-24T17:23:43.109+0000] {processor.py:914} INFO - Processing file /opt/airflow/dags/connect_to_minio.py for tasks to queue
[2026-03-24T17:23:43.112+0000] {logging_mixin.py:190} INFO - [2026-03-24T17:23:43.112+0000] {dagbag.py:588} INFO - Filling up the DagBag from /opt/airflow/dags/connect_to_minio.py
[2026-03-24T17:23:43.147+0000] {logging_mixin.py:190} INFO - [2026-03-24T17:23:43.145+0000] {dagbag.py:387} ERROR - Failed to import: /opt/airflow/dags/connect_to_minio.py
Traceback (most recent call last):
  File "/home/airflow/.local/lib/python3.12/site-packages/airflow/models/dagbag.py", line 383, in parse
    loader.exec_module(new_module)
  File "<frozen importlib._bootstrap_external>", line 999, in exec_module
  File "<frozen importlib._bootstrap>", line 488, in _call_with_frames_removed
  File "/opt/airflow/dags/connect_to_minio.py", line 42, in <module>
    repo_links=get_link();
               ^^^^^^^^^^
  File "/opt/airflow/dags/connect_to_minio.py", line 4, in get_link
    repo_links=Variable.get("LINKS",deserialize_json=True)
               ^^^^^^^^^^^^^^^^^^^^^^^^^^^^^^^^^^^^^^^^^^^
  File "/home/airflow/.local/lib/python3.12/site-packages/airflow/models/variable.py", line 145, in get
    raise KeyError(f"Variable {key} does not exist")
KeyError: 'Variable LINKS does not exist'
[2026-03-24T17:23:43.148+0000] {processor.py:927} WARNING - No viable dags retrieved from /opt/airflow/dags/connect_to_minio.py
[2026-03-24T17:23:43.162+0000] {processor.py:208} INFO - Processing /opt/airflow/dags/connect_to_minio.py took 0.065 seconds
[2026-03-24T17:24:13.909+0000] {processor.py:186} INFO - Started process (PID=31691) to work on /opt/airflow/dags/connect_to_minio.py
[2026-03-24T17:24:13.910+0000] {processor.py:914} INFO - Processing file /opt/airflow/dags/connect_to_minio.py for tasks to queue
[2026-03-24T17:24:13.913+0000] {logging_mixin.py:190} INFO - [2026-03-24T17:24:13.913+0000] {dagbag.py:588} INFO - Filling up the DagBag from /opt/airflow/dags/connect_to_minio.py
[2026-03-24T17:24:13.945+0000] {logging_mixin.py:190} INFO - [2026-03-24T17:24:13.943+0000] {dagbag.py:387} ERROR - Failed to import: /opt/airflow/dags/connect_to_minio.py
Traceback (most recent call last):
  File "/home/airflow/.local/lib/python3.12/site-packages/airflow/models/dagbag.py", line 383, in parse
    loader.exec_module(new_module)
  File "<frozen importlib._bootstrap_external>", line 999, in exec_module
  File "<frozen importlib._bootstrap>", line 488, in _call_with_frames_removed
  File "/opt/airflow/dags/connect_to_minio.py", line 42, in <module>
    repo_links=get_link();
               ^^^^^^^^^^
  File "/opt/airflow/dags/connect_to_minio.py", line 4, in get_link
    repo_links=Variable.get("LINKS",deserialize_json=True)
               ^^^^^^^^^^^^^^^^^^^^^^^^^^^^^^^^^^^^^^^^^^^
  File "/home/airflow/.local/lib/python3.12/site-packages/airflow/models/variable.py", line 145, in get
    raise KeyError(f"Variable {key} does not exist")
KeyError: 'Variable LINKS does not exist'
[2026-03-24T17:24:13.946+0000] {processor.py:927} WARNING - No viable dags retrieved from /opt/airflow/dags/connect_to_minio.py
[2026-03-24T17:24:13.961+0000] {processor.py:208} INFO - Processing /opt/airflow/dags/connect_to_minio.py took 0.069 seconds
[2026-03-24T17:24:44.724+0000] {processor.py:186} INFO - Started process (PID=31732) to work on /opt/airflow/dags/connect_to_minio.py
[2026-03-24T17:24:44.725+0000] {processor.py:914} INFO - Processing file /opt/airflow/dags/connect_to_minio.py for tasks to queue
[2026-03-24T17:24:44.729+0000] {logging_mixin.py:190} INFO - [2026-03-24T17:24:44.728+0000] {dagbag.py:588} INFO - Filling up the DagBag from /opt/airflow/dags/connect_to_minio.py
[2026-03-24T17:24:44.762+0000] {logging_mixin.py:190} INFO - [2026-03-24T17:24:44.760+0000] {dagbag.py:387} ERROR - Failed to import: /opt/airflow/dags/connect_to_minio.py
Traceback (most recent call last):
  File "/home/airflow/.local/lib/python3.12/site-packages/airflow/models/dagbag.py", line 383, in parse
    loader.exec_module(new_module)
  File "<frozen importlib._bootstrap_external>", line 999, in exec_module
  File "<frozen importlib._bootstrap>", line 488, in _call_with_frames_removed
  File "/opt/airflow/dags/connect_to_minio.py", line 42, in <module>
    repo_links=get_link();
               ^^^^^^^^^^
  File "/opt/airflow/dags/connect_to_minio.py", line 4, in get_link
    repo_links=Variable.get("LINKS",deserialize_json=True)
               ^^^^^^^^^^^^^^^^^^^^^^^^^^^^^^^^^^^^^^^^^^^
  File "/home/airflow/.local/lib/python3.12/site-packages/airflow/models/variable.py", line 145, in get
    raise KeyError(f"Variable {key} does not exist")
KeyError: 'Variable LINKS does not exist'
[2026-03-24T17:24:44.763+0000] {processor.py:927} WARNING - No viable dags retrieved from /opt/airflow/dags/connect_to_minio.py
[2026-03-24T17:24:44.777+0000] {processor.py:208} INFO - Processing /opt/airflow/dags/connect_to_minio.py took 0.065 seconds
[2026-03-24T17:25:15.504+0000] {processor.py:186} INFO - Started process (PID=31775) to work on /opt/airflow/dags/connect_to_minio.py
[2026-03-24T17:25:15.505+0000] {processor.py:914} INFO - Processing file /opt/airflow/dags/connect_to_minio.py for tasks to queue
[2026-03-24T17:25:15.508+0000] {logging_mixin.py:190} INFO - [2026-03-24T17:25:15.507+0000] {dagbag.py:588} INFO - Filling up the DagBag from /opt/airflow/dags/connect_to_minio.py
[2026-03-24T17:25:15.539+0000] {logging_mixin.py:190} INFO - [2026-03-24T17:25:15.537+0000] {dagbag.py:387} ERROR - Failed to import: /opt/airflow/dags/connect_to_minio.py
Traceback (most recent call last):
  File "/home/airflow/.local/lib/python3.12/site-packages/airflow/models/dagbag.py", line 383, in parse
    loader.exec_module(new_module)
  File "<frozen importlib._bootstrap_external>", line 999, in exec_module
  File "<frozen importlib._bootstrap>", line 488, in _call_with_frames_removed
  File "/opt/airflow/dags/connect_to_minio.py", line 42, in <module>
    repo_links=get_link();
               ^^^^^^^^^^
  File "/opt/airflow/dags/connect_to_minio.py", line 4, in get_link
    repo_links=Variable.get("LINKS",deserialize_json=True)
               ^^^^^^^^^^^^^^^^^^^^^^^^^^^^^^^^^^^^^^^^^^^
  File "/home/airflow/.local/lib/python3.12/site-packages/airflow/models/variable.py", line 145, in get
    raise KeyError(f"Variable {key} does not exist")
KeyError: 'Variable LINKS does not exist'
[2026-03-24T17:25:15.539+0000] {processor.py:927} WARNING - No viable dags retrieved from /opt/airflow/dags/connect_to_minio.py
[2026-03-24T17:25:15.551+0000] {processor.py:208} INFO - Processing /opt/airflow/dags/connect_to_minio.py took 0.054 seconds
[2026-03-24T17:25:46.274+0000] {processor.py:186} INFO - Started process (PID=31814) to work on /opt/airflow/dags/connect_to_minio.py
[2026-03-24T17:25:46.275+0000] {processor.py:914} INFO - Processing file /opt/airflow/dags/connect_to_minio.py for tasks to queue
[2026-03-24T17:25:46.278+0000] {logging_mixin.py:190} INFO - [2026-03-24T17:25:46.277+0000] {dagbag.py:588} INFO - Filling up the DagBag from /opt/airflow/dags/connect_to_minio.py
[2026-03-24T17:25:46.311+0000] {logging_mixin.py:190} INFO - [2026-03-24T17:25:46.310+0000] {dagbag.py:387} ERROR - Failed to import: /opt/airflow/dags/connect_to_minio.py
Traceback (most recent call last):
  File "/home/airflow/.local/lib/python3.12/site-packages/airflow/models/dagbag.py", line 383, in parse
    loader.exec_module(new_module)
  File "<frozen importlib._bootstrap_external>", line 999, in exec_module
  File "<frozen importlib._bootstrap>", line 488, in _call_with_frames_removed
  File "/opt/airflow/dags/connect_to_minio.py", line 42, in <module>
    repo_links=get_link();
               ^^^^^^^^^^
  File "/opt/airflow/dags/connect_to_minio.py", line 4, in get_link
    repo_links=Variable.get("LINKS",deserialize_json=True)
               ^^^^^^^^^^^^^^^^^^^^^^^^^^^^^^^^^^^^^^^^^^^
  File "/home/airflow/.local/lib/python3.12/site-packages/airflow/models/variable.py", line 145, in get
    raise KeyError(f"Variable {key} does not exist")
KeyError: 'Variable LINKS does not exist'
[2026-03-24T17:25:46.312+0000] {processor.py:927} WARNING - No viable dags retrieved from /opt/airflow/dags/connect_to_minio.py
[2026-03-24T17:25:46.325+0000] {processor.py:208} INFO - Processing /opt/airflow/dags/connect_to_minio.py took 0.060 seconds
[2026-03-24T17:26:17.075+0000] {processor.py:186} INFO - Started process (PID=31855) to work on /opt/airflow/dags/connect_to_minio.py
[2026-03-24T17:26:17.077+0000] {processor.py:914} INFO - Processing file /opt/airflow/dags/connect_to_minio.py for tasks to queue
[2026-03-24T17:26:17.080+0000] {logging_mixin.py:190} INFO - [2026-03-24T17:26:17.079+0000] {dagbag.py:588} INFO - Filling up the DagBag from /opt/airflow/dags/connect_to_minio.py
[2026-03-24T17:26:17.111+0000] {logging_mixin.py:190} INFO - [2026-03-24T17:26:17.109+0000] {dagbag.py:387} ERROR - Failed to import: /opt/airflow/dags/connect_to_minio.py
Traceback (most recent call last):
  File "/home/airflow/.local/lib/python3.12/site-packages/airflow/models/dagbag.py", line 383, in parse
    loader.exec_module(new_module)
  File "<frozen importlib._bootstrap_external>", line 999, in exec_module
  File "<frozen importlib._bootstrap>", line 488, in _call_with_frames_removed
  File "/opt/airflow/dags/connect_to_minio.py", line 42, in <module>
    repo_links=get_link();
               ^^^^^^^^^^
  File "/opt/airflow/dags/connect_to_minio.py", line 4, in get_link
    repo_links=Variable.get("LINKS",deserialize_json=True)
               ^^^^^^^^^^^^^^^^^^^^^^^^^^^^^^^^^^^^^^^^^^^
  File "/home/airflow/.local/lib/python3.12/site-packages/airflow/models/variable.py", line 145, in get
    raise KeyError(f"Variable {key} does not exist")
KeyError: 'Variable LINKS does not exist'
[2026-03-24T17:26:17.112+0000] {processor.py:927} WARNING - No viable dags retrieved from /opt/airflow/dags/connect_to_minio.py
[2026-03-24T17:26:17.126+0000] {processor.py:208} INFO - Processing /opt/airflow/dags/connect_to_minio.py took 0.060 seconds
[2026-03-24T17:26:47.838+0000] {processor.py:186} INFO - Started process (PID=31896) to work on /opt/airflow/dags/connect_to_minio.py
[2026-03-24T17:26:47.840+0000] {processor.py:914} INFO - Processing file /opt/airflow/dags/connect_to_minio.py for tasks to queue
[2026-03-24T17:26:47.843+0000] {logging_mixin.py:190} INFO - [2026-03-24T17:26:47.842+0000] {dagbag.py:588} INFO - Filling up the DagBag from /opt/airflow/dags/connect_to_minio.py
[2026-03-24T17:26:47.877+0000] {logging_mixin.py:190} INFO - [2026-03-24T17:26:47.875+0000] {dagbag.py:387} ERROR - Failed to import: /opt/airflow/dags/connect_to_minio.py
Traceback (most recent call last):
  File "/home/airflow/.local/lib/python3.12/site-packages/airflow/models/dagbag.py", line 383, in parse
    loader.exec_module(new_module)
  File "<frozen importlib._bootstrap_external>", line 999, in exec_module
  File "<frozen importlib._bootstrap>", line 488, in _call_with_frames_removed
  File "/opt/airflow/dags/connect_to_minio.py", line 42, in <module>
    repo_links=get_link();
               ^^^^^^^^^^
  File "/opt/airflow/dags/connect_to_minio.py", line 4, in get_link
    repo_links=Variable.get("LINKS",deserialize_json=True)
               ^^^^^^^^^^^^^^^^^^^^^^^^^^^^^^^^^^^^^^^^^^^
  File "/home/airflow/.local/lib/python3.12/site-packages/airflow/models/variable.py", line 145, in get
    raise KeyError(f"Variable {key} does not exist")
KeyError: 'Variable LINKS does not exist'
[2026-03-24T17:26:47.878+0000] {processor.py:927} WARNING - No viable dags retrieved from /opt/airflow/dags/connect_to_minio.py
[2026-03-24T17:26:47.893+0000] {processor.py:208} INFO - Processing /opt/airflow/dags/connect_to_minio.py took 0.064 seconds
[2026-03-24T17:27:18.584+0000] {processor.py:186} INFO - Started process (PID=31937) to work on /opt/airflow/dags/connect_to_minio.py
[2026-03-24T17:27:18.585+0000] {processor.py:914} INFO - Processing file /opt/airflow/dags/connect_to_minio.py for tasks to queue
[2026-03-24T17:27:18.589+0000] {logging_mixin.py:190} INFO - [2026-03-24T17:27:18.588+0000] {dagbag.py:588} INFO - Filling up the DagBag from /opt/airflow/dags/connect_to_minio.py
[2026-03-24T17:27:18.625+0000] {logging_mixin.py:190} INFO - [2026-03-24T17:27:18.622+0000] {dagbag.py:387} ERROR - Failed to import: /opt/airflow/dags/connect_to_minio.py
Traceback (most recent call last):
  File "/home/airflow/.local/lib/python3.12/site-packages/airflow/models/dagbag.py", line 383, in parse
    loader.exec_module(new_module)
  File "<frozen importlib._bootstrap_external>", line 999, in exec_module
  File "<frozen importlib._bootstrap>", line 488, in _call_with_frames_removed
  File "/opt/airflow/dags/connect_to_minio.py", line 42, in <module>
    repo_links=get_link();
               ^^^^^^^^^^
  File "/opt/airflow/dags/connect_to_minio.py", line 4, in get_link
    repo_links=Variable.get("LINKS",deserialize_json=True)
               ^^^^^^^^^^^^^^^^^^^^^^^^^^^^^^^^^^^^^^^^^^^
  File "/home/airflow/.local/lib/python3.12/site-packages/airflow/models/variable.py", line 145, in get
    raise KeyError(f"Variable {key} does not exist")
KeyError: 'Variable LINKS does not exist'
[2026-03-24T17:27:18.626+0000] {processor.py:927} WARNING - No viable dags retrieved from /opt/airflow/dags/connect_to_minio.py
[2026-03-24T17:27:18.640+0000] {processor.py:208} INFO - Processing /opt/airflow/dags/connect_to_minio.py took 0.067 seconds
[2026-03-24T17:27:49.378+0000] {processor.py:186} INFO - Started process (PID=31978) to work on /opt/airflow/dags/connect_to_minio.py
[2026-03-24T17:27:49.379+0000] {processor.py:914} INFO - Processing file /opt/airflow/dags/connect_to_minio.py for tasks to queue
[2026-03-24T17:27:49.382+0000] {logging_mixin.py:190} INFO - [2026-03-24T17:27:49.382+0000] {dagbag.py:588} INFO - Filling up the DagBag from /opt/airflow/dags/connect_to_minio.py
[2026-03-24T17:27:49.418+0000] {logging_mixin.py:190} INFO - [2026-03-24T17:27:49.416+0000] {dagbag.py:387} ERROR - Failed to import: /opt/airflow/dags/connect_to_minio.py
Traceback (most recent call last):
  File "/home/airflow/.local/lib/python3.12/site-packages/airflow/models/dagbag.py", line 383, in parse
    loader.exec_module(new_module)
  File "<frozen importlib._bootstrap_external>", line 999, in exec_module
  File "<frozen importlib._bootstrap>", line 488, in _call_with_frames_removed
  File "/opt/airflow/dags/connect_to_minio.py", line 42, in <module>
    repo_links=get_link();
               ^^^^^^^^^^
  File "/opt/airflow/dags/connect_to_minio.py", line 4, in get_link
    repo_links=Variable.get("LINKS",deserialize_json=True)
               ^^^^^^^^^^^^^^^^^^^^^^^^^^^^^^^^^^^^^^^^^^^
  File "/home/airflow/.local/lib/python3.12/site-packages/airflow/models/variable.py", line 145, in get
    raise KeyError(f"Variable {key} does not exist")
KeyError: 'Variable LINKS does not exist'
[2026-03-24T17:27:49.419+0000] {processor.py:927} WARNING - No viable dags retrieved from /opt/airflow/dags/connect_to_minio.py
[2026-03-24T17:27:49.432+0000] {processor.py:208} INFO - Processing /opt/airflow/dags/connect_to_minio.py took 0.063 seconds
[2026-03-24T17:28:20.180+0000] {processor.py:186} INFO - Started process (PID=32019) to work on /opt/airflow/dags/connect_to_minio.py
[2026-03-24T17:28:20.182+0000] {processor.py:914} INFO - Processing file /opt/airflow/dags/connect_to_minio.py for tasks to queue
[2026-03-24T17:28:20.185+0000] {logging_mixin.py:190} INFO - [2026-03-24T17:28:20.185+0000] {dagbag.py:588} INFO - Filling up the DagBag from /opt/airflow/dags/connect_to_minio.py
[2026-03-24T17:28:20.220+0000] {logging_mixin.py:190} INFO - [2026-03-24T17:28:20.218+0000] {dagbag.py:387} ERROR - Failed to import: /opt/airflow/dags/connect_to_minio.py
Traceback (most recent call last):
  File "/home/airflow/.local/lib/python3.12/site-packages/airflow/models/dagbag.py", line 383, in parse
    loader.exec_module(new_module)
  File "<frozen importlib._bootstrap_external>", line 999, in exec_module
  File "<frozen importlib._bootstrap>", line 488, in _call_with_frames_removed
  File "/opt/airflow/dags/connect_to_minio.py", line 42, in <module>
    repo_links=get_link();
               ^^^^^^^^^^
  File "/opt/airflow/dags/connect_to_minio.py", line 4, in get_link
    repo_links=Variable.get("LINKS",deserialize_json=True)
               ^^^^^^^^^^^^^^^^^^^^^^^^^^^^^^^^^^^^^^^^^^^
  File "/home/airflow/.local/lib/python3.12/site-packages/airflow/models/variable.py", line 145, in get
    raise KeyError(f"Variable {key} does not exist")
KeyError: 'Variable LINKS does not exist'
[2026-03-24T17:28:20.221+0000] {processor.py:927} WARNING - No viable dags retrieved from /opt/airflow/dags/connect_to_minio.py
[2026-03-24T17:28:20.237+0000] {processor.py:208} INFO - Processing /opt/airflow/dags/connect_to_minio.py took 0.067 seconds
[2026-03-24T17:28:50.939+0000] {processor.py:186} INFO - Started process (PID=32060) to work on /opt/airflow/dags/connect_to_minio.py
[2026-03-24T17:28:50.941+0000] {processor.py:914} INFO - Processing file /opt/airflow/dags/connect_to_minio.py for tasks to queue
[2026-03-24T17:28:50.943+0000] {logging_mixin.py:190} INFO - [2026-03-24T17:28:50.943+0000] {dagbag.py:588} INFO - Filling up the DagBag from /opt/airflow/dags/connect_to_minio.py
[2026-03-24T17:28:50.975+0000] {logging_mixin.py:190} INFO - [2026-03-24T17:28:50.973+0000] {dagbag.py:387} ERROR - Failed to import: /opt/airflow/dags/connect_to_minio.py
Traceback (most recent call last):
  File "/home/airflow/.local/lib/python3.12/site-packages/airflow/models/dagbag.py", line 383, in parse
    loader.exec_module(new_module)
  File "<frozen importlib._bootstrap_external>", line 999, in exec_module
  File "<frozen importlib._bootstrap>", line 488, in _call_with_frames_removed
  File "/opt/airflow/dags/connect_to_minio.py", line 42, in <module>
    repo_links=get_link();
               ^^^^^^^^^^
  File "/opt/airflow/dags/connect_to_minio.py", line 4, in get_link
    repo_links=Variable.get("LINKS",deserialize_json=True)
               ^^^^^^^^^^^^^^^^^^^^^^^^^^^^^^^^^^^^^^^^^^^
  File "/home/airflow/.local/lib/python3.12/site-packages/airflow/models/variable.py", line 145, in get
    raise KeyError(f"Variable {key} does not exist")
KeyError: 'Variable LINKS does not exist'
[2026-03-24T17:28:50.976+0000] {processor.py:927} WARNING - No viable dags retrieved from /opt/airflow/dags/connect_to_minio.py
[2026-03-24T17:28:50.989+0000] {processor.py:208} INFO - Processing /opt/airflow/dags/connect_to_minio.py took 0.056 seconds
[2026-03-24T17:29:21.711+0000] {processor.py:186} INFO - Started process (PID=32101) to work on /opt/airflow/dags/connect_to_minio.py
[2026-03-24T17:29:21.713+0000] {processor.py:914} INFO - Processing file /opt/airflow/dags/connect_to_minio.py for tasks to queue
[2026-03-24T17:29:21.716+0000] {logging_mixin.py:190} INFO - [2026-03-24T17:29:21.715+0000] {dagbag.py:588} INFO - Filling up the DagBag from /opt/airflow/dags/connect_to_minio.py
[2026-03-24T17:29:21.746+0000] {logging_mixin.py:190} INFO - [2026-03-24T17:29:21.744+0000] {dagbag.py:387} ERROR - Failed to import: /opt/airflow/dags/connect_to_minio.py
Traceback (most recent call last):
  File "/home/airflow/.local/lib/python3.12/site-packages/airflow/models/dagbag.py", line 383, in parse
    loader.exec_module(new_module)
  File "<frozen importlib._bootstrap_external>", line 999, in exec_module
  File "<frozen importlib._bootstrap>", line 488, in _call_with_frames_removed
  File "/opt/airflow/dags/connect_to_minio.py", line 42, in <module>
    repo_links=get_link();
               ^^^^^^^^^^
  File "/opt/airflow/dags/connect_to_minio.py", line 4, in get_link
    repo_links=Variable.get("LINKS",deserialize_json=True)
               ^^^^^^^^^^^^^^^^^^^^^^^^^^^^^^^^^^^^^^^^^^^
  File "/home/airflow/.local/lib/python3.12/site-packages/airflow/models/variable.py", line 145, in get
    raise KeyError(f"Variable {key} does not exist")
KeyError: 'Variable LINKS does not exist'
[2026-03-24T17:29:21.747+0000] {processor.py:927} WARNING - No viable dags retrieved from /opt/airflow/dags/connect_to_minio.py
[2026-03-24T17:29:21.759+0000] {processor.py:208} INFO - Processing /opt/airflow/dags/connect_to_minio.py took 0.055 seconds
[2026-03-24T17:29:52.503+0000] {processor.py:186} INFO - Started process (PID=32142) to work on /opt/airflow/dags/connect_to_minio.py
[2026-03-24T17:29:52.504+0000] {processor.py:914} INFO - Processing file /opt/airflow/dags/connect_to_minio.py for tasks to queue
[2026-03-24T17:29:52.507+0000] {logging_mixin.py:190} INFO - [2026-03-24T17:29:52.507+0000] {dagbag.py:588} INFO - Filling up the DagBag from /opt/airflow/dags/connect_to_minio.py
[2026-03-24T17:29:52.546+0000] {logging_mixin.py:190} INFO - [2026-03-24T17:29:52.544+0000] {dagbag.py:387} ERROR - Failed to import: /opt/airflow/dags/connect_to_minio.py
Traceback (most recent call last):
  File "/home/airflow/.local/lib/python3.12/site-packages/airflow/models/dagbag.py", line 383, in parse
    loader.exec_module(new_module)
  File "<frozen importlib._bootstrap_external>", line 999, in exec_module
  File "<frozen importlib._bootstrap>", line 488, in _call_with_frames_removed
  File "/opt/airflow/dags/connect_to_minio.py", line 42, in <module>
    repo_links=get_link();
               ^^^^^^^^^^
  File "/opt/airflow/dags/connect_to_minio.py", line 4, in get_link
    repo_links=Variable.get("LINKS",deserialize_json=True)
               ^^^^^^^^^^^^^^^^^^^^^^^^^^^^^^^^^^^^^^^^^^^
  File "/home/airflow/.local/lib/python3.12/site-packages/airflow/models/variable.py", line 145, in get
    raise KeyError(f"Variable {key} does not exist")
KeyError: 'Variable LINKS does not exist'
[2026-03-24T17:29:52.547+0000] {processor.py:927} WARNING - No viable dags retrieved from /opt/airflow/dags/connect_to_minio.py
[2026-03-24T17:29:52.564+0000] {processor.py:208} INFO - Processing /opt/airflow/dags/connect_to_minio.py took 0.071 seconds
[2026-03-24T17:30:23.178+0000] {processor.py:186} INFO - Started process (PID=32189) to work on /opt/airflow/dags/connect_to_minio.py
[2026-03-24T17:30:23.179+0000] {processor.py:914} INFO - Processing file /opt/airflow/dags/connect_to_minio.py for tasks to queue
[2026-03-24T17:30:23.182+0000] {logging_mixin.py:190} INFO - [2026-03-24T17:30:23.181+0000] {dagbag.py:588} INFO - Filling up the DagBag from /opt/airflow/dags/connect_to_minio.py
[2026-03-24T17:30:23.211+0000] {logging_mixin.py:190} INFO - [2026-03-24T17:30:23.209+0000] {dagbag.py:387} ERROR - Failed to import: /opt/airflow/dags/connect_to_minio.py
Traceback (most recent call last):
  File "/home/airflow/.local/lib/python3.12/site-packages/airflow/models/dagbag.py", line 383, in parse
    loader.exec_module(new_module)
  File "<frozen importlib._bootstrap_external>", line 999, in exec_module
  File "<frozen importlib._bootstrap>", line 488, in _call_with_frames_removed
  File "/opt/airflow/dags/connect_to_minio.py", line 42, in <module>
    repo_links=get_link();
               ^^^^^^^^^^
  File "/opt/airflow/dags/connect_to_minio.py", line 4, in get_link
    repo_links=Variable.get("LINKS",deserialize_json=True)
               ^^^^^^^^^^^^^^^^^^^^^^^^^^^^^^^^^^^^^^^^^^^
  File "/home/airflow/.local/lib/python3.12/site-packages/airflow/models/variable.py", line 145, in get
    raise KeyError(f"Variable {key} does not exist")
KeyError: 'Variable LINKS does not exist'
[2026-03-24T17:30:23.212+0000] {processor.py:927} WARNING - No viable dags retrieved from /opt/airflow/dags/connect_to_minio.py
[2026-03-24T17:30:23.224+0000] {processor.py:208} INFO - Processing /opt/airflow/dags/connect_to_minio.py took 0.054 seconds
[2026-03-24T17:30:53.947+0000] {processor.py:186} INFO - Started process (PID=32230) to work on /opt/airflow/dags/connect_to_minio.py
[2026-03-24T17:30:53.948+0000] {processor.py:914} INFO - Processing file /opt/airflow/dags/connect_to_minio.py for tasks to queue
[2026-03-24T17:30:53.950+0000] {logging_mixin.py:190} INFO - [2026-03-24T17:30:53.950+0000] {dagbag.py:588} INFO - Filling up the DagBag from /opt/airflow/dags/connect_to_minio.py
[2026-03-24T17:30:53.981+0000] {logging_mixin.py:190} INFO - [2026-03-24T17:30:53.979+0000] {dagbag.py:387} ERROR - Failed to import: /opt/airflow/dags/connect_to_minio.py
Traceback (most recent call last):
  File "/home/airflow/.local/lib/python3.12/site-packages/airflow/models/dagbag.py", line 383, in parse
    loader.exec_module(new_module)
  File "<frozen importlib._bootstrap_external>", line 999, in exec_module
  File "<frozen importlib._bootstrap>", line 488, in _call_with_frames_removed
  File "/opt/airflow/dags/connect_to_minio.py", line 42, in <module>
    repo_links=get_link();
               ^^^^^^^^^^
  File "/opt/airflow/dags/connect_to_minio.py", line 4, in get_link
    repo_links=Variable.get("LINKS",deserialize_json=True)
               ^^^^^^^^^^^^^^^^^^^^^^^^^^^^^^^^^^^^^^^^^^^
  File "/home/airflow/.local/lib/python3.12/site-packages/airflow/models/variable.py", line 145, in get
    raise KeyError(f"Variable {key} does not exist")
KeyError: 'Variable LINKS does not exist'
[2026-03-24T17:30:53.982+0000] {processor.py:927} WARNING - No viable dags retrieved from /opt/airflow/dags/connect_to_minio.py
[2026-03-24T17:30:53.996+0000] {processor.py:208} INFO - Processing /opt/airflow/dags/connect_to_minio.py took 0.057 seconds
[2026-03-24T17:31:24.726+0000] {processor.py:186} INFO - Started process (PID=32271) to work on /opt/airflow/dags/connect_to_minio.py
[2026-03-24T17:31:24.727+0000] {processor.py:914} INFO - Processing file /opt/airflow/dags/connect_to_minio.py for tasks to queue
[2026-03-24T17:31:24.730+0000] {logging_mixin.py:190} INFO - [2026-03-24T17:31:24.729+0000] {dagbag.py:588} INFO - Filling up the DagBag from /opt/airflow/dags/connect_to_minio.py
[2026-03-24T17:31:24.760+0000] {logging_mixin.py:190} INFO - [2026-03-24T17:31:24.758+0000] {dagbag.py:387} ERROR - Failed to import: /opt/airflow/dags/connect_to_minio.py
Traceback (most recent call last):
  File "/home/airflow/.local/lib/python3.12/site-packages/airflow/models/dagbag.py", line 383, in parse
    loader.exec_module(new_module)
  File "<frozen importlib._bootstrap_external>", line 999, in exec_module
  File "<frozen importlib._bootstrap>", line 488, in _call_with_frames_removed
  File "/opt/airflow/dags/connect_to_minio.py", line 42, in <module>
    repo_links=get_link();
               ^^^^^^^^^^
  File "/opt/airflow/dags/connect_to_minio.py", line 4, in get_link
    repo_links=Variable.get("LINKS",deserialize_json=True)
               ^^^^^^^^^^^^^^^^^^^^^^^^^^^^^^^^^^^^^^^^^^^
  File "/home/airflow/.local/lib/python3.12/site-packages/airflow/models/variable.py", line 145, in get
    raise KeyError(f"Variable {key} does not exist")
KeyError: 'Variable LINKS does not exist'
[2026-03-24T17:31:24.761+0000] {processor.py:927} WARNING - No viable dags retrieved from /opt/airflow/dags/connect_to_minio.py
[2026-03-24T17:31:24.775+0000] {processor.py:208} INFO - Processing /opt/airflow/dags/connect_to_minio.py took 0.057 seconds
[2026-03-24T17:31:55.473+0000] {processor.py:186} INFO - Started process (PID=32314) to work on /opt/airflow/dags/connect_to_minio.py
[2026-03-24T17:31:55.474+0000] {processor.py:914} INFO - Processing file /opt/airflow/dags/connect_to_minio.py for tasks to queue
[2026-03-24T17:31:55.476+0000] {logging_mixin.py:190} INFO - [2026-03-24T17:31:55.476+0000] {dagbag.py:588} INFO - Filling up the DagBag from /opt/airflow/dags/connect_to_minio.py
[2026-03-24T17:31:55.502+0000] {logging_mixin.py:190} INFO - [2026-03-24T17:31:55.500+0000] {dagbag.py:387} ERROR - Failed to import: /opt/airflow/dags/connect_to_minio.py
Traceback (most recent call last):
  File "/home/airflow/.local/lib/python3.12/site-packages/airflow/models/dagbag.py", line 383, in parse
    loader.exec_module(new_module)
  File "<frozen importlib._bootstrap_external>", line 999, in exec_module
  File "<frozen importlib._bootstrap>", line 488, in _call_with_frames_removed
  File "/opt/airflow/dags/connect_to_minio.py", line 42, in <module>
    repo_links=get_link();
               ^^^^^^^^^^
  File "/opt/airflow/dags/connect_to_minio.py", line 4, in get_link
    repo_links=Variable.get("LINKS",deserialize_json=True)
               ^^^^^^^^^^^^^^^^^^^^^^^^^^^^^^^^^^^^^^^^^^^
  File "/home/airflow/.local/lib/python3.12/site-packages/airflow/models/variable.py", line 145, in get
    raise KeyError(f"Variable {key} does not exist")
KeyError: 'Variable LINKS does not exist'
[2026-03-24T17:31:55.502+0000] {processor.py:927} WARNING - No viable dags retrieved from /opt/airflow/dags/connect_to_minio.py
[2026-03-24T17:31:55.515+0000] {processor.py:208} INFO - Processing /opt/airflow/dags/connect_to_minio.py took 0.048 seconds
[2026-03-24T17:32:26.207+0000] {processor.py:186} INFO - Started process (PID=32353) to work on /opt/airflow/dags/connect_to_minio.py
[2026-03-24T17:32:26.208+0000] {processor.py:914} INFO - Processing file /opt/airflow/dags/connect_to_minio.py for tasks to queue
[2026-03-24T17:32:26.211+0000] {logging_mixin.py:190} INFO - [2026-03-24T17:32:26.210+0000] {dagbag.py:588} INFO - Filling up the DagBag from /opt/airflow/dags/connect_to_minio.py
[2026-03-24T17:32:26.238+0000] {logging_mixin.py:190} INFO - [2026-03-24T17:32:26.236+0000] {dagbag.py:387} ERROR - Failed to import: /opt/airflow/dags/connect_to_minio.py
Traceback (most recent call last):
  File "/home/airflow/.local/lib/python3.12/site-packages/airflow/models/dagbag.py", line 383, in parse
    loader.exec_module(new_module)
  File "<frozen importlib._bootstrap_external>", line 999, in exec_module
  File "<frozen importlib._bootstrap>", line 488, in _call_with_frames_removed
  File "/opt/airflow/dags/connect_to_minio.py", line 42, in <module>
    repo_links=get_link();
               ^^^^^^^^^^
  File "/opt/airflow/dags/connect_to_minio.py", line 4, in get_link
    repo_links=Variable.get("LINKS",deserialize_json=True)
               ^^^^^^^^^^^^^^^^^^^^^^^^^^^^^^^^^^^^^^^^^^^
  File "/home/airflow/.local/lib/python3.12/site-packages/airflow/models/variable.py", line 145, in get
    raise KeyError(f"Variable {key} does not exist")
KeyError: 'Variable LINKS does not exist'
[2026-03-24T17:32:26.238+0000] {processor.py:927} WARNING - No viable dags retrieved from /opt/airflow/dags/connect_to_minio.py
[2026-03-24T17:32:26.250+0000] {processor.py:208} INFO - Processing /opt/airflow/dags/connect_to_minio.py took 0.051 seconds
[2026-03-24T17:32:56.835+0000] {processor.py:186} INFO - Started process (PID=32394) to work on /opt/airflow/dags/connect_to_minio.py
[2026-03-24T17:32:56.836+0000] {processor.py:914} INFO - Processing file /opt/airflow/dags/connect_to_minio.py for tasks to queue
[2026-03-24T17:32:56.839+0000] {logging_mixin.py:190} INFO - [2026-03-24T17:32:56.838+0000] {dagbag.py:588} INFO - Filling up the DagBag from /opt/airflow/dags/connect_to_minio.py
[2026-03-24T17:32:56.863+0000] {logging_mixin.py:190} INFO - [2026-03-24T17:32:56.862+0000] {dagbag.py:387} ERROR - Failed to import: /opt/airflow/dags/connect_to_minio.py
Traceback (most recent call last):
  File "/home/airflow/.local/lib/python3.12/site-packages/airflow/models/dagbag.py", line 383, in parse
    loader.exec_module(new_module)
  File "<frozen importlib._bootstrap_external>", line 999, in exec_module
  File "<frozen importlib._bootstrap>", line 488, in _call_with_frames_removed
  File "/opt/airflow/dags/connect_to_minio.py", line 42, in <module>
    repo_links=get_link();
               ^^^^^^^^^^
  File "/opt/airflow/dags/connect_to_minio.py", line 4, in get_link
    repo_links=Variable.get("LINKS",deserialize_json=True)
               ^^^^^^^^^^^^^^^^^^^^^^^^^^^^^^^^^^^^^^^^^^^
  File "/home/airflow/.local/lib/python3.12/site-packages/airflow/models/variable.py", line 145, in get
    raise KeyError(f"Variable {key} does not exist")
KeyError: 'Variable LINKS does not exist'
[2026-03-24T17:32:56.864+0000] {processor.py:927} WARNING - No viable dags retrieved from /opt/airflow/dags/connect_to_minio.py
[2026-03-24T17:32:56.874+0000] {processor.py:208} INFO - Processing /opt/airflow/dags/connect_to_minio.py took 0.045 seconds
[2026-03-24T17:33:27.603+0000] {processor.py:186} INFO - Started process (PID=32435) to work on /opt/airflow/dags/connect_to_minio.py
[2026-03-24T17:33:27.604+0000] {processor.py:914} INFO - Processing file /opt/airflow/dags/connect_to_minio.py for tasks to queue
[2026-03-24T17:33:27.608+0000] {logging_mixin.py:190} INFO - [2026-03-24T17:33:27.607+0000] {dagbag.py:588} INFO - Filling up the DagBag from /opt/airflow/dags/connect_to_minio.py
[2026-03-24T17:33:27.635+0000] {logging_mixin.py:190} INFO - [2026-03-24T17:33:27.633+0000] {dagbag.py:387} ERROR - Failed to import: /opt/airflow/dags/connect_to_minio.py
Traceback (most recent call last):
  File "/home/airflow/.local/lib/python3.12/site-packages/airflow/models/dagbag.py", line 383, in parse
    loader.exec_module(new_module)
  File "<frozen importlib._bootstrap_external>", line 999, in exec_module
  File "<frozen importlib._bootstrap>", line 488, in _call_with_frames_removed
  File "/opt/airflow/dags/connect_to_minio.py", line 42, in <module>
    repo_links=get_link();
               ^^^^^^^^^^
  File "/opt/airflow/dags/connect_to_minio.py", line 4, in get_link
    repo_links=Variable.get("LINKS",deserialize_json=True)
               ^^^^^^^^^^^^^^^^^^^^^^^^^^^^^^^^^^^^^^^^^^^
  File "/home/airflow/.local/lib/python3.12/site-packages/airflow/models/variable.py", line 145, in get
    raise KeyError(f"Variable {key} does not exist")
KeyError: 'Variable LINKS does not exist'
[2026-03-24T17:33:27.636+0000] {processor.py:927} WARNING - No viable dags retrieved from /opt/airflow/dags/connect_to_minio.py
[2026-03-24T17:33:27.647+0000] {processor.py:208} INFO - Processing /opt/airflow/dags/connect_to_minio.py took 0.050 seconds
[2026-03-24T17:33:58.361+0000] {processor.py:186} INFO - Started process (PID=32476) to work on /opt/airflow/dags/connect_to_minio.py
[2026-03-24T17:33:58.362+0000] {processor.py:914} INFO - Processing file /opt/airflow/dags/connect_to_minio.py for tasks to queue
[2026-03-24T17:33:58.365+0000] {logging_mixin.py:190} INFO - [2026-03-24T17:33:58.365+0000] {dagbag.py:588} INFO - Filling up the DagBag from /opt/airflow/dags/connect_to_minio.py
[2026-03-24T17:33:58.392+0000] {logging_mixin.py:190} INFO - [2026-03-24T17:33:58.390+0000] {dagbag.py:387} ERROR - Failed to import: /opt/airflow/dags/connect_to_minio.py
Traceback (most recent call last):
  File "/home/airflow/.local/lib/python3.12/site-packages/airflow/models/dagbag.py", line 383, in parse
    loader.exec_module(new_module)
  File "<frozen importlib._bootstrap_external>", line 999, in exec_module
  File "<frozen importlib._bootstrap>", line 488, in _call_with_frames_removed
  File "/opt/airflow/dags/connect_to_minio.py", line 42, in <module>
    repo_links=get_link();
               ^^^^^^^^^^
  File "/opt/airflow/dags/connect_to_minio.py", line 4, in get_link
    repo_links=Variable.get("LINKS",deserialize_json=True)
               ^^^^^^^^^^^^^^^^^^^^^^^^^^^^^^^^^^^^^^^^^^^
  File "/home/airflow/.local/lib/python3.12/site-packages/airflow/models/variable.py", line 145, in get
    raise KeyError(f"Variable {key} does not exist")
KeyError: 'Variable LINKS does not exist'
[2026-03-24T17:33:58.393+0000] {processor.py:927} WARNING - No viable dags retrieved from /opt/airflow/dags/connect_to_minio.py
[2026-03-24T17:33:58.404+0000] {processor.py:208} INFO - Processing /opt/airflow/dags/connect_to_minio.py took 0.055 seconds
[2026-03-24T17:34:29.021+0000] {processor.py:186} INFO - Started process (PID=32519) to work on /opt/airflow/dags/connect_to_minio.py
[2026-03-24T17:34:29.022+0000] {processor.py:914} INFO - Processing file /opt/airflow/dags/connect_to_minio.py for tasks to queue
[2026-03-24T17:34:29.024+0000] {logging_mixin.py:190} INFO - [2026-03-24T17:34:29.024+0000] {dagbag.py:588} INFO - Filling up the DagBag from /opt/airflow/dags/connect_to_minio.py
[2026-03-24T17:34:29.047+0000] {logging_mixin.py:190} INFO - [2026-03-24T17:34:29.045+0000] {dagbag.py:387} ERROR - Failed to import: /opt/airflow/dags/connect_to_minio.py
Traceback (most recent call last):
  File "/home/airflow/.local/lib/python3.12/site-packages/airflow/models/dagbag.py", line 383, in parse
    loader.exec_module(new_module)
  File "<frozen importlib._bootstrap_external>", line 999, in exec_module
  File "<frozen importlib._bootstrap>", line 488, in _call_with_frames_removed
  File "/opt/airflow/dags/connect_to_minio.py", line 42, in <module>
    repo_links=get_link();
               ^^^^^^^^^^
  File "/opt/airflow/dags/connect_to_minio.py", line 4, in get_link
    repo_links=Variable.get("LINKS",deserialize_json=True)
               ^^^^^^^^^^^^^^^^^^^^^^^^^^^^^^^^^^^^^^^^^^^
  File "/home/airflow/.local/lib/python3.12/site-packages/airflow/models/variable.py", line 145, in get
    raise KeyError(f"Variable {key} does not exist")
KeyError: 'Variable LINKS does not exist'
[2026-03-24T17:34:29.048+0000] {processor.py:927} WARNING - No viable dags retrieved from /opt/airflow/dags/connect_to_minio.py
[2026-03-24T17:34:29.059+0000] {processor.py:208} INFO - Processing /opt/airflow/dags/connect_to_minio.py took 0.044 seconds
[2026-03-24T17:34:59.766+0000] {processor.py:186} INFO - Started process (PID=32558) to work on /opt/airflow/dags/connect_to_minio.py
[2026-03-24T17:34:59.767+0000] {processor.py:914} INFO - Processing file /opt/airflow/dags/connect_to_minio.py for tasks to queue
[2026-03-24T17:34:59.769+0000] {logging_mixin.py:190} INFO - [2026-03-24T17:34:59.769+0000] {dagbag.py:588} INFO - Filling up the DagBag from /opt/airflow/dags/connect_to_minio.py
[2026-03-24T17:34:59.795+0000] {logging_mixin.py:190} INFO - [2026-03-24T17:34:59.794+0000] {dagbag.py:387} ERROR - Failed to import: /opt/airflow/dags/connect_to_minio.py
Traceback (most recent call last):
  File "/home/airflow/.local/lib/python3.12/site-packages/airflow/models/dagbag.py", line 383, in parse
    loader.exec_module(new_module)
  File "<frozen importlib._bootstrap_external>", line 999, in exec_module
  File "<frozen importlib._bootstrap>", line 488, in _call_with_frames_removed
  File "/opt/airflow/dags/connect_to_minio.py", line 42, in <module>
    repo_links=get_link();
               ^^^^^^^^^^
  File "/opt/airflow/dags/connect_to_minio.py", line 4, in get_link
    repo_links=Variable.get("LINKS",deserialize_json=True)
               ^^^^^^^^^^^^^^^^^^^^^^^^^^^^^^^^^^^^^^^^^^^
  File "/home/airflow/.local/lib/python3.12/site-packages/airflow/models/variable.py", line 145, in get
    raise KeyError(f"Variable {key} does not exist")
KeyError: 'Variable LINKS does not exist'
[2026-03-24T17:34:59.796+0000] {processor.py:927} WARNING - No viable dags retrieved from /opt/airflow/dags/connect_to_minio.py
[2026-03-24T17:34:59.807+0000] {processor.py:208} INFO - Processing /opt/airflow/dags/connect_to_minio.py took 0.048 seconds
[2026-03-24T17:35:30.501+0000] {processor.py:186} INFO - Started process (PID=32599) to work on /opt/airflow/dags/connect_to_minio.py
[2026-03-24T17:35:30.502+0000] {processor.py:914} INFO - Processing file /opt/airflow/dags/connect_to_minio.py for tasks to queue
[2026-03-24T17:35:30.505+0000] {logging_mixin.py:190} INFO - [2026-03-24T17:35:30.504+0000] {dagbag.py:588} INFO - Filling up the DagBag from /opt/airflow/dags/connect_to_minio.py
[2026-03-24T17:35:30.534+0000] {logging_mixin.py:190} INFO - [2026-03-24T17:35:30.532+0000] {dagbag.py:387} ERROR - Failed to import: /opt/airflow/dags/connect_to_minio.py
Traceback (most recent call last):
  File "/home/airflow/.local/lib/python3.12/site-packages/airflow/models/dagbag.py", line 383, in parse
    loader.exec_module(new_module)
  File "<frozen importlib._bootstrap_external>", line 999, in exec_module
  File "<frozen importlib._bootstrap>", line 488, in _call_with_frames_removed
  File "/opt/airflow/dags/connect_to_minio.py", line 42, in <module>
    repo_links=get_link();
               ^^^^^^^^^^
  File "/opt/airflow/dags/connect_to_minio.py", line 4, in get_link
    repo_links=Variable.get("LINKS",deserialize_json=True)
               ^^^^^^^^^^^^^^^^^^^^^^^^^^^^^^^^^^^^^^^^^^^
  File "/home/airflow/.local/lib/python3.12/site-packages/airflow/models/variable.py", line 145, in get
    raise KeyError(f"Variable {key} does not exist")
KeyError: 'Variable LINKS does not exist'
[2026-03-24T17:35:30.535+0000] {processor.py:927} WARNING - No viable dags retrieved from /opt/airflow/dags/connect_to_minio.py
[2026-03-24T17:35:30.548+0000] {processor.py:208} INFO - Processing /opt/airflow/dags/connect_to_minio.py took 0.055 seconds
[2026-03-24T17:36:01.282+0000] {processor.py:186} INFO - Started process (PID=32640) to work on /opt/airflow/dags/connect_to_minio.py
[2026-03-24T17:36:01.283+0000] {processor.py:914} INFO - Processing file /opt/airflow/dags/connect_to_minio.py for tasks to queue
[2026-03-24T17:36:01.285+0000] {logging_mixin.py:190} INFO - [2026-03-24T17:36:01.285+0000] {dagbag.py:588} INFO - Filling up the DagBag from /opt/airflow/dags/connect_to_minio.py
[2026-03-24T17:36:01.312+0000] {logging_mixin.py:190} INFO - [2026-03-24T17:36:01.310+0000] {dagbag.py:387} ERROR - Failed to import: /opt/airflow/dags/connect_to_minio.py
Traceback (most recent call last):
  File "/home/airflow/.local/lib/python3.12/site-packages/airflow/models/dagbag.py", line 383, in parse
    loader.exec_module(new_module)
  File "<frozen importlib._bootstrap_external>", line 999, in exec_module
  File "<frozen importlib._bootstrap>", line 488, in _call_with_frames_removed
  File "/opt/airflow/dags/connect_to_minio.py", line 42, in <module>
    repo_links=get_link();
               ^^^^^^^^^^
  File "/opt/airflow/dags/connect_to_minio.py", line 4, in get_link
    repo_links=Variable.get("LINKS",deserialize_json=True)
               ^^^^^^^^^^^^^^^^^^^^^^^^^^^^^^^^^^^^^^^^^^^
  File "/home/airflow/.local/lib/python3.12/site-packages/airflow/models/variable.py", line 145, in get
    raise KeyError(f"Variable {key} does not exist")
KeyError: 'Variable LINKS does not exist'
[2026-03-24T17:36:01.313+0000] {processor.py:927} WARNING - No viable dags retrieved from /opt/airflow/dags/connect_to_minio.py
[2026-03-24T17:36:01.324+0000] {processor.py:208} INFO - Processing /opt/airflow/dags/connect_to_minio.py took 0.050 seconds
[2026-03-24T17:36:32.044+0000] {processor.py:186} INFO - Started process (PID=32681) to work on /opt/airflow/dags/connect_to_minio.py
[2026-03-24T17:36:32.045+0000] {processor.py:914} INFO - Processing file /opt/airflow/dags/connect_to_minio.py for tasks to queue
[2026-03-24T17:36:32.048+0000] {logging_mixin.py:190} INFO - [2026-03-24T17:36:32.047+0000] {dagbag.py:588} INFO - Filling up the DagBag from /opt/airflow/dags/connect_to_minio.py
[2026-03-24T17:36:32.076+0000] {logging_mixin.py:190} INFO - [2026-03-24T17:36:32.074+0000] {dagbag.py:387} ERROR - Failed to import: /opt/airflow/dags/connect_to_minio.py
Traceback (most recent call last):
  File "/home/airflow/.local/lib/python3.12/site-packages/airflow/models/dagbag.py", line 383, in parse
    loader.exec_module(new_module)
  File "<frozen importlib._bootstrap_external>", line 999, in exec_module
  File "<frozen importlib._bootstrap>", line 488, in _call_with_frames_removed
  File "/opt/airflow/dags/connect_to_minio.py", line 42, in <module>
    repo_links=get_link();
               ^^^^^^^^^^
  File "/opt/airflow/dags/connect_to_minio.py", line 4, in get_link
    repo_links=Variable.get("LINKS",deserialize_json=True)
               ^^^^^^^^^^^^^^^^^^^^^^^^^^^^^^^^^^^^^^^^^^^
  File "/home/airflow/.local/lib/python3.12/site-packages/airflow/models/variable.py", line 145, in get
    raise KeyError(f"Variable {key} does not exist")
KeyError: 'Variable LINKS does not exist'
[2026-03-24T17:36:32.077+0000] {processor.py:927} WARNING - No viable dags retrieved from /opt/airflow/dags/connect_to_minio.py
[2026-03-24T17:36:32.091+0000] {processor.py:208} INFO - Processing /opt/airflow/dags/connect_to_minio.py took 0.057 seconds
[2026-03-24T17:37:02.781+0000] {processor.py:186} INFO - Started process (PID=32722) to work on /opt/airflow/dags/connect_to_minio.py
[2026-03-24T17:37:02.783+0000] {processor.py:914} INFO - Processing file /opt/airflow/dags/connect_to_minio.py for tasks to queue
[2026-03-24T17:37:02.786+0000] {logging_mixin.py:190} INFO - [2026-03-24T17:37:02.785+0000] {dagbag.py:588} INFO - Filling up the DagBag from /opt/airflow/dags/connect_to_minio.py
[2026-03-24T17:37:02.814+0000] {logging_mixin.py:190} INFO - [2026-03-24T17:37:02.812+0000] {dagbag.py:387} ERROR - Failed to import: /opt/airflow/dags/connect_to_minio.py
Traceback (most recent call last):
  File "/home/airflow/.local/lib/python3.12/site-packages/airflow/models/dagbag.py", line 383, in parse
    loader.exec_module(new_module)
  File "<frozen importlib._bootstrap_external>", line 999, in exec_module
  File "<frozen importlib._bootstrap>", line 488, in _call_with_frames_removed
  File "/opt/airflow/dags/connect_to_minio.py", line 42, in <module>
    repo_links=get_link();
               ^^^^^^^^^^
  File "/opt/airflow/dags/connect_to_minio.py", line 4, in get_link
    repo_links=Variable.get("LINKS",deserialize_json=True)
               ^^^^^^^^^^^^^^^^^^^^^^^^^^^^^^^^^^^^^^^^^^^
  File "/home/airflow/.local/lib/python3.12/site-packages/airflow/models/variable.py", line 145, in get
    raise KeyError(f"Variable {key} does not exist")
KeyError: 'Variable LINKS does not exist'
[2026-03-24T17:37:02.815+0000] {processor.py:927} WARNING - No viable dags retrieved from /opt/airflow/dags/connect_to_minio.py
[2026-03-24T17:37:02.830+0000] {processor.py:208} INFO - Processing /opt/airflow/dags/connect_to_minio.py took 0.056 seconds
[2026-03-24T17:37:33.547+0000] {processor.py:186} INFO - Started process (PID=32763) to work on /opt/airflow/dags/connect_to_minio.py
[2026-03-24T17:37:33.549+0000] {processor.py:914} INFO - Processing file /opt/airflow/dags/connect_to_minio.py for tasks to queue
[2026-03-24T17:37:33.552+0000] {logging_mixin.py:190} INFO - [2026-03-24T17:37:33.552+0000] {dagbag.py:588} INFO - Filling up the DagBag from /opt/airflow/dags/connect_to_minio.py
[2026-03-24T17:37:33.589+0000] {logging_mixin.py:190} INFO - [2026-03-24T17:37:33.587+0000] {dagbag.py:387} ERROR - Failed to import: /opt/airflow/dags/connect_to_minio.py
Traceback (most recent call last):
  File "/home/airflow/.local/lib/python3.12/site-packages/airflow/models/dagbag.py", line 383, in parse
    loader.exec_module(new_module)
  File "<frozen importlib._bootstrap_external>", line 999, in exec_module
  File "<frozen importlib._bootstrap>", line 488, in _call_with_frames_removed
  File "/opt/airflow/dags/connect_to_minio.py", line 42, in <module>
    repo_links=get_link();
               ^^^^^^^^^^
  File "/opt/airflow/dags/connect_to_minio.py", line 4, in get_link
    repo_links=Variable.get("LINKS",deserialize_json=True)
               ^^^^^^^^^^^^^^^^^^^^^^^^^^^^^^^^^^^^^^^^^^^
  File "/home/airflow/.local/lib/python3.12/site-packages/airflow/models/variable.py", line 145, in get
    raise KeyError(f"Variable {key} does not exist")
KeyError: 'Variable LINKS does not exist'
[2026-03-24T17:37:33.590+0000] {processor.py:927} WARNING - No viable dags retrieved from /opt/airflow/dags/connect_to_minio.py
[2026-03-24T17:37:33.607+0000] {processor.py:208} INFO - Processing /opt/airflow/dags/connect_to_minio.py took 0.068 seconds
[2026-03-24T17:38:04.358+0000] {processor.py:186} INFO - Started process (PID=32804) to work on /opt/airflow/dags/connect_to_minio.py
[2026-03-24T17:38:04.359+0000] {processor.py:914} INFO - Processing file /opt/airflow/dags/connect_to_minio.py for tasks to queue
[2026-03-24T17:38:04.362+0000] {logging_mixin.py:190} INFO - [2026-03-24T17:38:04.361+0000] {dagbag.py:588} INFO - Filling up the DagBag from /opt/airflow/dags/connect_to_minio.py
[2026-03-24T17:38:04.387+0000] {logging_mixin.py:190} INFO - [2026-03-24T17:38:04.385+0000] {dagbag.py:387} ERROR - Failed to import: /opt/airflow/dags/connect_to_minio.py
Traceback (most recent call last):
  File "/home/airflow/.local/lib/python3.12/site-packages/airflow/models/dagbag.py", line 383, in parse
    loader.exec_module(new_module)
  File "<frozen importlib._bootstrap_external>", line 999, in exec_module
  File "<frozen importlib._bootstrap>", line 488, in _call_with_frames_removed
  File "/opt/airflow/dags/connect_to_minio.py", line 42, in <module>
    repo_links=get_link();
               ^^^^^^^^^^
  File "/opt/airflow/dags/connect_to_minio.py", line 4, in get_link
    repo_links=Variable.get("LINKS",deserialize_json=True)
               ^^^^^^^^^^^^^^^^^^^^^^^^^^^^^^^^^^^^^^^^^^^
  File "/home/airflow/.local/lib/python3.12/site-packages/airflow/models/variable.py", line 145, in get
    raise KeyError(f"Variable {key} does not exist")
KeyError: 'Variable LINKS does not exist'
[2026-03-24T17:38:04.388+0000] {processor.py:927} WARNING - No viable dags retrieved from /opt/airflow/dags/connect_to_minio.py
[2026-03-24T17:38:04.398+0000] {processor.py:208} INFO - Processing /opt/airflow/dags/connect_to_minio.py took 0.047 seconds
[2026-03-24T17:38:35.121+0000] {processor.py:186} INFO - Started process (PID=32845) to work on /opt/airflow/dags/connect_to_minio.py
[2026-03-24T17:38:35.122+0000] {processor.py:914} INFO - Processing file /opt/airflow/dags/connect_to_minio.py for tasks to queue
[2026-03-24T17:38:35.126+0000] {logging_mixin.py:190} INFO - [2026-03-24T17:38:35.125+0000] {dagbag.py:588} INFO - Filling up the DagBag from /opt/airflow/dags/connect_to_minio.py
[2026-03-24T17:38:35.157+0000] {logging_mixin.py:190} INFO - [2026-03-24T17:38:35.155+0000] {dagbag.py:387} ERROR - Failed to import: /opt/airflow/dags/connect_to_minio.py
Traceback (most recent call last):
  File "/home/airflow/.local/lib/python3.12/site-packages/airflow/models/dagbag.py", line 383, in parse
    loader.exec_module(new_module)
  File "<frozen importlib._bootstrap_external>", line 999, in exec_module
  File "<frozen importlib._bootstrap>", line 488, in _call_with_frames_removed
  File "/opt/airflow/dags/connect_to_minio.py", line 42, in <module>
    repo_links=get_link();
               ^^^^^^^^^^
  File "/opt/airflow/dags/connect_to_minio.py", line 4, in get_link
    repo_links=Variable.get("LINKS",deserialize_json=True)
               ^^^^^^^^^^^^^^^^^^^^^^^^^^^^^^^^^^^^^^^^^^^
  File "/home/airflow/.local/lib/python3.12/site-packages/airflow/models/variable.py", line 145, in get
    raise KeyError(f"Variable {key} does not exist")
KeyError: 'Variable LINKS does not exist'
[2026-03-24T17:38:35.158+0000] {processor.py:927} WARNING - No viable dags retrieved from /opt/airflow/dags/connect_to_minio.py
[2026-03-24T17:38:35.171+0000] {processor.py:208} INFO - Processing /opt/airflow/dags/connect_to_minio.py took 0.059 seconds
[2026-03-24T17:39:05.764+0000] {processor.py:186} INFO - Started process (PID=32886) to work on /opt/airflow/dags/connect_to_minio.py
[2026-03-24T17:39:05.765+0000] {processor.py:914} INFO - Processing file /opt/airflow/dags/connect_to_minio.py for tasks to queue
[2026-03-24T17:39:05.768+0000] {logging_mixin.py:190} INFO - [2026-03-24T17:39:05.767+0000] {dagbag.py:588} INFO - Filling up the DagBag from /opt/airflow/dags/connect_to_minio.py
[2026-03-24T17:39:05.797+0000] {logging_mixin.py:190} INFO - [2026-03-24T17:39:05.795+0000] {dagbag.py:387} ERROR - Failed to import: /opt/airflow/dags/connect_to_minio.py
Traceback (most recent call last):
  File "/home/airflow/.local/lib/python3.12/site-packages/airflow/models/dagbag.py", line 383, in parse
    loader.exec_module(new_module)
  File "<frozen importlib._bootstrap_external>", line 999, in exec_module
  File "<frozen importlib._bootstrap>", line 488, in _call_with_frames_removed
  File "/opt/airflow/dags/connect_to_minio.py", line 42, in <module>
    repo_links=get_link();
               ^^^^^^^^^^
  File "/opt/airflow/dags/connect_to_minio.py", line 4, in get_link
    repo_links=Variable.get("LINKS",deserialize_json=True)
               ^^^^^^^^^^^^^^^^^^^^^^^^^^^^^^^^^^^^^^^^^^^
  File "/home/airflow/.local/lib/python3.12/site-packages/airflow/models/variable.py", line 145, in get
    raise KeyError(f"Variable {key} does not exist")
KeyError: 'Variable LINKS does not exist'
[2026-03-24T17:39:05.799+0000] {processor.py:927} WARNING - No viable dags retrieved from /opt/airflow/dags/connect_to_minio.py
[2026-03-24T17:39:05.812+0000] {processor.py:208} INFO - Processing /opt/airflow/dags/connect_to_minio.py took 0.057 seconds
[2026-03-24T17:39:36.538+0000] {processor.py:186} INFO - Started process (PID=32927) to work on /opt/airflow/dags/connect_to_minio.py
[2026-03-24T17:39:36.539+0000] {processor.py:914} INFO - Processing file /opt/airflow/dags/connect_to_minio.py for tasks to queue
[2026-03-24T17:39:36.542+0000] {logging_mixin.py:190} INFO - [2026-03-24T17:39:36.541+0000] {dagbag.py:588} INFO - Filling up the DagBag from /opt/airflow/dags/connect_to_minio.py
[2026-03-24T17:39:36.571+0000] {logging_mixin.py:190} INFO - [2026-03-24T17:39:36.569+0000] {dagbag.py:387} ERROR - Failed to import: /opt/airflow/dags/connect_to_minio.py
Traceback (most recent call last):
  File "/home/airflow/.local/lib/python3.12/site-packages/airflow/models/dagbag.py", line 383, in parse
    loader.exec_module(new_module)
  File "<frozen importlib._bootstrap_external>", line 999, in exec_module
  File "<frozen importlib._bootstrap>", line 488, in _call_with_frames_removed
  File "/opt/airflow/dags/connect_to_minio.py", line 42, in <module>
    repo_links=get_link();
               ^^^^^^^^^^
  File "/opt/airflow/dags/connect_to_minio.py", line 4, in get_link
    repo_links=Variable.get("LINKS",deserialize_json=True)
               ^^^^^^^^^^^^^^^^^^^^^^^^^^^^^^^^^^^^^^^^^^^
  File "/home/airflow/.local/lib/python3.12/site-packages/airflow/models/variable.py", line 145, in get
    raise KeyError(f"Variable {key} does not exist")
KeyError: 'Variable LINKS does not exist'
[2026-03-24T17:39:36.572+0000] {processor.py:927} WARNING - No viable dags retrieved from /opt/airflow/dags/connect_to_minio.py
[2026-03-24T17:39:36.585+0000] {processor.py:208} INFO - Processing /opt/airflow/dags/connect_to_minio.py took 0.054 seconds
[2026-03-24T17:40:07.352+0000] {processor.py:186} INFO - Started process (PID=32968) to work on /opt/airflow/dags/connect_to_minio.py
[2026-03-24T17:40:07.353+0000] {processor.py:914} INFO - Processing file /opt/airflow/dags/connect_to_minio.py for tasks to queue
[2026-03-24T17:40:07.355+0000] {logging_mixin.py:190} INFO - [2026-03-24T17:40:07.355+0000] {dagbag.py:588} INFO - Filling up the DagBag from /opt/airflow/dags/connect_to_minio.py
[2026-03-24T17:40:07.387+0000] {logging_mixin.py:190} INFO - [2026-03-24T17:40:07.385+0000] {dagbag.py:387} ERROR - Failed to import: /opt/airflow/dags/connect_to_minio.py
Traceback (most recent call last):
  File "/home/airflow/.local/lib/python3.12/site-packages/airflow/models/dagbag.py", line 383, in parse
    loader.exec_module(new_module)
  File "<frozen importlib._bootstrap_external>", line 999, in exec_module
  File "<frozen importlib._bootstrap>", line 488, in _call_with_frames_removed
  File "/opt/airflow/dags/connect_to_minio.py", line 42, in <module>
    repo_links=get_link();
               ^^^^^^^^^^
  File "/opt/airflow/dags/connect_to_minio.py", line 4, in get_link
    repo_links=Variable.get("LINKS",deserialize_json=True)
               ^^^^^^^^^^^^^^^^^^^^^^^^^^^^^^^^^^^^^^^^^^^
  File "/home/airflow/.local/lib/python3.12/site-packages/airflow/models/variable.py", line 145, in get
    raise KeyError(f"Variable {key} does not exist")
KeyError: 'Variable LINKS does not exist'
[2026-03-24T17:40:07.388+0000] {processor.py:927} WARNING - No viable dags retrieved from /opt/airflow/dags/connect_to_minio.py
[2026-03-24T17:40:07.402+0000] {processor.py:208} INFO - Processing /opt/airflow/dags/connect_to_minio.py took 0.057 seconds
[2026-03-24T17:40:38.096+0000] {processor.py:186} INFO - Started process (PID=33009) to work on /opt/airflow/dags/connect_to_minio.py
[2026-03-24T17:40:38.097+0000] {processor.py:914} INFO - Processing file /opt/airflow/dags/connect_to_minio.py for tasks to queue
[2026-03-24T17:40:38.100+0000] {logging_mixin.py:190} INFO - [2026-03-24T17:40:38.099+0000] {dagbag.py:588} INFO - Filling up the DagBag from /opt/airflow/dags/connect_to_minio.py
[2026-03-24T17:40:38.130+0000] {logging_mixin.py:190} INFO - [2026-03-24T17:40:38.128+0000] {dagbag.py:387} ERROR - Failed to import: /opt/airflow/dags/connect_to_minio.py
Traceback (most recent call last):
  File "/home/airflow/.local/lib/python3.12/site-packages/airflow/models/dagbag.py", line 383, in parse
    loader.exec_module(new_module)
  File "<frozen importlib._bootstrap_external>", line 999, in exec_module
  File "<frozen importlib._bootstrap>", line 488, in _call_with_frames_removed
  File "/opt/airflow/dags/connect_to_minio.py", line 42, in <module>
    repo_links=get_link();
               ^^^^^^^^^^
  File "/opt/airflow/dags/connect_to_minio.py", line 4, in get_link
    repo_links=Variable.get("LINKS",deserialize_json=True)
               ^^^^^^^^^^^^^^^^^^^^^^^^^^^^^^^^^^^^^^^^^^^
  File "/home/airflow/.local/lib/python3.12/site-packages/airflow/models/variable.py", line 145, in get
    raise KeyError(f"Variable {key} does not exist")
KeyError: 'Variable LINKS does not exist'
[2026-03-24T17:40:38.131+0000] {processor.py:927} WARNING - No viable dags retrieved from /opt/airflow/dags/connect_to_minio.py
[2026-03-24T17:40:38.145+0000] {processor.py:208} INFO - Processing /opt/airflow/dags/connect_to_minio.py took 0.057 seconds
[2026-03-24T17:41:08.729+0000] {processor.py:186} INFO - Started process (PID=33050) to work on /opt/airflow/dags/connect_to_minio.py
[2026-03-24T17:41:08.730+0000] {processor.py:914} INFO - Processing file /opt/airflow/dags/connect_to_minio.py for tasks to queue
[2026-03-24T17:41:08.732+0000] {logging_mixin.py:190} INFO - [2026-03-24T17:41:08.732+0000] {dagbag.py:588} INFO - Filling up the DagBag from /opt/airflow/dags/connect_to_minio.py
[2026-03-24T17:41:08.760+0000] {logging_mixin.py:190} INFO - [2026-03-24T17:41:08.758+0000] {dagbag.py:387} ERROR - Failed to import: /opt/airflow/dags/connect_to_minio.py
Traceback (most recent call last):
  File "/home/airflow/.local/lib/python3.12/site-packages/airflow/models/dagbag.py", line 383, in parse
    loader.exec_module(new_module)
  File "<frozen importlib._bootstrap_external>", line 999, in exec_module
  File "<frozen importlib._bootstrap>", line 488, in _call_with_frames_removed
  File "/opt/airflow/dags/connect_to_minio.py", line 42, in <module>
    repo_links=get_link();
               ^^^^^^^^^^
  File "/opt/airflow/dags/connect_to_minio.py", line 4, in get_link
    repo_links=Variable.get("LINKS",deserialize_json=True)
               ^^^^^^^^^^^^^^^^^^^^^^^^^^^^^^^^^^^^^^^^^^^
  File "/home/airflow/.local/lib/python3.12/site-packages/airflow/models/variable.py", line 145, in get
    raise KeyError(f"Variable {key} does not exist")
KeyError: 'Variable LINKS does not exist'
[2026-03-24T17:41:08.761+0000] {processor.py:927} WARNING - No viable dags retrieved from /opt/airflow/dags/connect_to_minio.py
[2026-03-24T17:41:08.773+0000] {processor.py:208} INFO - Processing /opt/airflow/dags/connect_to_minio.py took 0.052 seconds
[2026-03-24T17:41:39.374+0000] {processor.py:186} INFO - Started process (PID=33091) to work on /opt/airflow/dags/connect_to_minio.py
[2026-03-24T17:41:39.375+0000] {processor.py:914} INFO - Processing file /opt/airflow/dags/connect_to_minio.py for tasks to queue
[2026-03-24T17:41:39.378+0000] {logging_mixin.py:190} INFO - [2026-03-24T17:41:39.378+0000] {dagbag.py:588} INFO - Filling up the DagBag from /opt/airflow/dags/connect_to_minio.py
[2026-03-24T17:41:39.409+0000] {logging_mixin.py:190} INFO - [2026-03-24T17:41:39.407+0000] {dagbag.py:387} ERROR - Failed to import: /opt/airflow/dags/connect_to_minio.py
Traceback (most recent call last):
  File "/home/airflow/.local/lib/python3.12/site-packages/airflow/models/dagbag.py", line 383, in parse
    loader.exec_module(new_module)
  File "<frozen importlib._bootstrap_external>", line 999, in exec_module
  File "<frozen importlib._bootstrap>", line 488, in _call_with_frames_removed
  File "/opt/airflow/dags/connect_to_minio.py", line 42, in <module>
    repo_links=get_link();
               ^^^^^^^^^^
  File "/opt/airflow/dags/connect_to_minio.py", line 4, in get_link
    repo_links=Variable.get("LINKS",deserialize_json=True)
               ^^^^^^^^^^^^^^^^^^^^^^^^^^^^^^^^^^^^^^^^^^^
  File "/home/airflow/.local/lib/python3.12/site-packages/airflow/models/variable.py", line 145, in get
    raise KeyError(f"Variable {key} does not exist")
KeyError: 'Variable LINKS does not exist'
[2026-03-24T17:41:39.410+0000] {processor.py:927} WARNING - No viable dags retrieved from /opt/airflow/dags/connect_to_minio.py
[2026-03-24T17:41:39.424+0000] {processor.py:208} INFO - Processing /opt/airflow/dags/connect_to_minio.py took 0.058 seconds
[2026-03-24T17:42:10.279+0000] {processor.py:186} INFO - Started process (PID=33132) to work on /opt/airflow/dags/connect_to_minio.py
[2026-03-24T17:42:10.281+0000] {processor.py:914} INFO - Processing file /opt/airflow/dags/connect_to_minio.py for tasks to queue
[2026-03-24T17:42:10.283+0000] {logging_mixin.py:190} INFO - [2026-03-24T17:42:10.283+0000] {dagbag.py:588} INFO - Filling up the DagBag from /opt/airflow/dags/connect_to_minio.py
[2026-03-24T17:42:10.312+0000] {logging_mixin.py:190} INFO - [2026-03-24T17:42:10.310+0000] {dagbag.py:387} ERROR - Failed to import: /opt/airflow/dags/connect_to_minio.py
Traceback (most recent call last):
  File "/home/airflow/.local/lib/python3.12/site-packages/airflow/models/dagbag.py", line 383, in parse
    loader.exec_module(new_module)
  File "<frozen importlib._bootstrap_external>", line 999, in exec_module
  File "<frozen importlib._bootstrap>", line 488, in _call_with_frames_removed
  File "/opt/airflow/dags/connect_to_minio.py", line 42, in <module>
    repo_links=get_link();
               ^^^^^^^^^^
  File "/opt/airflow/dags/connect_to_minio.py", line 4, in get_link
    repo_links=Variable.get("LINKS",deserialize_json=True)
               ^^^^^^^^^^^^^^^^^^^^^^^^^^^^^^^^^^^^^^^^^^^
  File "/home/airflow/.local/lib/python3.12/site-packages/airflow/models/variable.py", line 145, in get
    raise KeyError(f"Variable {key} does not exist")
KeyError: 'Variable LINKS does not exist'
[2026-03-24T17:42:10.313+0000] {processor.py:927} WARNING - No viable dags retrieved from /opt/airflow/dags/connect_to_minio.py
[2026-03-24T17:42:10.327+0000] {processor.py:208} INFO - Processing /opt/airflow/dags/connect_to_minio.py took 0.055 seconds
[2026-03-24T17:42:41.017+0000] {processor.py:186} INFO - Started process (PID=33173) to work on /opt/airflow/dags/connect_to_minio.py
[2026-03-24T17:42:41.018+0000] {processor.py:914} INFO - Processing file /opt/airflow/dags/connect_to_minio.py for tasks to queue
[2026-03-24T17:42:41.021+0000] {logging_mixin.py:190} INFO - [2026-03-24T17:42:41.020+0000] {dagbag.py:588} INFO - Filling up the DagBag from /opt/airflow/dags/connect_to_minio.py
[2026-03-24T17:42:41.049+0000] {logging_mixin.py:190} INFO - [2026-03-24T17:42:41.047+0000] {dagbag.py:387} ERROR - Failed to import: /opt/airflow/dags/connect_to_minio.py
Traceback (most recent call last):
  File "/home/airflow/.local/lib/python3.12/site-packages/airflow/models/dagbag.py", line 383, in parse
    loader.exec_module(new_module)
  File "<frozen importlib._bootstrap_external>", line 999, in exec_module
  File "<frozen importlib._bootstrap>", line 488, in _call_with_frames_removed
  File "/opt/airflow/dags/connect_to_minio.py", line 42, in <module>
    repo_links=get_link();
               ^^^^^^^^^^
  File "/opt/airflow/dags/connect_to_minio.py", line 4, in get_link
    repo_links=Variable.get("LINKS",deserialize_json=True)
               ^^^^^^^^^^^^^^^^^^^^^^^^^^^^^^^^^^^^^^^^^^^
  File "/home/airflow/.local/lib/python3.12/site-packages/airflow/models/variable.py", line 145, in get
    raise KeyError(f"Variable {key} does not exist")
KeyError: 'Variable LINKS does not exist'
[2026-03-24T17:42:41.050+0000] {processor.py:927} WARNING - No viable dags retrieved from /opt/airflow/dags/connect_to_minio.py
[2026-03-24T17:42:41.060+0000] {processor.py:208} INFO - Processing /opt/airflow/dags/connect_to_minio.py took 0.052 seconds
[2026-03-24T17:43:11.797+0000] {processor.py:186} INFO - Started process (PID=33214) to work on /opt/airflow/dags/connect_to_minio.py
[2026-03-24T17:43:11.798+0000] {processor.py:914} INFO - Processing file /opt/airflow/dags/connect_to_minio.py for tasks to queue
[2026-03-24T17:43:11.802+0000] {logging_mixin.py:190} INFO - [2026-03-24T17:43:11.801+0000] {dagbag.py:588} INFO - Filling up the DagBag from /opt/airflow/dags/connect_to_minio.py
[2026-03-24T17:43:11.839+0000] {logging_mixin.py:190} INFO - [2026-03-24T17:43:11.836+0000] {dagbag.py:387} ERROR - Failed to import: /opt/airflow/dags/connect_to_minio.py
Traceback (most recent call last):
  File "/home/airflow/.local/lib/python3.12/site-packages/airflow/models/dagbag.py", line 383, in parse
    loader.exec_module(new_module)
  File "<frozen importlib._bootstrap_external>", line 999, in exec_module
  File "<frozen importlib._bootstrap>", line 488, in _call_with_frames_removed
  File "/opt/airflow/dags/connect_to_minio.py", line 42, in <module>
    repo_links=get_link();
               ^^^^^^^^^^
  File "/opt/airflow/dags/connect_to_minio.py", line 4, in get_link
    repo_links=Variable.get("LINKS",deserialize_json=True)
               ^^^^^^^^^^^^^^^^^^^^^^^^^^^^^^^^^^^^^^^^^^^
  File "/home/airflow/.local/lib/python3.12/site-packages/airflow/models/variable.py", line 145, in get
    raise KeyError(f"Variable {key} does not exist")
KeyError: 'Variable LINKS does not exist'
[2026-03-24T17:43:11.840+0000] {processor.py:927} WARNING - No viable dags retrieved from /opt/airflow/dags/connect_to_minio.py
[2026-03-24T17:43:11.860+0000] {processor.py:208} INFO - Processing /opt/airflow/dags/connect_to_minio.py took 0.074 seconds
[2026-03-24T17:43:42.857+0000] {processor.py:186} INFO - Started process (PID=33255) to work on /opt/airflow/dags/connect_to_minio.py
[2026-03-24T17:43:42.858+0000] {processor.py:914} INFO - Processing file /opt/airflow/dags/connect_to_minio.py for tasks to queue
[2026-03-24T17:43:42.861+0000] {logging_mixin.py:190} INFO - [2026-03-24T17:43:42.861+0000] {dagbag.py:588} INFO - Filling up the DagBag from /opt/airflow/dags/connect_to_minio.py
[2026-03-24T17:43:42.895+0000] {logging_mixin.py:190} INFO - [2026-03-24T17:43:42.892+0000] {dagbag.py:387} ERROR - Failed to import: /opt/airflow/dags/connect_to_minio.py
Traceback (most recent call last):
  File "/home/airflow/.local/lib/python3.12/site-packages/airflow/models/dagbag.py", line 383, in parse
    loader.exec_module(new_module)
  File "<frozen importlib._bootstrap_external>", line 999, in exec_module
  File "<frozen importlib._bootstrap>", line 488, in _call_with_frames_removed
  File "/opt/airflow/dags/connect_to_minio.py", line 42, in <module>
    repo_links=get_link();
               ^^^^^^^^^^
  File "/opt/airflow/dags/connect_to_minio.py", line 4, in get_link
    repo_links=Variable.get("LINKS",deserialize_json=True)
               ^^^^^^^^^^^^^^^^^^^^^^^^^^^^^^^^^^^^^^^^^^^
  File "/home/airflow/.local/lib/python3.12/site-packages/airflow/models/variable.py", line 145, in get
    raise KeyError(f"Variable {key} does not exist")
KeyError: 'Variable LINKS does not exist'
[2026-03-24T17:43:42.896+0000] {processor.py:927} WARNING - No viable dags retrieved from /opt/airflow/dags/connect_to_minio.py
[2026-03-24T17:43:42.911+0000] {processor.py:208} INFO - Processing /opt/airflow/dags/connect_to_minio.py took 0.062 seconds
[2026-03-24T17:44:13.666+0000] {processor.py:186} INFO - Started process (PID=33296) to work on /opt/airflow/dags/connect_to_minio.py
[2026-03-24T17:44:13.667+0000] {processor.py:914} INFO - Processing file /opt/airflow/dags/connect_to_minio.py for tasks to queue
[2026-03-24T17:44:13.670+0000] {logging_mixin.py:190} INFO - [2026-03-24T17:44:13.670+0000] {dagbag.py:588} INFO - Filling up the DagBag from /opt/airflow/dags/connect_to_minio.py
[2026-03-24T17:44:13.709+0000] {logging_mixin.py:190} INFO - [2026-03-24T17:44:13.706+0000] {dagbag.py:387} ERROR - Failed to import: /opt/airflow/dags/connect_to_minio.py
Traceback (most recent call last):
  File "/home/airflow/.local/lib/python3.12/site-packages/airflow/models/dagbag.py", line 383, in parse
    loader.exec_module(new_module)
  File "<frozen importlib._bootstrap_external>", line 999, in exec_module
  File "<frozen importlib._bootstrap>", line 488, in _call_with_frames_removed
  File "/opt/airflow/dags/connect_to_minio.py", line 42, in <module>
    repo_links=get_link();
               ^^^^^^^^^^
  File "/opt/airflow/dags/connect_to_minio.py", line 4, in get_link
    repo_links=Variable.get("LINKS",deserialize_json=True)
               ^^^^^^^^^^^^^^^^^^^^^^^^^^^^^^^^^^^^^^^^^^^
  File "/home/airflow/.local/lib/python3.12/site-packages/airflow/models/variable.py", line 145, in get
    raise KeyError(f"Variable {key} does not exist")
KeyError: 'Variable LINKS does not exist'
[2026-03-24T17:44:13.710+0000] {processor.py:927} WARNING - No viable dags retrieved from /opt/airflow/dags/connect_to_minio.py
[2026-03-24T17:44:13.728+0000] {processor.py:208} INFO - Processing /opt/airflow/dags/connect_to_minio.py took 0.073 seconds
[2026-03-24T17:44:44.513+0000] {processor.py:186} INFO - Started process (PID=33337) to work on /opt/airflow/dags/connect_to_minio.py
[2026-03-24T17:44:44.514+0000] {processor.py:914} INFO - Processing file /opt/airflow/dags/connect_to_minio.py for tasks to queue
[2026-03-24T17:44:44.518+0000] {logging_mixin.py:190} INFO - [2026-03-24T17:44:44.517+0000] {dagbag.py:588} INFO - Filling up the DagBag from /opt/airflow/dags/connect_to_minio.py
[2026-03-24T17:44:44.553+0000] {logging_mixin.py:190} INFO - [2026-03-24T17:44:44.551+0000] {dagbag.py:387} ERROR - Failed to import: /opt/airflow/dags/connect_to_minio.py
Traceback (most recent call last):
  File "/home/airflow/.local/lib/python3.12/site-packages/airflow/models/dagbag.py", line 383, in parse
    loader.exec_module(new_module)
  File "<frozen importlib._bootstrap_external>", line 999, in exec_module
  File "<frozen importlib._bootstrap>", line 488, in _call_with_frames_removed
  File "/opt/airflow/dags/connect_to_minio.py", line 42, in <module>
    repo_links=get_link();
               ^^^^^^^^^^
  File "/opt/airflow/dags/connect_to_minio.py", line 4, in get_link
    repo_links=Variable.get("LINKS",deserialize_json=True)
               ^^^^^^^^^^^^^^^^^^^^^^^^^^^^^^^^^^^^^^^^^^^
  File "/home/airflow/.local/lib/python3.12/site-packages/airflow/models/variable.py", line 145, in get
    raise KeyError(f"Variable {key} does not exist")
KeyError: 'Variable LINKS does not exist'
[2026-03-24T17:44:44.554+0000] {processor.py:927} WARNING - No viable dags retrieved from /opt/airflow/dags/connect_to_minio.py
[2026-03-24T17:44:44.566+0000] {processor.py:208} INFO - Processing /opt/airflow/dags/connect_to_minio.py took 0.062 seconds
[2026-03-24T17:45:15.597+0000] {processor.py:186} INFO - Started process (PID=33378) to work on /opt/airflow/dags/connect_to_minio.py
[2026-03-24T17:45:15.598+0000] {processor.py:914} INFO - Processing file /opt/airflow/dags/connect_to_minio.py for tasks to queue
[2026-03-24T17:45:15.602+0000] {logging_mixin.py:190} INFO - [2026-03-24T17:45:15.601+0000] {dagbag.py:588} INFO - Filling up the DagBag from /opt/airflow/dags/connect_to_minio.py
[2026-03-24T17:45:15.633+0000] {logging_mixin.py:190} INFO - [2026-03-24T17:45:15.631+0000] {dagbag.py:387} ERROR - Failed to import: /opt/airflow/dags/connect_to_minio.py
Traceback (most recent call last):
  File "/home/airflow/.local/lib/python3.12/site-packages/airflow/models/dagbag.py", line 383, in parse
    loader.exec_module(new_module)
  File "<frozen importlib._bootstrap_external>", line 999, in exec_module
  File "<frozen importlib._bootstrap>", line 488, in _call_with_frames_removed
  File "/opt/airflow/dags/connect_to_minio.py", line 42, in <module>
    repo_links=get_link();
               ^^^^^^^^^^
  File "/opt/airflow/dags/connect_to_minio.py", line 4, in get_link
    repo_links=Variable.get("LINKS",deserialize_json=True)
               ^^^^^^^^^^^^^^^^^^^^^^^^^^^^^^^^^^^^^^^^^^^
  File "/home/airflow/.local/lib/python3.12/site-packages/airflow/models/variable.py", line 145, in get
    raise KeyError(f"Variable {key} does not exist")
KeyError: 'Variable LINKS does not exist'
[2026-03-24T17:45:15.634+0000] {processor.py:927} WARNING - No viable dags retrieved from /opt/airflow/dags/connect_to_minio.py
[2026-03-24T17:45:15.647+0000] {processor.py:208} INFO - Processing /opt/airflow/dags/connect_to_minio.py took 0.060 seconds
[2026-03-24T17:45:46.361+0000] {processor.py:186} INFO - Started process (PID=33419) to work on /opt/airflow/dags/connect_to_minio.py
[2026-03-24T17:45:46.362+0000] {processor.py:914} INFO - Processing file /opt/airflow/dags/connect_to_minio.py for tasks to queue
[2026-03-24T17:45:46.365+0000] {logging_mixin.py:190} INFO - [2026-03-24T17:45:46.365+0000] {dagbag.py:588} INFO - Filling up the DagBag from /opt/airflow/dags/connect_to_minio.py
[2026-03-24T17:45:46.400+0000] {logging_mixin.py:190} INFO - [2026-03-24T17:45:46.397+0000] {dagbag.py:387} ERROR - Failed to import: /opt/airflow/dags/connect_to_minio.py
Traceback (most recent call last):
  File "/home/airflow/.local/lib/python3.12/site-packages/airflow/models/dagbag.py", line 383, in parse
    loader.exec_module(new_module)
  File "<frozen importlib._bootstrap_external>", line 999, in exec_module
  File "<frozen importlib._bootstrap>", line 488, in _call_with_frames_removed
  File "/opt/airflow/dags/connect_to_minio.py", line 42, in <module>
    repo_links=get_link();
               ^^^^^^^^^^
  File "/opt/airflow/dags/connect_to_minio.py", line 4, in get_link
    repo_links=Variable.get("LINKS",deserialize_json=True)
               ^^^^^^^^^^^^^^^^^^^^^^^^^^^^^^^^^^^^^^^^^^^
  File "/home/airflow/.local/lib/python3.12/site-packages/airflow/models/variable.py", line 145, in get
    raise KeyError(f"Variable {key} does not exist")
KeyError: 'Variable LINKS does not exist'
[2026-03-24T17:45:46.401+0000] {processor.py:927} WARNING - No viable dags retrieved from /opt/airflow/dags/connect_to_minio.py
[2026-03-24T17:45:46.419+0000] {processor.py:208} INFO - Processing /opt/airflow/dags/connect_to_minio.py took 0.068 seconds
[2026-03-24T17:46:17.234+0000] {processor.py:186} INFO - Started process (PID=33460) to work on /opt/airflow/dags/connect_to_minio.py
[2026-03-24T17:46:17.235+0000] {processor.py:914} INFO - Processing file /opt/airflow/dags/connect_to_minio.py for tasks to queue
[2026-03-24T17:46:17.239+0000] {logging_mixin.py:190} INFO - [2026-03-24T17:46:17.238+0000] {dagbag.py:588} INFO - Filling up the DagBag from /opt/airflow/dags/connect_to_minio.py
[2026-03-24T17:46:17.276+0000] {logging_mixin.py:190} INFO - [2026-03-24T17:46:17.274+0000] {dagbag.py:387} ERROR - Failed to import: /opt/airflow/dags/connect_to_minio.py
Traceback (most recent call last):
  File "/home/airflow/.local/lib/python3.12/site-packages/airflow/models/dagbag.py", line 383, in parse
    loader.exec_module(new_module)
  File "<frozen importlib._bootstrap_external>", line 999, in exec_module
  File "<frozen importlib._bootstrap>", line 488, in _call_with_frames_removed
  File "/opt/airflow/dags/connect_to_minio.py", line 42, in <module>
    repo_links=get_link();
               ^^^^^^^^^^
  File "/opt/airflow/dags/connect_to_minio.py", line 4, in get_link
    repo_links=Variable.get("LINKS",deserialize_json=True)
               ^^^^^^^^^^^^^^^^^^^^^^^^^^^^^^^^^^^^^^^^^^^
  File "/home/airflow/.local/lib/python3.12/site-packages/airflow/models/variable.py", line 145, in get
    raise KeyError(f"Variable {key} does not exist")
KeyError: 'Variable LINKS does not exist'
[2026-03-24T17:46:17.277+0000] {processor.py:927} WARNING - No viable dags retrieved from /opt/airflow/dags/connect_to_minio.py
[2026-03-24T17:46:17.294+0000] {processor.py:208} INFO - Processing /opt/airflow/dags/connect_to_minio.py took 0.069 seconds
[2026-03-24T17:46:48.365+0000] {processor.py:186} INFO - Started process (PID=33501) to work on /opt/airflow/dags/connect_to_minio.py
[2026-03-24T17:46:48.366+0000] {processor.py:914} INFO - Processing file /opt/airflow/dags/connect_to_minio.py for tasks to queue
[2026-03-24T17:46:48.370+0000] {logging_mixin.py:190} INFO - [2026-03-24T17:46:48.370+0000] {dagbag.py:588} INFO - Filling up the DagBag from /opt/airflow/dags/connect_to_minio.py
[2026-03-24T17:46:48.408+0000] {logging_mixin.py:190} INFO - [2026-03-24T17:46:48.406+0000] {dagbag.py:387} ERROR - Failed to import: /opt/airflow/dags/connect_to_minio.py
Traceback (most recent call last):
  File "/home/airflow/.local/lib/python3.12/site-packages/airflow/models/dagbag.py", line 383, in parse
    loader.exec_module(new_module)
  File "<frozen importlib._bootstrap_external>", line 999, in exec_module
  File "<frozen importlib._bootstrap>", line 488, in _call_with_frames_removed
  File "/opt/airflow/dags/connect_to_minio.py", line 42, in <module>
    repo_links=get_link();
               ^^^^^^^^^^
  File "/opt/airflow/dags/connect_to_minio.py", line 4, in get_link
    repo_links=Variable.get("LINKS",deserialize_json=True)
               ^^^^^^^^^^^^^^^^^^^^^^^^^^^^^^^^^^^^^^^^^^^
  File "/home/airflow/.local/lib/python3.12/site-packages/airflow/models/variable.py", line 145, in get
    raise KeyError(f"Variable {key} does not exist")
KeyError: 'Variable LINKS does not exist'
[2026-03-24T17:46:48.409+0000] {processor.py:927} WARNING - No viable dags retrieved from /opt/airflow/dags/connect_to_minio.py
[2026-03-24T17:46:48.424+0000] {processor.py:208} INFO - Processing /opt/airflow/dags/connect_to_minio.py took 0.068 seconds
[2026-03-24T17:47:19.145+0000] {processor.py:186} INFO - Started process (PID=33542) to work on /opt/airflow/dags/connect_to_minio.py
[2026-03-24T17:47:19.146+0000] {processor.py:914} INFO - Processing file /opt/airflow/dags/connect_to_minio.py for tasks to queue
[2026-03-24T17:47:19.150+0000] {logging_mixin.py:190} INFO - [2026-03-24T17:47:19.149+0000] {dagbag.py:588} INFO - Filling up the DagBag from /opt/airflow/dags/connect_to_minio.py
[2026-03-24T17:47:19.181+0000] {logging_mixin.py:190} INFO - [2026-03-24T17:47:19.179+0000] {dagbag.py:387} ERROR - Failed to import: /opt/airflow/dags/connect_to_minio.py
Traceback (most recent call last):
  File "/home/airflow/.local/lib/python3.12/site-packages/airflow/models/dagbag.py", line 383, in parse
    loader.exec_module(new_module)
  File "<frozen importlib._bootstrap_external>", line 999, in exec_module
  File "<frozen importlib._bootstrap>", line 488, in _call_with_frames_removed
  File "/opt/airflow/dags/connect_to_minio.py", line 42, in <module>
    repo_links=get_link();
               ^^^^^^^^^^
  File "/opt/airflow/dags/connect_to_minio.py", line 4, in get_link
    repo_links=Variable.get("LINKS",deserialize_json=True)
               ^^^^^^^^^^^^^^^^^^^^^^^^^^^^^^^^^^^^^^^^^^^
  File "/home/airflow/.local/lib/python3.12/site-packages/airflow/models/variable.py", line 145, in get
    raise KeyError(f"Variable {key} does not exist")
KeyError: 'Variable LINKS does not exist'
[2026-03-24T17:47:19.182+0000] {processor.py:927} WARNING - No viable dags retrieved from /opt/airflow/dags/connect_to_minio.py
[2026-03-24T17:47:19.196+0000] {processor.py:208} INFO - Processing /opt/airflow/dags/connect_to_minio.py took 0.059 seconds
[2026-03-24T17:47:49.897+0000] {processor.py:186} INFO - Started process (PID=33583) to work on /opt/airflow/dags/connect_to_minio.py
[2026-03-24T17:47:49.898+0000] {processor.py:914} INFO - Processing file /opt/airflow/dags/connect_to_minio.py for tasks to queue
[2026-03-24T17:47:49.900+0000] {logging_mixin.py:190} INFO - [2026-03-24T17:47:49.900+0000] {dagbag.py:588} INFO - Filling up the DagBag from /opt/airflow/dags/connect_to_minio.py
[2026-03-24T17:47:49.932+0000] {logging_mixin.py:190} INFO - [2026-03-24T17:47:49.930+0000] {dagbag.py:387} ERROR - Failed to import: /opt/airflow/dags/connect_to_minio.py
Traceback (most recent call last):
  File "/home/airflow/.local/lib/python3.12/site-packages/airflow/models/dagbag.py", line 383, in parse
    loader.exec_module(new_module)
  File "<frozen importlib._bootstrap_external>", line 999, in exec_module
  File "<frozen importlib._bootstrap>", line 488, in _call_with_frames_removed
  File "/opt/airflow/dags/connect_to_minio.py", line 42, in <module>
    repo_links=get_link();
               ^^^^^^^^^^
  File "/opt/airflow/dags/connect_to_minio.py", line 4, in get_link
    repo_links=Variable.get("LINKS",deserialize_json=True)
               ^^^^^^^^^^^^^^^^^^^^^^^^^^^^^^^^^^^^^^^^^^^
  File "/home/airflow/.local/lib/python3.12/site-packages/airflow/models/variable.py", line 145, in get
    raise KeyError(f"Variable {key} does not exist")
KeyError: 'Variable LINKS does not exist'
[2026-03-24T17:47:49.933+0000] {processor.py:927} WARNING - No viable dags retrieved from /opt/airflow/dags/connect_to_minio.py
[2026-03-24T17:47:49.946+0000] {processor.py:208} INFO - Processing /opt/airflow/dags/connect_to_minio.py took 0.057 seconds
[2026-03-24T17:48:20.921+0000] {processor.py:186} INFO - Started process (PID=33624) to work on /opt/airflow/dags/connect_to_minio.py
[2026-03-24T17:48:20.922+0000] {processor.py:914} INFO - Processing file /opt/airflow/dags/connect_to_minio.py for tasks to queue
[2026-03-24T17:48:20.925+0000] {logging_mixin.py:190} INFO - [2026-03-24T17:48:20.925+0000] {dagbag.py:588} INFO - Filling up the DagBag from /opt/airflow/dags/connect_to_minio.py
[2026-03-24T17:48:20.955+0000] {logging_mixin.py:190} INFO - [2026-03-24T17:48:20.954+0000] {dagbag.py:387} ERROR - Failed to import: /opt/airflow/dags/connect_to_minio.py
Traceback (most recent call last):
  File "/home/airflow/.local/lib/python3.12/site-packages/airflow/models/dagbag.py", line 383, in parse
    loader.exec_module(new_module)
  File "<frozen importlib._bootstrap_external>", line 999, in exec_module
  File "<frozen importlib._bootstrap>", line 488, in _call_with_frames_removed
  File "/opt/airflow/dags/connect_to_minio.py", line 42, in <module>
    repo_links=get_link();
               ^^^^^^^^^^
  File "/opt/airflow/dags/connect_to_minio.py", line 4, in get_link
    repo_links=Variable.get("LINKS",deserialize_json=True)
               ^^^^^^^^^^^^^^^^^^^^^^^^^^^^^^^^^^^^^^^^^^^
  File "/home/airflow/.local/lib/python3.12/site-packages/airflow/models/variable.py", line 145, in get
    raise KeyError(f"Variable {key} does not exist")
KeyError: 'Variable LINKS does not exist'
[2026-03-24T17:48:20.956+0000] {processor.py:927} WARNING - No viable dags retrieved from /opt/airflow/dags/connect_to_minio.py
[2026-03-24T17:48:20.972+0000] {processor.py:208} INFO - Processing /opt/airflow/dags/connect_to_minio.py took 0.058 seconds
[2026-03-24T17:48:51.797+0000] {processor.py:186} INFO - Started process (PID=33665) to work on /opt/airflow/dags/connect_to_minio.py
[2026-03-24T17:48:51.798+0000] {processor.py:914} INFO - Processing file /opt/airflow/dags/connect_to_minio.py for tasks to queue
[2026-03-24T17:48:51.801+0000] {logging_mixin.py:190} INFO - [2026-03-24T17:48:51.801+0000] {dagbag.py:588} INFO - Filling up the DagBag from /opt/airflow/dags/connect_to_minio.py
[2026-03-24T17:48:51.833+0000] {logging_mixin.py:190} INFO - [2026-03-24T17:48:51.830+0000] {dagbag.py:387} ERROR - Failed to import: /opt/airflow/dags/connect_to_minio.py
Traceback (most recent call last):
  File "/home/airflow/.local/lib/python3.12/site-packages/airflow/models/dagbag.py", line 383, in parse
    loader.exec_module(new_module)
  File "<frozen importlib._bootstrap_external>", line 999, in exec_module
  File "<frozen importlib._bootstrap>", line 488, in _call_with_frames_removed
  File "/opt/airflow/dags/connect_to_minio.py", line 42, in <module>
    repo_links=get_link();
               ^^^^^^^^^^
  File "/opt/airflow/dags/connect_to_minio.py", line 4, in get_link
    repo_links=Variable.get("LINKS",deserialize_json=True)
               ^^^^^^^^^^^^^^^^^^^^^^^^^^^^^^^^^^^^^^^^^^^
  File "/home/airflow/.local/lib/python3.12/site-packages/airflow/models/variable.py", line 145, in get
    raise KeyError(f"Variable {key} does not exist")
KeyError: 'Variable LINKS does not exist'
[2026-03-24T17:48:51.833+0000] {processor.py:927} WARNING - No viable dags retrieved from /opt/airflow/dags/connect_to_minio.py
[2026-03-24T17:48:51.850+0000] {processor.py:208} INFO - Processing /opt/airflow/dags/connect_to_minio.py took 0.065 seconds
[2026-03-24T17:49:22.572+0000] {processor.py:186} INFO - Started process (PID=33706) to work on /opt/airflow/dags/connect_to_minio.py
[2026-03-24T17:49:22.574+0000] {processor.py:914} INFO - Processing file /opt/airflow/dags/connect_to_minio.py for tasks to queue
[2026-03-24T17:49:22.578+0000] {logging_mixin.py:190} INFO - [2026-03-24T17:49:22.578+0000] {dagbag.py:588} INFO - Filling up the DagBag from /opt/airflow/dags/connect_to_minio.py
[2026-03-24T17:49:22.613+0000] {logging_mixin.py:190} INFO - [2026-03-24T17:49:22.610+0000] {dagbag.py:387} ERROR - Failed to import: /opt/airflow/dags/connect_to_minio.py
Traceback (most recent call last):
  File "/home/airflow/.local/lib/python3.12/site-packages/airflow/models/dagbag.py", line 383, in parse
    loader.exec_module(new_module)
  File "<frozen importlib._bootstrap_external>", line 999, in exec_module
  File "<frozen importlib._bootstrap>", line 488, in _call_with_frames_removed
  File "/opt/airflow/dags/connect_to_minio.py", line 42, in <module>
    repo_links=get_link();
               ^^^^^^^^^^
  File "/opt/airflow/dags/connect_to_minio.py", line 4, in get_link
    repo_links=Variable.get("LINKS",deserialize_json=True)
               ^^^^^^^^^^^^^^^^^^^^^^^^^^^^^^^^^^^^^^^^^^^
  File "/home/airflow/.local/lib/python3.12/site-packages/airflow/models/variable.py", line 145, in get
    raise KeyError(f"Variable {key} does not exist")
KeyError: 'Variable LINKS does not exist'
[2026-03-24T17:49:22.613+0000] {processor.py:927} WARNING - No viable dags retrieved from /opt/airflow/dags/connect_to_minio.py
[2026-03-24T17:49:22.627+0000] {processor.py:208} INFO - Processing /opt/airflow/dags/connect_to_minio.py took 0.065 seconds
[2026-03-24T17:49:53.333+0000] {processor.py:186} INFO - Started process (PID=33747) to work on /opt/airflow/dags/connect_to_minio.py
[2026-03-24T17:49:53.334+0000] {processor.py:914} INFO - Processing file /opt/airflow/dags/connect_to_minio.py for tasks to queue
[2026-03-24T17:49:53.337+0000] {logging_mixin.py:190} INFO - [2026-03-24T17:49:53.337+0000] {dagbag.py:588} INFO - Filling up the DagBag from /opt/airflow/dags/connect_to_minio.py
[2026-03-24T17:49:53.365+0000] {logging_mixin.py:190} INFO - [2026-03-24T17:49:53.363+0000] {dagbag.py:387} ERROR - Failed to import: /opt/airflow/dags/connect_to_minio.py
Traceback (most recent call last):
  File "/home/airflow/.local/lib/python3.12/site-packages/airflow/models/dagbag.py", line 383, in parse
    loader.exec_module(new_module)
  File "<frozen importlib._bootstrap_external>", line 999, in exec_module
  File "<frozen importlib._bootstrap>", line 488, in _call_with_frames_removed
  File "/opt/airflow/dags/connect_to_minio.py", line 42, in <module>
    repo_links=get_link();
               ^^^^^^^^^^
  File "/opt/airflow/dags/connect_to_minio.py", line 4, in get_link
    repo_links=Variable.get("LINKS",deserialize_json=True)
               ^^^^^^^^^^^^^^^^^^^^^^^^^^^^^^^^^^^^^^^^^^^
  File "/home/airflow/.local/lib/python3.12/site-packages/airflow/models/variable.py", line 145, in get
    raise KeyError(f"Variable {key} does not exist")
KeyError: 'Variable LINKS does not exist'
[2026-03-24T17:49:53.366+0000] {processor.py:927} WARNING - No viable dags retrieved from /opt/airflow/dags/connect_to_minio.py
[2026-03-24T17:49:53.382+0000] {processor.py:208} INFO - Processing /opt/airflow/dags/connect_to_minio.py took 0.057 seconds
[2026-03-24T17:50:24.139+0000] {processor.py:186} INFO - Started process (PID=33788) to work on /opt/airflow/dags/connect_to_minio.py
[2026-03-24T17:50:24.141+0000] {processor.py:914} INFO - Processing file /opt/airflow/dags/connect_to_minio.py for tasks to queue
[2026-03-24T17:50:24.145+0000] {logging_mixin.py:190} INFO - [2026-03-24T17:50:24.144+0000] {dagbag.py:588} INFO - Filling up the DagBag from /opt/airflow/dags/connect_to_minio.py
[2026-03-24T17:50:24.176+0000] {logging_mixin.py:190} INFO - [2026-03-24T17:50:24.174+0000] {dagbag.py:387} ERROR - Failed to import: /opt/airflow/dags/connect_to_minio.py
Traceback (most recent call last):
  File "/home/airflow/.local/lib/python3.12/site-packages/airflow/models/dagbag.py", line 383, in parse
    loader.exec_module(new_module)
  File "<frozen importlib._bootstrap_external>", line 999, in exec_module
  File "<frozen importlib._bootstrap>", line 488, in _call_with_frames_removed
  File "/opt/airflow/dags/connect_to_minio.py", line 42, in <module>
    repo_links=get_link();
               ^^^^^^^^^^
  File "/opt/airflow/dags/connect_to_minio.py", line 4, in get_link
    repo_links=Variable.get("LINKS",deserialize_json=True)
               ^^^^^^^^^^^^^^^^^^^^^^^^^^^^^^^^^^^^^^^^^^^
  File "/home/airflow/.local/lib/python3.12/site-packages/airflow/models/variable.py", line 145, in get
    raise KeyError(f"Variable {key} does not exist")
KeyError: 'Variable LINKS does not exist'
[2026-03-24T17:50:24.177+0000] {processor.py:927} WARNING - No viable dags retrieved from /opt/airflow/dags/connect_to_minio.py
[2026-03-24T17:50:24.192+0000] {processor.py:208} INFO - Processing /opt/airflow/dags/connect_to_minio.py took 0.063 seconds
[2026-03-24T17:50:54.945+0000] {processor.py:186} INFO - Started process (PID=33829) to work on /opt/airflow/dags/connect_to_minio.py
[2026-03-24T17:50:54.946+0000] {processor.py:914} INFO - Processing file /opt/airflow/dags/connect_to_minio.py for tasks to queue
[2026-03-24T17:50:54.949+0000] {logging_mixin.py:190} INFO - [2026-03-24T17:50:54.948+0000] {dagbag.py:588} INFO - Filling up the DagBag from /opt/airflow/dags/connect_to_minio.py
[2026-03-24T17:50:54.980+0000] {logging_mixin.py:190} INFO - [2026-03-24T17:50:54.978+0000] {dagbag.py:387} ERROR - Failed to import: /opt/airflow/dags/connect_to_minio.py
Traceback (most recent call last):
  File "/home/airflow/.local/lib/python3.12/site-packages/airflow/models/dagbag.py", line 383, in parse
    loader.exec_module(new_module)
  File "<frozen importlib._bootstrap_external>", line 999, in exec_module
  File "<frozen importlib._bootstrap>", line 488, in _call_with_frames_removed
  File "/opt/airflow/dags/connect_to_minio.py", line 42, in <module>
    repo_links=get_link();
               ^^^^^^^^^^
  File "/opt/airflow/dags/connect_to_minio.py", line 4, in get_link
    repo_links=Variable.get("LINKS",deserialize_json=True)
               ^^^^^^^^^^^^^^^^^^^^^^^^^^^^^^^^^^^^^^^^^^^
  File "/home/airflow/.local/lib/python3.12/site-packages/airflow/models/variable.py", line 145, in get
    raise KeyError(f"Variable {key} does not exist")
KeyError: 'Variable LINKS does not exist'
[2026-03-24T17:50:54.981+0000] {processor.py:927} WARNING - No viable dags retrieved from /opt/airflow/dags/connect_to_minio.py
[2026-03-24T17:50:54.996+0000] {processor.py:208} INFO - Processing /opt/airflow/dags/connect_to_minio.py took 0.059 seconds
[2026-03-24T17:51:25.725+0000] {processor.py:186} INFO - Started process (PID=33870) to work on /opt/airflow/dags/connect_to_minio.py
[2026-03-24T17:51:25.726+0000] {processor.py:914} INFO - Processing file /opt/airflow/dags/connect_to_minio.py for tasks to queue
[2026-03-24T17:51:25.731+0000] {logging_mixin.py:190} INFO - [2026-03-24T17:51:25.729+0000] {dagbag.py:588} INFO - Filling up the DagBag from /opt/airflow/dags/connect_to_minio.py
[2026-03-24T17:51:25.763+0000] {logging_mixin.py:190} INFO - [2026-03-24T17:51:25.760+0000] {dagbag.py:387} ERROR - Failed to import: /opt/airflow/dags/connect_to_minio.py
Traceback (most recent call last):
  File "/home/airflow/.local/lib/python3.12/site-packages/airflow/models/dagbag.py", line 383, in parse
    loader.exec_module(new_module)
  File "<frozen importlib._bootstrap_external>", line 999, in exec_module
  File "<frozen importlib._bootstrap>", line 488, in _call_with_frames_removed
  File "/opt/airflow/dags/connect_to_minio.py", line 42, in <module>
    repo_links=get_link();
               ^^^^^^^^^^
  File "/opt/airflow/dags/connect_to_minio.py", line 4, in get_link
    repo_links=Variable.get("LINKS",deserialize_json=True)
               ^^^^^^^^^^^^^^^^^^^^^^^^^^^^^^^^^^^^^^^^^^^
  File "/home/airflow/.local/lib/python3.12/site-packages/airflow/models/variable.py", line 145, in get
    raise KeyError(f"Variable {key} does not exist")
KeyError: 'Variable LINKS does not exist'
[2026-03-24T17:51:25.764+0000] {processor.py:927} WARNING - No viable dags retrieved from /opt/airflow/dags/connect_to_minio.py
[2026-03-24T17:51:25.778+0000] {processor.py:208} INFO - Processing /opt/airflow/dags/connect_to_minio.py took 0.060 seconds
[2026-03-24T17:51:56.487+0000] {processor.py:186} INFO - Started process (PID=33917) to work on /opt/airflow/dags/connect_to_minio.py
[2026-03-24T17:51:56.488+0000] {processor.py:914} INFO - Processing file /opt/airflow/dags/connect_to_minio.py for tasks to queue
[2026-03-24T17:51:56.491+0000] {logging_mixin.py:190} INFO - [2026-03-24T17:51:56.490+0000] {dagbag.py:588} INFO - Filling up the DagBag from /opt/airflow/dags/connect_to_minio.py
[2026-03-24T17:51:56.520+0000] {logging_mixin.py:190} INFO - [2026-03-24T17:51:56.518+0000] {dagbag.py:387} ERROR - Failed to import: /opt/airflow/dags/connect_to_minio.py
Traceback (most recent call last):
  File "/home/airflow/.local/lib/python3.12/site-packages/airflow/models/dagbag.py", line 383, in parse
    loader.exec_module(new_module)
  File "<frozen importlib._bootstrap_external>", line 999, in exec_module
  File "<frozen importlib._bootstrap>", line 488, in _call_with_frames_removed
  File "/opt/airflow/dags/connect_to_minio.py", line 42, in <module>
    repo_links=get_link();
               ^^^^^^^^^^
  File "/opt/airflow/dags/connect_to_minio.py", line 4, in get_link
    repo_links=Variable.get("LINKS",deserialize_json=True)
               ^^^^^^^^^^^^^^^^^^^^^^^^^^^^^^^^^^^^^^^^^^^
  File "/home/airflow/.local/lib/python3.12/site-packages/airflow/models/variable.py", line 145, in get
    raise KeyError(f"Variable {key} does not exist")
KeyError: 'Variable LINKS does not exist'
[2026-03-24T17:51:56.520+0000] {processor.py:927} WARNING - No viable dags retrieved from /opt/airflow/dags/connect_to_minio.py
[2026-03-24T17:51:56.532+0000] {processor.py:208} INFO - Processing /opt/airflow/dags/connect_to_minio.py took 0.052 seconds
[2026-03-24T17:52:27.268+0000] {processor.py:186} INFO - Started process (PID=33960) to work on /opt/airflow/dags/connect_to_minio.py
[2026-03-24T17:52:27.269+0000] {processor.py:914} INFO - Processing file /opt/airflow/dags/connect_to_minio.py for tasks to queue
[2026-03-24T17:52:27.271+0000] {logging_mixin.py:190} INFO - [2026-03-24T17:52:27.271+0000] {dagbag.py:588} INFO - Filling up the DagBag from /opt/airflow/dags/connect_to_minio.py
[2026-03-24T17:52:27.302+0000] {logging_mixin.py:190} INFO - [2026-03-24T17:52:27.300+0000] {dagbag.py:387} ERROR - Failed to import: /opt/airflow/dags/connect_to_minio.py
Traceback (most recent call last):
  File "/home/airflow/.local/lib/python3.12/site-packages/airflow/models/dagbag.py", line 383, in parse
    loader.exec_module(new_module)
  File "<frozen importlib._bootstrap_external>", line 999, in exec_module
  File "<frozen importlib._bootstrap>", line 488, in _call_with_frames_removed
  File "/opt/airflow/dags/connect_to_minio.py", line 42, in <module>
    repo_links=get_link();
               ^^^^^^^^^^
  File "/opt/airflow/dags/connect_to_minio.py", line 4, in get_link
    repo_links=Variable.get("LINKS",deserialize_json=True)
               ^^^^^^^^^^^^^^^^^^^^^^^^^^^^^^^^^^^^^^^^^^^
  File "/home/airflow/.local/lib/python3.12/site-packages/airflow/models/variable.py", line 145, in get
    raise KeyError(f"Variable {key} does not exist")
KeyError: 'Variable LINKS does not exist'
[2026-03-24T17:52:27.303+0000] {processor.py:927} WARNING - No viable dags retrieved from /opt/airflow/dags/connect_to_minio.py
[2026-03-24T17:52:27.316+0000] {processor.py:208} INFO - Processing /opt/airflow/dags/connect_to_minio.py took 0.056 seconds
[2026-03-24T17:52:58.026+0000] {processor.py:186} INFO - Started process (PID=33999) to work on /opt/airflow/dags/connect_to_minio.py
[2026-03-24T17:52:58.027+0000] {processor.py:914} INFO - Processing file /opt/airflow/dags/connect_to_minio.py for tasks to queue
[2026-03-24T17:52:58.031+0000] {logging_mixin.py:190} INFO - [2026-03-24T17:52:58.030+0000] {dagbag.py:588} INFO - Filling up the DagBag from /opt/airflow/dags/connect_to_minio.py
[2026-03-24T17:52:58.061+0000] {logging_mixin.py:190} INFO - [2026-03-24T17:52:58.059+0000] {dagbag.py:387} ERROR - Failed to import: /opt/airflow/dags/connect_to_minio.py
Traceback (most recent call last):
  File "/home/airflow/.local/lib/python3.12/site-packages/airflow/models/dagbag.py", line 383, in parse
    loader.exec_module(new_module)
  File "<frozen importlib._bootstrap_external>", line 999, in exec_module
  File "<frozen importlib._bootstrap>", line 488, in _call_with_frames_removed
  File "/opt/airflow/dags/connect_to_minio.py", line 42, in <module>
    repo_links=get_link();
               ^^^^^^^^^^
  File "/opt/airflow/dags/connect_to_minio.py", line 4, in get_link
    repo_links=Variable.get("LINKS",deserialize_json=True)
               ^^^^^^^^^^^^^^^^^^^^^^^^^^^^^^^^^^^^^^^^^^^
  File "/home/airflow/.local/lib/python3.12/site-packages/airflow/models/variable.py", line 145, in get
    raise KeyError(f"Variable {key} does not exist")
KeyError: 'Variable LINKS does not exist'
[2026-03-24T17:52:58.062+0000] {processor.py:927} WARNING - No viable dags retrieved from /opt/airflow/dags/connect_to_minio.py
[2026-03-24T17:52:58.075+0000] {processor.py:208} INFO - Processing /opt/airflow/dags/connect_to_minio.py took 0.059 seconds
[2026-03-24T17:53:28.782+0000] {processor.py:186} INFO - Started process (PID=34040) to work on /opt/airflow/dags/connect_to_minio.py
[2026-03-24T17:53:28.783+0000] {processor.py:914} INFO - Processing file /opt/airflow/dags/connect_to_minio.py for tasks to queue
[2026-03-24T17:53:28.786+0000] {logging_mixin.py:190} INFO - [2026-03-24T17:53:28.786+0000] {dagbag.py:588} INFO - Filling up the DagBag from /opt/airflow/dags/connect_to_minio.py
[2026-03-24T17:53:28.816+0000] {logging_mixin.py:190} INFO - [2026-03-24T17:53:28.814+0000] {dagbag.py:387} ERROR - Failed to import: /opt/airflow/dags/connect_to_minio.py
Traceback (most recent call last):
  File "/home/airflow/.local/lib/python3.12/site-packages/airflow/models/dagbag.py", line 383, in parse
    loader.exec_module(new_module)
  File "<frozen importlib._bootstrap_external>", line 999, in exec_module
  File "<frozen importlib._bootstrap>", line 488, in _call_with_frames_removed
  File "/opt/airflow/dags/connect_to_minio.py", line 42, in <module>
    repo_links=get_link();
               ^^^^^^^^^^
  File "/opt/airflow/dags/connect_to_minio.py", line 4, in get_link
    repo_links=Variable.get("LINKS",deserialize_json=True)
               ^^^^^^^^^^^^^^^^^^^^^^^^^^^^^^^^^^^^^^^^^^^
  File "/home/airflow/.local/lib/python3.12/site-packages/airflow/models/variable.py", line 145, in get
    raise KeyError(f"Variable {key} does not exist")
KeyError: 'Variable LINKS does not exist'
[2026-03-24T17:53:28.817+0000] {processor.py:927} WARNING - No viable dags retrieved from /opt/airflow/dags/connect_to_minio.py
[2026-03-24T17:53:28.829+0000] {processor.py:208} INFO - Processing /opt/airflow/dags/connect_to_minio.py took 0.055 seconds
[2026-03-24T17:53:59.541+0000] {processor.py:186} INFO - Started process (PID=34081) to work on /opt/airflow/dags/connect_to_minio.py
[2026-03-24T17:53:59.542+0000] {processor.py:914} INFO - Processing file /opt/airflow/dags/connect_to_minio.py for tasks to queue
[2026-03-24T17:53:59.545+0000] {logging_mixin.py:190} INFO - [2026-03-24T17:53:59.545+0000] {dagbag.py:588} INFO - Filling up the DagBag from /opt/airflow/dags/connect_to_minio.py
[2026-03-24T17:53:59.576+0000] {logging_mixin.py:190} INFO - [2026-03-24T17:53:59.575+0000] {dagbag.py:387} ERROR - Failed to import: /opt/airflow/dags/connect_to_minio.py
Traceback (most recent call last):
  File "/home/airflow/.local/lib/python3.12/site-packages/airflow/models/dagbag.py", line 383, in parse
    loader.exec_module(new_module)
  File "<frozen importlib._bootstrap_external>", line 999, in exec_module
  File "<frozen importlib._bootstrap>", line 488, in _call_with_frames_removed
  File "/opt/airflow/dags/connect_to_minio.py", line 42, in <module>
    repo_links=get_link();
               ^^^^^^^^^^
  File "/opt/airflow/dags/connect_to_minio.py", line 4, in get_link
    repo_links=Variable.get("LINKS",deserialize_json=True)
               ^^^^^^^^^^^^^^^^^^^^^^^^^^^^^^^^^^^^^^^^^^^
  File "/home/airflow/.local/lib/python3.12/site-packages/airflow/models/variable.py", line 145, in get
    raise KeyError(f"Variable {key} does not exist")
KeyError: 'Variable LINKS does not exist'
[2026-03-24T17:53:59.577+0000] {processor.py:927} WARNING - No viable dags retrieved from /opt/airflow/dags/connect_to_minio.py
[2026-03-24T17:53:59.589+0000] {processor.py:208} INFO - Processing /opt/airflow/dags/connect_to_minio.py took 0.057 seconds
[2026-03-24T17:54:30.293+0000] {processor.py:186} INFO - Started process (PID=34122) to work on /opt/airflow/dags/connect_to_minio.py
[2026-03-24T17:54:30.295+0000] {processor.py:914} INFO - Processing file /opt/airflow/dags/connect_to_minio.py for tasks to queue
[2026-03-24T17:54:30.298+0000] {logging_mixin.py:190} INFO - [2026-03-24T17:54:30.298+0000] {dagbag.py:588} INFO - Filling up the DagBag from /opt/airflow/dags/connect_to_minio.py
[2026-03-24T17:54:30.327+0000] {logging_mixin.py:190} INFO - [2026-03-24T17:54:30.326+0000] {dagbag.py:387} ERROR - Failed to import: /opt/airflow/dags/connect_to_minio.py
Traceback (most recent call last):
  File "/home/airflow/.local/lib/python3.12/site-packages/airflow/models/dagbag.py", line 383, in parse
    loader.exec_module(new_module)
  File "<frozen importlib._bootstrap_external>", line 999, in exec_module
  File "<frozen importlib._bootstrap>", line 488, in _call_with_frames_removed
  File "/opt/airflow/dags/connect_to_minio.py", line 42, in <module>
    repo_links=get_link();
               ^^^^^^^^^^
  File "/opt/airflow/dags/connect_to_minio.py", line 4, in get_link
    repo_links=Variable.get("LINKS",deserialize_json=True)
               ^^^^^^^^^^^^^^^^^^^^^^^^^^^^^^^^^^^^^^^^^^^
  File "/home/airflow/.local/lib/python3.12/site-packages/airflow/models/variable.py", line 145, in get
    raise KeyError(f"Variable {key} does not exist")
KeyError: 'Variable LINKS does not exist'
[2026-03-24T17:54:30.328+0000] {processor.py:927} WARNING - No viable dags retrieved from /opt/airflow/dags/connect_to_minio.py
[2026-03-24T17:54:30.344+0000] {processor.py:208} INFO - Processing /opt/airflow/dags/connect_to_minio.py took 0.060 seconds
[2026-03-24T17:55:01.046+0000] {processor.py:186} INFO - Started process (PID=34163) to work on /opt/airflow/dags/connect_to_minio.py
[2026-03-24T17:55:01.047+0000] {processor.py:914} INFO - Processing file /opt/airflow/dags/connect_to_minio.py for tasks to queue
[2026-03-24T17:55:01.050+0000] {logging_mixin.py:190} INFO - [2026-03-24T17:55:01.050+0000] {dagbag.py:588} INFO - Filling up the DagBag from /opt/airflow/dags/connect_to_minio.py
[2026-03-24T17:55:01.080+0000] {logging_mixin.py:190} INFO - [2026-03-24T17:55:01.078+0000] {dagbag.py:387} ERROR - Failed to import: /opt/airflow/dags/connect_to_minio.py
Traceback (most recent call last):
  File "/home/airflow/.local/lib/python3.12/site-packages/airflow/models/dagbag.py", line 383, in parse
    loader.exec_module(new_module)
  File "<frozen importlib._bootstrap_external>", line 999, in exec_module
  File "<frozen importlib._bootstrap>", line 488, in _call_with_frames_removed
  File "/opt/airflow/dags/connect_to_minio.py", line 42, in <module>
    repo_links=get_link();
               ^^^^^^^^^^
  File "/opt/airflow/dags/connect_to_minio.py", line 4, in get_link
    repo_links=Variable.get("LINKS",deserialize_json=True)
               ^^^^^^^^^^^^^^^^^^^^^^^^^^^^^^^^^^^^^^^^^^^
  File "/home/airflow/.local/lib/python3.12/site-packages/airflow/models/variable.py", line 145, in get
    raise KeyError(f"Variable {key} does not exist")
KeyError: 'Variable LINKS does not exist'
[2026-03-24T17:55:01.081+0000] {processor.py:927} WARNING - No viable dags retrieved from /opt/airflow/dags/connect_to_minio.py
[2026-03-24T17:55:01.093+0000] {processor.py:208} INFO - Processing /opt/airflow/dags/connect_to_minio.py took 0.055 seconds
[2026-03-24T17:55:31.863+0000] {processor.py:186} INFO - Started process (PID=34204) to work on /opt/airflow/dags/connect_to_minio.py
[2026-03-24T17:55:31.864+0000] {processor.py:914} INFO - Processing file /opt/airflow/dags/connect_to_minio.py for tasks to queue
[2026-03-24T17:55:31.867+0000] {logging_mixin.py:190} INFO - [2026-03-24T17:55:31.867+0000] {dagbag.py:588} INFO - Filling up the DagBag from /opt/airflow/dags/connect_to_minio.py
[2026-03-24T17:55:31.900+0000] {logging_mixin.py:190} INFO - [2026-03-24T17:55:31.898+0000] {dagbag.py:387} ERROR - Failed to import: /opt/airflow/dags/connect_to_minio.py
Traceback (most recent call last):
  File "/home/airflow/.local/lib/python3.12/site-packages/airflow/models/dagbag.py", line 383, in parse
    loader.exec_module(new_module)
  File "<frozen importlib._bootstrap_external>", line 999, in exec_module
  File "<frozen importlib._bootstrap>", line 488, in _call_with_frames_removed
  File "/opt/airflow/dags/connect_to_minio.py", line 42, in <module>
    repo_links=get_link();
               ^^^^^^^^^^
  File "/opt/airflow/dags/connect_to_minio.py", line 4, in get_link
    repo_links=Variable.get("LINKS",deserialize_json=True)
               ^^^^^^^^^^^^^^^^^^^^^^^^^^^^^^^^^^^^^^^^^^^
  File "/home/airflow/.local/lib/python3.12/site-packages/airflow/models/variable.py", line 145, in get
    raise KeyError(f"Variable {key} does not exist")
KeyError: 'Variable LINKS does not exist'
[2026-03-24T17:55:31.901+0000] {processor.py:927} WARNING - No viable dags retrieved from /opt/airflow/dags/connect_to_minio.py
[2026-03-24T17:55:31.914+0000] {processor.py:208} INFO - Processing /opt/airflow/dags/connect_to_minio.py took 0.061 seconds
[2026-03-24T17:56:02.528+0000] {processor.py:186} INFO - Started process (PID=34245) to work on /opt/airflow/dags/connect_to_minio.py
[2026-03-24T17:56:02.529+0000] {processor.py:914} INFO - Processing file /opt/airflow/dags/connect_to_minio.py for tasks to queue
[2026-03-24T17:56:02.532+0000] {logging_mixin.py:190} INFO - [2026-03-24T17:56:02.531+0000] {dagbag.py:588} INFO - Filling up the DagBag from /opt/airflow/dags/connect_to_minio.py
[2026-03-24T17:56:02.563+0000] {logging_mixin.py:190} INFO - [2026-03-24T17:56:02.561+0000] {dagbag.py:387} ERROR - Failed to import: /opt/airflow/dags/connect_to_minio.py
Traceback (most recent call last):
  File "/home/airflow/.local/lib/python3.12/site-packages/airflow/models/dagbag.py", line 383, in parse
    loader.exec_module(new_module)
  File "<frozen importlib._bootstrap_external>", line 999, in exec_module
  File "<frozen importlib._bootstrap>", line 488, in _call_with_frames_removed
  File "/opt/airflow/dags/connect_to_minio.py", line 42, in <module>
    repo_links=get_link();
               ^^^^^^^^^^
  File "/opt/airflow/dags/connect_to_minio.py", line 4, in get_link
    repo_links=Variable.get("LINKS",deserialize_json=True)
               ^^^^^^^^^^^^^^^^^^^^^^^^^^^^^^^^^^^^^^^^^^^
  File "/home/airflow/.local/lib/python3.12/site-packages/airflow/models/variable.py", line 145, in get
    raise KeyError(f"Variable {key} does not exist")
KeyError: 'Variable LINKS does not exist'
[2026-03-24T17:56:02.564+0000] {processor.py:927} WARNING - No viable dags retrieved from /opt/airflow/dags/connect_to_minio.py
[2026-03-24T17:56:02.580+0000] {processor.py:208} INFO - Processing /opt/airflow/dags/connect_to_minio.py took 0.061 seconds
[2026-03-24T17:56:33.326+0000] {processor.py:186} INFO - Started process (PID=34286) to work on /opt/airflow/dags/connect_to_minio.py
[2026-03-24T17:56:33.328+0000] {processor.py:914} INFO - Processing file /opt/airflow/dags/connect_to_minio.py for tasks to queue
[2026-03-24T17:56:33.330+0000] {logging_mixin.py:190} INFO - [2026-03-24T17:56:33.330+0000] {dagbag.py:588} INFO - Filling up the DagBag from /opt/airflow/dags/connect_to_minio.py
[2026-03-24T17:56:33.361+0000] {logging_mixin.py:190} INFO - [2026-03-24T17:56:33.358+0000] {dagbag.py:387} ERROR - Failed to import: /opt/airflow/dags/connect_to_minio.py
Traceback (most recent call last):
  File "/home/airflow/.local/lib/python3.12/site-packages/airflow/models/dagbag.py", line 383, in parse
    loader.exec_module(new_module)
  File "<frozen importlib._bootstrap_external>", line 999, in exec_module
  File "<frozen importlib._bootstrap>", line 488, in _call_with_frames_removed
  File "/opt/airflow/dags/connect_to_minio.py", line 42, in <module>
    repo_links=get_link();
               ^^^^^^^^^^
  File "/opt/airflow/dags/connect_to_minio.py", line 4, in get_link
    repo_links=Variable.get("LINKS",deserialize_json=True)
               ^^^^^^^^^^^^^^^^^^^^^^^^^^^^^^^^^^^^^^^^^^^
  File "/home/airflow/.local/lib/python3.12/site-packages/airflow/models/variable.py", line 145, in get
    raise KeyError(f"Variable {key} does not exist")
KeyError: 'Variable LINKS does not exist'
[2026-03-24T17:56:33.362+0000] {processor.py:927} WARNING - No viable dags retrieved from /opt/airflow/dags/connect_to_minio.py
[2026-03-24T17:56:33.376+0000] {processor.py:208} INFO - Processing /opt/airflow/dags/connect_to_minio.py took 0.059 seconds
[2026-03-24T17:57:03.965+0000] {processor.py:186} INFO - Started process (PID=34327) to work on /opt/airflow/dags/connect_to_minio.py
[2026-03-24T17:57:03.966+0000] {processor.py:914} INFO - Processing file /opt/airflow/dags/connect_to_minio.py for tasks to queue
[2026-03-24T17:57:03.969+0000] {logging_mixin.py:190} INFO - [2026-03-24T17:57:03.969+0000] {dagbag.py:588} INFO - Filling up the DagBag from /opt/airflow/dags/connect_to_minio.py
[2026-03-24T17:57:03.999+0000] {logging_mixin.py:190} INFO - [2026-03-24T17:57:03.997+0000] {dagbag.py:387} ERROR - Failed to import: /opt/airflow/dags/connect_to_minio.py
Traceback (most recent call last):
  File "/home/airflow/.local/lib/python3.12/site-packages/airflow/models/dagbag.py", line 383, in parse
    loader.exec_module(new_module)
  File "<frozen importlib._bootstrap_external>", line 999, in exec_module
  File "<frozen importlib._bootstrap>", line 488, in _call_with_frames_removed
  File "/opt/airflow/dags/connect_to_minio.py", line 42, in <module>
    repo_links=get_link();
               ^^^^^^^^^^
  File "/opt/airflow/dags/connect_to_minio.py", line 4, in get_link
    repo_links=Variable.get("LINKS",deserialize_json=True)
               ^^^^^^^^^^^^^^^^^^^^^^^^^^^^^^^^^^^^^^^^^^^
  File "/home/airflow/.local/lib/python3.12/site-packages/airflow/models/variable.py", line 145, in get
    raise KeyError(f"Variable {key} does not exist")
KeyError: 'Variable LINKS does not exist'
[2026-03-24T17:57:04.000+0000] {processor.py:927} WARNING - No viable dags retrieved from /opt/airflow/dags/connect_to_minio.py
[2026-03-24T17:57:04.015+0000] {processor.py:208} INFO - Processing /opt/airflow/dags/connect_to_minio.py took 0.059 seconds
[2026-03-24T17:57:34.737+0000] {processor.py:186} INFO - Started process (PID=34368) to work on /opt/airflow/dags/connect_to_minio.py
[2026-03-24T17:57:34.738+0000] {processor.py:914} INFO - Processing file /opt/airflow/dags/connect_to_minio.py for tasks to queue
[2026-03-24T17:57:34.742+0000] {logging_mixin.py:190} INFO - [2026-03-24T17:57:34.741+0000] {dagbag.py:588} INFO - Filling up the DagBag from /opt/airflow/dags/connect_to_minio.py
[2026-03-24T17:57:34.773+0000] {logging_mixin.py:190} INFO - [2026-03-24T17:57:34.771+0000] {dagbag.py:387} ERROR - Failed to import: /opt/airflow/dags/connect_to_minio.py
Traceback (most recent call last):
  File "/home/airflow/.local/lib/python3.12/site-packages/airflow/models/dagbag.py", line 383, in parse
    loader.exec_module(new_module)
  File "<frozen importlib._bootstrap_external>", line 999, in exec_module
  File "<frozen importlib._bootstrap>", line 488, in _call_with_frames_removed
  File "/opt/airflow/dags/connect_to_minio.py", line 42, in <module>
    repo_links=get_link();
               ^^^^^^^^^^
  File "/opt/airflow/dags/connect_to_minio.py", line 4, in get_link
    repo_links=Variable.get("LINKS",deserialize_json=True)
               ^^^^^^^^^^^^^^^^^^^^^^^^^^^^^^^^^^^^^^^^^^^
  File "/home/airflow/.local/lib/python3.12/site-packages/airflow/models/variable.py", line 145, in get
    raise KeyError(f"Variable {key} does not exist")
KeyError: 'Variable LINKS does not exist'
[2026-03-24T17:57:34.774+0000] {processor.py:927} WARNING - No viable dags retrieved from /opt/airflow/dags/connect_to_minio.py
[2026-03-24T17:57:34.789+0000] {processor.py:208} INFO - Processing /opt/airflow/dags/connect_to_minio.py took 0.061 seconds
[2026-03-24T17:58:05.498+0000] {processor.py:186} INFO - Started process (PID=34409) to work on /opt/airflow/dags/connect_to_minio.py
[2026-03-24T17:58:05.500+0000] {processor.py:914} INFO - Processing file /opt/airflow/dags/connect_to_minio.py for tasks to queue
[2026-03-24T17:58:05.502+0000] {logging_mixin.py:190} INFO - [2026-03-24T17:58:05.502+0000] {dagbag.py:588} INFO - Filling up the DagBag from /opt/airflow/dags/connect_to_minio.py
[2026-03-24T17:58:05.536+0000] {logging_mixin.py:190} INFO - [2026-03-24T17:58:05.534+0000] {dagbag.py:387} ERROR - Failed to import: /opt/airflow/dags/connect_to_minio.py
Traceback (most recent call last):
  File "/home/airflow/.local/lib/python3.12/site-packages/airflow/models/dagbag.py", line 383, in parse
    loader.exec_module(new_module)
  File "<frozen importlib._bootstrap_external>", line 999, in exec_module
  File "<frozen importlib._bootstrap>", line 488, in _call_with_frames_removed
  File "/opt/airflow/dags/connect_to_minio.py", line 42, in <module>
    repo_links=get_link();
               ^^^^^^^^^^
  File "/opt/airflow/dags/connect_to_minio.py", line 4, in get_link
    repo_links=Variable.get("LINKS",deserialize_json=True)
               ^^^^^^^^^^^^^^^^^^^^^^^^^^^^^^^^^^^^^^^^^^^
  File "/home/airflow/.local/lib/python3.12/site-packages/airflow/models/variable.py", line 145, in get
    raise KeyError(f"Variable {key} does not exist")
KeyError: 'Variable LINKS does not exist'
[2026-03-24T17:58:05.537+0000] {processor.py:927} WARNING - No viable dags retrieved from /opt/airflow/dags/connect_to_minio.py
[2026-03-24T17:58:05.548+0000] {processor.py:208} INFO - Processing /opt/airflow/dags/connect_to_minio.py took 0.057 seconds
[2026-03-24T17:58:36.288+0000] {processor.py:186} INFO - Started process (PID=34450) to work on /opt/airflow/dags/connect_to_minio.py
[2026-03-24T17:58:36.289+0000] {processor.py:914} INFO - Processing file /opt/airflow/dags/connect_to_minio.py for tasks to queue
[2026-03-24T17:58:36.292+0000] {logging_mixin.py:190} INFO - [2026-03-24T17:58:36.291+0000] {dagbag.py:588} INFO - Filling up the DagBag from /opt/airflow/dags/connect_to_minio.py
[2026-03-24T17:58:36.327+0000] {logging_mixin.py:190} INFO - [2026-03-24T17:58:36.324+0000] {dagbag.py:387} ERROR - Failed to import: /opt/airflow/dags/connect_to_minio.py
Traceback (most recent call last):
  File "/home/airflow/.local/lib/python3.12/site-packages/airflow/models/dagbag.py", line 383, in parse
    loader.exec_module(new_module)
  File "<frozen importlib._bootstrap_external>", line 999, in exec_module
  File "<frozen importlib._bootstrap>", line 488, in _call_with_frames_removed
  File "/opt/airflow/dags/connect_to_minio.py", line 42, in <module>
    repo_links=get_link();
               ^^^^^^^^^^
  File "/opt/airflow/dags/connect_to_minio.py", line 4, in get_link
    repo_links=Variable.get("LINKS",deserialize_json=True)
               ^^^^^^^^^^^^^^^^^^^^^^^^^^^^^^^^^^^^^^^^^^^
  File "/home/airflow/.local/lib/python3.12/site-packages/airflow/models/variable.py", line 145, in get
    raise KeyError(f"Variable {key} does not exist")
KeyError: 'Variable LINKS does not exist'
[2026-03-24T17:58:36.328+0000] {processor.py:927} WARNING - No viable dags retrieved from /opt/airflow/dags/connect_to_minio.py
[2026-03-24T17:58:36.347+0000] {processor.py:208} INFO - Processing /opt/airflow/dags/connect_to_minio.py took 0.067 seconds
[2026-03-24T17:59:07.080+0000] {processor.py:186} INFO - Started process (PID=34491) to work on /opt/airflow/dags/connect_to_minio.py
[2026-03-24T17:59:07.081+0000] {processor.py:914} INFO - Processing file /opt/airflow/dags/connect_to_minio.py for tasks to queue
[2026-03-24T17:59:07.084+0000] {logging_mixin.py:190} INFO - [2026-03-24T17:59:07.084+0000] {dagbag.py:588} INFO - Filling up the DagBag from /opt/airflow/dags/connect_to_minio.py
[2026-03-24T17:59:07.117+0000] {logging_mixin.py:190} INFO - [2026-03-24T17:59:07.115+0000] {dagbag.py:387} ERROR - Failed to import: /opt/airflow/dags/connect_to_minio.py
Traceback (most recent call last):
  File "/home/airflow/.local/lib/python3.12/site-packages/airflow/models/dagbag.py", line 383, in parse
    loader.exec_module(new_module)
  File "<frozen importlib._bootstrap_external>", line 999, in exec_module
  File "<frozen importlib._bootstrap>", line 488, in _call_with_frames_removed
  File "/opt/airflow/dags/connect_to_minio.py", line 42, in <module>
    repo_links=get_link();
               ^^^^^^^^^^
  File "/opt/airflow/dags/connect_to_minio.py", line 4, in get_link
    repo_links=Variable.get("LINKS",deserialize_json=True)
               ^^^^^^^^^^^^^^^^^^^^^^^^^^^^^^^^^^^^^^^^^^^
  File "/home/airflow/.local/lib/python3.12/site-packages/airflow/models/variable.py", line 145, in get
    raise KeyError(f"Variable {key} does not exist")
KeyError: 'Variable LINKS does not exist'
[2026-03-24T17:59:07.118+0000] {processor.py:927} WARNING - No viable dags retrieved from /opt/airflow/dags/connect_to_minio.py
[2026-03-24T17:59:07.132+0000] {processor.py:208} INFO - Processing /opt/airflow/dags/connect_to_minio.py took 0.060 seconds
[2026-03-24T17:59:37.688+0000] {processor.py:186} INFO - Started process (PID=34533) to work on /opt/airflow/dags/connect_to_minio.py
[2026-03-24T17:59:37.689+0000] {processor.py:914} INFO - Processing file /opt/airflow/dags/connect_to_minio.py for tasks to queue
[2026-03-24T17:59:37.693+0000] {logging_mixin.py:190} INFO - [2026-03-24T17:59:37.692+0000] {dagbag.py:588} INFO - Filling up the DagBag from /opt/airflow/dags/connect_to_minio.py
[2026-03-24T17:59:37.727+0000] {logging_mixin.py:190} INFO - [2026-03-24T17:59:37.725+0000] {dagbag.py:387} ERROR - Failed to import: /opt/airflow/dags/connect_to_minio.py
Traceback (most recent call last):
  File "/home/airflow/.local/lib/python3.12/site-packages/airflow/models/dagbag.py", line 383, in parse
    loader.exec_module(new_module)
  File "<frozen importlib._bootstrap_external>", line 999, in exec_module
  File "<frozen importlib._bootstrap>", line 488, in _call_with_frames_removed
  File "/opt/airflow/dags/connect_to_minio.py", line 42, in <module>
    repo_links=get_link();
               ^^^^^^^^^^
  File "/opt/airflow/dags/connect_to_minio.py", line 4, in get_link
    repo_links=Variable.get("LINKS",deserialize_json=True)
               ^^^^^^^^^^^^^^^^^^^^^^^^^^^^^^^^^^^^^^^^^^^
  File "/home/airflow/.local/lib/python3.12/site-packages/airflow/models/variable.py", line 145, in get
    raise KeyError(f"Variable {key} does not exist")
KeyError: 'Variable LINKS does not exist'
[2026-03-24T17:59:37.728+0000] {processor.py:927} WARNING - No viable dags retrieved from /opt/airflow/dags/connect_to_minio.py
[2026-03-24T17:59:37.744+0000] {processor.py:208} INFO - Processing /opt/airflow/dags/connect_to_minio.py took 0.063 seconds
[2026-03-24T18:00:08.504+0000] {processor.py:186} INFO - Started process (PID=34574) to work on /opt/airflow/dags/connect_to_minio.py
[2026-03-24T18:00:08.505+0000] {processor.py:914} INFO - Processing file /opt/airflow/dags/connect_to_minio.py for tasks to queue
[2026-03-24T18:00:08.509+0000] {logging_mixin.py:190} INFO - [2026-03-24T18:00:08.509+0000] {dagbag.py:588} INFO - Filling up the DagBag from /opt/airflow/dags/connect_to_minio.py
[2026-03-24T18:00:08.544+0000] {logging_mixin.py:190} INFO - [2026-03-24T18:00:08.543+0000] {dagbag.py:387} ERROR - Failed to import: /opt/airflow/dags/connect_to_minio.py
Traceback (most recent call last):
  File "/home/airflow/.local/lib/python3.12/site-packages/airflow/models/dagbag.py", line 383, in parse
    loader.exec_module(new_module)
  File "<frozen importlib._bootstrap_external>", line 999, in exec_module
  File "<frozen importlib._bootstrap>", line 488, in _call_with_frames_removed
  File "/opt/airflow/dags/connect_to_minio.py", line 42, in <module>
    repo_links=get_link();
               ^^^^^^^^^^
  File "/opt/airflow/dags/connect_to_minio.py", line 4, in get_link
    repo_links=Variable.get("LINKS",deserialize_json=True)
               ^^^^^^^^^^^^^^^^^^^^^^^^^^^^^^^^^^^^^^^^^^^
  File "/home/airflow/.local/lib/python3.12/site-packages/airflow/models/variable.py", line 145, in get
    raise KeyError(f"Variable {key} does not exist")
KeyError: 'Variable LINKS does not exist'
[2026-03-24T18:00:08.545+0000] {processor.py:927} WARNING - No viable dags retrieved from /opt/airflow/dags/connect_to_minio.py
[2026-03-24T18:00:08.561+0000] {processor.py:208} INFO - Processing /opt/airflow/dags/connect_to_minio.py took 0.068 seconds
[2026-03-24T18:00:39.204+0000] {processor.py:186} INFO - Started process (PID=34615) to work on /opt/airflow/dags/connect_to_minio.py
[2026-03-24T18:00:39.205+0000] {processor.py:914} INFO - Processing file /opt/airflow/dags/connect_to_minio.py for tasks to queue
[2026-03-24T18:00:39.207+0000] {logging_mixin.py:190} INFO - [2026-03-24T18:00:39.207+0000] {dagbag.py:588} INFO - Filling up the DagBag from /opt/airflow/dags/connect_to_minio.py
[2026-03-24T18:00:39.237+0000] {logging_mixin.py:190} INFO - [2026-03-24T18:00:39.235+0000] {dagbag.py:387} ERROR - Failed to import: /opt/airflow/dags/connect_to_minio.py
Traceback (most recent call last):
  File "/home/airflow/.local/lib/python3.12/site-packages/airflow/models/dagbag.py", line 383, in parse
    loader.exec_module(new_module)
  File "<frozen importlib._bootstrap_external>", line 999, in exec_module
  File "<frozen importlib._bootstrap>", line 488, in _call_with_frames_removed
  File "/opt/airflow/dags/connect_to_minio.py", line 42, in <module>
    repo_links=get_link();
               ^^^^^^^^^^
  File "/opt/airflow/dags/connect_to_minio.py", line 4, in get_link
    repo_links=Variable.get("LINKS",deserialize_json=True)
               ^^^^^^^^^^^^^^^^^^^^^^^^^^^^^^^^^^^^^^^^^^^
  File "/home/airflow/.local/lib/python3.12/site-packages/airflow/models/variable.py", line 145, in get
    raise KeyError(f"Variable {key} does not exist")
KeyError: 'Variable LINKS does not exist'
[2026-03-24T18:00:39.238+0000] {processor.py:927} WARNING - No viable dags retrieved from /opt/airflow/dags/connect_to_minio.py
[2026-03-24T18:00:39.252+0000] {processor.py:208} INFO - Processing /opt/airflow/dags/connect_to_minio.py took 0.058 seconds
[2026-03-24T18:01:10.004+0000] {processor.py:186} INFO - Started process (PID=34656) to work on /opt/airflow/dags/connect_to_minio.py
[2026-03-24T18:01:10.005+0000] {processor.py:914} INFO - Processing file /opt/airflow/dags/connect_to_minio.py for tasks to queue
[2026-03-24T18:01:10.008+0000] {logging_mixin.py:190} INFO - [2026-03-24T18:01:10.007+0000] {dagbag.py:588} INFO - Filling up the DagBag from /opt/airflow/dags/connect_to_minio.py
[2026-03-24T18:01:10.037+0000] {logging_mixin.py:190} INFO - [2026-03-24T18:01:10.035+0000] {dagbag.py:387} ERROR - Failed to import: /opt/airflow/dags/connect_to_minio.py
Traceback (most recent call last):
  File "/home/airflow/.local/lib/python3.12/site-packages/airflow/models/dagbag.py", line 383, in parse
    loader.exec_module(new_module)
  File "<frozen importlib._bootstrap_external>", line 999, in exec_module
  File "<frozen importlib._bootstrap>", line 488, in _call_with_frames_removed
  File "/opt/airflow/dags/connect_to_minio.py", line 42, in <module>
    repo_links=get_link();
               ^^^^^^^^^^
  File "/opt/airflow/dags/connect_to_minio.py", line 4, in get_link
    repo_links=Variable.get("LINKS",deserialize_json=True)
               ^^^^^^^^^^^^^^^^^^^^^^^^^^^^^^^^^^^^^^^^^^^
  File "/home/airflow/.local/lib/python3.12/site-packages/airflow/models/variable.py", line 145, in get
    raise KeyError(f"Variable {key} does not exist")
KeyError: 'Variable LINKS does not exist'
[2026-03-24T18:01:10.038+0000] {processor.py:927} WARNING - No viable dags retrieved from /opt/airflow/dags/connect_to_minio.py
[2026-03-24T18:01:10.055+0000] {processor.py:208} INFO - Processing /opt/airflow/dags/connect_to_minio.py took 0.061 seconds
[2026-03-24T18:01:40.819+0000] {processor.py:186} INFO - Started process (PID=34697) to work on /opt/airflow/dags/connect_to_minio.py
[2026-03-24T18:01:40.820+0000] {processor.py:914} INFO - Processing file /opt/airflow/dags/connect_to_minio.py for tasks to queue
[2026-03-24T18:01:40.823+0000] {logging_mixin.py:190} INFO - [2026-03-24T18:01:40.823+0000] {dagbag.py:588} INFO - Filling up the DagBag from /opt/airflow/dags/connect_to_minio.py
[2026-03-24T18:01:40.862+0000] {logging_mixin.py:190} INFO - [2026-03-24T18:01:40.860+0000] {dagbag.py:387} ERROR - Failed to import: /opt/airflow/dags/connect_to_minio.py
Traceback (most recent call last):
  File "/home/airflow/.local/lib/python3.12/site-packages/airflow/models/dagbag.py", line 383, in parse
    loader.exec_module(new_module)
  File "<frozen importlib._bootstrap_external>", line 999, in exec_module
  File "<frozen importlib._bootstrap>", line 488, in _call_with_frames_removed
  File "/opt/airflow/dags/connect_to_minio.py", line 42, in <module>
    repo_links=get_link();
               ^^^^^^^^^^
  File "/opt/airflow/dags/connect_to_minio.py", line 4, in get_link
    repo_links=Variable.get("LINKS",deserialize_json=True)
               ^^^^^^^^^^^^^^^^^^^^^^^^^^^^^^^^^^^^^^^^^^^
  File "/home/airflow/.local/lib/python3.12/site-packages/airflow/models/variable.py", line 145, in get
    raise KeyError(f"Variable {key} does not exist")
KeyError: 'Variable LINKS does not exist'
[2026-03-24T18:01:40.863+0000] {processor.py:927} WARNING - No viable dags retrieved from /opt/airflow/dags/connect_to_minio.py
[2026-03-24T18:01:40.879+0000] {processor.py:208} INFO - Processing /opt/airflow/dags/connect_to_minio.py took 0.070 seconds
[2026-03-24T18:02:11.607+0000] {processor.py:186} INFO - Started process (PID=34738) to work on /opt/airflow/dags/connect_to_minio.py
[2026-03-24T18:02:11.609+0000] {processor.py:914} INFO - Processing file /opt/airflow/dags/connect_to_minio.py for tasks to queue
[2026-03-24T18:02:11.613+0000] {logging_mixin.py:190} INFO - [2026-03-24T18:02:11.612+0000] {dagbag.py:588} INFO - Filling up the DagBag from /opt/airflow/dags/connect_to_minio.py
[2026-03-24T18:02:11.645+0000] {logging_mixin.py:190} INFO - [2026-03-24T18:02:11.643+0000] {dagbag.py:387} ERROR - Failed to import: /opt/airflow/dags/connect_to_minio.py
Traceback (most recent call last):
  File "/home/airflow/.local/lib/python3.12/site-packages/airflow/models/dagbag.py", line 383, in parse
    loader.exec_module(new_module)
  File "<frozen importlib._bootstrap_external>", line 999, in exec_module
  File "<frozen importlib._bootstrap>", line 488, in _call_with_frames_removed
  File "/opt/airflow/dags/connect_to_minio.py", line 42, in <module>
    repo_links=get_link();
               ^^^^^^^^^^
  File "/opt/airflow/dags/connect_to_minio.py", line 4, in get_link
    repo_links=Variable.get("LINKS",deserialize_json=True)
               ^^^^^^^^^^^^^^^^^^^^^^^^^^^^^^^^^^^^^^^^^^^
  File "/home/airflow/.local/lib/python3.12/site-packages/airflow/models/variable.py", line 145, in get
    raise KeyError(f"Variable {key} does not exist")
KeyError: 'Variable LINKS does not exist'
[2026-03-24T18:02:11.647+0000] {processor.py:927} WARNING - No viable dags retrieved from /opt/airflow/dags/connect_to_minio.py
[2026-03-24T18:02:11.661+0000] {processor.py:208} INFO - Processing /opt/airflow/dags/connect_to_minio.py took 0.066 seconds
[2026-03-24T18:02:42.405+0000] {processor.py:186} INFO - Started process (PID=34779) to work on /opt/airflow/dags/connect_to_minio.py
[2026-03-24T18:02:42.407+0000] {processor.py:914} INFO - Processing file /opt/airflow/dags/connect_to_minio.py for tasks to queue
[2026-03-24T18:02:42.411+0000] {logging_mixin.py:190} INFO - [2026-03-24T18:02:42.410+0000] {dagbag.py:588} INFO - Filling up the DagBag from /opt/airflow/dags/connect_to_minio.py
[2026-03-24T18:02:42.446+0000] {logging_mixin.py:190} INFO - [2026-03-24T18:02:42.444+0000] {dagbag.py:387} ERROR - Failed to import: /opt/airflow/dags/connect_to_minio.py
Traceback (most recent call last):
  File "/home/airflow/.local/lib/python3.12/site-packages/airflow/models/dagbag.py", line 383, in parse
    loader.exec_module(new_module)
  File "<frozen importlib._bootstrap_external>", line 999, in exec_module
  File "<frozen importlib._bootstrap>", line 488, in _call_with_frames_removed
  File "/opt/airflow/dags/connect_to_minio.py", line 42, in <module>
    repo_links=get_link();
               ^^^^^^^^^^
  File "/opt/airflow/dags/connect_to_minio.py", line 4, in get_link
    repo_links=Variable.get("LINKS",deserialize_json=True)
               ^^^^^^^^^^^^^^^^^^^^^^^^^^^^^^^^^^^^^^^^^^^
  File "/home/airflow/.local/lib/python3.12/site-packages/airflow/models/variable.py", line 145, in get
    raise KeyError(f"Variable {key} does not exist")
KeyError: 'Variable LINKS does not exist'
[2026-03-24T18:02:42.447+0000] {processor.py:927} WARNING - No viable dags retrieved from /opt/airflow/dags/connect_to_minio.py
[2026-03-24T18:02:42.461+0000] {processor.py:208} INFO - Processing /opt/airflow/dags/connect_to_minio.py took 0.066 seconds
[2026-03-24T18:03:13.191+0000] {processor.py:186} INFO - Started process (PID=34820) to work on /opt/airflow/dags/connect_to_minio.py
[2026-03-24T18:03:13.192+0000] {processor.py:914} INFO - Processing file /opt/airflow/dags/connect_to_minio.py for tasks to queue
[2026-03-24T18:03:13.196+0000] {logging_mixin.py:190} INFO - [2026-03-24T18:03:13.195+0000] {dagbag.py:588} INFO - Filling up the DagBag from /opt/airflow/dags/connect_to_minio.py
[2026-03-24T18:03:13.226+0000] {logging_mixin.py:190} INFO - [2026-03-24T18:03:13.224+0000] {dagbag.py:387} ERROR - Failed to import: /opt/airflow/dags/connect_to_minio.py
Traceback (most recent call last):
  File "/home/airflow/.local/lib/python3.12/site-packages/airflow/models/dagbag.py", line 383, in parse
    loader.exec_module(new_module)
  File "<frozen importlib._bootstrap_external>", line 999, in exec_module
  File "<frozen importlib._bootstrap>", line 488, in _call_with_frames_removed
  File "/opt/airflow/dags/connect_to_minio.py", line 42, in <module>
    repo_links=get_link();
               ^^^^^^^^^^
  File "/opt/airflow/dags/connect_to_minio.py", line 4, in get_link
    repo_links=Variable.get("LINKS",deserialize_json=True)
               ^^^^^^^^^^^^^^^^^^^^^^^^^^^^^^^^^^^^^^^^^^^
  File "/home/airflow/.local/lib/python3.12/site-packages/airflow/models/variable.py", line 145, in get
    raise KeyError(f"Variable {key} does not exist")
KeyError: 'Variable LINKS does not exist'
[2026-03-24T18:03:13.227+0000] {processor.py:927} WARNING - No viable dags retrieved from /opt/airflow/dags/connect_to_minio.py
[2026-03-24T18:03:13.241+0000] {processor.py:208} INFO - Processing /opt/airflow/dags/connect_to_minio.py took 0.057 seconds
[2026-03-24T18:03:44.018+0000] {processor.py:186} INFO - Started process (PID=34861) to work on /opt/airflow/dags/connect_to_minio.py
[2026-03-24T18:03:44.020+0000] {processor.py:914} INFO - Processing file /opt/airflow/dags/connect_to_minio.py for tasks to queue
[2026-03-24T18:03:44.022+0000] {logging_mixin.py:190} INFO - [2026-03-24T18:03:44.022+0000] {dagbag.py:588} INFO - Filling up the DagBag from /opt/airflow/dags/connect_to_minio.py
[2026-03-24T18:03:44.051+0000] {logging_mixin.py:190} INFO - [2026-03-24T18:03:44.049+0000] {dagbag.py:387} ERROR - Failed to import: /opt/airflow/dags/connect_to_minio.py
Traceback (most recent call last):
  File "/home/airflow/.local/lib/python3.12/site-packages/airflow/models/dagbag.py", line 383, in parse
    loader.exec_module(new_module)
  File "<frozen importlib._bootstrap_external>", line 999, in exec_module
  File "<frozen importlib._bootstrap>", line 488, in _call_with_frames_removed
  File "/opt/airflow/dags/connect_to_minio.py", line 42, in <module>
    repo_links=get_link();
               ^^^^^^^^^^
  File "/opt/airflow/dags/connect_to_minio.py", line 4, in get_link
    repo_links=Variable.get("LINKS",deserialize_json=True)
               ^^^^^^^^^^^^^^^^^^^^^^^^^^^^^^^^^^^^^^^^^^^
  File "/home/airflow/.local/lib/python3.12/site-packages/airflow/models/variable.py", line 145, in get
    raise KeyError(f"Variable {key} does not exist")
KeyError: 'Variable LINKS does not exist'
[2026-03-24T18:03:44.052+0000] {processor.py:927} WARNING - No viable dags retrieved from /opt/airflow/dags/connect_to_minio.py
[2026-03-24T18:03:44.063+0000] {processor.py:208} INFO - Processing /opt/airflow/dags/connect_to_minio.py took 0.053 seconds
[2026-03-24T18:04:14.664+0000] {processor.py:186} INFO - Started process (PID=34902) to work on /opt/airflow/dags/connect_to_minio.py
[2026-03-24T18:04:14.665+0000] {processor.py:914} INFO - Processing file /opt/airflow/dags/connect_to_minio.py for tasks to queue
[2026-03-24T18:04:14.668+0000] {logging_mixin.py:190} INFO - [2026-03-24T18:04:14.667+0000] {dagbag.py:588} INFO - Filling up the DagBag from /opt/airflow/dags/connect_to_minio.py
[2026-03-24T18:04:14.695+0000] {logging_mixin.py:190} INFO - [2026-03-24T18:04:14.693+0000] {dagbag.py:387} ERROR - Failed to import: /opt/airflow/dags/connect_to_minio.py
Traceback (most recent call last):
  File "/home/airflow/.local/lib/python3.12/site-packages/airflow/models/dagbag.py", line 383, in parse
    loader.exec_module(new_module)
  File "<frozen importlib._bootstrap_external>", line 999, in exec_module
  File "<frozen importlib._bootstrap>", line 488, in _call_with_frames_removed
  File "/opt/airflow/dags/connect_to_minio.py", line 42, in <module>
    repo_links=get_link();
               ^^^^^^^^^^
  File "/opt/airflow/dags/connect_to_minio.py", line 4, in get_link
    repo_links=Variable.get("LINKS",deserialize_json=True)
               ^^^^^^^^^^^^^^^^^^^^^^^^^^^^^^^^^^^^^^^^^^^
  File "/home/airflow/.local/lib/python3.12/site-packages/airflow/models/variable.py", line 145, in get
    raise KeyError(f"Variable {key} does not exist")
KeyError: 'Variable LINKS does not exist'
[2026-03-24T18:04:14.696+0000] {processor.py:927} WARNING - No viable dags retrieved from /opt/airflow/dags/connect_to_minio.py
[2026-03-24T18:04:14.708+0000] {processor.py:208} INFO - Processing /opt/airflow/dags/connect_to_minio.py took 0.055 seconds
[2026-03-24T18:04:45.396+0000] {processor.py:186} INFO - Started process (PID=34943) to work on /opt/airflow/dags/connect_to_minio.py
[2026-03-24T18:04:45.397+0000] {processor.py:914} INFO - Processing file /opt/airflow/dags/connect_to_minio.py for tasks to queue
[2026-03-24T18:04:45.400+0000] {logging_mixin.py:190} INFO - [2026-03-24T18:04:45.400+0000] {dagbag.py:588} INFO - Filling up the DagBag from /opt/airflow/dags/connect_to_minio.py
[2026-03-24T18:04:45.427+0000] {logging_mixin.py:190} INFO - [2026-03-24T18:04:45.425+0000] {dagbag.py:387} ERROR - Failed to import: /opt/airflow/dags/connect_to_minio.py
Traceback (most recent call last):
  File "/home/airflow/.local/lib/python3.12/site-packages/airflow/models/dagbag.py", line 383, in parse
    loader.exec_module(new_module)
  File "<frozen importlib._bootstrap_external>", line 999, in exec_module
  File "<frozen importlib._bootstrap>", line 488, in _call_with_frames_removed
  File "/opt/airflow/dags/connect_to_minio.py", line 42, in <module>
    repo_links=get_link();
               ^^^^^^^^^^
  File "/opt/airflow/dags/connect_to_minio.py", line 4, in get_link
    repo_links=Variable.get("LINKS",deserialize_json=True)
               ^^^^^^^^^^^^^^^^^^^^^^^^^^^^^^^^^^^^^^^^^^^
  File "/home/airflow/.local/lib/python3.12/site-packages/airflow/models/variable.py", line 145, in get
    raise KeyError(f"Variable {key} does not exist")
KeyError: 'Variable LINKS does not exist'
[2026-03-24T18:04:45.428+0000] {processor.py:927} WARNING - No viable dags retrieved from /opt/airflow/dags/connect_to_minio.py
[2026-03-24T18:04:45.440+0000] {processor.py:208} INFO - Processing /opt/airflow/dags/connect_to_minio.py took 0.051 seconds
[2026-03-24T18:05:16.160+0000] {processor.py:186} INFO - Started process (PID=34984) to work on /opt/airflow/dags/connect_to_minio.py
[2026-03-24T18:05:16.161+0000] {processor.py:914} INFO - Processing file /opt/airflow/dags/connect_to_minio.py for tasks to queue
[2026-03-24T18:05:16.163+0000] {logging_mixin.py:190} INFO - [2026-03-24T18:05:16.163+0000] {dagbag.py:588} INFO - Filling up the DagBag from /opt/airflow/dags/connect_to_minio.py
[2026-03-24T18:05:16.192+0000] {logging_mixin.py:190} INFO - [2026-03-24T18:05:16.190+0000] {dagbag.py:387} ERROR - Failed to import: /opt/airflow/dags/connect_to_minio.py
Traceback (most recent call last):
  File "/home/airflow/.local/lib/python3.12/site-packages/airflow/models/dagbag.py", line 383, in parse
    loader.exec_module(new_module)
  File "<frozen importlib._bootstrap_external>", line 999, in exec_module
  File "<frozen importlib._bootstrap>", line 488, in _call_with_frames_removed
  File "/opt/airflow/dags/connect_to_minio.py", line 42, in <module>
    repo_links=get_link();
               ^^^^^^^^^^
  File "/opt/airflow/dags/connect_to_minio.py", line 4, in get_link
    repo_links=Variable.get("LINKS",deserialize_json=True)
               ^^^^^^^^^^^^^^^^^^^^^^^^^^^^^^^^^^^^^^^^^^^
  File "/home/airflow/.local/lib/python3.12/site-packages/airflow/models/variable.py", line 145, in get
    raise KeyError(f"Variable {key} does not exist")
KeyError: 'Variable LINKS does not exist'
[2026-03-24T18:05:16.192+0000] {processor.py:927} WARNING - No viable dags retrieved from /opt/airflow/dags/connect_to_minio.py
[2026-03-24T18:05:16.203+0000] {processor.py:208} INFO - Processing /opt/airflow/dags/connect_to_minio.py took 0.050 seconds
[2026-03-24T18:05:46.932+0000] {processor.py:186} INFO - Started process (PID=35025) to work on /opt/airflow/dags/connect_to_minio.py
[2026-03-24T18:05:46.933+0000] {processor.py:914} INFO - Processing file /opt/airflow/dags/connect_to_minio.py for tasks to queue
[2026-03-24T18:05:46.936+0000] {logging_mixin.py:190} INFO - [2026-03-24T18:05:46.936+0000] {dagbag.py:588} INFO - Filling up the DagBag from /opt/airflow/dags/connect_to_minio.py
[2026-03-24T18:05:46.964+0000] {logging_mixin.py:190} INFO - [2026-03-24T18:05:46.962+0000] {dagbag.py:387} ERROR - Failed to import: /opt/airflow/dags/connect_to_minio.py
Traceback (most recent call last):
  File "/home/airflow/.local/lib/python3.12/site-packages/airflow/models/dagbag.py", line 383, in parse
    loader.exec_module(new_module)
  File "<frozen importlib._bootstrap_external>", line 999, in exec_module
  File "<frozen importlib._bootstrap>", line 488, in _call_with_frames_removed
  File "/opt/airflow/dags/connect_to_minio.py", line 42, in <module>
    repo_links=get_link();
               ^^^^^^^^^^
  File "/opt/airflow/dags/connect_to_minio.py", line 4, in get_link
    repo_links=Variable.get("LINKS",deserialize_json=True)
               ^^^^^^^^^^^^^^^^^^^^^^^^^^^^^^^^^^^^^^^^^^^
  File "/home/airflow/.local/lib/python3.12/site-packages/airflow/models/variable.py", line 145, in get
    raise KeyError(f"Variable {key} does not exist")
KeyError: 'Variable LINKS does not exist'
[2026-03-24T18:05:46.964+0000] {processor.py:927} WARNING - No viable dags retrieved from /opt/airflow/dags/connect_to_minio.py
[2026-03-24T18:05:46.976+0000] {processor.py:208} INFO - Processing /opt/airflow/dags/connect_to_minio.py took 0.054 seconds
[2026-03-24T18:06:17.695+0000] {processor.py:186} INFO - Started process (PID=35066) to work on /opt/airflow/dags/connect_to_minio.py
[2026-03-24T18:06:17.697+0000] {processor.py:914} INFO - Processing file /opt/airflow/dags/connect_to_minio.py for tasks to queue
[2026-03-24T18:06:17.700+0000] {logging_mixin.py:190} INFO - [2026-03-24T18:06:17.699+0000] {dagbag.py:588} INFO - Filling up the DagBag from /opt/airflow/dags/connect_to_minio.py
[2026-03-24T18:06:17.729+0000] {logging_mixin.py:190} INFO - [2026-03-24T18:06:17.727+0000] {dagbag.py:387} ERROR - Failed to import: /opt/airflow/dags/connect_to_minio.py
Traceback (most recent call last):
  File "/home/airflow/.local/lib/python3.12/site-packages/airflow/models/dagbag.py", line 383, in parse
    loader.exec_module(new_module)
  File "<frozen importlib._bootstrap_external>", line 999, in exec_module
  File "<frozen importlib._bootstrap>", line 488, in _call_with_frames_removed
  File "/opt/airflow/dags/connect_to_minio.py", line 42, in <module>
    repo_links=get_link();
               ^^^^^^^^^^
  File "/opt/airflow/dags/connect_to_minio.py", line 4, in get_link
    repo_links=Variable.get("LINKS",deserialize_json=True)
               ^^^^^^^^^^^^^^^^^^^^^^^^^^^^^^^^^^^^^^^^^^^
  File "/home/airflow/.local/lib/python3.12/site-packages/airflow/models/variable.py", line 145, in get
    raise KeyError(f"Variable {key} does not exist")
KeyError: 'Variable LINKS does not exist'
[2026-03-24T18:06:17.729+0000] {processor.py:927} WARNING - No viable dags retrieved from /opt/airflow/dags/connect_to_minio.py
[2026-03-24T18:06:17.741+0000] {processor.py:208} INFO - Processing /opt/airflow/dags/connect_to_minio.py took 0.055 seconds
[2026-03-24T18:06:48.471+0000] {processor.py:186} INFO - Started process (PID=35107) to work on /opt/airflow/dags/connect_to_minio.py
[2026-03-24T18:06:48.473+0000] {processor.py:914} INFO - Processing file /opt/airflow/dags/connect_to_minio.py for tasks to queue
[2026-03-24T18:06:48.475+0000] {logging_mixin.py:190} INFO - [2026-03-24T18:06:48.475+0000] {dagbag.py:588} INFO - Filling up the DagBag from /opt/airflow/dags/connect_to_minio.py
[2026-03-24T18:06:48.502+0000] {logging_mixin.py:190} INFO - [2026-03-24T18:06:48.501+0000] {dagbag.py:387} ERROR - Failed to import: /opt/airflow/dags/connect_to_minio.py
Traceback (most recent call last):
  File "/home/airflow/.local/lib/python3.12/site-packages/airflow/models/dagbag.py", line 383, in parse
    loader.exec_module(new_module)
  File "<frozen importlib._bootstrap_external>", line 999, in exec_module
  File "<frozen importlib._bootstrap>", line 488, in _call_with_frames_removed
  File "/opt/airflow/dags/connect_to_minio.py", line 42, in <module>
    repo_links=get_link();
               ^^^^^^^^^^
  File "/opt/airflow/dags/connect_to_minio.py", line 4, in get_link
    repo_links=Variable.get("LINKS",deserialize_json=True)
               ^^^^^^^^^^^^^^^^^^^^^^^^^^^^^^^^^^^^^^^^^^^
  File "/home/airflow/.local/lib/python3.12/site-packages/airflow/models/variable.py", line 145, in get
    raise KeyError(f"Variable {key} does not exist")
KeyError: 'Variable LINKS does not exist'
[2026-03-24T18:06:48.503+0000] {processor.py:927} WARNING - No viable dags retrieved from /opt/airflow/dags/connect_to_minio.py
[2026-03-24T18:06:48.515+0000] {processor.py:208} INFO - Processing /opt/airflow/dags/connect_to_minio.py took 0.051 seconds
[2026-03-24T18:07:19.201+0000] {processor.py:186} INFO - Started process (PID=35148) to work on /opt/airflow/dags/connect_to_minio.py
[2026-03-24T18:07:19.202+0000] {processor.py:914} INFO - Processing file /opt/airflow/dags/connect_to_minio.py for tasks to queue
[2026-03-24T18:07:19.206+0000] {logging_mixin.py:190} INFO - [2026-03-24T18:07:19.205+0000] {dagbag.py:588} INFO - Filling up the DagBag from /opt/airflow/dags/connect_to_minio.py
[2026-03-24T18:07:19.234+0000] {logging_mixin.py:190} INFO - [2026-03-24T18:07:19.233+0000] {dagbag.py:387} ERROR - Failed to import: /opt/airflow/dags/connect_to_minio.py
Traceback (most recent call last):
  File "/home/airflow/.local/lib/python3.12/site-packages/airflow/models/dagbag.py", line 383, in parse
    loader.exec_module(new_module)
  File "<frozen importlib._bootstrap_external>", line 999, in exec_module
  File "<frozen importlib._bootstrap>", line 488, in _call_with_frames_removed
  File "/opt/airflow/dags/connect_to_minio.py", line 42, in <module>
    repo_links=get_link();
               ^^^^^^^^^^
  File "/opt/airflow/dags/connect_to_minio.py", line 4, in get_link
    repo_links=Variable.get("LINKS",deserialize_json=True)
               ^^^^^^^^^^^^^^^^^^^^^^^^^^^^^^^^^^^^^^^^^^^
  File "/home/airflow/.local/lib/python3.12/site-packages/airflow/models/variable.py", line 145, in get
    raise KeyError(f"Variable {key} does not exist")
KeyError: 'Variable LINKS does not exist'
[2026-03-24T18:07:19.235+0000] {processor.py:927} WARNING - No viable dags retrieved from /opt/airflow/dags/connect_to_minio.py
[2026-03-24T18:07:19.247+0000] {processor.py:208} INFO - Processing /opt/airflow/dags/connect_to_minio.py took 0.054 seconds
[2026-03-24T18:07:49.954+0000] {processor.py:186} INFO - Started process (PID=35189) to work on /opt/airflow/dags/connect_to_minio.py
[2026-03-24T18:07:49.955+0000] {processor.py:914} INFO - Processing file /opt/airflow/dags/connect_to_minio.py for tasks to queue
[2026-03-24T18:07:49.957+0000] {logging_mixin.py:190} INFO - [2026-03-24T18:07:49.957+0000] {dagbag.py:588} INFO - Filling up the DagBag from /opt/airflow/dags/connect_to_minio.py
[2026-03-24T18:07:49.983+0000] {logging_mixin.py:190} INFO - [2026-03-24T18:07:49.981+0000] {dagbag.py:387} ERROR - Failed to import: /opt/airflow/dags/connect_to_minio.py
Traceback (most recent call last):
  File "/home/airflow/.local/lib/python3.12/site-packages/airflow/models/dagbag.py", line 383, in parse
    loader.exec_module(new_module)
  File "<frozen importlib._bootstrap_external>", line 999, in exec_module
  File "<frozen importlib._bootstrap>", line 488, in _call_with_frames_removed
  File "/opt/airflow/dags/connect_to_minio.py", line 42, in <module>
    repo_links=get_link();
               ^^^^^^^^^^
  File "/opt/airflow/dags/connect_to_minio.py", line 4, in get_link
    repo_links=Variable.get("LINKS",deserialize_json=True)
               ^^^^^^^^^^^^^^^^^^^^^^^^^^^^^^^^^^^^^^^^^^^
  File "/home/airflow/.local/lib/python3.12/site-packages/airflow/models/variable.py", line 145, in get
    raise KeyError(f"Variable {key} does not exist")
KeyError: 'Variable LINKS does not exist'
[2026-03-24T18:07:49.983+0000] {processor.py:927} WARNING - No viable dags retrieved from /opt/airflow/dags/connect_to_minio.py
[2026-03-24T18:07:49.994+0000] {processor.py:208} INFO - Processing /opt/airflow/dags/connect_to_minio.py took 0.051 seconds
[2026-03-24T18:08:20.695+0000] {processor.py:186} INFO - Started process (PID=35230) to work on /opt/airflow/dags/connect_to_minio.py
[2026-03-24T18:08:20.696+0000] {processor.py:914} INFO - Processing file /opt/airflow/dags/connect_to_minio.py for tasks to queue
[2026-03-24T18:08:20.699+0000] {logging_mixin.py:190} INFO - [2026-03-24T18:08:20.699+0000] {dagbag.py:588} INFO - Filling up the DagBag from /opt/airflow/dags/connect_to_minio.py
[2026-03-24T18:08:20.727+0000] {logging_mixin.py:190} INFO - [2026-03-24T18:08:20.725+0000] {dagbag.py:387} ERROR - Failed to import: /opt/airflow/dags/connect_to_minio.py
Traceback (most recent call last):
  File "/home/airflow/.local/lib/python3.12/site-packages/airflow/models/dagbag.py", line 383, in parse
    loader.exec_module(new_module)
  File "<frozen importlib._bootstrap_external>", line 999, in exec_module
  File "<frozen importlib._bootstrap>", line 488, in _call_with_frames_removed
  File "/opt/airflow/dags/connect_to_minio.py", line 42, in <module>
    repo_links=get_link();
               ^^^^^^^^^^
  File "/opt/airflow/dags/connect_to_minio.py", line 4, in get_link
    repo_links=Variable.get("LINKS",deserialize_json=True)
               ^^^^^^^^^^^^^^^^^^^^^^^^^^^^^^^^^^^^^^^^^^^
  File "/home/airflow/.local/lib/python3.12/site-packages/airflow/models/variable.py", line 145, in get
    raise KeyError(f"Variable {key} does not exist")
KeyError: 'Variable LINKS does not exist'
[2026-03-24T18:08:20.728+0000] {processor.py:927} WARNING - No viable dags retrieved from /opt/airflow/dags/connect_to_minio.py
[2026-03-24T18:08:20.739+0000] {processor.py:208} INFO - Processing /opt/airflow/dags/connect_to_minio.py took 0.051 seconds
[2026-03-24T18:08:51.475+0000] {processor.py:186} INFO - Started process (PID=35271) to work on /opt/airflow/dags/connect_to_minio.py
[2026-03-24T18:08:51.476+0000] {processor.py:914} INFO - Processing file /opt/airflow/dags/connect_to_minio.py for tasks to queue
[2026-03-24T18:08:51.479+0000] {logging_mixin.py:190} INFO - [2026-03-24T18:08:51.479+0000] {dagbag.py:588} INFO - Filling up the DagBag from /opt/airflow/dags/connect_to_minio.py
[2026-03-24T18:08:51.508+0000] {logging_mixin.py:190} INFO - [2026-03-24T18:08:51.506+0000] {dagbag.py:387} ERROR - Failed to import: /opt/airflow/dags/connect_to_minio.py
Traceback (most recent call last):
  File "/home/airflow/.local/lib/python3.12/site-packages/airflow/models/dagbag.py", line 383, in parse
    loader.exec_module(new_module)
  File "<frozen importlib._bootstrap_external>", line 999, in exec_module
  File "<frozen importlib._bootstrap>", line 488, in _call_with_frames_removed
  File "/opt/airflow/dags/connect_to_minio.py", line 42, in <module>
    repo_links=get_link();
               ^^^^^^^^^^
  File "/opt/airflow/dags/connect_to_minio.py", line 4, in get_link
    repo_links=Variable.get("LINKS",deserialize_json=True)
               ^^^^^^^^^^^^^^^^^^^^^^^^^^^^^^^^^^^^^^^^^^^
  File "/home/airflow/.local/lib/python3.12/site-packages/airflow/models/variable.py", line 145, in get
    raise KeyError(f"Variable {key} does not exist")
KeyError: 'Variable LINKS does not exist'
[2026-03-24T18:08:51.508+0000] {processor.py:927} WARNING - No viable dags retrieved from /opt/airflow/dags/connect_to_minio.py
[2026-03-24T18:08:51.519+0000] {processor.py:208} INFO - Processing /opt/airflow/dags/connect_to_minio.py took 0.051 seconds
[2026-03-24T18:09:22.218+0000] {processor.py:186} INFO - Started process (PID=35312) to work on /opt/airflow/dags/connect_to_minio.py
[2026-03-24T18:09:22.220+0000] {processor.py:914} INFO - Processing file /opt/airflow/dags/connect_to_minio.py for tasks to queue
[2026-03-24T18:09:22.224+0000] {logging_mixin.py:190} INFO - [2026-03-24T18:09:22.224+0000] {dagbag.py:588} INFO - Filling up the DagBag from /opt/airflow/dags/connect_to_minio.py
[2026-03-24T18:09:22.250+0000] {logging_mixin.py:190} INFO - [2026-03-24T18:09:22.249+0000] {dagbag.py:387} ERROR - Failed to import: /opt/airflow/dags/connect_to_minio.py
Traceback (most recent call last):
  File "/home/airflow/.local/lib/python3.12/site-packages/airflow/models/dagbag.py", line 383, in parse
    loader.exec_module(new_module)
  File "<frozen importlib._bootstrap_external>", line 999, in exec_module
  File "<frozen importlib._bootstrap>", line 488, in _call_with_frames_removed
  File "/opt/airflow/dags/connect_to_minio.py", line 42, in <module>
    repo_links=get_link();
               ^^^^^^^^^^
  File "/opt/airflow/dags/connect_to_minio.py", line 4, in get_link
    repo_links=Variable.get("LINKS",deserialize_json=True)
               ^^^^^^^^^^^^^^^^^^^^^^^^^^^^^^^^^^^^^^^^^^^
  File "/home/airflow/.local/lib/python3.12/site-packages/airflow/models/variable.py", line 145, in get
    raise KeyError(f"Variable {key} does not exist")
KeyError: 'Variable LINKS does not exist'
[2026-03-24T18:09:22.251+0000] {processor.py:927} WARNING - No viable dags retrieved from /opt/airflow/dags/connect_to_minio.py
[2026-03-24T18:09:22.263+0000] {processor.py:208} INFO - Processing /opt/airflow/dags/connect_to_minio.py took 0.052 seconds
[2026-03-24T18:09:53.005+0000] {processor.py:186} INFO - Started process (PID=35353) to work on /opt/airflow/dags/connect_to_minio.py
[2026-03-24T18:09:53.007+0000] {processor.py:914} INFO - Processing file /opt/airflow/dags/connect_to_minio.py for tasks to queue
[2026-03-24T18:09:53.010+0000] {logging_mixin.py:190} INFO - [2026-03-24T18:09:53.009+0000] {dagbag.py:588} INFO - Filling up the DagBag from /opt/airflow/dags/connect_to_minio.py
[2026-03-24T18:09:53.038+0000] {logging_mixin.py:190} INFO - [2026-03-24T18:09:53.036+0000] {dagbag.py:387} ERROR - Failed to import: /opt/airflow/dags/connect_to_minio.py
Traceback (most recent call last):
  File "/home/airflow/.local/lib/python3.12/site-packages/airflow/models/dagbag.py", line 383, in parse
    loader.exec_module(new_module)
  File "<frozen importlib._bootstrap_external>", line 999, in exec_module
  File "<frozen importlib._bootstrap>", line 488, in _call_with_frames_removed
  File "/opt/airflow/dags/connect_to_minio.py", line 42, in <module>
    repo_links=get_link();
               ^^^^^^^^^^
  File "/opt/airflow/dags/connect_to_minio.py", line 4, in get_link
    repo_links=Variable.get("LINKS",deserialize_json=True)
               ^^^^^^^^^^^^^^^^^^^^^^^^^^^^^^^^^^^^^^^^^^^
  File "/home/airflow/.local/lib/python3.12/site-packages/airflow/models/variable.py", line 145, in get
    raise KeyError(f"Variable {key} does not exist")
KeyError: 'Variable LINKS does not exist'
[2026-03-24T18:09:53.039+0000] {processor.py:927} WARNING - No viable dags retrieved from /opt/airflow/dags/connect_to_minio.py
[2026-03-24T18:09:53.051+0000] {processor.py:208} INFO - Processing /opt/airflow/dags/connect_to_minio.py took 0.057 seconds
[2026-03-24T18:10:23.757+0000] {processor.py:186} INFO - Started process (PID=35394) to work on /opt/airflow/dags/connect_to_minio.py
[2026-03-24T18:10:23.758+0000] {processor.py:914} INFO - Processing file /opt/airflow/dags/connect_to_minio.py for tasks to queue
[2026-03-24T18:10:23.761+0000] {logging_mixin.py:190} INFO - [2026-03-24T18:10:23.761+0000] {dagbag.py:588} INFO - Filling up the DagBag from /opt/airflow/dags/connect_to_minio.py
[2026-03-24T18:10:23.786+0000] {logging_mixin.py:190} INFO - [2026-03-24T18:10:23.784+0000] {dagbag.py:387} ERROR - Failed to import: /opt/airflow/dags/connect_to_minio.py
Traceback (most recent call last):
  File "/home/airflow/.local/lib/python3.12/site-packages/airflow/models/dagbag.py", line 383, in parse
    loader.exec_module(new_module)
  File "<frozen importlib._bootstrap_external>", line 999, in exec_module
  File "<frozen importlib._bootstrap>", line 488, in _call_with_frames_removed
  File "/opt/airflow/dags/connect_to_minio.py", line 42, in <module>
    repo_links=get_link();
               ^^^^^^^^^^
  File "/opt/airflow/dags/connect_to_minio.py", line 4, in get_link
    repo_links=Variable.get("LINKS",deserialize_json=True)
               ^^^^^^^^^^^^^^^^^^^^^^^^^^^^^^^^^^^^^^^^^^^
  File "/home/airflow/.local/lib/python3.12/site-packages/airflow/models/variable.py", line 145, in get
    raise KeyError(f"Variable {key} does not exist")
KeyError: 'Variable LINKS does not exist'
[2026-03-24T18:10:23.787+0000] {processor.py:927} WARNING - No viable dags retrieved from /opt/airflow/dags/connect_to_minio.py
[2026-03-24T18:10:23.800+0000] {processor.py:208} INFO - Processing /opt/airflow/dags/connect_to_minio.py took 0.054 seconds
[2026-03-24T18:10:54.501+0000] {processor.py:186} INFO - Started process (PID=35435) to work on /opt/airflow/dags/connect_to_minio.py
[2026-03-24T18:10:54.502+0000] {processor.py:914} INFO - Processing file /opt/airflow/dags/connect_to_minio.py for tasks to queue
[2026-03-24T18:10:54.505+0000] {logging_mixin.py:190} INFO - [2026-03-24T18:10:54.504+0000] {dagbag.py:588} INFO - Filling up the DagBag from /opt/airflow/dags/connect_to_minio.py
[2026-03-24T18:10:54.533+0000] {logging_mixin.py:190} INFO - [2026-03-24T18:10:54.531+0000] {dagbag.py:387} ERROR - Failed to import: /opt/airflow/dags/connect_to_minio.py
Traceback (most recent call last):
  File "/home/airflow/.local/lib/python3.12/site-packages/airflow/models/dagbag.py", line 383, in parse
    loader.exec_module(new_module)
  File "<frozen importlib._bootstrap_external>", line 999, in exec_module
  File "<frozen importlib._bootstrap>", line 488, in _call_with_frames_removed
  File "/opt/airflow/dags/connect_to_minio.py", line 42, in <module>
    repo_links=get_link();
               ^^^^^^^^^^
  File "/opt/airflow/dags/connect_to_minio.py", line 4, in get_link
    repo_links=Variable.get("LINKS",deserialize_json=True)
               ^^^^^^^^^^^^^^^^^^^^^^^^^^^^^^^^^^^^^^^^^^^
  File "/home/airflow/.local/lib/python3.12/site-packages/airflow/models/variable.py", line 145, in get
    raise KeyError(f"Variable {key} does not exist")
KeyError: 'Variable LINKS does not exist'
[2026-03-24T18:10:54.534+0000] {processor.py:927} WARNING - No viable dags retrieved from /opt/airflow/dags/connect_to_minio.py
[2026-03-24T18:10:54.546+0000] {processor.py:208} INFO - Processing /opt/airflow/dags/connect_to_minio.py took 0.052 seconds
[2026-03-24T18:11:25.252+0000] {processor.py:186} INFO - Started process (PID=35476) to work on /opt/airflow/dags/connect_to_minio.py
[2026-03-24T18:11:25.253+0000] {processor.py:914} INFO - Processing file /opt/airflow/dags/connect_to_minio.py for tasks to queue
[2026-03-24T18:11:25.256+0000] {logging_mixin.py:190} INFO - [2026-03-24T18:11:25.255+0000] {dagbag.py:588} INFO - Filling up the DagBag from /opt/airflow/dags/connect_to_minio.py
[2026-03-24T18:11:25.283+0000] {logging_mixin.py:190} INFO - [2026-03-24T18:11:25.282+0000] {dagbag.py:387} ERROR - Failed to import: /opt/airflow/dags/connect_to_minio.py
Traceback (most recent call last):
  File "/home/airflow/.local/lib/python3.12/site-packages/airflow/models/dagbag.py", line 383, in parse
    loader.exec_module(new_module)
  File "<frozen importlib._bootstrap_external>", line 999, in exec_module
  File "<frozen importlib._bootstrap>", line 488, in _call_with_frames_removed
  File "/opt/airflow/dags/connect_to_minio.py", line 42, in <module>
    repo_links=get_link();
               ^^^^^^^^^^
  File "/opt/airflow/dags/connect_to_minio.py", line 4, in get_link
    repo_links=Variable.get("LINKS",deserialize_json=True)
               ^^^^^^^^^^^^^^^^^^^^^^^^^^^^^^^^^^^^^^^^^^^
  File "/home/airflow/.local/lib/python3.12/site-packages/airflow/models/variable.py", line 145, in get
    raise KeyError(f"Variable {key} does not exist")
KeyError: 'Variable LINKS does not exist'
[2026-03-24T18:11:25.284+0000] {processor.py:927} WARNING - No viable dags retrieved from /opt/airflow/dags/connect_to_minio.py
[2026-03-24T18:11:25.297+0000] {processor.py:208} INFO - Processing /opt/airflow/dags/connect_to_minio.py took 0.051 seconds
[2026-03-24T21:29:59.465+0000] {processor.py:186} INFO - Started process (PID=35519) to work on /opt/airflow/dags/connect_to_minio.py
[2026-03-24T21:29:59.467+0000] {processor.py:914} INFO - Processing file /opt/airflow/dags/connect_to_minio.py for tasks to queue
[2026-03-24T21:29:59.471+0000] {logging_mixin.py:190} INFO - [2026-03-24T21:29:59.471+0000] {dagbag.py:588} INFO - Filling up the DagBag from /opt/airflow/dags/connect_to_minio.py
[2026-03-24T21:29:59.522+0000] {logging_mixin.py:190} INFO - [2026-03-24T21:29:59.518+0000] {dagbag.py:387} ERROR - Failed to import: /opt/airflow/dags/connect_to_minio.py
Traceback (most recent call last):
  File "/home/airflow/.local/lib/python3.12/site-packages/airflow/models/dagbag.py", line 383, in parse
    loader.exec_module(new_module)
  File "<frozen importlib._bootstrap_external>", line 999, in exec_module
  File "<frozen importlib._bootstrap>", line 488, in _call_with_frames_removed
  File "/opt/airflow/dags/connect_to_minio.py", line 42, in <module>
    repo_links=get_link();
               ^^^^^^^^^^
  File "/opt/airflow/dags/connect_to_minio.py", line 4, in get_link
    repo_links=Variable.get("LINKS",deserialize_json=True)
               ^^^^^^^^^^^^^^^^^^^^^^^^^^^^^^^^^^^^^^^^^^^
  File "/home/airflow/.local/lib/python3.12/site-packages/airflow/models/variable.py", line 145, in get
    raise KeyError(f"Variable {key} does not exist")
KeyError: 'Variable LINKS does not exist'
[2026-03-24T21:29:59.523+0000] {processor.py:927} WARNING - No viable dags retrieved from /opt/airflow/dags/connect_to_minio.py
[2026-03-24T21:29:59.546+0000] {processor.py:208} INFO - Processing /opt/airflow/dags/connect_to_minio.py took 0.095 seconds
