[2026-04-04T08:53:57.936+0000] {processor.py:186} INFO - Started process (PID=190) to work on /opt/airflow/dags/send_to_minio.py
[2026-04-04T08:53:57.938+0000] {processor.py:914} INFO - Processing file /opt/airflow/dags/send_to_minio.py for tasks to queue
[2026-04-04T08:53:57.941+0000] {logging_mixin.py:190} INFO - [2026-04-04T08:53:57.940+0000] {dagbag.py:588} INFO - Filling up the DagBag from /opt/airflow/dags/send_to_minio.py
[2026-04-04T08:53:57.985+0000] {logging_mixin.py:190} INFO - [2026-04-04T08:53:57.982+0000] {dagbag.py:387} ERROR - Failed to import: /opt/airflow/dags/send_to_minio.py
Traceback (most recent call last):
  File "/home/airflow/.local/lib/python3.12/site-packages/airflow/models/dagbag.py", line 383, in parse
    loader.exec_module(new_module)
  File "<frozen importlib._bootstrap_external>", line 999, in exec_module
  File "<frozen importlib._bootstrap>", line 488, in _call_with_frames_removed
  File "/opt/airflow/dags/send_to_minio.py", line 44, in <module>
    repo_links=get_link();
               ^^^^^^^^^^
  File "/opt/airflow/dags/send_to_minio.py", line 4, in get_link
    repo_links=Variable.get("LINKS",deserialize_json=True)
               ^^^^^^^^^^^^^^^^^^^^^^^^^^^^^^^^^^^^^^^^^^^
  File "/home/airflow/.local/lib/python3.12/site-packages/airflow/models/variable.py", line 145, in get
    raise KeyError(f"Variable {key} does not exist")
KeyError: 'Variable LINKS does not exist'
[2026-04-04T08:53:57.986+0000] {processor.py:927} WARNING - No viable dags retrieved from /opt/airflow/dags/send_to_minio.py
[2026-04-04T08:53:58.036+0000] {processor.py:208} INFO - Processing /opt/airflow/dags/send_to_minio.py took 0.109 seconds
[2026-04-04T08:54:28.131+0000] {processor.py:186} INFO - Started process (PID=231) to work on /opt/airflow/dags/send_to_minio.py
[2026-04-04T08:54:28.132+0000] {processor.py:914} INFO - Processing file /opt/airflow/dags/send_to_minio.py for tasks to queue
[2026-04-04T08:54:28.134+0000] {logging_mixin.py:190} INFO - [2026-04-04T08:54:28.134+0000] {dagbag.py:588} INFO - Filling up the DagBag from /opt/airflow/dags/send_to_minio.py
[2026-04-04T08:54:28.160+0000] {logging_mixin.py:190} INFO - [2026-04-04T08:54:28.158+0000] {dagbag.py:387} ERROR - Failed to import: /opt/airflow/dags/send_to_minio.py
Traceback (most recent call last):
  File "/home/airflow/.local/lib/python3.12/site-packages/airflow/models/dagbag.py", line 383, in parse
    loader.exec_module(new_module)
  File "<frozen importlib._bootstrap_external>", line 999, in exec_module
  File "<frozen importlib._bootstrap>", line 488, in _call_with_frames_removed
  File "/opt/airflow/dags/send_to_minio.py", line 44, in <module>
    repo_links=get_link();
               ^^^^^^^^^^
  File "/opt/airflow/dags/send_to_minio.py", line 4, in get_link
    repo_links=Variable.get("LINKS",deserialize_json=True)
               ^^^^^^^^^^^^^^^^^^^^^^^^^^^^^^^^^^^^^^^^^^^
  File "/home/airflow/.local/lib/python3.12/site-packages/airflow/models/variable.py", line 145, in get
    raise KeyError(f"Variable {key} does not exist")
KeyError: 'Variable LINKS does not exist'
[2026-04-04T08:54:28.161+0000] {processor.py:927} WARNING - No viable dags retrieved from /opt/airflow/dags/send_to_minio.py
[2026-04-04T08:54:28.172+0000] {processor.py:208} INFO - Processing /opt/airflow/dags/send_to_minio.py took 0.048 seconds
[2026-04-04T08:54:58.787+0000] {processor.py:186} INFO - Started process (PID=272) to work on /opt/airflow/dags/send_to_minio.py
[2026-04-04T08:54:58.789+0000] {processor.py:914} INFO - Processing file /opt/airflow/dags/send_to_minio.py for tasks to queue
[2026-04-04T08:54:58.794+0000] {logging_mixin.py:190} INFO - [2026-04-04T08:54:58.793+0000] {dagbag.py:588} INFO - Filling up the DagBag from /opt/airflow/dags/send_to_minio.py
[2026-04-04T08:54:58.827+0000] {logging_mixin.py:190} INFO - [2026-04-04T08:54:58.825+0000] {dagbag.py:387} ERROR - Failed to import: /opt/airflow/dags/send_to_minio.py
Traceback (most recent call last):
  File "/home/airflow/.local/lib/python3.12/site-packages/airflow/models/dagbag.py", line 383, in parse
    loader.exec_module(new_module)
  File "<frozen importlib._bootstrap_external>", line 999, in exec_module
  File "<frozen importlib._bootstrap>", line 488, in _call_with_frames_removed
  File "/opt/airflow/dags/send_to_minio.py", line 44, in <module>
    repo_links=get_link();
               ^^^^^^^^^^
  File "/opt/airflow/dags/send_to_minio.py", line 4, in get_link
    repo_links=Variable.get("LINKS",deserialize_json=True)
               ^^^^^^^^^^^^^^^^^^^^^^^^^^^^^^^^^^^^^^^^^^^
  File "/home/airflow/.local/lib/python3.12/site-packages/airflow/models/variable.py", line 145, in get
    raise KeyError(f"Variable {key} does not exist")
KeyError: 'Variable LINKS does not exist'
[2026-04-04T08:54:58.828+0000] {processor.py:927} WARNING - No viable dags retrieved from /opt/airflow/dags/send_to_minio.py
[2026-04-04T08:54:58.848+0000] {processor.py:208} INFO - Processing /opt/airflow/dags/send_to_minio.py took 0.074 seconds
[2026-04-04T08:55:29.409+0000] {processor.py:186} INFO - Started process (PID=313) to work on /opt/airflow/dags/send_to_minio.py
[2026-04-04T08:55:29.410+0000] {processor.py:914} INFO - Processing file /opt/airflow/dags/send_to_minio.py for tasks to queue
[2026-04-04T08:55:29.413+0000] {logging_mixin.py:190} INFO - [2026-04-04T08:55:29.412+0000] {dagbag.py:588} INFO - Filling up the DagBag from /opt/airflow/dags/send_to_minio.py
[2026-04-04T08:55:29.443+0000] {logging_mixin.py:190} INFO - [2026-04-04T08:55:29.441+0000] {dagbag.py:387} ERROR - Failed to import: /opt/airflow/dags/send_to_minio.py
Traceback (most recent call last):
  File "/home/airflow/.local/lib/python3.12/site-packages/airflow/models/dagbag.py", line 383, in parse
    loader.exec_module(new_module)
  File "<frozen importlib._bootstrap_external>", line 999, in exec_module
  File "<frozen importlib._bootstrap>", line 488, in _call_with_frames_removed
  File "/opt/airflow/dags/send_to_minio.py", line 44, in <module>
    repo_links=get_link();
               ^^^^^^^^^^
  File "/opt/airflow/dags/send_to_minio.py", line 4, in get_link
    repo_links=Variable.get("LINKS",deserialize_json=True)
               ^^^^^^^^^^^^^^^^^^^^^^^^^^^^^^^^^^^^^^^^^^^
  File "/home/airflow/.local/lib/python3.12/site-packages/airflow/models/variable.py", line 145, in get
    raise KeyError(f"Variable {key} does not exist")
KeyError: 'Variable LINKS does not exist'
[2026-04-04T08:55:29.444+0000] {processor.py:927} WARNING - No viable dags retrieved from /opt/airflow/dags/send_to_minio.py
[2026-04-04T08:55:29.458+0000] {processor.py:208} INFO - Processing /opt/airflow/dags/send_to_minio.py took 0.056 seconds
[2026-04-04T08:56:00.079+0000] {processor.py:186} INFO - Started process (PID=354) to work on /opt/airflow/dags/send_to_minio.py
[2026-04-04T08:56:00.089+0000] {processor.py:914} INFO - Processing file /opt/airflow/dags/send_to_minio.py for tasks to queue
[2026-04-04T08:56:00.092+0000] {logging_mixin.py:190} INFO - [2026-04-04T08:56:00.091+0000] {dagbag.py:588} INFO - Filling up the DagBag from /opt/airflow/dags/send_to_minio.py
[2026-04-04T08:56:00.121+0000] {logging_mixin.py:190} INFO - [2026-04-04T08:56:00.119+0000] {dagbag.py:387} ERROR - Failed to import: /opt/airflow/dags/send_to_minio.py
Traceback (most recent call last):
  File "/home/airflow/.local/lib/python3.12/site-packages/airflow/models/dagbag.py", line 383, in parse
    loader.exec_module(new_module)
  File "<frozen importlib._bootstrap_external>", line 999, in exec_module
  File "<frozen importlib._bootstrap>", line 488, in _call_with_frames_removed
  File "/opt/airflow/dags/send_to_minio.py", line 44, in <module>
    repo_links=get_link();
               ^^^^^^^^^^
  File "/opt/airflow/dags/send_to_minio.py", line 4, in get_link
    repo_links=Variable.get("LINKS",deserialize_json=True)
               ^^^^^^^^^^^^^^^^^^^^^^^^^^^^^^^^^^^^^^^^^^^
  File "/home/airflow/.local/lib/python3.12/site-packages/airflow/models/variable.py", line 145, in get
    raise KeyError(f"Variable {key} does not exist")
KeyError: 'Variable LINKS does not exist'
[2026-04-04T08:56:00.122+0000] {processor.py:927} WARNING - No viable dags retrieved from /opt/airflow/dags/send_to_minio.py
[2026-04-04T08:56:00.135+0000] {processor.py:208} INFO - Processing /opt/airflow/dags/send_to_minio.py took 0.064 seconds
[2026-04-04T08:56:30.848+0000] {processor.py:186} INFO - Started process (PID=395) to work on /opt/airflow/dags/send_to_minio.py
[2026-04-04T08:56:30.849+0000] {processor.py:914} INFO - Processing file /opt/airflow/dags/send_to_minio.py for tasks to queue
[2026-04-04T08:56:30.852+0000] {logging_mixin.py:190} INFO - [2026-04-04T08:56:30.852+0000] {dagbag.py:588} INFO - Filling up the DagBag from /opt/airflow/dags/send_to_minio.py
[2026-04-04T08:56:30.880+0000] {logging_mixin.py:190} INFO - [2026-04-04T08:56:30.879+0000] {dagbag.py:387} ERROR - Failed to import: /opt/airflow/dags/send_to_minio.py
Traceback (most recent call last):
  File "/home/airflow/.local/lib/python3.12/site-packages/airflow/models/dagbag.py", line 383, in parse
    loader.exec_module(new_module)
  File "<frozen importlib._bootstrap_external>", line 999, in exec_module
  File "<frozen importlib._bootstrap>", line 488, in _call_with_frames_removed
  File "/opt/airflow/dags/send_to_minio.py", line 44, in <module>
    repo_links=get_link();
               ^^^^^^^^^^
  File "/opt/airflow/dags/send_to_minio.py", line 4, in get_link
    repo_links=Variable.get("LINKS",deserialize_json=True)
               ^^^^^^^^^^^^^^^^^^^^^^^^^^^^^^^^^^^^^^^^^^^
  File "/home/airflow/.local/lib/python3.12/site-packages/airflow/models/variable.py", line 145, in get
    raise KeyError(f"Variable {key} does not exist")
KeyError: 'Variable LINKS does not exist'
[2026-04-04T08:56:30.881+0000] {processor.py:927} WARNING - No viable dags retrieved from /opt/airflow/dags/send_to_minio.py
[2026-04-04T08:56:30.895+0000] {processor.py:208} INFO - Processing /opt/airflow/dags/send_to_minio.py took 0.053 seconds
[2026-04-04T08:57:01.578+0000] {processor.py:186} INFO - Started process (PID=436) to work on /opt/airflow/dags/send_to_minio.py
[2026-04-04T08:57:01.579+0000] {processor.py:914} INFO - Processing file /opt/airflow/dags/send_to_minio.py for tasks to queue
[2026-04-04T08:57:01.582+0000] {logging_mixin.py:190} INFO - [2026-04-04T08:57:01.582+0000] {dagbag.py:588} INFO - Filling up the DagBag from /opt/airflow/dags/send_to_minio.py
[2026-04-04T08:57:01.611+0000] {logging_mixin.py:190} INFO - [2026-04-04T08:57:01.609+0000] {dagbag.py:387} ERROR - Failed to import: /opt/airflow/dags/send_to_minio.py
Traceback (most recent call last):
  File "/home/airflow/.local/lib/python3.12/site-packages/airflow/models/dagbag.py", line 383, in parse
    loader.exec_module(new_module)
  File "<frozen importlib._bootstrap_external>", line 999, in exec_module
  File "<frozen importlib._bootstrap>", line 488, in _call_with_frames_removed
  File "/opt/airflow/dags/send_to_minio.py", line 44, in <module>
    repo_links=get_link();
               ^^^^^^^^^^
  File "/opt/airflow/dags/send_to_minio.py", line 4, in get_link
    repo_links=Variable.get("LINKS",deserialize_json=True)
               ^^^^^^^^^^^^^^^^^^^^^^^^^^^^^^^^^^^^^^^^^^^
  File "/home/airflow/.local/lib/python3.12/site-packages/airflow/models/variable.py", line 145, in get
    raise KeyError(f"Variable {key} does not exist")
KeyError: 'Variable LINKS does not exist'
[2026-04-04T08:57:01.612+0000] {processor.py:927} WARNING - No viable dags retrieved from /opt/airflow/dags/send_to_minio.py
[2026-04-04T08:57:01.624+0000] {processor.py:208} INFO - Processing /opt/airflow/dags/send_to_minio.py took 0.053 seconds
[2026-04-04T08:57:32.287+0000] {processor.py:186} INFO - Started process (PID=477) to work on /opt/airflow/dags/send_to_minio.py
[2026-04-04T08:57:32.288+0000] {processor.py:914} INFO - Processing file /opt/airflow/dags/send_to_minio.py for tasks to queue
[2026-04-04T08:57:32.290+0000] {logging_mixin.py:190} INFO - [2026-04-04T08:57:32.290+0000] {dagbag.py:588} INFO - Filling up the DagBag from /opt/airflow/dags/send_to_minio.py
[2026-04-04T08:57:32.320+0000] {logging_mixin.py:190} INFO - [2026-04-04T08:57:32.317+0000] {dagbag.py:387} ERROR - Failed to import: /opt/airflow/dags/send_to_minio.py
Traceback (most recent call last):
  File "/home/airflow/.local/lib/python3.12/site-packages/airflow/models/dagbag.py", line 383, in parse
    loader.exec_module(new_module)
  File "<frozen importlib._bootstrap_external>", line 999, in exec_module
  File "<frozen importlib._bootstrap>", line 488, in _call_with_frames_removed
  File "/opt/airflow/dags/send_to_minio.py", line 44, in <module>
    repo_links=get_link();
               ^^^^^^^^^^
  File "/opt/airflow/dags/send_to_minio.py", line 4, in get_link
    repo_links=Variable.get("LINKS",deserialize_json=True)
               ^^^^^^^^^^^^^^^^^^^^^^^^^^^^^^^^^^^^^^^^^^^
  File "/home/airflow/.local/lib/python3.12/site-packages/airflow/models/variable.py", line 145, in get
    raise KeyError(f"Variable {key} does not exist")
KeyError: 'Variable LINKS does not exist'
[2026-04-04T08:57:32.321+0000] {processor.py:927} WARNING - No viable dags retrieved from /opt/airflow/dags/send_to_minio.py
[2026-04-04T08:57:32.337+0000] {processor.py:208} INFO - Processing /opt/airflow/dags/send_to_minio.py took 0.059 seconds
[2026-04-04T08:58:02.938+0000] {processor.py:186} INFO - Started process (PID=518) to work on /opt/airflow/dags/send_to_minio.py
[2026-04-04T08:58:02.939+0000] {processor.py:914} INFO - Processing file /opt/airflow/dags/send_to_minio.py for tasks to queue
[2026-04-04T08:58:02.942+0000] {logging_mixin.py:190} INFO - [2026-04-04T08:58:02.941+0000] {dagbag.py:588} INFO - Filling up the DagBag from /opt/airflow/dags/send_to_minio.py
[2026-04-04T08:58:02.975+0000] {logging_mixin.py:190} INFO - [2026-04-04T08:58:02.973+0000] {dagbag.py:387} ERROR - Failed to import: /opt/airflow/dags/send_to_minio.py
Traceback (most recent call last):
  File "/home/airflow/.local/lib/python3.12/site-packages/airflow/models/dagbag.py", line 383, in parse
    loader.exec_module(new_module)
  File "<frozen importlib._bootstrap_external>", line 999, in exec_module
  File "<frozen importlib._bootstrap>", line 488, in _call_with_frames_removed
  File "/opt/airflow/dags/send_to_minio.py", line 44, in <module>
    repo_links=get_link();
               ^^^^^^^^^^
  File "/opt/airflow/dags/send_to_minio.py", line 4, in get_link
    repo_links=Variable.get("LINKS",deserialize_json=True)
               ^^^^^^^^^^^^^^^^^^^^^^^^^^^^^^^^^^^^^^^^^^^
  File "/home/airflow/.local/lib/python3.12/site-packages/airflow/models/variable.py", line 145, in get
    raise KeyError(f"Variable {key} does not exist")
KeyError: 'Variable LINKS does not exist'
[2026-04-04T08:58:02.976+0000] {processor.py:927} WARNING - No viable dags retrieved from /opt/airflow/dags/send_to_minio.py
[2026-04-04T08:58:02.991+0000] {processor.py:208} INFO - Processing /opt/airflow/dags/send_to_minio.py took 0.061 seconds
[2026-04-04T08:58:33.731+0000] {processor.py:186} INFO - Started process (PID=565) to work on /opt/airflow/dags/send_to_minio.py
[2026-04-04T08:58:33.731+0000] {processor.py:914} INFO - Processing file /opt/airflow/dags/send_to_minio.py for tasks to queue
[2026-04-04T08:58:33.736+0000] {logging_mixin.py:190} INFO - [2026-04-04T08:58:33.735+0000] {dagbag.py:588} INFO - Filling up the DagBag from /opt/airflow/dags/send_to_minio.py
[2026-04-04T08:58:33.768+0000] {logging_mixin.py:190} INFO - [2026-04-04T08:58:33.767+0000] {dagbag.py:387} ERROR - Failed to import: /opt/airflow/dags/send_to_minio.py
Traceback (most recent call last):
  File "/home/airflow/.local/lib/python3.12/site-packages/airflow/models/dagbag.py", line 383, in parse
    loader.exec_module(new_module)
  File "<frozen importlib._bootstrap_external>", line 999, in exec_module
  File "<frozen importlib._bootstrap>", line 488, in _call_with_frames_removed
  File "/opt/airflow/dags/send_to_minio.py", line 44, in <module>
    repo_links=get_link();
               ^^^^^^^^^^
  File "/opt/airflow/dags/send_to_minio.py", line 4, in get_link
    repo_links=Variable.get("LINKS",deserialize_json=True)
               ^^^^^^^^^^^^^^^^^^^^^^^^^^^^^^^^^^^^^^^^^^^
  File "/home/airflow/.local/lib/python3.12/site-packages/airflow/models/variable.py", line 145, in get
    raise KeyError(f"Variable {key} does not exist")
KeyError: 'Variable LINKS does not exist'
[2026-04-04T08:58:33.769+0000] {processor.py:927} WARNING - No viable dags retrieved from /opt/airflow/dags/send_to_minio.py
[2026-04-04T08:58:33.782+0000] {processor.py:208} INFO - Processing /opt/airflow/dags/send_to_minio.py took 0.060 seconds
[2026-04-04T08:59:04.527+0000] {processor.py:186} INFO - Started process (PID=606) to work on /opt/airflow/dags/send_to_minio.py
[2026-04-04T08:59:04.528+0000] {processor.py:914} INFO - Processing file /opt/airflow/dags/send_to_minio.py for tasks to queue
[2026-04-04T08:59:04.531+0000] {logging_mixin.py:190} INFO - [2026-04-04T08:59:04.530+0000] {dagbag.py:588} INFO - Filling up the DagBag from /opt/airflow/dags/send_to_minio.py
[2026-04-04T08:59:04.557+0000] {logging_mixin.py:190} INFO - [2026-04-04T08:59:04.556+0000] {dagbag.py:387} ERROR - Failed to import: /opt/airflow/dags/send_to_minio.py
Traceback (most recent call last):
  File "/home/airflow/.local/lib/python3.12/site-packages/airflow/models/dagbag.py", line 383, in parse
    loader.exec_module(new_module)
  File "<frozen importlib._bootstrap_external>", line 999, in exec_module
  File "<frozen importlib._bootstrap>", line 488, in _call_with_frames_removed
  File "/opt/airflow/dags/send_to_minio.py", line 44, in <module>
    repo_links=get_link();
               ^^^^^^^^^^
  File "/opt/airflow/dags/send_to_minio.py", line 4, in get_link
    repo_links=Variable.get("LINKS",deserialize_json=True)
               ^^^^^^^^^^^^^^^^^^^^^^^^^^^^^^^^^^^^^^^^^^^
  File "/home/airflow/.local/lib/python3.12/site-packages/airflow/models/variable.py", line 145, in get
    raise KeyError(f"Variable {key} does not exist")
KeyError: 'Variable LINKS does not exist'
[2026-04-04T08:59:04.558+0000] {processor.py:927} WARNING - No viable dags retrieved from /opt/airflow/dags/send_to_minio.py
[2026-04-04T08:59:04.571+0000] {processor.py:208} INFO - Processing /opt/airflow/dags/send_to_minio.py took 0.051 seconds
[2026-04-04T08:59:35.170+0000] {processor.py:186} INFO - Started process (PID=647) to work on /opt/airflow/dags/send_to_minio.py
[2026-04-04T08:59:35.171+0000] {processor.py:914} INFO - Processing file /opt/airflow/dags/send_to_minio.py for tasks to queue
[2026-04-04T08:59:35.174+0000] {logging_mixin.py:190} INFO - [2026-04-04T08:59:35.173+0000] {dagbag.py:588} INFO - Filling up the DagBag from /opt/airflow/dags/send_to_minio.py
[2026-04-04T08:59:35.202+0000] {logging_mixin.py:190} INFO - [2026-04-04T08:59:35.201+0000] {dagbag.py:387} ERROR - Failed to import: /opt/airflow/dags/send_to_minio.py
Traceback (most recent call last):
  File "/home/airflow/.local/lib/python3.12/site-packages/airflow/models/dagbag.py", line 383, in parse
    loader.exec_module(new_module)
  File "<frozen importlib._bootstrap_external>", line 999, in exec_module
  File "<frozen importlib._bootstrap>", line 488, in _call_with_frames_removed
  File "/opt/airflow/dags/send_to_minio.py", line 44, in <module>
    repo_links=get_link();
               ^^^^^^^^^^
  File "/opt/airflow/dags/send_to_minio.py", line 4, in get_link
    repo_links=Variable.get("LINKS",deserialize_json=True)
               ^^^^^^^^^^^^^^^^^^^^^^^^^^^^^^^^^^^^^^^^^^^
  File "/home/airflow/.local/lib/python3.12/site-packages/airflow/models/variable.py", line 145, in get
    raise KeyError(f"Variable {key} does not exist")
KeyError: 'Variable LINKS does not exist'
[2026-04-04T08:59:35.203+0000] {processor.py:927} WARNING - No viable dags retrieved from /opt/airflow/dags/send_to_minio.py
[2026-04-04T08:59:35.217+0000] {processor.py:208} INFO - Processing /opt/airflow/dags/send_to_minio.py took 0.054 seconds
[2026-04-04T09:00:05.948+0000] {processor.py:186} INFO - Started process (PID=688) to work on /opt/airflow/dags/send_to_minio.py
[2026-04-04T09:00:05.949+0000] {processor.py:914} INFO - Processing file /opt/airflow/dags/send_to_minio.py for tasks to queue
[2026-04-04T09:00:05.952+0000] {logging_mixin.py:190} INFO - [2026-04-04T09:00:05.952+0000] {dagbag.py:588} INFO - Filling up the DagBag from /opt/airflow/dags/send_to_minio.py
[2026-04-04T09:00:05.980+0000] {logging_mixin.py:190} INFO - [2026-04-04T09:00:05.979+0000] {dagbag.py:387} ERROR - Failed to import: /opt/airflow/dags/send_to_minio.py
Traceback (most recent call last):
  File "/home/airflow/.local/lib/python3.12/site-packages/airflow/models/dagbag.py", line 383, in parse
    loader.exec_module(new_module)
  File "<frozen importlib._bootstrap_external>", line 999, in exec_module
  File "<frozen importlib._bootstrap>", line 488, in _call_with_frames_removed
  File "/opt/airflow/dags/send_to_minio.py", line 44, in <module>
    repo_links=get_link();
               ^^^^^^^^^^
  File "/opt/airflow/dags/send_to_minio.py", line 4, in get_link
    repo_links=Variable.get("LINKS",deserialize_json=True)
               ^^^^^^^^^^^^^^^^^^^^^^^^^^^^^^^^^^^^^^^^^^^
  File "/home/airflow/.local/lib/python3.12/site-packages/airflow/models/variable.py", line 145, in get
    raise KeyError(f"Variable {key} does not exist")
KeyError: 'Variable LINKS does not exist'
[2026-04-04T09:00:05.981+0000] {processor.py:927} WARNING - No viable dags retrieved from /opt/airflow/dags/send_to_minio.py
[2026-04-04T09:00:05.993+0000] {processor.py:208} INFO - Processing /opt/airflow/dags/send_to_minio.py took 0.051 seconds
[2026-04-04T09:00:36.630+0000] {processor.py:186} INFO - Started process (PID=729) to work on /opt/airflow/dags/send_to_minio.py
[2026-04-04T09:00:36.630+0000] {processor.py:914} INFO - Processing file /opt/airflow/dags/send_to_minio.py for tasks to queue
[2026-04-04T09:00:36.633+0000] {logging_mixin.py:190} INFO - [2026-04-04T09:00:36.633+0000] {dagbag.py:588} INFO - Filling up the DagBag from /opt/airflow/dags/send_to_minio.py
[2026-04-04T09:00:36.663+0000] {logging_mixin.py:190} INFO - [2026-04-04T09:00:36.661+0000] {dagbag.py:387} ERROR - Failed to import: /opt/airflow/dags/send_to_minio.py
Traceback (most recent call last):
  File "/home/airflow/.local/lib/python3.12/site-packages/airflow/models/dagbag.py", line 383, in parse
    loader.exec_module(new_module)
  File "<frozen importlib._bootstrap_external>", line 999, in exec_module
  File "<frozen importlib._bootstrap>", line 488, in _call_with_frames_removed
  File "/opt/airflow/dags/send_to_minio.py", line 44, in <module>
    repo_links=get_link();
               ^^^^^^^^^^
  File "/opt/airflow/dags/send_to_minio.py", line 4, in get_link
    repo_links=Variable.get("LINKS",deserialize_json=True)
               ^^^^^^^^^^^^^^^^^^^^^^^^^^^^^^^^^^^^^^^^^^^
  File "/home/airflow/.local/lib/python3.12/site-packages/airflow/models/variable.py", line 145, in get
    raise KeyError(f"Variable {key} does not exist")
KeyError: 'Variable LINKS does not exist'
[2026-04-04T09:00:36.663+0000] {processor.py:927} WARNING - No viable dags retrieved from /opt/airflow/dags/send_to_minio.py
[2026-04-04T09:00:36.678+0000] {processor.py:208} INFO - Processing /opt/airflow/dags/send_to_minio.py took 0.056 seconds
[2026-04-04T09:01:07.245+0000] {processor.py:186} INFO - Started process (PID=770) to work on /opt/airflow/dags/send_to_minio.py
[2026-04-04T09:01:07.246+0000] {processor.py:914} INFO - Processing file /opt/airflow/dags/send_to_minio.py for tasks to queue
[2026-04-04T09:01:07.248+0000] {logging_mixin.py:190} INFO - [2026-04-04T09:01:07.248+0000] {dagbag.py:588} INFO - Filling up the DagBag from /opt/airflow/dags/send_to_minio.py
[2026-04-04T09:01:07.277+0000] {logging_mixin.py:190} INFO - [2026-04-04T09:01:07.275+0000] {dagbag.py:387} ERROR - Failed to import: /opt/airflow/dags/send_to_minio.py
Traceback (most recent call last):
  File "/home/airflow/.local/lib/python3.12/site-packages/airflow/models/dagbag.py", line 383, in parse
    loader.exec_module(new_module)
  File "<frozen importlib._bootstrap_external>", line 999, in exec_module
  File "<frozen importlib._bootstrap>", line 488, in _call_with_frames_removed
  File "/opt/airflow/dags/send_to_minio.py", line 44, in <module>
    repo_links=get_link();
               ^^^^^^^^^^
  File "/opt/airflow/dags/send_to_minio.py", line 4, in get_link
    repo_links=Variable.get("LINKS",deserialize_json=True)
               ^^^^^^^^^^^^^^^^^^^^^^^^^^^^^^^^^^^^^^^^^^^
  File "/home/airflow/.local/lib/python3.12/site-packages/airflow/models/variable.py", line 145, in get
    raise KeyError(f"Variable {key} does not exist")
KeyError: 'Variable LINKS does not exist'
[2026-04-04T09:01:07.278+0000] {processor.py:927} WARNING - No viable dags retrieved from /opt/airflow/dags/send_to_minio.py
[2026-04-04T09:01:07.291+0000] {processor.py:208} INFO - Processing /opt/airflow/dags/send_to_minio.py took 0.054 seconds
[2026-04-04T09:01:38.029+0000] {processor.py:186} INFO - Started process (PID=811) to work on /opt/airflow/dags/send_to_minio.py
[2026-04-04T09:01:38.030+0000] {processor.py:914} INFO - Processing file /opt/airflow/dags/send_to_minio.py for tasks to queue
[2026-04-04T09:01:38.033+0000] {logging_mixin.py:190} INFO - [2026-04-04T09:01:38.033+0000] {dagbag.py:588} INFO - Filling up the DagBag from /opt/airflow/dags/send_to_minio.py
[2026-04-04T09:01:38.066+0000] {logging_mixin.py:190} INFO - [2026-04-04T09:01:38.064+0000] {dagbag.py:387} ERROR - Failed to import: /opt/airflow/dags/send_to_minio.py
Traceback (most recent call last):
  File "/home/airflow/.local/lib/python3.12/site-packages/airflow/models/dagbag.py", line 383, in parse
    loader.exec_module(new_module)
  File "<frozen importlib._bootstrap_external>", line 999, in exec_module
  File "<frozen importlib._bootstrap>", line 488, in _call_with_frames_removed
  File "/opt/airflow/dags/send_to_minio.py", line 44, in <module>
    repo_links=get_link();
               ^^^^^^^^^^
  File "/opt/airflow/dags/send_to_minio.py", line 4, in get_link
    repo_links=Variable.get("LINKS",deserialize_json=True)
               ^^^^^^^^^^^^^^^^^^^^^^^^^^^^^^^^^^^^^^^^^^^
  File "/home/airflow/.local/lib/python3.12/site-packages/airflow/models/variable.py", line 145, in get
    raise KeyError(f"Variable {key} does not exist")
KeyError: 'Variable LINKS does not exist'
[2026-04-04T09:01:38.068+0000] {processor.py:927} WARNING - No viable dags retrieved from /opt/airflow/dags/send_to_minio.py
[2026-04-04T09:01:38.082+0000] {processor.py:208} INFO - Processing /opt/airflow/dags/send_to_minio.py took 0.061 seconds
[2026-04-04T09:02:08.673+0000] {processor.py:186} INFO - Started process (PID=852) to work on /opt/airflow/dags/send_to_minio.py
[2026-04-04T09:02:08.674+0000] {processor.py:914} INFO - Processing file /opt/airflow/dags/send_to_minio.py for tasks to queue
[2026-04-04T09:02:08.677+0000] {logging_mixin.py:190} INFO - [2026-04-04T09:02:08.676+0000] {dagbag.py:588} INFO - Filling up the DagBag from /opt/airflow/dags/send_to_minio.py
[2026-04-04T09:02:08.705+0000] {logging_mixin.py:190} INFO - [2026-04-04T09:02:08.703+0000] {dagbag.py:387} ERROR - Failed to import: /opt/airflow/dags/send_to_minio.py
Traceback (most recent call last):
  File "/home/airflow/.local/lib/python3.12/site-packages/airflow/models/dagbag.py", line 383, in parse
    loader.exec_module(new_module)
  File "<frozen importlib._bootstrap_external>", line 999, in exec_module
  File "<frozen importlib._bootstrap>", line 488, in _call_with_frames_removed
  File "/opt/airflow/dags/send_to_minio.py", line 44, in <module>
    repo_links=get_link();
               ^^^^^^^^^^
  File "/opt/airflow/dags/send_to_minio.py", line 4, in get_link
    repo_links=Variable.get("LINKS",deserialize_json=True)
               ^^^^^^^^^^^^^^^^^^^^^^^^^^^^^^^^^^^^^^^^^^^
  File "/home/airflow/.local/lib/python3.12/site-packages/airflow/models/variable.py", line 145, in get
    raise KeyError(f"Variable {key} does not exist")
KeyError: 'Variable LINKS does not exist'
[2026-04-04T09:02:08.706+0000] {processor.py:927} WARNING - No viable dags retrieved from /opt/airflow/dags/send_to_minio.py
[2026-04-04T09:02:08.719+0000] {processor.py:208} INFO - Processing /opt/airflow/dags/send_to_minio.py took 0.055 seconds
[2026-04-04T09:02:39.337+0000] {processor.py:186} INFO - Started process (PID=893) to work on /opt/airflow/dags/send_to_minio.py
[2026-04-04T09:02:39.338+0000] {processor.py:914} INFO - Processing file /opt/airflow/dags/send_to_minio.py for tasks to queue
[2026-04-04T09:02:39.341+0000] {logging_mixin.py:190} INFO - [2026-04-04T09:02:39.341+0000] {dagbag.py:588} INFO - Filling up the DagBag from /opt/airflow/dags/send_to_minio.py
[2026-04-04T09:02:39.371+0000] {logging_mixin.py:190} INFO - [2026-04-04T09:02:39.369+0000] {dagbag.py:387} ERROR - Failed to import: /opt/airflow/dags/send_to_minio.py
Traceback (most recent call last):
  File "/home/airflow/.local/lib/python3.12/site-packages/airflow/models/dagbag.py", line 383, in parse
    loader.exec_module(new_module)
  File "<frozen importlib._bootstrap_external>", line 999, in exec_module
  File "<frozen importlib._bootstrap>", line 488, in _call_with_frames_removed
  File "/opt/airflow/dags/send_to_minio.py", line 44, in <module>
    repo_links=get_link();
               ^^^^^^^^^^
  File "/opt/airflow/dags/send_to_minio.py", line 4, in get_link
    repo_links=Variable.get("LINKS",deserialize_json=True)
               ^^^^^^^^^^^^^^^^^^^^^^^^^^^^^^^^^^^^^^^^^^^
  File "/home/airflow/.local/lib/python3.12/site-packages/airflow/models/variable.py", line 145, in get
    raise KeyError(f"Variable {key} does not exist")
KeyError: 'Variable LINKS does not exist'
[2026-04-04T09:02:39.372+0000] {processor.py:927} WARNING - No viable dags retrieved from /opt/airflow/dags/send_to_minio.py
[2026-04-04T09:02:39.386+0000] {processor.py:208} INFO - Processing /opt/airflow/dags/send_to_minio.py took 0.057 seconds
[2026-04-04T09:03:09.965+0000] {processor.py:186} INFO - Started process (PID=934) to work on /opt/airflow/dags/send_to_minio.py
[2026-04-04T09:03:09.967+0000] {processor.py:914} INFO - Processing file /opt/airflow/dags/send_to_minio.py for tasks to queue
[2026-04-04T09:03:09.970+0000] {logging_mixin.py:190} INFO - [2026-04-04T09:03:09.970+0000] {dagbag.py:588} INFO - Filling up the DagBag from /opt/airflow/dags/send_to_minio.py
[2026-04-04T09:03:09.998+0000] {logging_mixin.py:190} INFO - [2026-04-04T09:03:09.996+0000] {dagbag.py:387} ERROR - Failed to import: /opt/airflow/dags/send_to_minio.py
Traceback (most recent call last):
  File "/home/airflow/.local/lib/python3.12/site-packages/airflow/models/dagbag.py", line 383, in parse
    loader.exec_module(new_module)
  File "<frozen importlib._bootstrap_external>", line 999, in exec_module
  File "<frozen importlib._bootstrap>", line 488, in _call_with_frames_removed
  File "/opt/airflow/dags/send_to_minio.py", line 44, in <module>
    repo_links=get_link();
               ^^^^^^^^^^
  File "/opt/airflow/dags/send_to_minio.py", line 4, in get_link
    repo_links=Variable.get("LINKS",deserialize_json=True)
               ^^^^^^^^^^^^^^^^^^^^^^^^^^^^^^^^^^^^^^^^^^^
  File "/home/airflow/.local/lib/python3.12/site-packages/airflow/models/variable.py", line 145, in get
    raise KeyError(f"Variable {key} does not exist")
KeyError: 'Variable LINKS does not exist'
[2026-04-04T09:03:09.999+0000] {processor.py:927} WARNING - No viable dags retrieved from /opt/airflow/dags/send_to_minio.py
[2026-04-04T09:03:10.011+0000] {processor.py:208} INFO - Processing /opt/airflow/dags/send_to_minio.py took 0.052 seconds
[2026-04-04T09:03:40.727+0000] {processor.py:186} INFO - Started process (PID=975) to work on /opt/airflow/dags/send_to_minio.py
[2026-04-04T09:03:40.728+0000] {processor.py:914} INFO - Processing file /opt/airflow/dags/send_to_minio.py for tasks to queue
[2026-04-04T09:03:40.730+0000] {logging_mixin.py:190} INFO - [2026-04-04T09:03:40.730+0000] {dagbag.py:588} INFO - Filling up the DagBag from /opt/airflow/dags/send_to_minio.py
[2026-04-04T09:03:40.763+0000] {logging_mixin.py:190} INFO - [2026-04-04T09:03:40.760+0000] {dagbag.py:387} ERROR - Failed to import: /opt/airflow/dags/send_to_minio.py
Traceback (most recent call last):
  File "/home/airflow/.local/lib/python3.12/site-packages/airflow/models/dagbag.py", line 383, in parse
    loader.exec_module(new_module)
  File "<frozen importlib._bootstrap_external>", line 999, in exec_module
  File "<frozen importlib._bootstrap>", line 488, in _call_with_frames_removed
  File "/opt/airflow/dags/send_to_minio.py", line 44, in <module>
    repo_links=get_link();
               ^^^^^^^^^^
  File "/opt/airflow/dags/send_to_minio.py", line 4, in get_link
    repo_links=Variable.get("LINKS",deserialize_json=True)
               ^^^^^^^^^^^^^^^^^^^^^^^^^^^^^^^^^^^^^^^^^^^
  File "/home/airflow/.local/lib/python3.12/site-packages/airflow/models/variable.py", line 145, in get
    raise KeyError(f"Variable {key} does not exist")
KeyError: 'Variable LINKS does not exist'
[2026-04-04T09:03:40.763+0000] {processor.py:927} WARNING - No viable dags retrieved from /opt/airflow/dags/send_to_minio.py
[2026-04-04T09:03:40.779+0000] {processor.py:208} INFO - Processing /opt/airflow/dags/send_to_minio.py took 0.059 seconds
[2026-04-04T09:04:11.536+0000] {processor.py:186} INFO - Started process (PID=1016) to work on /opt/airflow/dags/send_to_minio.py
[2026-04-04T09:04:11.536+0000] {processor.py:914} INFO - Processing file /opt/airflow/dags/send_to_minio.py for tasks to queue
[2026-04-04T09:04:11.539+0000] {logging_mixin.py:190} INFO - [2026-04-04T09:04:11.538+0000] {dagbag.py:588} INFO - Filling up the DagBag from /opt/airflow/dags/send_to_minio.py
[2026-04-04T09:04:11.571+0000] {logging_mixin.py:190} INFO - [2026-04-04T09:04:11.569+0000] {dagbag.py:387} ERROR - Failed to import: /opt/airflow/dags/send_to_minio.py
Traceback (most recent call last):
  File "/home/airflow/.local/lib/python3.12/site-packages/airflow/models/dagbag.py", line 383, in parse
    loader.exec_module(new_module)
  File "<frozen importlib._bootstrap_external>", line 999, in exec_module
  File "<frozen importlib._bootstrap>", line 488, in _call_with_frames_removed
  File "/opt/airflow/dags/send_to_minio.py", line 44, in <module>
    repo_links=get_link();
               ^^^^^^^^^^
  File "/opt/airflow/dags/send_to_minio.py", line 4, in get_link
    repo_links=Variable.get("LINKS",deserialize_json=True)
               ^^^^^^^^^^^^^^^^^^^^^^^^^^^^^^^^^^^^^^^^^^^
  File "/home/airflow/.local/lib/python3.12/site-packages/airflow/models/variable.py", line 145, in get
    raise KeyError(f"Variable {key} does not exist")
KeyError: 'Variable LINKS does not exist'
[2026-04-04T09:04:11.572+0000] {processor.py:927} WARNING - No viable dags retrieved from /opt/airflow/dags/send_to_minio.py
[2026-04-04T09:04:11.587+0000] {processor.py:208} INFO - Processing /opt/airflow/dags/send_to_minio.py took 0.057 seconds
[2026-04-04T09:04:42.333+0000] {processor.py:186} INFO - Started process (PID=1057) to work on /opt/airflow/dags/send_to_minio.py
[2026-04-04T09:04:42.334+0000] {processor.py:914} INFO - Processing file /opt/airflow/dags/send_to_minio.py for tasks to queue
[2026-04-04T09:04:42.337+0000] {logging_mixin.py:190} INFO - [2026-04-04T09:04:42.337+0000] {dagbag.py:588} INFO - Filling up the DagBag from /opt/airflow/dags/send_to_minio.py
[2026-04-04T09:04:42.369+0000] {logging_mixin.py:190} INFO - [2026-04-04T09:04:42.367+0000] {dagbag.py:387} ERROR - Failed to import: /opt/airflow/dags/send_to_minio.py
Traceback (most recent call last):
  File "/home/airflow/.local/lib/python3.12/site-packages/airflow/models/dagbag.py", line 383, in parse
    loader.exec_module(new_module)
  File "<frozen importlib._bootstrap_external>", line 999, in exec_module
  File "<frozen importlib._bootstrap>", line 488, in _call_with_frames_removed
  File "/opt/airflow/dags/send_to_minio.py", line 44, in <module>
    repo_links=get_link();
               ^^^^^^^^^^
  File "/opt/airflow/dags/send_to_minio.py", line 4, in get_link
    repo_links=Variable.get("LINKS",deserialize_json=True)
               ^^^^^^^^^^^^^^^^^^^^^^^^^^^^^^^^^^^^^^^^^^^
  File "/home/airflow/.local/lib/python3.12/site-packages/airflow/models/variable.py", line 145, in get
    raise KeyError(f"Variable {key} does not exist")
KeyError: 'Variable LINKS does not exist'
[2026-04-04T09:04:42.370+0000] {processor.py:927} WARNING - No viable dags retrieved from /opt/airflow/dags/send_to_minio.py
[2026-04-04T09:04:42.385+0000] {processor.py:208} INFO - Processing /opt/airflow/dags/send_to_minio.py took 0.060 seconds
[2026-04-04T09:05:12.985+0000] {processor.py:186} INFO - Started process (PID=1098) to work on /opt/airflow/dags/send_to_minio.py
[2026-04-04T09:05:12.986+0000] {processor.py:914} INFO - Processing file /opt/airflow/dags/send_to_minio.py for tasks to queue
[2026-04-04T09:05:12.990+0000] {logging_mixin.py:190} INFO - [2026-04-04T09:05:12.989+0000] {dagbag.py:588} INFO - Filling up the DagBag from /opt/airflow/dags/send_to_minio.py
[2026-04-04T09:05:13.022+0000] {logging_mixin.py:190} INFO - [2026-04-04T09:05:13.020+0000] {dagbag.py:387} ERROR - Failed to import: /opt/airflow/dags/send_to_minio.py
Traceback (most recent call last):
  File "/home/airflow/.local/lib/python3.12/site-packages/airflow/models/dagbag.py", line 383, in parse
    loader.exec_module(new_module)
  File "<frozen importlib._bootstrap_external>", line 999, in exec_module
  File "<frozen importlib._bootstrap>", line 488, in _call_with_frames_removed
  File "/opt/airflow/dags/send_to_minio.py", line 44, in <module>
    repo_links=get_link();
               ^^^^^^^^^^
  File "/opt/airflow/dags/send_to_minio.py", line 4, in get_link
    repo_links=Variable.get("LINKS",deserialize_json=True)
               ^^^^^^^^^^^^^^^^^^^^^^^^^^^^^^^^^^^^^^^^^^^
  File "/home/airflow/.local/lib/python3.12/site-packages/airflow/models/variable.py", line 145, in get
    raise KeyError(f"Variable {key} does not exist")
KeyError: 'Variable LINKS does not exist'
[2026-04-04T09:05:13.023+0000] {processor.py:927} WARNING - No viable dags retrieved from /opt/airflow/dags/send_to_minio.py
[2026-04-04T09:05:13.034+0000] {processor.py:208} INFO - Processing /opt/airflow/dags/send_to_minio.py took 0.057 seconds
[2026-04-04T09:05:43.763+0000] {processor.py:186} INFO - Started process (PID=1139) to work on /opt/airflow/dags/send_to_minio.py
[2026-04-04T09:05:43.764+0000] {processor.py:914} INFO - Processing file /opt/airflow/dags/send_to_minio.py for tasks to queue
[2026-04-04T09:05:43.766+0000] {logging_mixin.py:190} INFO - [2026-04-04T09:05:43.766+0000] {dagbag.py:588} INFO - Filling up the DagBag from /opt/airflow/dags/send_to_minio.py
[2026-04-04T09:05:43.798+0000] {logging_mixin.py:190} INFO - [2026-04-04T09:05:43.795+0000] {dagbag.py:387} ERROR - Failed to import: /opt/airflow/dags/send_to_minio.py
Traceback (most recent call last):
  File "/home/airflow/.local/lib/python3.12/site-packages/airflow/models/dagbag.py", line 383, in parse
    loader.exec_module(new_module)
  File "<frozen importlib._bootstrap_external>", line 999, in exec_module
  File "<frozen importlib._bootstrap>", line 488, in _call_with_frames_removed
  File "/opt/airflow/dags/send_to_minio.py", line 44, in <module>
    repo_links=get_link();
               ^^^^^^^^^^
  File "/opt/airflow/dags/send_to_minio.py", line 4, in get_link
    repo_links=Variable.get("LINKS",deserialize_json=True)
               ^^^^^^^^^^^^^^^^^^^^^^^^^^^^^^^^^^^^^^^^^^^
  File "/home/airflow/.local/lib/python3.12/site-packages/airflow/models/variable.py", line 145, in get
    raise KeyError(f"Variable {key} does not exist")
KeyError: 'Variable LINKS does not exist'
[2026-04-04T09:05:43.799+0000] {processor.py:927} WARNING - No viable dags retrieved from /opt/airflow/dags/send_to_minio.py
[2026-04-04T09:05:43.814+0000] {processor.py:208} INFO - Processing /opt/airflow/dags/send_to_minio.py took 0.059 seconds
[2026-04-04T09:06:14.395+0000] {processor.py:186} INFO - Started process (PID=1180) to work on /opt/airflow/dags/send_to_minio.py
[2026-04-04T09:06:14.395+0000] {processor.py:914} INFO - Processing file /opt/airflow/dags/send_to_minio.py for tasks to queue
[2026-04-04T09:06:14.397+0000] {logging_mixin.py:190} INFO - [2026-04-04T09:06:14.397+0000] {dagbag.py:588} INFO - Filling up the DagBag from /opt/airflow/dags/send_to_minio.py
[2026-04-04T09:06:14.424+0000] {logging_mixin.py:190} INFO - [2026-04-04T09:06:14.422+0000] {dagbag.py:387} ERROR - Failed to import: /opt/airflow/dags/send_to_minio.py
Traceback (most recent call last):
  File "/home/airflow/.local/lib/python3.12/site-packages/airflow/models/dagbag.py", line 383, in parse
    loader.exec_module(new_module)
  File "<frozen importlib._bootstrap_external>", line 999, in exec_module
  File "<frozen importlib._bootstrap>", line 488, in _call_with_frames_removed
  File "/opt/airflow/dags/send_to_minio.py", line 44, in <module>
    repo_links=get_link();
               ^^^^^^^^^^
  File "/opt/airflow/dags/send_to_minio.py", line 4, in get_link
    repo_links=Variable.get("LINKS",deserialize_json=True)
               ^^^^^^^^^^^^^^^^^^^^^^^^^^^^^^^^^^^^^^^^^^^
  File "/home/airflow/.local/lib/python3.12/site-packages/airflow/models/variable.py", line 145, in get
    raise KeyError(f"Variable {key} does not exist")
KeyError: 'Variable LINKS does not exist'
[2026-04-04T09:06:14.424+0000] {processor.py:927} WARNING - No viable dags retrieved from /opt/airflow/dags/send_to_minio.py
[2026-04-04T09:06:14.436+0000] {processor.py:208} INFO - Processing /opt/airflow/dags/send_to_minio.py took 0.053 seconds
[2026-04-04T09:06:45.109+0000] {processor.py:186} INFO - Started process (PID=1221) to work on /opt/airflow/dags/send_to_minio.py
[2026-04-04T09:06:45.110+0000] {processor.py:914} INFO - Processing file /opt/airflow/dags/send_to_minio.py for tasks to queue
[2026-04-04T09:06:45.114+0000] {logging_mixin.py:190} INFO - [2026-04-04T09:06:45.113+0000] {dagbag.py:588} INFO - Filling up the DagBag from /opt/airflow/dags/send_to_minio.py
[2026-04-04T09:06:45.146+0000] {logging_mixin.py:190} INFO - [2026-04-04T09:06:45.144+0000] {dagbag.py:387} ERROR - Failed to import: /opt/airflow/dags/send_to_minio.py
Traceback (most recent call last):
  File "/home/airflow/.local/lib/python3.12/site-packages/airflow/models/dagbag.py", line 383, in parse
    loader.exec_module(new_module)
  File "<frozen importlib._bootstrap_external>", line 999, in exec_module
  File "<frozen importlib._bootstrap>", line 488, in _call_with_frames_removed
  File "/opt/airflow/dags/send_to_minio.py", line 44, in <module>
    repo_links=get_link();
               ^^^^^^^^^^
  File "/opt/airflow/dags/send_to_minio.py", line 4, in get_link
    repo_links=Variable.get("LINKS",deserialize_json=True)
               ^^^^^^^^^^^^^^^^^^^^^^^^^^^^^^^^^^^^^^^^^^^
  File "/home/airflow/.local/lib/python3.12/site-packages/airflow/models/variable.py", line 145, in get
    raise KeyError(f"Variable {key} does not exist")
KeyError: 'Variable LINKS does not exist'
[2026-04-04T09:06:45.147+0000] {processor.py:927} WARNING - No viable dags retrieved from /opt/airflow/dags/send_to_minio.py
[2026-04-04T09:06:45.161+0000] {processor.py:208} INFO - Processing /opt/airflow/dags/send_to_minio.py took 0.060 seconds
[2026-04-04T09:07:15.895+0000] {processor.py:186} INFO - Started process (PID=1262) to work on /opt/airflow/dags/send_to_minio.py
[2026-04-04T09:07:15.896+0000] {processor.py:914} INFO - Processing file /opt/airflow/dags/send_to_minio.py for tasks to queue
[2026-04-04T09:07:15.899+0000] {logging_mixin.py:190} INFO - [2026-04-04T09:07:15.898+0000] {dagbag.py:588} INFO - Filling up the DagBag from /opt/airflow/dags/send_to_minio.py
[2026-04-04T09:07:15.928+0000] {logging_mixin.py:190} INFO - [2026-04-04T09:07:15.926+0000] {dagbag.py:387} ERROR - Failed to import: /opt/airflow/dags/send_to_minio.py
Traceback (most recent call last):
  File "/home/airflow/.local/lib/python3.12/site-packages/airflow/models/dagbag.py", line 383, in parse
    loader.exec_module(new_module)
  File "<frozen importlib._bootstrap_external>", line 999, in exec_module
  File "<frozen importlib._bootstrap>", line 488, in _call_with_frames_removed
  File "/opt/airflow/dags/send_to_minio.py", line 44, in <module>
    repo_links=get_link();
               ^^^^^^^^^^
  File "/opt/airflow/dags/send_to_minio.py", line 4, in get_link
    repo_links=Variable.get("LINKS",deserialize_json=True)
               ^^^^^^^^^^^^^^^^^^^^^^^^^^^^^^^^^^^^^^^^^^^
  File "/home/airflow/.local/lib/python3.12/site-packages/airflow/models/variable.py", line 145, in get
    raise KeyError(f"Variable {key} does not exist")
KeyError: 'Variable LINKS does not exist'
[2026-04-04T09:07:15.928+0000] {processor.py:927} WARNING - No viable dags retrieved from /opt/airflow/dags/send_to_minio.py
[2026-04-04T09:07:15.940+0000] {processor.py:208} INFO - Processing /opt/airflow/dags/send_to_minio.py took 0.055 seconds
[2026-04-04T09:07:46.669+0000] {processor.py:186} INFO - Started process (PID=1303) to work on /opt/airflow/dags/send_to_minio.py
[2026-04-04T09:07:46.670+0000] {processor.py:914} INFO - Processing file /opt/airflow/dags/send_to_minio.py for tasks to queue
[2026-04-04T09:07:46.672+0000] {logging_mixin.py:190} INFO - [2026-04-04T09:07:46.672+0000] {dagbag.py:588} INFO - Filling up the DagBag from /opt/airflow/dags/send_to_minio.py
[2026-04-04T09:07:46.700+0000] {logging_mixin.py:190} INFO - [2026-04-04T09:07:46.698+0000] {dagbag.py:387} ERROR - Failed to import: /opt/airflow/dags/send_to_minio.py
Traceback (most recent call last):
  File "/home/airflow/.local/lib/python3.12/site-packages/airflow/models/dagbag.py", line 383, in parse
    loader.exec_module(new_module)
  File "<frozen importlib._bootstrap_external>", line 999, in exec_module
  File "<frozen importlib._bootstrap>", line 488, in _call_with_frames_removed
  File "/opt/airflow/dags/send_to_minio.py", line 44, in <module>
    repo_links=get_link();
               ^^^^^^^^^^
  File "/opt/airflow/dags/send_to_minio.py", line 4, in get_link
    repo_links=Variable.get("LINKS",deserialize_json=True)
               ^^^^^^^^^^^^^^^^^^^^^^^^^^^^^^^^^^^^^^^^^^^
  File "/home/airflow/.local/lib/python3.12/site-packages/airflow/models/variable.py", line 145, in get
    raise KeyError(f"Variable {key} does not exist")
KeyError: 'Variable LINKS does not exist'
[2026-04-04T09:07:46.701+0000] {processor.py:927} WARNING - No viable dags retrieved from /opt/airflow/dags/send_to_minio.py
[2026-04-04T09:07:46.713+0000] {processor.py:208} INFO - Processing /opt/airflow/dags/send_to_minio.py took 0.052 seconds
[2026-04-04T09:08:17.361+0000] {processor.py:186} INFO - Started process (PID=1344) to work on /opt/airflow/dags/send_to_minio.py
[2026-04-04T09:08:17.363+0000] {processor.py:914} INFO - Processing file /opt/airflow/dags/send_to_minio.py for tasks to queue
[2026-04-04T09:08:17.365+0000] {logging_mixin.py:190} INFO - [2026-04-04T09:08:17.365+0000] {dagbag.py:588} INFO - Filling up the DagBag from /opt/airflow/dags/send_to_minio.py
[2026-04-04T09:08:17.396+0000] {logging_mixin.py:190} INFO - [2026-04-04T09:08:17.394+0000] {dagbag.py:387} ERROR - Failed to import: /opt/airflow/dags/send_to_minio.py
Traceback (most recent call last):
  File "/home/airflow/.local/lib/python3.12/site-packages/airflow/models/dagbag.py", line 383, in parse
    loader.exec_module(new_module)
  File "<frozen importlib._bootstrap_external>", line 999, in exec_module
  File "<frozen importlib._bootstrap>", line 488, in _call_with_frames_removed
  File "/opt/airflow/dags/send_to_minio.py", line 44, in <module>
    repo_links=get_link();
               ^^^^^^^^^^
  File "/opt/airflow/dags/send_to_minio.py", line 4, in get_link
    repo_links=Variable.get("LINKS",deserialize_json=True)
               ^^^^^^^^^^^^^^^^^^^^^^^^^^^^^^^^^^^^^^^^^^^
  File "/home/airflow/.local/lib/python3.12/site-packages/airflow/models/variable.py", line 145, in get
    raise KeyError(f"Variable {key} does not exist")
KeyError: 'Variable LINKS does not exist'
[2026-04-04T09:08:17.397+0000] {processor.py:927} WARNING - No viable dags retrieved from /opt/airflow/dags/send_to_minio.py
[2026-04-04T09:08:17.412+0000] {processor.py:208} INFO - Processing /opt/airflow/dags/send_to_minio.py took 0.057 seconds
[2026-04-04T09:08:48.108+0000] {processor.py:186} INFO - Started process (PID=1385) to work on /opt/airflow/dags/send_to_minio.py
[2026-04-04T09:08:48.109+0000] {processor.py:914} INFO - Processing file /opt/airflow/dags/send_to_minio.py for tasks to queue
[2026-04-04T09:08:48.111+0000] {logging_mixin.py:190} INFO - [2026-04-04T09:08:48.111+0000] {dagbag.py:588} INFO - Filling up the DagBag from /opt/airflow/dags/send_to_minio.py
[2026-04-04T09:08:48.141+0000] {logging_mixin.py:190} INFO - [2026-04-04T09:08:48.140+0000] {dagbag.py:387} ERROR - Failed to import: /opt/airflow/dags/send_to_minio.py
Traceback (most recent call last):
  File "/home/airflow/.local/lib/python3.12/site-packages/airflow/models/dagbag.py", line 383, in parse
    loader.exec_module(new_module)
  File "<frozen importlib._bootstrap_external>", line 999, in exec_module
  File "<frozen importlib._bootstrap>", line 488, in _call_with_frames_removed
  File "/opt/airflow/dags/send_to_minio.py", line 44, in <module>
    repo_links=get_link();
               ^^^^^^^^^^
  File "/opt/airflow/dags/send_to_minio.py", line 4, in get_link
    repo_links=Variable.get("LINKS",deserialize_json=True)
               ^^^^^^^^^^^^^^^^^^^^^^^^^^^^^^^^^^^^^^^^^^^
  File "/home/airflow/.local/lib/python3.12/site-packages/airflow/models/variable.py", line 145, in get
    raise KeyError(f"Variable {key} does not exist")
KeyError: 'Variable LINKS does not exist'
[2026-04-04T09:08:48.142+0000] {processor.py:927} WARNING - No viable dags retrieved from /opt/airflow/dags/send_to_minio.py
[2026-04-04T09:08:48.153+0000] {processor.py:208} INFO - Processing /opt/airflow/dags/send_to_minio.py took 0.052 seconds
[2026-04-04T09:09:18.806+0000] {processor.py:186} INFO - Started process (PID=1426) to work on /opt/airflow/dags/send_to_minio.py
[2026-04-04T09:09:18.807+0000] {processor.py:914} INFO - Processing file /opt/airflow/dags/send_to_minio.py for tasks to queue
[2026-04-04T09:09:18.809+0000] {logging_mixin.py:190} INFO - [2026-04-04T09:09:18.809+0000] {dagbag.py:588} INFO - Filling up the DagBag from /opt/airflow/dags/send_to_minio.py
[2026-04-04T09:09:18.840+0000] {logging_mixin.py:190} INFO - [2026-04-04T09:09:18.838+0000] {dagbag.py:387} ERROR - Failed to import: /opt/airflow/dags/send_to_minio.py
Traceback (most recent call last):
  File "/home/airflow/.local/lib/python3.12/site-packages/airflow/models/dagbag.py", line 383, in parse
    loader.exec_module(new_module)
  File "<frozen importlib._bootstrap_external>", line 999, in exec_module
  File "<frozen importlib._bootstrap>", line 488, in _call_with_frames_removed
  File "/opt/airflow/dags/send_to_minio.py", line 44, in <module>
    repo_links=get_link();
               ^^^^^^^^^^
  File "/opt/airflow/dags/send_to_minio.py", line 4, in get_link
    repo_links=Variable.get("LINKS",deserialize_json=True)
               ^^^^^^^^^^^^^^^^^^^^^^^^^^^^^^^^^^^^^^^^^^^
  File "/home/airflow/.local/lib/python3.12/site-packages/airflow/models/variable.py", line 145, in get
    raise KeyError(f"Variable {key} does not exist")
KeyError: 'Variable LINKS does not exist'
[2026-04-04T09:09:18.841+0000] {processor.py:927} WARNING - No viable dags retrieved from /opt/airflow/dags/send_to_minio.py
[2026-04-04T09:09:18.855+0000] {processor.py:208} INFO - Processing /opt/airflow/dags/send_to_minio.py took 0.057 seconds
[2026-04-04T09:09:49.598+0000] {processor.py:186} INFO - Started process (PID=1467) to work on /opt/airflow/dags/send_to_minio.py
[2026-04-04T09:09:49.599+0000] {processor.py:914} INFO - Processing file /opt/airflow/dags/send_to_minio.py for tasks to queue
[2026-04-04T09:09:49.602+0000] {logging_mixin.py:190} INFO - [2026-04-04T09:09:49.602+0000] {dagbag.py:588} INFO - Filling up the DagBag from /opt/airflow/dags/send_to_minio.py
[2026-04-04T09:09:49.638+0000] {logging_mixin.py:190} INFO - [2026-04-04T09:09:49.636+0000] {dagbag.py:387} ERROR - Failed to import: /opt/airflow/dags/send_to_minio.py
Traceback (most recent call last):
  File "/home/airflow/.local/lib/python3.12/site-packages/airflow/models/dagbag.py", line 383, in parse
    loader.exec_module(new_module)
  File "<frozen importlib._bootstrap_external>", line 999, in exec_module
  File "<frozen importlib._bootstrap>", line 488, in _call_with_frames_removed
  File "/opt/airflow/dags/send_to_minio.py", line 44, in <module>
    repo_links=get_link();
               ^^^^^^^^^^
  File "/opt/airflow/dags/send_to_minio.py", line 4, in get_link
    repo_links=Variable.get("LINKS",deserialize_json=True)
               ^^^^^^^^^^^^^^^^^^^^^^^^^^^^^^^^^^^^^^^^^^^
  File "/home/airflow/.local/lib/python3.12/site-packages/airflow/models/variable.py", line 145, in get
    raise KeyError(f"Variable {key} does not exist")
KeyError: 'Variable LINKS does not exist'
[2026-04-04T09:09:49.640+0000] {processor.py:927} WARNING - No viable dags retrieved from /opt/airflow/dags/send_to_minio.py
[2026-04-04T09:09:49.657+0000] {processor.py:208} INFO - Processing /opt/airflow/dags/send_to_minio.py took 0.069 seconds
[2026-04-04T09:10:20.591+0000] {processor.py:186} INFO - Started process (PID=1508) to work on /opt/airflow/dags/send_to_minio.py
[2026-04-04T09:10:20.591+0000] {processor.py:914} INFO - Processing file /opt/airflow/dags/send_to_minio.py for tasks to queue
[2026-04-04T09:10:20.595+0000] {logging_mixin.py:190} INFO - [2026-04-04T09:10:20.594+0000] {dagbag.py:588} INFO - Filling up the DagBag from /opt/airflow/dags/send_to_minio.py
[2026-04-04T09:10:20.630+0000] {logging_mixin.py:190} INFO - [2026-04-04T09:10:20.628+0000] {dagbag.py:387} ERROR - Failed to import: /opt/airflow/dags/send_to_minio.py
Traceback (most recent call last):
  File "/home/airflow/.local/lib/python3.12/site-packages/airflow/models/dagbag.py", line 383, in parse
    loader.exec_module(new_module)
  File "<frozen importlib._bootstrap_external>", line 999, in exec_module
  File "<frozen importlib._bootstrap>", line 488, in _call_with_frames_removed
  File "/opt/airflow/dags/send_to_minio.py", line 44, in <module>
    repo_links=get_link();
               ^^^^^^^^^^
  File "/opt/airflow/dags/send_to_minio.py", line 4, in get_link
    repo_links=Variable.get("LINKS",deserialize_json=True)
               ^^^^^^^^^^^^^^^^^^^^^^^^^^^^^^^^^^^^^^^^^^^
  File "/home/airflow/.local/lib/python3.12/site-packages/airflow/models/variable.py", line 145, in get
    raise KeyError(f"Variable {key} does not exist")
KeyError: 'Variable LINKS does not exist'
[2026-04-04T09:10:20.632+0000] {processor.py:927} WARNING - No viable dags retrieved from /opt/airflow/dags/send_to_minio.py
[2026-04-04T09:10:20.648+0000] {processor.py:208} INFO - Processing /opt/airflow/dags/send_to_minio.py took 0.065 seconds
[2026-04-04T09:10:51.334+0000] {processor.py:186} INFO - Started process (PID=1549) to work on /opt/airflow/dags/send_to_minio.py
[2026-04-04T09:10:51.336+0000] {processor.py:914} INFO - Processing file /opt/airflow/dags/send_to_minio.py for tasks to queue
[2026-04-04T09:10:51.338+0000] {logging_mixin.py:190} INFO - [2026-04-04T09:10:51.338+0000] {dagbag.py:588} INFO - Filling up the DagBag from /opt/airflow/dags/send_to_minio.py
[2026-04-04T09:10:51.368+0000] {logging_mixin.py:190} INFO - [2026-04-04T09:10:51.366+0000] {dagbag.py:387} ERROR - Failed to import: /opt/airflow/dags/send_to_minio.py
Traceback (most recent call last):
  File "/home/airflow/.local/lib/python3.12/site-packages/airflow/models/dagbag.py", line 383, in parse
    loader.exec_module(new_module)
  File "<frozen importlib._bootstrap_external>", line 999, in exec_module
  File "<frozen importlib._bootstrap>", line 488, in _call_with_frames_removed
  File "/opt/airflow/dags/send_to_minio.py", line 44, in <module>
    repo_links=get_link();
               ^^^^^^^^^^
  File "/opt/airflow/dags/send_to_minio.py", line 4, in get_link
    repo_links=Variable.get("LINKS",deserialize_json=True)
               ^^^^^^^^^^^^^^^^^^^^^^^^^^^^^^^^^^^^^^^^^^^
  File "/home/airflow/.local/lib/python3.12/site-packages/airflow/models/variable.py", line 145, in get
    raise KeyError(f"Variable {key} does not exist")
KeyError: 'Variable LINKS does not exist'
[2026-04-04T09:10:51.369+0000] {processor.py:927} WARNING - No viable dags retrieved from /opt/airflow/dags/send_to_minio.py
[2026-04-04T09:10:51.381+0000] {processor.py:208} INFO - Processing /opt/airflow/dags/send_to_minio.py took 0.056 seconds
[2026-04-04T09:11:22.099+0000] {processor.py:186} INFO - Started process (PID=1590) to work on /opt/airflow/dags/send_to_minio.py
[2026-04-04T09:11:22.100+0000] {processor.py:914} INFO - Processing file /opt/airflow/dags/send_to_minio.py for tasks to queue
[2026-04-04T09:11:22.103+0000] {logging_mixin.py:190} INFO - [2026-04-04T09:11:22.103+0000] {dagbag.py:588} INFO - Filling up the DagBag from /opt/airflow/dags/send_to_minio.py
[2026-04-04T09:11:22.134+0000] {logging_mixin.py:190} INFO - [2026-04-04T09:11:22.132+0000] {dagbag.py:387} ERROR - Failed to import: /opt/airflow/dags/send_to_minio.py
Traceback (most recent call last):
  File "/home/airflow/.local/lib/python3.12/site-packages/airflow/models/dagbag.py", line 383, in parse
    loader.exec_module(new_module)
  File "<frozen importlib._bootstrap_external>", line 999, in exec_module
  File "<frozen importlib._bootstrap>", line 488, in _call_with_frames_removed
  File "/opt/airflow/dags/send_to_minio.py", line 44, in <module>
    repo_links=get_link();
               ^^^^^^^^^^
  File "/opt/airflow/dags/send_to_minio.py", line 4, in get_link
    repo_links=Variable.get("LINKS",deserialize_json=True)
               ^^^^^^^^^^^^^^^^^^^^^^^^^^^^^^^^^^^^^^^^^^^
  File "/home/airflow/.local/lib/python3.12/site-packages/airflow/models/variable.py", line 145, in get
    raise KeyError(f"Variable {key} does not exist")
KeyError: 'Variable LINKS does not exist'
[2026-04-04T09:11:22.135+0000] {processor.py:927} WARNING - No viable dags retrieved from /opt/airflow/dags/send_to_minio.py
[2026-04-04T09:11:22.148+0000] {processor.py:208} INFO - Processing /opt/airflow/dags/send_to_minio.py took 0.056 seconds
[2026-04-04T09:11:52.828+0000] {processor.py:186} INFO - Started process (PID=1632) to work on /opt/airflow/dags/send_to_minio.py
[2026-04-04T09:11:52.829+0000] {processor.py:914} INFO - Processing file /opt/airflow/dags/send_to_minio.py for tasks to queue
[2026-04-04T09:11:52.832+0000] {logging_mixin.py:190} INFO - [2026-04-04T09:11:52.831+0000] {dagbag.py:588} INFO - Filling up the DagBag from /opt/airflow/dags/send_to_minio.py
[2026-04-04T09:11:52.861+0000] {logging_mixin.py:190} INFO - [2026-04-04T09:11:52.860+0000] {dagbag.py:387} ERROR - Failed to import: /opt/airflow/dags/send_to_minio.py
Traceback (most recent call last):
  File "/home/airflow/.local/lib/python3.12/site-packages/airflow/models/dagbag.py", line 383, in parse
    loader.exec_module(new_module)
  File "<frozen importlib._bootstrap_external>", line 999, in exec_module
  File "<frozen importlib._bootstrap>", line 488, in _call_with_frames_removed
  File "/opt/airflow/dags/send_to_minio.py", line 44, in <module>
    repo_links=get_link();
               ^^^^^^^^^^
  File "/opt/airflow/dags/send_to_minio.py", line 4, in get_link
    repo_links=Variable.get("LINKS",deserialize_json=True)
               ^^^^^^^^^^^^^^^^^^^^^^^^^^^^^^^^^^^^^^^^^^^
  File "/home/airflow/.local/lib/python3.12/site-packages/airflow/models/variable.py", line 145, in get
    raise KeyError(f"Variable {key} does not exist")
KeyError: 'Variable LINKS does not exist'
[2026-04-04T09:11:52.862+0000] {processor.py:927} WARNING - No viable dags retrieved from /opt/airflow/dags/send_to_minio.py
[2026-04-04T09:11:52.875+0000] {processor.py:208} INFO - Processing /opt/airflow/dags/send_to_minio.py took 0.055 seconds
[2026-04-04T09:12:23.598+0000] {processor.py:186} INFO - Started process (PID=1673) to work on /opt/airflow/dags/send_to_minio.py
[2026-04-04T09:12:23.602+0000] {processor.py:914} INFO - Processing file /opt/airflow/dags/send_to_minio.py for tasks to queue
[2026-04-04T09:12:23.604+0000] {logging_mixin.py:190} INFO - [2026-04-04T09:12:23.604+0000] {dagbag.py:588} INFO - Filling up the DagBag from /opt/airflow/dags/send_to_minio.py
[2026-04-04T09:12:23.634+0000] {logging_mixin.py:190} INFO - [2026-04-04T09:12:23.631+0000] {dagbag.py:387} ERROR - Failed to import: /opt/airflow/dags/send_to_minio.py
Traceback (most recent call last):
  File "/home/airflow/.local/lib/python3.12/site-packages/airflow/models/dagbag.py", line 383, in parse
    loader.exec_module(new_module)
  File "<frozen importlib._bootstrap_external>", line 999, in exec_module
  File "<frozen importlib._bootstrap>", line 488, in _call_with_frames_removed
  File "/opt/airflow/dags/send_to_minio.py", line 44, in <module>
    repo_links=get_link();
               ^^^^^^^^^^
  File "/opt/airflow/dags/send_to_minio.py", line 4, in get_link
    repo_links=Variable.get("LINKS",deserialize_json=True)
               ^^^^^^^^^^^^^^^^^^^^^^^^^^^^^^^^^^^^^^^^^^^
  File "/home/airflow/.local/lib/python3.12/site-packages/airflow/models/variable.py", line 145, in get
    raise KeyError(f"Variable {key} does not exist")
KeyError: 'Variable LINKS does not exist'
[2026-04-04T09:12:23.634+0000] {processor.py:927} WARNING - No viable dags retrieved from /opt/airflow/dags/send_to_minio.py
[2026-04-04T09:12:23.647+0000] {processor.py:208} INFO - Processing /opt/airflow/dags/send_to_minio.py took 0.057 seconds
[2026-04-04T09:12:54.315+0000] {processor.py:186} INFO - Started process (PID=1714) to work on /opt/airflow/dags/send_to_minio.py
[2026-04-04T09:12:54.316+0000] {processor.py:914} INFO - Processing file /opt/airflow/dags/send_to_minio.py for tasks to queue
[2026-04-04T09:12:54.319+0000] {logging_mixin.py:190} INFO - [2026-04-04T09:12:54.318+0000] {dagbag.py:588} INFO - Filling up the DagBag from /opt/airflow/dags/send_to_minio.py
[2026-04-04T09:12:54.349+0000] {logging_mixin.py:190} INFO - [2026-04-04T09:12:54.348+0000] {dagbag.py:387} ERROR - Failed to import: /opt/airflow/dags/send_to_minio.py
Traceback (most recent call last):
  File "/home/airflow/.local/lib/python3.12/site-packages/airflow/models/dagbag.py", line 383, in parse
    loader.exec_module(new_module)
  File "<frozen importlib._bootstrap_external>", line 999, in exec_module
  File "<frozen importlib._bootstrap>", line 488, in _call_with_frames_removed
  File "/opt/airflow/dags/send_to_minio.py", line 44, in <module>
    repo_links=get_link();
               ^^^^^^^^^^
  File "/opt/airflow/dags/send_to_minio.py", line 4, in get_link
    repo_links=Variable.get("LINKS",deserialize_json=True)
               ^^^^^^^^^^^^^^^^^^^^^^^^^^^^^^^^^^^^^^^^^^^
  File "/home/airflow/.local/lib/python3.12/site-packages/airflow/models/variable.py", line 145, in get
    raise KeyError(f"Variable {key} does not exist")
KeyError: 'Variable LINKS does not exist'
[2026-04-04T09:12:54.351+0000] {processor.py:927} WARNING - No viable dags retrieved from /opt/airflow/dags/send_to_minio.py
[2026-04-04T09:12:54.365+0000] {processor.py:208} INFO - Processing /opt/airflow/dags/send_to_minio.py took 0.056 seconds
[2026-04-04T09:13:25.104+0000] {processor.py:186} INFO - Started process (PID=1755) to work on /opt/airflow/dags/send_to_minio.py
[2026-04-04T09:13:25.104+0000] {processor.py:914} INFO - Processing file /opt/airflow/dags/send_to_minio.py for tasks to queue
[2026-04-04T09:13:25.106+0000] {logging_mixin.py:190} INFO - [2026-04-04T09:13:25.106+0000] {dagbag.py:588} INFO - Filling up the DagBag from /opt/airflow/dags/send_to_minio.py
[2026-04-04T09:13:25.133+0000] {logging_mixin.py:190} INFO - [2026-04-04T09:13:25.132+0000] {dagbag.py:387} ERROR - Failed to import: /opt/airflow/dags/send_to_minio.py
Traceback (most recent call last):
  File "/home/airflow/.local/lib/python3.12/site-packages/airflow/models/dagbag.py", line 383, in parse
    loader.exec_module(new_module)
  File "<frozen importlib._bootstrap_external>", line 999, in exec_module
  File "<frozen importlib._bootstrap>", line 488, in _call_with_frames_removed
  File "/opt/airflow/dags/send_to_minio.py", line 44, in <module>
    repo_links=get_link();
               ^^^^^^^^^^
  File "/opt/airflow/dags/send_to_minio.py", line 4, in get_link
    repo_links=Variable.get("LINKS",deserialize_json=True)
               ^^^^^^^^^^^^^^^^^^^^^^^^^^^^^^^^^^^^^^^^^^^
  File "/home/airflow/.local/lib/python3.12/site-packages/airflow/models/variable.py", line 145, in get
    raise KeyError(f"Variable {key} does not exist")
KeyError: 'Variable LINKS does not exist'
[2026-04-04T09:13:25.134+0000] {processor.py:927} WARNING - No viable dags retrieved from /opt/airflow/dags/send_to_minio.py
[2026-04-04T09:13:25.147+0000] {processor.py:208} INFO - Processing /opt/airflow/dags/send_to_minio.py took 0.049 seconds
[2026-04-04T09:13:55.884+0000] {processor.py:186} INFO - Started process (PID=1796) to work on /opt/airflow/dags/send_to_minio.py
[2026-04-04T09:13:55.885+0000] {processor.py:914} INFO - Processing file /opt/airflow/dags/send_to_minio.py for tasks to queue
[2026-04-04T09:13:55.888+0000] {logging_mixin.py:190} INFO - [2026-04-04T09:13:55.888+0000] {dagbag.py:588} INFO - Filling up the DagBag from /opt/airflow/dags/send_to_minio.py
[2026-04-04T09:13:55.914+0000] {logging_mixin.py:190} INFO - [2026-04-04T09:13:55.912+0000] {dagbag.py:387} ERROR - Failed to import: /opt/airflow/dags/send_to_minio.py
Traceback (most recent call last):
  File "/home/airflow/.local/lib/python3.12/site-packages/airflow/models/dagbag.py", line 383, in parse
    loader.exec_module(new_module)
  File "<frozen importlib._bootstrap_external>", line 999, in exec_module
  File "<frozen importlib._bootstrap>", line 488, in _call_with_frames_removed
  File "/opt/airflow/dags/send_to_minio.py", line 44, in <module>
    repo_links=get_link();
               ^^^^^^^^^^
  File "/opt/airflow/dags/send_to_minio.py", line 4, in get_link
    repo_links=Variable.get("LINKS",deserialize_json=True)
               ^^^^^^^^^^^^^^^^^^^^^^^^^^^^^^^^^^^^^^^^^^^
  File "/home/airflow/.local/lib/python3.12/site-packages/airflow/models/variable.py", line 145, in get
    raise KeyError(f"Variable {key} does not exist")
KeyError: 'Variable LINKS does not exist'
[2026-04-04T09:13:55.915+0000] {processor.py:927} WARNING - No viable dags retrieved from /opt/airflow/dags/send_to_minio.py
[2026-04-04T09:13:55.926+0000] {processor.py:208} INFO - Processing /opt/airflow/dags/send_to_minio.py took 0.049 seconds
[2026-04-04T09:14:26.637+0000] {processor.py:186} INFO - Started process (PID=1837) to work on /opt/airflow/dags/send_to_minio.py
[2026-04-04T09:14:26.638+0000] {processor.py:914} INFO - Processing file /opt/airflow/dags/send_to_minio.py for tasks to queue
[2026-04-04T09:14:26.641+0000] {logging_mixin.py:190} INFO - [2026-04-04T09:14:26.640+0000] {dagbag.py:588} INFO - Filling up the DagBag from /opt/airflow/dags/send_to_minio.py
[2026-04-04T09:14:26.671+0000] {logging_mixin.py:190} INFO - [2026-04-04T09:14:26.669+0000] {dagbag.py:387} ERROR - Failed to import: /opt/airflow/dags/send_to_minio.py
Traceback (most recent call last):
  File "/home/airflow/.local/lib/python3.12/site-packages/airflow/models/dagbag.py", line 383, in parse
    loader.exec_module(new_module)
  File "<frozen importlib._bootstrap_external>", line 999, in exec_module
  File "<frozen importlib._bootstrap>", line 488, in _call_with_frames_removed
  File "/opt/airflow/dags/send_to_minio.py", line 44, in <module>
    repo_links=get_link();
               ^^^^^^^^^^
  File "/opt/airflow/dags/send_to_minio.py", line 4, in get_link
    repo_links=Variable.get("LINKS",deserialize_json=True)
               ^^^^^^^^^^^^^^^^^^^^^^^^^^^^^^^^^^^^^^^^^^^
  File "/home/airflow/.local/lib/python3.12/site-packages/airflow/models/variable.py", line 145, in get
    raise KeyError(f"Variable {key} does not exist")
KeyError: 'Variable LINKS does not exist'
[2026-04-04T09:14:26.672+0000] {processor.py:927} WARNING - No viable dags retrieved from /opt/airflow/dags/send_to_minio.py
[2026-04-04T09:14:26.685+0000] {processor.py:208} INFO - Processing /opt/airflow/dags/send_to_minio.py took 0.056 seconds
[2026-04-04T09:14:57.255+0000] {processor.py:186} INFO - Started process (PID=1878) to work on /opt/airflow/dags/send_to_minio.py
[2026-04-04T09:14:57.256+0000] {processor.py:914} INFO - Processing file /opt/airflow/dags/send_to_minio.py for tasks to queue
[2026-04-04T09:14:57.258+0000] {logging_mixin.py:190} INFO - [2026-04-04T09:14:57.258+0000] {dagbag.py:588} INFO - Filling up the DagBag from /opt/airflow/dags/send_to_minio.py
[2026-04-04T09:14:57.289+0000] {logging_mixin.py:190} INFO - [2026-04-04T09:14:57.287+0000] {dagbag.py:387} ERROR - Failed to import: /opt/airflow/dags/send_to_minio.py
Traceback (most recent call last):
  File "/home/airflow/.local/lib/python3.12/site-packages/airflow/models/dagbag.py", line 383, in parse
    loader.exec_module(new_module)
  File "<frozen importlib._bootstrap_external>", line 999, in exec_module
  File "<frozen importlib._bootstrap>", line 488, in _call_with_frames_removed
  File "/opt/airflow/dags/send_to_minio.py", line 44, in <module>
    repo_links=get_link();
               ^^^^^^^^^^
  File "/opt/airflow/dags/send_to_minio.py", line 4, in get_link
    repo_links=Variable.get("LINKS",deserialize_json=True)
               ^^^^^^^^^^^^^^^^^^^^^^^^^^^^^^^^^^^^^^^^^^^
  File "/home/airflow/.local/lib/python3.12/site-packages/airflow/models/variable.py", line 145, in get
    raise KeyError(f"Variable {key} does not exist")
KeyError: 'Variable LINKS does not exist'
[2026-04-04T09:14:57.290+0000] {processor.py:927} WARNING - No viable dags retrieved from /opt/airflow/dags/send_to_minio.py
[2026-04-04T09:14:57.304+0000] {processor.py:208} INFO - Processing /opt/airflow/dags/send_to_minio.py took 0.057 seconds
[2026-04-04T09:15:27.905+0000] {processor.py:186} INFO - Started process (PID=1919) to work on /opt/airflow/dags/send_to_minio.py
[2026-04-04T09:15:27.906+0000] {processor.py:914} INFO - Processing file /opt/airflow/dags/send_to_minio.py for tasks to queue
[2026-04-04T09:15:27.909+0000] {logging_mixin.py:190} INFO - [2026-04-04T09:15:27.908+0000] {dagbag.py:588} INFO - Filling up the DagBag from /opt/airflow/dags/send_to_minio.py
[2026-04-04T09:15:27.941+0000] {logging_mixin.py:190} INFO - [2026-04-04T09:15:27.940+0000] {dagbag.py:387} ERROR - Failed to import: /opt/airflow/dags/send_to_minio.py
Traceback (most recent call last):
  File "/home/airflow/.local/lib/python3.12/site-packages/airflow/models/dagbag.py", line 383, in parse
    loader.exec_module(new_module)
  File "<frozen importlib._bootstrap_external>", line 999, in exec_module
  File "<frozen importlib._bootstrap>", line 488, in _call_with_frames_removed
  File "/opt/airflow/dags/send_to_minio.py", line 44, in <module>
    repo_links=get_link();
               ^^^^^^^^^^
  File "/opt/airflow/dags/send_to_minio.py", line 4, in get_link
    repo_links=Variable.get("LINKS",deserialize_json=True)
               ^^^^^^^^^^^^^^^^^^^^^^^^^^^^^^^^^^^^^^^^^^^
  File "/home/airflow/.local/lib/python3.12/site-packages/airflow/models/variable.py", line 145, in get
    raise KeyError(f"Variable {key} does not exist")
KeyError: 'Variable LINKS does not exist'
[2026-04-04T09:15:27.942+0000] {processor.py:927} WARNING - No viable dags retrieved from /opt/airflow/dags/send_to_minio.py
[2026-04-04T09:15:27.954+0000] {processor.py:208} INFO - Processing /opt/airflow/dags/send_to_minio.py took 0.058 seconds
[2026-04-04T09:15:58.527+0000] {processor.py:186} INFO - Started process (PID=1960) to work on /opt/airflow/dags/send_to_minio.py
[2026-04-04T09:15:58.528+0000] {processor.py:914} INFO - Processing file /opt/airflow/dags/send_to_minio.py for tasks to queue
[2026-04-04T09:15:58.531+0000] {logging_mixin.py:190} INFO - [2026-04-04T09:15:58.531+0000] {dagbag.py:588} INFO - Filling up the DagBag from /opt/airflow/dags/send_to_minio.py
[2026-04-04T09:15:58.564+0000] {logging_mixin.py:190} INFO - [2026-04-04T09:15:58.561+0000] {dagbag.py:387} ERROR - Failed to import: /opt/airflow/dags/send_to_minio.py
Traceback (most recent call last):
  File "/home/airflow/.local/lib/python3.12/site-packages/airflow/models/dagbag.py", line 383, in parse
    loader.exec_module(new_module)
  File "<frozen importlib._bootstrap_external>", line 999, in exec_module
  File "<frozen importlib._bootstrap>", line 488, in _call_with_frames_removed
  File "/opt/airflow/dags/send_to_minio.py", line 44, in <module>
    repo_links=get_link();
               ^^^^^^^^^^
  File "/opt/airflow/dags/send_to_minio.py", line 4, in get_link
    repo_links=Variable.get("LINKS",deserialize_json=True)
               ^^^^^^^^^^^^^^^^^^^^^^^^^^^^^^^^^^^^^^^^^^^
  File "/home/airflow/.local/lib/python3.12/site-packages/airflow/models/variable.py", line 145, in get
    raise KeyError(f"Variable {key} does not exist")
KeyError: 'Variable LINKS does not exist'
[2026-04-04T09:15:58.565+0000] {processor.py:927} WARNING - No viable dags retrieved from /opt/airflow/dags/send_to_minio.py
[2026-04-04T09:15:58.581+0000] {processor.py:208} INFO - Processing /opt/airflow/dags/send_to_minio.py took 0.060 seconds
[2026-04-04T09:16:29.126+0000] {processor.py:186} INFO - Started process (PID=2001) to work on /opt/airflow/dags/send_to_minio.py
[2026-04-04T09:16:29.127+0000] {processor.py:914} INFO - Processing file /opt/airflow/dags/send_to_minio.py for tasks to queue
[2026-04-04T09:16:29.131+0000] {logging_mixin.py:190} INFO - [2026-04-04T09:16:29.130+0000] {dagbag.py:588} INFO - Filling up the DagBag from /opt/airflow/dags/send_to_minio.py
[2026-04-04T09:16:29.166+0000] {logging_mixin.py:190} INFO - [2026-04-04T09:16:29.163+0000] {dagbag.py:387} ERROR - Failed to import: /opt/airflow/dags/send_to_minio.py
Traceback (most recent call last):
  File "/home/airflow/.local/lib/python3.12/site-packages/airflow/models/dagbag.py", line 383, in parse
    loader.exec_module(new_module)
  File "<frozen importlib._bootstrap_external>", line 999, in exec_module
  File "<frozen importlib._bootstrap>", line 488, in _call_with_frames_removed
  File "/opt/airflow/dags/send_to_minio.py", line 44, in <module>
    repo_links=get_link();
               ^^^^^^^^^^
  File "/opt/airflow/dags/send_to_minio.py", line 4, in get_link
    repo_links=Variable.get("LINKS",deserialize_json=True)
               ^^^^^^^^^^^^^^^^^^^^^^^^^^^^^^^^^^^^^^^^^^^
  File "/home/airflow/.local/lib/python3.12/site-packages/airflow/models/variable.py", line 145, in get
    raise KeyError(f"Variable {key} does not exist")
KeyError: 'Variable LINKS does not exist'
[2026-04-04T09:16:29.167+0000] {processor.py:927} WARNING - No viable dags retrieved from /opt/airflow/dags/send_to_minio.py
[2026-04-04T09:16:29.183+0000] {processor.py:208} INFO - Processing /opt/airflow/dags/send_to_minio.py took 0.065 seconds
[2026-04-04T09:16:59.904+0000] {processor.py:186} INFO - Started process (PID=2042) to work on /opt/airflow/dags/send_to_minio.py
[2026-04-04T09:16:59.905+0000] {processor.py:914} INFO - Processing file /opt/airflow/dags/send_to_minio.py for tasks to queue
[2026-04-04T09:16:59.908+0000] {logging_mixin.py:190} INFO - [2026-04-04T09:16:59.908+0000] {dagbag.py:588} INFO - Filling up the DagBag from /opt/airflow/dags/send_to_minio.py
[2026-04-04T09:16:59.941+0000] {logging_mixin.py:190} INFO - [2026-04-04T09:16:59.939+0000] {dagbag.py:387} ERROR - Failed to import: /opt/airflow/dags/send_to_minio.py
Traceback (most recent call last):
  File "/home/airflow/.local/lib/python3.12/site-packages/airflow/models/dagbag.py", line 383, in parse
    loader.exec_module(new_module)
  File "<frozen importlib._bootstrap_external>", line 999, in exec_module
  File "<frozen importlib._bootstrap>", line 488, in _call_with_frames_removed
  File "/opt/airflow/dags/send_to_minio.py", line 44, in <module>
    repo_links=get_link();
               ^^^^^^^^^^
  File "/opt/airflow/dags/send_to_minio.py", line 4, in get_link
    repo_links=Variable.get("LINKS",deserialize_json=True)
               ^^^^^^^^^^^^^^^^^^^^^^^^^^^^^^^^^^^^^^^^^^^
  File "/home/airflow/.local/lib/python3.12/site-packages/airflow/models/variable.py", line 145, in get
    raise KeyError(f"Variable {key} does not exist")
KeyError: 'Variable LINKS does not exist'
[2026-04-04T09:16:59.942+0000] {processor.py:927} WARNING - No viable dags retrieved from /opt/airflow/dags/send_to_minio.py
[2026-04-04T09:16:59.957+0000] {processor.py:208} INFO - Processing /opt/airflow/dags/send_to_minio.py took 0.061 seconds
[2026-04-04T09:17:30.654+0000] {processor.py:186} INFO - Started process (PID=2083) to work on /opt/airflow/dags/send_to_minio.py
[2026-04-04T09:17:30.655+0000] {processor.py:914} INFO - Processing file /opt/airflow/dags/send_to_minio.py for tasks to queue
[2026-04-04T09:17:30.657+0000] {logging_mixin.py:190} INFO - [2026-04-04T09:17:30.657+0000] {dagbag.py:588} INFO - Filling up the DagBag from /opt/airflow/dags/send_to_minio.py
[2026-04-04T09:17:30.687+0000] {logging_mixin.py:190} INFO - [2026-04-04T09:17:30.686+0000] {dagbag.py:387} ERROR - Failed to import: /opt/airflow/dags/send_to_minio.py
Traceback (most recent call last):
  File "/home/airflow/.local/lib/python3.12/site-packages/airflow/models/dagbag.py", line 383, in parse
    loader.exec_module(new_module)
  File "<frozen importlib._bootstrap_external>", line 999, in exec_module
  File "<frozen importlib._bootstrap>", line 488, in _call_with_frames_removed
  File "/opt/airflow/dags/send_to_minio.py", line 44, in <module>
    repo_links=get_link();
               ^^^^^^^^^^
  File "/opt/airflow/dags/send_to_minio.py", line 4, in get_link
    repo_links=Variable.get("LINKS",deserialize_json=True)
               ^^^^^^^^^^^^^^^^^^^^^^^^^^^^^^^^^^^^^^^^^^^
  File "/home/airflow/.local/lib/python3.12/site-packages/airflow/models/variable.py", line 145, in get
    raise KeyError(f"Variable {key} does not exist")
KeyError: 'Variable LINKS does not exist'
[2026-04-04T09:17:30.689+0000] {processor.py:927} WARNING - No viable dags retrieved from /opt/airflow/dags/send_to_minio.py
[2026-04-04T09:17:30.701+0000] {processor.py:208} INFO - Processing /opt/airflow/dags/send_to_minio.py took 0.055 seconds
[2026-04-04T09:18:01.398+0000] {processor.py:186} INFO - Started process (PID=2124) to work on /opt/airflow/dags/send_to_minio.py
[2026-04-04T09:18:01.399+0000] {processor.py:914} INFO - Processing file /opt/airflow/dags/send_to_minio.py for tasks to queue
[2026-04-04T09:18:01.402+0000] {logging_mixin.py:190} INFO - [2026-04-04T09:18:01.401+0000] {dagbag.py:588} INFO - Filling up the DagBag from /opt/airflow/dags/send_to_minio.py
[2026-04-04T09:18:01.436+0000] {logging_mixin.py:190} INFO - [2026-04-04T09:18:01.434+0000] {dagbag.py:387} ERROR - Failed to import: /opt/airflow/dags/send_to_minio.py
Traceback (most recent call last):
  File "/home/airflow/.local/lib/python3.12/site-packages/airflow/models/dagbag.py", line 383, in parse
    loader.exec_module(new_module)
  File "<frozen importlib._bootstrap_external>", line 999, in exec_module
  File "<frozen importlib._bootstrap>", line 488, in _call_with_frames_removed
  File "/opt/airflow/dags/send_to_minio.py", line 44, in <module>
    repo_links=get_link();
               ^^^^^^^^^^
  File "/opt/airflow/dags/send_to_minio.py", line 4, in get_link
    repo_links=Variable.get("LINKS",deserialize_json=True)
               ^^^^^^^^^^^^^^^^^^^^^^^^^^^^^^^^^^^^^^^^^^^
  File "/home/airflow/.local/lib/python3.12/site-packages/airflow/models/variable.py", line 145, in get
    raise KeyError(f"Variable {key} does not exist")
KeyError: 'Variable LINKS does not exist'
[2026-04-04T09:18:01.437+0000] {processor.py:927} WARNING - No viable dags retrieved from /opt/airflow/dags/send_to_minio.py
[2026-04-04T09:18:01.452+0000] {processor.py:208} INFO - Processing /opt/airflow/dags/send_to_minio.py took 0.064 seconds
[2026-04-04T09:18:32.159+0000] {processor.py:186} INFO - Started process (PID=2165) to work on /opt/airflow/dags/send_to_minio.py
[2026-04-04T09:18:32.160+0000] {processor.py:914} INFO - Processing file /opt/airflow/dags/send_to_minio.py for tasks to queue
[2026-04-04T09:18:32.163+0000] {logging_mixin.py:190} INFO - [2026-04-04T09:18:32.162+0000] {dagbag.py:588} INFO - Filling up the DagBag from /opt/airflow/dags/send_to_minio.py
[2026-04-04T09:18:32.190+0000] {logging_mixin.py:190} INFO - [2026-04-04T09:18:32.188+0000] {dagbag.py:387} ERROR - Failed to import: /opt/airflow/dags/send_to_minio.py
Traceback (most recent call last):
  File "/home/airflow/.local/lib/python3.12/site-packages/airflow/models/dagbag.py", line 383, in parse
    loader.exec_module(new_module)
  File "<frozen importlib._bootstrap_external>", line 999, in exec_module
  File "<frozen importlib._bootstrap>", line 488, in _call_with_frames_removed
  File "/opt/airflow/dags/send_to_minio.py", line 44, in <module>
    repo_links=get_link();
               ^^^^^^^^^^
  File "/opt/airflow/dags/send_to_minio.py", line 4, in get_link
    repo_links=Variable.get("LINKS",deserialize_json=True)
               ^^^^^^^^^^^^^^^^^^^^^^^^^^^^^^^^^^^^^^^^^^^
  File "/home/airflow/.local/lib/python3.12/site-packages/airflow/models/variable.py", line 145, in get
    raise KeyError(f"Variable {key} does not exist")
KeyError: 'Variable LINKS does not exist'
[2026-04-04T09:18:32.191+0000] {processor.py:927} WARNING - No viable dags retrieved from /opt/airflow/dags/send_to_minio.py
[2026-04-04T09:18:32.204+0000] {processor.py:208} INFO - Processing /opt/airflow/dags/send_to_minio.py took 0.053 seconds
[2026-04-04T09:19:02.920+0000] {processor.py:186} INFO - Started process (PID=2206) to work on /opt/airflow/dags/send_to_minio.py
[2026-04-04T09:19:02.921+0000] {processor.py:914} INFO - Processing file /opt/airflow/dags/send_to_minio.py for tasks to queue
[2026-04-04T09:19:02.923+0000] {logging_mixin.py:190} INFO - [2026-04-04T09:19:02.923+0000] {dagbag.py:588} INFO - Filling up the DagBag from /opt/airflow/dags/send_to_minio.py
[2026-04-04T09:19:02.951+0000] {logging_mixin.py:190} INFO - [2026-04-04T09:19:02.949+0000] {dagbag.py:387} ERROR - Failed to import: /opt/airflow/dags/send_to_minio.py
Traceback (most recent call last):
  File "/home/airflow/.local/lib/python3.12/site-packages/airflow/models/dagbag.py", line 383, in parse
    loader.exec_module(new_module)
  File "<frozen importlib._bootstrap_external>", line 999, in exec_module
  File "<frozen importlib._bootstrap>", line 488, in _call_with_frames_removed
  File "/opt/airflow/dags/send_to_minio.py", line 44, in <module>
    repo_links=get_link();
               ^^^^^^^^^^
  File "/opt/airflow/dags/send_to_minio.py", line 4, in get_link
    repo_links=Variable.get("LINKS",deserialize_json=True)
               ^^^^^^^^^^^^^^^^^^^^^^^^^^^^^^^^^^^^^^^^^^^
  File "/home/airflow/.local/lib/python3.12/site-packages/airflow/models/variable.py", line 145, in get
    raise KeyError(f"Variable {key} does not exist")
KeyError: 'Variable LINKS does not exist'
[2026-04-04T09:19:02.952+0000] {processor.py:927} WARNING - No viable dags retrieved from /opt/airflow/dags/send_to_minio.py
[2026-04-04T09:19:02.965+0000] {processor.py:208} INFO - Processing /opt/airflow/dags/send_to_minio.py took 0.051 seconds
[2026-04-04T09:19:33.684+0000] {processor.py:186} INFO - Started process (PID=2247) to work on /opt/airflow/dags/send_to_minio.py
[2026-04-04T09:19:33.685+0000] {processor.py:914} INFO - Processing file /opt/airflow/dags/send_to_minio.py for tasks to queue
[2026-04-04T09:19:33.687+0000] {logging_mixin.py:190} INFO - [2026-04-04T09:19:33.687+0000] {dagbag.py:588} INFO - Filling up the DagBag from /opt/airflow/dags/send_to_minio.py
[2026-04-04T09:19:33.714+0000] {logging_mixin.py:190} INFO - [2026-04-04T09:19:33.712+0000] {dagbag.py:387} ERROR - Failed to import: /opt/airflow/dags/send_to_minio.py
Traceback (most recent call last):
  File "/home/airflow/.local/lib/python3.12/site-packages/airflow/models/dagbag.py", line 383, in parse
    loader.exec_module(new_module)
  File "<frozen importlib._bootstrap_external>", line 999, in exec_module
  File "<frozen importlib._bootstrap>", line 488, in _call_with_frames_removed
  File "/opt/airflow/dags/send_to_minio.py", line 44, in <module>
    repo_links=get_link();
               ^^^^^^^^^^
  File "/opt/airflow/dags/send_to_minio.py", line 4, in get_link
    repo_links=Variable.get("LINKS",deserialize_json=True)
               ^^^^^^^^^^^^^^^^^^^^^^^^^^^^^^^^^^^^^^^^^^^
  File "/home/airflow/.local/lib/python3.12/site-packages/airflow/models/variable.py", line 145, in get
    raise KeyError(f"Variable {key} does not exist")
KeyError: 'Variable LINKS does not exist'
[2026-04-04T09:19:33.715+0000] {processor.py:927} WARNING - No viable dags retrieved from /opt/airflow/dags/send_to_minio.py
[2026-04-04T09:19:33.728+0000] {processor.py:208} INFO - Processing /opt/airflow/dags/send_to_minio.py took 0.052 seconds
[2026-04-04T09:20:04.440+0000] {processor.py:186} INFO - Started process (PID=2288) to work on /opt/airflow/dags/send_to_minio.py
[2026-04-04T09:20:04.441+0000] {processor.py:914} INFO - Processing file /opt/airflow/dags/send_to_minio.py for tasks to queue
[2026-04-04T09:20:04.443+0000] {logging_mixin.py:190} INFO - [2026-04-04T09:20:04.443+0000] {dagbag.py:588} INFO - Filling up the DagBag from /opt/airflow/dags/send_to_minio.py
[2026-04-04T09:20:04.469+0000] {logging_mixin.py:190} INFO - [2026-04-04T09:20:04.467+0000] {dagbag.py:387} ERROR - Failed to import: /opt/airflow/dags/send_to_minio.py
Traceback (most recent call last):
  File "/home/airflow/.local/lib/python3.12/site-packages/airflow/models/dagbag.py", line 383, in parse
    loader.exec_module(new_module)
  File "<frozen importlib._bootstrap_external>", line 999, in exec_module
  File "<frozen importlib._bootstrap>", line 488, in _call_with_frames_removed
  File "/opt/airflow/dags/send_to_minio.py", line 44, in <module>
    repo_links=get_link();
               ^^^^^^^^^^
  File "/opt/airflow/dags/send_to_minio.py", line 4, in get_link
    repo_links=Variable.get("LINKS",deserialize_json=True)
               ^^^^^^^^^^^^^^^^^^^^^^^^^^^^^^^^^^^^^^^^^^^
  File "/home/airflow/.local/lib/python3.12/site-packages/airflow/models/variable.py", line 145, in get
    raise KeyError(f"Variable {key} does not exist")
KeyError: 'Variable LINKS does not exist'
[2026-04-04T09:20:04.469+0000] {processor.py:927} WARNING - No viable dags retrieved from /opt/airflow/dags/send_to_minio.py
[2026-04-04T09:20:04.480+0000] {processor.py:208} INFO - Processing /opt/airflow/dags/send_to_minio.py took 0.047 seconds
[2026-04-04T09:20:35.192+0000] {processor.py:186} INFO - Started process (PID=2329) to work on /opt/airflow/dags/send_to_minio.py
[2026-04-04T09:20:35.193+0000] {processor.py:914} INFO - Processing file /opt/airflow/dags/send_to_minio.py for tasks to queue
[2026-04-04T09:20:35.196+0000] {logging_mixin.py:190} INFO - [2026-04-04T09:20:35.195+0000] {dagbag.py:588} INFO - Filling up the DagBag from /opt/airflow/dags/send_to_minio.py
[2026-04-04T09:20:35.227+0000] {logging_mixin.py:190} INFO - [2026-04-04T09:20:35.225+0000] {dagbag.py:387} ERROR - Failed to import: /opt/airflow/dags/send_to_minio.py
Traceback (most recent call last):
  File "/home/airflow/.local/lib/python3.12/site-packages/airflow/models/dagbag.py", line 383, in parse
    loader.exec_module(new_module)
  File "<frozen importlib._bootstrap_external>", line 999, in exec_module
  File "<frozen importlib._bootstrap>", line 488, in _call_with_frames_removed
  File "/opt/airflow/dags/send_to_minio.py", line 44, in <module>
    repo_links=get_link();
               ^^^^^^^^^^
  File "/opt/airflow/dags/send_to_minio.py", line 4, in get_link
    repo_links=Variable.get("LINKS",deserialize_json=True)
               ^^^^^^^^^^^^^^^^^^^^^^^^^^^^^^^^^^^^^^^^^^^
  File "/home/airflow/.local/lib/python3.12/site-packages/airflow/models/variable.py", line 145, in get
    raise KeyError(f"Variable {key} does not exist")
KeyError: 'Variable LINKS does not exist'
[2026-04-04T09:20:35.228+0000] {processor.py:927} WARNING - No viable dags retrieved from /opt/airflow/dags/send_to_minio.py
[2026-04-04T09:20:35.241+0000] {processor.py:208} INFO - Processing /opt/airflow/dags/send_to_minio.py took 0.056 seconds
[2026-04-04T09:21:05.951+0000] {processor.py:186} INFO - Started process (PID=2370) to work on /opt/airflow/dags/send_to_minio.py
[2026-04-04T09:21:05.952+0000] {processor.py:914} INFO - Processing file /opt/airflow/dags/send_to_minio.py for tasks to queue
[2026-04-04T09:21:05.955+0000] {logging_mixin.py:190} INFO - [2026-04-04T09:21:05.954+0000] {dagbag.py:588} INFO - Filling up the DagBag from /opt/airflow/dags/send_to_minio.py
[2026-04-04T09:21:05.982+0000] {logging_mixin.py:190} INFO - [2026-04-04T09:21:05.980+0000] {dagbag.py:387} ERROR - Failed to import: /opt/airflow/dags/send_to_minio.py
Traceback (most recent call last):
  File "/home/airflow/.local/lib/python3.12/site-packages/airflow/models/dagbag.py", line 383, in parse
    loader.exec_module(new_module)
  File "<frozen importlib._bootstrap_external>", line 999, in exec_module
  File "<frozen importlib._bootstrap>", line 488, in _call_with_frames_removed
  File "/opt/airflow/dags/send_to_minio.py", line 44, in <module>
    repo_links=get_link();
               ^^^^^^^^^^
  File "/opt/airflow/dags/send_to_minio.py", line 4, in get_link
    repo_links=Variable.get("LINKS",deserialize_json=True)
               ^^^^^^^^^^^^^^^^^^^^^^^^^^^^^^^^^^^^^^^^^^^
  File "/home/airflow/.local/lib/python3.12/site-packages/airflow/models/variable.py", line 145, in get
    raise KeyError(f"Variable {key} does not exist")
KeyError: 'Variable LINKS does not exist'
[2026-04-04T09:21:05.983+0000] {processor.py:927} WARNING - No viable dags retrieved from /opt/airflow/dags/send_to_minio.py
[2026-04-04T09:21:05.997+0000] {processor.py:208} INFO - Processing /opt/airflow/dags/send_to_minio.py took 0.053 seconds
[2026-04-04T09:21:36.600+0000] {processor.py:186} INFO - Started process (PID=2417) to work on /opt/airflow/dags/send_to_minio.py
[2026-04-04T09:21:36.600+0000] {processor.py:914} INFO - Processing file /opt/airflow/dags/send_to_minio.py for tasks to queue
[2026-04-04T09:21:36.603+0000] {logging_mixin.py:190} INFO - [2026-04-04T09:21:36.602+0000] {dagbag.py:588} INFO - Filling up the DagBag from /opt/airflow/dags/send_to_minio.py
[2026-04-04T09:21:36.630+0000] {logging_mixin.py:190} INFO - [2026-04-04T09:21:36.628+0000] {dagbag.py:387} ERROR - Failed to import: /opt/airflow/dags/send_to_minio.py
Traceback (most recent call last):
  File "/home/airflow/.local/lib/python3.12/site-packages/airflow/models/dagbag.py", line 383, in parse
    loader.exec_module(new_module)
  File "<frozen importlib._bootstrap_external>", line 999, in exec_module
  File "<frozen importlib._bootstrap>", line 488, in _call_with_frames_removed
  File "/opt/airflow/dags/send_to_minio.py", line 44, in <module>
    repo_links=get_link();
               ^^^^^^^^^^
  File "/opt/airflow/dags/send_to_minio.py", line 4, in get_link
    repo_links=Variable.get("LINKS",deserialize_json=True)
               ^^^^^^^^^^^^^^^^^^^^^^^^^^^^^^^^^^^^^^^^^^^
  File "/home/airflow/.local/lib/python3.12/site-packages/airflow/models/variable.py", line 145, in get
    raise KeyError(f"Variable {key} does not exist")
KeyError: 'Variable LINKS does not exist'
[2026-04-04T09:21:36.631+0000] {processor.py:927} WARNING - No viable dags retrieved from /opt/airflow/dags/send_to_minio.py
[2026-04-04T09:21:36.645+0000] {processor.py:208} INFO - Processing /opt/airflow/dags/send_to_minio.py took 0.052 seconds
[2026-04-04T09:22:07.301+0000] {processor.py:186} INFO - Started process (PID=2458) to work on /opt/airflow/dags/send_to_minio.py
[2026-04-04T09:22:07.302+0000] {processor.py:914} INFO - Processing file /opt/airflow/dags/send_to_minio.py for tasks to queue
[2026-04-04T09:22:07.304+0000] {logging_mixin.py:190} INFO - [2026-04-04T09:22:07.304+0000] {dagbag.py:588} INFO - Filling up the DagBag from /opt/airflow/dags/send_to_minio.py
[2026-04-04T09:22:07.333+0000] {logging_mixin.py:190} INFO - [2026-04-04T09:22:07.331+0000] {dagbag.py:387} ERROR - Failed to import: /opt/airflow/dags/send_to_minio.py
Traceback (most recent call last):
  File "/home/airflow/.local/lib/python3.12/site-packages/airflow/models/dagbag.py", line 383, in parse
    loader.exec_module(new_module)
  File "<frozen importlib._bootstrap_external>", line 999, in exec_module
  File "<frozen importlib._bootstrap>", line 488, in _call_with_frames_removed
  File "/opt/airflow/dags/send_to_minio.py", line 44, in <module>
    repo_links=get_link();
               ^^^^^^^^^^
  File "/opt/airflow/dags/send_to_minio.py", line 4, in get_link
    repo_links=Variable.get("LINKS",deserialize_json=True)
               ^^^^^^^^^^^^^^^^^^^^^^^^^^^^^^^^^^^^^^^^^^^
  File "/home/airflow/.local/lib/python3.12/site-packages/airflow/models/variable.py", line 145, in get
    raise KeyError(f"Variable {key} does not exist")
KeyError: 'Variable LINKS does not exist'
[2026-04-04T09:22:07.334+0000] {processor.py:927} WARNING - No viable dags retrieved from /opt/airflow/dags/send_to_minio.py
[2026-04-04T09:22:07.347+0000] {processor.py:208} INFO - Processing /opt/airflow/dags/send_to_minio.py took 0.053 seconds
[2026-04-04T09:22:38.059+0000] {processor.py:186} INFO - Started process (PID=2499) to work on /opt/airflow/dags/send_to_minio.py
[2026-04-04T09:22:38.060+0000] {processor.py:914} INFO - Processing file /opt/airflow/dags/send_to_minio.py for tasks to queue
[2026-04-04T09:22:38.063+0000] {logging_mixin.py:190} INFO - [2026-04-04T09:22:38.062+0000] {dagbag.py:588} INFO - Filling up the DagBag from /opt/airflow/dags/send_to_minio.py
[2026-04-04T09:22:38.089+0000] {logging_mixin.py:190} INFO - [2026-04-04T09:22:38.088+0000] {dagbag.py:387} ERROR - Failed to import: /opt/airflow/dags/send_to_minio.py
Traceback (most recent call last):
  File "/home/airflow/.local/lib/python3.12/site-packages/airflow/models/dagbag.py", line 383, in parse
    loader.exec_module(new_module)
  File "<frozen importlib._bootstrap_external>", line 999, in exec_module
  File "<frozen importlib._bootstrap>", line 488, in _call_with_frames_removed
  File "/opt/airflow/dags/send_to_minio.py", line 44, in <module>
    repo_links=get_link();
               ^^^^^^^^^^
  File "/opt/airflow/dags/send_to_minio.py", line 4, in get_link
    repo_links=Variable.get("LINKS",deserialize_json=True)
               ^^^^^^^^^^^^^^^^^^^^^^^^^^^^^^^^^^^^^^^^^^^
  File "/home/airflow/.local/lib/python3.12/site-packages/airflow/models/variable.py", line 145, in get
    raise KeyError(f"Variable {key} does not exist")
KeyError: 'Variable LINKS does not exist'
[2026-04-04T09:22:38.090+0000] {processor.py:927} WARNING - No viable dags retrieved from /opt/airflow/dags/send_to_minio.py
[2026-04-04T09:22:38.104+0000] {processor.py:208} INFO - Processing /opt/airflow/dags/send_to_minio.py took 0.051 seconds
[2026-04-04T09:23:08.709+0000] {processor.py:186} INFO - Started process (PID=2540) to work on /opt/airflow/dags/send_to_minio.py
[2026-04-04T09:23:08.710+0000] {processor.py:914} INFO - Processing file /opt/airflow/dags/send_to_minio.py for tasks to queue
[2026-04-04T09:23:08.713+0000] {logging_mixin.py:190} INFO - [2026-04-04T09:23:08.712+0000] {dagbag.py:588} INFO - Filling up the DagBag from /opt/airflow/dags/send_to_minio.py
[2026-04-04T09:23:08.740+0000] {logging_mixin.py:190} INFO - [2026-04-04T09:23:08.739+0000] {dagbag.py:387} ERROR - Failed to import: /opt/airflow/dags/send_to_minio.py
Traceback (most recent call last):
  File "/home/airflow/.local/lib/python3.12/site-packages/airflow/models/dagbag.py", line 383, in parse
    loader.exec_module(new_module)
  File "<frozen importlib._bootstrap_external>", line 999, in exec_module
  File "<frozen importlib._bootstrap>", line 488, in _call_with_frames_removed
  File "/opt/airflow/dags/send_to_minio.py", line 44, in <module>
    repo_links=get_link();
               ^^^^^^^^^^
  File "/opt/airflow/dags/send_to_minio.py", line 4, in get_link
    repo_links=Variable.get("LINKS",deserialize_json=True)
               ^^^^^^^^^^^^^^^^^^^^^^^^^^^^^^^^^^^^^^^^^^^
  File "/home/airflow/.local/lib/python3.12/site-packages/airflow/models/variable.py", line 145, in get
    raise KeyError(f"Variable {key} does not exist")
KeyError: 'Variable LINKS does not exist'
[2026-04-04T09:23:08.740+0000] {processor.py:927} WARNING - No viable dags retrieved from /opt/airflow/dags/send_to_minio.py
[2026-04-04T09:23:08.752+0000] {processor.py:208} INFO - Processing /opt/airflow/dags/send_to_minio.py took 0.050 seconds
[2026-04-04T09:23:39.453+0000] {processor.py:186} INFO - Started process (PID=2581) to work on /opt/airflow/dags/send_to_minio.py
[2026-04-04T09:23:39.454+0000] {processor.py:914} INFO - Processing file /opt/airflow/dags/send_to_minio.py for tasks to queue
[2026-04-04T09:23:39.456+0000] {logging_mixin.py:190} INFO - [2026-04-04T09:23:39.456+0000] {dagbag.py:588} INFO - Filling up the DagBag from /opt/airflow/dags/send_to_minio.py
[2026-04-04T09:23:39.481+0000] {logging_mixin.py:190} INFO - [2026-04-04T09:23:39.480+0000] {dagbag.py:387} ERROR - Failed to import: /opt/airflow/dags/send_to_minio.py
Traceback (most recent call last):
  File "/home/airflow/.local/lib/python3.12/site-packages/airflow/models/dagbag.py", line 383, in parse
    loader.exec_module(new_module)
  File "<frozen importlib._bootstrap_external>", line 999, in exec_module
  File "<frozen importlib._bootstrap>", line 488, in _call_with_frames_removed
  File "/opt/airflow/dags/send_to_minio.py", line 44, in <module>
    repo_links=get_link();
               ^^^^^^^^^^
  File "/opt/airflow/dags/send_to_minio.py", line 4, in get_link
    repo_links=Variable.get("LINKS",deserialize_json=True)
               ^^^^^^^^^^^^^^^^^^^^^^^^^^^^^^^^^^^^^^^^^^^
  File "/home/airflow/.local/lib/python3.12/site-packages/airflow/models/variable.py", line 145, in get
    raise KeyError(f"Variable {key} does not exist")
KeyError: 'Variable LINKS does not exist'
[2026-04-04T09:23:39.482+0000] {processor.py:927} WARNING - No viable dags retrieved from /opt/airflow/dags/send_to_minio.py
[2026-04-04T09:23:39.495+0000] {processor.py:208} INFO - Processing /opt/airflow/dags/send_to_minio.py took 0.048 seconds
[2026-04-04T09:24:10.231+0000] {processor.py:186} INFO - Started process (PID=2622) to work on /opt/airflow/dags/send_to_minio.py
[2026-04-04T09:24:10.232+0000] {processor.py:914} INFO - Processing file /opt/airflow/dags/send_to_minio.py for tasks to queue
[2026-04-04T09:24:10.235+0000] {logging_mixin.py:190} INFO - [2026-04-04T09:24:10.234+0000] {dagbag.py:588} INFO - Filling up the DagBag from /opt/airflow/dags/send_to_minio.py
[2026-04-04T09:24:10.266+0000] {logging_mixin.py:190} INFO - [2026-04-04T09:24:10.265+0000] {dagbag.py:387} ERROR - Failed to import: /opt/airflow/dags/send_to_minio.py
Traceback (most recent call last):
  File "/home/airflow/.local/lib/python3.12/site-packages/airflow/models/dagbag.py", line 383, in parse
    loader.exec_module(new_module)
  File "<frozen importlib._bootstrap_external>", line 999, in exec_module
  File "<frozen importlib._bootstrap>", line 488, in _call_with_frames_removed
  File "/opt/airflow/dags/send_to_minio.py", line 44, in <module>
    repo_links=get_link();
               ^^^^^^^^^^
  File "/opt/airflow/dags/send_to_minio.py", line 4, in get_link
    repo_links=Variable.get("LINKS",deserialize_json=True)
               ^^^^^^^^^^^^^^^^^^^^^^^^^^^^^^^^^^^^^^^^^^^
  File "/home/airflow/.local/lib/python3.12/site-packages/airflow/models/variable.py", line 145, in get
    raise KeyError(f"Variable {key} does not exist")
KeyError: 'Variable LINKS does not exist'
[2026-04-04T09:24:10.267+0000] {processor.py:927} WARNING - No viable dags retrieved from /opt/airflow/dags/send_to_minio.py
[2026-04-04T09:24:10.282+0000] {processor.py:208} INFO - Processing /opt/airflow/dags/send_to_minio.py took 0.060 seconds
[2026-04-04T09:24:41.012+0000] {processor.py:186} INFO - Started process (PID=2663) to work on /opt/airflow/dags/send_to_minio.py
[2026-04-04T09:24:41.013+0000] {processor.py:914} INFO - Processing file /opt/airflow/dags/send_to_minio.py for tasks to queue
[2026-04-04T09:24:41.016+0000] {logging_mixin.py:190} INFO - [2026-04-04T09:24:41.016+0000] {dagbag.py:588} INFO - Filling up the DagBag from /opt/airflow/dags/send_to_minio.py
[2026-04-04T09:24:41.053+0000] {logging_mixin.py:190} INFO - [2026-04-04T09:24:41.051+0000] {dagbag.py:387} ERROR - Failed to import: /opt/airflow/dags/send_to_minio.py
Traceback (most recent call last):
  File "/home/airflow/.local/lib/python3.12/site-packages/airflow/models/dagbag.py", line 383, in parse
    loader.exec_module(new_module)
  File "<frozen importlib._bootstrap_external>", line 999, in exec_module
  File "<frozen importlib._bootstrap>", line 488, in _call_with_frames_removed
  File "/opt/airflow/dags/send_to_minio.py", line 44, in <module>
    repo_links=get_link();
               ^^^^^^^^^^
  File "/opt/airflow/dags/send_to_minio.py", line 4, in get_link
    repo_links=Variable.get("LINKS",deserialize_json=True)
               ^^^^^^^^^^^^^^^^^^^^^^^^^^^^^^^^^^^^^^^^^^^
  File "/home/airflow/.local/lib/python3.12/site-packages/airflow/models/variable.py", line 145, in get
    raise KeyError(f"Variable {key} does not exist")
KeyError: 'Variable LINKS does not exist'
[2026-04-04T09:24:41.055+0000] {processor.py:927} WARNING - No viable dags retrieved from /opt/airflow/dags/send_to_minio.py
[2026-04-04T09:24:41.073+0000] {processor.py:208} INFO - Processing /opt/airflow/dags/send_to_minio.py took 0.068 seconds
[2026-04-04T09:25:11.862+0000] {processor.py:186} INFO - Started process (PID=2704) to work on /opt/airflow/dags/send_to_minio.py
[2026-04-04T09:25:11.863+0000] {processor.py:914} INFO - Processing file /opt/airflow/dags/send_to_minio.py for tasks to queue
[2026-04-04T09:25:11.866+0000] {logging_mixin.py:190} INFO - [2026-04-04T09:25:11.865+0000] {dagbag.py:588} INFO - Filling up the DagBag from /opt/airflow/dags/send_to_minio.py
[2026-04-04T09:25:11.897+0000] {logging_mixin.py:190} INFO - [2026-04-04T09:25:11.895+0000] {dagbag.py:387} ERROR - Failed to import: /opt/airflow/dags/send_to_minio.py
Traceback (most recent call last):
  File "/home/airflow/.local/lib/python3.12/site-packages/airflow/models/dagbag.py", line 383, in parse
    loader.exec_module(new_module)
  File "<frozen importlib._bootstrap_external>", line 999, in exec_module
  File "<frozen importlib._bootstrap>", line 488, in _call_with_frames_removed
  File "/opt/airflow/dags/send_to_minio.py", line 44, in <module>
    repo_links=get_link();
               ^^^^^^^^^^
  File "/opt/airflow/dags/send_to_minio.py", line 4, in get_link
    repo_links=Variable.get("LINKS",deserialize_json=True)
               ^^^^^^^^^^^^^^^^^^^^^^^^^^^^^^^^^^^^^^^^^^^
  File "/home/airflow/.local/lib/python3.12/site-packages/airflow/models/variable.py", line 145, in get
    raise KeyError(f"Variable {key} does not exist")
KeyError: 'Variable LINKS does not exist'
[2026-04-04T09:25:11.898+0000] {processor.py:927} WARNING - No viable dags retrieved from /opt/airflow/dags/send_to_minio.py
[2026-04-04T09:25:11.911+0000] {processor.py:208} INFO - Processing /opt/airflow/dags/send_to_minio.py took 0.060 seconds
[2026-04-04T09:25:42.622+0000] {processor.py:186} INFO - Started process (PID=2745) to work on /opt/airflow/dags/send_to_minio.py
[2026-04-04T09:25:42.623+0000] {processor.py:914} INFO - Processing file /opt/airflow/dags/send_to_minio.py for tasks to queue
[2026-04-04T09:25:42.626+0000] {logging_mixin.py:190} INFO - [2026-04-04T09:25:42.626+0000] {dagbag.py:588} INFO - Filling up the DagBag from /opt/airflow/dags/send_to_minio.py
[2026-04-04T09:25:42.659+0000] {logging_mixin.py:190} INFO - [2026-04-04T09:25:42.657+0000] {dagbag.py:387} ERROR - Failed to import: /opt/airflow/dags/send_to_minio.py
Traceback (most recent call last):
  File "/home/airflow/.local/lib/python3.12/site-packages/airflow/models/dagbag.py", line 383, in parse
    loader.exec_module(new_module)
  File "<frozen importlib._bootstrap_external>", line 999, in exec_module
  File "<frozen importlib._bootstrap>", line 488, in _call_with_frames_removed
  File "/opt/airflow/dags/send_to_minio.py", line 44, in <module>
    repo_links=get_link();
               ^^^^^^^^^^
  File "/opt/airflow/dags/send_to_minio.py", line 4, in get_link
    repo_links=Variable.get("LINKS",deserialize_json=True)
               ^^^^^^^^^^^^^^^^^^^^^^^^^^^^^^^^^^^^^^^^^^^
  File "/home/airflow/.local/lib/python3.12/site-packages/airflow/models/variable.py", line 145, in get
    raise KeyError(f"Variable {key} does not exist")
KeyError: 'Variable LINKS does not exist'
[2026-04-04T09:25:42.660+0000] {processor.py:927} WARNING - No viable dags retrieved from /opt/airflow/dags/send_to_minio.py
[2026-04-04T09:25:42.677+0000] {processor.py:208} INFO - Processing /opt/airflow/dags/send_to_minio.py took 0.063 seconds
[2026-04-04T09:26:13.428+0000] {processor.py:186} INFO - Started process (PID=2787) to work on /opt/airflow/dags/send_to_minio.py
[2026-04-04T09:26:13.429+0000] {processor.py:914} INFO - Processing file /opt/airflow/dags/send_to_minio.py for tasks to queue
[2026-04-04T09:26:13.432+0000] {logging_mixin.py:190} INFO - [2026-04-04T09:26:13.432+0000] {dagbag.py:588} INFO - Filling up the DagBag from /opt/airflow/dags/send_to_minio.py
[2026-04-04T09:26:13.458+0000] {logging_mixin.py:190} INFO - [2026-04-04T09:26:13.456+0000] {dagbag.py:387} ERROR - Failed to import: /opt/airflow/dags/send_to_minio.py
Traceback (most recent call last):
  File "/home/airflow/.local/lib/python3.12/site-packages/airflow/models/dagbag.py", line 383, in parse
    loader.exec_module(new_module)
  File "<frozen importlib._bootstrap_external>", line 999, in exec_module
  File "<frozen importlib._bootstrap>", line 488, in _call_with_frames_removed
  File "/opt/airflow/dags/send_to_minio.py", line 44, in <module>
    repo_links=get_link();
               ^^^^^^^^^^
  File "/opt/airflow/dags/send_to_minio.py", line 4, in get_link
    repo_links=Variable.get("LINKS",deserialize_json=True)
               ^^^^^^^^^^^^^^^^^^^^^^^^^^^^^^^^^^^^^^^^^^^
  File "/home/airflow/.local/lib/python3.12/site-packages/airflow/models/variable.py", line 145, in get
    raise KeyError(f"Variable {key} does not exist")
KeyError: 'Variable LINKS does not exist'
[2026-04-04T09:26:13.458+0000] {processor.py:927} WARNING - No viable dags retrieved from /opt/airflow/dags/send_to_minio.py
[2026-04-04T09:26:13.473+0000] {processor.py:208} INFO - Processing /opt/airflow/dags/send_to_minio.py took 0.051 seconds
[2026-04-04T09:26:44.186+0000] {processor.py:186} INFO - Started process (PID=2828) to work on /opt/airflow/dags/send_to_minio.py
[2026-04-04T09:26:44.186+0000] {processor.py:914} INFO - Processing file /opt/airflow/dags/send_to_minio.py for tasks to queue
[2026-04-04T09:26:44.189+0000] {logging_mixin.py:190} INFO - [2026-04-04T09:26:44.188+0000] {dagbag.py:588} INFO - Filling up the DagBag from /opt/airflow/dags/send_to_minio.py
[2026-04-04T09:26:44.217+0000] {logging_mixin.py:190} INFO - [2026-04-04T09:26:44.215+0000] {dagbag.py:387} ERROR - Failed to import: /opt/airflow/dags/send_to_minio.py
Traceback (most recent call last):
  File "/home/airflow/.local/lib/python3.12/site-packages/airflow/models/dagbag.py", line 383, in parse
    loader.exec_module(new_module)
  File "<frozen importlib._bootstrap_external>", line 999, in exec_module
  File "<frozen importlib._bootstrap>", line 488, in _call_with_frames_removed
  File "/opt/airflow/dags/send_to_minio.py", line 44, in <module>
    repo_links=get_link();
               ^^^^^^^^^^
  File "/opt/airflow/dags/send_to_minio.py", line 4, in get_link
    repo_links=Variable.get("LINKS",deserialize_json=True)
               ^^^^^^^^^^^^^^^^^^^^^^^^^^^^^^^^^^^^^^^^^^^
  File "/home/airflow/.local/lib/python3.12/site-packages/airflow/models/variable.py", line 145, in get
    raise KeyError(f"Variable {key} does not exist")
KeyError: 'Variable LINKS does not exist'
[2026-04-04T09:26:44.218+0000] {processor.py:927} WARNING - No viable dags retrieved from /opt/airflow/dags/send_to_minio.py
[2026-04-04T09:26:44.231+0000] {processor.py:208} INFO - Processing /opt/airflow/dags/send_to_minio.py took 0.053 seconds
[2026-04-04T09:27:14.946+0000] {processor.py:186} INFO - Started process (PID=2869) to work on /opt/airflow/dags/send_to_minio.py
[2026-04-04T09:27:14.947+0000] {processor.py:914} INFO - Processing file /opt/airflow/dags/send_to_minio.py for tasks to queue
[2026-04-04T09:27:14.950+0000] {logging_mixin.py:190} INFO - [2026-04-04T09:27:14.949+0000] {dagbag.py:588} INFO - Filling up the DagBag from /opt/airflow/dags/send_to_minio.py
[2026-04-04T09:27:14.978+0000] {logging_mixin.py:190} INFO - [2026-04-04T09:27:14.976+0000] {dagbag.py:387} ERROR - Failed to import: /opt/airflow/dags/send_to_minio.py
Traceback (most recent call last):
  File "/home/airflow/.local/lib/python3.12/site-packages/airflow/models/dagbag.py", line 383, in parse
    loader.exec_module(new_module)
  File "<frozen importlib._bootstrap_external>", line 999, in exec_module
  File "<frozen importlib._bootstrap>", line 488, in _call_with_frames_removed
  File "/opt/airflow/dags/send_to_minio.py", line 44, in <module>
    repo_links=get_link();
               ^^^^^^^^^^
  File "/opt/airflow/dags/send_to_minio.py", line 4, in get_link
    repo_links=Variable.get("LINKS",deserialize_json=True)
               ^^^^^^^^^^^^^^^^^^^^^^^^^^^^^^^^^^^^^^^^^^^
  File "/home/airflow/.local/lib/python3.12/site-packages/airflow/models/variable.py", line 145, in get
    raise KeyError(f"Variable {key} does not exist")
KeyError: 'Variable LINKS does not exist'
[2026-04-04T09:27:14.979+0000] {processor.py:927} WARNING - No viable dags retrieved from /opt/airflow/dags/send_to_minio.py
[2026-04-04T09:27:14.993+0000] {processor.py:208} INFO - Processing /opt/airflow/dags/send_to_minio.py took 0.055 seconds
[2026-04-04T09:27:45.717+0000] {processor.py:186} INFO - Started process (PID=2910) to work on /opt/airflow/dags/send_to_minio.py
[2026-04-04T09:27:45.718+0000] {processor.py:914} INFO - Processing file /opt/airflow/dags/send_to_minio.py for tasks to queue
[2026-04-04T09:27:45.721+0000] {logging_mixin.py:190} INFO - [2026-04-04T09:27:45.721+0000] {dagbag.py:588} INFO - Filling up the DagBag from /opt/airflow/dags/send_to_minio.py
[2026-04-04T09:27:45.750+0000] {logging_mixin.py:190} INFO - [2026-04-04T09:27:45.749+0000] {dagbag.py:387} ERROR - Failed to import: /opt/airflow/dags/send_to_minio.py
Traceback (most recent call last):
  File "/home/airflow/.local/lib/python3.12/site-packages/airflow/models/dagbag.py", line 383, in parse
    loader.exec_module(new_module)
  File "<frozen importlib._bootstrap_external>", line 999, in exec_module
  File "<frozen importlib._bootstrap>", line 488, in _call_with_frames_removed
  File "/opt/airflow/dags/send_to_minio.py", line 44, in <module>
    repo_links=get_link();
               ^^^^^^^^^^
  File "/opt/airflow/dags/send_to_minio.py", line 4, in get_link
    repo_links=Variable.get("LINKS",deserialize_json=True)
               ^^^^^^^^^^^^^^^^^^^^^^^^^^^^^^^^^^^^^^^^^^^
  File "/home/airflow/.local/lib/python3.12/site-packages/airflow/models/variable.py", line 145, in get
    raise KeyError(f"Variable {key} does not exist")
KeyError: 'Variable LINKS does not exist'
[2026-04-04T09:27:45.751+0000] {processor.py:927} WARNING - No viable dags retrieved from /opt/airflow/dags/send_to_minio.py
[2026-04-04T09:27:45.764+0000] {processor.py:208} INFO - Processing /opt/airflow/dags/send_to_minio.py took 0.053 seconds
[2026-04-04T09:28:16.453+0000] {processor.py:186} INFO - Started process (PID=2951) to work on /opt/airflow/dags/send_to_minio.py
[2026-04-04T09:28:16.454+0000] {processor.py:914} INFO - Processing file /opt/airflow/dags/send_to_minio.py for tasks to queue
[2026-04-04T09:28:16.457+0000] {logging_mixin.py:190} INFO - [2026-04-04T09:28:16.456+0000] {dagbag.py:588} INFO - Filling up the DagBag from /opt/airflow/dags/send_to_minio.py
[2026-04-04T09:28:16.483+0000] {logging_mixin.py:190} INFO - [2026-04-04T09:28:16.481+0000] {dagbag.py:387} ERROR - Failed to import: /opt/airflow/dags/send_to_minio.py
Traceback (most recent call last):
  File "/home/airflow/.local/lib/python3.12/site-packages/airflow/models/dagbag.py", line 383, in parse
    loader.exec_module(new_module)
  File "<frozen importlib._bootstrap_external>", line 999, in exec_module
  File "<frozen importlib._bootstrap>", line 488, in _call_with_frames_removed
  File "/opt/airflow/dags/send_to_minio.py", line 44, in <module>
    repo_links=get_link();
               ^^^^^^^^^^
  File "/opt/airflow/dags/send_to_minio.py", line 4, in get_link
    repo_links=Variable.get("LINKS",deserialize_json=True)
               ^^^^^^^^^^^^^^^^^^^^^^^^^^^^^^^^^^^^^^^^^^^
  File "/home/airflow/.local/lib/python3.12/site-packages/airflow/models/variable.py", line 145, in get
    raise KeyError(f"Variable {key} does not exist")
KeyError: 'Variable LINKS does not exist'
[2026-04-04T09:28:16.483+0000] {processor.py:927} WARNING - No viable dags retrieved from /opt/airflow/dags/send_to_minio.py
[2026-04-04T09:28:16.494+0000] {processor.py:208} INFO - Processing /opt/airflow/dags/send_to_minio.py took 0.049 seconds
[2026-04-04T09:28:47.090+0000] {processor.py:186} INFO - Started process (PID=2992) to work on /opt/airflow/dags/send_to_minio.py
[2026-04-04T09:28:47.091+0000] {processor.py:914} INFO - Processing file /opt/airflow/dags/send_to_minio.py for tasks to queue
[2026-04-04T09:28:47.094+0000] {logging_mixin.py:190} INFO - [2026-04-04T09:28:47.093+0000] {dagbag.py:588} INFO - Filling up the DagBag from /opt/airflow/dags/send_to_minio.py
[2026-04-04T09:28:47.126+0000] {logging_mixin.py:190} INFO - [2026-04-04T09:28:47.124+0000] {dagbag.py:387} ERROR - Failed to import: /opt/airflow/dags/send_to_minio.py
Traceback (most recent call last):
  File "/home/airflow/.local/lib/python3.12/site-packages/airflow/models/dagbag.py", line 383, in parse
    loader.exec_module(new_module)
  File "<frozen importlib._bootstrap_external>", line 999, in exec_module
  File "<frozen importlib._bootstrap>", line 488, in _call_with_frames_removed
  File "/opt/airflow/dags/send_to_minio.py", line 44, in <module>
    repo_links=get_link();
               ^^^^^^^^^^
  File "/opt/airflow/dags/send_to_minio.py", line 4, in get_link
    repo_links=Variable.get("LINKS",deserialize_json=True)
               ^^^^^^^^^^^^^^^^^^^^^^^^^^^^^^^^^^^^^^^^^^^
  File "/home/airflow/.local/lib/python3.12/site-packages/airflow/models/variable.py", line 145, in get
    raise KeyError(f"Variable {key} does not exist")
KeyError: 'Variable LINKS does not exist'
[2026-04-04T09:28:47.127+0000] {processor.py:927} WARNING - No viable dags retrieved from /opt/airflow/dags/send_to_minio.py
[2026-04-04T09:28:47.143+0000] {processor.py:208} INFO - Processing /opt/airflow/dags/send_to_minio.py took 0.063 seconds
[2026-04-04T09:29:17.840+0000] {processor.py:186} INFO - Started process (PID=3033) to work on /opt/airflow/dags/send_to_minio.py
[2026-04-04T09:29:17.841+0000] {processor.py:914} INFO - Processing file /opt/airflow/dags/send_to_minio.py for tasks to queue
[2026-04-04T09:29:17.844+0000] {logging_mixin.py:190} INFO - [2026-04-04T09:29:17.843+0000] {dagbag.py:588} INFO - Filling up the DagBag from /opt/airflow/dags/send_to_minio.py
[2026-04-04T09:29:17.869+0000] {logging_mixin.py:190} INFO - [2026-04-04T09:29:17.867+0000] {dagbag.py:387} ERROR - Failed to import: /opt/airflow/dags/send_to_minio.py
Traceback (most recent call last):
  File "/home/airflow/.local/lib/python3.12/site-packages/airflow/models/dagbag.py", line 383, in parse
    loader.exec_module(new_module)
  File "<frozen importlib._bootstrap_external>", line 999, in exec_module
  File "<frozen importlib._bootstrap>", line 488, in _call_with_frames_removed
  File "/opt/airflow/dags/send_to_minio.py", line 44, in <module>
    repo_links=get_link();
               ^^^^^^^^^^
  File "/opt/airflow/dags/send_to_minio.py", line 4, in get_link
    repo_links=Variable.get("LINKS",deserialize_json=True)
               ^^^^^^^^^^^^^^^^^^^^^^^^^^^^^^^^^^^^^^^^^^^
  File "/home/airflow/.local/lib/python3.12/site-packages/airflow/models/variable.py", line 145, in get
    raise KeyError(f"Variable {key} does not exist")
KeyError: 'Variable LINKS does not exist'
[2026-04-04T09:29:17.870+0000] {processor.py:927} WARNING - No viable dags retrieved from /opt/airflow/dags/send_to_minio.py
[2026-04-04T09:29:17.881+0000] {processor.py:208} INFO - Processing /opt/airflow/dags/send_to_minio.py took 0.050 seconds
[2026-04-04T09:29:48.583+0000] {processor.py:186} INFO - Started process (PID=3074) to work on /opt/airflow/dags/send_to_minio.py
[2026-04-04T09:29:48.584+0000] {processor.py:914} INFO - Processing file /opt/airflow/dags/send_to_minio.py for tasks to queue
[2026-04-04T09:29:48.586+0000] {logging_mixin.py:190} INFO - [2026-04-04T09:29:48.586+0000] {dagbag.py:588} INFO - Filling up the DagBag from /opt/airflow/dags/send_to_minio.py
[2026-04-04T09:29:48.616+0000] {logging_mixin.py:190} INFO - [2026-04-04T09:29:48.614+0000] {dagbag.py:387} ERROR - Failed to import: /opt/airflow/dags/send_to_minio.py
Traceback (most recent call last):
  File "/home/airflow/.local/lib/python3.12/site-packages/airflow/models/dagbag.py", line 383, in parse
    loader.exec_module(new_module)
  File "<frozen importlib._bootstrap_external>", line 999, in exec_module
  File "<frozen importlib._bootstrap>", line 488, in _call_with_frames_removed
  File "/opt/airflow/dags/send_to_minio.py", line 44, in <module>
    repo_links=get_link();
               ^^^^^^^^^^
  File "/opt/airflow/dags/send_to_minio.py", line 4, in get_link
    repo_links=Variable.get("LINKS",deserialize_json=True)
               ^^^^^^^^^^^^^^^^^^^^^^^^^^^^^^^^^^^^^^^^^^^
  File "/home/airflow/.local/lib/python3.12/site-packages/airflow/models/variable.py", line 145, in get
    raise KeyError(f"Variable {key} does not exist")
KeyError: 'Variable LINKS does not exist'
[2026-04-04T09:29:48.616+0000] {processor.py:927} WARNING - No viable dags retrieved from /opt/airflow/dags/send_to_minio.py
[2026-04-04T09:29:48.633+0000] {processor.py:208} INFO - Processing /opt/airflow/dags/send_to_minio.py took 0.057 seconds
[2026-04-04T09:30:19.210+0000] {processor.py:186} INFO - Started process (PID=3115) to work on /opt/airflow/dags/send_to_minio.py
[2026-04-04T09:30:19.211+0000] {processor.py:914} INFO - Processing file /opt/airflow/dags/send_to_minio.py for tasks to queue
[2026-04-04T09:30:19.213+0000] {logging_mixin.py:190} INFO - [2026-04-04T09:30:19.213+0000] {dagbag.py:588} INFO - Filling up the DagBag from /opt/airflow/dags/send_to_minio.py
[2026-04-04T09:30:19.243+0000] {logging_mixin.py:190} INFO - [2026-04-04T09:30:19.241+0000] {dagbag.py:387} ERROR - Failed to import: /opt/airflow/dags/send_to_minio.py
Traceback (most recent call last):
  File "/home/airflow/.local/lib/python3.12/site-packages/airflow/models/dagbag.py", line 383, in parse
    loader.exec_module(new_module)
  File "<frozen importlib._bootstrap_external>", line 999, in exec_module
  File "<frozen importlib._bootstrap>", line 488, in _call_with_frames_removed
  File "/opt/airflow/dags/send_to_minio.py", line 44, in <module>
    repo_links=get_link();
               ^^^^^^^^^^
  File "/opt/airflow/dags/send_to_minio.py", line 4, in get_link
    repo_links=Variable.get("LINKS",deserialize_json=True)
               ^^^^^^^^^^^^^^^^^^^^^^^^^^^^^^^^^^^^^^^^^^^
  File "/home/airflow/.local/lib/python3.12/site-packages/airflow/models/variable.py", line 145, in get
    raise KeyError(f"Variable {key} does not exist")
KeyError: 'Variable LINKS does not exist'
[2026-04-04T09:30:19.244+0000] {processor.py:927} WARNING - No viable dags retrieved from /opt/airflow/dags/send_to_minio.py
[2026-04-04T09:30:19.255+0000] {processor.py:208} INFO - Processing /opt/airflow/dags/send_to_minio.py took 0.051 seconds
[2026-04-04T09:30:49.931+0000] {processor.py:186} INFO - Started process (PID=3156) to work on /opt/airflow/dags/send_to_minio.py
[2026-04-04T09:30:49.932+0000] {processor.py:914} INFO - Processing file /opt/airflow/dags/send_to_minio.py for tasks to queue
[2026-04-04T09:30:49.935+0000] {logging_mixin.py:190} INFO - [2026-04-04T09:30:49.934+0000] {dagbag.py:588} INFO - Filling up the DagBag from /opt/airflow/dags/send_to_minio.py
[2026-04-04T09:30:49.973+0000] {logging_mixin.py:190} INFO - [2026-04-04T09:30:49.971+0000] {dagbag.py:387} ERROR - Failed to import: /opt/airflow/dags/send_to_minio.py
Traceback (most recent call last):
  File "/home/airflow/.local/lib/python3.12/site-packages/airflow/models/dagbag.py", line 383, in parse
    loader.exec_module(new_module)
  File "<frozen importlib._bootstrap_external>", line 999, in exec_module
  File "<frozen importlib._bootstrap>", line 488, in _call_with_frames_removed
  File "/opt/airflow/dags/send_to_minio.py", line 44, in <module>
    repo_links=get_link();
               ^^^^^^^^^^
  File "/opt/airflow/dags/send_to_minio.py", line 4, in get_link
    repo_links=Variable.get("LINKS",deserialize_json=True)
               ^^^^^^^^^^^^^^^^^^^^^^^^^^^^^^^^^^^^^^^^^^^
  File "/home/airflow/.local/lib/python3.12/site-packages/airflow/models/variable.py", line 145, in get
    raise KeyError(f"Variable {key} does not exist")
KeyError: 'Variable LINKS does not exist'
[2026-04-04T09:30:49.974+0000] {processor.py:927} WARNING - No viable dags retrieved from /opt/airflow/dags/send_to_minio.py
[2026-04-04T09:30:49.987+0000] {processor.py:208} INFO - Processing /opt/airflow/dags/send_to_minio.py took 0.066 seconds
[2026-04-04T09:31:20.570+0000] {processor.py:186} INFO - Started process (PID=3197) to work on /opt/airflow/dags/send_to_minio.py
[2026-04-04T09:31:20.571+0000] {processor.py:914} INFO - Processing file /opt/airflow/dags/send_to_minio.py for tasks to queue
[2026-04-04T09:31:20.573+0000] {logging_mixin.py:190} INFO - [2026-04-04T09:31:20.573+0000] {dagbag.py:588} INFO - Filling up the DagBag from /opt/airflow/dags/send_to_minio.py
[2026-04-04T09:31:20.605+0000] {logging_mixin.py:190} INFO - [2026-04-04T09:31:20.603+0000] {dagbag.py:387} ERROR - Failed to import: /opt/airflow/dags/send_to_minio.py
Traceback (most recent call last):
  File "/home/airflow/.local/lib/python3.12/site-packages/airflow/models/dagbag.py", line 383, in parse
    loader.exec_module(new_module)
  File "<frozen importlib._bootstrap_external>", line 999, in exec_module
  File "<frozen importlib._bootstrap>", line 488, in _call_with_frames_removed
  File "/opt/airflow/dags/send_to_minio.py", line 44, in <module>
    repo_links=get_link();
               ^^^^^^^^^^
  File "/opt/airflow/dags/send_to_minio.py", line 4, in get_link
    repo_links=Variable.get("LINKS",deserialize_json=True)
               ^^^^^^^^^^^^^^^^^^^^^^^^^^^^^^^^^^^^^^^^^^^
  File "/home/airflow/.local/lib/python3.12/site-packages/airflow/models/variable.py", line 145, in get
    raise KeyError(f"Variable {key} does not exist")
KeyError: 'Variable LINKS does not exist'
[2026-04-04T09:31:20.606+0000] {processor.py:927} WARNING - No viable dags retrieved from /opt/airflow/dags/send_to_minio.py
[2026-04-04T09:31:20.619+0000] {processor.py:208} INFO - Processing /opt/airflow/dags/send_to_minio.py took 0.057 seconds
[2026-04-04T09:31:51.303+0000] {processor.py:186} INFO - Started process (PID=3238) to work on /opt/airflow/dags/send_to_minio.py
[2026-04-04T09:31:51.304+0000] {processor.py:914} INFO - Processing file /opt/airflow/dags/send_to_minio.py for tasks to queue
[2026-04-04T09:31:51.307+0000] {logging_mixin.py:190} INFO - [2026-04-04T09:31:51.307+0000] {dagbag.py:588} INFO - Filling up the DagBag from /opt/airflow/dags/send_to_minio.py
[2026-04-04T09:31:51.342+0000] {logging_mixin.py:190} INFO - [2026-04-04T09:31:51.340+0000] {dagbag.py:387} ERROR - Failed to import: /opt/airflow/dags/send_to_minio.py
Traceback (most recent call last):
  File "/home/airflow/.local/lib/python3.12/site-packages/airflow/models/dagbag.py", line 383, in parse
    loader.exec_module(new_module)
  File "<frozen importlib._bootstrap_external>", line 999, in exec_module
  File "<frozen importlib._bootstrap>", line 488, in _call_with_frames_removed
  File "/opt/airflow/dags/send_to_minio.py", line 44, in <module>
    repo_links=get_link();
               ^^^^^^^^^^
  File "/opt/airflow/dags/send_to_minio.py", line 4, in get_link
    repo_links=Variable.get("LINKS",deserialize_json=True)
               ^^^^^^^^^^^^^^^^^^^^^^^^^^^^^^^^^^^^^^^^^^^
  File "/home/airflow/.local/lib/python3.12/site-packages/airflow/models/variable.py", line 145, in get
    raise KeyError(f"Variable {key} does not exist")
KeyError: 'Variable LINKS does not exist'
[2026-04-04T09:31:51.343+0000] {processor.py:927} WARNING - No viable dags retrieved from /opt/airflow/dags/send_to_minio.py
[2026-04-04T09:31:51.360+0000] {processor.py:208} INFO - Processing /opt/airflow/dags/send_to_minio.py took 0.067 seconds
[2026-04-04T09:32:21.946+0000] {processor.py:186} INFO - Started process (PID=3279) to work on /opt/airflow/dags/send_to_minio.py
[2026-04-04T09:32:21.946+0000] {processor.py:914} INFO - Processing file /opt/airflow/dags/send_to_minio.py for tasks to queue
[2026-04-04T09:32:21.949+0000] {logging_mixin.py:190} INFO - [2026-04-04T09:32:21.948+0000] {dagbag.py:588} INFO - Filling up the DagBag from /opt/airflow/dags/send_to_minio.py
[2026-04-04T09:32:21.976+0000] {logging_mixin.py:190} INFO - [2026-04-04T09:32:21.974+0000] {dagbag.py:387} ERROR - Failed to import: /opt/airflow/dags/send_to_minio.py
Traceback (most recent call last):
  File "/home/airflow/.local/lib/python3.12/site-packages/airflow/models/dagbag.py", line 383, in parse
    loader.exec_module(new_module)
  File "<frozen importlib._bootstrap_external>", line 999, in exec_module
  File "<frozen importlib._bootstrap>", line 488, in _call_with_frames_removed
  File "/opt/airflow/dags/send_to_minio.py", line 44, in <module>
    repo_links=get_link();
               ^^^^^^^^^^
  File "/opt/airflow/dags/send_to_minio.py", line 4, in get_link
    repo_links=Variable.get("LINKS",deserialize_json=True)
               ^^^^^^^^^^^^^^^^^^^^^^^^^^^^^^^^^^^^^^^^^^^
  File "/home/airflow/.local/lib/python3.12/site-packages/airflow/models/variable.py", line 145, in get
    raise KeyError(f"Variable {key} does not exist")
KeyError: 'Variable LINKS does not exist'
[2026-04-04T09:32:21.976+0000] {processor.py:927} WARNING - No viable dags retrieved from /opt/airflow/dags/send_to_minio.py
[2026-04-04T09:32:21.989+0000] {processor.py:208} INFO - Processing /opt/airflow/dags/send_to_minio.py took 0.049 seconds
[2026-04-04T09:32:52.711+0000] {processor.py:186} INFO - Started process (PID=3320) to work on /opt/airflow/dags/send_to_minio.py
[2026-04-04T09:32:52.712+0000] {processor.py:914} INFO - Processing file /opt/airflow/dags/send_to_minio.py for tasks to queue
[2026-04-04T09:32:52.715+0000] {logging_mixin.py:190} INFO - [2026-04-04T09:32:52.714+0000] {dagbag.py:588} INFO - Filling up the DagBag from /opt/airflow/dags/send_to_minio.py
[2026-04-04T09:32:52.746+0000] {logging_mixin.py:190} INFO - [2026-04-04T09:32:52.744+0000] {dagbag.py:387} ERROR - Failed to import: /opt/airflow/dags/send_to_minio.py
Traceback (most recent call last):
  File "/home/airflow/.local/lib/python3.12/site-packages/airflow/models/dagbag.py", line 383, in parse
    loader.exec_module(new_module)
  File "<frozen importlib._bootstrap_external>", line 999, in exec_module
  File "<frozen importlib._bootstrap>", line 488, in _call_with_frames_removed
  File "/opt/airflow/dags/send_to_minio.py", line 44, in <module>
    repo_links=get_link();
               ^^^^^^^^^^
  File "/opt/airflow/dags/send_to_minio.py", line 4, in get_link
    repo_links=Variable.get("LINKS",deserialize_json=True)
               ^^^^^^^^^^^^^^^^^^^^^^^^^^^^^^^^^^^^^^^^^^^
  File "/home/airflow/.local/lib/python3.12/site-packages/airflow/models/variable.py", line 145, in get
    raise KeyError(f"Variable {key} does not exist")
KeyError: 'Variable LINKS does not exist'
[2026-04-04T09:32:52.747+0000] {processor.py:927} WARNING - No viable dags retrieved from /opt/airflow/dags/send_to_minio.py
[2026-04-04T09:32:52.759+0000] {processor.py:208} INFO - Processing /opt/airflow/dags/send_to_minio.py took 0.060 seconds
[2026-04-04T09:33:23.343+0000] {processor.py:186} INFO - Started process (PID=3361) to work on /opt/airflow/dags/send_to_minio.py
[2026-04-04T09:33:23.345+0000] {processor.py:914} INFO - Processing file /opt/airflow/dags/send_to_minio.py for tasks to queue
[2026-04-04T09:33:23.348+0000] {logging_mixin.py:190} INFO - [2026-04-04T09:33:23.348+0000] {dagbag.py:588} INFO - Filling up the DagBag from /opt/airflow/dags/send_to_minio.py
[2026-04-04T09:33:23.384+0000] {logging_mixin.py:190} INFO - [2026-04-04T09:33:23.381+0000] {dagbag.py:387} ERROR - Failed to import: /opt/airflow/dags/send_to_minio.py
Traceback (most recent call last):
  File "/home/airflow/.local/lib/python3.12/site-packages/airflow/models/dagbag.py", line 383, in parse
    loader.exec_module(new_module)
  File "<frozen importlib._bootstrap_external>", line 999, in exec_module
  File "<frozen importlib._bootstrap>", line 488, in _call_with_frames_removed
  File "/opt/airflow/dags/send_to_minio.py", line 44, in <module>
    repo_links=get_link();
               ^^^^^^^^^^
  File "/opt/airflow/dags/send_to_minio.py", line 4, in get_link
    repo_links=Variable.get("LINKS",deserialize_json=True)
               ^^^^^^^^^^^^^^^^^^^^^^^^^^^^^^^^^^^^^^^^^^^
  File "/home/airflow/.local/lib/python3.12/site-packages/airflow/models/variable.py", line 145, in get
    raise KeyError(f"Variable {key} does not exist")
KeyError: 'Variable LINKS does not exist'
[2026-04-04T09:33:23.385+0000] {processor.py:927} WARNING - No viable dags retrieved from /opt/airflow/dags/send_to_minio.py
[2026-04-04T09:33:23.401+0000] {processor.py:208} INFO - Processing /opt/airflow/dags/send_to_minio.py took 0.066 seconds
[2026-04-04T09:33:54.009+0000] {processor.py:186} INFO - Started process (PID=3402) to work on /opt/airflow/dags/send_to_minio.py
[2026-04-04T09:33:54.010+0000] {processor.py:914} INFO - Processing file /opt/airflow/dags/send_to_minio.py for tasks to queue
[2026-04-04T09:33:54.012+0000] {logging_mixin.py:190} INFO - [2026-04-04T09:33:54.012+0000] {dagbag.py:588} INFO - Filling up the DagBag from /opt/airflow/dags/send_to_minio.py
[2026-04-04T09:33:54.046+0000] {logging_mixin.py:190} INFO - [2026-04-04T09:33:54.044+0000] {dagbag.py:387} ERROR - Failed to import: /opt/airflow/dags/send_to_minio.py
Traceback (most recent call last):
  File "/home/airflow/.local/lib/python3.12/site-packages/airflow/models/dagbag.py", line 383, in parse
    loader.exec_module(new_module)
  File "<frozen importlib._bootstrap_external>", line 999, in exec_module
  File "<frozen importlib._bootstrap>", line 488, in _call_with_frames_removed
  File "/opt/airflow/dags/send_to_minio.py", line 44, in <module>
    repo_links=get_link();
               ^^^^^^^^^^
  File "/opt/airflow/dags/send_to_minio.py", line 4, in get_link
    repo_links=Variable.get("LINKS",deserialize_json=True)
               ^^^^^^^^^^^^^^^^^^^^^^^^^^^^^^^^^^^^^^^^^^^
  File "/home/airflow/.local/lib/python3.12/site-packages/airflow/models/variable.py", line 145, in get
    raise KeyError(f"Variable {key} does not exist")
KeyError: 'Variable LINKS does not exist'
[2026-04-04T09:33:54.046+0000] {processor.py:927} WARNING - No viable dags retrieved from /opt/airflow/dags/send_to_minio.py
[2026-04-04T09:33:54.062+0000] {processor.py:208} INFO - Processing /opt/airflow/dags/send_to_minio.py took 0.060 seconds
[2026-04-04T09:34:24.651+0000] {processor.py:186} INFO - Started process (PID=3443) to work on /opt/airflow/dags/send_to_minio.py
[2026-04-04T09:34:24.652+0000] {processor.py:914} INFO - Processing file /opt/airflow/dags/send_to_minio.py for tasks to queue
[2026-04-04T09:34:24.655+0000] {logging_mixin.py:190} INFO - [2026-04-04T09:34:24.654+0000] {dagbag.py:588} INFO - Filling up the DagBag from /opt/airflow/dags/send_to_minio.py
[2026-04-04T09:34:24.706+0000] {logging_mixin.py:190} INFO - [2026-04-04T09:34:24.702+0000] {dagbag.py:387} ERROR - Failed to import: /opt/airflow/dags/send_to_minio.py
Traceback (most recent call last):
  File "/home/airflow/.local/lib/python3.12/site-packages/airflow/models/dagbag.py", line 383, in parse
    loader.exec_module(new_module)
  File "<frozen importlib._bootstrap_external>", line 999, in exec_module
  File "<frozen importlib._bootstrap>", line 488, in _call_with_frames_removed
  File "/opt/airflow/dags/send_to_minio.py", line 44, in <module>
    repo_links=get_link();
               ^^^^^^^^^^
  File "/opt/airflow/dags/send_to_minio.py", line 4, in get_link
    repo_links=Variable.get("LINKS",deserialize_json=True)
               ^^^^^^^^^^^^^^^^^^^^^^^^^^^^^^^^^^^^^^^^^^^
  File "/home/airflow/.local/lib/python3.12/site-packages/airflow/models/variable.py", line 145, in get
    raise KeyError(f"Variable {key} does not exist")
KeyError: 'Variable LINKS does not exist'
[2026-04-04T09:34:24.707+0000] {processor.py:927} WARNING - No viable dags retrieved from /opt/airflow/dags/send_to_minio.py
[2026-04-04T09:34:24.732+0000] {processor.py:208} INFO - Processing /opt/airflow/dags/send_to_minio.py took 0.092 seconds
[2026-04-04T09:34:55.309+0000] {processor.py:186} INFO - Started process (PID=3484) to work on /opt/airflow/dags/send_to_minio.py
[2026-04-04T09:34:55.317+0000] {processor.py:914} INFO - Processing file /opt/airflow/dags/send_to_minio.py for tasks to queue
[2026-04-04T09:34:55.319+0000] {logging_mixin.py:190} INFO - [2026-04-04T09:34:55.319+0000] {dagbag.py:588} INFO - Filling up the DagBag from /opt/airflow/dags/send_to_minio.py
[2026-04-04T09:34:55.349+0000] {logging_mixin.py:190} INFO - [2026-04-04T09:34:55.347+0000] {dagbag.py:387} ERROR - Failed to import: /opt/airflow/dags/send_to_minio.py
Traceback (most recent call last):
  File "/home/airflow/.local/lib/python3.12/site-packages/airflow/models/dagbag.py", line 383, in parse
    loader.exec_module(new_module)
  File "<frozen importlib._bootstrap_external>", line 999, in exec_module
  File "<frozen importlib._bootstrap>", line 488, in _call_with_frames_removed
  File "/opt/airflow/dags/send_to_minio.py", line 44, in <module>
    repo_links=get_link();
               ^^^^^^^^^^
  File "/opt/airflow/dags/send_to_minio.py", line 4, in get_link
    repo_links=Variable.get("LINKS",deserialize_json=True)
               ^^^^^^^^^^^^^^^^^^^^^^^^^^^^^^^^^^^^^^^^^^^
  File "/home/airflow/.local/lib/python3.12/site-packages/airflow/models/variable.py", line 145, in get
    raise KeyError(f"Variable {key} does not exist")
KeyError: 'Variable LINKS does not exist'
[2026-04-04T09:34:55.349+0000] {processor.py:927} WARNING - No viable dags retrieved from /opt/airflow/dags/send_to_minio.py
[2026-04-04T09:34:55.362+0000] {processor.py:208} INFO - Processing /opt/airflow/dags/send_to_minio.py took 0.060 seconds
[2026-04-04T09:35:25.948+0000] {processor.py:186} INFO - Started process (PID=3525) to work on /opt/airflow/dags/send_to_minio.py
[2026-04-04T09:35:25.949+0000] {processor.py:914} INFO - Processing file /opt/airflow/dags/send_to_minio.py for tasks to queue
[2026-04-04T09:35:25.952+0000] {logging_mixin.py:190} INFO - [2026-04-04T09:35:25.951+0000] {dagbag.py:588} INFO - Filling up the DagBag from /opt/airflow/dags/send_to_minio.py
[2026-04-04T09:35:25.983+0000] {logging_mixin.py:190} INFO - [2026-04-04T09:35:25.980+0000] {dagbag.py:387} ERROR - Failed to import: /opt/airflow/dags/send_to_minio.py
Traceback (most recent call last):
  File "/home/airflow/.local/lib/python3.12/site-packages/airflow/models/dagbag.py", line 383, in parse
    loader.exec_module(new_module)
  File "<frozen importlib._bootstrap_external>", line 999, in exec_module
  File "<frozen importlib._bootstrap>", line 488, in _call_with_frames_removed
  File "/opt/airflow/dags/send_to_minio.py", line 44, in <module>
    repo_links=get_link();
               ^^^^^^^^^^
  File "/opt/airflow/dags/send_to_minio.py", line 4, in get_link
    repo_links=Variable.get("LINKS",deserialize_json=True)
               ^^^^^^^^^^^^^^^^^^^^^^^^^^^^^^^^^^^^^^^^^^^
  File "/home/airflow/.local/lib/python3.12/site-packages/airflow/models/variable.py", line 145, in get
    raise KeyError(f"Variable {key} does not exist")
KeyError: 'Variable LINKS does not exist'
[2026-04-04T09:35:25.985+0000] {processor.py:927} WARNING - No viable dags retrieved from /opt/airflow/dags/send_to_minio.py
[2026-04-04T09:35:26.002+0000] {processor.py:208} INFO - Processing /opt/airflow/dags/send_to_minio.py took 0.063 seconds
