[2026-03-18T14:12:22.833+0000] {processor.py:186} INFO - Started process (PID=5998) to work on /opt/airflow/dags/import_variable.py
[2026-03-18T14:12:22.834+0000] {processor.py:914} INFO - Processing file /opt/airflow/dags/import_variable.py for tasks to queue
[2026-03-18T14:12:22.837+0000] {logging_mixin.py:190} INFO - [2026-03-18T14:12:22.837+0000] {dagbag.py:588} INFO - Filling up the DagBag from /opt/airflow/dags/import_variable.py
[2026-03-18T14:12:22.856+0000] {processor.py:925} INFO - DAG(s) 'tasklar' retrieved from /opt/airflow/dags/import_variable.py
[2026-03-18T14:12:22.892+0000] {logging_mixin.py:190} INFO - [2026-03-18T14:12:22.892+0000] {dag.py:3239} INFO - Sync 1 DAGs
[2026-03-18T14:12:22.935+0000] {logging_mixin.py:190} INFO - [2026-03-18T14:12:22.935+0000] {dag.py:4180} INFO - Setting next_dagrun for tasklar to 2026-03-16 23:30:00+00:00, run_after=2026-03-17 23:30:00+00:00
[2026-03-18T14:12:22.966+0000] {processor.py:208} INFO - Processing /opt/airflow/dags/import_variable.py took 0.141 seconds
[2026-03-18T14:12:53.554+0000] {processor.py:186} INFO - Started process (PID=6034) to work on /opt/airflow/dags/import_variable.py
[2026-03-18T14:12:53.555+0000] {processor.py:914} INFO - Processing file /opt/airflow/dags/import_variable.py for tasks to queue
[2026-03-18T14:12:53.558+0000] {logging_mixin.py:190} INFO - [2026-03-18T14:12:53.558+0000] {dagbag.py:588} INFO - Filling up the DagBag from /opt/airflow/dags/import_variable.py
[2026-03-18T14:12:53.578+0000] {processor.py:925} INFO - DAG(s) 'tasklar' retrieved from /opt/airflow/dags/import_variable.py
[2026-03-18T14:12:53.620+0000] {logging_mixin.py:190} INFO - [2026-03-18T14:12:53.620+0000] {dag.py:3239} INFO - Sync 1 DAGs
[2026-03-18T14:12:53.976+0000] {logging_mixin.py:190} INFO - [2026-03-18T14:12:53.976+0000] {dag.py:4180} INFO - Setting next_dagrun for tasklar to 2026-03-16 23:30:00+00:00, run_after=2026-03-17 23:30:00+00:00
[2026-03-18T14:12:54.001+0000] {processor.py:208} INFO - Processing /opt/airflow/dags/import_variable.py took 0.456 seconds
[2026-03-18T14:13:24.375+0000] {processor.py:186} INFO - Started process (PID=6070) to work on /opt/airflow/dags/import_variable.py
[2026-03-18T14:13:24.376+0000] {processor.py:914} INFO - Processing file /opt/airflow/dags/import_variable.py for tasks to queue
[2026-03-18T14:13:24.382+0000] {logging_mixin.py:190} INFO - [2026-03-18T14:13:24.382+0000] {dagbag.py:588} INFO - Filling up the DagBag from /opt/airflow/dags/import_variable.py
[2026-03-18T14:13:24.405+0000] {processor.py:925} INFO - DAG(s) 'tasklar' retrieved from /opt/airflow/dags/import_variable.py
[2026-03-18T14:13:24.450+0000] {logging_mixin.py:190} INFO - [2026-03-18T14:13:24.450+0000] {dag.py:3239} INFO - Sync 1 DAGs
[2026-03-18T14:13:24.501+0000] {logging_mixin.py:190} INFO - [2026-03-18T14:13:24.501+0000] {dag.py:4180} INFO - Setting next_dagrun for tasklar to 2026-03-16 23:30:00+00:00, run_after=2026-03-17 23:30:00+00:00
[2026-03-18T14:13:24.538+0000] {processor.py:208} INFO - Processing /opt/airflow/dags/import_variable.py took 0.174 seconds
[2026-03-18T14:13:55.134+0000] {processor.py:186} INFO - Started process (PID=6106) to work on /opt/airflow/dags/import_variable.py
[2026-03-18T14:13:55.135+0000] {processor.py:914} INFO - Processing file /opt/airflow/dags/import_variable.py for tasks to queue
[2026-03-18T14:13:55.137+0000] {logging_mixin.py:190} INFO - [2026-03-18T14:13:55.137+0000] {dagbag.py:588} INFO - Filling up the DagBag from /opt/airflow/dags/import_variable.py
[2026-03-18T14:13:55.150+0000] {processor.py:925} INFO - DAG(s) 'tasklar' retrieved from /opt/airflow/dags/import_variable.py
[2026-03-18T14:13:55.183+0000] {logging_mixin.py:190} INFO - [2026-03-18T14:13:55.182+0000] {dag.py:3239} INFO - Sync 1 DAGs
[2026-03-18T14:13:55.218+0000] {logging_mixin.py:190} INFO - [2026-03-18T14:13:55.218+0000] {dag.py:4180} INFO - Setting next_dagrun for tasklar to 2026-03-16 23:30:00+00:00, run_after=2026-03-17 23:30:00+00:00
[2026-03-18T14:13:55.250+0000] {processor.py:208} INFO - Processing /opt/airflow/dags/import_variable.py took 0.122 seconds
[2026-03-18T14:14:25.600+0000] {processor.py:186} INFO - Started process (PID=6142) to work on /opt/airflow/dags/import_variable.py
[2026-03-18T14:14:25.601+0000] {processor.py:914} INFO - Processing file /opt/airflow/dags/import_variable.py for tasks to queue
[2026-03-18T14:14:25.606+0000] {logging_mixin.py:190} INFO - [2026-03-18T14:14:25.605+0000] {dagbag.py:588} INFO - Filling up the DagBag from /opt/airflow/dags/import_variable.py
[2026-03-18T14:14:25.631+0000] {processor.py:925} INFO - DAG(s) 'tasklar' retrieved from /opt/airflow/dags/import_variable.py
[2026-03-18T14:14:25.678+0000] {logging_mixin.py:190} INFO - [2026-03-18T14:14:25.678+0000] {dag.py:3239} INFO - Sync 1 DAGs
[2026-03-18T14:14:25.986+0000] {logging_mixin.py:190} INFO - [2026-03-18T14:14:25.985+0000] {dag.py:4180} INFO - Setting next_dagrun for tasklar to 2026-03-16 23:30:00+00:00, run_after=2026-03-17 23:30:00+00:00
[2026-03-18T14:14:26.025+0000] {processor.py:208} INFO - Processing /opt/airflow/dags/import_variable.py took 0.438 seconds
[2026-03-18T14:15:55.593+0000] {processor.py:186} INFO - Started process (PID=201) to work on /opt/airflow/dags/import_variable.py
[2026-03-18T14:15:55.594+0000] {processor.py:914} INFO - Processing file /opt/airflow/dags/import_variable.py for tasks to queue
[2026-03-18T14:15:55.597+0000] {logging_mixin.py:190} INFO - [2026-03-18T14:15:55.596+0000] {dagbag.py:588} INFO - Filling up the DagBag from /opt/airflow/dags/import_variable.py
[2026-03-18T14:15:55.609+0000] {processor.py:925} INFO - DAG(s) 'tasklar' retrieved from /opt/airflow/dags/import_variable.py
[2026-03-18T14:15:55.643+0000] {logging_mixin.py:190} INFO - [2026-03-18T14:15:55.642+0000] {dag.py:3239} INFO - Sync 1 DAGs
[2026-03-18T14:15:55.679+0000] {logging_mixin.py:190} INFO - [2026-03-18T14:15:55.679+0000] {dag.py:4180} INFO - Setting next_dagrun for tasklar to 2026-03-16 23:30:00+00:00, run_after=2026-03-17 23:30:00+00:00
[2026-03-18T14:15:55.704+0000] {processor.py:208} INFO - Processing /opt/airflow/dags/import_variable.py took 0.118 seconds
[2026-03-18T14:16:26.337+0000] {processor.py:186} INFO - Started process (PID=235) to work on /opt/airflow/dags/import_variable.py
[2026-03-18T14:16:26.338+0000] {processor.py:914} INFO - Processing file /opt/airflow/dags/import_variable.py for tasks to queue
[2026-03-18T14:16:26.340+0000] {logging_mixin.py:190} INFO - [2026-03-18T14:16:26.340+0000] {dagbag.py:588} INFO - Filling up the DagBag from /opt/airflow/dags/import_variable.py
[2026-03-18T14:16:26.355+0000] {processor.py:925} INFO - DAG(s) 'tasklar' retrieved from /opt/airflow/dags/import_variable.py
[2026-03-18T14:16:26.387+0000] {logging_mixin.py:190} INFO - [2026-03-18T14:16:26.386+0000] {dag.py:3239} INFO - Sync 1 DAGs
[2026-03-18T14:16:26.427+0000] {logging_mixin.py:190} INFO - [2026-03-18T14:16:26.427+0000] {dag.py:4180} INFO - Setting next_dagrun for tasklar to 2026-03-16 23:30:00+00:00, run_after=2026-03-17 23:30:00+00:00
[2026-03-18T14:16:26.451+0000] {processor.py:208} INFO - Processing /opt/airflow/dags/import_variable.py took 0.122 seconds
[2026-03-18T14:16:57.049+0000] {processor.py:186} INFO - Started process (PID=277) to work on /opt/airflow/dags/import_variable.py
[2026-03-18T14:16:57.051+0000] {processor.py:914} INFO - Processing file /opt/airflow/dags/import_variable.py for tasks to queue
[2026-03-18T14:16:57.054+0000] {logging_mixin.py:190} INFO - [2026-03-18T14:16:57.053+0000] {dagbag.py:588} INFO - Filling up the DagBag from /opt/airflow/dags/import_variable.py
[2026-03-18T14:16:57.069+0000] {processor.py:925} INFO - DAG(s) 'tasklar' retrieved from /opt/airflow/dags/import_variable.py
[2026-03-18T14:16:57.097+0000] {logging_mixin.py:190} INFO - [2026-03-18T14:16:57.096+0000] {dag.py:3239} INFO - Sync 1 DAGs
[2026-03-18T14:16:57.127+0000] {logging_mixin.py:190} INFO - [2026-03-18T14:16:57.126+0000] {dag.py:4180} INFO - Setting next_dagrun for tasklar to 2026-03-16 23:30:00+00:00, run_after=2026-03-17 23:30:00+00:00
[2026-03-18T14:16:57.149+0000] {processor.py:208} INFO - Processing /opt/airflow/dags/import_variable.py took 0.110 seconds
[2026-03-18T14:17:27.920+0000] {processor.py:186} INFO - Started process (PID=315) to work on /opt/airflow/dags/import_variable.py
[2026-03-18T14:17:27.921+0000] {processor.py:914} INFO - Processing file /opt/airflow/dags/import_variable.py for tasks to queue
[2026-03-18T14:17:27.927+0000] {logging_mixin.py:190} INFO - [2026-03-18T14:17:27.927+0000] {dagbag.py:588} INFO - Filling up the DagBag from /opt/airflow/dags/import_variable.py
[2026-03-18T14:17:27.958+0000] {processor.py:925} INFO - DAG(s) 'tasklar' retrieved from /opt/airflow/dags/import_variable.py
[2026-03-18T14:17:28.018+0000] {logging_mixin.py:190} INFO - [2026-03-18T14:17:28.017+0000] {dag.py:3239} INFO - Sync 1 DAGs
[2026-03-18T14:17:28.090+0000] {logging_mixin.py:190} INFO - [2026-03-18T14:17:28.090+0000] {dag.py:4180} INFO - Setting next_dagrun for tasklar to 2026-03-16 23:30:00+00:00, run_after=2026-03-17 23:30:00+00:00
[2026-03-18T14:17:28.134+0000] {processor.py:208} INFO - Processing /opt/airflow/dags/import_variable.py took 0.228 seconds
[2026-03-18T14:17:58.358+0000] {processor.py:186} INFO - Started process (PID=352) to work on /opt/airflow/dags/import_variable.py
[2026-03-18T14:17:58.362+0000] {processor.py:914} INFO - Processing file /opt/airflow/dags/import_variable.py for tasks to queue
[2026-03-18T14:17:58.367+0000] {logging_mixin.py:190} INFO - [2026-03-18T14:17:58.366+0000] {dagbag.py:588} INFO - Filling up the DagBag from /opt/airflow/dags/import_variable.py
[2026-03-18T14:17:58.402+0000] {processor.py:925} INFO - DAG(s) 'tasklar' retrieved from /opt/airflow/dags/import_variable.py
[2026-03-18T14:17:58.466+0000] {logging_mixin.py:190} INFO - [2026-03-18T14:17:58.465+0000] {dag.py:3239} INFO - Sync 1 DAGs
[2026-03-18T14:17:58.535+0000] {logging_mixin.py:190} INFO - [2026-03-18T14:17:58.534+0000] {dag.py:4180} INFO - Setting next_dagrun for tasklar to 2026-03-16 23:30:00+00:00, run_after=2026-03-17 23:30:00+00:00
[2026-03-18T14:17:58.589+0000] {processor.py:208} INFO - Processing /opt/airflow/dags/import_variable.py took 0.245 seconds
[2026-03-18T14:18:29.415+0000] {processor.py:186} INFO - Started process (PID=388) to work on /opt/airflow/dags/import_variable.py
[2026-03-18T14:18:29.416+0000] {processor.py:914} INFO - Processing file /opt/airflow/dags/import_variable.py for tasks to queue
[2026-03-18T14:18:29.420+0000] {logging_mixin.py:190} INFO - [2026-03-18T14:18:29.419+0000] {dagbag.py:588} INFO - Filling up the DagBag from /opt/airflow/dags/import_variable.py
[2026-03-18T14:18:29.438+0000] {processor.py:925} INFO - DAG(s) 'tasklar' retrieved from /opt/airflow/dags/import_variable.py
[2026-03-18T14:18:29.473+0000] {logging_mixin.py:190} INFO - [2026-03-18T14:18:29.473+0000] {dag.py:3239} INFO - Sync 1 DAGs
[2026-03-18T14:18:29.514+0000] {logging_mixin.py:190} INFO - [2026-03-18T14:18:29.513+0000] {dag.py:4180} INFO - Setting next_dagrun for tasklar to 2026-03-16 23:30:00+00:00, run_after=2026-03-17 23:30:00+00:00
[2026-03-18T14:18:29.544+0000] {processor.py:208} INFO - Processing /opt/airflow/dags/import_variable.py took 0.138 seconds
[2026-03-18T14:19:00.065+0000] {processor.py:186} INFO - Started process (PID=424) to work on /opt/airflow/dags/import_variable.py
[2026-03-18T14:19:00.067+0000] {processor.py:914} INFO - Processing file /opt/airflow/dags/import_variable.py for tasks to queue
[2026-03-18T14:19:00.070+0000] {logging_mixin.py:190} INFO - [2026-03-18T14:19:00.070+0000] {dagbag.py:588} INFO - Filling up the DagBag from /opt/airflow/dags/import_variable.py
[2026-03-18T14:19:00.088+0000] {processor.py:925} INFO - DAG(s) 'tasklar' retrieved from /opt/airflow/dags/import_variable.py
[2026-03-18T14:19:00.124+0000] {logging_mixin.py:190} INFO - [2026-03-18T14:19:00.124+0000] {dag.py:3239} INFO - Sync 1 DAGs
[2026-03-18T14:19:00.162+0000] {logging_mixin.py:190} INFO - [2026-03-18T14:19:00.161+0000] {dag.py:4180} INFO - Setting next_dagrun for tasklar to 2026-03-16 23:30:00+00:00, run_after=2026-03-17 23:30:00+00:00
[2026-03-18T14:19:00.190+0000] {processor.py:208} INFO - Processing /opt/airflow/dags/import_variable.py took 0.133 seconds
[2026-03-18T14:19:30.878+0000] {processor.py:186} INFO - Started process (PID=460) to work on /opt/airflow/dags/import_variable.py
[2026-03-18T14:19:30.880+0000] {processor.py:914} INFO - Processing file /opt/airflow/dags/import_variable.py for tasks to queue
[2026-03-18T14:19:30.882+0000] {logging_mixin.py:190} INFO - [2026-03-18T14:19:30.882+0000] {dagbag.py:588} INFO - Filling up the DagBag from /opt/airflow/dags/import_variable.py
[2026-03-18T14:19:30.895+0000] {processor.py:925} INFO - DAG(s) 'tasklar' retrieved from /opt/airflow/dags/import_variable.py
[2026-03-18T14:19:30.925+0000] {logging_mixin.py:190} INFO - [2026-03-18T14:19:30.925+0000] {dag.py:3239} INFO - Sync 1 DAGs
[2026-03-18T14:19:30.957+0000] {logging_mixin.py:190} INFO - [2026-03-18T14:19:30.957+0000] {dag.py:4180} INFO - Setting next_dagrun for tasklar to 2026-03-16 23:30:00+00:00, run_after=2026-03-17 23:30:00+00:00
[2026-03-18T14:19:30.980+0000] {processor.py:208} INFO - Processing /opt/airflow/dags/import_variable.py took 0.107 seconds
[2026-03-18T14:20:01.773+0000] {processor.py:186} INFO - Started process (PID=496) to work on /opt/airflow/dags/import_variable.py
[2026-03-18T14:20:01.774+0000] {processor.py:914} INFO - Processing file /opt/airflow/dags/import_variable.py for tasks to queue
[2026-03-18T14:20:01.778+0000] {logging_mixin.py:190} INFO - [2026-03-18T14:20:01.777+0000] {dagbag.py:588} INFO - Filling up the DagBag from /opt/airflow/dags/import_variable.py
[2026-03-18T14:20:01.796+0000] {processor.py:925} INFO - DAG(s) 'tasklar' retrieved from /opt/airflow/dags/import_variable.py
[2026-03-18T14:20:01.984+0000] {logging_mixin.py:190} INFO - [2026-03-18T14:20:01.983+0000] {dag.py:3239} INFO - Sync 1 DAGs
[2026-03-18T14:20:02.018+0000] {logging_mixin.py:190} INFO - [2026-03-18T14:20:02.017+0000] {dag.py:4180} INFO - Setting next_dagrun for tasklar to 2026-03-16 23:30:00+00:00, run_after=2026-03-17 23:30:00+00:00
[2026-03-18T14:20:02.041+0000] {processor.py:208} INFO - Processing /opt/airflow/dags/import_variable.py took 0.280 seconds
[2026-03-18T14:20:32.380+0000] {processor.py:186} INFO - Started process (PID=532) to work on /opt/airflow/dags/import_variable.py
[2026-03-18T14:20:32.381+0000] {processor.py:914} INFO - Processing file /opt/airflow/dags/import_variable.py for tasks to queue
[2026-03-18T14:20:32.384+0000] {logging_mixin.py:190} INFO - [2026-03-18T14:20:32.384+0000] {dagbag.py:588} INFO - Filling up the DagBag from /opt/airflow/dags/import_variable.py
[2026-03-18T14:20:32.401+0000] {processor.py:925} INFO - DAG(s) 'tasklar' retrieved from /opt/airflow/dags/import_variable.py
[2026-03-18T14:20:32.436+0000] {logging_mixin.py:190} INFO - [2026-03-18T14:20:32.436+0000] {dag.py:3239} INFO - Sync 1 DAGs
[2026-03-18T14:20:32.474+0000] {logging_mixin.py:190} INFO - [2026-03-18T14:20:32.473+0000] {dag.py:4180} INFO - Setting next_dagrun for tasklar to 2026-03-16 23:30:00+00:00, run_after=2026-03-17 23:30:00+00:00
[2026-03-18T14:20:32.499+0000] {processor.py:208} INFO - Processing /opt/airflow/dags/import_variable.py took 0.127 seconds
[2026-03-18T14:21:03.245+0000] {processor.py:186} INFO - Started process (PID=568) to work on /opt/airflow/dags/import_variable.py
[2026-03-18T14:21:03.247+0000] {processor.py:914} INFO - Processing file /opt/airflow/dags/import_variable.py for tasks to queue
[2026-03-18T14:21:03.255+0000] {logging_mixin.py:190} INFO - [2026-03-18T14:21:03.254+0000] {dagbag.py:588} INFO - Filling up the DagBag from /opt/airflow/dags/import_variable.py
[2026-03-18T14:21:03.284+0000] {processor.py:925} INFO - DAG(s) 'tasklar' retrieved from /opt/airflow/dags/import_variable.py
[2026-03-18T14:21:03.343+0000] {logging_mixin.py:190} INFO - [2026-03-18T14:21:03.342+0000] {dag.py:3239} INFO - Sync 1 DAGs
[2026-03-18T14:21:03.403+0000] {logging_mixin.py:190} INFO - [2026-03-18T14:21:03.403+0000] {dag.py:4180} INFO - Setting next_dagrun for tasklar to 2026-03-16 23:30:00+00:00, run_after=2026-03-17 23:30:00+00:00
[2026-03-18T14:21:03.444+0000] {processor.py:208} INFO - Processing /opt/airflow/dags/import_variable.py took 0.213 seconds
[2026-03-18T14:21:34.107+0000] {processor.py:186} INFO - Started process (PID=604) to work on /opt/airflow/dags/import_variable.py
[2026-03-18T14:21:34.117+0000] {processor.py:914} INFO - Processing file /opt/airflow/dags/import_variable.py for tasks to queue
[2026-03-18T14:21:34.120+0000] {logging_mixin.py:190} INFO - [2026-03-18T14:21:34.119+0000] {dagbag.py:588} INFO - Filling up the DagBag from /opt/airflow/dags/import_variable.py
[2026-03-18T14:21:34.138+0000] {processor.py:925} INFO - DAG(s) 'tasklar' retrieved from /opt/airflow/dags/import_variable.py
[2026-03-18T14:21:34.182+0000] {logging_mixin.py:190} INFO - [2026-03-18T14:21:34.182+0000] {dag.py:3239} INFO - Sync 1 DAGs
[2026-03-18T14:21:34.235+0000] {logging_mixin.py:190} INFO - [2026-03-18T14:21:34.234+0000] {dag.py:4180} INFO - Setting next_dagrun for tasklar to 2026-03-16 23:30:00+00:00, run_after=2026-03-17 23:30:00+00:00
[2026-03-18T14:21:34.267+0000] {processor.py:208} INFO - Processing /opt/airflow/dags/import_variable.py took 0.171 seconds
[2026-03-18T14:22:04.755+0000] {processor.py:186} INFO - Started process (PID=640) to work on /opt/airflow/dags/import_variable.py
[2026-03-18T14:22:04.765+0000] {processor.py:914} INFO - Processing file /opt/airflow/dags/import_variable.py for tasks to queue
[2026-03-18T14:22:04.769+0000] {logging_mixin.py:190} INFO - [2026-03-18T14:22:04.768+0000] {dagbag.py:588} INFO - Filling up the DagBag from /opt/airflow/dags/import_variable.py
[2026-03-18T14:22:04.788+0000] {processor.py:925} INFO - DAG(s) 'tasklar' retrieved from /opt/airflow/dags/import_variable.py
[2026-03-18T14:22:04.827+0000] {logging_mixin.py:190} INFO - [2026-03-18T14:22:04.826+0000] {dag.py:3239} INFO - Sync 1 DAGs
[2026-03-18T14:22:04.867+0000] {logging_mixin.py:190} INFO - [2026-03-18T14:22:04.866+0000] {dag.py:4180} INFO - Setting next_dagrun for tasklar to 2026-03-16 23:30:00+00:00, run_after=2026-03-17 23:30:00+00:00
[2026-03-18T14:22:04.893+0000] {processor.py:208} INFO - Processing /opt/airflow/dags/import_variable.py took 0.147 seconds
[2026-03-18T14:22:35.364+0000] {processor.py:186} INFO - Started process (PID=676) to work on /opt/airflow/dags/import_variable.py
[2026-03-18T14:22:35.365+0000] {processor.py:914} INFO - Processing file /opt/airflow/dags/import_variable.py for tasks to queue
[2026-03-18T14:22:35.369+0000] {logging_mixin.py:190} INFO - [2026-03-18T14:22:35.369+0000] {dagbag.py:588} INFO - Filling up the DagBag from /opt/airflow/dags/import_variable.py
[2026-03-18T14:22:35.387+0000] {processor.py:925} INFO - DAG(s) 'tasklar' retrieved from /opt/airflow/dags/import_variable.py
[2026-03-18T14:22:35.428+0000] {logging_mixin.py:190} INFO - [2026-03-18T14:22:35.427+0000] {dag.py:3239} INFO - Sync 1 DAGs
[2026-03-18T14:22:35.463+0000] {logging_mixin.py:190} INFO - [2026-03-18T14:22:35.463+0000] {dag.py:4180} INFO - Setting next_dagrun for tasklar to 2026-03-16 23:30:00+00:00, run_after=2026-03-17 23:30:00+00:00
[2026-03-18T14:22:35.490+0000] {processor.py:208} INFO - Processing /opt/airflow/dags/import_variable.py took 0.134 seconds
[2026-03-18T14:23:05.909+0000] {processor.py:186} INFO - Started process (PID=712) to work on /opt/airflow/dags/import_variable.py
[2026-03-18T14:23:05.911+0000] {processor.py:914} INFO - Processing file /opt/airflow/dags/import_variable.py for tasks to queue
[2026-03-18T14:23:05.915+0000] {logging_mixin.py:190} INFO - [2026-03-18T14:23:05.914+0000] {dagbag.py:588} INFO - Filling up the DagBag from /opt/airflow/dags/import_variable.py
[2026-03-18T14:23:05.930+0000] {processor.py:925} INFO - DAG(s) 'tasklar' retrieved from /opt/airflow/dags/import_variable.py
[2026-03-18T14:23:05.963+0000] {logging_mixin.py:190} INFO - [2026-03-18T14:23:05.962+0000] {dag.py:3239} INFO - Sync 1 DAGs
[2026-03-18T14:23:05.997+0000] {logging_mixin.py:190} INFO - [2026-03-18T14:23:05.997+0000] {dag.py:4180} INFO - Setting next_dagrun for tasklar to 2026-03-16 23:30:00+00:00, run_after=2026-03-17 23:30:00+00:00
[2026-03-18T14:23:06.024+0000] {processor.py:208} INFO - Processing /opt/airflow/dags/import_variable.py took 0.122 seconds
[2026-03-18T14:23:36.608+0000] {processor.py:186} INFO - Started process (PID=748) to work on /opt/airflow/dags/import_variable.py
[2026-03-18T14:23:36.609+0000] {processor.py:914} INFO - Processing file /opt/airflow/dags/import_variable.py for tasks to queue
[2026-03-18T14:23:36.612+0000] {logging_mixin.py:190} INFO - [2026-03-18T14:23:36.611+0000] {dagbag.py:588} INFO - Filling up the DagBag from /opt/airflow/dags/import_variable.py
[2026-03-18T14:23:36.630+0000] {processor.py:925} INFO - DAG(s) 'tasklar' retrieved from /opt/airflow/dags/import_variable.py
[2026-03-18T14:23:36.668+0000] {logging_mixin.py:190} INFO - [2026-03-18T14:23:36.668+0000] {dag.py:3239} INFO - Sync 1 DAGs
[2026-03-18T14:23:36.708+0000] {logging_mixin.py:190} INFO - [2026-03-18T14:23:36.708+0000] {dag.py:4180} INFO - Setting next_dagrun for tasklar to 2026-03-16 23:30:00+00:00, run_after=2026-03-17 23:30:00+00:00
[2026-03-18T14:23:36.737+0000] {processor.py:208} INFO - Processing /opt/airflow/dags/import_variable.py took 0.138 seconds
[2026-03-18T14:24:58.235+0000] {processor.py:186} INFO - Started process (PID=219) to work on /opt/airflow/dags/import_variable.py
[2026-03-18T14:24:58.236+0000] {processor.py:914} INFO - Processing file /opt/airflow/dags/import_variable.py for tasks to queue
[2026-03-18T14:24:58.240+0000] {logging_mixin.py:190} INFO - [2026-03-18T14:24:58.239+0000] {dagbag.py:588} INFO - Filling up the DagBag from /opt/airflow/dags/import_variable.py
[2026-03-18T14:24:58.265+0000] {processor.py:925} INFO - DAG(s) 'tasklar' retrieved from /opt/airflow/dags/import_variable.py
[2026-03-18T14:24:58.307+0000] {logging_mixin.py:190} INFO - [2026-03-18T14:24:58.306+0000] {dag.py:3239} INFO - Sync 1 DAGs
[2026-03-18T14:24:58.349+0000] {logging_mixin.py:190} INFO - [2026-03-18T14:24:58.349+0000] {dag.py:4180} INFO - Setting next_dagrun for tasklar to 2026-03-16 23:30:00+00:00, run_after=2026-03-17 23:30:00+00:00
[2026-03-18T14:24:58.379+0000] {processor.py:208} INFO - Processing /opt/airflow/dags/import_variable.py took 0.153 seconds
[2026-03-18T14:25:29.235+0000] {processor.py:186} INFO - Started process (PID=255) to work on /opt/airflow/dags/import_variable.py
[2026-03-18T14:25:29.236+0000] {processor.py:914} INFO - Processing file /opt/airflow/dags/import_variable.py for tasks to queue
[2026-03-18T14:25:29.239+0000] {logging_mixin.py:190} INFO - [2026-03-18T14:25:29.239+0000] {dagbag.py:588} INFO - Filling up the DagBag from /opt/airflow/dags/import_variable.py
[2026-03-18T14:25:29.256+0000] {processor.py:925} INFO - DAG(s) 'tasklar' retrieved from /opt/airflow/dags/import_variable.py
[2026-03-18T14:25:29.290+0000] {logging_mixin.py:190} INFO - [2026-03-18T14:25:29.290+0000] {dag.py:3239} INFO - Sync 1 DAGs
[2026-03-18T14:25:29.330+0000] {logging_mixin.py:190} INFO - [2026-03-18T14:25:29.329+0000] {dag.py:4180} INFO - Setting next_dagrun for tasklar to 2026-03-16 23:30:00+00:00, run_after=2026-03-17 23:30:00+00:00
[2026-03-18T14:25:29.357+0000] {processor.py:208} INFO - Processing /opt/airflow/dags/import_variable.py took 0.130 seconds
[2026-03-18T14:25:59.972+0000] {processor.py:186} INFO - Started process (PID=297) to work on /opt/airflow/dags/import_variable.py
[2026-03-18T14:25:59.973+0000] {processor.py:914} INFO - Processing file /opt/airflow/dags/import_variable.py for tasks to queue
[2026-03-18T14:25:59.977+0000] {logging_mixin.py:190} INFO - [2026-03-18T14:25:59.977+0000] {dagbag.py:588} INFO - Filling up the DagBag from /opt/airflow/dags/import_variable.py
[2026-03-18T14:25:59.993+0000] {processor.py:925} INFO - DAG(s) 'tasklar' retrieved from /opt/airflow/dags/import_variable.py
[2026-03-18T14:26:00.026+0000] {logging_mixin.py:190} INFO - [2026-03-18T14:26:00.025+0000] {dag.py:3239} INFO - Sync 1 DAGs
[2026-03-18T14:26:00.060+0000] {logging_mixin.py:190} INFO - [2026-03-18T14:26:00.060+0000] {dag.py:4180} INFO - Setting next_dagrun for tasklar to 2026-03-16 23:30:00+00:00, run_after=2026-03-17 23:30:00+00:00
[2026-03-18T14:26:00.086+0000] {processor.py:208} INFO - Processing /opt/airflow/dags/import_variable.py took 0.122 seconds
[2026-03-18T14:26:30.676+0000] {processor.py:186} INFO - Started process (PID=333) to work on /opt/airflow/dags/import_variable.py
[2026-03-18T14:26:30.677+0000] {processor.py:914} INFO - Processing file /opt/airflow/dags/import_variable.py for tasks to queue
[2026-03-18T14:26:30.680+0000] {logging_mixin.py:190} INFO - [2026-03-18T14:26:30.679+0000] {dagbag.py:588} INFO - Filling up the DagBag from /opt/airflow/dags/import_variable.py
[2026-03-18T14:26:30.695+0000] {processor.py:925} INFO - DAG(s) 'tasklar' retrieved from /opt/airflow/dags/import_variable.py
[2026-03-18T14:26:30.729+0000] {logging_mixin.py:190} INFO - [2026-03-18T14:26:30.729+0000] {dag.py:3239} INFO - Sync 1 DAGs
[2026-03-18T14:26:30.782+0000] {logging_mixin.py:190} INFO - [2026-03-18T14:26:30.781+0000] {dag.py:4180} INFO - Setting next_dagrun for tasklar to 2026-03-16 23:30:00+00:00, run_after=2026-03-17 23:30:00+00:00
[2026-03-18T14:26:30.818+0000] {processor.py:208} INFO - Processing /opt/airflow/dags/import_variable.py took 0.153 seconds
[2026-03-18T14:27:01.452+0000] {processor.py:186} INFO - Started process (PID=369) to work on /opt/airflow/dags/import_variable.py
[2026-03-18T14:27:01.453+0000] {processor.py:914} INFO - Processing file /opt/airflow/dags/import_variable.py for tasks to queue
[2026-03-18T14:27:01.457+0000] {logging_mixin.py:190} INFO - [2026-03-18T14:27:01.457+0000] {dagbag.py:588} INFO - Filling up the DagBag from /opt/airflow/dags/import_variable.py
[2026-03-18T14:27:01.478+0000] {processor.py:925} INFO - DAG(s) 'tasklar' retrieved from /opt/airflow/dags/import_variable.py
[2026-03-18T14:27:01.516+0000] {logging_mixin.py:190} INFO - [2026-03-18T14:27:01.515+0000] {dag.py:3239} INFO - Sync 1 DAGs
[2026-03-18T14:27:01.556+0000] {logging_mixin.py:190} INFO - [2026-03-18T14:27:01.556+0000] {dag.py:4180} INFO - Setting next_dagrun for tasklar to 2026-03-16 23:30:00+00:00, run_after=2026-03-17 23:30:00+00:00
[2026-03-18T14:27:01.585+0000] {processor.py:208} INFO - Processing /opt/airflow/dags/import_variable.py took 0.143 seconds
[2026-03-18T14:27:32.200+0000] {processor.py:186} INFO - Started process (PID=407) to work on /opt/airflow/dags/import_variable.py
[2026-03-18T14:27:32.201+0000] {processor.py:914} INFO - Processing file /opt/airflow/dags/import_variable.py for tasks to queue
[2026-03-18T14:27:32.205+0000] {logging_mixin.py:190} INFO - [2026-03-18T14:27:32.205+0000] {dagbag.py:588} INFO - Filling up the DagBag from /opt/airflow/dags/import_variable.py
[2026-03-18T14:27:32.222+0000] {processor.py:925} INFO - DAG(s) 'tasklar' retrieved from /opt/airflow/dags/import_variable.py
[2026-03-18T14:27:32.258+0000] {logging_mixin.py:190} INFO - [2026-03-18T14:27:32.258+0000] {dag.py:3239} INFO - Sync 1 DAGs
[2026-03-18T14:27:32.299+0000] {logging_mixin.py:190} INFO - [2026-03-18T14:27:32.298+0000] {dag.py:4180} INFO - Setting next_dagrun for tasklar to 2026-03-16 23:30:00+00:00, run_after=2026-03-17 23:30:00+00:00
[2026-03-18T14:27:32.330+0000] {processor.py:208} INFO - Processing /opt/airflow/dags/import_variable.py took 0.140 seconds
[2026-03-18T14:28:02.937+0000] {processor.py:186} INFO - Started process (PID=441) to work on /opt/airflow/dags/import_variable.py
[2026-03-18T14:28:02.939+0000] {processor.py:914} INFO - Processing file /opt/airflow/dags/import_variable.py for tasks to queue
[2026-03-18T14:28:02.942+0000] {logging_mixin.py:190} INFO - [2026-03-18T14:28:02.941+0000] {dagbag.py:588} INFO - Filling up the DagBag from /opt/airflow/dags/import_variable.py
[2026-03-18T14:28:02.961+0000] {processor.py:925} INFO - DAG(s) 'tasklar' retrieved from /opt/airflow/dags/import_variable.py
[2026-03-18T14:28:03.000+0000] {logging_mixin.py:190} INFO - [2026-03-18T14:28:03.000+0000] {dag.py:3239} INFO - Sync 1 DAGs
[2026-03-18T14:28:03.043+0000] {logging_mixin.py:190} INFO - [2026-03-18T14:28:03.042+0000] {dag.py:4180} INFO - Setting next_dagrun for tasklar to 2026-03-16 23:30:00+00:00, run_after=2026-03-17 23:30:00+00:00
[2026-03-18T14:28:03.070+0000] {processor.py:208} INFO - Processing /opt/airflow/dags/import_variable.py took 0.140 seconds
[2026-03-18T14:28:33.641+0000] {processor.py:186} INFO - Started process (PID=479) to work on /opt/airflow/dags/import_variable.py
[2026-03-18T14:28:33.642+0000] {processor.py:914} INFO - Processing file /opt/airflow/dags/import_variable.py for tasks to queue
[2026-03-18T14:28:33.644+0000] {logging_mixin.py:190} INFO - [2026-03-18T14:28:33.643+0000] {dagbag.py:588} INFO - Filling up the DagBag from /opt/airflow/dags/import_variable.py
[2026-03-18T14:28:33.656+0000] {processor.py:925} INFO - DAG(s) 'tasklar' retrieved from /opt/airflow/dags/import_variable.py
[2026-03-18T14:28:33.685+0000] {logging_mixin.py:190} INFO - [2026-03-18T14:28:33.684+0000] {dag.py:3239} INFO - Sync 1 DAGs
[2026-03-18T14:28:33.711+0000] {logging_mixin.py:190} INFO - [2026-03-18T14:28:33.711+0000] {dag.py:4180} INFO - Setting next_dagrun for tasklar to 2026-03-16 23:30:00+00:00, run_after=2026-03-17 23:30:00+00:00
[2026-03-18T14:28:33.736+0000] {processor.py:208} INFO - Processing /opt/airflow/dags/import_variable.py took 0.101 seconds
[2026-03-18T14:29:04.371+0000] {processor.py:186} INFO - Started process (PID=513) to work on /opt/airflow/dags/import_variable.py
[2026-03-18T14:29:04.372+0000] {processor.py:914} INFO - Processing file /opt/airflow/dags/import_variable.py for tasks to queue
[2026-03-18T14:29:04.374+0000] {logging_mixin.py:190} INFO - [2026-03-18T14:29:04.374+0000] {dagbag.py:588} INFO - Filling up the DagBag from /opt/airflow/dags/import_variable.py
[2026-03-18T14:29:04.390+0000] {processor.py:925} INFO - DAG(s) 'tasklar' retrieved from /opt/airflow/dags/import_variable.py
[2026-03-18T14:29:04.417+0000] {logging_mixin.py:190} INFO - [2026-03-18T14:29:04.417+0000] {dag.py:3239} INFO - Sync 1 DAGs
[2026-03-18T14:29:04.447+0000] {logging_mixin.py:190} INFO - [2026-03-18T14:29:04.447+0000] {dag.py:4180} INFO - Setting next_dagrun for tasklar to 2026-03-16 23:30:00+00:00, run_after=2026-03-17 23:30:00+00:00
[2026-03-18T14:29:04.468+0000] {processor.py:208} INFO - Processing /opt/airflow/dags/import_variable.py took 0.110 seconds
[2026-03-18T14:29:35.053+0000] {processor.py:186} INFO - Started process (PID=549) to work on /opt/airflow/dags/import_variable.py
[2026-03-18T14:29:35.054+0000] {processor.py:914} INFO - Processing file /opt/airflow/dags/import_variable.py for tasks to queue
[2026-03-18T14:29:35.056+0000] {logging_mixin.py:190} INFO - [2026-03-18T14:29:35.056+0000] {dagbag.py:588} INFO - Filling up the DagBag from /opt/airflow/dags/import_variable.py
[2026-03-18T14:29:35.075+0000] {processor.py:925} INFO - DAG(s) 'tasklar' retrieved from /opt/airflow/dags/import_variable.py
[2026-03-18T14:29:35.115+0000] {logging_mixin.py:190} INFO - [2026-03-18T14:29:35.114+0000] {dag.py:3239} INFO - Sync 1 DAGs
[2026-03-18T14:29:35.166+0000] {logging_mixin.py:190} INFO - [2026-03-18T14:29:35.166+0000] {dag.py:4180} INFO - Setting next_dagrun for tasklar to 2026-03-16 23:30:00+00:00, run_after=2026-03-17 23:30:00+00:00
[2026-03-18T14:29:35.198+0000] {processor.py:208} INFO - Processing /opt/airflow/dags/import_variable.py took 0.151 seconds
[2026-03-18T14:30:05.758+0000] {processor.py:186} INFO - Started process (PID=587) to work on /opt/airflow/dags/import_variable.py
[2026-03-18T14:30:05.759+0000] {processor.py:914} INFO - Processing file /opt/airflow/dags/import_variable.py for tasks to queue
[2026-03-18T14:30:05.761+0000] {logging_mixin.py:190} INFO - [2026-03-18T14:30:05.761+0000] {dagbag.py:588} INFO - Filling up the DagBag from /opt/airflow/dags/import_variable.py
[2026-03-18T14:30:05.774+0000] {processor.py:925} INFO - DAG(s) 'tasklar' retrieved from /opt/airflow/dags/import_variable.py
[2026-03-18T14:30:05.804+0000] {logging_mixin.py:190} INFO - [2026-03-18T14:30:05.803+0000] {dag.py:3239} INFO - Sync 1 DAGs
[2026-03-18T14:30:05.832+0000] {logging_mixin.py:190} INFO - [2026-03-18T14:30:05.832+0000] {dag.py:4180} INFO - Setting next_dagrun for tasklar to 2026-03-16 23:30:00+00:00, run_after=2026-03-17 23:30:00+00:00
[2026-03-18T14:30:05.854+0000] {processor.py:208} INFO - Processing /opt/airflow/dags/import_variable.py took 0.102 seconds
[2026-03-18T14:30:36.467+0000] {processor.py:186} INFO - Started process (PID=621) to work on /opt/airflow/dags/import_variable.py
[2026-03-18T14:30:36.468+0000] {processor.py:914} INFO - Processing file /opt/airflow/dags/import_variable.py for tasks to queue
[2026-03-18T14:30:36.472+0000] {logging_mixin.py:190} INFO - [2026-03-18T14:30:36.471+0000] {dagbag.py:588} INFO - Filling up the DagBag from /opt/airflow/dags/import_variable.py
[2026-03-18T14:30:36.490+0000] {processor.py:925} INFO - DAG(s) 'tasklar' retrieved from /opt/airflow/dags/import_variable.py
[2026-03-18T14:30:36.529+0000] {logging_mixin.py:190} INFO - [2026-03-18T14:30:36.528+0000] {dag.py:3239} INFO - Sync 1 DAGs
[2026-03-18T14:30:36.570+0000] {logging_mixin.py:190} INFO - [2026-03-18T14:30:36.570+0000] {dag.py:4180} INFO - Setting next_dagrun for tasklar to 2026-03-16 23:30:00+00:00, run_after=2026-03-17 23:30:00+00:00
[2026-03-18T14:30:36.598+0000] {processor.py:208} INFO - Processing /opt/airflow/dags/import_variable.py took 0.141 seconds
[2026-03-18T14:31:07.189+0000] {processor.py:186} INFO - Started process (PID=657) to work on /opt/airflow/dags/import_variable.py
[2026-03-18T14:31:07.190+0000] {processor.py:914} INFO - Processing file /opt/airflow/dags/import_variable.py for tasks to queue
[2026-03-18T14:31:07.193+0000] {logging_mixin.py:190} INFO - [2026-03-18T14:31:07.192+0000] {dagbag.py:588} INFO - Filling up the DagBag from /opt/airflow/dags/import_variable.py
[2026-03-18T14:31:07.205+0000] {processor.py:925} INFO - DAG(s) 'tasklar' retrieved from /opt/airflow/dags/import_variable.py
[2026-03-18T14:31:07.237+0000] {logging_mixin.py:190} INFO - [2026-03-18T14:31:07.236+0000] {dag.py:3239} INFO - Sync 1 DAGs
[2026-03-18T14:31:07.265+0000] {logging_mixin.py:190} INFO - [2026-03-18T14:31:07.264+0000] {dag.py:4180} INFO - Setting next_dagrun for tasklar to 2026-03-16 23:30:00+00:00, run_after=2026-03-17 23:30:00+00:00
[2026-03-18T14:31:07.292+0000] {processor.py:208} INFO - Processing /opt/airflow/dags/import_variable.py took 0.111 seconds
[2026-03-18T14:31:37.858+0000] {processor.py:186} INFO - Started process (PID=693) to work on /opt/airflow/dags/import_variable.py
[2026-03-18T14:31:37.859+0000] {processor.py:914} INFO - Processing file /opt/airflow/dags/import_variable.py for tasks to queue
[2026-03-18T14:31:37.862+0000] {logging_mixin.py:190} INFO - [2026-03-18T14:31:37.861+0000] {dagbag.py:588} INFO - Filling up the DagBag from /opt/airflow/dags/import_variable.py
[2026-03-18T14:31:37.877+0000] {processor.py:925} INFO - DAG(s) 'tasklar' retrieved from /opt/airflow/dags/import_variable.py
[2026-03-18T14:31:37.909+0000] {logging_mixin.py:190} INFO - [2026-03-18T14:31:37.909+0000] {dag.py:3239} INFO - Sync 1 DAGs
[2026-03-18T14:31:37.942+0000] {logging_mixin.py:190} INFO - [2026-03-18T14:31:37.942+0000] {dag.py:4180} INFO - Setting next_dagrun for tasklar to 2026-03-16 23:30:00+00:00, run_after=2026-03-17 23:30:00+00:00
[2026-03-18T14:31:37.964+0000] {processor.py:208} INFO - Processing /opt/airflow/dags/import_variable.py took 0.114 seconds
[2026-03-18T14:32:08.527+0000] {processor.py:186} INFO - Started process (PID=729) to work on /opt/airflow/dags/import_variable.py
[2026-03-18T14:32:08.528+0000] {processor.py:914} INFO - Processing file /opt/airflow/dags/import_variable.py for tasks to queue
[2026-03-18T14:32:08.531+0000] {logging_mixin.py:190} INFO - [2026-03-18T14:32:08.530+0000] {dagbag.py:588} INFO - Filling up the DagBag from /opt/airflow/dags/import_variable.py
[2026-03-18T14:32:08.551+0000] {processor.py:925} INFO - DAG(s) 'tasklar' retrieved from /opt/airflow/dags/import_variable.py
[2026-03-18T14:32:08.586+0000] {logging_mixin.py:190} INFO - [2026-03-18T14:32:08.585+0000] {dag.py:3239} INFO - Sync 1 DAGs
[2026-03-18T14:32:08.623+0000] {logging_mixin.py:190} INFO - [2026-03-18T14:32:08.623+0000] {dag.py:4180} INFO - Setting next_dagrun for tasklar to 2026-03-16 23:30:00+00:00, run_after=2026-03-17 23:30:00+00:00
[2026-03-18T14:32:08.651+0000] {processor.py:208} INFO - Processing /opt/airflow/dags/import_variable.py took 0.132 seconds
[2026-03-18T14:32:39.214+0000] {processor.py:186} INFO - Started process (PID=765) to work on /opt/airflow/dags/import_variable.py
[2026-03-18T14:32:39.215+0000] {processor.py:914} INFO - Processing file /opt/airflow/dags/import_variable.py for tasks to queue
[2026-03-18T14:32:39.219+0000] {logging_mixin.py:190} INFO - [2026-03-18T14:32:39.218+0000] {dagbag.py:588} INFO - Filling up the DagBag from /opt/airflow/dags/import_variable.py
[2026-03-18T14:32:39.238+0000] {processor.py:925} INFO - DAG(s) 'tasklar' retrieved from /opt/airflow/dags/import_variable.py
[2026-03-18T14:32:39.278+0000] {logging_mixin.py:190} INFO - [2026-03-18T14:32:39.278+0000] {dag.py:3239} INFO - Sync 1 DAGs
[2026-03-18T14:32:39.320+0000] {logging_mixin.py:190} INFO - [2026-03-18T14:32:39.319+0000] {dag.py:4180} INFO - Setting next_dagrun for tasklar to 2026-03-16 23:30:00+00:00, run_after=2026-03-17 23:30:00+00:00
[2026-03-18T14:32:39.345+0000] {processor.py:208} INFO - Processing /opt/airflow/dags/import_variable.py took 0.139 seconds
[2026-03-18T14:33:09.929+0000] {processor.py:186} INFO - Started process (PID=801) to work on /opt/airflow/dags/import_variable.py
[2026-03-18T14:33:09.930+0000] {processor.py:914} INFO - Processing file /opt/airflow/dags/import_variable.py for tasks to queue
[2026-03-18T14:33:09.934+0000] {logging_mixin.py:190} INFO - [2026-03-18T14:33:09.933+0000] {dagbag.py:588} INFO - Filling up the DagBag from /opt/airflow/dags/import_variable.py
[2026-03-18T14:33:09.952+0000] {processor.py:925} INFO - DAG(s) 'tasklar' retrieved from /opt/airflow/dags/import_variable.py
[2026-03-18T14:33:09.990+0000] {logging_mixin.py:190} INFO - [2026-03-18T14:33:09.990+0000] {dag.py:3239} INFO - Sync 1 DAGs
[2026-03-18T14:33:10.035+0000] {logging_mixin.py:190} INFO - [2026-03-18T14:33:10.034+0000] {dag.py:4180} INFO - Setting next_dagrun for tasklar to 2026-03-16 23:30:00+00:00, run_after=2026-03-17 23:30:00+00:00
[2026-03-18T14:33:10.063+0000] {processor.py:208} INFO - Processing /opt/airflow/dags/import_variable.py took 0.143 seconds
[2026-03-18T14:33:40.650+0000] {processor.py:186} INFO - Started process (PID=839) to work on /opt/airflow/dags/import_variable.py
[2026-03-18T14:33:40.652+0000] {processor.py:914} INFO - Processing file /opt/airflow/dags/import_variable.py for tasks to queue
[2026-03-18T14:33:40.656+0000] {logging_mixin.py:190} INFO - [2026-03-18T14:33:40.655+0000] {dagbag.py:588} INFO - Filling up the DagBag from /opt/airflow/dags/import_variable.py
[2026-03-18T14:33:40.672+0000] {processor.py:925} INFO - DAG(s) 'tasklar' retrieved from /opt/airflow/dags/import_variable.py
[2026-03-18T14:33:40.707+0000] {logging_mixin.py:190} INFO - [2026-03-18T14:33:40.706+0000] {dag.py:3239} INFO - Sync 1 DAGs
[2026-03-18T14:33:40.745+0000] {logging_mixin.py:190} INFO - [2026-03-18T14:33:40.745+0000] {dag.py:4180} INFO - Setting next_dagrun for tasklar to 2026-03-16 23:30:00+00:00, run_after=2026-03-17 23:30:00+00:00
[2026-03-18T14:33:40.782+0000] {processor.py:208} INFO - Processing /opt/airflow/dags/import_variable.py took 0.143 seconds
[2026-03-18T14:34:11.429+0000] {processor.py:186} INFO - Started process (PID=874) to work on /opt/airflow/dags/import_variable.py
[2026-03-18T14:34:11.430+0000] {processor.py:914} INFO - Processing file /opt/airflow/dags/import_variable.py for tasks to queue
[2026-03-18T14:34:11.433+0000] {logging_mixin.py:190} INFO - [2026-03-18T14:34:11.432+0000] {dagbag.py:588} INFO - Filling up the DagBag from /opt/airflow/dags/import_variable.py
[2026-03-18T14:34:11.453+0000] {processor.py:925} INFO - DAG(s) 'tasklar' retrieved from /opt/airflow/dags/import_variable.py
[2026-03-18T14:34:11.490+0000] {logging_mixin.py:190} INFO - [2026-03-18T14:34:11.489+0000] {dag.py:3239} INFO - Sync 1 DAGs
[2026-03-18T14:34:11.523+0000] {logging_mixin.py:190} INFO - [2026-03-18T14:34:11.523+0000] {dag.py:4180} INFO - Setting next_dagrun for tasklar to 2026-03-16 23:30:00+00:00, run_after=2026-03-17 23:30:00+00:00
[2026-03-18T14:34:11.550+0000] {processor.py:208} INFO - Processing /opt/airflow/dags/import_variable.py took 0.131 seconds
[2026-03-18T14:34:42.118+0000] {processor.py:186} INFO - Started process (PID=910) to work on /opt/airflow/dags/import_variable.py
[2026-03-18T14:34:42.119+0000] {processor.py:914} INFO - Processing file /opt/airflow/dags/import_variable.py for tasks to queue
[2026-03-18T14:34:42.122+0000] {logging_mixin.py:190} INFO - [2026-03-18T14:34:42.122+0000] {dagbag.py:588} INFO - Filling up the DagBag from /opt/airflow/dags/import_variable.py
[2026-03-18T14:34:42.144+0000] {processor.py:925} INFO - DAG(s) 'tasklar' retrieved from /opt/airflow/dags/import_variable.py
[2026-03-18T14:34:42.176+0000] {logging_mixin.py:190} INFO - [2026-03-18T14:34:42.176+0000] {dag.py:3239} INFO - Sync 1 DAGs
[2026-03-18T14:34:42.215+0000] {logging_mixin.py:190} INFO - [2026-03-18T14:34:42.215+0000] {dag.py:4180} INFO - Setting next_dagrun for tasklar to 2026-03-16 23:30:00+00:00, run_after=2026-03-17 23:30:00+00:00
[2026-03-18T14:34:42.241+0000] {processor.py:208} INFO - Processing /opt/airflow/dags/import_variable.py took 0.130 seconds
[2026-03-18T14:35:12.839+0000] {processor.py:186} INFO - Started process (PID=946) to work on /opt/airflow/dags/import_variable.py
[2026-03-18T14:35:12.840+0000] {processor.py:914} INFO - Processing file /opt/airflow/dags/import_variable.py for tasks to queue
[2026-03-18T14:35:12.843+0000] {logging_mixin.py:190} INFO - [2026-03-18T14:35:12.843+0000] {dagbag.py:588} INFO - Filling up the DagBag from /opt/airflow/dags/import_variable.py
[2026-03-18T14:35:12.860+0000] {processor.py:925} INFO - DAG(s) 'tasklar' retrieved from /opt/airflow/dags/import_variable.py
[2026-03-18T14:35:12.898+0000] {logging_mixin.py:190} INFO - [2026-03-18T14:35:12.897+0000] {dag.py:3239} INFO - Sync 1 DAGs
[2026-03-18T14:35:12.938+0000] {logging_mixin.py:190} INFO - [2026-03-18T14:35:12.938+0000] {dag.py:4180} INFO - Setting next_dagrun for tasklar to 2026-03-16 23:30:00+00:00, run_after=2026-03-17 23:30:00+00:00
[2026-03-18T14:35:12.968+0000] {processor.py:208} INFO - Processing /opt/airflow/dags/import_variable.py took 0.138 seconds
[2026-03-18T14:35:43.557+0000] {processor.py:186} INFO - Started process (PID=982) to work on /opt/airflow/dags/import_variable.py
[2026-03-18T14:35:43.558+0000] {processor.py:914} INFO - Processing file /opt/airflow/dags/import_variable.py for tasks to queue
[2026-03-18T14:35:43.561+0000] {logging_mixin.py:190} INFO - [2026-03-18T14:35:43.561+0000] {dagbag.py:588} INFO - Filling up the DagBag from /opt/airflow/dags/import_variable.py
[2026-03-18T14:35:43.578+0000] {processor.py:925} INFO - DAG(s) 'tasklar' retrieved from /opt/airflow/dags/import_variable.py
[2026-03-18T14:35:43.615+0000] {logging_mixin.py:190} INFO - [2026-03-18T14:35:43.615+0000] {dag.py:3239} INFO - Sync 1 DAGs
[2026-03-18T14:35:43.653+0000] {logging_mixin.py:190} INFO - [2026-03-18T14:35:43.653+0000] {dag.py:4180} INFO - Setting next_dagrun for tasklar to 2026-03-16 23:30:00+00:00, run_after=2026-03-17 23:30:00+00:00
[2026-03-18T14:35:43.682+0000] {processor.py:208} INFO - Processing /opt/airflow/dags/import_variable.py took 0.132 seconds
[2026-03-18T14:36:14.290+0000] {processor.py:186} INFO - Started process (PID=1018) to work on /opt/airflow/dags/import_variable.py
[2026-03-18T14:36:14.292+0000] {processor.py:914} INFO - Processing file /opt/airflow/dags/import_variable.py for tasks to queue
[2026-03-18T14:36:14.295+0000] {logging_mixin.py:190} INFO - [2026-03-18T14:36:14.294+0000] {dagbag.py:588} INFO - Filling up the DagBag from /opt/airflow/dags/import_variable.py
[2026-03-18T14:36:14.311+0000] {processor.py:925} INFO - DAG(s) 'tasklar' retrieved from /opt/airflow/dags/import_variable.py
[2026-03-18T14:36:14.345+0000] {logging_mixin.py:190} INFO - [2026-03-18T14:36:14.345+0000] {dag.py:3239} INFO - Sync 1 DAGs
[2026-03-18T14:36:14.384+0000] {logging_mixin.py:190} INFO - [2026-03-18T14:36:14.383+0000] {dag.py:4180} INFO - Setting next_dagrun for tasklar to 2026-03-16 23:30:00+00:00, run_after=2026-03-17 23:30:00+00:00
[2026-03-18T14:36:14.408+0000] {processor.py:208} INFO - Processing /opt/airflow/dags/import_variable.py took 0.126 seconds
[2026-03-18T14:36:45.039+0000] {processor.py:186} INFO - Started process (PID=1054) to work on /opt/airflow/dags/import_variable.py
[2026-03-18T14:36:45.040+0000] {processor.py:914} INFO - Processing file /opt/airflow/dags/import_variable.py for tasks to queue
[2026-03-18T14:36:45.042+0000] {logging_mixin.py:190} INFO - [2026-03-18T14:36:45.042+0000] {dagbag.py:588} INFO - Filling up the DagBag from /opt/airflow/dags/import_variable.py
[2026-03-18T14:36:45.061+0000] {processor.py:925} INFO - DAG(s) 'tasklar' retrieved from /opt/airflow/dags/import_variable.py
[2026-03-18T14:36:45.101+0000] {logging_mixin.py:190} INFO - [2026-03-18T14:36:45.101+0000] {dag.py:3239} INFO - Sync 1 DAGs
[2026-03-18T14:36:45.136+0000] {logging_mixin.py:190} INFO - [2026-03-18T14:36:45.135+0000] {dag.py:4180} INFO - Setting next_dagrun for tasklar to 2026-03-16 23:30:00+00:00, run_after=2026-03-17 23:30:00+00:00
[2026-03-18T14:36:45.162+0000] {processor.py:208} INFO - Processing /opt/airflow/dags/import_variable.py took 0.131 seconds
[2026-03-18T14:37:15.725+0000] {processor.py:186} INFO - Started process (PID=1092) to work on /opt/airflow/dags/import_variable.py
[2026-03-18T14:37:15.726+0000] {processor.py:914} INFO - Processing file /opt/airflow/dags/import_variable.py for tasks to queue
[2026-03-18T14:37:15.729+0000] {logging_mixin.py:190} INFO - [2026-03-18T14:37:15.729+0000] {dagbag.py:588} INFO - Filling up the DagBag from /opt/airflow/dags/import_variable.py
[2026-03-18T14:37:15.743+0000] {processor.py:925} INFO - DAG(s) 'tasklar' retrieved from /opt/airflow/dags/import_variable.py
[2026-03-18T14:37:15.778+0000] {logging_mixin.py:190} INFO - [2026-03-18T14:37:15.777+0000] {dag.py:3239} INFO - Sync 1 DAGs
[2026-03-18T14:37:15.819+0000] {logging_mixin.py:190} INFO - [2026-03-18T14:37:15.819+0000] {dag.py:4180} INFO - Setting next_dagrun for tasklar to 2026-03-16 23:30:00+00:00, run_after=2026-03-17 23:30:00+00:00
[2026-03-18T14:37:15.848+0000] {processor.py:208} INFO - Processing /opt/airflow/dags/import_variable.py took 0.130 seconds
[2026-03-18T14:37:46.483+0000] {processor.py:186} INFO - Started process (PID=1126) to work on /opt/airflow/dags/import_variable.py
[2026-03-18T14:37:46.484+0000] {processor.py:914} INFO - Processing file /opt/airflow/dags/import_variable.py for tasks to queue
[2026-03-18T14:37:46.487+0000] {logging_mixin.py:190} INFO - [2026-03-18T14:37:46.486+0000] {dagbag.py:588} INFO - Filling up the DagBag from /opt/airflow/dags/import_variable.py
[2026-03-18T14:37:46.504+0000] {processor.py:925} INFO - DAG(s) 'tasklar' retrieved from /opt/airflow/dags/import_variable.py
[2026-03-18T14:37:46.539+0000] {logging_mixin.py:190} INFO - [2026-03-18T14:37:46.539+0000] {dag.py:3239} INFO - Sync 1 DAGs
[2026-03-18T14:37:46.582+0000] {logging_mixin.py:190} INFO - [2026-03-18T14:37:46.582+0000] {dag.py:4180} INFO - Setting next_dagrun for tasklar to 2026-03-16 23:30:00+00:00, run_after=2026-03-17 23:30:00+00:00
[2026-03-18T14:37:46.608+0000] {processor.py:208} INFO - Processing /opt/airflow/dags/import_variable.py took 0.137 seconds
[2026-03-18T14:38:17.130+0000] {processor.py:186} INFO - Started process (PID=1164) to work on /opt/airflow/dags/import_variable.py
[2026-03-18T14:38:17.131+0000] {processor.py:914} INFO - Processing file /opt/airflow/dags/import_variable.py for tasks to queue
[2026-03-18T14:38:17.133+0000] {logging_mixin.py:190} INFO - [2026-03-18T14:38:17.132+0000] {dagbag.py:588} INFO - Filling up the DagBag from /opt/airflow/dags/import_variable.py
[2026-03-18T14:38:17.145+0000] {processor.py:925} INFO - DAG(s) 'tasklar' retrieved from /opt/airflow/dags/import_variable.py
[2026-03-18T14:38:17.173+0000] {logging_mixin.py:190} INFO - [2026-03-18T14:38:17.173+0000] {dag.py:3239} INFO - Sync 1 DAGs
[2026-03-18T14:38:17.201+0000] {logging_mixin.py:190} INFO - [2026-03-18T14:38:17.201+0000] {dag.py:4180} INFO - Setting next_dagrun for tasklar to 2026-03-16 23:30:00+00:00, run_after=2026-03-17 23:30:00+00:00
[2026-03-18T14:38:17.220+0000] {processor.py:208} INFO - Processing /opt/airflow/dags/import_variable.py took 0.097 seconds
[2026-03-18T14:38:47.781+0000] {processor.py:186} INFO - Started process (PID=1200) to work on /opt/airflow/dags/import_variable.py
[2026-03-18T14:38:47.782+0000] {processor.py:914} INFO - Processing file /opt/airflow/dags/import_variable.py for tasks to queue
[2026-03-18T14:38:47.785+0000] {logging_mixin.py:190} INFO - [2026-03-18T14:38:47.785+0000] {dagbag.py:588} INFO - Filling up the DagBag from /opt/airflow/dags/import_variable.py
[2026-03-18T14:38:47.806+0000] {processor.py:925} INFO - DAG(s) 'tasklar' retrieved from /opt/airflow/dags/import_variable.py
[2026-03-18T14:38:47.832+0000] {logging_mixin.py:190} INFO - [2026-03-18T14:38:47.832+0000] {dag.py:3239} INFO - Sync 1 DAGs
[2026-03-18T14:38:47.860+0000] {logging_mixin.py:190} INFO - [2026-03-18T14:38:47.860+0000] {dag.py:4180} INFO - Setting next_dagrun for tasklar to 2026-03-16 23:30:00+00:00, run_after=2026-03-17 23:30:00+00:00
[2026-03-18T14:38:47.882+0000] {processor.py:208} INFO - Processing /opt/airflow/dags/import_variable.py took 0.109 seconds
[2026-03-18T14:39:18.492+0000] {processor.py:186} INFO - Started process (PID=1234) to work on /opt/airflow/dags/import_variable.py
[2026-03-18T14:39:18.493+0000] {processor.py:914} INFO - Processing file /opt/airflow/dags/import_variable.py for tasks to queue
[2026-03-18T14:39:18.496+0000] {logging_mixin.py:190} INFO - [2026-03-18T14:39:18.496+0000] {dagbag.py:588} INFO - Filling up the DagBag from /opt/airflow/dags/import_variable.py
[2026-03-18T14:39:18.516+0000] {processor.py:925} INFO - DAG(s) 'tasklar' retrieved from /opt/airflow/dags/import_variable.py
[2026-03-18T14:39:18.551+0000] {logging_mixin.py:190} INFO - [2026-03-18T14:39:18.551+0000] {dag.py:3239} INFO - Sync 1 DAGs
[2026-03-18T14:39:18.586+0000] {logging_mixin.py:190} INFO - [2026-03-18T14:39:18.585+0000] {dag.py:4180} INFO - Setting next_dagrun for tasklar to 2026-03-16 23:30:00+00:00, run_after=2026-03-17 23:30:00+00:00
[2026-03-18T14:39:18.611+0000] {processor.py:208} INFO - Processing /opt/airflow/dags/import_variable.py took 0.129 seconds
[2026-03-18T14:39:49.201+0000] {processor.py:186} INFO - Started process (PID=1270) to work on /opt/airflow/dags/import_variable.py
[2026-03-18T14:39:49.202+0000] {processor.py:914} INFO - Processing file /opt/airflow/dags/import_variable.py for tasks to queue
[2026-03-18T14:39:49.205+0000] {logging_mixin.py:190} INFO - [2026-03-18T14:39:49.204+0000] {dagbag.py:588} INFO - Filling up the DagBag from /opt/airflow/dags/import_variable.py
[2026-03-18T14:39:49.223+0000] {processor.py:925} INFO - DAG(s) 'tasklar' retrieved from /opt/airflow/dags/import_variable.py
[2026-03-18T14:39:49.259+0000] {logging_mixin.py:190} INFO - [2026-03-18T14:39:49.259+0000] {dag.py:3239} INFO - Sync 1 DAGs
[2026-03-18T14:39:49.299+0000] {logging_mixin.py:190} INFO - [2026-03-18T14:39:49.299+0000] {dag.py:4180} INFO - Setting next_dagrun for tasklar to 2026-03-16 23:30:00+00:00, run_after=2026-03-17 23:30:00+00:00
[2026-03-18T14:39:49.325+0000] {processor.py:208} INFO - Processing /opt/airflow/dags/import_variable.py took 0.132 seconds
[2026-03-18T14:40:19.924+0000] {processor.py:186} INFO - Started process (PID=1306) to work on /opt/airflow/dags/import_variable.py
[2026-03-18T14:40:19.925+0000] {processor.py:914} INFO - Processing file /opt/airflow/dags/import_variable.py for tasks to queue
[2026-03-18T14:40:19.928+0000] {logging_mixin.py:190} INFO - [2026-03-18T14:40:19.928+0000] {dagbag.py:588} INFO - Filling up the DagBag from /opt/airflow/dags/import_variable.py
[2026-03-18T14:40:19.946+0000] {processor.py:925} INFO - DAG(s) 'tasklar' retrieved from /opt/airflow/dags/import_variable.py
[2026-03-18T14:40:19.983+0000] {logging_mixin.py:190} INFO - [2026-03-18T14:40:19.982+0000] {dag.py:3239} INFO - Sync 1 DAGs
[2026-03-18T14:40:20.024+0000] {logging_mixin.py:190} INFO - [2026-03-18T14:40:20.024+0000] {dag.py:4180} INFO - Setting next_dagrun for tasklar to 2026-03-16 23:30:00+00:00, run_after=2026-03-17 23:30:00+00:00
[2026-03-18T14:40:20.053+0000] {processor.py:208} INFO - Processing /opt/airflow/dags/import_variable.py took 0.138 seconds
[2026-03-18T14:40:50.636+0000] {processor.py:186} INFO - Started process (PID=1342) to work on /opt/airflow/dags/import_variable.py
[2026-03-18T14:40:50.637+0000] {processor.py:914} INFO - Processing file /opt/airflow/dags/import_variable.py for tasks to queue
[2026-03-18T14:40:50.639+0000] {logging_mixin.py:190} INFO - [2026-03-18T14:40:50.639+0000] {dagbag.py:588} INFO - Filling up the DagBag from /opt/airflow/dags/import_variable.py
[2026-03-18T14:40:50.655+0000] {processor.py:925} INFO - DAG(s) 'tasklar' retrieved from /opt/airflow/dags/import_variable.py
[2026-03-18T14:40:50.683+0000] {logging_mixin.py:190} INFO - [2026-03-18T14:40:50.683+0000] {dag.py:3239} INFO - Sync 1 DAGs
[2026-03-18T14:40:50.715+0000] {logging_mixin.py:190} INFO - [2026-03-18T14:40:50.715+0000] {dag.py:4180} INFO - Setting next_dagrun for tasklar to 2026-03-16 23:30:00+00:00, run_after=2026-03-17 23:30:00+00:00
[2026-03-18T14:40:50.736+0000] {processor.py:208} INFO - Processing /opt/airflow/dags/import_variable.py took 0.109 seconds
[2026-03-18T14:41:21.361+0000] {processor.py:186} INFO - Started process (PID=1378) to work on /opt/airflow/dags/import_variable.py
[2026-03-18T14:41:21.362+0000] {processor.py:914} INFO - Processing file /opt/airflow/dags/import_variable.py for tasks to queue
[2026-03-18T14:41:21.366+0000] {logging_mixin.py:190} INFO - [2026-03-18T14:41:21.365+0000] {dagbag.py:588} INFO - Filling up the DagBag from /opt/airflow/dags/import_variable.py
[2026-03-18T14:41:21.387+0000] {processor.py:925} INFO - DAG(s) 'tasklar' retrieved from /opt/airflow/dags/import_variable.py
[2026-03-18T14:41:21.423+0000] {logging_mixin.py:190} INFO - [2026-03-18T14:41:21.423+0000] {dag.py:3239} INFO - Sync 1 DAGs
[2026-03-18T14:41:21.459+0000] {logging_mixin.py:190} INFO - [2026-03-18T14:41:21.459+0000] {dag.py:4180} INFO - Setting next_dagrun for tasklar to 2026-03-16 23:30:00+00:00, run_after=2026-03-17 23:30:00+00:00
[2026-03-18T14:41:21.485+0000] {processor.py:208} INFO - Processing /opt/airflow/dags/import_variable.py took 0.135 seconds
[2026-03-18T14:41:52.074+0000] {processor.py:186} INFO - Started process (PID=1414) to work on /opt/airflow/dags/import_variable.py
[2026-03-18T14:41:52.076+0000] {processor.py:914} INFO - Processing file /opt/airflow/dags/import_variable.py for tasks to queue
[2026-03-18T14:41:52.078+0000] {logging_mixin.py:190} INFO - [2026-03-18T14:41:52.078+0000] {dagbag.py:588} INFO - Filling up the DagBag from /opt/airflow/dags/import_variable.py
[2026-03-18T14:41:52.093+0000] {processor.py:925} INFO - DAG(s) 'tasklar' retrieved from /opt/airflow/dags/import_variable.py
[2026-03-18T14:41:52.122+0000] {logging_mixin.py:190} INFO - [2026-03-18T14:41:52.121+0000] {dag.py:3239} INFO - Sync 1 DAGs
[2026-03-18T14:41:52.152+0000] {logging_mixin.py:190} INFO - [2026-03-18T14:41:52.152+0000] {dag.py:4180} INFO - Setting next_dagrun for tasklar to 2026-03-16 23:30:00+00:00, run_after=2026-03-17 23:30:00+00:00
[2026-03-18T14:41:52.175+0000] {processor.py:208} INFO - Processing /opt/airflow/dags/import_variable.py took 0.108 seconds
[2026-03-18T14:42:22.722+0000] {processor.py:186} INFO - Started process (PID=1450) to work on /opt/airflow/dags/import_variable.py
[2026-03-18T14:42:22.723+0000] {processor.py:914} INFO - Processing file /opt/airflow/dags/import_variable.py for tasks to queue
[2026-03-18T14:42:22.725+0000] {logging_mixin.py:190} INFO - [2026-03-18T14:42:22.725+0000] {dagbag.py:588} INFO - Filling up the DagBag from /opt/airflow/dags/import_variable.py
[2026-03-18T14:42:22.738+0000] {processor.py:925} INFO - DAG(s) 'tasklar' retrieved from /opt/airflow/dags/import_variable.py
[2026-03-18T14:42:22.767+0000] {logging_mixin.py:190} INFO - [2026-03-18T14:42:22.767+0000] {dag.py:3239} INFO - Sync 1 DAGs
[2026-03-18T14:42:22.801+0000] {logging_mixin.py:190} INFO - [2026-03-18T14:42:22.801+0000] {dag.py:4180} INFO - Setting next_dagrun for tasklar to 2026-03-16 23:30:00+00:00, run_after=2026-03-17 23:30:00+00:00
[2026-03-18T14:42:22.828+0000] {processor.py:208} INFO - Processing /opt/airflow/dags/import_variable.py took 0.113 seconds
[2026-03-18T14:42:53.410+0000] {processor.py:186} INFO - Started process (PID=1486) to work on /opt/airflow/dags/import_variable.py
[2026-03-18T14:42:53.411+0000] {processor.py:914} INFO - Processing file /opt/airflow/dags/import_variable.py for tasks to queue
[2026-03-18T14:42:53.414+0000] {logging_mixin.py:190} INFO - [2026-03-18T14:42:53.413+0000] {dagbag.py:588} INFO - Filling up the DagBag from /opt/airflow/dags/import_variable.py
[2026-03-18T14:42:53.431+0000] {processor.py:925} INFO - DAG(s) 'tasklar' retrieved from /opt/airflow/dags/import_variable.py
[2026-03-18T14:42:53.464+0000] {logging_mixin.py:190} INFO - [2026-03-18T14:42:53.464+0000] {dag.py:3239} INFO - Sync 1 DAGs
[2026-03-18T14:42:53.502+0000] {logging_mixin.py:190} INFO - [2026-03-18T14:42:53.502+0000] {dag.py:4180} INFO - Setting next_dagrun for tasklar to 2026-03-16 23:30:00+00:00, run_after=2026-03-17 23:30:00+00:00
[2026-03-18T14:42:53.525+0000] {processor.py:208} INFO - Processing /opt/airflow/dags/import_variable.py took 0.123 seconds
[2026-03-18T14:43:24.116+0000] {processor.py:186} INFO - Started process (PID=1522) to work on /opt/airflow/dags/import_variable.py
[2026-03-18T14:43:24.118+0000] {processor.py:914} INFO - Processing file /opt/airflow/dags/import_variable.py for tasks to queue
[2026-03-18T14:43:24.121+0000] {logging_mixin.py:190} INFO - [2026-03-18T14:43:24.120+0000] {dagbag.py:588} INFO - Filling up the DagBag from /opt/airflow/dags/import_variable.py
[2026-03-18T14:43:24.138+0000] {processor.py:925} INFO - DAG(s) 'tasklar' retrieved from /opt/airflow/dags/import_variable.py
[2026-03-18T14:43:24.173+0000] {logging_mixin.py:190} INFO - [2026-03-18T14:43:24.172+0000] {dag.py:3239} INFO - Sync 1 DAGs
[2026-03-18T14:43:24.206+0000] {logging_mixin.py:190} INFO - [2026-03-18T14:43:24.206+0000] {dag.py:4180} INFO - Setting next_dagrun for tasklar to 2026-03-16 23:30:00+00:00, run_after=2026-03-17 23:30:00+00:00
[2026-03-18T14:43:24.228+0000] {processor.py:208} INFO - Processing /opt/airflow/dags/import_variable.py took 0.119 seconds
[2026-03-18T14:43:54.855+0000] {processor.py:186} INFO - Started process (PID=1558) to work on /opt/airflow/dags/import_variable.py
[2026-03-18T14:43:54.857+0000] {processor.py:914} INFO - Processing file /opt/airflow/dags/import_variable.py for tasks to queue
[2026-03-18T14:43:54.860+0000] {logging_mixin.py:190} INFO - [2026-03-18T14:43:54.860+0000] {dagbag.py:588} INFO - Filling up the DagBag from /opt/airflow/dags/import_variable.py
[2026-03-18T14:43:54.882+0000] {processor.py:925} INFO - DAG(s) 'tasklar' retrieved from /opt/airflow/dags/import_variable.py
[2026-03-18T14:43:54.919+0000] {logging_mixin.py:190} INFO - [2026-03-18T14:43:54.919+0000] {dag.py:3239} INFO - Sync 1 DAGs
[2026-03-18T14:43:54.971+0000] {logging_mixin.py:190} INFO - [2026-03-18T14:43:54.971+0000] {dag.py:4180} INFO - Setting next_dagrun for tasklar to 2026-03-16 23:30:00+00:00, run_after=2026-03-17 23:30:00+00:00
[2026-03-18T14:43:55.005+0000] {processor.py:208} INFO - Processing /opt/airflow/dags/import_variable.py took 0.159 seconds
[2026-03-18T14:44:25.605+0000] {processor.py:186} INFO - Started process (PID=1594) to work on /opt/airflow/dags/import_variable.py
[2026-03-18T14:44:25.606+0000] {processor.py:914} INFO - Processing file /opt/airflow/dags/import_variable.py for tasks to queue
[2026-03-18T14:44:25.609+0000] {logging_mixin.py:190} INFO - [2026-03-18T14:44:25.608+0000] {dagbag.py:588} INFO - Filling up the DagBag from /opt/airflow/dags/import_variable.py
[2026-03-18T14:44:25.624+0000] {processor.py:925} INFO - DAG(s) 'tasklar' retrieved from /opt/airflow/dags/import_variable.py
[2026-03-18T14:44:25.654+0000] {logging_mixin.py:190} INFO - [2026-03-18T14:44:25.653+0000] {dag.py:3239} INFO - Sync 1 DAGs
[2026-03-18T14:44:25.684+0000] {logging_mixin.py:190} INFO - [2026-03-18T14:44:25.684+0000] {dag.py:4180} INFO - Setting next_dagrun for tasklar to 2026-03-16 23:30:00+00:00, run_after=2026-03-17 23:30:00+00:00
[2026-03-18T14:44:25.709+0000] {processor.py:208} INFO - Processing /opt/airflow/dags/import_variable.py took 0.111 seconds
[2026-03-18T14:44:56.306+0000] {processor.py:186} INFO - Started process (PID=1630) to work on /opt/airflow/dags/import_variable.py
[2026-03-18T14:44:56.307+0000] {processor.py:914} INFO - Processing file /opt/airflow/dags/import_variable.py for tasks to queue
[2026-03-18T14:44:56.311+0000] {logging_mixin.py:190} INFO - [2026-03-18T14:44:56.310+0000] {dagbag.py:588} INFO - Filling up the DagBag from /opt/airflow/dags/import_variable.py
[2026-03-18T14:44:56.324+0000] {processor.py:925} INFO - DAG(s) 'tasklar' retrieved from /opt/airflow/dags/import_variable.py
[2026-03-18T14:44:56.356+0000] {logging_mixin.py:190} INFO - [2026-03-18T14:44:56.355+0000] {dag.py:3239} INFO - Sync 1 DAGs
[2026-03-18T14:44:56.389+0000] {logging_mixin.py:190} INFO - [2026-03-18T14:44:56.389+0000] {dag.py:4180} INFO - Setting next_dagrun for tasklar to 2026-03-16 23:30:00+00:00, run_after=2026-03-17 23:30:00+00:00
[2026-03-18T14:44:56.411+0000] {processor.py:208} INFO - Processing /opt/airflow/dags/import_variable.py took 0.113 seconds
[2026-03-18T14:45:26.976+0000] {processor.py:186} INFO - Started process (PID=1666) to work on /opt/airflow/dags/import_variable.py
[2026-03-18T14:45:26.977+0000] {processor.py:914} INFO - Processing file /opt/airflow/dags/import_variable.py for tasks to queue
[2026-03-18T14:45:26.980+0000] {logging_mixin.py:190} INFO - [2026-03-18T14:45:26.980+0000] {dagbag.py:588} INFO - Filling up the DagBag from /opt/airflow/dags/import_variable.py
[2026-03-18T14:45:26.997+0000] {processor.py:925} INFO - DAG(s) 'tasklar' retrieved from /opt/airflow/dags/import_variable.py
[2026-03-18T14:45:27.030+0000] {logging_mixin.py:190} INFO - [2026-03-18T14:45:27.030+0000] {dag.py:3239} INFO - Sync 1 DAGs
[2026-03-18T14:45:27.262+0000] {logging_mixin.py:190} INFO - [2026-03-18T14:45:27.261+0000] {dag.py:4180} INFO - Setting next_dagrun for tasklar to 2026-03-16 23:30:00+00:00, run_after=2026-03-17 23:30:00+00:00
[2026-03-18T14:45:27.289+0000] {processor.py:208} INFO - Processing /opt/airflow/dags/import_variable.py took 0.321 seconds
[2026-03-18T14:45:57.796+0000] {processor.py:186} INFO - Started process (PID=1702) to work on /opt/airflow/dags/import_variable.py
[2026-03-18T14:45:57.798+0000] {processor.py:914} INFO - Processing file /opt/airflow/dags/import_variable.py for tasks to queue
[2026-03-18T14:45:57.801+0000] {logging_mixin.py:190} INFO - [2026-03-18T14:45:57.801+0000] {dagbag.py:588} INFO - Filling up the DagBag from /opt/airflow/dags/import_variable.py
[2026-03-18T14:45:57.823+0000] {processor.py:925} INFO - DAG(s) 'tasklar' retrieved from /opt/airflow/dags/import_variable.py
[2026-03-18T14:45:57.858+0000] {logging_mixin.py:190} INFO - [2026-03-18T14:45:57.858+0000] {dag.py:3239} INFO - Sync 1 DAGs
[2026-03-18T14:45:57.898+0000] {logging_mixin.py:190} INFO - [2026-03-18T14:45:57.898+0000] {dag.py:4180} INFO - Setting next_dagrun for tasklar to 2026-03-16 23:30:00+00:00, run_after=2026-03-17 23:30:00+00:00
[2026-03-18T14:45:57.930+0000] {processor.py:208} INFO - Processing /opt/airflow/dags/import_variable.py took 0.143 seconds
[2026-03-18T14:46:28.557+0000] {processor.py:186} INFO - Started process (PID=1738) to work on /opt/airflow/dags/import_variable.py
[2026-03-18T14:46:28.559+0000] {processor.py:914} INFO - Processing file /opt/airflow/dags/import_variable.py for tasks to queue
[2026-03-18T14:46:28.561+0000] {logging_mixin.py:190} INFO - [2026-03-18T14:46:28.561+0000] {dagbag.py:588} INFO - Filling up the DagBag from /opt/airflow/dags/import_variable.py
[2026-03-18T14:46:28.582+0000] {processor.py:925} INFO - DAG(s) 'tasklar' retrieved from /opt/airflow/dags/import_variable.py
[2026-03-18T14:46:28.620+0000] {logging_mixin.py:190} INFO - [2026-03-18T14:46:28.620+0000] {dag.py:3239} INFO - Sync 1 DAGs
[2026-03-18T14:46:28.659+0000] {logging_mixin.py:190} INFO - [2026-03-18T14:46:28.659+0000] {dag.py:4180} INFO - Setting next_dagrun for tasklar to 2026-03-16 23:30:00+00:00, run_after=2026-03-17 23:30:00+00:00
[2026-03-18T14:46:28.685+0000] {processor.py:208} INFO - Processing /opt/airflow/dags/import_variable.py took 0.137 seconds
[2026-03-18T14:46:59.268+0000] {processor.py:186} INFO - Started process (PID=1774) to work on /opt/airflow/dags/import_variable.py
[2026-03-18T14:46:59.270+0000] {processor.py:914} INFO - Processing file /opt/airflow/dags/import_variable.py for tasks to queue
[2026-03-18T14:46:59.273+0000] {logging_mixin.py:190} INFO - [2026-03-18T14:46:59.272+0000] {dagbag.py:588} INFO - Filling up the DagBag from /opt/airflow/dags/import_variable.py
[2026-03-18T14:46:59.288+0000] {processor.py:925} INFO - DAG(s) 'tasklar' retrieved from /opt/airflow/dags/import_variable.py
[2026-03-18T14:46:59.320+0000] {logging_mixin.py:190} INFO - [2026-03-18T14:46:59.320+0000] {dag.py:3239} INFO - Sync 1 DAGs
[2026-03-18T14:46:59.526+0000] {logging_mixin.py:190} INFO - [2026-03-18T14:46:59.525+0000] {dag.py:4180} INFO - Setting next_dagrun for tasklar to 2026-03-16 23:30:00+00:00, run_after=2026-03-17 23:30:00+00:00
[2026-03-18T14:46:59.557+0000] {processor.py:208} INFO - Processing /opt/airflow/dags/import_variable.py took 0.296 seconds
[2026-03-18T14:47:30.165+0000] {processor.py:186} INFO - Started process (PID=1812) to work on /opt/airflow/dags/import_variable.py
[2026-03-18T14:47:30.166+0000] {processor.py:914} INFO - Processing file /opt/airflow/dags/import_variable.py for tasks to queue
[2026-03-18T14:47:30.170+0000] {logging_mixin.py:190} INFO - [2026-03-18T14:47:30.169+0000] {dagbag.py:588} INFO - Filling up the DagBag from /opt/airflow/dags/import_variable.py
[2026-03-18T14:47:30.188+0000] {processor.py:925} INFO - DAG(s) 'tasklar' retrieved from /opt/airflow/dags/import_variable.py
[2026-03-18T14:47:30.222+0000] {logging_mixin.py:190} INFO - [2026-03-18T14:47:30.221+0000] {dag.py:3239} INFO - Sync 1 DAGs
[2026-03-18T14:47:30.257+0000] {logging_mixin.py:190} INFO - [2026-03-18T14:47:30.256+0000] {dag.py:4180} INFO - Setting next_dagrun for tasklar to 2026-03-16 23:30:00+00:00, run_after=2026-03-17 23:30:00+00:00
[2026-03-18T14:47:30.285+0000] {processor.py:208} INFO - Processing /opt/airflow/dags/import_variable.py took 0.129 seconds
[2026-03-18T14:48:00.923+0000] {processor.py:186} INFO - Started process (PID=1846) to work on /opt/airflow/dags/import_variable.py
[2026-03-18T14:48:00.925+0000] {processor.py:914} INFO - Processing file /opt/airflow/dags/import_variable.py for tasks to queue
[2026-03-18T14:48:00.928+0000] {logging_mixin.py:190} INFO - [2026-03-18T14:48:00.927+0000] {dagbag.py:588} INFO - Filling up the DagBag from /opt/airflow/dags/import_variable.py
[2026-03-18T14:48:00.948+0000] {processor.py:925} INFO - DAG(s) 'tasklar' retrieved from /opt/airflow/dags/import_variable.py
[2026-03-18T14:48:00.985+0000] {logging_mixin.py:190} INFO - [2026-03-18T14:48:00.985+0000] {dag.py:3239} INFO - Sync 1 DAGs
[2026-03-18T14:48:01.023+0000] {logging_mixin.py:190} INFO - [2026-03-18T14:48:01.023+0000] {dag.py:4180} INFO - Setting next_dagrun for tasklar to 2026-03-16 23:30:00+00:00, run_after=2026-03-17 23:30:00+00:00
[2026-03-18T14:48:01.051+0000] {processor.py:208} INFO - Processing /opt/airflow/dags/import_variable.py took 0.136 seconds
[2026-03-18T14:48:31.611+0000] {processor.py:186} INFO - Started process (PID=1882) to work on /opt/airflow/dags/import_variable.py
[2026-03-18T14:48:31.611+0000] {processor.py:914} INFO - Processing file /opt/airflow/dags/import_variable.py for tasks to queue
[2026-03-18T14:48:31.614+0000] {logging_mixin.py:190} INFO - [2026-03-18T14:48:31.614+0000] {dagbag.py:588} INFO - Filling up the DagBag from /opt/airflow/dags/import_variable.py
[2026-03-18T14:48:31.633+0000] {processor.py:925} INFO - DAG(s) 'tasklar' retrieved from /opt/airflow/dags/import_variable.py
[2026-03-18T14:48:31.668+0000] {logging_mixin.py:190} INFO - [2026-03-18T14:48:31.668+0000] {dag.py:3239} INFO - Sync 1 DAGs
[2026-03-18T14:48:31.897+0000] {logging_mixin.py:190} INFO - [2026-03-18T14:48:31.897+0000] {dag.py:4180} INFO - Setting next_dagrun for tasklar to 2026-03-16 23:30:00+00:00, run_after=2026-03-17 23:30:00+00:00
[2026-03-18T14:48:31.925+0000] {processor.py:208} INFO - Processing /opt/airflow/dags/import_variable.py took 0.322 seconds
[2026-03-18T14:49:02.509+0000] {processor.py:186} INFO - Started process (PID=1918) to work on /opt/airflow/dags/import_variable.py
[2026-03-18T14:49:02.511+0000] {processor.py:914} INFO - Processing file /opt/airflow/dags/import_variable.py for tasks to queue
[2026-03-18T14:49:02.513+0000] {logging_mixin.py:190} INFO - [2026-03-18T14:49:02.513+0000] {dagbag.py:588} INFO - Filling up the DagBag from /opt/airflow/dags/import_variable.py
[2026-03-18T14:49:02.529+0000] {processor.py:925} INFO - DAG(s) 'tasklar' retrieved from /opt/airflow/dags/import_variable.py
[2026-03-18T14:49:02.564+0000] {logging_mixin.py:190} INFO - [2026-03-18T14:49:02.563+0000] {dag.py:3239} INFO - Sync 1 DAGs
[2026-03-18T14:49:02.600+0000] {logging_mixin.py:190} INFO - [2026-03-18T14:49:02.600+0000] {dag.py:4180} INFO - Setting next_dagrun for tasklar to 2026-03-16 23:30:00+00:00, run_after=2026-03-17 23:30:00+00:00
[2026-03-18T14:49:02.626+0000] {processor.py:208} INFO - Processing /opt/airflow/dags/import_variable.py took 0.124 seconds
[2026-03-18T14:49:33.214+0000] {processor.py:186} INFO - Started process (PID=1956) to work on /opt/airflow/dags/import_variable.py
[2026-03-18T14:49:33.216+0000] {processor.py:914} INFO - Processing file /opt/airflow/dags/import_variable.py for tasks to queue
[2026-03-18T14:49:33.218+0000] {logging_mixin.py:190} INFO - [2026-03-18T14:49:33.218+0000] {dagbag.py:588} INFO - Filling up the DagBag from /opt/airflow/dags/import_variable.py
[2026-03-18T14:49:33.234+0000] {processor.py:925} INFO - DAG(s) 'tasklar' retrieved from /opt/airflow/dags/import_variable.py
[2026-03-18T14:49:33.267+0000] {logging_mixin.py:190} INFO - [2026-03-18T14:49:33.267+0000] {dag.py:3239} INFO - Sync 1 DAGs
[2026-03-18T14:49:33.308+0000] {logging_mixin.py:190} INFO - [2026-03-18T14:49:33.307+0000] {dag.py:4180} INFO - Setting next_dagrun for tasklar to 2026-03-16 23:30:00+00:00, run_after=2026-03-17 23:30:00+00:00
[2026-03-18T14:49:33.337+0000] {processor.py:208} INFO - Processing /opt/airflow/dags/import_variable.py took 0.130 seconds
[2026-03-18T14:50:04.367+0000] {processor.py:186} INFO - Started process (PID=1998) to work on /opt/airflow/dags/import_variable.py
[2026-03-18T14:50:04.377+0000] {processor.py:914} INFO - Processing file /opt/airflow/dags/import_variable.py for tasks to queue
[2026-03-18T14:50:04.380+0000] {logging_mixin.py:190} INFO - [2026-03-18T14:50:04.380+0000] {dagbag.py:588} INFO - Filling up the DagBag from /opt/airflow/dags/import_variable.py
[2026-03-18T14:50:04.398+0000] {processor.py:925} INFO - DAG(s) 'tasklar' retrieved from /opt/airflow/dags/import_variable.py
[2026-03-18T14:50:04.433+0000] {logging_mixin.py:190} INFO - [2026-03-18T14:50:04.433+0000] {dag.py:3239} INFO - Sync 1 DAGs
[2026-03-18T14:50:04.632+0000] {logging_mixin.py:190} INFO - [2026-03-18T14:50:04.632+0000] {dag.py:4180} INFO - Setting next_dagrun for tasklar to 2026-03-16 23:30:00+00:00, run_after=2026-03-17 23:30:00+00:00
[2026-03-18T14:50:04.655+0000] {processor.py:208} INFO - Processing /opt/airflow/dags/import_variable.py took 0.298 seconds
[2026-03-18T14:50:34.950+0000] {processor.py:186} INFO - Started process (PID=2034) to work on /opt/airflow/dags/import_variable.py
[2026-03-18T14:50:34.960+0000] {processor.py:914} INFO - Processing file /opt/airflow/dags/import_variable.py for tasks to queue
[2026-03-18T14:50:34.964+0000] {logging_mixin.py:190} INFO - [2026-03-18T14:50:34.963+0000] {dagbag.py:588} INFO - Filling up the DagBag from /opt/airflow/dags/import_variable.py
[2026-03-18T14:50:34.984+0000] {processor.py:925} INFO - DAG(s) 'tasklar' retrieved from /opt/airflow/dags/import_variable.py
[2026-03-18T14:50:35.023+0000] {logging_mixin.py:190} INFO - [2026-03-18T14:50:35.022+0000] {dag.py:3239} INFO - Sync 1 DAGs
[2026-03-18T14:50:35.065+0000] {logging_mixin.py:190} INFO - [2026-03-18T14:50:35.065+0000] {dag.py:4180} INFO - Setting next_dagrun for tasklar to 2026-03-16 23:30:00+00:00, run_after=2026-03-17 23:30:00+00:00
[2026-03-18T14:50:35.094+0000] {processor.py:208} INFO - Processing /opt/airflow/dags/import_variable.py took 0.153 seconds
[2026-03-18T14:51:05.688+0000] {processor.py:186} INFO - Started process (PID=2070) to work on /opt/airflow/dags/import_variable.py
[2026-03-18T14:51:05.698+0000] {processor.py:914} INFO - Processing file /opt/airflow/dags/import_variable.py for tasks to queue
[2026-03-18T14:51:05.701+0000] {logging_mixin.py:190} INFO - [2026-03-18T14:51:05.701+0000] {dagbag.py:588} INFO - Filling up the DagBag from /opt/airflow/dags/import_variable.py
[2026-03-18T14:51:05.715+0000] {processor.py:925} INFO - DAG(s) 'tasklar' retrieved from /opt/airflow/dags/import_variable.py
[2026-03-18T14:51:05.750+0000] {logging_mixin.py:190} INFO - [2026-03-18T14:51:05.749+0000] {dag.py:3239} INFO - Sync 1 DAGs
[2026-03-18T14:51:05.786+0000] {logging_mixin.py:190} INFO - [2026-03-18T14:51:05.786+0000] {dag.py:4180} INFO - Setting next_dagrun for tasklar to 2026-03-16 23:30:00+00:00, run_after=2026-03-17 23:30:00+00:00
[2026-03-18T14:51:05.813+0000] {processor.py:208} INFO - Processing /opt/airflow/dags/import_variable.py took 0.135 seconds
[2026-03-18T14:51:36.376+0000] {processor.py:186} INFO - Started process (PID=2106) to work on /opt/airflow/dags/import_variable.py
[2026-03-18T14:51:36.386+0000] {processor.py:914} INFO - Processing file /opt/airflow/dags/import_variable.py for tasks to queue
[2026-03-18T14:51:36.389+0000] {logging_mixin.py:190} INFO - [2026-03-18T14:51:36.388+0000] {dagbag.py:588} INFO - Filling up the DagBag from /opt/airflow/dags/import_variable.py
[2026-03-18T14:51:36.402+0000] {processor.py:925} INFO - DAG(s) 'tasklar' retrieved from /opt/airflow/dags/import_variable.py
[2026-03-18T14:51:36.434+0000] {logging_mixin.py:190} INFO - [2026-03-18T14:51:36.434+0000] {dag.py:3239} INFO - Sync 1 DAGs
[2026-03-18T14:51:36.629+0000] {logging_mixin.py:190} INFO - [2026-03-18T14:51:36.629+0000] {dag.py:4180} INFO - Setting next_dagrun for tasklar to 2026-03-16 23:30:00+00:00, run_after=2026-03-17 23:30:00+00:00
[2026-03-18T14:51:36.651+0000] {processor.py:208} INFO - Processing /opt/airflow/dags/import_variable.py took 0.281 seconds
[2026-03-18T14:52:06.963+0000] {processor.py:186} INFO - Started process (PID=2142) to work on /opt/airflow/dags/import_variable.py
[2026-03-18T14:52:06.974+0000] {processor.py:914} INFO - Processing file /opt/airflow/dags/import_variable.py for tasks to queue
[2026-03-18T14:52:06.979+0000] {logging_mixin.py:190} INFO - [2026-03-18T14:52:06.979+0000] {dagbag.py:588} INFO - Filling up the DagBag from /opt/airflow/dags/import_variable.py
[2026-03-18T14:52:07.003+0000] {processor.py:925} INFO - DAG(s) 'tasklar' retrieved from /opt/airflow/dags/import_variable.py
[2026-03-18T14:52:07.221+0000] {logging_mixin.py:190} INFO - [2026-03-18T14:52:07.221+0000] {dag.py:3239} INFO - Sync 1 DAGs
[2026-03-18T14:52:07.254+0000] {logging_mixin.py:190} INFO - [2026-03-18T14:52:07.254+0000] {dag.py:4180} INFO - Setting next_dagrun for tasklar to 2026-03-16 23:30:00+00:00, run_after=2026-03-17 23:30:00+00:00
[2026-03-18T14:52:07.283+0000] {processor.py:208} INFO - Processing /opt/airflow/dags/import_variable.py took 0.329 seconds
[2026-03-18T14:52:37.784+0000] {processor.py:186} INFO - Started process (PID=2179) to work on /opt/airflow/dags/import_variable.py
[2026-03-18T14:52:37.794+0000] {processor.py:914} INFO - Processing file /opt/airflow/dags/import_variable.py for tasks to queue
[2026-03-18T14:52:37.797+0000] {logging_mixin.py:190} INFO - [2026-03-18T14:52:37.796+0000] {dagbag.py:588} INFO - Filling up the DagBag from /opt/airflow/dags/import_variable.py
[2026-03-18T14:52:37.814+0000] {processor.py:925} INFO - DAG(s) 'tasklar' retrieved from /opt/airflow/dags/import_variable.py
[2026-03-18T14:52:37.844+0000] {logging_mixin.py:190} INFO - [2026-03-18T14:52:37.843+0000] {dag.py:3239} INFO - Sync 1 DAGs
[2026-03-18T14:52:37.874+0000] {logging_mixin.py:190} INFO - [2026-03-18T14:52:37.873+0000] {dag.py:4180} INFO - Setting next_dagrun for tasklar to 2026-03-16 23:30:00+00:00, run_after=2026-03-17 23:30:00+00:00
[2026-03-18T14:52:37.901+0000] {processor.py:208} INFO - Processing /opt/airflow/dags/import_variable.py took 0.123 seconds
[2026-03-18T14:53:08.396+0000] {processor.py:186} INFO - Started process (PID=2215) to work on /opt/airflow/dags/import_variable.py
[2026-03-18T14:53:08.406+0000] {processor.py:914} INFO - Processing file /opt/airflow/dags/import_variable.py for tasks to queue
[2026-03-18T14:53:08.410+0000] {logging_mixin.py:190} INFO - [2026-03-18T14:53:08.410+0000] {dagbag.py:588} INFO - Filling up the DagBag from /opt/airflow/dags/import_variable.py
[2026-03-18T14:53:08.428+0000] {processor.py:925} INFO - DAG(s) 'tasklar' retrieved from /opt/airflow/dags/import_variable.py
[2026-03-18T14:53:08.458+0000] {logging_mixin.py:190} INFO - [2026-03-18T14:53:08.458+0000] {dag.py:3239} INFO - Sync 1 DAGs
[2026-03-18T14:53:08.488+0000] {logging_mixin.py:190} INFO - [2026-03-18T14:53:08.487+0000] {dag.py:4180} INFO - Setting next_dagrun for tasklar to 2026-03-16 23:30:00+00:00, run_after=2026-03-17 23:30:00+00:00
[2026-03-18T14:53:08.512+0000] {processor.py:208} INFO - Processing /opt/airflow/dags/import_variable.py took 0.124 seconds
[2026-03-18T14:53:38.983+0000] {processor.py:186} INFO - Started process (PID=2251) to work on /opt/airflow/dags/import_variable.py
[2026-03-18T14:53:38.985+0000] {processor.py:914} INFO - Processing file /opt/airflow/dags/import_variable.py for tasks to queue
[2026-03-18T14:53:38.990+0000] {logging_mixin.py:190} INFO - [2026-03-18T14:53:38.989+0000] {dagbag.py:588} INFO - Filling up the DagBag from /opt/airflow/dags/import_variable.py
[2026-03-18T14:53:39.013+0000] {processor.py:925} INFO - DAG(s) 'tasklar' retrieved from /opt/airflow/dags/import_variable.py
[2026-03-18T14:53:39.052+0000] {logging_mixin.py:190} INFO - [2026-03-18T14:53:39.052+0000] {dag.py:3239} INFO - Sync 1 DAGs
[2026-03-18T14:53:39.097+0000] {logging_mixin.py:190} INFO - [2026-03-18T14:53:39.096+0000] {dag.py:4180} INFO - Setting next_dagrun for tasklar to 2026-03-16 23:30:00+00:00, run_after=2026-03-17 23:30:00+00:00
[2026-03-18T14:53:39.125+0000] {processor.py:208} INFO - Processing /opt/airflow/dags/import_variable.py took 0.152 seconds
[2026-03-18T14:54:09.744+0000] {processor.py:186} INFO - Started process (PID=2288) to work on /opt/airflow/dags/import_variable.py
[2026-03-18T14:54:09.745+0000] {processor.py:914} INFO - Processing file /opt/airflow/dags/import_variable.py for tasks to queue
[2026-03-18T14:54:09.748+0000] {logging_mixin.py:190} INFO - [2026-03-18T14:54:09.748+0000] {dagbag.py:588} INFO - Filling up the DagBag from /opt/airflow/dags/import_variable.py
[2026-03-18T14:54:09.768+0000] {processor.py:925} INFO - DAG(s) 'tasklar' retrieved from /opt/airflow/dags/import_variable.py
[2026-03-18T14:54:09.805+0000] {logging_mixin.py:190} INFO - [2026-03-18T14:54:09.804+0000] {dag.py:3239} INFO - Sync 1 DAGs
[2026-03-18T14:54:09.837+0000] {logging_mixin.py:190} INFO - [2026-03-18T14:54:09.836+0000] {dag.py:4180} INFO - Setting next_dagrun for tasklar to 2026-03-16 23:30:00+00:00, run_after=2026-03-17 23:30:00+00:00
[2026-03-18T14:54:09.865+0000] {processor.py:208} INFO - Processing /opt/airflow/dags/import_variable.py took 0.133 seconds
[2026-03-18T14:54:40.450+0000] {processor.py:186} INFO - Started process (PID=2324) to work on /opt/airflow/dags/import_variable.py
[2026-03-18T14:54:40.451+0000] {processor.py:914} INFO - Processing file /opt/airflow/dags/import_variable.py for tasks to queue
[2026-03-18T14:54:40.454+0000] {logging_mixin.py:190} INFO - [2026-03-18T14:54:40.454+0000] {dagbag.py:588} INFO - Filling up the DagBag from /opt/airflow/dags/import_variable.py
[2026-03-18T14:54:40.469+0000] {processor.py:925} INFO - DAG(s) 'tasklar' retrieved from /opt/airflow/dags/import_variable.py
[2026-03-18T14:54:40.504+0000] {logging_mixin.py:190} INFO - [2026-03-18T14:54:40.503+0000] {dag.py:3239} INFO - Sync 1 DAGs
[2026-03-18T14:54:40.548+0000] {logging_mixin.py:190} INFO - [2026-03-18T14:54:40.547+0000] {dag.py:4180} INFO - Setting next_dagrun for tasklar to 2026-03-16 23:30:00+00:00, run_after=2026-03-17 23:30:00+00:00
[2026-03-18T14:54:40.578+0000] {processor.py:208} INFO - Processing /opt/airflow/dags/import_variable.py took 0.135 seconds
[2026-03-18T14:55:11.179+0000] {processor.py:186} INFO - Started process (PID=2360) to work on /opt/airflow/dags/import_variable.py
[2026-03-18T14:55:11.180+0000] {processor.py:914} INFO - Processing file /opt/airflow/dags/import_variable.py for tasks to queue
[2026-03-18T14:55:11.184+0000] {logging_mixin.py:190} INFO - [2026-03-18T14:55:11.184+0000] {dagbag.py:588} INFO - Filling up the DagBag from /opt/airflow/dags/import_variable.py
[2026-03-18T14:55:11.200+0000] {processor.py:925} INFO - DAG(s) 'tasklar' retrieved from /opt/airflow/dags/import_variable.py
[2026-03-18T14:55:11.235+0000] {logging_mixin.py:190} INFO - [2026-03-18T14:55:11.234+0000] {dag.py:3239} INFO - Sync 1 DAGs
[2026-03-18T14:55:11.274+0000] {logging_mixin.py:190} INFO - [2026-03-18T14:55:11.274+0000] {dag.py:4180} INFO - Setting next_dagrun for tasklar to 2026-03-16 23:30:00+00:00, run_after=2026-03-17 23:30:00+00:00
[2026-03-18T14:55:11.301+0000] {processor.py:208} INFO - Processing /opt/airflow/dags/import_variable.py took 0.130 seconds
[2026-03-18T14:55:41.795+0000] {processor.py:186} INFO - Started process (PID=2396) to work on /opt/airflow/dags/import_variable.py
[2026-03-18T14:55:41.796+0000] {processor.py:914} INFO - Processing file /opt/airflow/dags/import_variable.py for tasks to queue
[2026-03-18T14:55:41.799+0000] {logging_mixin.py:190} INFO - [2026-03-18T14:55:41.799+0000] {dagbag.py:588} INFO - Filling up the DagBag from /opt/airflow/dags/import_variable.py
[2026-03-18T14:55:41.820+0000] {processor.py:925} INFO - DAG(s) 'tasklar' retrieved from /opt/airflow/dags/import_variable.py
[2026-03-18T14:55:41.856+0000] {logging_mixin.py:190} INFO - [2026-03-18T14:55:41.856+0000] {dag.py:3239} INFO - Sync 1 DAGs
[2026-03-18T14:55:41.891+0000] {logging_mixin.py:190} INFO - [2026-03-18T14:55:41.890+0000] {dag.py:4180} INFO - Setting next_dagrun for tasklar to 2026-03-16 23:30:00+00:00, run_after=2026-03-17 23:30:00+00:00
[2026-03-18T14:55:41.919+0000] {processor.py:208} INFO - Processing /opt/airflow/dags/import_variable.py took 0.137 seconds
[2026-03-18T14:56:12.414+0000] {processor.py:186} INFO - Started process (PID=2432) to work on /opt/airflow/dags/import_variable.py
[2026-03-18T14:56:12.415+0000] {processor.py:914} INFO - Processing file /opt/airflow/dags/import_variable.py for tasks to queue
[2026-03-18T14:56:12.419+0000] {logging_mixin.py:190} INFO - [2026-03-18T14:56:12.418+0000] {dagbag.py:588} INFO - Filling up the DagBag from /opt/airflow/dags/import_variable.py
[2026-03-18T14:56:12.440+0000] {processor.py:925} INFO - DAG(s) 'tasklar' retrieved from /opt/airflow/dags/import_variable.py
[2026-03-18T14:56:12.476+0000] {logging_mixin.py:190} INFO - [2026-03-18T14:56:12.476+0000] {dag.py:3239} INFO - Sync 1 DAGs
[2026-03-18T14:56:12.518+0000] {logging_mixin.py:190} INFO - [2026-03-18T14:56:12.517+0000] {dag.py:4180} INFO - Setting next_dagrun for tasklar to 2026-03-16 23:30:00+00:00, run_after=2026-03-17 23:30:00+00:00
[2026-03-18T14:56:12.552+0000] {processor.py:208} INFO - Processing /opt/airflow/dags/import_variable.py took 0.148 seconds
[2026-03-18T14:56:43.121+0000] {processor.py:186} INFO - Started process (PID=2468) to work on /opt/airflow/dags/import_variable.py
[2026-03-18T14:56:43.123+0000] {processor.py:914} INFO - Processing file /opt/airflow/dags/import_variable.py for tasks to queue
[2026-03-18T14:56:43.126+0000] {logging_mixin.py:190} INFO - [2026-03-18T14:56:43.125+0000] {dagbag.py:588} INFO - Filling up the DagBag from /opt/airflow/dags/import_variable.py
[2026-03-18T14:56:43.144+0000] {processor.py:925} INFO - DAG(s) 'tasklar' retrieved from /opt/airflow/dags/import_variable.py
[2026-03-18T14:56:43.179+0000] {logging_mixin.py:190} INFO - [2026-03-18T14:56:43.178+0000] {dag.py:3239} INFO - Sync 1 DAGs
[2026-03-18T14:56:43.212+0000] {logging_mixin.py:190} INFO - [2026-03-18T14:56:43.212+0000] {dag.py:4180} INFO - Setting next_dagrun for tasklar to 2026-03-16 23:30:00+00:00, run_after=2026-03-17 23:30:00+00:00
[2026-03-18T14:56:43.236+0000] {processor.py:208} INFO - Processing /opt/airflow/dags/import_variable.py took 0.124 seconds
[2026-03-18T14:57:13.740+0000] {processor.py:186} INFO - Started process (PID=2504) to work on /opt/airflow/dags/import_variable.py
[2026-03-18T14:57:13.751+0000] {processor.py:914} INFO - Processing file /opt/airflow/dags/import_variable.py for tasks to queue
[2026-03-18T14:57:13.753+0000] {logging_mixin.py:190} INFO - [2026-03-18T14:57:13.753+0000] {dagbag.py:588} INFO - Filling up the DagBag from /opt/airflow/dags/import_variable.py
[2026-03-18T14:57:13.767+0000] {processor.py:925} INFO - DAG(s) 'tasklar' retrieved from /opt/airflow/dags/import_variable.py
[2026-03-18T14:57:13.803+0000] {logging_mixin.py:190} INFO - [2026-03-18T14:57:13.803+0000] {dag.py:3239} INFO - Sync 1 DAGs
[2026-03-18T14:57:13.837+0000] {logging_mixin.py:190} INFO - [2026-03-18T14:57:13.836+0000] {dag.py:4180} INFO - Setting next_dagrun for tasklar to 2026-03-16 23:30:00+00:00, run_after=2026-03-17 23:30:00+00:00
[2026-03-18T14:57:13.867+0000] {processor.py:208} INFO - Processing /opt/airflow/dags/import_variable.py took 0.133 seconds
[2026-03-18T14:57:44.439+0000] {processor.py:186} INFO - Started process (PID=2540) to work on /opt/airflow/dags/import_variable.py
[2026-03-18T14:57:44.449+0000] {processor.py:914} INFO - Processing file /opt/airflow/dags/import_variable.py for tasks to queue
[2026-03-18T14:57:44.452+0000] {logging_mixin.py:190} INFO - [2026-03-18T14:57:44.451+0000] {dagbag.py:588} INFO - Filling up the DagBag from /opt/airflow/dags/import_variable.py
[2026-03-18T14:57:44.467+0000] {processor.py:925} INFO - DAG(s) 'tasklar' retrieved from /opt/airflow/dags/import_variable.py
[2026-03-18T14:57:44.499+0000] {logging_mixin.py:190} INFO - [2026-03-18T14:57:44.499+0000] {dag.py:3239} INFO - Sync 1 DAGs
[2026-03-18T14:57:44.539+0000] {logging_mixin.py:190} INFO - [2026-03-18T14:57:44.538+0000] {dag.py:4180} INFO - Setting next_dagrun for tasklar to 2026-03-16 23:30:00+00:00, run_after=2026-03-17 23:30:00+00:00
[2026-03-18T14:57:44.568+0000] {processor.py:208} INFO - Processing /opt/airflow/dags/import_variable.py took 0.136 seconds
[2026-03-18T14:58:14.962+0000] {processor.py:186} INFO - Started process (PID=2576) to work on /opt/airflow/dags/import_variable.py
[2026-03-18T14:58:14.972+0000] {processor.py:914} INFO - Processing file /opt/airflow/dags/import_variable.py for tasks to queue
[2026-03-18T14:58:14.975+0000] {logging_mixin.py:190} INFO - [2026-03-18T14:58:14.975+0000] {dagbag.py:588} INFO - Filling up the DagBag from /opt/airflow/dags/import_variable.py
[2026-03-18T14:58:14.990+0000] {processor.py:925} INFO - DAG(s) 'tasklar' retrieved from /opt/airflow/dags/import_variable.py
[2026-03-18T14:58:15.022+0000] {logging_mixin.py:190} INFO - [2026-03-18T14:58:15.021+0000] {dag.py:3239} INFO - Sync 1 DAGs
[2026-03-18T14:58:15.053+0000] {logging_mixin.py:190} INFO - [2026-03-18T14:58:15.052+0000] {dag.py:4180} INFO - Setting next_dagrun for tasklar to 2026-03-16 23:30:00+00:00, run_after=2026-03-17 23:30:00+00:00
[2026-03-18T14:58:15.077+0000] {processor.py:208} INFO - Processing /opt/airflow/dags/import_variable.py took 0.121 seconds
[2026-03-18T14:58:45.625+0000] {processor.py:186} INFO - Started process (PID=2613) to work on /opt/airflow/dags/import_variable.py
[2026-03-18T14:58:45.635+0000] {processor.py:914} INFO - Processing file /opt/airflow/dags/import_variable.py for tasks to queue
[2026-03-18T14:58:45.639+0000] {logging_mixin.py:190} INFO - [2026-03-18T14:58:45.638+0000] {dagbag.py:588} INFO - Filling up the DagBag from /opt/airflow/dags/import_variable.py
[2026-03-18T14:58:45.654+0000] {processor.py:925} INFO - DAG(s) 'tasklar' retrieved from /opt/airflow/dags/import_variable.py
[2026-03-18T14:58:45.691+0000] {logging_mixin.py:190} INFO - [2026-03-18T14:58:45.690+0000] {dag.py:3239} INFO - Sync 1 DAGs
[2026-03-18T14:58:45.732+0000] {logging_mixin.py:190} INFO - [2026-03-18T14:58:45.732+0000] {dag.py:4180} INFO - Setting next_dagrun for tasklar to 2026-03-16 23:30:00+00:00, run_after=2026-03-17 23:30:00+00:00
[2026-03-18T14:58:45.762+0000] {processor.py:208} INFO - Processing /opt/airflow/dags/import_variable.py took 0.144 seconds
[2026-03-18T14:59:16.352+0000] {processor.py:186} INFO - Started process (PID=2649) to work on /opt/airflow/dags/import_variable.py
[2026-03-18T14:59:16.362+0000] {processor.py:914} INFO - Processing file /opt/airflow/dags/import_variable.py for tasks to queue
[2026-03-18T14:59:16.366+0000] {logging_mixin.py:190} INFO - [2026-03-18T14:59:16.366+0000] {dagbag.py:588} INFO - Filling up the DagBag from /opt/airflow/dags/import_variable.py
[2026-03-18T14:59:16.384+0000] {processor.py:925} INFO - DAG(s) 'tasklar' retrieved from /opt/airflow/dags/import_variable.py
[2026-03-18T14:59:16.417+0000] {logging_mixin.py:190} INFO - [2026-03-18T14:59:16.417+0000] {dag.py:3239} INFO - Sync 1 DAGs
[2026-03-18T14:59:16.454+0000] {logging_mixin.py:190} INFO - [2026-03-18T14:59:16.454+0000] {dag.py:4180} INFO - Setting next_dagrun for tasklar to 2026-03-16 23:30:00+00:00, run_after=2026-03-17 23:30:00+00:00
[2026-03-18T14:59:16.487+0000] {processor.py:208} INFO - Processing /opt/airflow/dags/import_variable.py took 0.143 seconds
[2026-03-18T14:59:46.934+0000] {processor.py:186} INFO - Started process (PID=2685) to work on /opt/airflow/dags/import_variable.py
[2026-03-18T14:59:46.944+0000] {processor.py:914} INFO - Processing file /opt/airflow/dags/import_variable.py for tasks to queue
[2026-03-18T14:59:46.947+0000] {logging_mixin.py:190} INFO - [2026-03-18T14:59:46.946+0000] {dagbag.py:588} INFO - Filling up the DagBag from /opt/airflow/dags/import_variable.py
[2026-03-18T14:59:46.966+0000] {processor.py:925} INFO - DAG(s) 'tasklar' retrieved from /opt/airflow/dags/import_variable.py
[2026-03-18T14:59:47.000+0000] {logging_mixin.py:190} INFO - [2026-03-18T14:59:46.999+0000] {dag.py:3239} INFO - Sync 1 DAGs
[2026-03-18T14:59:47.032+0000] {logging_mixin.py:190} INFO - [2026-03-18T14:59:47.032+0000] {dag.py:4180} INFO - Setting next_dagrun for tasklar to 2026-03-16 23:30:00+00:00, run_after=2026-03-17 23:30:00+00:00
[2026-03-18T14:59:47.056+0000] {processor.py:208} INFO - Processing /opt/airflow/dags/import_variable.py took 0.130 seconds
[2026-03-18T15:00:17.639+0000] {processor.py:186} INFO - Started process (PID=2721) to work on /opt/airflow/dags/import_variable.py
[2026-03-18T15:00:17.649+0000] {processor.py:914} INFO - Processing file /opt/airflow/dags/import_variable.py for tasks to queue
[2026-03-18T15:00:17.652+0000] {logging_mixin.py:190} INFO - [2026-03-18T15:00:17.651+0000] {dagbag.py:588} INFO - Filling up the DagBag from /opt/airflow/dags/import_variable.py
[2026-03-18T15:00:17.665+0000] {processor.py:925} INFO - DAG(s) 'tasklar' retrieved from /opt/airflow/dags/import_variable.py
[2026-03-18T15:00:17.696+0000] {logging_mixin.py:190} INFO - [2026-03-18T15:00:17.695+0000] {dag.py:3239} INFO - Sync 1 DAGs
[2026-03-18T15:00:17.727+0000] {logging_mixin.py:190} INFO - [2026-03-18T15:00:17.726+0000] {dag.py:4180} INFO - Setting next_dagrun for tasklar to 2026-03-16 23:30:00+00:00, run_after=2026-03-17 23:30:00+00:00
[2026-03-18T15:00:17.751+0000] {processor.py:208} INFO - Processing /opt/airflow/dags/import_variable.py took 0.124 seconds
[2026-03-18T15:00:48.300+0000] {processor.py:186} INFO - Started process (PID=2757) to work on /opt/airflow/dags/import_variable.py
[2026-03-18T15:00:48.310+0000] {processor.py:914} INFO - Processing file /opt/airflow/dags/import_variable.py for tasks to queue
[2026-03-18T15:00:48.313+0000] {logging_mixin.py:190} INFO - [2026-03-18T15:00:48.312+0000] {dagbag.py:588} INFO - Filling up the DagBag from /opt/airflow/dags/import_variable.py
[2026-03-18T15:00:48.332+0000] {processor.py:925} INFO - DAG(s) 'tasklar' retrieved from /opt/airflow/dags/import_variable.py
[2026-03-18T15:00:48.364+0000] {logging_mixin.py:190} INFO - [2026-03-18T15:00:48.364+0000] {dag.py:3239} INFO - Sync 1 DAGs
[2026-03-18T15:00:48.398+0000] {logging_mixin.py:190} INFO - [2026-03-18T15:00:48.397+0000] {dag.py:4180} INFO - Setting next_dagrun for tasklar to 2026-03-16 23:30:00+00:00, run_after=2026-03-17 23:30:00+00:00
[2026-03-18T15:00:48.420+0000] {processor.py:208} INFO - Processing /opt/airflow/dags/import_variable.py took 0.126 seconds
[2026-03-18T15:01:18.897+0000] {processor.py:186} INFO - Started process (PID=2793) to work on /opt/airflow/dags/import_variable.py
[2026-03-18T15:01:18.908+0000] {processor.py:914} INFO - Processing file /opt/airflow/dags/import_variable.py for tasks to queue
[2026-03-18T15:01:18.911+0000] {logging_mixin.py:190} INFO - [2026-03-18T15:01:18.911+0000] {dagbag.py:588} INFO - Filling up the DagBag from /opt/airflow/dags/import_variable.py
[2026-03-18T15:01:18.931+0000] {processor.py:925} INFO - DAG(s) 'tasklar' retrieved from /opt/airflow/dags/import_variable.py
[2026-03-18T15:01:18.972+0000] {logging_mixin.py:190} INFO - [2026-03-18T15:01:18.971+0000] {dag.py:3239} INFO - Sync 1 DAGs
[2026-03-18T15:01:19.012+0000] {logging_mixin.py:190} INFO - [2026-03-18T15:01:19.011+0000] {dag.py:4180} INFO - Setting next_dagrun for tasklar to 2026-03-16 23:30:00+00:00, run_after=2026-03-17 23:30:00+00:00
[2026-03-18T15:01:19.039+0000] {processor.py:208} INFO - Processing /opt/airflow/dags/import_variable.py took 0.149 seconds
[2026-03-18T15:01:49.506+0000] {processor.py:186} INFO - Started process (PID=2829) to work on /opt/airflow/dags/import_variable.py
[2026-03-18T15:01:49.507+0000] {processor.py:914} INFO - Processing file /opt/airflow/dags/import_variable.py for tasks to queue
[2026-03-18T15:01:49.510+0000] {logging_mixin.py:190} INFO - [2026-03-18T15:01:49.510+0000] {dagbag.py:588} INFO - Filling up the DagBag from /opt/airflow/dags/import_variable.py
[2026-03-18T15:01:49.525+0000] {processor.py:925} INFO - DAG(s) 'tasklar' retrieved from /opt/airflow/dags/import_variable.py
[2026-03-18T15:01:49.558+0000] {logging_mixin.py:190} INFO - [2026-03-18T15:01:49.558+0000] {dag.py:3239} INFO - Sync 1 DAGs
[2026-03-18T15:01:49.588+0000] {logging_mixin.py:190} INFO - [2026-03-18T15:01:49.588+0000] {dag.py:4180} INFO - Setting next_dagrun for tasklar to 2026-03-16 23:30:00+00:00, run_after=2026-03-17 23:30:00+00:00
[2026-03-18T15:01:49.609+0000] {processor.py:208} INFO - Processing /opt/airflow/dags/import_variable.py took 0.110 seconds
[2026-03-18T15:02:20.178+0000] {processor.py:186} INFO - Started process (PID=2865) to work on /opt/airflow/dags/import_variable.py
[2026-03-18T15:02:20.188+0000] {processor.py:914} INFO - Processing file /opt/airflow/dags/import_variable.py for tasks to queue
[2026-03-18T15:02:20.191+0000] {logging_mixin.py:190} INFO - [2026-03-18T15:02:20.190+0000] {dagbag.py:588} INFO - Filling up the DagBag from /opt/airflow/dags/import_variable.py
[2026-03-18T15:02:20.204+0000] {processor.py:925} INFO - DAG(s) 'tasklar' retrieved from /opt/airflow/dags/import_variable.py
[2026-03-18T15:02:20.240+0000] {logging_mixin.py:190} INFO - [2026-03-18T15:02:20.239+0000] {dag.py:3239} INFO - Sync 1 DAGs
[2026-03-18T15:02:20.275+0000] {logging_mixin.py:190} INFO - [2026-03-18T15:02:20.275+0000] {dag.py:4180} INFO - Setting next_dagrun for tasklar to 2026-03-16 23:30:00+00:00, run_after=2026-03-17 23:30:00+00:00
[2026-03-18T15:02:20.302+0000] {processor.py:208} INFO - Processing /opt/airflow/dags/import_variable.py took 0.131 seconds
[2026-03-18T15:02:50.883+0000] {processor.py:186} INFO - Started process (PID=2901) to work on /opt/airflow/dags/import_variable.py
[2026-03-18T15:02:50.893+0000] {processor.py:914} INFO - Processing file /opt/airflow/dags/import_variable.py for tasks to queue
[2026-03-18T15:02:50.896+0000] {logging_mixin.py:190} INFO - [2026-03-18T15:02:50.896+0000] {dagbag.py:588} INFO - Filling up the DagBag from /opt/airflow/dags/import_variable.py
[2026-03-18T15:02:50.910+0000] {processor.py:925} INFO - DAG(s) 'tasklar' retrieved from /opt/airflow/dags/import_variable.py
[2026-03-18T15:02:50.949+0000] {logging_mixin.py:190} INFO - [2026-03-18T15:02:50.949+0000] {dag.py:3239} INFO - Sync 1 DAGs
[2026-03-18T15:02:51.010+0000] {logging_mixin.py:190} INFO - [2026-03-18T15:02:51.009+0000] {dag.py:4180} INFO - Setting next_dagrun for tasklar to 2026-03-16 23:30:00+00:00, run_after=2026-03-17 23:30:00+00:00
[2026-03-18T15:02:51.057+0000] {processor.py:208} INFO - Processing /opt/airflow/dags/import_variable.py took 0.181 seconds
[2026-03-18T15:03:21.563+0000] {processor.py:186} INFO - Started process (PID=2936) to work on /opt/airflow/dags/import_variable.py
[2026-03-18T15:03:21.564+0000] {processor.py:914} INFO - Processing file /opt/airflow/dags/import_variable.py for tasks to queue
[2026-03-18T15:03:21.568+0000] {logging_mixin.py:190} INFO - [2026-03-18T15:03:21.567+0000] {dagbag.py:588} INFO - Filling up the DagBag from /opt/airflow/dags/import_variable.py
[2026-03-18T15:03:21.590+0000] {processor.py:925} INFO - DAG(s) 'tasklar' retrieved from /opt/airflow/dags/import_variable.py
[2026-03-18T15:03:21.634+0000] {logging_mixin.py:190} INFO - [2026-03-18T15:03:21.634+0000] {dag.py:3239} INFO - Sync 1 DAGs
[2026-03-18T15:03:21.689+0000] {logging_mixin.py:190} INFO - [2026-03-18T15:03:21.689+0000] {dag.py:4180} INFO - Setting next_dagrun for tasklar to 2026-03-16 23:30:00+00:00, run_after=2026-03-17 23:30:00+00:00
[2026-03-18T15:03:21.735+0000] {processor.py:208} INFO - Processing /opt/airflow/dags/import_variable.py took 0.181 seconds
[2026-03-18T15:03:52.192+0000] {processor.py:186} INFO - Started process (PID=2972) to work on /opt/airflow/dags/import_variable.py
[2026-03-18T15:03:52.202+0000] {processor.py:914} INFO - Processing file /opt/airflow/dags/import_variable.py for tasks to queue
[2026-03-18T15:03:52.206+0000] {logging_mixin.py:190} INFO - [2026-03-18T15:03:52.205+0000] {dagbag.py:588} INFO - Filling up the DagBag from /opt/airflow/dags/import_variable.py
[2026-03-18T15:03:52.222+0000] {processor.py:925} INFO - DAG(s) 'tasklar' retrieved from /opt/airflow/dags/import_variable.py
[2026-03-18T15:03:52.255+0000] {logging_mixin.py:190} INFO - [2026-03-18T15:03:52.255+0000] {dag.py:3239} INFO - Sync 1 DAGs
[2026-03-18T15:03:52.292+0000] {logging_mixin.py:190} INFO - [2026-03-18T15:03:52.292+0000] {dag.py:4180} INFO - Setting next_dagrun for tasklar to 2026-03-16 23:30:00+00:00, run_after=2026-03-17 23:30:00+00:00
[2026-03-18T15:03:52.316+0000] {processor.py:208} INFO - Processing /opt/airflow/dags/import_variable.py took 0.134 seconds
[2026-03-18T15:04:22.749+0000] {processor.py:186} INFO - Started process (PID=3008) to work on /opt/airflow/dags/import_variable.py
[2026-03-18T15:04:22.760+0000] {processor.py:914} INFO - Processing file /opt/airflow/dags/import_variable.py for tasks to queue
[2026-03-18T15:04:22.763+0000] {logging_mixin.py:190} INFO - [2026-03-18T15:04:22.762+0000] {dagbag.py:588} INFO - Filling up the DagBag from /opt/airflow/dags/import_variable.py
[2026-03-18T15:04:22.780+0000] {processor.py:925} INFO - DAG(s) 'tasklar' retrieved from /opt/airflow/dags/import_variable.py
[2026-03-18T15:04:22.809+0000] {logging_mixin.py:190} INFO - [2026-03-18T15:04:22.809+0000] {dag.py:3239} INFO - Sync 1 DAGs
[2026-03-18T15:04:22.840+0000] {logging_mixin.py:190} INFO - [2026-03-18T15:04:22.840+0000] {dag.py:4180} INFO - Setting next_dagrun for tasklar to 2026-03-16 23:30:00+00:00, run_after=2026-03-17 23:30:00+00:00
[2026-03-18T15:04:22.863+0000] {processor.py:208} INFO - Processing /opt/airflow/dags/import_variable.py took 0.124 seconds
[2026-03-18T15:04:53.431+0000] {processor.py:186} INFO - Started process (PID=3044) to work on /opt/airflow/dags/import_variable.py
[2026-03-18T15:04:53.432+0000] {processor.py:914} INFO - Processing file /opt/airflow/dags/import_variable.py for tasks to queue
[2026-03-18T15:04:53.436+0000] {logging_mixin.py:190} INFO - [2026-03-18T15:04:53.435+0000] {dagbag.py:588} INFO - Filling up the DagBag from /opt/airflow/dags/import_variable.py
[2026-03-18T15:04:53.454+0000] {processor.py:925} INFO - DAG(s) 'tasklar' retrieved from /opt/airflow/dags/import_variable.py
[2026-03-18T15:04:53.493+0000] {logging_mixin.py:190} INFO - [2026-03-18T15:04:53.493+0000] {dag.py:3239} INFO - Sync 1 DAGs
[2026-03-18T15:04:53.530+0000] {logging_mixin.py:190} INFO - [2026-03-18T15:04:53.529+0000] {dag.py:4180} INFO - Setting next_dagrun for tasklar to 2026-03-16 23:30:00+00:00, run_after=2026-03-17 23:30:00+00:00
[2026-03-18T15:04:53.559+0000] {processor.py:208} INFO - Processing /opt/airflow/dags/import_variable.py took 0.135 seconds
[2026-03-18T15:05:24.048+0000] {processor.py:186} INFO - Started process (PID=3080) to work on /opt/airflow/dags/import_variable.py
[2026-03-18T15:05:24.049+0000] {processor.py:914} INFO - Processing file /opt/airflow/dags/import_variable.py for tasks to queue
[2026-03-18T15:05:24.052+0000] {logging_mixin.py:190} INFO - [2026-03-18T15:05:24.052+0000] {dagbag.py:588} INFO - Filling up the DagBag from /opt/airflow/dags/import_variable.py
[2026-03-18T15:05:24.069+0000] {processor.py:925} INFO - DAG(s) 'tasklar' retrieved from /opt/airflow/dags/import_variable.py
[2026-03-18T15:05:24.103+0000] {logging_mixin.py:190} INFO - [2026-03-18T15:05:24.102+0000] {dag.py:3239} INFO - Sync 1 DAGs
[2026-03-18T15:05:24.139+0000] {logging_mixin.py:190} INFO - [2026-03-18T15:05:24.139+0000] {dag.py:4180} INFO - Setting next_dagrun for tasklar to 2026-03-16 23:30:00+00:00, run_after=2026-03-17 23:30:00+00:00
[2026-03-18T15:05:24.167+0000] {processor.py:208} INFO - Processing /opt/airflow/dags/import_variable.py took 0.126 seconds
[2026-03-18T15:05:54.622+0000] {processor.py:186} INFO - Started process (PID=3116) to work on /opt/airflow/dags/import_variable.py
[2026-03-18T15:05:54.632+0000] {processor.py:914} INFO - Processing file /opt/airflow/dags/import_variable.py for tasks to queue
[2026-03-18T15:05:54.635+0000] {logging_mixin.py:190} INFO - [2026-03-18T15:05:54.634+0000] {dagbag.py:588} INFO - Filling up the DagBag from /opt/airflow/dags/import_variable.py
[2026-03-18T15:05:54.650+0000] {processor.py:925} INFO - DAG(s) 'tasklar' retrieved from /opt/airflow/dags/import_variable.py
[2026-03-18T15:05:54.686+0000] {logging_mixin.py:190} INFO - [2026-03-18T15:05:54.686+0000] {dag.py:3239} INFO - Sync 1 DAGs
[2026-03-18T15:05:54.722+0000] {logging_mixin.py:190} INFO - [2026-03-18T15:05:54.722+0000] {dag.py:4180} INFO - Setting next_dagrun for tasklar to 2026-03-16 23:30:00+00:00, run_after=2026-03-17 23:30:00+00:00
[2026-03-18T15:05:54.748+0000] {processor.py:208} INFO - Processing /opt/airflow/dags/import_variable.py took 0.135 seconds
[2026-03-18T15:06:25.348+0000] {processor.py:186} INFO - Started process (PID=3152) to work on /opt/airflow/dags/import_variable.py
[2026-03-18T15:06:25.358+0000] {processor.py:914} INFO - Processing file /opt/airflow/dags/import_variable.py for tasks to queue
[2026-03-18T15:06:25.361+0000] {logging_mixin.py:190} INFO - [2026-03-18T15:06:25.361+0000] {dagbag.py:588} INFO - Filling up the DagBag from /opt/airflow/dags/import_variable.py
[2026-03-18T15:06:25.382+0000] {processor.py:925} INFO - DAG(s) 'tasklar' retrieved from /opt/airflow/dags/import_variable.py
[2026-03-18T15:06:25.422+0000] {logging_mixin.py:190} INFO - [2026-03-18T15:06:25.422+0000] {dag.py:3239} INFO - Sync 1 DAGs
[2026-03-18T15:06:25.464+0000] {logging_mixin.py:190} INFO - [2026-03-18T15:06:25.464+0000] {dag.py:4180} INFO - Setting next_dagrun for tasklar to 2026-03-16 23:30:00+00:00, run_after=2026-03-17 23:30:00+00:00
[2026-03-18T15:06:25.499+0000] {processor.py:208} INFO - Processing /opt/airflow/dags/import_variable.py took 0.160 seconds
[2026-03-18T15:06:56.061+0000] {processor.py:186} INFO - Started process (PID=3188) to work on /opt/airflow/dags/import_variable.py
[2026-03-18T15:06:56.072+0000] {processor.py:914} INFO - Processing file /opt/airflow/dags/import_variable.py for tasks to queue
[2026-03-18T15:06:56.076+0000] {logging_mixin.py:190} INFO - [2026-03-18T15:06:56.076+0000] {dagbag.py:588} INFO - Filling up the DagBag from /opt/airflow/dags/import_variable.py
[2026-03-18T15:06:56.089+0000] {processor.py:925} INFO - DAG(s) 'tasklar' retrieved from /opt/airflow/dags/import_variable.py
[2026-03-18T15:06:56.121+0000] {logging_mixin.py:190} INFO - [2026-03-18T15:06:56.121+0000] {dag.py:3239} INFO - Sync 1 DAGs
[2026-03-18T15:06:56.157+0000] {logging_mixin.py:190} INFO - [2026-03-18T15:06:56.157+0000] {dag.py:4180} INFO - Setting next_dagrun for tasklar to 2026-03-16 23:30:00+00:00, run_after=2026-03-17 23:30:00+00:00
[2026-03-18T15:06:56.180+0000] {processor.py:208} INFO - Processing /opt/airflow/dags/import_variable.py took 0.125 seconds
[2026-03-18T15:07:26.754+0000] {processor.py:186} INFO - Started process (PID=3224) to work on /opt/airflow/dags/import_variable.py
[2026-03-18T15:07:26.764+0000] {processor.py:914} INFO - Processing file /opt/airflow/dags/import_variable.py for tasks to queue
[2026-03-18T15:07:26.767+0000] {logging_mixin.py:190} INFO - [2026-03-18T15:07:26.766+0000] {dagbag.py:588} INFO - Filling up the DagBag from /opt/airflow/dags/import_variable.py
[2026-03-18T15:07:26.790+0000] {processor.py:925} INFO - DAG(s) 'tasklar' retrieved from /opt/airflow/dags/import_variable.py
[2026-03-18T15:07:26.830+0000] {logging_mixin.py:190} INFO - [2026-03-18T15:07:26.829+0000] {dag.py:3239} INFO - Sync 1 DAGs
[2026-03-18T15:07:26.868+0000] {logging_mixin.py:190} INFO - [2026-03-18T15:07:26.868+0000] {dag.py:4180} INFO - Setting next_dagrun for tasklar to 2026-03-16 23:30:00+00:00, run_after=2026-03-17 23:30:00+00:00
[2026-03-18T15:07:26.895+0000] {processor.py:208} INFO - Processing /opt/airflow/dags/import_variable.py took 0.149 seconds
[2026-03-18T15:07:57.462+0000] {processor.py:186} INFO - Started process (PID=3260) to work on /opt/airflow/dags/import_variable.py
[2026-03-18T15:07:57.472+0000] {processor.py:914} INFO - Processing file /opt/airflow/dags/import_variable.py for tasks to queue
[2026-03-18T15:07:57.475+0000] {logging_mixin.py:190} INFO - [2026-03-18T15:07:57.475+0000] {dagbag.py:588} INFO - Filling up the DagBag from /opt/airflow/dags/import_variable.py
[2026-03-18T15:07:57.492+0000] {processor.py:925} INFO - DAG(s) 'tasklar' retrieved from /opt/airflow/dags/import_variable.py
[2026-03-18T15:07:57.525+0000] {logging_mixin.py:190} INFO - [2026-03-18T15:07:57.525+0000] {dag.py:3239} INFO - Sync 1 DAGs
[2026-03-18T15:07:57.557+0000] {logging_mixin.py:190} INFO - [2026-03-18T15:07:57.557+0000] {dag.py:4180} INFO - Setting next_dagrun for tasklar to 2026-03-16 23:30:00+00:00, run_after=2026-03-17 23:30:00+00:00
[2026-03-18T15:07:57.587+0000] {processor.py:208} INFO - Processing /opt/airflow/dags/import_variable.py took 0.133 seconds
[2026-03-18T15:08:28.150+0000] {processor.py:186} INFO - Started process (PID=3296) to work on /opt/airflow/dags/import_variable.py
[2026-03-18T15:08:28.151+0000] {processor.py:914} INFO - Processing file /opt/airflow/dags/import_variable.py for tasks to queue
[2026-03-18T15:08:28.154+0000] {logging_mixin.py:190} INFO - [2026-03-18T15:08:28.154+0000] {dagbag.py:588} INFO - Filling up the DagBag from /opt/airflow/dags/import_variable.py
[2026-03-18T15:08:28.169+0000] {processor.py:925} INFO - DAG(s) 'tasklar' retrieved from /opt/airflow/dags/import_variable.py
[2026-03-18T15:08:28.198+0000] {logging_mixin.py:190} INFO - [2026-03-18T15:08:28.198+0000] {dag.py:3239} INFO - Sync 1 DAGs
[2026-03-18T15:08:28.230+0000] {logging_mixin.py:190} INFO - [2026-03-18T15:08:28.230+0000] {dag.py:4180} INFO - Setting next_dagrun for tasklar to 2026-03-16 23:30:00+00:00, run_after=2026-03-17 23:30:00+00:00
[2026-03-18T15:08:28.252+0000] {processor.py:208} INFO - Processing /opt/airflow/dags/import_variable.py took 0.109 seconds
[2026-03-18T15:08:58.856+0000] {processor.py:186} INFO - Started process (PID=3332) to work on /opt/airflow/dags/import_variable.py
[2026-03-18T15:08:58.857+0000] {processor.py:914} INFO - Processing file /opt/airflow/dags/import_variable.py for tasks to queue
[2026-03-18T15:08:58.860+0000] {logging_mixin.py:190} INFO - [2026-03-18T15:08:58.860+0000] {dagbag.py:588} INFO - Filling up the DagBag from /opt/airflow/dags/import_variable.py
[2026-03-18T15:08:58.878+0000] {processor.py:925} INFO - DAG(s) 'tasklar' retrieved from /opt/airflow/dags/import_variable.py
[2026-03-18T15:08:58.916+0000] {logging_mixin.py:190} INFO - [2026-03-18T15:08:58.915+0000] {dag.py:3239} INFO - Sync 1 DAGs
[2026-03-18T15:08:58.954+0000] {logging_mixin.py:190} INFO - [2026-03-18T15:08:58.954+0000] {dag.py:4180} INFO - Setting next_dagrun for tasklar to 2026-03-16 23:30:00+00:00, run_after=2026-03-17 23:30:00+00:00
[2026-03-18T15:08:58.984+0000] {processor.py:208} INFO - Processing /opt/airflow/dags/import_variable.py took 0.136 seconds
[2026-03-18T15:09:29.463+0000] {processor.py:186} INFO - Started process (PID=3370) to work on /opt/airflow/dags/import_variable.py
[2026-03-18T15:09:29.474+0000] {processor.py:914} INFO - Processing file /opt/airflow/dags/import_variable.py for tasks to queue
[2026-03-18T15:09:29.478+0000] {logging_mixin.py:190} INFO - [2026-03-18T15:09:29.478+0000] {dagbag.py:588} INFO - Filling up the DagBag from /opt/airflow/dags/import_variable.py
[2026-03-18T15:09:29.503+0000] {processor.py:925} INFO - DAG(s) 'tasklar' retrieved from /opt/airflow/dags/import_variable.py
[2026-03-18T15:09:29.539+0000] {logging_mixin.py:190} INFO - [2026-03-18T15:09:29.539+0000] {dag.py:3239} INFO - Sync 1 DAGs
[2026-03-18T15:09:29.577+0000] {logging_mixin.py:190} INFO - [2026-03-18T15:09:29.577+0000] {dag.py:4180} INFO - Setting next_dagrun for tasklar to 2026-03-16 23:30:00+00:00, run_after=2026-03-17 23:30:00+00:00
[2026-03-18T15:09:29.609+0000] {processor.py:208} INFO - Processing /opt/airflow/dags/import_variable.py took 0.155 seconds
[2026-03-18T15:10:00.154+0000] {processor.py:186} INFO - Started process (PID=3406) to work on /opt/airflow/dags/import_variable.py
[2026-03-18T15:10:00.164+0000] {processor.py:914} INFO - Processing file /opt/airflow/dags/import_variable.py for tasks to queue
[2026-03-18T15:10:00.168+0000] {logging_mixin.py:190} INFO - [2026-03-18T15:10:00.167+0000] {dagbag.py:588} INFO - Filling up the DagBag from /opt/airflow/dags/import_variable.py
[2026-03-18T15:10:00.184+0000] {processor.py:925} INFO - DAG(s) 'tasklar' retrieved from /opt/airflow/dags/import_variable.py
[2026-03-18T15:10:00.220+0000] {logging_mixin.py:190} INFO - [2026-03-18T15:10:00.220+0000] {dag.py:3239} INFO - Sync 1 DAGs
[2026-03-18T15:10:00.261+0000] {logging_mixin.py:190} INFO - [2026-03-18T15:10:00.261+0000] {dag.py:4180} INFO - Setting next_dagrun for tasklar to 2026-03-16 23:30:00+00:00, run_after=2026-03-17 23:30:00+00:00
[2026-03-18T15:10:00.291+0000] {processor.py:208} INFO - Processing /opt/airflow/dags/import_variable.py took 0.146 seconds
[2026-03-18T15:10:30.858+0000] {processor.py:186} INFO - Started process (PID=3442) to work on /opt/airflow/dags/import_variable.py
[2026-03-18T15:10:30.868+0000] {processor.py:914} INFO - Processing file /opt/airflow/dags/import_variable.py for tasks to queue
[2026-03-18T15:10:30.875+0000] {logging_mixin.py:190} INFO - [2026-03-18T15:10:30.872+0000] {dagbag.py:588} INFO - Filling up the DagBag from /opt/airflow/dags/import_variable.py
[2026-03-18T15:10:30.897+0000] {processor.py:925} INFO - DAG(s) 'tasklar' retrieved from /opt/airflow/dags/import_variable.py
[2026-03-18T15:10:30.935+0000] {logging_mixin.py:190} INFO - [2026-03-18T15:10:30.934+0000] {dag.py:3239} INFO - Sync 1 DAGs
[2026-03-18T15:10:30.983+0000] {logging_mixin.py:190} INFO - [2026-03-18T15:10:30.982+0000] {dag.py:4180} INFO - Setting next_dagrun for tasklar to 2026-03-16 23:30:00+00:00, run_after=2026-03-17 23:30:00+00:00
[2026-03-18T15:10:31.013+0000] {processor.py:208} INFO - Processing /opt/airflow/dags/import_variable.py took 0.169 seconds
[2026-03-18T15:11:01.623+0000] {processor.py:186} INFO - Started process (PID=3479) to work on /opt/airflow/dags/import_variable.py
[2026-03-18T15:11:01.625+0000] {processor.py:914} INFO - Processing file /opt/airflow/dags/import_variable.py for tasks to queue
[2026-03-18T15:11:01.629+0000] {logging_mixin.py:190} INFO - [2026-03-18T15:11:01.628+0000] {dagbag.py:588} INFO - Filling up the DagBag from /opt/airflow/dags/import_variable.py
[2026-03-18T15:11:01.648+0000] {processor.py:925} INFO - DAG(s) 'tasklar' retrieved from /opt/airflow/dags/import_variable.py
[2026-03-18T15:11:01.684+0000] {logging_mixin.py:190} INFO - [2026-03-18T15:11:01.684+0000] {dag.py:3239} INFO - Sync 1 DAGs
[2026-03-18T15:11:01.717+0000] {logging_mixin.py:190} INFO - [2026-03-18T15:11:01.717+0000] {dag.py:4180} INFO - Setting next_dagrun for tasklar to 2026-03-16 23:30:00+00:00, run_after=2026-03-17 23:30:00+00:00
[2026-03-18T15:11:01.746+0000] {processor.py:208} INFO - Processing /opt/airflow/dags/import_variable.py took 0.135 seconds
[2026-03-18T15:11:32.304+0000] {processor.py:186} INFO - Started process (PID=3515) to work on /opt/airflow/dags/import_variable.py
[2026-03-18T15:11:32.314+0000] {processor.py:914} INFO - Processing file /opt/airflow/dags/import_variable.py for tasks to queue
[2026-03-18T15:11:32.317+0000] {logging_mixin.py:190} INFO - [2026-03-18T15:11:32.317+0000] {dagbag.py:588} INFO - Filling up the DagBag from /opt/airflow/dags/import_variable.py
[2026-03-18T15:11:32.332+0000] {processor.py:925} INFO - DAG(s) 'tasklar' retrieved from /opt/airflow/dags/import_variable.py
[2026-03-18T15:11:32.366+0000] {logging_mixin.py:190} INFO - [2026-03-18T15:11:32.366+0000] {dag.py:3239} INFO - Sync 1 DAGs
[2026-03-18T15:11:32.416+0000] {logging_mixin.py:190} INFO - [2026-03-18T15:11:32.416+0000] {dag.py:4180} INFO - Setting next_dagrun for tasklar to 2026-03-16 23:30:00+00:00, run_after=2026-03-17 23:30:00+00:00
[2026-03-18T15:11:32.445+0000] {processor.py:208} INFO - Processing /opt/airflow/dags/import_variable.py took 0.150 seconds
[2026-03-18T15:12:03.032+0000] {processor.py:186} INFO - Started process (PID=3551) to work on /opt/airflow/dags/import_variable.py
[2026-03-18T15:12:03.042+0000] {processor.py:914} INFO - Processing file /opt/airflow/dags/import_variable.py for tasks to queue
[2026-03-18T15:12:03.046+0000] {logging_mixin.py:190} INFO - [2026-03-18T15:12:03.045+0000] {dagbag.py:588} INFO - Filling up the DagBag from /opt/airflow/dags/import_variable.py
[2026-03-18T15:12:03.066+0000] {processor.py:925} INFO - DAG(s) 'tasklar' retrieved from /opt/airflow/dags/import_variable.py
[2026-03-18T15:12:03.105+0000] {logging_mixin.py:190} INFO - [2026-03-18T15:12:03.104+0000] {dag.py:3239} INFO - Sync 1 DAGs
[2026-03-18T15:12:03.143+0000] {logging_mixin.py:190} INFO - [2026-03-18T15:12:03.142+0000] {dag.py:4180} INFO - Setting next_dagrun for tasklar to 2026-03-16 23:30:00+00:00, run_after=2026-03-17 23:30:00+00:00
[2026-03-18T15:12:03.168+0000] {processor.py:208} INFO - Processing /opt/airflow/dags/import_variable.py took 0.146 seconds
[2026-03-18T15:12:33.647+0000] {processor.py:186} INFO - Started process (PID=3587) to work on /opt/airflow/dags/import_variable.py
[2026-03-18T15:12:33.648+0000] {processor.py:914} INFO - Processing file /opt/airflow/dags/import_variable.py for tasks to queue
[2026-03-18T15:12:33.651+0000] {logging_mixin.py:190} INFO - [2026-03-18T15:12:33.650+0000] {dagbag.py:588} INFO - Filling up the DagBag from /opt/airflow/dags/import_variable.py
[2026-03-18T15:12:33.667+0000] {processor.py:925} INFO - DAG(s) 'tasklar' retrieved from /opt/airflow/dags/import_variable.py
[2026-03-18T15:12:33.703+0000] {logging_mixin.py:190} INFO - [2026-03-18T15:12:33.702+0000] {dag.py:3239} INFO - Sync 1 DAGs
[2026-03-18T15:12:33.734+0000] {logging_mixin.py:190} INFO - [2026-03-18T15:12:33.734+0000] {dag.py:4180} INFO - Setting next_dagrun for tasklar to 2026-03-16 23:30:00+00:00, run_after=2026-03-17 23:30:00+00:00
[2026-03-18T15:12:33.759+0000] {processor.py:208} INFO - Processing /opt/airflow/dags/import_variable.py took 0.119 seconds
[2026-03-18T15:13:04.391+0000] {processor.py:186} INFO - Started process (PID=3623) to work on /opt/airflow/dags/import_variable.py
[2026-03-18T15:13:04.394+0000] {processor.py:914} INFO - Processing file /opt/airflow/dags/import_variable.py for tasks to queue
[2026-03-18T15:13:04.401+0000] {logging_mixin.py:190} INFO - [2026-03-18T15:13:04.400+0000] {dagbag.py:588} INFO - Filling up the DagBag from /opt/airflow/dags/import_variable.py
[2026-03-18T15:13:04.427+0000] {processor.py:925} INFO - DAG(s) 'tasklar' retrieved from /opt/airflow/dags/import_variable.py
[2026-03-18T15:13:04.468+0000] {logging_mixin.py:190} INFO - [2026-03-18T15:13:04.467+0000] {dag.py:3239} INFO - Sync 1 DAGs
[2026-03-18T15:13:04.522+0000] {logging_mixin.py:190} INFO - [2026-03-18T15:13:04.522+0000] {dag.py:4180} INFO - Setting next_dagrun for tasklar to 2026-03-16 23:30:00+00:00, run_after=2026-03-17 23:30:00+00:00
[2026-03-18T15:13:04.551+0000] {processor.py:208} INFO - Processing /opt/airflow/dags/import_variable.py took 0.172 seconds
[2026-03-18T15:13:35.160+0000] {processor.py:186} INFO - Started process (PID=3659) to work on /opt/airflow/dags/import_variable.py
[2026-03-18T15:13:35.170+0000] {processor.py:914} INFO - Processing file /opt/airflow/dags/import_variable.py for tasks to queue
[2026-03-18T15:13:35.173+0000] {logging_mixin.py:190} INFO - [2026-03-18T15:13:35.173+0000] {dagbag.py:588} INFO - Filling up the DagBag from /opt/airflow/dags/import_variable.py
[2026-03-18T15:13:35.192+0000] {processor.py:925} INFO - DAG(s) 'tasklar' retrieved from /opt/airflow/dags/import_variable.py
[2026-03-18T15:13:35.227+0000] {logging_mixin.py:190} INFO - [2026-03-18T15:13:35.227+0000] {dag.py:3239} INFO - Sync 1 DAGs
[2026-03-18T15:13:35.267+0000] {logging_mixin.py:190} INFO - [2026-03-18T15:13:35.267+0000] {dag.py:4180} INFO - Setting next_dagrun for tasklar to 2026-03-16 23:30:00+00:00, run_after=2026-03-17 23:30:00+00:00
[2026-03-18T15:13:35.296+0000] {processor.py:208} INFO - Processing /opt/airflow/dags/import_variable.py took 0.145 seconds
[2026-03-18T15:14:05.798+0000] {processor.py:186} INFO - Started process (PID=3695) to work on /opt/airflow/dags/import_variable.py
[2026-03-18T15:14:05.808+0000] {processor.py:914} INFO - Processing file /opt/airflow/dags/import_variable.py for tasks to queue
[2026-03-18T15:14:05.812+0000] {logging_mixin.py:190} INFO - [2026-03-18T15:14:05.812+0000] {dagbag.py:588} INFO - Filling up the DagBag from /opt/airflow/dags/import_variable.py
[2026-03-18T15:14:05.828+0000] {processor.py:925} INFO - DAG(s) 'tasklar' retrieved from /opt/airflow/dags/import_variable.py
[2026-03-18T15:14:05.866+0000] {logging_mixin.py:190} INFO - [2026-03-18T15:14:05.865+0000] {dag.py:3239} INFO - Sync 1 DAGs
[2026-03-18T15:14:05.907+0000] {logging_mixin.py:190} INFO - [2026-03-18T15:14:05.907+0000] {dag.py:4180} INFO - Setting next_dagrun for tasklar to 2026-03-16 23:30:00+00:00, run_after=2026-03-17 23:30:00+00:00
[2026-03-18T15:14:05.935+0000] {processor.py:208} INFO - Processing /opt/airflow/dags/import_variable.py took 0.148 seconds
[2026-03-18T15:14:36.560+0000] {processor.py:186} INFO - Started process (PID=3731) to work on /opt/airflow/dags/import_variable.py
[2026-03-18T15:14:36.570+0000] {processor.py:914} INFO - Processing file /opt/airflow/dags/import_variable.py for tasks to queue
[2026-03-18T15:14:36.573+0000] {logging_mixin.py:190} INFO - [2026-03-18T15:14:36.572+0000] {dagbag.py:588} INFO - Filling up the DagBag from /opt/airflow/dags/import_variable.py
[2026-03-18T15:14:36.593+0000] {processor.py:925} INFO - DAG(s) 'tasklar' retrieved from /opt/airflow/dags/import_variable.py
[2026-03-18T15:14:36.637+0000] {logging_mixin.py:190} INFO - [2026-03-18T15:14:36.636+0000] {dag.py:3239} INFO - Sync 1 DAGs
[2026-03-18T15:14:36.681+0000] {logging_mixin.py:190} INFO - [2026-03-18T15:14:36.681+0000] {dag.py:4180} INFO - Setting next_dagrun for tasklar to 2026-03-16 23:30:00+00:00, run_after=2026-03-17 23:30:00+00:00
[2026-03-18T15:14:36.720+0000] {processor.py:208} INFO - Processing /opt/airflow/dags/import_variable.py took 0.169 seconds
[2026-03-18T15:15:07.170+0000] {processor.py:186} INFO - Started process (PID=3767) to work on /opt/airflow/dags/import_variable.py
[2026-03-18T15:15:07.171+0000] {processor.py:914} INFO - Processing file /opt/airflow/dags/import_variable.py for tasks to queue
[2026-03-18T15:15:07.175+0000] {logging_mixin.py:190} INFO - [2026-03-18T15:15:07.174+0000] {dagbag.py:588} INFO - Filling up the DagBag from /opt/airflow/dags/import_variable.py
[2026-03-18T15:15:07.191+0000] {processor.py:925} INFO - DAG(s) 'tasklar' retrieved from /opt/airflow/dags/import_variable.py
[2026-03-18T15:15:07.234+0000] {logging_mixin.py:190} INFO - [2026-03-18T15:15:07.234+0000] {dag.py:3239} INFO - Sync 1 DAGs
[2026-03-18T15:15:07.275+0000] {logging_mixin.py:190} INFO - [2026-03-18T15:15:07.274+0000] {dag.py:4180} INFO - Setting next_dagrun for tasklar to 2026-03-16 23:30:00+00:00, run_after=2026-03-17 23:30:00+00:00
[2026-03-18T15:15:07.302+0000] {processor.py:208} INFO - Processing /opt/airflow/dags/import_variable.py took 0.139 seconds
[2026-03-18T15:15:37.765+0000] {processor.py:186} INFO - Started process (PID=3809) to work on /opt/airflow/dags/import_variable.py
[2026-03-18T15:15:37.775+0000] {processor.py:914} INFO - Processing file /opt/airflow/dags/import_variable.py for tasks to queue
[2026-03-18T15:15:37.778+0000] {logging_mixin.py:190} INFO - [2026-03-18T15:15:37.778+0000] {dagbag.py:588} INFO - Filling up the DagBag from /opt/airflow/dags/import_variable.py
[2026-03-18T15:15:37.794+0000] {processor.py:925} INFO - DAG(s) 'tasklar' retrieved from /opt/airflow/dags/import_variable.py
[2026-03-18T15:15:37.831+0000] {logging_mixin.py:190} INFO - [2026-03-18T15:15:37.831+0000] {dag.py:3239} INFO - Sync 1 DAGs
[2026-03-18T15:15:37.874+0000] {logging_mixin.py:190} INFO - [2026-03-18T15:15:37.873+0000] {dag.py:4180} INFO - Setting next_dagrun for tasklar to 2026-03-16 23:30:00+00:00, run_after=2026-03-17 23:30:00+00:00
[2026-03-18T15:15:37.907+0000] {processor.py:208} INFO - Processing /opt/airflow/dags/import_variable.py took 0.148 seconds
[2026-03-18T15:16:08.402+0000] {processor.py:186} INFO - Started process (PID=3845) to work on /opt/airflow/dags/import_variable.py
[2026-03-18T15:16:08.412+0000] {processor.py:914} INFO - Processing file /opt/airflow/dags/import_variable.py for tasks to queue
[2026-03-18T15:16:08.415+0000] {logging_mixin.py:190} INFO - [2026-03-18T15:16:08.415+0000] {dagbag.py:588} INFO - Filling up the DagBag from /opt/airflow/dags/import_variable.py
[2026-03-18T15:16:08.429+0000] {processor.py:925} INFO - DAG(s) 'tasklar' retrieved from /opt/airflow/dags/import_variable.py
[2026-03-18T15:16:08.460+0000] {logging_mixin.py:190} INFO - [2026-03-18T15:16:08.460+0000] {dag.py:3239} INFO - Sync 1 DAGs
[2026-03-18T15:16:08.493+0000] {logging_mixin.py:190} INFO - [2026-03-18T15:16:08.493+0000] {dag.py:4180} INFO - Setting next_dagrun for tasklar to 2026-03-16 23:30:00+00:00, run_after=2026-03-17 23:30:00+00:00
[2026-03-18T15:16:08.516+0000] {processor.py:208} INFO - Processing /opt/airflow/dags/import_variable.py took 0.125 seconds
[2026-03-18T15:16:39.115+0000] {processor.py:186} INFO - Started process (PID=3881) to work on /opt/airflow/dags/import_variable.py
[2026-03-18T15:16:39.125+0000] {processor.py:914} INFO - Processing file /opt/airflow/dags/import_variable.py for tasks to queue
[2026-03-18T15:16:39.128+0000] {logging_mixin.py:190} INFO - [2026-03-18T15:16:39.128+0000] {dagbag.py:588} INFO - Filling up the DagBag from /opt/airflow/dags/import_variable.py
[2026-03-18T15:16:39.142+0000] {processor.py:925} INFO - DAG(s) 'tasklar' retrieved from /opt/airflow/dags/import_variable.py
[2026-03-18T15:16:39.173+0000] {logging_mixin.py:190} INFO - [2026-03-18T15:16:39.173+0000] {dag.py:3239} INFO - Sync 1 DAGs
[2026-03-18T15:16:39.206+0000] {logging_mixin.py:190} INFO - [2026-03-18T15:16:39.205+0000] {dag.py:4180} INFO - Setting next_dagrun for tasklar to 2026-03-16 23:30:00+00:00, run_after=2026-03-17 23:30:00+00:00
[2026-03-18T15:16:39.235+0000] {processor.py:208} INFO - Processing /opt/airflow/dags/import_variable.py took 0.126 seconds
[2026-03-18T15:17:09.841+0000] {processor.py:186} INFO - Started process (PID=3917) to work on /opt/airflow/dags/import_variable.py
[2026-03-18T15:17:09.843+0000] {processor.py:914} INFO - Processing file /opt/airflow/dags/import_variable.py for tasks to queue
[2026-03-18T15:17:09.847+0000] {logging_mixin.py:190} INFO - [2026-03-18T15:17:09.846+0000] {dagbag.py:588} INFO - Filling up the DagBag from /opt/airflow/dags/import_variable.py
[2026-03-18T15:17:09.866+0000] {processor.py:925} INFO - DAG(s) 'tasklar' retrieved from /opt/airflow/dags/import_variable.py
[2026-03-18T15:17:09.910+0000] {logging_mixin.py:190} INFO - [2026-03-18T15:17:09.910+0000] {dag.py:3239} INFO - Sync 1 DAGs
[2026-03-18T15:17:09.953+0000] {logging_mixin.py:190} INFO - [2026-03-18T15:17:09.952+0000] {dag.py:4180} INFO - Setting next_dagrun for tasklar to 2026-03-16 23:30:00+00:00, run_after=2026-03-17 23:30:00+00:00
[2026-03-18T15:17:09.986+0000] {processor.py:208} INFO - Processing /opt/airflow/dags/import_variable.py took 0.156 seconds
[2026-03-18T15:17:40.557+0000] {processor.py:186} INFO - Started process (PID=3953) to work on /opt/airflow/dags/import_variable.py
[2026-03-18T15:17:40.567+0000] {processor.py:914} INFO - Processing file /opt/airflow/dags/import_variable.py for tasks to queue
[2026-03-18T15:17:40.571+0000] {logging_mixin.py:190} INFO - [2026-03-18T15:17:40.570+0000] {dagbag.py:588} INFO - Filling up the DagBag from /opt/airflow/dags/import_variable.py
[2026-03-18T15:17:40.587+0000] {processor.py:925} INFO - DAG(s) 'tasklar' retrieved from /opt/airflow/dags/import_variable.py
[2026-03-18T15:17:40.623+0000] {logging_mixin.py:190} INFO - [2026-03-18T15:17:40.623+0000] {dag.py:3239} INFO - Sync 1 DAGs
[2026-03-18T15:17:40.660+0000] {logging_mixin.py:190} INFO - [2026-03-18T15:17:40.659+0000] {dag.py:4180} INFO - Setting next_dagrun for tasklar to 2026-03-16 23:30:00+00:00, run_after=2026-03-17 23:30:00+00:00
[2026-03-18T15:17:40.687+0000] {processor.py:208} INFO - Processing /opt/airflow/dags/import_variable.py took 0.138 seconds
[2026-03-18T15:18:11.270+0000] {processor.py:186} INFO - Started process (PID=3988) to work on /opt/airflow/dags/import_variable.py
[2026-03-18T15:18:11.280+0000] {processor.py:914} INFO - Processing file /opt/airflow/dags/import_variable.py for tasks to queue
[2026-03-18T15:18:11.283+0000] {logging_mixin.py:190} INFO - [2026-03-18T15:18:11.283+0000] {dagbag.py:588} INFO - Filling up the DagBag from /opt/airflow/dags/import_variable.py
[2026-03-18T15:18:11.303+0000] {processor.py:925} INFO - DAG(s) 'tasklar' retrieved from /opt/airflow/dags/import_variable.py
[2026-03-18T15:18:11.336+0000] {logging_mixin.py:190} INFO - [2026-03-18T15:18:11.335+0000] {dag.py:3239} INFO - Sync 1 DAGs
[2026-03-18T15:18:11.370+0000] {logging_mixin.py:190} INFO - [2026-03-18T15:18:11.370+0000] {dag.py:4180} INFO - Setting next_dagrun for tasklar to 2026-03-16 23:30:00+00:00, run_after=2026-03-17 23:30:00+00:00
[2026-03-18T15:18:11.396+0000] {processor.py:208} INFO - Processing /opt/airflow/dags/import_variable.py took 0.135 seconds
[2026-03-18T15:18:41.979+0000] {processor.py:186} INFO - Started process (PID=4024) to work on /opt/airflow/dags/import_variable.py
[2026-03-18T15:18:41.989+0000] {processor.py:914} INFO - Processing file /opt/airflow/dags/import_variable.py for tasks to queue
[2026-03-18T15:18:41.993+0000] {logging_mixin.py:190} INFO - [2026-03-18T15:18:41.992+0000] {dagbag.py:588} INFO - Filling up the DagBag from /opt/airflow/dags/import_variable.py
[2026-03-18T15:18:42.012+0000] {processor.py:925} INFO - DAG(s) 'tasklar' retrieved from /opt/airflow/dags/import_variable.py
[2026-03-18T15:18:42.043+0000] {logging_mixin.py:190} INFO - [2026-03-18T15:18:42.043+0000] {dag.py:3239} INFO - Sync 1 DAGs
[2026-03-18T15:18:42.075+0000] {logging_mixin.py:190} INFO - [2026-03-18T15:18:42.075+0000] {dag.py:4180} INFO - Setting next_dagrun for tasklar to 2026-03-16 23:30:00+00:00, run_after=2026-03-17 23:30:00+00:00
[2026-03-18T15:18:42.101+0000] {processor.py:208} INFO - Processing /opt/airflow/dags/import_variable.py took 0.130 seconds
[2026-03-18T15:19:12.626+0000] {processor.py:186} INFO - Started process (PID=4060) to work on /opt/airflow/dags/import_variable.py
[2026-03-18T15:19:12.636+0000] {processor.py:914} INFO - Processing file /opt/airflow/dags/import_variable.py for tasks to queue
[2026-03-18T15:19:12.638+0000] {logging_mixin.py:190} INFO - [2026-03-18T15:19:12.638+0000] {dagbag.py:588} INFO - Filling up the DagBag from /opt/airflow/dags/import_variable.py
[2026-03-18T15:19:12.651+0000] {processor.py:925} INFO - DAG(s) 'tasklar' retrieved from /opt/airflow/dags/import_variable.py
[2026-03-18T15:19:12.682+0000] {logging_mixin.py:190} INFO - [2026-03-18T15:19:12.681+0000] {dag.py:3239} INFO - Sync 1 DAGs
[2026-03-18T15:19:12.717+0000] {logging_mixin.py:190} INFO - [2026-03-18T15:19:12.717+0000] {dag.py:4180} INFO - Setting next_dagrun for tasklar to 2026-03-16 23:30:00+00:00, run_after=2026-03-17 23:30:00+00:00
[2026-03-18T15:19:12.742+0000] {processor.py:208} INFO - Processing /opt/airflow/dags/import_variable.py took 0.122 seconds
[2026-03-18T15:19:43.283+0000] {processor.py:186} INFO - Started process (PID=4096) to work on /opt/airflow/dags/import_variable.py
[2026-03-18T15:19:43.293+0000] {processor.py:914} INFO - Processing file /opt/airflow/dags/import_variable.py for tasks to queue
[2026-03-18T15:19:43.297+0000] {logging_mixin.py:190} INFO - [2026-03-18T15:19:43.296+0000] {dagbag.py:588} INFO - Filling up the DagBag from /opt/airflow/dags/import_variable.py
[2026-03-18T15:19:43.314+0000] {processor.py:925} INFO - DAG(s) 'tasklar' retrieved from /opt/airflow/dags/import_variable.py
[2026-03-18T15:19:43.352+0000] {logging_mixin.py:190} INFO - [2026-03-18T15:19:43.351+0000] {dag.py:3239} INFO - Sync 1 DAGs
[2026-03-18T15:19:43.388+0000] {logging_mixin.py:190} INFO - [2026-03-18T15:19:43.387+0000] {dag.py:4180} INFO - Setting next_dagrun for tasklar to 2026-03-16 23:30:00+00:00, run_after=2026-03-17 23:30:00+00:00
[2026-03-18T15:19:43.415+0000] {processor.py:208} INFO - Processing /opt/airflow/dags/import_variable.py took 0.139 seconds
[2026-03-18T15:20:14.024+0000] {processor.py:186} INFO - Started process (PID=4132) to work on /opt/airflow/dags/import_variable.py
[2026-03-18T15:20:14.034+0000] {processor.py:914} INFO - Processing file /opt/airflow/dags/import_variable.py for tasks to queue
[2026-03-18T15:20:14.038+0000] {logging_mixin.py:190} INFO - [2026-03-18T15:20:14.037+0000] {dagbag.py:588} INFO - Filling up the DagBag from /opt/airflow/dags/import_variable.py
[2026-03-18T15:20:14.060+0000] {processor.py:925} INFO - DAG(s) 'tasklar' retrieved from /opt/airflow/dags/import_variable.py
[2026-03-18T15:20:14.106+0000] {logging_mixin.py:190} INFO - [2026-03-18T15:20:14.106+0000] {dag.py:3239} INFO - Sync 1 DAGs
[2026-03-18T15:20:14.157+0000] {logging_mixin.py:190} INFO - [2026-03-18T15:20:14.156+0000] {dag.py:4180} INFO - Setting next_dagrun for tasklar to 2026-03-16 23:30:00+00:00, run_after=2026-03-17 23:30:00+00:00
[2026-03-18T15:20:14.194+0000] {processor.py:208} INFO - Processing /opt/airflow/dags/import_variable.py took 0.178 seconds
[2026-03-18T15:20:44.802+0000] {processor.py:186} INFO - Started process (PID=4168) to work on /opt/airflow/dags/import_variable.py
[2026-03-18T15:20:44.803+0000] {processor.py:914} INFO - Processing file /opt/airflow/dags/import_variable.py for tasks to queue
[2026-03-18T15:20:44.807+0000] {logging_mixin.py:190} INFO - [2026-03-18T15:20:44.806+0000] {dagbag.py:588} INFO - Filling up the DagBag from /opt/airflow/dags/import_variable.py
[2026-03-18T15:20:44.827+0000] {processor.py:925} INFO - DAG(s) 'tasklar' retrieved from /opt/airflow/dags/import_variable.py
[2026-03-18T15:20:44.866+0000] {logging_mixin.py:190} INFO - [2026-03-18T15:20:44.866+0000] {dag.py:3239} INFO - Sync 1 DAGs
[2026-03-18T15:20:44.904+0000] {logging_mixin.py:190} INFO - [2026-03-18T15:20:44.904+0000] {dag.py:4180} INFO - Setting next_dagrun for tasklar to 2026-03-16 23:30:00+00:00, run_after=2026-03-17 23:30:00+00:00
[2026-03-18T15:20:44.935+0000] {processor.py:208} INFO - Processing /opt/airflow/dags/import_variable.py took 0.144 seconds
[2026-03-18T15:21:15.495+0000] {processor.py:186} INFO - Started process (PID=4204) to work on /opt/airflow/dags/import_variable.py
[2026-03-18T15:21:15.505+0000] {processor.py:914} INFO - Processing file /opt/airflow/dags/import_variable.py for tasks to queue
[2026-03-18T15:21:15.509+0000] {logging_mixin.py:190} INFO - [2026-03-18T15:21:15.508+0000] {dagbag.py:588} INFO - Filling up the DagBag from /opt/airflow/dags/import_variable.py
[2026-03-18T15:21:15.529+0000] {processor.py:925} INFO - DAG(s) 'tasklar' retrieved from /opt/airflow/dags/import_variable.py
[2026-03-18T15:21:15.574+0000] {logging_mixin.py:190} INFO - [2026-03-18T15:21:15.573+0000] {dag.py:3239} INFO - Sync 1 DAGs
[2026-03-18T15:21:15.613+0000] {logging_mixin.py:190} INFO - [2026-03-18T15:21:15.613+0000] {dag.py:4180} INFO - Setting next_dagrun for tasklar to 2026-03-16 23:30:00+00:00, run_after=2026-03-17 23:30:00+00:00
[2026-03-18T15:21:15.640+0000] {processor.py:208} INFO - Processing /opt/airflow/dags/import_variable.py took 0.154 seconds
[2026-03-18T15:21:46.205+0000] {processor.py:186} INFO - Started process (PID=4240) to work on /opt/airflow/dags/import_variable.py
[2026-03-18T15:21:46.206+0000] {processor.py:914} INFO - Processing file /opt/airflow/dags/import_variable.py for tasks to queue
[2026-03-18T15:21:46.210+0000] {logging_mixin.py:190} INFO - [2026-03-18T15:21:46.209+0000] {dagbag.py:588} INFO - Filling up the DagBag from /opt/airflow/dags/import_variable.py
[2026-03-18T15:21:46.228+0000] {processor.py:925} INFO - DAG(s) 'tasklar' retrieved from /opt/airflow/dags/import_variable.py
[2026-03-18T15:21:46.269+0000] {logging_mixin.py:190} INFO - [2026-03-18T15:21:46.269+0000] {dag.py:3239} INFO - Sync 1 DAGs
[2026-03-18T15:21:46.318+0000] {logging_mixin.py:190} INFO - [2026-03-18T15:21:46.318+0000] {dag.py:4180} INFO - Setting next_dagrun for tasklar to 2026-03-16 23:30:00+00:00, run_after=2026-03-17 23:30:00+00:00
[2026-03-18T15:21:46.362+0000] {processor.py:208} INFO - Processing /opt/airflow/dags/import_variable.py took 0.165 seconds
[2026-03-18T15:22:16.952+0000] {processor.py:186} INFO - Started process (PID=4276) to work on /opt/airflow/dags/import_variable.py
[2026-03-18T15:22:16.962+0000] {processor.py:914} INFO - Processing file /opt/airflow/dags/import_variable.py for tasks to queue
[2026-03-18T15:22:16.966+0000] {logging_mixin.py:190} INFO - [2026-03-18T15:22:16.965+0000] {dagbag.py:588} INFO - Filling up the DagBag from /opt/airflow/dags/import_variable.py
[2026-03-18T15:22:16.983+0000] {processor.py:925} INFO - DAG(s) 'tasklar' retrieved from /opt/airflow/dags/import_variable.py
[2026-03-18T15:22:17.014+0000] {logging_mixin.py:190} INFO - [2026-03-18T15:22:17.013+0000] {dag.py:3239} INFO - Sync 1 DAGs
[2026-03-18T15:22:17.049+0000] {logging_mixin.py:190} INFO - [2026-03-18T15:22:17.049+0000] {dag.py:4180} INFO - Setting next_dagrun for tasklar to 2026-03-16 23:30:00+00:00, run_after=2026-03-17 23:30:00+00:00
[2026-03-18T15:22:17.078+0000] {processor.py:208} INFO - Processing /opt/airflow/dags/import_variable.py took 0.136 seconds
[2026-03-18T15:22:47.678+0000] {processor.py:186} INFO - Started process (PID=4312) to work on /opt/airflow/dags/import_variable.py
[2026-03-18T15:22:47.679+0000] {processor.py:914} INFO - Processing file /opt/airflow/dags/import_variable.py for tasks to queue
[2026-03-18T15:22:47.682+0000] {logging_mixin.py:190} INFO - [2026-03-18T15:22:47.682+0000] {dagbag.py:588} INFO - Filling up the DagBag from /opt/airflow/dags/import_variable.py
[2026-03-18T15:22:47.706+0000] {processor.py:925} INFO - DAG(s) 'tasklar' retrieved from /opt/airflow/dags/import_variable.py
[2026-03-18T15:22:47.749+0000] {logging_mixin.py:190} INFO - [2026-03-18T15:22:47.749+0000] {dag.py:3239} INFO - Sync 1 DAGs
[2026-03-18T15:22:47.799+0000] {logging_mixin.py:190} INFO - [2026-03-18T15:22:47.798+0000] {dag.py:4180} INFO - Setting next_dagrun for tasklar to 2026-03-16 23:30:00+00:00, run_after=2026-03-17 23:30:00+00:00
[2026-03-18T15:22:47.833+0000] {processor.py:208} INFO - Processing /opt/airflow/dags/import_variable.py took 0.163 seconds
[2026-03-18T15:23:18.631+0000] {processor.py:186} INFO - Started process (PID=4348) to work on /opt/airflow/dags/import_variable.py
[2026-03-18T15:23:18.641+0000] {processor.py:914} INFO - Processing file /opt/airflow/dags/import_variable.py for tasks to queue
[2026-03-18T15:23:18.644+0000] {logging_mixin.py:190} INFO - [2026-03-18T15:23:18.644+0000] {dagbag.py:588} INFO - Filling up the DagBag from /opt/airflow/dags/import_variable.py
[2026-03-18T15:23:18.665+0000] {processor.py:925} INFO - DAG(s) 'tasklar' retrieved from /opt/airflow/dags/import_variable.py
[2026-03-18T15:23:18.713+0000] {logging_mixin.py:190} INFO - [2026-03-18T15:23:18.713+0000] {dag.py:3239} INFO - Sync 1 DAGs
[2026-03-18T15:23:18.760+0000] {logging_mixin.py:190} INFO - [2026-03-18T15:23:18.760+0000] {dag.py:4180} INFO - Setting next_dagrun for tasklar to 2026-03-16 23:30:00+00:00, run_after=2026-03-17 23:30:00+00:00
[2026-03-18T15:23:19.090+0000] {processor.py:208} INFO - Processing /opt/airflow/dags/import_variable.py took 0.466 seconds
[2026-03-18T15:23:49.585+0000] {processor.py:186} INFO - Started process (PID=4384) to work on /opt/airflow/dags/import_variable.py
[2026-03-18T15:23:49.595+0000] {processor.py:914} INFO - Processing file /opt/airflow/dags/import_variable.py for tasks to queue
[2026-03-18T15:23:49.599+0000] {logging_mixin.py:190} INFO - [2026-03-18T15:23:49.598+0000] {dagbag.py:588} INFO - Filling up the DagBag from /opt/airflow/dags/import_variable.py
[2026-03-18T15:23:49.618+0000] {processor.py:925} INFO - DAG(s) 'tasklar' retrieved from /opt/airflow/dags/import_variable.py
[2026-03-18T15:23:49.655+0000] {logging_mixin.py:190} INFO - [2026-03-18T15:23:49.655+0000] {dag.py:3239} INFO - Sync 1 DAGs
[2026-03-18T15:23:49.696+0000] {logging_mixin.py:190} INFO - [2026-03-18T15:23:49.696+0000] {dag.py:4180} INFO - Setting next_dagrun for tasklar to 2026-03-16 23:30:00+00:00, run_after=2026-03-17 23:30:00+00:00
[2026-03-18T15:23:49.725+0000] {processor.py:208} INFO - Processing /opt/airflow/dags/import_variable.py took 0.148 seconds
[2026-03-18T15:24:20.083+0000] {processor.py:186} INFO - Started process (PID=4420) to work on /opt/airflow/dags/import_variable.py
[2026-03-18T15:24:20.093+0000] {processor.py:914} INFO - Processing file /opt/airflow/dags/import_variable.py for tasks to queue
[2026-03-18T15:24:20.095+0000] {logging_mixin.py:190} INFO - [2026-03-18T15:24:20.095+0000] {dagbag.py:588} INFO - Filling up the DagBag from /opt/airflow/dags/import_variable.py
[2026-03-18T15:24:20.109+0000] {processor.py:925} INFO - DAG(s) 'tasklar' retrieved from /opt/airflow/dags/import_variable.py
[2026-03-18T15:24:20.142+0000] {logging_mixin.py:190} INFO - [2026-03-18T15:24:20.142+0000] {dag.py:3239} INFO - Sync 1 DAGs
[2026-03-18T15:24:20.176+0000] {logging_mixin.py:190} INFO - [2026-03-18T15:24:20.175+0000] {dag.py:4180} INFO - Setting next_dagrun for tasklar to 2026-03-16 23:30:00+00:00, run_after=2026-03-17 23:30:00+00:00
[2026-03-18T15:24:20.207+0000] {processor.py:208} INFO - Processing /opt/airflow/dags/import_variable.py took 0.131 seconds
[2026-03-18T15:24:50.772+0000] {processor.py:186} INFO - Started process (PID=4456) to work on /opt/airflow/dags/import_variable.py
[2026-03-18T15:24:50.781+0000] {processor.py:914} INFO - Processing file /opt/airflow/dags/import_variable.py for tasks to queue
[2026-03-18T15:24:50.806+0000] {logging_mixin.py:190} INFO - [2026-03-18T15:24:50.802+0000] {dagbag.py:588} INFO - Filling up the DagBag from /opt/airflow/dags/import_variable.py
[2026-03-18T15:24:50.982+0000] {processor.py:925} INFO - DAG(s) 'tasklar' retrieved from /opt/airflow/dags/import_variable.py
[2026-03-18T15:24:51.339+0000] {logging_mixin.py:190} INFO - [2026-03-18T15:24:51.337+0000] {dag.py:3239} INFO - Sync 1 DAGs
[2026-03-18T15:24:51.511+0000] {logging_mixin.py:190} INFO - [2026-03-18T15:24:51.510+0000] {dag.py:4180} INFO - Setting next_dagrun for tasklar to 2026-03-16 23:30:00+00:00, run_after=2026-03-17 23:30:00+00:00
[2026-03-18T15:24:51.549+0000] {processor.py:208} INFO - Processing /opt/airflow/dags/import_variable.py took 0.888 seconds
[2026-03-18T15:25:22.081+0000] {processor.py:186} INFO - Started process (PID=4492) to work on /opt/airflow/dags/import_variable.py
[2026-03-18T15:25:22.088+0000] {processor.py:914} INFO - Processing file /opt/airflow/dags/import_variable.py for tasks to queue
[2026-03-18T15:25:22.091+0000] {logging_mixin.py:190} INFO - [2026-03-18T15:25:22.091+0000] {dagbag.py:588} INFO - Filling up the DagBag from /opt/airflow/dags/import_variable.py
[2026-03-18T15:25:22.109+0000] {processor.py:925} INFO - DAG(s) 'tasklar' retrieved from /opt/airflow/dags/import_variable.py
[2026-03-18T15:25:22.145+0000] {logging_mixin.py:190} INFO - [2026-03-18T15:25:22.145+0000] {dag.py:3239} INFO - Sync 1 DAGs
[2026-03-18T15:25:22.190+0000] {logging_mixin.py:190} INFO - [2026-03-18T15:25:22.190+0000] {dag.py:4180} INFO - Setting next_dagrun for tasklar to 2026-03-16 23:30:00+00:00, run_after=2026-03-17 23:30:00+00:00
[2026-03-18T15:25:22.217+0000] {processor.py:208} INFO - Processing /opt/airflow/dags/import_variable.py took 0.152 seconds
[2026-03-18T15:25:52.780+0000] {processor.py:186} INFO - Started process (PID=4528) to work on /opt/airflow/dags/import_variable.py
[2026-03-18T15:25:52.781+0000] {processor.py:914} INFO - Processing file /opt/airflow/dags/import_variable.py for tasks to queue
[2026-03-18T15:25:52.785+0000] {logging_mixin.py:190} INFO - [2026-03-18T15:25:52.784+0000] {dagbag.py:588} INFO - Filling up the DagBag from /opt/airflow/dags/import_variable.py
[2026-03-18T15:25:52.801+0000] {processor.py:925} INFO - DAG(s) 'tasklar' retrieved from /opt/airflow/dags/import_variable.py
[2026-03-18T15:25:52.843+0000] {logging_mixin.py:190} INFO - [2026-03-18T15:25:52.842+0000] {dag.py:3239} INFO - Sync 1 DAGs
[2026-03-18T15:25:52.891+0000] {logging_mixin.py:190} INFO - [2026-03-18T15:25:52.890+0000] {dag.py:4180} INFO - Setting next_dagrun for tasklar to 2026-03-16 23:30:00+00:00, run_after=2026-03-17 23:30:00+00:00
[2026-03-18T15:25:52.932+0000] {processor.py:208} INFO - Processing /opt/airflow/dags/import_variable.py took 0.160 seconds
[2026-03-18T15:26:23.291+0000] {processor.py:186} INFO - Started process (PID=4564) to work on /opt/airflow/dags/import_variable.py
[2026-03-18T15:26:23.301+0000] {processor.py:914} INFO - Processing file /opt/airflow/dags/import_variable.py for tasks to queue
[2026-03-18T15:26:23.304+0000] {logging_mixin.py:190} INFO - [2026-03-18T15:26:23.304+0000] {dagbag.py:588} INFO - Filling up the DagBag from /opt/airflow/dags/import_variable.py
[2026-03-18T15:26:23.319+0000] {processor.py:925} INFO - DAG(s) 'tasklar' retrieved from /opt/airflow/dags/import_variable.py
[2026-03-18T15:26:23.351+0000] {logging_mixin.py:190} INFO - [2026-03-18T15:26:23.351+0000] {dag.py:3239} INFO - Sync 1 DAGs
[2026-03-18T15:26:23.385+0000] {logging_mixin.py:190} INFO - [2026-03-18T15:26:23.385+0000] {dag.py:4180} INFO - Setting next_dagrun for tasklar to 2026-03-16 23:30:00+00:00, run_after=2026-03-17 23:30:00+00:00
[2026-03-18T15:26:23.418+0000] {processor.py:208} INFO - Processing /opt/airflow/dags/import_variable.py took 0.135 seconds
[2026-03-18T15:26:54.012+0000] {processor.py:186} INFO - Started process (PID=4600) to work on /opt/airflow/dags/import_variable.py
[2026-03-18T15:26:54.013+0000] {processor.py:914} INFO - Processing file /opt/airflow/dags/import_variable.py for tasks to queue
[2026-03-18T15:26:54.016+0000] {logging_mixin.py:190} INFO - [2026-03-18T15:26:54.016+0000] {dagbag.py:588} INFO - Filling up the DagBag from /opt/airflow/dags/import_variable.py
[2026-03-18T15:26:54.030+0000] {processor.py:925} INFO - DAG(s) 'tasklar' retrieved from /opt/airflow/dags/import_variable.py
[2026-03-18T15:26:54.067+0000] {logging_mixin.py:190} INFO - [2026-03-18T15:26:54.066+0000] {dag.py:3239} INFO - Sync 1 DAGs
[2026-03-18T15:26:54.108+0000] {logging_mixin.py:190} INFO - [2026-03-18T15:26:54.107+0000] {dag.py:4180} INFO - Setting next_dagrun for tasklar to 2026-03-16 23:30:00+00:00, run_after=2026-03-17 23:30:00+00:00
[2026-03-18T15:26:54.138+0000] {processor.py:208} INFO - Processing /opt/airflow/dags/import_variable.py took 0.134 seconds
[2026-03-18T15:27:24.631+0000] {processor.py:186} INFO - Started process (PID=4636) to work on /opt/airflow/dags/import_variable.py
[2026-03-18T15:27:24.641+0000] {processor.py:914} INFO - Processing file /opt/airflow/dags/import_variable.py for tasks to queue
[2026-03-18T15:27:24.645+0000] {logging_mixin.py:190} INFO - [2026-03-18T15:27:24.644+0000] {dagbag.py:588} INFO - Filling up the DagBag from /opt/airflow/dags/import_variable.py
[2026-03-18T15:27:24.658+0000] {processor.py:925} INFO - DAG(s) 'tasklar' retrieved from /opt/airflow/dags/import_variable.py
[2026-03-18T15:27:24.699+0000] {logging_mixin.py:190} INFO - [2026-03-18T15:27:24.698+0000] {dag.py:3239} INFO - Sync 1 DAGs
[2026-03-18T15:27:24.745+0000] {logging_mixin.py:190} INFO - [2026-03-18T15:27:24.744+0000] {dag.py:4180} INFO - Setting next_dagrun for tasklar to 2026-03-16 23:30:00+00:00, run_after=2026-03-17 23:30:00+00:00
[2026-03-18T15:27:24.776+0000] {processor.py:208} INFO - Processing /opt/airflow/dags/import_variable.py took 0.152 seconds
[2026-03-18T15:27:55.345+0000] {processor.py:186} INFO - Started process (PID=4672) to work on /opt/airflow/dags/import_variable.py
[2026-03-18T15:27:55.355+0000] {processor.py:914} INFO - Processing file /opt/airflow/dags/import_variable.py for tasks to queue
[2026-03-18T15:27:55.357+0000] {logging_mixin.py:190} INFO - [2026-03-18T15:27:55.357+0000] {dagbag.py:588} INFO - Filling up the DagBag from /opt/airflow/dags/import_variable.py
[2026-03-18T15:27:55.370+0000] {processor.py:925} INFO - DAG(s) 'tasklar' retrieved from /opt/airflow/dags/import_variable.py
[2026-03-18T15:27:55.401+0000] {logging_mixin.py:190} INFO - [2026-03-18T15:27:55.401+0000] {dag.py:3239} INFO - Sync 1 DAGs
[2026-03-18T15:27:55.436+0000] {logging_mixin.py:190} INFO - [2026-03-18T15:27:55.436+0000] {dag.py:4180} INFO - Setting next_dagrun for tasklar to 2026-03-16 23:30:00+00:00, run_after=2026-03-17 23:30:00+00:00
[2026-03-18T15:27:55.465+0000] {processor.py:208} INFO - Processing /opt/airflow/dags/import_variable.py took 0.126 seconds
[2026-03-18T15:28:26.040+0000] {processor.py:186} INFO - Started process (PID=4708) to work on /opt/airflow/dags/import_variable.py
[2026-03-18T15:28:26.050+0000] {processor.py:914} INFO - Processing file /opt/airflow/dags/import_variable.py for tasks to queue
[2026-03-18T15:28:26.054+0000] {logging_mixin.py:190} INFO - [2026-03-18T15:28:26.053+0000] {dagbag.py:588} INFO - Filling up the DagBag from /opt/airflow/dags/import_variable.py
[2026-03-18T15:28:26.070+0000] {processor.py:925} INFO - DAG(s) 'tasklar' retrieved from /opt/airflow/dags/import_variable.py
[2026-03-18T15:28:26.106+0000] {logging_mixin.py:190} INFO - [2026-03-18T15:28:26.105+0000] {dag.py:3239} INFO - Sync 1 DAGs
[2026-03-18T15:28:26.151+0000] {logging_mixin.py:190} INFO - [2026-03-18T15:28:26.150+0000] {dag.py:4180} INFO - Setting next_dagrun for tasklar to 2026-03-16 23:30:00+00:00, run_after=2026-03-17 23:30:00+00:00
[2026-03-18T15:28:26.181+0000] {processor.py:208} INFO - Processing /opt/airflow/dags/import_variable.py took 0.147 seconds
[2026-03-18T15:28:56.560+0000] {processor.py:186} INFO - Started process (PID=4744) to work on /opt/airflow/dags/import_variable.py
[2026-03-18T15:28:56.562+0000] {processor.py:914} INFO - Processing file /opt/airflow/dags/import_variable.py for tasks to queue
[2026-03-18T15:28:56.566+0000] {logging_mixin.py:190} INFO - [2026-03-18T15:28:56.565+0000] {dagbag.py:588} INFO - Filling up the DagBag from /opt/airflow/dags/import_variable.py
[2026-03-18T15:28:56.582+0000] {processor.py:925} INFO - DAG(s) 'tasklar' retrieved from /opt/airflow/dags/import_variable.py
[2026-03-18T15:28:56.615+0000] {logging_mixin.py:190} INFO - [2026-03-18T15:28:56.614+0000] {dag.py:3239} INFO - Sync 1 DAGs
[2026-03-18T15:28:56.647+0000] {logging_mixin.py:190} INFO - [2026-03-18T15:28:56.646+0000] {dag.py:4180} INFO - Setting next_dagrun for tasklar to 2026-03-16 23:30:00+00:00, run_after=2026-03-17 23:30:00+00:00
[2026-03-18T15:28:56.677+0000] {processor.py:208} INFO - Processing /opt/airflow/dags/import_variable.py took 0.126 seconds
[2026-03-18T15:29:27.055+0000] {processor.py:186} INFO - Started process (PID=4780) to work on /opt/airflow/dags/import_variable.py
[2026-03-18T15:29:27.065+0000] {processor.py:914} INFO - Processing file /opt/airflow/dags/import_variable.py for tasks to queue
[2026-03-18T15:29:27.068+0000] {logging_mixin.py:190} INFO - [2026-03-18T15:29:27.068+0000] {dagbag.py:588} INFO - Filling up the DagBag from /opt/airflow/dags/import_variable.py
[2026-03-18T15:29:27.086+0000] {processor.py:925} INFO - DAG(s) 'tasklar' retrieved from /opt/airflow/dags/import_variable.py
[2026-03-18T15:29:27.127+0000] {logging_mixin.py:190} INFO - [2026-03-18T15:29:27.127+0000] {dag.py:3239} INFO - Sync 1 DAGs
[2026-03-18T15:29:27.172+0000] {logging_mixin.py:190} INFO - [2026-03-18T15:29:27.171+0000] {dag.py:4180} INFO - Setting next_dagrun for tasklar to 2026-03-16 23:30:00+00:00, run_after=2026-03-17 23:30:00+00:00
[2026-03-18T15:29:27.201+0000] {processor.py:208} INFO - Processing /opt/airflow/dags/import_variable.py took 0.158 seconds
[2026-03-18T15:29:57.787+0000] {processor.py:186} INFO - Started process (PID=4816) to work on /opt/airflow/dags/import_variable.py
[2026-03-18T15:29:57.788+0000] {processor.py:914} INFO - Processing file /opt/airflow/dags/import_variable.py for tasks to queue
[2026-03-18T15:29:57.792+0000] {logging_mixin.py:190} INFO - [2026-03-18T15:29:57.792+0000] {dagbag.py:588} INFO - Filling up the DagBag from /opt/airflow/dags/import_variable.py
[2026-03-18T15:29:57.813+0000] {processor.py:925} INFO - DAG(s) 'tasklar' retrieved from /opt/airflow/dags/import_variable.py
[2026-03-18T15:29:57.854+0000] {logging_mixin.py:190} INFO - [2026-03-18T15:29:57.854+0000] {dag.py:3239} INFO - Sync 1 DAGs
[2026-03-18T15:29:57.905+0000] {logging_mixin.py:190} INFO - [2026-03-18T15:29:57.905+0000] {dag.py:4180} INFO - Setting next_dagrun for tasklar to 2026-03-16 23:30:00+00:00, run_after=2026-03-17 23:30:00+00:00
[2026-03-18T15:29:57.939+0000] {processor.py:208} INFO - Processing /opt/airflow/dags/import_variable.py took 0.161 seconds
[2026-03-18T15:30:28.512+0000] {processor.py:186} INFO - Started process (PID=4852) to work on /opt/airflow/dags/import_variable.py
[2026-03-18T15:30:28.522+0000] {processor.py:914} INFO - Processing file /opt/airflow/dags/import_variable.py for tasks to queue
[2026-03-18T15:30:28.526+0000] {logging_mixin.py:190} INFO - [2026-03-18T15:30:28.526+0000] {dagbag.py:588} INFO - Filling up the DagBag from /opt/airflow/dags/import_variable.py
[2026-03-18T15:30:28.544+0000] {processor.py:925} INFO - DAG(s) 'tasklar' retrieved from /opt/airflow/dags/import_variable.py
[2026-03-18T15:30:28.580+0000] {logging_mixin.py:190} INFO - [2026-03-18T15:30:28.580+0000] {dag.py:3239} INFO - Sync 1 DAGs
[2026-03-18T15:30:28.615+0000] {logging_mixin.py:190} INFO - [2026-03-18T15:30:28.614+0000] {dag.py:4180} INFO - Setting next_dagrun for tasklar to 2026-03-16 23:30:00+00:00, run_after=2026-03-17 23:30:00+00:00
[2026-03-18T15:30:28.642+0000] {processor.py:208} INFO - Processing /opt/airflow/dags/import_variable.py took 0.139 seconds
[2026-03-18T15:30:59.146+0000] {processor.py:186} INFO - Started process (PID=4888) to work on /opt/airflow/dags/import_variable.py
[2026-03-18T15:30:59.157+0000] {processor.py:914} INFO - Processing file /opt/airflow/dags/import_variable.py for tasks to queue
[2026-03-18T15:30:59.160+0000] {logging_mixin.py:190} INFO - [2026-03-18T15:30:59.159+0000] {dagbag.py:588} INFO - Filling up the DagBag from /opt/airflow/dags/import_variable.py
[2026-03-18T15:30:59.175+0000] {processor.py:925} INFO - DAG(s) 'tasklar' retrieved from /opt/airflow/dags/import_variable.py
[2026-03-18T15:30:59.204+0000] {logging_mixin.py:190} INFO - [2026-03-18T15:30:59.204+0000] {dag.py:3239} INFO - Sync 1 DAGs
[2026-03-18T15:30:59.234+0000] {logging_mixin.py:190} INFO - [2026-03-18T15:30:59.233+0000] {dag.py:4180} INFO - Setting next_dagrun for tasklar to 2026-03-16 23:30:00+00:00, run_after=2026-03-17 23:30:00+00:00
[2026-03-18T15:30:59.263+0000] {processor.py:208} INFO - Processing /opt/airflow/dags/import_variable.py took 0.123 seconds
[2026-03-18T15:31:29.651+0000] {processor.py:186} INFO - Started process (PID=4924) to work on /opt/airflow/dags/import_variable.py
[2026-03-18T15:31:29.653+0000] {processor.py:914} INFO - Processing file /opt/airflow/dags/import_variable.py for tasks to queue
[2026-03-18T15:31:29.656+0000] {logging_mixin.py:190} INFO - [2026-03-18T15:31:29.655+0000] {dagbag.py:588} INFO - Filling up the DagBag from /opt/airflow/dags/import_variable.py
[2026-03-18T15:31:29.670+0000] {processor.py:925} INFO - DAG(s) 'tasklar' retrieved from /opt/airflow/dags/import_variable.py
[2026-03-18T15:31:29.701+0000] {logging_mixin.py:190} INFO - [2026-03-18T15:31:29.701+0000] {dag.py:3239} INFO - Sync 1 DAGs
[2026-03-18T15:31:29.738+0000] {logging_mixin.py:190} INFO - [2026-03-18T15:31:29.737+0000] {dag.py:4180} INFO - Setting next_dagrun for tasklar to 2026-03-16 23:30:00+00:00, run_after=2026-03-17 23:30:00+00:00
[2026-03-18T15:31:29.768+0000] {processor.py:208} INFO - Processing /opt/airflow/dags/import_variable.py took 0.125 seconds
[2026-03-18T15:32:00.366+0000] {processor.py:186} INFO - Started process (PID=4960) to work on /opt/airflow/dags/import_variable.py
[2026-03-18T15:32:00.376+0000] {processor.py:914} INFO - Processing file /opt/airflow/dags/import_variable.py for tasks to queue
[2026-03-18T15:32:00.379+0000] {logging_mixin.py:190} INFO - [2026-03-18T15:32:00.379+0000] {dagbag.py:588} INFO - Filling up the DagBag from /opt/airflow/dags/import_variable.py
[2026-03-18T15:32:00.393+0000] {processor.py:925} INFO - DAG(s) 'tasklar' retrieved from /opt/airflow/dags/import_variable.py
[2026-03-18T15:32:00.424+0000] {logging_mixin.py:190} INFO - [2026-03-18T15:32:00.424+0000] {dag.py:3239} INFO - Sync 1 DAGs
[2026-03-18T15:32:00.456+0000] {logging_mixin.py:190} INFO - [2026-03-18T15:32:00.455+0000] {dag.py:4180} INFO - Setting next_dagrun for tasklar to 2026-03-16 23:30:00+00:00, run_after=2026-03-17 23:30:00+00:00
[2026-03-18T15:32:00.478+0000] {processor.py:208} INFO - Processing /opt/airflow/dags/import_variable.py took 0.117 seconds
[2026-03-18T15:32:31.015+0000] {processor.py:186} INFO - Started process (PID=4996) to work on /opt/airflow/dags/import_variable.py
[2026-03-18T15:32:31.025+0000] {processor.py:914} INFO - Processing file /opt/airflow/dags/import_variable.py for tasks to queue
[2026-03-18T15:32:31.028+0000] {logging_mixin.py:190} INFO - [2026-03-18T15:32:31.028+0000] {dagbag.py:588} INFO - Filling up the DagBag from /opt/airflow/dags/import_variable.py
[2026-03-18T15:32:31.043+0000] {processor.py:925} INFO - DAG(s) 'tasklar' retrieved from /opt/airflow/dags/import_variable.py
[2026-03-18T15:32:31.075+0000] {logging_mixin.py:190} INFO - [2026-03-18T15:32:31.075+0000] {dag.py:3239} INFO - Sync 1 DAGs
[2026-03-18T15:32:31.109+0000] {logging_mixin.py:190} INFO - [2026-03-18T15:32:31.108+0000] {dag.py:4180} INFO - Setting next_dagrun for tasklar to 2026-03-16 23:30:00+00:00, run_after=2026-03-17 23:30:00+00:00
[2026-03-18T15:32:31.137+0000] {processor.py:208} INFO - Processing /opt/airflow/dags/import_variable.py took 0.133 seconds
[2026-03-18T15:33:01.655+0000] {processor.py:186} INFO - Started process (PID=5032) to work on /opt/airflow/dags/import_variable.py
[2026-03-18T15:33:01.665+0000] {processor.py:914} INFO - Processing file /opt/airflow/dags/import_variable.py for tasks to queue
[2026-03-18T15:33:01.668+0000] {logging_mixin.py:190} INFO - [2026-03-18T15:33:01.668+0000] {dagbag.py:588} INFO - Filling up the DagBag from /opt/airflow/dags/import_variable.py
[2026-03-18T15:33:01.686+0000] {processor.py:925} INFO - DAG(s) 'tasklar' retrieved from /opt/airflow/dags/import_variable.py
[2026-03-18T15:33:01.717+0000] {logging_mixin.py:190} INFO - [2026-03-18T15:33:01.717+0000] {dag.py:3239} INFO - Sync 1 DAGs
[2026-03-18T15:33:01.751+0000] {logging_mixin.py:190} INFO - [2026-03-18T15:33:01.751+0000] {dag.py:4180} INFO - Setting next_dagrun for tasklar to 2026-03-16 23:30:00+00:00, run_after=2026-03-17 23:30:00+00:00
[2026-03-18T15:33:01.781+0000] {processor.py:208} INFO - Processing /opt/airflow/dags/import_variable.py took 0.134 seconds
[2026-03-18T15:33:32.279+0000] {processor.py:186} INFO - Started process (PID=5068) to work on /opt/airflow/dags/import_variable.py
[2026-03-18T15:33:32.289+0000] {processor.py:914} INFO - Processing file /opt/airflow/dags/import_variable.py for tasks to queue
[2026-03-18T15:33:32.293+0000] {logging_mixin.py:190} INFO - [2026-03-18T15:33:32.292+0000] {dagbag.py:588} INFO - Filling up the DagBag from /opt/airflow/dags/import_variable.py
[2026-03-18T15:33:32.310+0000] {processor.py:925} INFO - DAG(s) 'tasklar' retrieved from /opt/airflow/dags/import_variable.py
[2026-03-18T15:33:32.346+0000] {logging_mixin.py:190} INFO - [2026-03-18T15:33:32.345+0000] {dag.py:3239} INFO - Sync 1 DAGs
[2026-03-18T15:33:32.383+0000] {logging_mixin.py:190} INFO - [2026-03-18T15:33:32.382+0000] {dag.py:4180} INFO - Setting next_dagrun for tasklar to 2026-03-16 23:30:00+00:00, run_after=2026-03-17 23:30:00+00:00
[2026-03-18T15:33:32.407+0000] {processor.py:208} INFO - Processing /opt/airflow/dags/import_variable.py took 0.135 seconds
[2026-03-18T15:34:02.828+0000] {processor.py:186} INFO - Started process (PID=5104) to work on /opt/airflow/dags/import_variable.py
[2026-03-18T15:34:02.830+0000] {processor.py:914} INFO - Processing file /opt/airflow/dags/import_variable.py for tasks to queue
[2026-03-18T15:34:02.834+0000] {logging_mixin.py:190} INFO - [2026-03-18T15:34:02.833+0000] {dagbag.py:588} INFO - Filling up the DagBag from /opt/airflow/dags/import_variable.py
[2026-03-18T15:34:02.854+0000] {processor.py:925} INFO - DAG(s) 'tasklar' retrieved from /opt/airflow/dags/import_variable.py
[2026-03-18T15:34:02.898+0000] {logging_mixin.py:190} INFO - [2026-03-18T15:34:02.897+0000] {dag.py:3239} INFO - Sync 1 DAGs
[2026-03-18T15:34:02.939+0000] {logging_mixin.py:190} INFO - [2026-03-18T15:34:02.938+0000] {dag.py:4180} INFO - Setting next_dagrun for tasklar to 2026-03-16 23:30:00+00:00, run_after=2026-03-17 23:30:00+00:00
[2026-03-18T15:34:02.974+0000] {processor.py:208} INFO - Processing /opt/airflow/dags/import_variable.py took 0.155 seconds
[2026-03-18T15:34:33.595+0000] {processor.py:186} INFO - Started process (PID=5140) to work on /opt/airflow/dags/import_variable.py
[2026-03-18T15:34:33.605+0000] {processor.py:914} INFO - Processing file /opt/airflow/dags/import_variable.py for tasks to queue
[2026-03-18T15:34:33.610+0000] {logging_mixin.py:190} INFO - [2026-03-18T15:34:33.609+0000] {dagbag.py:588} INFO - Filling up the DagBag from /opt/airflow/dags/import_variable.py
[2026-03-18T15:34:33.629+0000] {processor.py:925} INFO - DAG(s) 'tasklar' retrieved from /opt/airflow/dags/import_variable.py
[2026-03-18T15:34:33.669+0000] {logging_mixin.py:190} INFO - [2026-03-18T15:34:33.668+0000] {dag.py:3239} INFO - Sync 1 DAGs
[2026-03-18T15:34:33.709+0000] {logging_mixin.py:190} INFO - [2026-03-18T15:34:33.709+0000] {dag.py:4180} INFO - Setting next_dagrun for tasklar to 2026-03-16 23:30:00+00:00, run_after=2026-03-17 23:30:00+00:00
[2026-03-18T15:34:33.738+0000] {processor.py:208} INFO - Processing /opt/airflow/dags/import_variable.py took 0.151 seconds
[2026-03-18T15:35:04.295+0000] {processor.py:186} INFO - Started process (PID=5176) to work on /opt/airflow/dags/import_variable.py
[2026-03-18T15:35:04.305+0000] {processor.py:914} INFO - Processing file /opt/airflow/dags/import_variable.py for tasks to queue
[2026-03-18T15:35:04.309+0000] {logging_mixin.py:190} INFO - [2026-03-18T15:35:04.308+0000] {dagbag.py:588} INFO - Filling up the DagBag from /opt/airflow/dags/import_variable.py
[2026-03-18T15:35:04.326+0000] {processor.py:925} INFO - DAG(s) 'tasklar' retrieved from /opt/airflow/dags/import_variable.py
[2026-03-18T15:35:04.371+0000] {logging_mixin.py:190} INFO - [2026-03-18T15:35:04.370+0000] {dag.py:3239} INFO - Sync 1 DAGs
[2026-03-18T15:35:04.419+0000] {logging_mixin.py:190} INFO - [2026-03-18T15:35:04.418+0000] {dag.py:4180} INFO - Setting next_dagrun for tasklar to 2026-03-16 23:30:00+00:00, run_after=2026-03-17 23:30:00+00:00
[2026-03-18T15:35:04.452+0000] {processor.py:208} INFO - Processing /opt/airflow/dags/import_variable.py took 0.165 seconds
[2026-03-18T15:35:35.084+0000] {processor.py:186} INFO - Started process (PID=5212) to work on /opt/airflow/dags/import_variable.py
[2026-03-18T15:35:35.094+0000] {processor.py:914} INFO - Processing file /opt/airflow/dags/import_variable.py for tasks to queue
[2026-03-18T15:35:35.098+0000] {logging_mixin.py:190} INFO - [2026-03-18T15:35:35.097+0000] {dagbag.py:588} INFO - Filling up the DagBag from /opt/airflow/dags/import_variable.py
[2026-03-18T15:35:35.113+0000] {processor.py:925} INFO - DAG(s) 'tasklar' retrieved from /opt/airflow/dags/import_variable.py
[2026-03-18T15:35:35.150+0000] {logging_mixin.py:190} INFO - [2026-03-18T15:35:35.150+0000] {dag.py:3239} INFO - Sync 1 DAGs
[2026-03-18T15:35:35.192+0000] {logging_mixin.py:190} INFO - [2026-03-18T15:35:35.192+0000] {dag.py:4180} INFO - Setting next_dagrun for tasklar to 2026-03-16 23:30:00+00:00, run_after=2026-03-17 23:30:00+00:00
[2026-03-18T15:35:35.222+0000] {processor.py:208} INFO - Processing /opt/airflow/dags/import_variable.py took 0.146 seconds
[2026-03-18T15:36:05.810+0000] {processor.py:186} INFO - Started process (PID=5248) to work on /opt/airflow/dags/import_variable.py
[2026-03-18T15:36:05.820+0000] {processor.py:914} INFO - Processing file /opt/airflow/dags/import_variable.py for tasks to queue
[2026-03-18T15:36:05.825+0000] {logging_mixin.py:190} INFO - [2026-03-18T15:36:05.824+0000] {dagbag.py:588} INFO - Filling up the DagBag from /opt/airflow/dags/import_variable.py
[2026-03-18T15:36:05.841+0000] {processor.py:925} INFO - DAG(s) 'tasklar' retrieved from /opt/airflow/dags/import_variable.py
[2026-03-18T15:36:05.874+0000] {logging_mixin.py:190} INFO - [2026-03-18T15:36:05.873+0000] {dag.py:3239} INFO - Sync 1 DAGs
[2026-03-18T15:36:05.917+0000] {logging_mixin.py:190} INFO - [2026-03-18T15:36:05.917+0000] {dag.py:4180} INFO - Setting next_dagrun for tasklar to 2026-03-16 23:30:00+00:00, run_after=2026-03-17 23:30:00+00:00
[2026-03-18T15:36:05.947+0000] {processor.py:208} INFO - Processing /opt/airflow/dags/import_variable.py took 0.146 seconds
[2026-03-18T15:36:36.451+0000] {processor.py:186} INFO - Started process (PID=5284) to work on /opt/airflow/dags/import_variable.py
[2026-03-18T15:36:36.460+0000] {processor.py:914} INFO - Processing file /opt/airflow/dags/import_variable.py for tasks to queue
[2026-03-18T15:36:36.465+0000] {logging_mixin.py:190} INFO - [2026-03-18T15:36:36.464+0000] {dagbag.py:588} INFO - Filling up the DagBag from /opt/airflow/dags/import_variable.py
[2026-03-18T15:36:36.480+0000] {processor.py:925} INFO - DAG(s) 'tasklar' retrieved from /opt/airflow/dags/import_variable.py
[2026-03-18T15:36:36.513+0000] {logging_mixin.py:190} INFO - [2026-03-18T15:36:36.513+0000] {dag.py:3239} INFO - Sync 1 DAGs
[2026-03-18T15:36:36.547+0000] {logging_mixin.py:190} INFO - [2026-03-18T15:36:36.547+0000] {dag.py:4180} INFO - Setting next_dagrun for tasklar to 2026-03-16 23:30:00+00:00, run_after=2026-03-17 23:30:00+00:00
[2026-03-18T15:36:36.573+0000] {processor.py:208} INFO - Processing /opt/airflow/dags/import_variable.py took 0.132 seconds
[2026-03-18T15:37:07.138+0000] {processor.py:186} INFO - Started process (PID=5320) to work on /opt/airflow/dags/import_variable.py
[2026-03-18T15:37:07.148+0000] {processor.py:914} INFO - Processing file /opt/airflow/dags/import_variable.py for tasks to queue
[2026-03-18T15:37:07.152+0000] {logging_mixin.py:190} INFO - [2026-03-18T15:37:07.151+0000] {dagbag.py:588} INFO - Filling up the DagBag from /opt/airflow/dags/import_variable.py
[2026-03-18T15:37:07.169+0000] {processor.py:925} INFO - DAG(s) 'tasklar' retrieved from /opt/airflow/dags/import_variable.py
[2026-03-18T15:37:07.208+0000] {logging_mixin.py:190} INFO - [2026-03-18T15:37:07.207+0000] {dag.py:3239} INFO - Sync 1 DAGs
[2026-03-18T15:37:07.250+0000] {logging_mixin.py:190} INFO - [2026-03-18T15:37:07.250+0000] {dag.py:4180} INFO - Setting next_dagrun for tasklar to 2026-03-16 23:30:00+00:00, run_after=2026-03-17 23:30:00+00:00
[2026-03-18T15:37:07.283+0000] {processor.py:208} INFO - Processing /opt/airflow/dags/import_variable.py took 0.157 seconds
[2026-03-18T15:37:37.853+0000] {processor.py:186} INFO - Started process (PID=5356) to work on /opt/airflow/dags/import_variable.py
[2026-03-18T15:37:37.863+0000] {processor.py:914} INFO - Processing file /opt/airflow/dags/import_variable.py for tasks to queue
[2026-03-18T15:37:37.868+0000] {logging_mixin.py:190} INFO - [2026-03-18T15:37:37.867+0000] {dagbag.py:588} INFO - Filling up the DagBag from /opt/airflow/dags/import_variable.py
[2026-03-18T15:37:37.886+0000] {processor.py:925} INFO - DAG(s) 'tasklar' retrieved from /opt/airflow/dags/import_variable.py
[2026-03-18T15:37:37.918+0000] {logging_mixin.py:190} INFO - [2026-03-18T15:37:37.917+0000] {dag.py:3239} INFO - Sync 1 DAGs
[2026-03-18T15:37:37.962+0000] {logging_mixin.py:190} INFO - [2026-03-18T15:37:37.961+0000] {dag.py:4180} INFO - Setting next_dagrun for tasklar to 2026-03-16 23:30:00+00:00, run_after=2026-03-17 23:30:00+00:00
[2026-03-18T15:37:37.992+0000] {processor.py:208} INFO - Processing /opt/airflow/dags/import_variable.py took 0.148 seconds
[2026-03-18T15:39:23.175+0000] {processor.py:186} INFO - Started process (PID=221) to work on /opt/airflow/dags/import_variable.py
[2026-03-18T15:39:23.177+0000] {processor.py:914} INFO - Processing file /opt/airflow/dags/import_variable.py for tasks to queue
[2026-03-18T15:39:23.180+0000] {logging_mixin.py:190} INFO - [2026-03-18T15:39:23.180+0000] {dagbag.py:588} INFO - Filling up the DagBag from /opt/airflow/dags/import_variable.py
[2026-03-18T15:39:23.218+0000] {processor.py:925} INFO - DAG(s) 'tasklar' retrieved from /opt/airflow/dags/import_variable.py
[2026-03-18T15:39:23.272+0000] {logging_mixin.py:190} INFO - [2026-03-18T15:39:23.272+0000] {dag.py:3239} INFO - Sync 1 DAGs
[2026-03-18T15:39:23.336+0000] {logging_mixin.py:190} INFO - [2026-03-18T15:39:23.335+0000] {dag.py:4180} INFO - Setting next_dagrun for tasklar to 2026-03-16 23:30:00+00:00, run_after=2026-03-17 23:30:00+00:00
[2026-03-18T15:39:23.399+0000] {processor.py:208} INFO - Processing /opt/airflow/dags/import_variable.py took 0.235 seconds
[2026-03-18T15:39:53.571+0000] {processor.py:186} INFO - Started process (PID=259) to work on /opt/airflow/dags/import_variable.py
[2026-03-18T15:39:53.572+0000] {processor.py:914} INFO - Processing file /opt/airflow/dags/import_variable.py for tasks to queue
[2026-03-18T15:39:53.575+0000] {logging_mixin.py:190} INFO - [2026-03-18T15:39:53.574+0000] {dagbag.py:588} INFO - Filling up the DagBag from /opt/airflow/dags/import_variable.py
[2026-03-18T15:39:53.588+0000] {processor.py:925} INFO - DAG(s) 'tasklar' retrieved from /opt/airflow/dags/import_variable.py
[2026-03-18T15:39:53.620+0000] {logging_mixin.py:190} INFO - [2026-03-18T15:39:53.620+0000] {dag.py:3239} INFO - Sync 1 DAGs
[2026-03-18T15:39:53.655+0000] {logging_mixin.py:190} INFO - [2026-03-18T15:39:53.654+0000] {dag.py:4180} INFO - Setting next_dagrun for tasklar to 2026-03-16 23:30:00+00:00, run_after=2026-03-17 23:30:00+00:00
[2026-03-18T15:39:53.680+0000] {processor.py:208} INFO - Processing /opt/airflow/dags/import_variable.py took 0.119 seconds
[2026-03-18T15:40:23.721+0000] {processor.py:186} INFO - Started process (PID=295) to work on /opt/airflow/dags/import_variable.py
[2026-03-18T15:40:23.722+0000] {processor.py:914} INFO - Processing file /opt/airflow/dags/import_variable.py for tasks to queue
[2026-03-18T15:40:23.725+0000] {logging_mixin.py:190} INFO - [2026-03-18T15:40:23.724+0000] {dagbag.py:588} INFO - Filling up the DagBag from /opt/airflow/dags/import_variable.py
[2026-03-18T15:40:23.741+0000] {processor.py:925} INFO - DAG(s) 'tasklar' retrieved from /opt/airflow/dags/import_variable.py
[2026-03-18T15:40:23.776+0000] {logging_mixin.py:190} INFO - [2026-03-18T15:40:23.776+0000] {dag.py:3239} INFO - Sync 1 DAGs
[2026-03-18T15:40:23.809+0000] {logging_mixin.py:190} INFO - [2026-03-18T15:40:23.809+0000] {dag.py:4180} INFO - Setting next_dagrun for tasklar to 2026-03-16 23:30:00+00:00, run_after=2026-03-17 23:30:00+00:00
[2026-03-18T15:40:23.831+0000] {processor.py:208} INFO - Processing /opt/airflow/dags/import_variable.py took 0.116 seconds
[2026-03-18T15:40:54.429+0000] {processor.py:186} INFO - Started process (PID=331) to work on /opt/airflow/dags/import_variable.py
[2026-03-18T15:40:54.431+0000] {processor.py:914} INFO - Processing file /opt/airflow/dags/import_variable.py for tasks to queue
[2026-03-18T15:40:54.435+0000] {logging_mixin.py:190} INFO - [2026-03-18T15:40:54.434+0000] {dagbag.py:588} INFO - Filling up the DagBag from /opt/airflow/dags/import_variable.py
[2026-03-18T15:40:54.455+0000] {processor.py:925} INFO - DAG(s) 'tasklar' retrieved from /opt/airflow/dags/import_variable.py
[2026-03-18T15:40:54.497+0000] {logging_mixin.py:190} INFO - [2026-03-18T15:40:54.496+0000] {dag.py:3239} INFO - Sync 1 DAGs
[2026-03-18T15:40:54.540+0000] {logging_mixin.py:190} INFO - [2026-03-18T15:40:54.539+0000] {dag.py:4180} INFO - Setting next_dagrun for tasklar to 2026-03-16 23:30:00+00:00, run_after=2026-03-17 23:30:00+00:00
[2026-03-18T15:40:54.569+0000] {processor.py:208} INFO - Processing /opt/airflow/dags/import_variable.py took 0.148 seconds
[2026-03-18T15:41:25.135+0000] {processor.py:186} INFO - Started process (PID=367) to work on /opt/airflow/dags/import_variable.py
[2026-03-18T15:41:25.137+0000] {processor.py:914} INFO - Processing file /opt/airflow/dags/import_variable.py for tasks to queue
[2026-03-18T15:41:25.141+0000] {logging_mixin.py:190} INFO - [2026-03-18T15:41:25.141+0000] {dagbag.py:588} INFO - Filling up the DagBag from /opt/airflow/dags/import_variable.py
[2026-03-18T15:41:25.157+0000] {processor.py:925} INFO - DAG(s) 'tasklar' retrieved from /opt/airflow/dags/import_variable.py
[2026-03-18T15:41:25.193+0000] {logging_mixin.py:190} INFO - [2026-03-18T15:41:25.193+0000] {dag.py:3239} INFO - Sync 1 DAGs
[2026-03-18T15:41:25.225+0000] {logging_mixin.py:190} INFO - [2026-03-18T15:41:25.225+0000] {dag.py:4180} INFO - Setting next_dagrun for tasklar to 2026-03-16 23:30:00+00:00, run_after=2026-03-17 23:30:00+00:00
[2026-03-18T15:41:25.247+0000] {processor.py:208} INFO - Processing /opt/airflow/dags/import_variable.py took 0.121 seconds
[2026-03-18T15:41:55.868+0000] {processor.py:186} INFO - Started process (PID=401) to work on /opt/airflow/dags/import_variable.py
[2026-03-18T15:41:55.869+0000] {processor.py:914} INFO - Processing file /opt/airflow/dags/import_variable.py for tasks to queue
[2026-03-18T15:41:55.873+0000] {logging_mixin.py:190} INFO - [2026-03-18T15:41:55.873+0000] {dagbag.py:588} INFO - Filling up the DagBag from /opt/airflow/dags/import_variable.py
[2026-03-18T15:41:55.890+0000] {processor.py:925} INFO - DAG(s) 'tasklar' retrieved from /opt/airflow/dags/import_variable.py
[2026-03-18T15:41:55.927+0000] {logging_mixin.py:190} INFO - [2026-03-18T15:41:55.926+0000] {dag.py:3239} INFO - Sync 1 DAGs
[2026-03-18T15:41:55.963+0000] {logging_mixin.py:190} INFO - [2026-03-18T15:41:55.962+0000] {dag.py:4180} INFO - Setting next_dagrun for tasklar to 2026-03-16 23:30:00+00:00, run_after=2026-03-17 23:30:00+00:00
[2026-03-18T15:41:55.990+0000] {processor.py:208} INFO - Processing /opt/airflow/dags/import_variable.py took 0.132 seconds
[2026-03-18T15:42:26.622+0000] {processor.py:186} INFO - Started process (PID=437) to work on /opt/airflow/dags/import_variable.py
[2026-03-18T15:42:26.624+0000] {processor.py:914} INFO - Processing file /opt/airflow/dags/import_variable.py for tasks to queue
[2026-03-18T15:42:26.632+0000] {logging_mixin.py:190} INFO - [2026-03-18T15:42:26.631+0000] {dagbag.py:588} INFO - Filling up the DagBag from /opt/airflow/dags/import_variable.py
[2026-03-18T15:42:26.651+0000] {processor.py:925} INFO - DAG(s) 'tasklar' retrieved from /opt/airflow/dags/import_variable.py
[2026-03-18T15:42:26.687+0000] {logging_mixin.py:190} INFO - [2026-03-18T15:42:26.687+0000] {dag.py:3239} INFO - Sync 1 DAGs
[2026-03-18T15:42:26.730+0000] {logging_mixin.py:190} INFO - [2026-03-18T15:42:26.730+0000] {dag.py:4180} INFO - Setting next_dagrun for tasklar to 2026-03-16 23:30:00+00:00, run_after=2026-03-17 23:30:00+00:00
[2026-03-18T15:42:26.763+0000] {processor.py:208} INFO - Processing /opt/airflow/dags/import_variable.py took 0.151 seconds
[2026-03-18T15:42:57.297+0000] {processor.py:186} INFO - Started process (PID=473) to work on /opt/airflow/dags/import_variable.py
[2026-03-18T15:42:57.298+0000] {processor.py:914} INFO - Processing file /opt/airflow/dags/import_variable.py for tasks to queue
[2026-03-18T15:42:57.301+0000] {logging_mixin.py:190} INFO - [2026-03-18T15:42:57.300+0000] {dagbag.py:588} INFO - Filling up the DagBag from /opt/airflow/dags/import_variable.py
[2026-03-18T15:42:57.318+0000] {processor.py:925} INFO - DAG(s) 'tasklar' retrieved from /opt/airflow/dags/import_variable.py
[2026-03-18T15:42:57.354+0000] {logging_mixin.py:190} INFO - [2026-03-18T15:42:57.354+0000] {dag.py:3239} INFO - Sync 1 DAGs
[2026-03-18T15:42:57.389+0000] {logging_mixin.py:190} INFO - [2026-03-18T15:42:57.388+0000] {dag.py:4180} INFO - Setting next_dagrun for tasklar to 2026-03-16 23:30:00+00:00, run_after=2026-03-17 23:30:00+00:00
[2026-03-18T15:42:57.410+0000] {processor.py:208} INFO - Processing /opt/airflow/dags/import_variable.py took 0.122 seconds
[2026-03-18T15:43:28.020+0000] {processor.py:186} INFO - Started process (PID=509) to work on /opt/airflow/dags/import_variable.py
[2026-03-18T15:43:28.021+0000] {processor.py:914} INFO - Processing file /opt/airflow/dags/import_variable.py for tasks to queue
[2026-03-18T15:43:28.025+0000] {logging_mixin.py:190} INFO - [2026-03-18T15:43:28.024+0000] {dagbag.py:588} INFO - Filling up the DagBag from /opt/airflow/dags/import_variable.py
[2026-03-18T15:43:28.040+0000] {processor.py:925} INFO - DAG(s) 'tasklar' retrieved from /opt/airflow/dags/import_variable.py
[2026-03-18T15:43:28.076+0000] {logging_mixin.py:190} INFO - [2026-03-18T15:43:28.075+0000] {dag.py:3239} INFO - Sync 1 DAGs
[2026-03-18T15:43:28.117+0000] {logging_mixin.py:190} INFO - [2026-03-18T15:43:28.117+0000] {dag.py:4180} INFO - Setting next_dagrun for tasklar to 2026-03-16 23:30:00+00:00, run_after=2026-03-17 23:30:00+00:00
[2026-03-18T15:43:28.148+0000] {processor.py:208} INFO - Processing /opt/airflow/dags/import_variable.py took 0.135 seconds
[2026-03-18T15:43:58.831+0000] {processor.py:186} INFO - Started process (PID=545) to work on /opt/airflow/dags/import_variable.py
[2026-03-18T15:43:58.833+0000] {processor.py:914} INFO - Processing file /opt/airflow/dags/import_variable.py for tasks to queue
[2026-03-18T15:43:58.837+0000] {logging_mixin.py:190} INFO - [2026-03-18T15:43:58.837+0000] {dagbag.py:588} INFO - Filling up the DagBag from /opt/airflow/dags/import_variable.py
[2026-03-18T15:43:58.860+0000] {processor.py:925} INFO - DAG(s) 'tasklar' retrieved from /opt/airflow/dags/import_variable.py
[2026-03-18T15:43:58.915+0000] {logging_mixin.py:190} INFO - [2026-03-18T15:43:58.915+0000] {dag.py:3239} INFO - Sync 1 DAGs
[2026-03-18T15:43:58.968+0000] {logging_mixin.py:190} INFO - [2026-03-18T15:43:58.967+0000] {dag.py:4180} INFO - Setting next_dagrun for tasklar to 2026-03-16 23:30:00+00:00, run_after=2026-03-17 23:30:00+00:00
[2026-03-18T15:43:59.012+0000] {processor.py:208} INFO - Processing /opt/airflow/dags/import_variable.py took 0.192 seconds
[2026-03-18T15:44:29.581+0000] {processor.py:186} INFO - Started process (PID=581) to work on /opt/airflow/dags/import_variable.py
[2026-03-18T15:44:29.582+0000] {processor.py:914} INFO - Processing file /opt/airflow/dags/import_variable.py for tasks to queue
[2026-03-18T15:44:29.585+0000] {logging_mixin.py:190} INFO - [2026-03-18T15:44:29.585+0000] {dagbag.py:588} INFO - Filling up the DagBag from /opt/airflow/dags/import_variable.py
[2026-03-18T15:44:29.601+0000] {processor.py:925} INFO - DAG(s) 'tasklar' retrieved from /opt/airflow/dags/import_variable.py
[2026-03-18T15:44:29.633+0000] {logging_mixin.py:190} INFO - [2026-03-18T15:44:29.633+0000] {dag.py:3239} INFO - Sync 1 DAGs
[2026-03-18T15:44:29.666+0000] {logging_mixin.py:190} INFO - [2026-03-18T15:44:29.666+0000] {dag.py:4180} INFO - Setting next_dagrun for tasklar to 2026-03-16 23:30:00+00:00, run_after=2026-03-17 23:30:00+00:00
[2026-03-18T15:44:29.689+0000] {processor.py:208} INFO - Processing /opt/airflow/dags/import_variable.py took 0.116 seconds
[2026-03-18T15:45:02.096+0000] {processor.py:186} INFO - Started process (PID=619) to work on /opt/airflow/dags/import_variable.py
[2026-03-18T15:45:02.116+0000] {processor.py:914} INFO - Processing file /opt/airflow/dags/import_variable.py for tasks to queue
[2026-03-18T15:45:02.133+0000] {logging_mixin.py:190} INFO - [2026-03-18T15:45:02.130+0000] {dagbag.py:588} INFO - Filling up the DagBag from /opt/airflow/dags/import_variable.py
[2026-03-18T15:45:02.257+0000] {processor.py:925} INFO - DAG(s) 'tasklar' retrieved from /opt/airflow/dags/import_variable.py
[2026-03-18T15:45:02.467+0000] {logging_mixin.py:190} INFO - [2026-03-18T15:45:02.465+0000] {dag.py:3239} INFO - Sync 1 DAGs
[2026-03-18T15:45:02.724+0000] {logging_mixin.py:190} INFO - [2026-03-18T15:45:02.722+0000] {dag.py:4180} INFO - Setting next_dagrun for tasklar to 2026-03-16 23:30:00+00:00, run_after=2026-03-17 23:30:00+00:00
[2026-03-18T15:45:02.918+0000] {processor.py:208} INFO - Processing /opt/airflow/dags/import_variable.py took 0.874 seconds
[2026-03-18T15:45:33.280+0000] {processor.py:186} INFO - Started process (PID=655) to work on /opt/airflow/dags/import_variable.py
[2026-03-18T15:45:33.281+0000] {processor.py:914} INFO - Processing file /opt/airflow/dags/import_variable.py for tasks to queue
[2026-03-18T15:45:33.286+0000] {logging_mixin.py:190} INFO - [2026-03-18T15:45:33.284+0000] {dagbag.py:588} INFO - Filling up the DagBag from /opt/airflow/dags/import_variable.py
[2026-03-18T15:45:33.310+0000] {processor.py:925} INFO - DAG(s) 'tasklar' retrieved from /opt/airflow/dags/import_variable.py
[2026-03-18T15:45:33.346+0000] {logging_mixin.py:190} INFO - [2026-03-18T15:45:33.346+0000] {dag.py:3239} INFO - Sync 1 DAGs
[2026-03-18T15:45:33.386+0000] {logging_mixin.py:190} INFO - [2026-03-18T15:45:33.386+0000] {dag.py:4180} INFO - Setting next_dagrun for tasklar to 2026-03-16 23:30:00+00:00, run_after=2026-03-17 23:30:00+00:00
[2026-03-18T15:45:33.424+0000] {processor.py:208} INFO - Processing /opt/airflow/dags/import_variable.py took 0.159 seconds
[2026-03-18T15:46:03.942+0000] {processor.py:186} INFO - Started process (PID=691) to work on /opt/airflow/dags/import_variable.py
[2026-03-18T15:46:03.943+0000] {processor.py:914} INFO - Processing file /opt/airflow/dags/import_variable.py for tasks to queue
[2026-03-18T15:46:03.947+0000] {logging_mixin.py:190} INFO - [2026-03-18T15:46:03.947+0000] {dagbag.py:588} INFO - Filling up the DagBag from /opt/airflow/dags/import_variable.py
[2026-03-18T15:46:03.964+0000] {processor.py:925} INFO - DAG(s) 'tasklar' retrieved from /opt/airflow/dags/import_variable.py
[2026-03-18T15:46:04.001+0000] {logging_mixin.py:190} INFO - [2026-03-18T15:46:04.000+0000] {dag.py:3239} INFO - Sync 1 DAGs
[2026-03-18T15:46:04.045+0000] {logging_mixin.py:190} INFO - [2026-03-18T15:46:04.044+0000] {dag.py:4180} INFO - Setting next_dagrun for tasklar to 2026-03-16 23:30:00+00:00, run_after=2026-03-17 23:30:00+00:00
[2026-03-18T15:46:04.076+0000] {processor.py:208} INFO - Processing /opt/airflow/dags/import_variable.py took 0.142 seconds
[2026-03-18T15:46:34.446+0000] {processor.py:186} INFO - Started process (PID=727) to work on /opt/airflow/dags/import_variable.py
[2026-03-18T15:46:34.448+0000] {processor.py:914} INFO - Processing file /opt/airflow/dags/import_variable.py for tasks to queue
[2026-03-18T15:46:34.452+0000] {logging_mixin.py:190} INFO - [2026-03-18T15:46:34.451+0000] {dagbag.py:588} INFO - Filling up the DagBag from /opt/airflow/dags/import_variable.py
[2026-03-18T15:46:34.468+0000] {processor.py:925} INFO - DAG(s) 'tasklar' retrieved from /opt/airflow/dags/import_variable.py
[2026-03-18T15:46:34.504+0000] {logging_mixin.py:190} INFO - [2026-03-18T15:46:34.504+0000] {dag.py:3239} INFO - Sync 1 DAGs
[2026-03-18T15:46:34.540+0000] {logging_mixin.py:190} INFO - [2026-03-18T15:46:34.539+0000] {dag.py:4180} INFO - Setting next_dagrun for tasklar to 2026-03-16 23:30:00+00:00, run_after=2026-03-17 23:30:00+00:00
[2026-03-18T15:46:34.567+0000] {processor.py:208} INFO - Processing /opt/airflow/dags/import_variable.py took 0.128 seconds
[2026-03-18T15:47:05.164+0000] {processor.py:186} INFO - Started process (PID=763) to work on /opt/airflow/dags/import_variable.py
[2026-03-18T15:47:05.165+0000] {processor.py:914} INFO - Processing file /opt/airflow/dags/import_variable.py for tasks to queue
[2026-03-18T15:47:05.169+0000] {logging_mixin.py:190} INFO - [2026-03-18T15:47:05.169+0000] {dagbag.py:588} INFO - Filling up the DagBag from /opt/airflow/dags/import_variable.py
[2026-03-18T15:47:05.189+0000] {processor.py:925} INFO - DAG(s) 'tasklar' retrieved from /opt/airflow/dags/import_variable.py
[2026-03-18T15:47:05.230+0000] {logging_mixin.py:190} INFO - [2026-03-18T15:47:05.229+0000] {dag.py:3239} INFO - Sync 1 DAGs
[2026-03-18T15:47:05.273+0000] {logging_mixin.py:190} INFO - [2026-03-18T15:47:05.273+0000] {dag.py:4180} INFO - Setting next_dagrun for tasklar to 2026-03-16 23:30:00+00:00, run_after=2026-03-17 23:30:00+00:00
[2026-03-18T15:47:05.302+0000] {processor.py:208} INFO - Processing /opt/airflow/dags/import_variable.py took 0.147 seconds
[2026-03-18T15:47:35.941+0000] {processor.py:186} INFO - Started process (PID=799) to work on /opt/airflow/dags/import_variable.py
[2026-03-18T15:47:35.951+0000] {processor.py:914} INFO - Processing file /opt/airflow/dags/import_variable.py for tasks to queue
[2026-03-18T15:47:35.954+0000] {logging_mixin.py:190} INFO - [2026-03-18T15:47:35.953+0000] {dagbag.py:588} INFO - Filling up the DagBag from /opt/airflow/dags/import_variable.py
[2026-03-18T15:47:35.967+0000] {processor.py:925} INFO - DAG(s) 'tasklar' retrieved from /opt/airflow/dags/import_variable.py
[2026-03-18T15:47:35.996+0000] {logging_mixin.py:190} INFO - [2026-03-18T15:47:35.996+0000] {dag.py:3239} INFO - Sync 1 DAGs
[2026-03-18T15:47:36.023+0000] {logging_mixin.py:190} INFO - [2026-03-18T15:47:36.022+0000] {dag.py:4180} INFO - Setting next_dagrun for tasklar to 2026-03-16 23:30:00+00:00, run_after=2026-03-17 23:30:00+00:00
[2026-03-18T15:47:36.046+0000] {processor.py:208} INFO - Processing /opt/airflow/dags/import_variable.py took 0.114 seconds
[2026-03-18T15:48:06.534+0000] {processor.py:186} INFO - Started process (PID=835) to work on /opt/airflow/dags/import_variable.py
[2026-03-18T15:48:06.544+0000] {processor.py:914} INFO - Processing file /opt/airflow/dags/import_variable.py for tasks to queue
[2026-03-18T15:48:06.549+0000] {logging_mixin.py:190} INFO - [2026-03-18T15:48:06.548+0000] {dagbag.py:588} INFO - Filling up the DagBag from /opt/airflow/dags/import_variable.py
[2026-03-18T15:48:06.570+0000] {processor.py:925} INFO - DAG(s) 'tasklar' retrieved from /opt/airflow/dags/import_variable.py
[2026-03-18T15:48:06.609+0000] {logging_mixin.py:190} INFO - [2026-03-18T15:48:06.609+0000] {dag.py:3239} INFO - Sync 1 DAGs
[2026-03-18T15:48:06.652+0000] {logging_mixin.py:190} INFO - [2026-03-18T15:48:06.652+0000] {dag.py:4180} INFO - Setting next_dagrun for tasklar to 2026-03-16 23:30:00+00:00, run_after=2026-03-17 23:30:00+00:00
[2026-03-18T15:48:06.693+0000] {processor.py:208} INFO - Processing /opt/airflow/dags/import_variable.py took 0.167 seconds
[2026-03-18T15:48:37.189+0000] {processor.py:186} INFO - Started process (PID=871) to work on /opt/airflow/dags/import_variable.py
[2026-03-18T15:48:37.190+0000] {processor.py:914} INFO - Processing file /opt/airflow/dags/import_variable.py for tasks to queue
[2026-03-18T15:48:37.194+0000] {logging_mixin.py:190} INFO - [2026-03-18T15:48:37.193+0000] {dagbag.py:588} INFO - Filling up the DagBag from /opt/airflow/dags/import_variable.py
[2026-03-18T15:48:37.215+0000] {processor.py:925} INFO - DAG(s) 'tasklar' retrieved from /opt/airflow/dags/import_variable.py
[2026-03-18T15:48:37.254+0000] {logging_mixin.py:190} INFO - [2026-03-18T15:48:37.254+0000] {dag.py:3239} INFO - Sync 1 DAGs
[2026-03-18T15:48:37.298+0000] {logging_mixin.py:190} INFO - [2026-03-18T15:48:37.297+0000] {dag.py:4180} INFO - Setting next_dagrun for tasklar to 2026-03-16 23:30:00+00:00, run_after=2026-03-17 23:30:00+00:00
[2026-03-18T15:48:37.333+0000] {processor.py:208} INFO - Processing /opt/airflow/dags/import_variable.py took 0.154 seconds
[2026-03-18T15:49:07.741+0000] {processor.py:186} INFO - Started process (PID=907) to work on /opt/airflow/dags/import_variable.py
[2026-03-18T15:49:07.742+0000] {processor.py:914} INFO - Processing file /opt/airflow/dags/import_variable.py for tasks to queue
[2026-03-18T15:49:07.745+0000] {logging_mixin.py:190} INFO - [2026-03-18T15:49:07.745+0000] {dagbag.py:588} INFO - Filling up the DagBag from /opt/airflow/dags/import_variable.py
[2026-03-18T15:49:07.758+0000] {processor.py:925} INFO - DAG(s) 'tasklar' retrieved from /opt/airflow/dags/import_variable.py
[2026-03-18T15:49:07.786+0000] {logging_mixin.py:190} INFO - [2026-03-18T15:49:07.785+0000] {dag.py:3239} INFO - Sync 1 DAGs
[2026-03-18T15:49:07.821+0000] {logging_mixin.py:190} INFO - [2026-03-18T15:49:07.821+0000] {dag.py:4180} INFO - Setting next_dagrun for tasklar to 2026-03-16 23:30:00+00:00, run_after=2026-03-17 23:30:00+00:00
[2026-03-18T15:49:07.847+0000] {processor.py:208} INFO - Processing /opt/airflow/dags/import_variable.py took 0.114 seconds
[2026-03-18T15:49:38.355+0000] {processor.py:186} INFO - Started process (PID=943) to work on /opt/airflow/dags/import_variable.py
[2026-03-18T15:49:38.365+0000] {processor.py:914} INFO - Processing file /opt/airflow/dags/import_variable.py for tasks to queue
[2026-03-18T15:49:38.368+0000] {logging_mixin.py:190} INFO - [2026-03-18T15:49:38.368+0000] {dagbag.py:588} INFO - Filling up the DagBag from /opt/airflow/dags/import_variable.py
[2026-03-18T15:49:38.382+0000] {processor.py:925} INFO - DAG(s) 'tasklar' retrieved from /opt/airflow/dags/import_variable.py
[2026-03-18T15:49:38.415+0000] {logging_mixin.py:190} INFO - [2026-03-18T15:49:38.414+0000] {dag.py:3239} INFO - Sync 1 DAGs
[2026-03-18T15:49:38.445+0000] {logging_mixin.py:190} INFO - [2026-03-18T15:49:38.444+0000] {dag.py:4180} INFO - Setting next_dagrun for tasklar to 2026-03-16 23:30:00+00:00, run_after=2026-03-17 23:30:00+00:00
[2026-03-18T15:49:38.470+0000] {processor.py:208} INFO - Processing /opt/airflow/dags/import_variable.py took 0.125 seconds
[2026-03-18T15:50:09.021+0000] {processor.py:186} INFO - Started process (PID=978) to work on /opt/airflow/dags/import_variable.py
[2026-03-18T15:50:09.032+0000] {processor.py:914} INFO - Processing file /opt/airflow/dags/import_variable.py for tasks to queue
[2026-03-18T15:50:09.035+0000] {logging_mixin.py:190} INFO - [2026-03-18T15:50:09.034+0000] {dagbag.py:588} INFO - Filling up the DagBag from /opt/airflow/dags/import_variable.py
[2026-03-18T15:50:09.052+0000] {processor.py:925} INFO - DAG(s) 'tasklar' retrieved from /opt/airflow/dags/import_variable.py
[2026-03-18T15:50:09.093+0000] {logging_mixin.py:190} INFO - [2026-03-18T15:50:09.093+0000] {dag.py:3239} INFO - Sync 1 DAGs
[2026-03-18T15:50:09.143+0000] {logging_mixin.py:190} INFO - [2026-03-18T15:50:09.142+0000] {dag.py:4180} INFO - Setting next_dagrun for tasklar to 2026-03-16 23:30:00+00:00, run_after=2026-03-17 23:30:00+00:00
[2026-03-18T15:50:09.175+0000] {processor.py:208} INFO - Processing /opt/airflow/dags/import_variable.py took 0.164 seconds
[2026-03-18T15:50:39.722+0000] {processor.py:186} INFO - Started process (PID=1014) to work on /opt/airflow/dags/import_variable.py
[2026-03-18T15:50:39.723+0000] {processor.py:914} INFO - Processing file /opt/airflow/dags/import_variable.py for tasks to queue
[2026-03-18T15:50:39.727+0000] {logging_mixin.py:190} INFO - [2026-03-18T15:50:39.726+0000] {dagbag.py:588} INFO - Filling up the DagBag from /opt/airflow/dags/import_variable.py
[2026-03-18T15:50:39.744+0000] {processor.py:925} INFO - DAG(s) 'tasklar' retrieved from /opt/airflow/dags/import_variable.py
[2026-03-18T15:50:39.782+0000] {logging_mixin.py:190} INFO - [2026-03-18T15:50:39.781+0000] {dag.py:3239} INFO - Sync 1 DAGs
[2026-03-18T15:50:39.823+0000] {logging_mixin.py:190} INFO - [2026-03-18T15:50:39.823+0000] {dag.py:4180} INFO - Setting next_dagrun for tasklar to 2026-03-16 23:30:00+00:00, run_after=2026-03-17 23:30:00+00:00
[2026-03-18T15:50:39.862+0000] {processor.py:208} INFO - Processing /opt/airflow/dags/import_variable.py took 0.148 seconds
[2026-03-18T15:51:10.384+0000] {processor.py:186} INFO - Started process (PID=1050) to work on /opt/airflow/dags/import_variable.py
[2026-03-18T15:51:10.400+0000] {processor.py:914} INFO - Processing file /opt/airflow/dags/import_variable.py for tasks to queue
[2026-03-18T15:51:10.419+0000] {logging_mixin.py:190} INFO - [2026-03-18T15:51:10.416+0000] {dagbag.py:588} INFO - Filling up the DagBag from /opt/airflow/dags/import_variable.py
[2026-03-18T15:51:10.535+0000] {processor.py:925} INFO - DAG(s) 'tasklar' retrieved from /opt/airflow/dags/import_variable.py
[2026-03-18T15:51:10.782+0000] {logging_mixin.py:190} INFO - [2026-03-18T15:51:10.780+0000] {dag.py:3239} INFO - Sync 1 DAGs
[2026-03-18T15:51:11.054+0000] {logging_mixin.py:190} INFO - [2026-03-18T15:51:11.052+0000] {dag.py:4180} INFO - Setting next_dagrun for tasklar to 2026-03-16 23:30:00+00:00, run_after=2026-03-17 23:30:00+00:00
[2026-03-18T15:51:11.254+0000] {processor.py:208} INFO - Processing /opt/airflow/dags/import_variable.py took 0.929 seconds
[2026-03-18T15:55:00.085+0000] {processor.py:186} INFO - Started process (PID=222) to work on /opt/airflow/dags/import_variable.py
[2026-03-18T15:55:00.087+0000] {processor.py:914} INFO - Processing file /opt/airflow/dags/import_variable.py for tasks to queue
[2026-03-18T15:55:00.091+0000] {logging_mixin.py:190} INFO - [2026-03-18T15:55:00.091+0000] {dagbag.py:588} INFO - Filling up the DagBag from /opt/airflow/dags/import_variable.py
[2026-03-18T15:55:00.125+0000] {processor.py:925} INFO - DAG(s) 'tasklar' retrieved from /opt/airflow/dags/import_variable.py
[2026-03-18T15:55:00.173+0000] {logging_mixin.py:190} INFO - [2026-03-18T15:55:00.173+0000] {dag.py:3239} INFO - Sync 1 DAGs
[2026-03-18T15:55:00.221+0000] {logging_mixin.py:190} INFO - [2026-03-18T15:55:00.220+0000] {dag.py:4180} INFO - Setting next_dagrun for tasklar to 2026-03-16 23:30:00+00:00, run_after=2026-03-17 23:30:00+00:00
[2026-03-18T15:55:00.261+0000] {processor.py:208} INFO - Processing /opt/airflow/dags/import_variable.py took 0.190 seconds
[2026-03-18T15:55:31.183+0000] {processor.py:186} INFO - Started process (PID=260) to work on /opt/airflow/dags/import_variable.py
[2026-03-18T15:55:31.185+0000] {processor.py:914} INFO - Processing file /opt/airflow/dags/import_variable.py for tasks to queue
[2026-03-18T15:55:31.188+0000] {logging_mixin.py:190} INFO - [2026-03-18T15:55:31.188+0000] {dagbag.py:588} INFO - Filling up the DagBag from /opt/airflow/dags/import_variable.py
[2026-03-18T15:55:31.207+0000] {processor.py:925} INFO - DAG(s) 'tasklar' retrieved from /opt/airflow/dags/import_variable.py
[2026-03-18T15:55:31.248+0000] {logging_mixin.py:190} INFO - [2026-03-18T15:55:31.248+0000] {dag.py:3239} INFO - Sync 1 DAGs
[2026-03-18T15:55:31.294+0000] {logging_mixin.py:190} INFO - [2026-03-18T15:55:31.294+0000] {dag.py:4180} INFO - Setting next_dagrun for tasklar to 2026-03-16 23:30:00+00:00, run_after=2026-03-17 23:30:00+00:00
[2026-03-18T15:55:31.324+0000] {processor.py:208} INFO - Processing /opt/airflow/dags/import_variable.py took 0.149 seconds
[2026-03-18T15:56:01.937+0000] {processor.py:186} INFO - Started process (PID=296) to work on /opt/airflow/dags/import_variable.py
[2026-03-18T15:56:01.938+0000] {processor.py:914} INFO - Processing file /opt/airflow/dags/import_variable.py for tasks to queue
[2026-03-18T15:56:01.941+0000] {logging_mixin.py:190} INFO - [2026-03-18T15:56:01.940+0000] {dagbag.py:588} INFO - Filling up the DagBag from /opt/airflow/dags/import_variable.py
[2026-03-18T15:56:01.957+0000] {processor.py:925} INFO - DAG(s) 'tasklar' retrieved from /opt/airflow/dags/import_variable.py
[2026-03-18T15:56:01.997+0000] {logging_mixin.py:190} INFO - [2026-03-18T15:56:01.997+0000] {dag.py:3239} INFO - Sync 1 DAGs
[2026-03-18T15:56:02.034+0000] {logging_mixin.py:190} INFO - [2026-03-18T15:56:02.034+0000] {dag.py:4180} INFO - Setting next_dagrun for tasklar to 2026-03-16 23:30:00+00:00, run_after=2026-03-17 23:30:00+00:00
[2026-03-18T15:56:02.061+0000] {processor.py:208} INFO - Processing /opt/airflow/dags/import_variable.py took 0.132 seconds
[2026-03-18T15:56:32.666+0000] {processor.py:186} INFO - Started process (PID=332) to work on /opt/airflow/dags/import_variable.py
[2026-03-18T15:56:32.667+0000] {processor.py:914} INFO - Processing file /opt/airflow/dags/import_variable.py for tasks to queue
[2026-03-18T15:56:32.670+0000] {logging_mixin.py:190} INFO - [2026-03-18T15:56:32.669+0000] {dagbag.py:588} INFO - Filling up the DagBag from /opt/airflow/dags/import_variable.py
[2026-03-18T15:56:32.682+0000] {processor.py:925} INFO - DAG(s) 'tasklar' retrieved from /opt/airflow/dags/import_variable.py
[2026-03-18T15:56:32.712+0000] {logging_mixin.py:190} INFO - [2026-03-18T15:56:32.712+0000] {dag.py:3239} INFO - Sync 1 DAGs
[2026-03-18T15:56:32.740+0000] {logging_mixin.py:190} INFO - [2026-03-18T15:56:32.740+0000] {dag.py:4180} INFO - Setting next_dagrun for tasklar to 2026-03-16 23:30:00+00:00, run_after=2026-03-17 23:30:00+00:00
[2026-03-18T15:56:32.761+0000] {processor.py:208} INFO - Processing /opt/airflow/dags/import_variable.py took 0.106 seconds
[2026-03-18T15:57:03.250+0000] {processor.py:186} INFO - Started process (PID=368) to work on /opt/airflow/dags/import_variable.py
[2026-03-18T15:57:03.251+0000] {processor.py:914} INFO - Processing file /opt/airflow/dags/import_variable.py for tasks to queue
[2026-03-18T15:57:03.255+0000] {logging_mixin.py:190} INFO - [2026-03-18T15:57:03.255+0000] {dagbag.py:588} INFO - Filling up the DagBag from /opt/airflow/dags/import_variable.py
[2026-03-18T15:57:03.275+0000] {processor.py:925} INFO - DAG(s) 'tasklar' retrieved from /opt/airflow/dags/import_variable.py
[2026-03-18T15:57:03.314+0000] {logging_mixin.py:190} INFO - [2026-03-18T15:57:03.313+0000] {dag.py:3239} INFO - Sync 1 DAGs
[2026-03-18T15:57:03.352+0000] {logging_mixin.py:190} INFO - [2026-03-18T15:57:03.352+0000] {dag.py:4180} INFO - Setting next_dagrun for tasklar to 2026-03-16 23:30:00+00:00, run_after=2026-03-17 23:30:00+00:00
[2026-03-18T15:57:03.381+0000] {processor.py:208} INFO - Processing /opt/airflow/dags/import_variable.py took 0.140 seconds
[2026-03-18T15:57:33.795+0000] {processor.py:186} INFO - Started process (PID=404) to work on /opt/airflow/dags/import_variable.py
[2026-03-18T15:57:33.805+0000] {processor.py:914} INFO - Processing file /opt/airflow/dags/import_variable.py for tasks to queue
[2026-03-18T15:57:33.809+0000] {logging_mixin.py:190} INFO - [2026-03-18T15:57:33.808+0000] {dagbag.py:588} INFO - Filling up the DagBag from /opt/airflow/dags/import_variable.py
[2026-03-18T15:57:33.832+0000] {processor.py:925} INFO - DAG(s) 'tasklar' retrieved from /opt/airflow/dags/import_variable.py
[2026-03-18T15:57:33.880+0000] {logging_mixin.py:190} INFO - [2026-03-18T15:57:33.879+0000] {dag.py:3239} INFO - Sync 1 DAGs
[2026-03-18T15:57:33.927+0000] {logging_mixin.py:190} INFO - [2026-03-18T15:57:33.927+0000] {dag.py:4180} INFO - Setting next_dagrun for tasklar to 2026-03-16 23:30:00+00:00, run_after=2026-03-17 23:30:00+00:00
[2026-03-18T15:57:33.962+0000] {processor.py:208} INFO - Processing /opt/airflow/dags/import_variable.py took 0.177 seconds
[2026-03-18T15:58:04.488+0000] {processor.py:186} INFO - Started process (PID=439) to work on /opt/airflow/dags/import_variable.py
[2026-03-18T15:58:04.490+0000] {processor.py:914} INFO - Processing file /opt/airflow/dags/import_variable.py for tasks to queue
[2026-03-18T15:58:04.494+0000] {logging_mixin.py:190} INFO - [2026-03-18T15:58:04.493+0000] {dagbag.py:588} INFO - Filling up the DagBag from /opt/airflow/dags/import_variable.py
[2026-03-18T15:58:04.508+0000] {processor.py:925} INFO - DAG(s) 'tasklar' retrieved from /opt/airflow/dags/import_variable.py
[2026-03-18T15:58:04.541+0000] {logging_mixin.py:190} INFO - [2026-03-18T15:58:04.541+0000] {dag.py:3239} INFO - Sync 1 DAGs
[2026-03-18T15:58:04.569+0000] {logging_mixin.py:190} INFO - [2026-03-18T15:58:04.569+0000] {dag.py:4180} INFO - Setting next_dagrun for tasklar to 2026-03-16 23:30:00+00:00, run_after=2026-03-17 23:30:00+00:00
[2026-03-18T15:58:04.590+0000] {processor.py:208} INFO - Processing /opt/airflow/dags/import_variable.py took 0.108 seconds
[2026-03-18T15:58:35.192+0000] {processor.py:186} INFO - Started process (PID=475) to work on /opt/airflow/dags/import_variable.py
[2026-03-18T15:58:35.202+0000] {processor.py:914} INFO - Processing file /opt/airflow/dags/import_variable.py for tasks to queue
[2026-03-18T15:58:35.206+0000] {logging_mixin.py:190} INFO - [2026-03-18T15:58:35.205+0000] {dagbag.py:588} INFO - Filling up the DagBag from /opt/airflow/dags/import_variable.py
[2026-03-18T15:58:35.223+0000] {processor.py:925} INFO - DAG(s) 'tasklar' retrieved from /opt/airflow/dags/import_variable.py
[2026-03-18T15:58:35.259+0000] {logging_mixin.py:190} INFO - [2026-03-18T15:58:35.258+0000] {dag.py:3239} INFO - Sync 1 DAGs
[2026-03-18T15:58:35.299+0000] {logging_mixin.py:190} INFO - [2026-03-18T15:58:35.298+0000] {dag.py:4180} INFO - Setting next_dagrun for tasklar to 2026-03-16 23:30:00+00:00, run_after=2026-03-17 23:30:00+00:00
[2026-03-18T15:58:35.329+0000] {processor.py:208} INFO - Processing /opt/airflow/dags/import_variable.py took 0.145 seconds
[2026-03-18T15:59:05.972+0000] {processor.py:186} INFO - Started process (PID=511) to work on /opt/airflow/dags/import_variable.py
[2026-03-18T15:59:05.974+0000] {processor.py:914} INFO - Processing file /opt/airflow/dags/import_variable.py for tasks to queue
[2026-03-18T15:59:05.980+0000] {logging_mixin.py:190} INFO - [2026-03-18T15:59:05.979+0000] {dagbag.py:588} INFO - Filling up the DagBag from /opt/airflow/dags/import_variable.py
[2026-03-18T15:59:06.006+0000] {processor.py:925} INFO - DAG(s) 'tasklar' retrieved from /opt/airflow/dags/import_variable.py
[2026-03-18T15:59:06.051+0000] {logging_mixin.py:190} INFO - [2026-03-18T15:59:06.051+0000] {dag.py:3239} INFO - Sync 1 DAGs
[2026-03-18T15:59:06.097+0000] {logging_mixin.py:190} INFO - [2026-03-18T15:59:06.097+0000] {dag.py:4180} INFO - Setting next_dagrun for tasklar to 2026-03-16 23:30:00+00:00, run_after=2026-03-17 23:30:00+00:00
[2026-03-18T15:59:06.142+0000] {processor.py:208} INFO - Processing /opt/airflow/dags/import_variable.py took 0.181 seconds
[2026-03-18T15:59:36.624+0000] {processor.py:186} INFO - Started process (PID=547) to work on /opt/airflow/dags/import_variable.py
[2026-03-18T15:59:36.625+0000] {processor.py:914} INFO - Processing file /opt/airflow/dags/import_variable.py for tasks to queue
[2026-03-18T15:59:36.629+0000] {logging_mixin.py:190} INFO - [2026-03-18T15:59:36.629+0000] {dagbag.py:588} INFO - Filling up the DagBag from /opt/airflow/dags/import_variable.py
[2026-03-18T15:59:36.648+0000] {processor.py:925} INFO - DAG(s) 'tasklar' retrieved from /opt/airflow/dags/import_variable.py
[2026-03-18T15:59:36.693+0000] {logging_mixin.py:190} INFO - [2026-03-18T15:59:36.692+0000] {dag.py:3239} INFO - Sync 1 DAGs
[2026-03-18T15:59:36.738+0000] {logging_mixin.py:190} INFO - [2026-03-18T15:59:36.737+0000] {dag.py:4180} INFO - Setting next_dagrun for tasklar to 2026-03-16 23:30:00+00:00, run_after=2026-03-17 23:30:00+00:00
[2026-03-18T15:59:36.777+0000] {processor.py:208} INFO - Processing /opt/airflow/dags/import_variable.py took 0.161 seconds
[2026-03-18T16:01:24.960+0000] {processor.py:186} INFO - Started process (PID=222) to work on /opt/airflow/dags/import_variable.py
[2026-03-18T16:01:24.962+0000] {processor.py:914} INFO - Processing file /opt/airflow/dags/import_variable.py for tasks to queue
[2026-03-18T16:01:24.965+0000] {logging_mixin.py:190} INFO - [2026-03-18T16:01:24.965+0000] {dagbag.py:588} INFO - Filling up the DagBag from /opt/airflow/dags/import_variable.py
[2026-03-18T16:01:25.015+0000] {processor.py:925} INFO - DAG(s) 'tasklar' retrieved from /opt/airflow/dags/import_variable.py
[2026-03-18T16:01:25.119+0000] {logging_mixin.py:190} INFO - [2026-03-18T16:01:25.119+0000] {dag.py:3239} INFO - Sync 1 DAGs
[2026-03-18T16:01:25.208+0000] {logging_mixin.py:190} INFO - [2026-03-18T16:01:25.208+0000] {dag.py:4180} INFO - Setting next_dagrun for tasklar to 2026-03-16 23:30:00+00:00, run_after=2026-03-17 23:30:00+00:00
[2026-03-18T16:01:25.273+0000] {processor.py:208} INFO - Processing /opt/airflow/dags/import_variable.py took 0.325 seconds
[2026-03-18T16:01:55.920+0000] {processor.py:186} INFO - Started process (PID=258) to work on /opt/airflow/dags/import_variable.py
[2026-03-18T16:01:55.924+0000] {processor.py:914} INFO - Processing file /opt/airflow/dags/import_variable.py for tasks to queue
[2026-03-18T16:01:55.928+0000] {logging_mixin.py:190} INFO - [2026-03-18T16:01:55.927+0000] {dagbag.py:588} INFO - Filling up the DagBag from /opt/airflow/dags/import_variable.py
[2026-03-18T16:01:55.947+0000] {processor.py:925} INFO - DAG(s) 'tasklar' retrieved from /opt/airflow/dags/import_variable.py
[2026-03-18T16:01:55.990+0000] {logging_mixin.py:190} INFO - [2026-03-18T16:01:55.989+0000] {dag.py:3239} INFO - Sync 1 DAGs
[2026-03-18T16:01:56.035+0000] {logging_mixin.py:190} INFO - [2026-03-18T16:01:56.035+0000] {dag.py:4180} INFO - Setting next_dagrun for tasklar to 2026-03-16 23:30:00+00:00, run_after=2026-03-17 23:30:00+00:00
[2026-03-18T16:01:56.063+0000] {processor.py:208} INFO - Processing /opt/airflow/dags/import_variable.py took 0.153 seconds
[2026-03-18T16:02:26.576+0000] {processor.py:186} INFO - Started process (PID=294) to work on /opt/airflow/dags/import_variable.py
[2026-03-18T16:02:26.578+0000] {processor.py:914} INFO - Processing file /opt/airflow/dags/import_variable.py for tasks to queue
[2026-03-18T16:02:26.583+0000] {logging_mixin.py:190} INFO - [2026-03-18T16:02:26.582+0000] {dagbag.py:588} INFO - Filling up the DagBag from /opt/airflow/dags/import_variable.py
[2026-03-18T16:02:26.604+0000] {processor.py:925} INFO - DAG(s) 'tasklar' retrieved from /opt/airflow/dags/import_variable.py
[2026-03-18T16:02:26.640+0000] {logging_mixin.py:190} INFO - [2026-03-18T16:02:26.640+0000] {dag.py:3239} INFO - Sync 1 DAGs
[2026-03-18T16:02:26.675+0000] {logging_mixin.py:190} INFO - [2026-03-18T16:02:26.674+0000] {dag.py:4180} INFO - Setting next_dagrun for tasklar to 2026-03-16 23:30:00+00:00, run_after=2026-03-17 23:30:00+00:00
[2026-03-18T16:02:26.701+0000] {processor.py:208} INFO - Processing /opt/airflow/dags/import_variable.py took 0.136 seconds
[2026-03-18T16:02:57.232+0000] {processor.py:186} INFO - Started process (PID=330) to work on /opt/airflow/dags/import_variable.py
[2026-03-18T16:02:57.233+0000] {processor.py:914} INFO - Processing file /opt/airflow/dags/import_variable.py for tasks to queue
[2026-03-18T16:02:57.235+0000] {logging_mixin.py:190} INFO - [2026-03-18T16:02:57.235+0000] {dagbag.py:588} INFO - Filling up the DagBag from /opt/airflow/dags/import_variable.py
[2026-03-18T16:02:57.249+0000] {processor.py:925} INFO - DAG(s) 'tasklar' retrieved from /opt/airflow/dags/import_variable.py
[2026-03-18T16:02:57.281+0000] {logging_mixin.py:190} INFO - [2026-03-18T16:02:57.281+0000] {dag.py:3239} INFO - Sync 1 DAGs
[2026-03-18T16:02:57.319+0000] {logging_mixin.py:190} INFO - [2026-03-18T16:02:57.319+0000] {dag.py:4180} INFO - Setting next_dagrun for tasklar to 2026-03-16 23:30:00+00:00, run_after=2026-03-17 23:30:00+00:00
[2026-03-18T16:02:57.354+0000] {processor.py:208} INFO - Processing /opt/airflow/dags/import_variable.py took 0.129 seconds
[2026-03-18T16:03:27.898+0000] {processor.py:186} INFO - Started process (PID=366) to work on /opt/airflow/dags/import_variable.py
[2026-03-18T16:03:27.899+0000] {processor.py:914} INFO - Processing file /opt/airflow/dags/import_variable.py for tasks to queue
[2026-03-18T16:03:27.902+0000] {logging_mixin.py:190} INFO - [2026-03-18T16:03:27.902+0000] {dagbag.py:588} INFO - Filling up the DagBag from /opt/airflow/dags/import_variable.py
[2026-03-18T16:03:27.922+0000] {processor.py:925} INFO - DAG(s) 'tasklar' retrieved from /opt/airflow/dags/import_variable.py
[2026-03-18T16:03:27.962+0000] {logging_mixin.py:190} INFO - [2026-03-18T16:03:27.961+0000] {dag.py:3239} INFO - Sync 1 DAGs
[2026-03-18T16:03:27.999+0000] {logging_mixin.py:190} INFO - [2026-03-18T16:03:27.999+0000] {dag.py:4180} INFO - Setting next_dagrun for tasklar to 2026-03-16 23:30:00+00:00, run_after=2026-03-17 23:30:00+00:00
[2026-03-18T16:03:28.038+0000] {processor.py:208} INFO - Processing /opt/airflow/dags/import_variable.py took 0.149 seconds
[2026-03-18T16:03:58.564+0000] {processor.py:186} INFO - Started process (PID=402) to work on /opt/airflow/dags/import_variable.py
[2026-03-18T16:03:58.566+0000] {processor.py:914} INFO - Processing file /opt/airflow/dags/import_variable.py for tasks to queue
[2026-03-18T16:03:58.569+0000] {logging_mixin.py:190} INFO - [2026-03-18T16:03:58.569+0000] {dagbag.py:588} INFO - Filling up the DagBag from /opt/airflow/dags/import_variable.py
[2026-03-18T16:03:58.587+0000] {processor.py:925} INFO - DAG(s) 'tasklar' retrieved from /opt/airflow/dags/import_variable.py
[2026-03-18T16:03:58.632+0000] {logging_mixin.py:190} INFO - [2026-03-18T16:03:58.631+0000] {dag.py:3239} INFO - Sync 1 DAGs
[2026-03-18T16:03:58.675+0000] {logging_mixin.py:190} INFO - [2026-03-18T16:03:58.675+0000] {dag.py:4180} INFO - Setting next_dagrun for tasklar to 2026-03-16 23:30:00+00:00, run_after=2026-03-17 23:30:00+00:00
[2026-03-18T16:03:58.704+0000] {processor.py:208} INFO - Processing /opt/airflow/dags/import_variable.py took 0.150 seconds
[2026-03-18T16:04:29.244+0000] {processor.py:186} INFO - Started process (PID=439) to work on /opt/airflow/dags/import_variable.py
[2026-03-18T16:04:29.245+0000] {processor.py:914} INFO - Processing file /opt/airflow/dags/import_variable.py for tasks to queue
[2026-03-18T16:04:29.248+0000] {logging_mixin.py:190} INFO - [2026-03-18T16:04:29.248+0000] {dagbag.py:588} INFO - Filling up the DagBag from /opt/airflow/dags/import_variable.py
[2026-03-18T16:04:29.262+0000] {processor.py:925} INFO - DAG(s) 'tasklar' retrieved from /opt/airflow/dags/import_variable.py
[2026-03-18T16:04:29.295+0000] {logging_mixin.py:190} INFO - [2026-03-18T16:04:29.294+0000] {dag.py:3239} INFO - Sync 1 DAGs
[2026-03-18T16:04:29.331+0000] {logging_mixin.py:190} INFO - [2026-03-18T16:04:29.331+0000] {dag.py:4180} INFO - Setting next_dagrun for tasklar to 2026-03-16 23:30:00+00:00, run_after=2026-03-17 23:30:00+00:00
[2026-03-18T16:04:29.359+0000] {processor.py:208} INFO - Processing /opt/airflow/dags/import_variable.py took 0.121 seconds
[2026-03-18T16:04:59.859+0000] {processor.py:186} INFO - Started process (PID=475) to work on /opt/airflow/dags/import_variable.py
[2026-03-18T16:04:59.860+0000] {processor.py:914} INFO - Processing file /opt/airflow/dags/import_variable.py for tasks to queue
[2026-03-18T16:04:59.863+0000] {logging_mixin.py:190} INFO - [2026-03-18T16:04:59.863+0000] {dagbag.py:588} INFO - Filling up the DagBag from /opt/airflow/dags/import_variable.py
[2026-03-18T16:04:59.885+0000] {processor.py:925} INFO - DAG(s) 'tasklar' retrieved from /opt/airflow/dags/import_variable.py
[2026-03-18T16:04:59.918+0000] {logging_mixin.py:190} INFO - [2026-03-18T16:04:59.918+0000] {dag.py:3239} INFO - Sync 1 DAGs
[2026-03-18T16:04:59.965+0000] {logging_mixin.py:190} INFO - [2026-03-18T16:04:59.964+0000] {dag.py:4180} INFO - Setting next_dagrun for tasklar to 2026-03-16 23:30:00+00:00, run_after=2026-03-17 23:30:00+00:00
[2026-03-18T16:04:59.999+0000] {processor.py:208} INFO - Processing /opt/airflow/dags/import_variable.py took 0.151 seconds
[2026-03-18T16:05:30.504+0000] {processor.py:186} INFO - Started process (PID=511) to work on /opt/airflow/dags/import_variable.py
[2026-03-18T16:05:30.506+0000] {processor.py:914} INFO - Processing file /opt/airflow/dags/import_variable.py for tasks to queue
[2026-03-18T16:05:30.508+0000] {logging_mixin.py:190} INFO - [2026-03-18T16:05:30.507+0000] {dagbag.py:588} INFO - Filling up the DagBag from /opt/airflow/dags/import_variable.py
[2026-03-18T16:05:30.522+0000] {processor.py:925} INFO - DAG(s) 'tasklar' retrieved from /opt/airflow/dags/import_variable.py
[2026-03-18T16:05:30.562+0000] {logging_mixin.py:190} INFO - [2026-03-18T16:05:30.562+0000] {dag.py:3239} INFO - Sync 1 DAGs
[2026-03-18T16:05:30.599+0000] {logging_mixin.py:190} INFO - [2026-03-18T16:05:30.599+0000] {dag.py:4180} INFO - Setting next_dagrun for tasklar to 2026-03-16 23:30:00+00:00, run_after=2026-03-17 23:30:00+00:00
[2026-03-18T16:05:30.625+0000] {processor.py:208} INFO - Processing /opt/airflow/dags/import_variable.py took 0.129 seconds
[2026-03-18T16:06:01.156+0000] {processor.py:186} INFO - Started process (PID=547) to work on /opt/airflow/dags/import_variable.py
[2026-03-18T16:06:01.158+0000] {processor.py:914} INFO - Processing file /opt/airflow/dags/import_variable.py for tasks to queue
[2026-03-18T16:06:01.160+0000] {logging_mixin.py:190} INFO - [2026-03-18T16:06:01.159+0000] {dagbag.py:588} INFO - Filling up the DagBag from /opt/airflow/dags/import_variable.py
[2026-03-18T16:06:01.176+0000] {processor.py:925} INFO - DAG(s) 'tasklar' retrieved from /opt/airflow/dags/import_variable.py
[2026-03-18T16:06:01.213+0000] {logging_mixin.py:190} INFO - [2026-03-18T16:06:01.212+0000] {dag.py:3239} INFO - Sync 1 DAGs
[2026-03-18T16:06:01.249+0000] {logging_mixin.py:190} INFO - [2026-03-18T16:06:01.248+0000] {dag.py:4180} INFO - Setting next_dagrun for tasklar to 2026-03-16 23:30:00+00:00, run_after=2026-03-17 23:30:00+00:00
[2026-03-18T16:06:01.275+0000] {processor.py:208} INFO - Processing /opt/airflow/dags/import_variable.py took 0.126 seconds
[2026-03-18T16:06:31.767+0000] {processor.py:186} INFO - Started process (PID=583) to work on /opt/airflow/dags/import_variable.py
[2026-03-18T16:06:31.771+0000] {processor.py:914} INFO - Processing file /opt/airflow/dags/import_variable.py for tasks to queue
[2026-03-18T16:06:31.774+0000] {logging_mixin.py:190} INFO - [2026-03-18T16:06:31.773+0000] {dagbag.py:588} INFO - Filling up the DagBag from /opt/airflow/dags/import_variable.py
[2026-03-18T16:06:31.787+0000] {processor.py:925} INFO - DAG(s) 'tasklar' retrieved from /opt/airflow/dags/import_variable.py
[2026-03-18T16:06:31.821+0000] {logging_mixin.py:190} INFO - [2026-03-18T16:06:31.821+0000] {dag.py:3239} INFO - Sync 1 DAGs
[2026-03-18T16:06:31.854+0000] {logging_mixin.py:190} INFO - [2026-03-18T16:06:31.854+0000] {dag.py:4180} INFO - Setting next_dagrun for tasklar to 2026-03-16 23:30:00+00:00, run_after=2026-03-17 23:30:00+00:00
[2026-03-18T16:06:31.879+0000] {processor.py:208} INFO - Processing /opt/airflow/dags/import_variable.py took 0.119 seconds
[2026-03-18T16:07:02.399+0000] {processor.py:186} INFO - Started process (PID=619) to work on /opt/airflow/dags/import_variable.py
[2026-03-18T16:07:02.401+0000] {processor.py:914} INFO - Processing file /opt/airflow/dags/import_variable.py for tasks to queue
[2026-03-18T16:07:02.404+0000] {logging_mixin.py:190} INFO - [2026-03-18T16:07:02.403+0000] {dagbag.py:588} INFO - Filling up the DagBag from /opt/airflow/dags/import_variable.py
[2026-03-18T16:07:02.421+0000] {processor.py:925} INFO - DAG(s) 'tasklar' retrieved from /opt/airflow/dags/import_variable.py
[2026-03-18T16:07:02.451+0000] {logging_mixin.py:190} INFO - [2026-03-18T16:07:02.451+0000] {dag.py:3239} INFO - Sync 1 DAGs
[2026-03-18T16:07:02.481+0000] {logging_mixin.py:190} INFO - [2026-03-18T16:07:02.481+0000] {dag.py:4180} INFO - Setting next_dagrun for tasklar to 2026-03-16 23:30:00+00:00, run_after=2026-03-17 23:30:00+00:00
[2026-03-18T16:07:02.506+0000] {processor.py:208} INFO - Processing /opt/airflow/dags/import_variable.py took 0.116 seconds
[2026-03-18T16:07:33.040+0000] {processor.py:186} INFO - Started process (PID=655) to work on /opt/airflow/dags/import_variable.py
[2026-03-18T16:07:33.042+0000] {processor.py:914} INFO - Processing file /opt/airflow/dags/import_variable.py for tasks to queue
[2026-03-18T16:07:33.045+0000] {logging_mixin.py:190} INFO - [2026-03-18T16:07:33.044+0000] {dagbag.py:588} INFO - Filling up the DagBag from /opt/airflow/dags/import_variable.py
[2026-03-18T16:07:33.065+0000] {processor.py:925} INFO - DAG(s) 'tasklar' retrieved from /opt/airflow/dags/import_variable.py
[2026-03-18T16:07:33.102+0000] {logging_mixin.py:190} INFO - [2026-03-18T16:07:33.101+0000] {dag.py:3239} INFO - Sync 1 DAGs
[2026-03-18T16:07:33.139+0000] {logging_mixin.py:190} INFO - [2026-03-18T16:07:33.138+0000] {dag.py:4180} INFO - Setting next_dagrun for tasklar to 2026-03-16 23:30:00+00:00, run_after=2026-03-17 23:30:00+00:00
[2026-03-18T16:07:33.166+0000] {processor.py:208} INFO - Processing /opt/airflow/dags/import_variable.py took 0.134 seconds
[2026-03-18T16:08:03.695+0000] {processor.py:186} INFO - Started process (PID=691) to work on /opt/airflow/dags/import_variable.py
[2026-03-18T16:08:03.696+0000] {processor.py:914} INFO - Processing file /opt/airflow/dags/import_variable.py for tasks to queue
[2026-03-18T16:08:03.700+0000] {logging_mixin.py:190} INFO - [2026-03-18T16:08:03.699+0000] {dagbag.py:588} INFO - Filling up the DagBag from /opt/airflow/dags/import_variable.py
[2026-03-18T16:08:03.724+0000] {processor.py:925} INFO - DAG(s) 'tasklar' retrieved from /opt/airflow/dags/import_variable.py
[2026-03-18T16:08:03.760+0000] {logging_mixin.py:190} INFO - [2026-03-18T16:08:03.760+0000] {dag.py:3239} INFO - Sync 1 DAGs
[2026-03-18T16:08:03.811+0000] {logging_mixin.py:190} INFO - [2026-03-18T16:08:03.810+0000] {dag.py:4180} INFO - Setting next_dagrun for tasklar to 2026-03-16 23:30:00+00:00, run_after=2026-03-17 23:30:00+00:00
[2026-03-18T16:08:03.843+0000] {processor.py:208} INFO - Processing /opt/airflow/dags/import_variable.py took 0.154 seconds
[2026-03-18T16:08:34.371+0000] {processor.py:186} INFO - Started process (PID=727) to work on /opt/airflow/dags/import_variable.py
[2026-03-18T16:08:34.373+0000] {processor.py:914} INFO - Processing file /opt/airflow/dags/import_variable.py for tasks to queue
[2026-03-18T16:08:34.376+0000] {logging_mixin.py:190} INFO - [2026-03-18T16:08:34.375+0000] {dagbag.py:588} INFO - Filling up the DagBag from /opt/airflow/dags/import_variable.py
[2026-03-18T16:08:34.394+0000] {processor.py:925} INFO - DAG(s) 'tasklar' retrieved from /opt/airflow/dags/import_variable.py
[2026-03-18T16:08:34.427+0000] {logging_mixin.py:190} INFO - [2026-03-18T16:08:34.426+0000] {dag.py:3239} INFO - Sync 1 DAGs
[2026-03-18T16:08:34.463+0000] {logging_mixin.py:190} INFO - [2026-03-18T16:08:34.462+0000] {dag.py:4180} INFO - Setting next_dagrun for tasklar to 2026-03-16 23:30:00+00:00, run_after=2026-03-17 23:30:00+00:00
[2026-03-18T16:08:34.488+0000] {processor.py:208} INFO - Processing /opt/airflow/dags/import_variable.py took 0.124 seconds
[2026-03-18T16:09:05.029+0000] {processor.py:186} INFO - Started process (PID=763) to work on /opt/airflow/dags/import_variable.py
[2026-03-18T16:09:05.030+0000] {processor.py:914} INFO - Processing file /opt/airflow/dags/import_variable.py for tasks to queue
[2026-03-18T16:09:05.033+0000] {logging_mixin.py:190} INFO - [2026-03-18T16:09:05.032+0000] {dagbag.py:588} INFO - Filling up the DagBag from /opt/airflow/dags/import_variable.py
[2026-03-18T16:09:05.047+0000] {processor.py:925} INFO - DAG(s) 'tasklar' retrieved from /opt/airflow/dags/import_variable.py
[2026-03-18T16:09:05.078+0000] {logging_mixin.py:190} INFO - [2026-03-18T16:09:05.078+0000] {dag.py:3239} INFO - Sync 1 DAGs
[2026-03-18T16:09:05.107+0000] {logging_mixin.py:190} INFO - [2026-03-18T16:09:05.107+0000] {dag.py:4180} INFO - Setting next_dagrun for tasklar to 2026-03-16 23:30:00+00:00, run_after=2026-03-17 23:30:00+00:00
[2026-03-18T16:09:05.127+0000] {processor.py:208} INFO - Processing /opt/airflow/dags/import_variable.py took 0.105 seconds
[2026-03-18T16:09:35.668+0000] {processor.py:186} INFO - Started process (PID=799) to work on /opt/airflow/dags/import_variable.py
[2026-03-18T16:09:35.669+0000] {processor.py:914} INFO - Processing file /opt/airflow/dags/import_variable.py for tasks to queue
[2026-03-18T16:09:35.677+0000] {logging_mixin.py:190} INFO - [2026-03-18T16:09:35.676+0000] {dagbag.py:588} INFO - Filling up the DagBag from /opt/airflow/dags/import_variable.py
[2026-03-18T16:09:35.700+0000] {processor.py:925} INFO - DAG(s) 'tasklar' retrieved from /opt/airflow/dags/import_variable.py
[2026-03-18T16:09:35.746+0000] {logging_mixin.py:190} INFO - [2026-03-18T16:09:35.745+0000] {dag.py:3239} INFO - Sync 1 DAGs
[2026-03-18T16:09:35.803+0000] {logging_mixin.py:190} INFO - [2026-03-18T16:09:35.803+0000] {dag.py:4180} INFO - Setting next_dagrun for tasklar to 2026-03-16 23:30:00+00:00, run_after=2026-03-17 23:30:00+00:00
[2026-03-18T16:09:35.832+0000] {processor.py:208} INFO - Processing /opt/airflow/dags/import_variable.py took 0.175 seconds
[2026-03-18T16:10:06.345+0000] {processor.py:186} INFO - Started process (PID=835) to work on /opt/airflow/dags/import_variable.py
[2026-03-18T16:10:06.346+0000] {processor.py:914} INFO - Processing file /opt/airflow/dags/import_variable.py for tasks to queue
[2026-03-18T16:10:06.348+0000] {logging_mixin.py:190} INFO - [2026-03-18T16:10:06.348+0000] {dagbag.py:588} INFO - Filling up the DagBag from /opt/airflow/dags/import_variable.py
[2026-03-18T16:10:06.365+0000] {processor.py:925} INFO - DAG(s) 'tasklar' retrieved from /opt/airflow/dags/import_variable.py
[2026-03-18T16:10:06.407+0000] {logging_mixin.py:190} INFO - [2026-03-18T16:10:06.406+0000] {dag.py:3239} INFO - Sync 1 DAGs
[2026-03-18T16:10:06.452+0000] {logging_mixin.py:190} INFO - [2026-03-18T16:10:06.451+0000] {dag.py:4180} INFO - Setting next_dagrun for tasklar to 2026-03-16 23:30:00+00:00, run_after=2026-03-17 23:30:00+00:00
[2026-03-18T16:10:06.481+0000] {processor.py:208} INFO - Processing /opt/airflow/dags/import_variable.py took 0.144 seconds
[2026-03-18T16:10:37.031+0000] {processor.py:186} INFO - Started process (PID=871) to work on /opt/airflow/dags/import_variable.py
[2026-03-18T16:10:37.033+0000] {processor.py:914} INFO - Processing file /opt/airflow/dags/import_variable.py for tasks to queue
[2026-03-18T16:10:37.038+0000] {logging_mixin.py:190} INFO - [2026-03-18T16:10:37.037+0000] {dagbag.py:588} INFO - Filling up the DagBag from /opt/airflow/dags/import_variable.py
[2026-03-18T16:10:37.063+0000] {processor.py:925} INFO - DAG(s) 'tasklar' retrieved from /opt/airflow/dags/import_variable.py
[2026-03-18T16:10:37.104+0000] {logging_mixin.py:190} INFO - [2026-03-18T16:10:37.104+0000] {dag.py:3239} INFO - Sync 1 DAGs
[2026-03-18T16:10:37.153+0000] {logging_mixin.py:190} INFO - [2026-03-18T16:10:37.153+0000] {dag.py:4180} INFO - Setting next_dagrun for tasklar to 2026-03-16 23:30:00+00:00, run_after=2026-03-17 23:30:00+00:00
[2026-03-18T16:10:37.190+0000] {processor.py:208} INFO - Processing /opt/airflow/dags/import_variable.py took 0.172 seconds
[2026-03-18T16:11:07.739+0000] {processor.py:186} INFO - Started process (PID=907) to work on /opt/airflow/dags/import_variable.py
[2026-03-18T16:11:07.741+0000] {processor.py:914} INFO - Processing file /opt/airflow/dags/import_variable.py for tasks to queue
[2026-03-18T16:11:07.744+0000] {logging_mixin.py:190} INFO - [2026-03-18T16:11:07.744+0000] {dagbag.py:588} INFO - Filling up the DagBag from /opt/airflow/dags/import_variable.py
[2026-03-18T16:11:07.764+0000] {processor.py:925} INFO - DAG(s) 'tasklar' retrieved from /opt/airflow/dags/import_variable.py
[2026-03-18T16:11:07.805+0000] {logging_mixin.py:190} INFO - [2026-03-18T16:11:07.805+0000] {dag.py:3239} INFO - Sync 1 DAGs
[2026-03-18T16:11:07.853+0000] {logging_mixin.py:190} INFO - [2026-03-18T16:11:07.853+0000] {dag.py:4180} INFO - Setting next_dagrun for tasklar to 2026-03-16 23:30:00+00:00, run_after=2026-03-17 23:30:00+00:00
[2026-03-18T16:11:07.885+0000] {processor.py:208} INFO - Processing /opt/airflow/dags/import_variable.py took 0.157 seconds
[2026-03-18T16:11:38.415+0000] {processor.py:186} INFO - Started process (PID=943) to work on /opt/airflow/dags/import_variable.py
[2026-03-18T16:11:38.417+0000] {processor.py:914} INFO - Processing file /opt/airflow/dags/import_variable.py for tasks to queue
[2026-03-18T16:11:38.420+0000] {logging_mixin.py:190} INFO - [2026-03-18T16:11:38.419+0000] {dagbag.py:588} INFO - Filling up the DagBag from /opt/airflow/dags/import_variable.py
[2026-03-18T16:11:38.437+0000] {processor.py:925} INFO - DAG(s) 'tasklar' retrieved from /opt/airflow/dags/import_variable.py
[2026-03-18T16:11:38.475+0000] {logging_mixin.py:190} INFO - [2026-03-18T16:11:38.475+0000] {dag.py:3239} INFO - Sync 1 DAGs
[2026-03-18T16:11:38.509+0000] {logging_mixin.py:190} INFO - [2026-03-18T16:11:38.509+0000] {dag.py:4180} INFO - Setting next_dagrun for tasklar to 2026-03-16 23:30:00+00:00, run_after=2026-03-17 23:30:00+00:00
[2026-03-18T16:11:38.534+0000] {processor.py:208} INFO - Processing /opt/airflow/dags/import_variable.py took 0.128 seconds
[2026-03-18T16:12:09.076+0000] {processor.py:186} INFO - Started process (PID=979) to work on /opt/airflow/dags/import_variable.py
[2026-03-18T16:12:09.077+0000] {processor.py:914} INFO - Processing file /opt/airflow/dags/import_variable.py for tasks to queue
[2026-03-18T16:12:09.080+0000] {logging_mixin.py:190} INFO - [2026-03-18T16:12:09.079+0000] {dagbag.py:588} INFO - Filling up the DagBag from /opt/airflow/dags/import_variable.py
[2026-03-18T16:12:09.097+0000] {processor.py:925} INFO - DAG(s) 'tasklar' retrieved from /opt/airflow/dags/import_variable.py
[2026-03-18T16:12:09.132+0000] {logging_mixin.py:190} INFO - [2026-03-18T16:12:09.131+0000] {dag.py:3239} INFO - Sync 1 DAGs
[2026-03-18T16:12:09.176+0000] {logging_mixin.py:190} INFO - [2026-03-18T16:12:09.176+0000] {dag.py:4180} INFO - Setting next_dagrun for tasklar to 2026-03-16 23:30:00+00:00, run_after=2026-03-17 23:30:00+00:00
[2026-03-18T16:12:09.208+0000] {processor.py:208} INFO - Processing /opt/airflow/dags/import_variable.py took 0.141 seconds
[2026-03-18T16:12:39.749+0000] {processor.py:186} INFO - Started process (PID=1015) to work on /opt/airflow/dags/import_variable.py
[2026-03-18T16:12:39.750+0000] {processor.py:914} INFO - Processing file /opt/airflow/dags/import_variable.py for tasks to queue
[2026-03-18T16:12:39.753+0000] {logging_mixin.py:190} INFO - [2026-03-18T16:12:39.752+0000] {dagbag.py:588} INFO - Filling up the DagBag from /opt/airflow/dags/import_variable.py
[2026-03-18T16:12:39.771+0000] {processor.py:925} INFO - DAG(s) 'tasklar' retrieved from /opt/airflow/dags/import_variable.py
[2026-03-18T16:12:39.807+0000] {logging_mixin.py:190} INFO - [2026-03-18T16:12:39.806+0000] {dag.py:3239} INFO - Sync 1 DAGs
[2026-03-18T16:12:39.850+0000] {logging_mixin.py:190} INFO - [2026-03-18T16:12:39.850+0000] {dag.py:4180} INFO - Setting next_dagrun for tasklar to 2026-03-16 23:30:00+00:00, run_after=2026-03-17 23:30:00+00:00
[2026-03-18T16:12:39.874+0000] {processor.py:208} INFO - Processing /opt/airflow/dags/import_variable.py took 0.135 seconds
[2026-03-18T16:13:10.372+0000] {processor.py:186} INFO - Started process (PID=1051) to work on /opt/airflow/dags/import_variable.py
[2026-03-18T16:13:10.373+0000] {processor.py:914} INFO - Processing file /opt/airflow/dags/import_variable.py for tasks to queue
[2026-03-18T16:13:10.375+0000] {logging_mixin.py:190} INFO - [2026-03-18T16:13:10.375+0000] {dagbag.py:588} INFO - Filling up the DagBag from /opt/airflow/dags/import_variable.py
[2026-03-18T16:13:10.390+0000] {processor.py:925} INFO - DAG(s) 'tasklar' retrieved from /opt/airflow/dags/import_variable.py
[2026-03-18T16:13:10.424+0000] {logging_mixin.py:190} INFO - [2026-03-18T16:13:10.424+0000] {dag.py:3239} INFO - Sync 1 DAGs
[2026-03-18T16:13:10.455+0000] {logging_mixin.py:190} INFO - [2026-03-18T16:13:10.455+0000] {dag.py:4180} INFO - Setting next_dagrun for tasklar to 2026-03-16 23:30:00+00:00, run_after=2026-03-17 23:30:00+00:00
[2026-03-18T16:13:10.477+0000] {processor.py:208} INFO - Processing /opt/airflow/dags/import_variable.py took 0.114 seconds
[2026-03-18T16:13:41.033+0000] {processor.py:186} INFO - Started process (PID=1087) to work on /opt/airflow/dags/import_variable.py
[2026-03-18T16:13:41.034+0000] {processor.py:914} INFO - Processing file /opt/airflow/dags/import_variable.py for tasks to queue
[2026-03-18T16:13:41.037+0000] {logging_mixin.py:190} INFO - [2026-03-18T16:13:41.037+0000] {dagbag.py:588} INFO - Filling up the DagBag from /opt/airflow/dags/import_variable.py
[2026-03-18T16:13:41.052+0000] {processor.py:925} INFO - DAG(s) 'tasklar' retrieved from /opt/airflow/dags/import_variable.py
[2026-03-18T16:13:41.087+0000] {logging_mixin.py:190} INFO - [2026-03-18T16:13:41.087+0000] {dag.py:3239} INFO - Sync 1 DAGs
[2026-03-18T16:13:41.130+0000] {logging_mixin.py:190} INFO - [2026-03-18T16:13:41.130+0000] {dag.py:4180} INFO - Setting next_dagrun for tasklar to 2026-03-16 23:30:00+00:00, run_after=2026-03-17 23:30:00+00:00
[2026-03-18T16:13:41.161+0000] {processor.py:208} INFO - Processing /opt/airflow/dags/import_variable.py took 0.135 seconds
[2026-03-18T16:14:11.688+0000] {processor.py:186} INFO - Started process (PID=1123) to work on /opt/airflow/dags/import_variable.py
[2026-03-18T16:14:11.690+0000] {processor.py:914} INFO - Processing file /opt/airflow/dags/import_variable.py for tasks to queue
[2026-03-18T16:14:11.694+0000] {logging_mixin.py:190} INFO - [2026-03-18T16:14:11.693+0000] {dagbag.py:588} INFO - Filling up the DagBag from /opt/airflow/dags/import_variable.py
[2026-03-18T16:14:11.717+0000] {processor.py:925} INFO - DAG(s) 'tasklar' retrieved from /opt/airflow/dags/import_variable.py
[2026-03-18T16:14:11.759+0000] {logging_mixin.py:190} INFO - [2026-03-18T16:14:11.758+0000] {dag.py:3239} INFO - Sync 1 DAGs
[2026-03-18T16:14:11.804+0000] {logging_mixin.py:190} INFO - [2026-03-18T16:14:11.803+0000] {dag.py:4180} INFO - Setting next_dagrun for tasklar to 2026-03-16 23:30:00+00:00, run_after=2026-03-17 23:30:00+00:00
[2026-03-18T16:14:11.831+0000] {processor.py:208} INFO - Processing /opt/airflow/dags/import_variable.py took 0.152 seconds
[2026-03-18T16:14:42.345+0000] {processor.py:186} INFO - Started process (PID=1159) to work on /opt/airflow/dags/import_variable.py
[2026-03-18T16:14:42.347+0000] {processor.py:914} INFO - Processing file /opt/airflow/dags/import_variable.py for tasks to queue
[2026-03-18T16:14:42.354+0000] {logging_mixin.py:190} INFO - [2026-03-18T16:14:42.354+0000] {dagbag.py:588} INFO - Filling up the DagBag from /opt/airflow/dags/import_variable.py
[2026-03-18T16:14:42.378+0000] {processor.py:925} INFO - DAG(s) 'tasklar' retrieved from /opt/airflow/dags/import_variable.py
[2026-03-18T16:14:42.416+0000] {logging_mixin.py:190} INFO - [2026-03-18T16:14:42.415+0000] {dag.py:3239} INFO - Sync 1 DAGs
[2026-03-18T16:14:42.451+0000] {logging_mixin.py:190} INFO - [2026-03-18T16:14:42.451+0000] {dag.py:4180} INFO - Setting next_dagrun for tasklar to 2026-03-16 23:30:00+00:00, run_after=2026-03-17 23:30:00+00:00
[2026-03-18T16:14:42.477+0000] {processor.py:208} INFO - Processing /opt/airflow/dags/import_variable.py took 0.140 seconds
[2026-03-18T16:15:12.985+0000] {processor.py:186} INFO - Started process (PID=1195) to work on /opt/airflow/dags/import_variable.py
[2026-03-18T16:15:12.987+0000] {processor.py:914} INFO - Processing file /opt/airflow/dags/import_variable.py for tasks to queue
[2026-03-18T16:15:12.989+0000] {logging_mixin.py:190} INFO - [2026-03-18T16:15:12.989+0000] {dagbag.py:588} INFO - Filling up the DagBag from /opt/airflow/dags/import_variable.py
[2026-03-18T16:15:13.006+0000] {processor.py:925} INFO - DAG(s) 'tasklar' retrieved from /opt/airflow/dags/import_variable.py
[2026-03-18T16:15:13.040+0000] {logging_mixin.py:190} INFO - [2026-03-18T16:15:13.040+0000] {dag.py:3239} INFO - Sync 1 DAGs
[2026-03-18T16:15:13.080+0000] {logging_mixin.py:190} INFO - [2026-03-18T16:15:13.079+0000] {dag.py:4180} INFO - Setting next_dagrun for tasklar to 2026-03-16 23:30:00+00:00, run_after=2026-03-17 23:30:00+00:00
[2026-03-18T16:15:13.107+0000] {processor.py:208} INFO - Processing /opt/airflow/dags/import_variable.py took 0.129 seconds
[2026-03-18T16:15:43.619+0000] {processor.py:186} INFO - Started process (PID=1231) to work on /opt/airflow/dags/import_variable.py
[2026-03-18T16:15:43.620+0000] {processor.py:914} INFO - Processing file /opt/airflow/dags/import_variable.py for tasks to queue
[2026-03-18T16:15:43.624+0000] {logging_mixin.py:190} INFO - [2026-03-18T16:15:43.623+0000] {dagbag.py:588} INFO - Filling up the DagBag from /opt/airflow/dags/import_variable.py
[2026-03-18T16:15:43.642+0000] {processor.py:925} INFO - DAG(s) 'tasklar' retrieved from /opt/airflow/dags/import_variable.py
[2026-03-18T16:15:43.675+0000] {logging_mixin.py:190} INFO - [2026-03-18T16:15:43.675+0000] {dag.py:3239} INFO - Sync 1 DAGs
[2026-03-18T16:15:43.710+0000] {logging_mixin.py:190} INFO - [2026-03-18T16:15:43.710+0000] {dag.py:4180} INFO - Setting next_dagrun for tasklar to 2026-03-16 23:30:00+00:00, run_after=2026-03-17 23:30:00+00:00
[2026-03-18T16:15:43.736+0000] {processor.py:208} INFO - Processing /opt/airflow/dags/import_variable.py took 0.125 seconds
[2026-03-18T16:16:14.274+0000] {processor.py:186} INFO - Started process (PID=1267) to work on /opt/airflow/dags/import_variable.py
[2026-03-18T16:16:14.275+0000] {processor.py:914} INFO - Processing file /opt/airflow/dags/import_variable.py for tasks to queue
[2026-03-18T16:16:14.279+0000] {logging_mixin.py:190} INFO - [2026-03-18T16:16:14.278+0000] {dagbag.py:588} INFO - Filling up the DagBag from /opt/airflow/dags/import_variable.py
[2026-03-18T16:16:14.296+0000] {processor.py:925} INFO - DAG(s) 'tasklar' retrieved from /opt/airflow/dags/import_variable.py
[2026-03-18T16:16:14.330+0000] {logging_mixin.py:190} INFO - [2026-03-18T16:16:14.330+0000] {dag.py:3239} INFO - Sync 1 DAGs
[2026-03-18T16:16:14.369+0000] {logging_mixin.py:190} INFO - [2026-03-18T16:16:14.368+0000] {dag.py:4180} INFO - Setting next_dagrun for tasklar to 2026-03-16 23:30:00+00:00, run_after=2026-03-17 23:30:00+00:00
[2026-03-18T16:16:14.408+0000] {processor.py:208} INFO - Processing /opt/airflow/dags/import_variable.py took 0.143 seconds
[2026-03-18T16:16:44.954+0000] {processor.py:186} INFO - Started process (PID=1303) to work on /opt/airflow/dags/import_variable.py
[2026-03-18T16:16:44.955+0000] {processor.py:914} INFO - Processing file /opt/airflow/dags/import_variable.py for tasks to queue
[2026-03-18T16:16:44.959+0000] {logging_mixin.py:190} INFO - [2026-03-18T16:16:44.958+0000] {dagbag.py:588} INFO - Filling up the DagBag from /opt/airflow/dags/import_variable.py
[2026-03-18T16:16:44.977+0000] {processor.py:925} INFO - DAG(s) 'tasklar' retrieved from /opt/airflow/dags/import_variable.py
[2026-03-18T16:16:45.015+0000] {logging_mixin.py:190} INFO - [2026-03-18T16:16:45.014+0000] {dag.py:3239} INFO - Sync 1 DAGs
[2026-03-18T16:16:45.046+0000] {logging_mixin.py:190} INFO - [2026-03-18T16:16:45.046+0000] {dag.py:4180} INFO - Setting next_dagrun for tasklar to 2026-03-16 23:30:00+00:00, run_after=2026-03-17 23:30:00+00:00
[2026-03-18T16:16:45.073+0000] {processor.py:208} INFO - Processing /opt/airflow/dags/import_variable.py took 0.128 seconds
[2026-03-18T16:17:15.621+0000] {processor.py:186} INFO - Started process (PID=1339) to work on /opt/airflow/dags/import_variable.py
[2026-03-18T16:17:15.622+0000] {processor.py:914} INFO - Processing file /opt/airflow/dags/import_variable.py for tasks to queue
[2026-03-18T16:17:15.626+0000] {logging_mixin.py:190} INFO - [2026-03-18T16:17:15.625+0000] {dagbag.py:588} INFO - Filling up the DagBag from /opt/airflow/dags/import_variable.py
[2026-03-18T16:17:15.641+0000] {processor.py:925} INFO - DAG(s) 'tasklar' retrieved from /opt/airflow/dags/import_variable.py
[2026-03-18T16:17:15.673+0000] {logging_mixin.py:190} INFO - [2026-03-18T16:17:15.673+0000] {dag.py:3239} INFO - Sync 1 DAGs
[2026-03-18T16:17:15.710+0000] {logging_mixin.py:190} INFO - [2026-03-18T16:17:15.710+0000] {dag.py:4180} INFO - Setting next_dagrun for tasklar to 2026-03-16 23:30:00+00:00, run_after=2026-03-17 23:30:00+00:00
[2026-03-18T16:17:15.732+0000] {processor.py:208} INFO - Processing /opt/airflow/dags/import_variable.py took 0.117 seconds
[2026-03-18T16:17:46.259+0000] {processor.py:186} INFO - Started process (PID=1375) to work on /opt/airflow/dags/import_variable.py
[2026-03-18T16:17:46.261+0000] {processor.py:914} INFO - Processing file /opt/airflow/dags/import_variable.py for tasks to queue
[2026-03-18T16:17:46.264+0000] {logging_mixin.py:190} INFO - [2026-03-18T16:17:46.263+0000] {dagbag.py:588} INFO - Filling up the DagBag from /opt/airflow/dags/import_variable.py
[2026-03-18T16:17:46.282+0000] {processor.py:925} INFO - DAG(s) 'tasklar' retrieved from /opt/airflow/dags/import_variable.py
[2026-03-18T16:17:46.318+0000] {logging_mixin.py:190} INFO - [2026-03-18T16:17:46.317+0000] {dag.py:3239} INFO - Sync 1 DAGs
[2026-03-18T16:17:46.357+0000] {logging_mixin.py:190} INFO - [2026-03-18T16:17:46.357+0000] {dag.py:4180} INFO - Setting next_dagrun for tasklar to 2026-03-16 23:30:00+00:00, run_after=2026-03-17 23:30:00+00:00
[2026-03-18T16:17:46.388+0000] {processor.py:208} INFO - Processing /opt/airflow/dags/import_variable.py took 0.141 seconds
[2026-03-18T16:18:16.925+0000] {processor.py:186} INFO - Started process (PID=1411) to work on /opt/airflow/dags/import_variable.py
[2026-03-18T16:18:16.927+0000] {processor.py:914} INFO - Processing file /opt/airflow/dags/import_variable.py for tasks to queue
[2026-03-18T16:18:16.930+0000] {logging_mixin.py:190} INFO - [2026-03-18T16:18:16.929+0000] {dagbag.py:588} INFO - Filling up the DagBag from /opt/airflow/dags/import_variable.py
[2026-03-18T16:18:16.948+0000] {processor.py:925} INFO - DAG(s) 'tasklar' retrieved from /opt/airflow/dags/import_variable.py
[2026-03-18T16:18:16.994+0000] {logging_mixin.py:190} INFO - [2026-03-18T16:18:16.994+0000] {dag.py:3239} INFO - Sync 1 DAGs
[2026-03-18T16:18:17.036+0000] {logging_mixin.py:190} INFO - [2026-03-18T16:18:17.035+0000] {dag.py:4180} INFO - Setting next_dagrun for tasklar to 2026-03-16 23:30:00+00:00, run_after=2026-03-17 23:30:00+00:00
[2026-03-18T16:18:17.069+0000] {processor.py:208} INFO - Processing /opt/airflow/dags/import_variable.py took 0.156 seconds
[2026-03-18T16:18:47.659+0000] {processor.py:186} INFO - Started process (PID=1447) to work on /opt/airflow/dags/import_variable.py
[2026-03-18T16:18:47.661+0000] {processor.py:914} INFO - Processing file /opt/airflow/dags/import_variable.py for tasks to queue
[2026-03-18T16:18:47.664+0000] {logging_mixin.py:190} INFO - [2026-03-18T16:18:47.664+0000] {dagbag.py:588} INFO - Filling up the DagBag from /opt/airflow/dags/import_variable.py
[2026-03-18T16:18:47.685+0000] {processor.py:925} INFO - DAG(s) 'tasklar' retrieved from /opt/airflow/dags/import_variable.py
[2026-03-18T16:18:47.729+0000] {logging_mixin.py:190} INFO - [2026-03-18T16:18:47.728+0000] {dag.py:3239} INFO - Sync 1 DAGs
[2026-03-18T16:18:47.797+0000] {logging_mixin.py:190} INFO - [2026-03-18T16:18:47.796+0000] {dag.py:4180} INFO - Setting next_dagrun for tasklar to 2026-03-16 23:30:00+00:00, run_after=2026-03-17 23:30:00+00:00
[2026-03-18T16:18:47.840+0000] {processor.py:208} INFO - Processing /opt/airflow/dags/import_variable.py took 0.191 seconds
[2026-03-18T16:19:18.377+0000] {processor.py:186} INFO - Started process (PID=1483) to work on /opt/airflow/dags/import_variable.py
[2026-03-18T16:19:18.378+0000] {processor.py:914} INFO - Processing file /opt/airflow/dags/import_variable.py for tasks to queue
[2026-03-18T16:19:18.381+0000] {logging_mixin.py:190} INFO - [2026-03-18T16:19:18.381+0000] {dagbag.py:588} INFO - Filling up the DagBag from /opt/airflow/dags/import_variable.py
[2026-03-18T16:19:18.400+0000] {processor.py:925} INFO - DAG(s) 'tasklar' retrieved from /opt/airflow/dags/import_variable.py
[2026-03-18T16:19:18.445+0000] {logging_mixin.py:190} INFO - [2026-03-18T16:19:18.445+0000] {dag.py:3239} INFO - Sync 1 DAGs
[2026-03-18T16:19:18.492+0000] {logging_mixin.py:190} INFO - [2026-03-18T16:19:18.492+0000] {dag.py:4180} INFO - Setting next_dagrun for tasklar to 2026-03-16 23:30:00+00:00, run_after=2026-03-17 23:30:00+00:00
[2026-03-18T16:19:18.524+0000] {processor.py:208} INFO - Processing /opt/airflow/dags/import_variable.py took 0.159 seconds
[2026-03-18T16:19:49.030+0000] {processor.py:186} INFO - Started process (PID=1519) to work on /opt/airflow/dags/import_variable.py
[2026-03-18T16:19:49.032+0000] {processor.py:914} INFO - Processing file /opt/airflow/dags/import_variable.py for tasks to queue
[2026-03-18T16:19:49.035+0000] {logging_mixin.py:190} INFO - [2026-03-18T16:19:49.034+0000] {dagbag.py:588} INFO - Filling up the DagBag from /opt/airflow/dags/import_variable.py
[2026-03-18T16:19:49.058+0000] {processor.py:925} INFO - DAG(s) 'tasklar' retrieved from /opt/airflow/dags/import_variable.py
[2026-03-18T16:19:49.107+0000] {logging_mixin.py:190} INFO - [2026-03-18T16:19:49.107+0000] {dag.py:3239} INFO - Sync 1 DAGs
[2026-03-18T16:19:49.154+0000] {logging_mixin.py:190} INFO - [2026-03-18T16:19:49.153+0000] {dag.py:4180} INFO - Setting next_dagrun for tasklar to 2026-03-16 23:30:00+00:00, run_after=2026-03-17 23:30:00+00:00
[2026-03-18T16:19:49.185+0000] {processor.py:208} INFO - Processing /opt/airflow/dags/import_variable.py took 0.165 seconds
[2026-03-18T16:20:19.253+0000] {processor.py:186} INFO - Started process (PID=1557) to work on /opt/airflow/dags/import_variable.py
[2026-03-18T16:20:19.254+0000] {processor.py:914} INFO - Processing file /opt/airflow/dags/import_variable.py for tasks to queue
[2026-03-18T16:20:19.256+0000] {logging_mixin.py:190} INFO - [2026-03-18T16:20:19.256+0000] {dagbag.py:588} INFO - Filling up the DagBag from /opt/airflow/dags/import_variable.py
[2026-03-18T16:20:19.274+0000] {processor.py:925} INFO - DAG(s) 'tasklar' retrieved from /opt/airflow/dags/import_variable.py
[2026-03-18T16:20:19.305+0000] {logging_mixin.py:190} INFO - [2026-03-18T16:20:19.304+0000] {dag.py:3239} INFO - Sync 1 DAGs
[2026-03-18T16:20:19.337+0000] {logging_mixin.py:190} INFO - [2026-03-18T16:20:19.336+0000] {dag.py:4180} INFO - Setting next_dagrun for tasklar to 2026-03-16 23:30:00+00:00, run_after=2026-03-17 23:30:00+00:00
[2026-03-18T16:20:19.362+0000] {processor.py:208} INFO - Processing /opt/airflow/dags/import_variable.py took 0.116 seconds
[2026-03-18T16:20:49.940+0000] {processor.py:186} INFO - Started process (PID=1591) to work on /opt/airflow/dags/import_variable.py
[2026-03-18T16:20:49.941+0000] {processor.py:914} INFO - Processing file /opt/airflow/dags/import_variable.py for tasks to queue
[2026-03-18T16:20:49.944+0000] {logging_mixin.py:190} INFO - [2026-03-18T16:20:49.943+0000] {dagbag.py:588} INFO - Filling up the DagBag from /opt/airflow/dags/import_variable.py
[2026-03-18T16:20:49.962+0000] {processor.py:925} INFO - DAG(s) 'tasklar' retrieved from /opt/airflow/dags/import_variable.py
[2026-03-18T16:20:50.000+0000] {logging_mixin.py:190} INFO - [2026-03-18T16:20:50.000+0000] {dag.py:3239} INFO - Sync 1 DAGs
[2026-03-18T16:20:50.047+0000] {logging_mixin.py:190} INFO - [2026-03-18T16:20:50.047+0000] {dag.py:4180} INFO - Setting next_dagrun for tasklar to 2026-03-16 23:30:00+00:00, run_after=2026-03-17 23:30:00+00:00
[2026-03-18T16:20:50.074+0000] {processor.py:208} INFO - Processing /opt/airflow/dags/import_variable.py took 0.143 seconds
[2026-03-18T16:21:20.606+0000] {processor.py:186} INFO - Started process (PID=1627) to work on /opt/airflow/dags/import_variable.py
[2026-03-18T16:21:20.607+0000] {processor.py:914} INFO - Processing file /opt/airflow/dags/import_variable.py for tasks to queue
[2026-03-18T16:21:20.611+0000] {logging_mixin.py:190} INFO - [2026-03-18T16:21:20.610+0000] {dagbag.py:588} INFO - Filling up the DagBag from /opt/airflow/dags/import_variable.py
[2026-03-18T16:21:20.633+0000] {processor.py:925} INFO - DAG(s) 'tasklar' retrieved from /opt/airflow/dags/import_variable.py
[2026-03-18T16:21:20.673+0000] {logging_mixin.py:190} INFO - [2026-03-18T16:21:20.673+0000] {dag.py:3239} INFO - Sync 1 DAGs
[2026-03-18T16:21:20.717+0000] {logging_mixin.py:190} INFO - [2026-03-18T16:21:20.716+0000] {dag.py:4180} INFO - Setting next_dagrun for tasklar to 2026-03-16 23:30:00+00:00, run_after=2026-03-17 23:30:00+00:00
[2026-03-18T16:21:20.751+0000] {processor.py:208} INFO - Processing /opt/airflow/dags/import_variable.py took 0.154 seconds
[2026-03-18T16:21:51.259+0000] {processor.py:186} INFO - Started process (PID=1663) to work on /opt/airflow/dags/import_variable.py
[2026-03-18T16:21:51.261+0000] {processor.py:914} INFO - Processing file /opt/airflow/dags/import_variable.py for tasks to queue
[2026-03-18T16:21:51.264+0000] {logging_mixin.py:190} INFO - [2026-03-18T16:21:51.264+0000] {dagbag.py:588} INFO - Filling up the DagBag from /opt/airflow/dags/import_variable.py
[2026-03-18T16:21:51.284+0000] {processor.py:925} INFO - DAG(s) 'tasklar' retrieved from /opt/airflow/dags/import_variable.py
[2026-03-18T16:21:51.321+0000] {logging_mixin.py:190} INFO - [2026-03-18T16:21:51.321+0000] {dag.py:3239} INFO - Sync 1 DAGs
[2026-03-18T16:21:51.364+0000] {logging_mixin.py:190} INFO - [2026-03-18T16:21:51.363+0000] {dag.py:4180} INFO - Setting next_dagrun for tasklar to 2026-03-16 23:30:00+00:00, run_after=2026-03-17 23:30:00+00:00
[2026-03-18T16:21:51.395+0000] {processor.py:208} INFO - Processing /opt/airflow/dags/import_variable.py took 0.144 seconds
[2026-03-18T16:22:21.925+0000] {processor.py:186} INFO - Started process (PID=1699) to work on /opt/airflow/dags/import_variable.py
[2026-03-18T16:22:21.927+0000] {processor.py:914} INFO - Processing file /opt/airflow/dags/import_variable.py for tasks to queue
[2026-03-18T16:22:21.930+0000] {logging_mixin.py:190} INFO - [2026-03-18T16:22:21.930+0000] {dagbag.py:588} INFO - Filling up the DagBag from /opt/airflow/dags/import_variable.py
[2026-03-18T16:22:21.950+0000] {processor.py:925} INFO - DAG(s) 'tasklar' retrieved from /opt/airflow/dags/import_variable.py
[2026-03-18T16:22:21.989+0000] {logging_mixin.py:190} INFO - [2026-03-18T16:22:21.988+0000] {dag.py:3239} INFO - Sync 1 DAGs
[2026-03-18T16:22:22.031+0000] {logging_mixin.py:190} INFO - [2026-03-18T16:22:22.031+0000] {dag.py:4180} INFO - Setting next_dagrun for tasklar to 2026-03-16 23:30:00+00:00, run_after=2026-03-17 23:30:00+00:00
[2026-03-18T16:22:22.060+0000] {processor.py:208} INFO - Processing /opt/airflow/dags/import_variable.py took 0.145 seconds
[2026-03-18T16:22:52.614+0000] {processor.py:186} INFO - Started process (PID=1735) to work on /opt/airflow/dags/import_variable.py
[2026-03-18T16:22:52.616+0000] {processor.py:914} INFO - Processing file /opt/airflow/dags/import_variable.py for tasks to queue
[2026-03-18T16:22:52.620+0000] {logging_mixin.py:190} INFO - [2026-03-18T16:22:52.620+0000] {dagbag.py:588} INFO - Filling up the DagBag from /opt/airflow/dags/import_variable.py
[2026-03-18T16:22:52.640+0000] {processor.py:925} INFO - DAG(s) 'tasklar' retrieved from /opt/airflow/dags/import_variable.py
[2026-03-18T16:22:52.680+0000] {logging_mixin.py:190} INFO - [2026-03-18T16:22:52.679+0000] {dag.py:3239} INFO - Sync 1 DAGs
[2026-03-18T16:22:52.724+0000] {logging_mixin.py:190} INFO - [2026-03-18T16:22:52.723+0000] {dag.py:4180} INFO - Setting next_dagrun for tasklar to 2026-03-16 23:30:00+00:00, run_after=2026-03-17 23:30:00+00:00
[2026-03-18T16:22:52.752+0000] {processor.py:208} INFO - Processing /opt/airflow/dags/import_variable.py took 0.150 seconds
[2026-03-18T16:23:23.249+0000] {processor.py:186} INFO - Started process (PID=1771) to work on /opt/airflow/dags/import_variable.py
[2026-03-18T16:23:23.250+0000] {processor.py:914} INFO - Processing file /opt/airflow/dags/import_variable.py for tasks to queue
[2026-03-18T16:23:23.254+0000] {logging_mixin.py:190} INFO - [2026-03-18T16:23:23.253+0000] {dagbag.py:588} INFO - Filling up the DagBag from /opt/airflow/dags/import_variable.py
[2026-03-18T16:23:23.272+0000] {processor.py:925} INFO - DAG(s) 'tasklar' retrieved from /opt/airflow/dags/import_variable.py
[2026-03-18T16:23:23.309+0000] {logging_mixin.py:190} INFO - [2026-03-18T16:23:23.308+0000] {dag.py:3239} INFO - Sync 1 DAGs
[2026-03-18T16:23:23.347+0000] {logging_mixin.py:190} INFO - [2026-03-18T16:23:23.346+0000] {dag.py:4180} INFO - Setting next_dagrun for tasklar to 2026-03-16 23:30:00+00:00, run_after=2026-03-17 23:30:00+00:00
[2026-03-18T16:23:23.375+0000] {processor.py:208} INFO - Processing /opt/airflow/dags/import_variable.py took 0.133 seconds
[2026-03-18T16:23:53.905+0000] {processor.py:186} INFO - Started process (PID=1807) to work on /opt/airflow/dags/import_variable.py
[2026-03-18T16:23:53.906+0000] {processor.py:914} INFO - Processing file /opt/airflow/dags/import_variable.py for tasks to queue
[2026-03-18T16:23:53.909+0000] {logging_mixin.py:190} INFO - [2026-03-18T16:23:53.909+0000] {dagbag.py:588} INFO - Filling up the DagBag from /opt/airflow/dags/import_variable.py
[2026-03-18T16:23:53.928+0000] {processor.py:925} INFO - DAG(s) 'tasklar' retrieved from /opt/airflow/dags/import_variable.py
[2026-03-18T16:23:53.965+0000] {logging_mixin.py:190} INFO - [2026-03-18T16:23:53.965+0000] {dag.py:3239} INFO - Sync 1 DAGs
[2026-03-18T16:23:54.003+0000] {logging_mixin.py:190} INFO - [2026-03-18T16:23:54.002+0000] {dag.py:4180} INFO - Setting next_dagrun for tasklar to 2026-03-16 23:30:00+00:00, run_after=2026-03-17 23:30:00+00:00
[2026-03-18T16:23:54.030+0000] {processor.py:208} INFO - Processing /opt/airflow/dags/import_variable.py took 0.132 seconds
[2026-03-18T16:24:24.528+0000] {processor.py:186} INFO - Started process (PID=1843) to work on /opt/airflow/dags/import_variable.py
[2026-03-18T16:24:24.529+0000] {processor.py:914} INFO - Processing file /opt/airflow/dags/import_variable.py for tasks to queue
[2026-03-18T16:24:24.532+0000] {logging_mixin.py:190} INFO - [2026-03-18T16:24:24.532+0000] {dagbag.py:588} INFO - Filling up the DagBag from /opt/airflow/dags/import_variable.py
[2026-03-18T16:24:24.550+0000] {processor.py:925} INFO - DAG(s) 'tasklar' retrieved from /opt/airflow/dags/import_variable.py
[2026-03-18T16:24:24.583+0000] {logging_mixin.py:190} INFO - [2026-03-18T16:24:24.582+0000] {dag.py:3239} INFO - Sync 1 DAGs
[2026-03-18T16:24:24.619+0000] {logging_mixin.py:190} INFO - [2026-03-18T16:24:24.619+0000] {dag.py:4180} INFO - Setting next_dagrun for tasklar to 2026-03-16 23:30:00+00:00, run_after=2026-03-17 23:30:00+00:00
[2026-03-18T16:24:24.642+0000] {processor.py:208} INFO - Processing /opt/airflow/dags/import_variable.py took 0.123 seconds
[2026-03-18T16:24:55.142+0000] {processor.py:186} INFO - Started process (PID=1879) to work on /opt/airflow/dags/import_variable.py
[2026-03-18T16:24:55.144+0000] {processor.py:914} INFO - Processing file /opt/airflow/dags/import_variable.py for tasks to queue
[2026-03-18T16:24:55.147+0000] {logging_mixin.py:190} INFO - [2026-03-18T16:24:55.146+0000] {dagbag.py:588} INFO - Filling up the DagBag from /opt/airflow/dags/import_variable.py
[2026-03-18T16:24:55.165+0000] {processor.py:925} INFO - DAG(s) 'tasklar' retrieved from /opt/airflow/dags/import_variable.py
[2026-03-18T16:24:55.201+0000] {logging_mixin.py:190} INFO - [2026-03-18T16:24:55.201+0000] {dag.py:3239} INFO - Sync 1 DAGs
[2026-03-18T16:24:55.238+0000] {logging_mixin.py:190} INFO - [2026-03-18T16:24:55.238+0000] {dag.py:4180} INFO - Setting next_dagrun for tasklar to 2026-03-16 23:30:00+00:00, run_after=2026-03-17 23:30:00+00:00
[2026-03-18T16:24:55.263+0000] {processor.py:208} INFO - Processing /opt/airflow/dags/import_variable.py took 0.128 seconds
[2026-03-18T16:25:25.769+0000] {processor.py:186} INFO - Started process (PID=1915) to work on /opt/airflow/dags/import_variable.py
[2026-03-18T16:25:25.770+0000] {processor.py:914} INFO - Processing file /opt/airflow/dags/import_variable.py for tasks to queue
[2026-03-18T16:25:25.774+0000] {logging_mixin.py:190} INFO - [2026-03-18T16:25:25.773+0000] {dagbag.py:588} INFO - Filling up the DagBag from /opt/airflow/dags/import_variable.py
[2026-03-18T16:25:25.791+0000] {processor.py:925} INFO - DAG(s) 'tasklar' retrieved from /opt/airflow/dags/import_variable.py
[2026-03-18T16:25:25.827+0000] {logging_mixin.py:190} INFO - [2026-03-18T16:25:25.827+0000] {dag.py:3239} INFO - Sync 1 DAGs
[2026-03-18T16:25:25.872+0000] {logging_mixin.py:190} INFO - [2026-03-18T16:25:25.872+0000] {dag.py:4180} INFO - Setting next_dagrun for tasklar to 2026-03-16 23:30:00+00:00, run_after=2026-03-17 23:30:00+00:00
[2026-03-18T16:25:25.902+0000] {processor.py:208} INFO - Processing /opt/airflow/dags/import_variable.py took 0.141 seconds
[2026-03-18T16:25:56.481+0000] {processor.py:186} INFO - Started process (PID=1958) to work on /opt/airflow/dags/import_variable.py
[2026-03-18T16:25:56.482+0000] {processor.py:914} INFO - Processing file /opt/airflow/dags/import_variable.py for tasks to queue
[2026-03-18T16:25:56.486+0000] {logging_mixin.py:190} INFO - [2026-03-18T16:25:56.485+0000] {dagbag.py:588} INFO - Filling up the DagBag from /opt/airflow/dags/import_variable.py
[2026-03-18T16:25:56.512+0000] {processor.py:925} INFO - DAG(s) 'tasklar' retrieved from /opt/airflow/dags/import_variable.py
[2026-03-18T16:25:56.555+0000] {logging_mixin.py:190} INFO - [2026-03-18T16:25:56.555+0000] {dag.py:3239} INFO - Sync 1 DAGs
[2026-03-18T16:25:56.609+0000] {logging_mixin.py:190} INFO - [2026-03-18T16:25:56.609+0000] {dag.py:4180} INFO - Setting next_dagrun for tasklar to 2026-03-16 23:30:00+00:00, run_after=2026-03-17 23:30:00+00:00
[2026-03-18T16:25:56.651+0000] {processor.py:208} INFO - Processing /opt/airflow/dags/import_variable.py took 0.180 seconds
[2026-03-18T16:26:27.489+0000] {processor.py:186} INFO - Started process (PID=1995) to work on /opt/airflow/dags/import_variable.py
[2026-03-18T16:26:27.490+0000] {processor.py:914} INFO - Processing file /opt/airflow/dags/import_variable.py for tasks to queue
[2026-03-18T16:26:27.495+0000] {logging_mixin.py:190} INFO - [2026-03-18T16:26:27.494+0000] {dagbag.py:588} INFO - Filling up the DagBag from /opt/airflow/dags/import_variable.py
[2026-03-18T16:26:27.515+0000] {processor.py:925} INFO - DAG(s) 'tasklar' retrieved from /opt/airflow/dags/import_variable.py
[2026-03-18T16:26:27.552+0000] {logging_mixin.py:190} INFO - [2026-03-18T16:26:27.551+0000] {dag.py:3239} INFO - Sync 1 DAGs
[2026-03-18T16:26:27.593+0000] {logging_mixin.py:190} INFO - [2026-03-18T16:26:27.593+0000] {dag.py:4180} INFO - Setting next_dagrun for tasklar to 2026-03-16 23:30:00+00:00, run_after=2026-03-17 23:30:00+00:00
[2026-03-18T16:26:27.620+0000] {processor.py:208} INFO - Processing /opt/airflow/dags/import_variable.py took 0.143 seconds
[2026-03-18T16:26:58.235+0000] {processor.py:186} INFO - Started process (PID=2031) to work on /opt/airflow/dags/import_variable.py
[2026-03-18T16:26:58.236+0000] {processor.py:914} INFO - Processing file /opt/airflow/dags/import_variable.py for tasks to queue
[2026-03-18T16:26:58.241+0000] {logging_mixin.py:190} INFO - [2026-03-18T16:26:58.240+0000] {dagbag.py:588} INFO - Filling up the DagBag from /opt/airflow/dags/import_variable.py
[2026-03-18T16:26:58.257+0000] {processor.py:925} INFO - DAG(s) 'tasklar' retrieved from /opt/airflow/dags/import_variable.py
[2026-03-18T16:26:58.293+0000] {logging_mixin.py:190} INFO - [2026-03-18T16:26:58.292+0000] {dag.py:3239} INFO - Sync 1 DAGs
[2026-03-18T16:26:58.330+0000] {logging_mixin.py:190} INFO - [2026-03-18T16:26:58.329+0000] {dag.py:4180} INFO - Setting next_dagrun for tasklar to 2026-03-16 23:30:00+00:00, run_after=2026-03-17 23:30:00+00:00
[2026-03-18T16:26:58.358+0000] {processor.py:208} INFO - Processing /opt/airflow/dags/import_variable.py took 0.132 seconds
[2026-03-18T16:27:28.980+0000] {processor.py:186} INFO - Started process (PID=2067) to work on /opt/airflow/dags/import_variable.py
[2026-03-18T16:27:28.981+0000] {processor.py:914} INFO - Processing file /opt/airflow/dags/import_variable.py for tasks to queue
[2026-03-18T16:27:28.985+0000] {logging_mixin.py:190} INFO - [2026-03-18T16:27:28.984+0000] {dagbag.py:588} INFO - Filling up the DagBag from /opt/airflow/dags/import_variable.py
[2026-03-18T16:27:29.001+0000] {processor.py:925} INFO - DAG(s) 'tasklar' retrieved from /opt/airflow/dags/import_variable.py
[2026-03-18T16:27:29.035+0000] {logging_mixin.py:190} INFO - [2026-03-18T16:27:29.035+0000] {dag.py:3239} INFO - Sync 1 DAGs
[2026-03-18T16:27:29.068+0000] {logging_mixin.py:190} INFO - [2026-03-18T16:27:29.068+0000] {dag.py:4180} INFO - Setting next_dagrun for tasklar to 2026-03-16 23:30:00+00:00, run_after=2026-03-17 23:30:00+00:00
[2026-03-18T16:27:29.093+0000] {processor.py:208} INFO - Processing /opt/airflow/dags/import_variable.py took 0.122 seconds
[2026-03-18T16:27:59.704+0000] {processor.py:186} INFO - Started process (PID=2103) to work on /opt/airflow/dags/import_variable.py
[2026-03-18T16:27:59.706+0000] {processor.py:914} INFO - Processing file /opt/airflow/dags/import_variable.py for tasks to queue
[2026-03-18T16:27:59.709+0000] {logging_mixin.py:190} INFO - [2026-03-18T16:27:59.708+0000] {dagbag.py:588} INFO - Filling up the DagBag from /opt/airflow/dags/import_variable.py
[2026-03-18T16:27:59.726+0000] {processor.py:925} INFO - DAG(s) 'tasklar' retrieved from /opt/airflow/dags/import_variable.py
[2026-03-18T16:27:59.763+0000] {logging_mixin.py:190} INFO - [2026-03-18T16:27:59.763+0000] {dag.py:3239} INFO - Sync 1 DAGs
[2026-03-18T16:27:59.806+0000] {logging_mixin.py:190} INFO - [2026-03-18T16:27:59.805+0000] {dag.py:4180} INFO - Setting next_dagrun for tasklar to 2026-03-16 23:30:00+00:00, run_after=2026-03-17 23:30:00+00:00
[2026-03-18T16:27:59.834+0000] {processor.py:208} INFO - Processing /opt/airflow/dags/import_variable.py took 0.138 seconds
[2026-03-18T16:28:30.462+0000] {processor.py:186} INFO - Started process (PID=2141) to work on /opt/airflow/dags/import_variable.py
[2026-03-18T16:28:30.463+0000] {processor.py:914} INFO - Processing file /opt/airflow/dags/import_variable.py for tasks to queue
[2026-03-18T16:28:30.467+0000] {logging_mixin.py:190} INFO - [2026-03-18T16:28:30.467+0000] {dagbag.py:588} INFO - Filling up the DagBag from /opt/airflow/dags/import_variable.py
[2026-03-18T16:28:30.481+0000] {processor.py:925} INFO - DAG(s) 'tasklar' retrieved from /opt/airflow/dags/import_variable.py
[2026-03-18T16:28:30.518+0000] {logging_mixin.py:190} INFO - [2026-03-18T16:28:30.518+0000] {dag.py:3239} INFO - Sync 1 DAGs
[2026-03-18T16:28:30.560+0000] {logging_mixin.py:190} INFO - [2026-03-18T16:28:30.559+0000] {dag.py:4180} INFO - Setting next_dagrun for tasklar to 2026-03-16 23:30:00+00:00, run_after=2026-03-17 23:30:00+00:00
[2026-03-18T16:28:30.603+0000] {processor.py:208} INFO - Processing /opt/airflow/dags/import_variable.py took 0.149 seconds
[2026-03-18T16:29:01.250+0000] {processor.py:186} INFO - Started process (PID=2175) to work on /opt/airflow/dags/import_variable.py
[2026-03-18T16:29:01.252+0000] {processor.py:914} INFO - Processing file /opt/airflow/dags/import_variable.py for tasks to queue
[2026-03-18T16:29:01.254+0000] {logging_mixin.py:190} INFO - [2026-03-18T16:29:01.254+0000] {dagbag.py:588} INFO - Filling up the DagBag from /opt/airflow/dags/import_variable.py
[2026-03-18T16:29:01.271+0000] {processor.py:925} INFO - DAG(s) 'tasklar' retrieved from /opt/airflow/dags/import_variable.py
[2026-03-18T16:29:01.311+0000] {logging_mixin.py:190} INFO - [2026-03-18T16:29:01.310+0000] {dag.py:3239} INFO - Sync 1 DAGs
[2026-03-18T16:29:01.345+0000] {logging_mixin.py:190} INFO - [2026-03-18T16:29:01.345+0000] {dag.py:4180} INFO - Setting next_dagrun for tasklar to 2026-03-16 23:30:00+00:00, run_after=2026-03-17 23:30:00+00:00
[2026-03-18T16:29:01.374+0000] {processor.py:208} INFO - Processing /opt/airflow/dags/import_variable.py took 0.132 seconds
[2026-03-18T16:29:31.994+0000] {processor.py:186} INFO - Started process (PID=2213) to work on /opt/airflow/dags/import_variable.py
[2026-03-18T16:29:31.996+0000] {processor.py:914} INFO - Processing file /opt/airflow/dags/import_variable.py for tasks to queue
[2026-03-18T16:29:31.999+0000] {logging_mixin.py:190} INFO - [2026-03-18T16:29:31.998+0000] {dagbag.py:588} INFO - Filling up the DagBag from /opt/airflow/dags/import_variable.py
[2026-03-18T16:29:32.017+0000] {processor.py:925} INFO - DAG(s) 'tasklar' retrieved from /opt/airflow/dags/import_variable.py
[2026-03-18T16:29:32.055+0000] {logging_mixin.py:190} INFO - [2026-03-18T16:29:32.055+0000] {dag.py:3239} INFO - Sync 1 DAGs
[2026-03-18T16:29:32.093+0000] {logging_mixin.py:190} INFO - [2026-03-18T16:29:32.093+0000] {dag.py:4180} INFO - Setting next_dagrun for tasklar to 2026-03-16 23:30:00+00:00, run_after=2026-03-17 23:30:00+00:00
[2026-03-18T16:29:32.134+0000] {processor.py:208} INFO - Processing /opt/airflow/dags/import_variable.py took 0.148 seconds
[2026-03-18T16:30:02.714+0000] {processor.py:186} INFO - Started process (PID=2247) to work on /opt/airflow/dags/import_variable.py
[2026-03-18T16:30:02.715+0000] {processor.py:914} INFO - Processing file /opt/airflow/dags/import_variable.py for tasks to queue
[2026-03-18T16:30:02.718+0000] {logging_mixin.py:190} INFO - [2026-03-18T16:30:02.718+0000] {dagbag.py:588} INFO - Filling up the DagBag from /opt/airflow/dags/import_variable.py
[2026-03-18T16:30:02.734+0000] {processor.py:925} INFO - DAG(s) 'tasklar' retrieved from /opt/airflow/dags/import_variable.py
[2026-03-18T16:30:02.765+0000] {logging_mixin.py:190} INFO - [2026-03-18T16:30:02.764+0000] {dag.py:3239} INFO - Sync 1 DAGs
[2026-03-18T16:30:02.802+0000] {logging_mixin.py:190} INFO - [2026-03-18T16:30:02.802+0000] {dag.py:4180} INFO - Setting next_dagrun for tasklar to 2026-03-16 23:30:00+00:00, run_after=2026-03-17 23:30:00+00:00
[2026-03-18T16:30:02.830+0000] {processor.py:208} INFO - Processing /opt/airflow/dags/import_variable.py took 0.124 seconds
[2026-03-18T16:30:33.450+0000] {processor.py:186} INFO - Started process (PID=2283) to work on /opt/airflow/dags/import_variable.py
[2026-03-18T16:30:33.451+0000] {processor.py:914} INFO - Processing file /opt/airflow/dags/import_variable.py for tasks to queue
[2026-03-18T16:30:33.455+0000] {logging_mixin.py:190} INFO - [2026-03-18T16:30:33.455+0000] {dagbag.py:588} INFO - Filling up the DagBag from /opt/airflow/dags/import_variable.py
[2026-03-18T16:30:33.478+0000] {processor.py:925} INFO - DAG(s) 'tasklar' retrieved from /opt/airflow/dags/import_variable.py
[2026-03-18T16:30:33.516+0000] {logging_mixin.py:190} INFO - [2026-03-18T16:30:33.516+0000] {dag.py:3239} INFO - Sync 1 DAGs
[2026-03-18T16:30:33.551+0000] {logging_mixin.py:190} INFO - [2026-03-18T16:30:33.551+0000] {dag.py:4180} INFO - Setting next_dagrun for tasklar to 2026-03-16 23:30:00+00:00, run_after=2026-03-17 23:30:00+00:00
[2026-03-18T16:30:33.578+0000] {processor.py:208} INFO - Processing /opt/airflow/dags/import_variable.py took 0.140 seconds
[2026-03-18T16:31:04.200+0000] {processor.py:186} INFO - Started process (PID=2319) to work on /opt/airflow/dags/import_variable.py
[2026-03-18T16:31:04.202+0000] {processor.py:914} INFO - Processing file /opt/airflow/dags/import_variable.py for tasks to queue
[2026-03-18T16:31:04.206+0000] {logging_mixin.py:190} INFO - [2026-03-18T16:31:04.205+0000] {dagbag.py:588} INFO - Filling up the DagBag from /opt/airflow/dags/import_variable.py
[2026-03-18T16:31:04.228+0000] {processor.py:925} INFO - DAG(s) 'tasklar' retrieved from /opt/airflow/dags/import_variable.py
[2026-03-18T16:31:04.272+0000] {logging_mixin.py:190} INFO - [2026-03-18T16:31:04.271+0000] {dag.py:3239} INFO - Sync 1 DAGs
[2026-03-18T16:31:04.319+0000] {logging_mixin.py:190} INFO - [2026-03-18T16:31:04.318+0000] {dag.py:4180} INFO - Setting next_dagrun for tasklar to 2026-03-16 23:30:00+00:00, run_after=2026-03-17 23:30:00+00:00
[2026-03-18T16:31:04.346+0000] {processor.py:208} INFO - Processing /opt/airflow/dags/import_variable.py took 0.156 seconds
[2026-03-18T16:31:34.953+0000] {processor.py:186} INFO - Started process (PID=2357) to work on /opt/airflow/dags/import_variable.py
[2026-03-18T16:31:34.955+0000] {processor.py:914} INFO - Processing file /opt/airflow/dags/import_variable.py for tasks to queue
[2026-03-18T16:31:34.959+0000] {logging_mixin.py:190} INFO - [2026-03-18T16:31:34.958+0000] {dagbag.py:588} INFO - Filling up the DagBag from /opt/airflow/dags/import_variable.py
[2026-03-18T16:31:34.983+0000] {processor.py:925} INFO - DAG(s) 'tasklar' retrieved from /opt/airflow/dags/import_variable.py
[2026-03-18T16:31:35.026+0000] {logging_mixin.py:190} INFO - [2026-03-18T16:31:35.025+0000] {dag.py:3239} INFO - Sync 1 DAGs
[2026-03-18T16:31:35.058+0000] {logging_mixin.py:190} INFO - [2026-03-18T16:31:35.057+0000] {dag.py:4180} INFO - Setting next_dagrun for tasklar to 2026-03-16 23:30:00+00:00, run_after=2026-03-17 23:30:00+00:00
[2026-03-18T16:31:35.087+0000] {processor.py:208} INFO - Processing /opt/airflow/dags/import_variable.py took 0.144 seconds
[2026-03-18T16:32:05.704+0000] {processor.py:186} INFO - Started process (PID=2391) to work on /opt/airflow/dags/import_variable.py
[2026-03-18T16:32:05.705+0000] {processor.py:914} INFO - Processing file /opt/airflow/dags/import_variable.py for tasks to queue
[2026-03-18T16:32:05.708+0000] {logging_mixin.py:190} INFO - [2026-03-18T16:32:05.708+0000] {dagbag.py:588} INFO - Filling up the DagBag from /opt/airflow/dags/import_variable.py
[2026-03-18T16:32:05.731+0000] {processor.py:925} INFO - DAG(s) 'tasklar' retrieved from /opt/airflow/dags/import_variable.py
[2026-03-18T16:32:05.768+0000] {logging_mixin.py:190} INFO - [2026-03-18T16:32:05.768+0000] {dag.py:3239} INFO - Sync 1 DAGs
[2026-03-18T16:32:05.804+0000] {logging_mixin.py:190} INFO - [2026-03-18T16:32:05.804+0000] {dag.py:4180} INFO - Setting next_dagrun for tasklar to 2026-03-16 23:30:00+00:00, run_after=2026-03-17 23:30:00+00:00
[2026-03-18T16:32:05.828+0000] {processor.py:208} INFO - Processing /opt/airflow/dags/import_variable.py took 0.134 seconds
[2026-03-18T16:32:36.419+0000] {processor.py:186} INFO - Started process (PID=2429) to work on /opt/airflow/dags/import_variable.py
[2026-03-18T16:32:36.420+0000] {processor.py:914} INFO - Processing file /opt/airflow/dags/import_variable.py for tasks to queue
[2026-03-18T16:32:36.424+0000] {logging_mixin.py:190} INFO - [2026-03-18T16:32:36.423+0000] {dagbag.py:588} INFO - Filling up the DagBag from /opt/airflow/dags/import_variable.py
[2026-03-18T16:32:36.444+0000] {processor.py:925} INFO - DAG(s) 'tasklar' retrieved from /opt/airflow/dags/import_variable.py
[2026-03-18T16:32:36.481+0000] {logging_mixin.py:190} INFO - [2026-03-18T16:32:36.481+0000] {dag.py:3239} INFO - Sync 1 DAGs
[2026-03-18T16:32:36.523+0000] {logging_mixin.py:190} INFO - [2026-03-18T16:32:36.522+0000] {dag.py:4180} INFO - Setting next_dagrun for tasklar to 2026-03-16 23:30:00+00:00, run_after=2026-03-17 23:30:00+00:00
[2026-03-18T16:32:36.555+0000] {processor.py:208} INFO - Processing /opt/airflow/dags/import_variable.py took 0.145 seconds
[2026-03-18T16:33:07.199+0000] {processor.py:186} INFO - Started process (PID=2463) to work on /opt/airflow/dags/import_variable.py
[2026-03-18T16:33:07.201+0000] {processor.py:914} INFO - Processing file /opt/airflow/dags/import_variable.py for tasks to queue
[2026-03-18T16:33:07.205+0000] {logging_mixin.py:190} INFO - [2026-03-18T16:33:07.204+0000] {dagbag.py:588} INFO - Filling up the DagBag from /opt/airflow/dags/import_variable.py
[2026-03-18T16:33:07.231+0000] {processor.py:925} INFO - DAG(s) 'tasklar' retrieved from /opt/airflow/dags/import_variable.py
[2026-03-18T16:33:07.276+0000] {logging_mixin.py:190} INFO - [2026-03-18T16:33:07.275+0000] {dag.py:3239} INFO - Sync 1 DAGs
[2026-03-18T16:33:07.334+0000] {logging_mixin.py:190} INFO - [2026-03-18T16:33:07.334+0000] {dag.py:4180} INFO - Setting next_dagrun for tasklar to 2026-03-16 23:30:00+00:00, run_after=2026-03-17 23:30:00+00:00
[2026-03-18T16:33:07.369+0000] {processor.py:208} INFO - Processing /opt/airflow/dags/import_variable.py took 0.182 seconds
[2026-03-18T16:33:37.975+0000] {processor.py:186} INFO - Started process (PID=2501) to work on /opt/airflow/dags/import_variable.py
[2026-03-18T16:33:37.976+0000] {processor.py:914} INFO - Processing file /opt/airflow/dags/import_variable.py for tasks to queue
[2026-03-18T16:33:37.980+0000] {logging_mixin.py:190} INFO - [2026-03-18T16:33:37.979+0000] {dagbag.py:588} INFO - Filling up the DagBag from /opt/airflow/dags/import_variable.py
[2026-03-18T16:33:37.996+0000] {processor.py:925} INFO - DAG(s) 'tasklar' retrieved from /opt/airflow/dags/import_variable.py
[2026-03-18T16:33:38.032+0000] {logging_mixin.py:190} INFO - [2026-03-18T16:33:38.031+0000] {dag.py:3239} INFO - Sync 1 DAGs
[2026-03-18T16:33:38.071+0000] {logging_mixin.py:190} INFO - [2026-03-18T16:33:38.070+0000] {dag.py:4180} INFO - Setting next_dagrun for tasklar to 2026-03-16 23:30:00+00:00, run_after=2026-03-17 23:30:00+00:00
[2026-03-18T16:33:38.102+0000] {processor.py:208} INFO - Processing /opt/airflow/dags/import_variable.py took 0.135 seconds
[2026-03-18T16:34:08.712+0000] {processor.py:186} INFO - Started process (PID=2536) to work on /opt/airflow/dags/import_variable.py
[2026-03-18T16:34:08.714+0000] {processor.py:914} INFO - Processing file /opt/airflow/dags/import_variable.py for tasks to queue
[2026-03-18T16:34:08.718+0000] {logging_mixin.py:190} INFO - [2026-03-18T16:34:08.717+0000] {dagbag.py:588} INFO - Filling up the DagBag from /opt/airflow/dags/import_variable.py
[2026-03-18T16:34:08.734+0000] {processor.py:925} INFO - DAG(s) 'tasklar' retrieved from /opt/airflow/dags/import_variable.py
[2026-03-18T16:34:08.776+0000] {logging_mixin.py:190} INFO - [2026-03-18T16:34:08.776+0000] {dag.py:3239} INFO - Sync 1 DAGs
[2026-03-18T16:34:08.827+0000] {logging_mixin.py:190} INFO - [2026-03-18T16:34:08.827+0000] {dag.py:4180} INFO - Setting next_dagrun for tasklar to 2026-03-16 23:30:00+00:00, run_after=2026-03-17 23:30:00+00:00
[2026-03-18T16:34:08.856+0000] {processor.py:208} INFO - Processing /opt/airflow/dags/import_variable.py took 0.153 seconds
[2026-03-18T16:34:39.492+0000] {processor.py:186} INFO - Started process (PID=2572) to work on /opt/airflow/dags/import_variable.py
[2026-03-18T16:34:39.494+0000] {processor.py:914} INFO - Processing file /opt/airflow/dags/import_variable.py for tasks to queue
[2026-03-18T16:34:39.497+0000] {logging_mixin.py:190} INFO - [2026-03-18T16:34:39.497+0000] {dagbag.py:588} INFO - Filling up the DagBag from /opt/airflow/dags/import_variable.py
[2026-03-18T16:34:39.516+0000] {processor.py:925} INFO - DAG(s) 'tasklar' retrieved from /opt/airflow/dags/import_variable.py
[2026-03-18T16:34:39.553+0000] {logging_mixin.py:190} INFO - [2026-03-18T16:34:39.552+0000] {dag.py:3239} INFO - Sync 1 DAGs
[2026-03-18T16:34:39.589+0000] {logging_mixin.py:190} INFO - [2026-03-18T16:34:39.589+0000] {dag.py:4180} INFO - Setting next_dagrun for tasklar to 2026-03-16 23:30:00+00:00, run_after=2026-03-17 23:30:00+00:00
[2026-03-18T16:34:39.614+0000] {processor.py:208} INFO - Processing /opt/airflow/dags/import_variable.py took 0.130 seconds
[2026-03-18T16:35:10.243+0000] {processor.py:186} INFO - Started process (PID=2610) to work on /opt/airflow/dags/import_variable.py
[2026-03-18T16:35:10.245+0000] {processor.py:914} INFO - Processing file /opt/airflow/dags/import_variable.py for tasks to queue
[2026-03-18T16:35:10.248+0000] {logging_mixin.py:190} INFO - [2026-03-18T16:35:10.248+0000] {dagbag.py:588} INFO - Filling up the DagBag from /opt/airflow/dags/import_variable.py
[2026-03-18T16:35:10.272+0000] {processor.py:925} INFO - DAG(s) 'tasklar' retrieved from /opt/airflow/dags/import_variable.py
[2026-03-18T16:35:10.316+0000] {logging_mixin.py:190} INFO - [2026-03-18T16:35:10.316+0000] {dag.py:3239} INFO - Sync 1 DAGs
[2026-03-18T16:35:10.368+0000] {logging_mixin.py:190} INFO - [2026-03-18T16:35:10.367+0000] {dag.py:4180} INFO - Setting next_dagrun for tasklar to 2026-03-16 23:30:00+00:00, run_after=2026-03-17 23:30:00+00:00
[2026-03-18T16:35:10.410+0000] {processor.py:208} INFO - Processing /opt/airflow/dags/import_variable.py took 0.177 seconds
[2026-03-18T16:35:41.048+0000] {processor.py:186} INFO - Started process (PID=2644) to work on /opt/airflow/dags/import_variable.py
[2026-03-18T16:35:41.049+0000] {processor.py:914} INFO - Processing file /opt/airflow/dags/import_variable.py for tasks to queue
[2026-03-18T16:35:41.053+0000] {logging_mixin.py:190} INFO - [2026-03-18T16:35:41.052+0000] {dagbag.py:588} INFO - Filling up the DagBag from /opt/airflow/dags/import_variable.py
[2026-03-18T16:35:41.076+0000] {processor.py:925} INFO - DAG(s) 'tasklar' retrieved from /opt/airflow/dags/import_variable.py
[2026-03-18T16:35:41.115+0000] {logging_mixin.py:190} INFO - [2026-03-18T16:35:41.114+0000] {dag.py:3239} INFO - Sync 1 DAGs
[2026-03-18T16:35:41.161+0000] {logging_mixin.py:190} INFO - [2026-03-18T16:35:41.161+0000] {dag.py:4180} INFO - Setting next_dagrun for tasklar to 2026-03-16 23:30:00+00:00, run_after=2026-03-17 23:30:00+00:00
[2026-03-18T16:35:41.192+0000] {processor.py:208} INFO - Processing /opt/airflow/dags/import_variable.py took 0.157 seconds
[2026-03-18T16:36:11.816+0000] {processor.py:186} INFO - Started process (PID=2680) to work on /opt/airflow/dags/import_variable.py
[2026-03-18T16:36:11.818+0000] {processor.py:914} INFO - Processing file /opt/airflow/dags/import_variable.py for tasks to queue
[2026-03-18T16:36:11.823+0000] {logging_mixin.py:190} INFO - [2026-03-18T16:36:11.822+0000] {dagbag.py:588} INFO - Filling up the DagBag from /opt/airflow/dags/import_variable.py
[2026-03-18T16:36:11.846+0000] {processor.py:925} INFO - DAG(s) 'tasklar' retrieved from /opt/airflow/dags/import_variable.py
[2026-03-18T16:36:11.885+0000] {logging_mixin.py:190} INFO - [2026-03-18T16:36:11.885+0000] {dag.py:3239} INFO - Sync 1 DAGs
[2026-03-18T16:36:11.933+0000] {logging_mixin.py:190} INFO - [2026-03-18T16:36:11.933+0000] {dag.py:4180} INFO - Setting next_dagrun for tasklar to 2026-03-16 23:30:00+00:00, run_after=2026-03-17 23:30:00+00:00
[2026-03-18T16:36:11.968+0000] {processor.py:208} INFO - Processing /opt/airflow/dags/import_variable.py took 0.162 seconds
[2026-03-18T16:36:42.582+0000] {processor.py:186} INFO - Started process (PID=2716) to work on /opt/airflow/dags/import_variable.py
[2026-03-18T16:36:42.583+0000] {processor.py:914} INFO - Processing file /opt/airflow/dags/import_variable.py for tasks to queue
[2026-03-18T16:36:42.586+0000] {logging_mixin.py:190} INFO - [2026-03-18T16:36:42.586+0000] {dagbag.py:588} INFO - Filling up the DagBag from /opt/airflow/dags/import_variable.py
[2026-03-18T16:36:42.602+0000] {processor.py:925} INFO - DAG(s) 'tasklar' retrieved from /opt/airflow/dags/import_variable.py
[2026-03-18T16:36:42.632+0000] {logging_mixin.py:190} INFO - [2026-03-18T16:36:42.632+0000] {dag.py:3239} INFO - Sync 1 DAGs
[2026-03-18T16:36:42.672+0000] {logging_mixin.py:190} INFO - [2026-03-18T16:36:42.671+0000] {dag.py:4180} INFO - Setting next_dagrun for tasklar to 2026-03-16 23:30:00+00:00, run_after=2026-03-17 23:30:00+00:00
[2026-03-18T16:36:42.697+0000] {processor.py:208} INFO - Processing /opt/airflow/dags/import_variable.py took 0.122 seconds
[2026-03-18T16:37:13.320+0000] {processor.py:186} INFO - Started process (PID=2752) to work on /opt/airflow/dags/import_variable.py
[2026-03-18T16:37:13.322+0000] {processor.py:914} INFO - Processing file /opt/airflow/dags/import_variable.py for tasks to queue
[2026-03-18T16:37:13.325+0000] {logging_mixin.py:190} INFO - [2026-03-18T16:37:13.324+0000] {dagbag.py:588} INFO - Filling up the DagBag from /opt/airflow/dags/import_variable.py
[2026-03-18T16:37:13.340+0000] {processor.py:925} INFO - DAG(s) 'tasklar' retrieved from /opt/airflow/dags/import_variable.py
[2026-03-18T16:37:13.378+0000] {logging_mixin.py:190} INFO - [2026-03-18T16:37:13.378+0000] {dag.py:3239} INFO - Sync 1 DAGs
[2026-03-18T16:37:13.417+0000] {logging_mixin.py:190} INFO - [2026-03-18T16:37:13.417+0000] {dag.py:4180} INFO - Setting next_dagrun for tasklar to 2026-03-16 23:30:00+00:00, run_after=2026-03-17 23:30:00+00:00
[2026-03-18T16:37:13.445+0000] {processor.py:208} INFO - Processing /opt/airflow/dags/import_variable.py took 0.132 seconds
[2026-03-18T16:37:44.056+0000] {processor.py:186} INFO - Started process (PID=2790) to work on /opt/airflow/dags/import_variable.py
[2026-03-18T16:37:44.058+0000] {processor.py:914} INFO - Processing file /opt/airflow/dags/import_variable.py for tasks to queue
[2026-03-18T16:37:44.062+0000] {logging_mixin.py:190} INFO - [2026-03-18T16:37:44.061+0000] {dagbag.py:588} INFO - Filling up the DagBag from /opt/airflow/dags/import_variable.py
[2026-03-18T16:37:44.083+0000] {processor.py:925} INFO - DAG(s) 'tasklar' retrieved from /opt/airflow/dags/import_variable.py
[2026-03-18T16:37:44.124+0000] {logging_mixin.py:190} INFO - [2026-03-18T16:37:44.123+0000] {dag.py:3239} INFO - Sync 1 DAGs
[2026-03-18T16:37:44.175+0000] {logging_mixin.py:190} INFO - [2026-03-18T16:37:44.174+0000] {dag.py:4180} INFO - Setting next_dagrun for tasklar to 2026-03-16 23:30:00+00:00, run_after=2026-03-17 23:30:00+00:00
[2026-03-18T16:37:44.209+0000] {processor.py:208} INFO - Processing /opt/airflow/dags/import_variable.py took 0.165 seconds
[2026-03-18T16:38:14.859+0000] {processor.py:186} INFO - Started process (PID=2824) to work on /opt/airflow/dags/import_variable.py
[2026-03-18T16:38:14.861+0000] {processor.py:914} INFO - Processing file /opt/airflow/dags/import_variable.py for tasks to queue
[2026-03-18T16:38:14.864+0000] {logging_mixin.py:190} INFO - [2026-03-18T16:38:14.864+0000] {dagbag.py:588} INFO - Filling up the DagBag from /opt/airflow/dags/import_variable.py
[2026-03-18T16:38:14.885+0000] {processor.py:925} INFO - DAG(s) 'tasklar' retrieved from /opt/airflow/dags/import_variable.py
[2026-03-18T16:38:14.921+0000] {logging_mixin.py:190} INFO - [2026-03-18T16:38:14.921+0000] {dag.py:3239} INFO - Sync 1 DAGs
[2026-03-18T16:38:14.958+0000] {logging_mixin.py:190} INFO - [2026-03-18T16:38:14.958+0000] {dag.py:4180} INFO - Setting next_dagrun for tasklar to 2026-03-16 23:30:00+00:00, run_after=2026-03-17 23:30:00+00:00
[2026-03-18T16:38:14.986+0000] {processor.py:208} INFO - Processing /opt/airflow/dags/import_variable.py took 0.138 seconds
[2026-03-18T16:38:45.554+0000] {processor.py:186} INFO - Started process (PID=2862) to work on /opt/airflow/dags/import_variable.py
[2026-03-18T16:38:45.555+0000] {processor.py:914} INFO - Processing file /opt/airflow/dags/import_variable.py for tasks to queue
[2026-03-18T16:38:45.558+0000] {logging_mixin.py:190} INFO - [2026-03-18T16:38:45.557+0000] {dagbag.py:588} INFO - Filling up the DagBag from /opt/airflow/dags/import_variable.py
[2026-03-18T16:38:45.571+0000] {processor.py:925} INFO - DAG(s) 'tasklar' retrieved from /opt/airflow/dags/import_variable.py
[2026-03-18T16:38:45.605+0000] {logging_mixin.py:190} INFO - [2026-03-18T16:38:45.604+0000] {dag.py:3239} INFO - Sync 1 DAGs
[2026-03-18T16:38:45.637+0000] {logging_mixin.py:190} INFO - [2026-03-18T16:38:45.636+0000] {dag.py:4180} INFO - Setting next_dagrun for tasklar to 2026-03-16 23:30:00+00:00, run_after=2026-03-17 23:30:00+00:00
[2026-03-18T16:38:45.660+0000] {processor.py:208} INFO - Processing /opt/airflow/dags/import_variable.py took 0.112 seconds
[2026-03-18T16:39:16.288+0000] {processor.py:186} INFO - Started process (PID=2896) to work on /opt/airflow/dags/import_variable.py
[2026-03-18T16:39:16.289+0000] {processor.py:914} INFO - Processing file /opt/airflow/dags/import_variable.py for tasks to queue
[2026-03-18T16:39:16.292+0000] {logging_mixin.py:190} INFO - [2026-03-18T16:39:16.291+0000] {dagbag.py:588} INFO - Filling up the DagBag from /opt/airflow/dags/import_variable.py
[2026-03-18T16:39:16.308+0000] {processor.py:925} INFO - DAG(s) 'tasklar' retrieved from /opt/airflow/dags/import_variable.py
[2026-03-18T16:39:16.346+0000] {logging_mixin.py:190} INFO - [2026-03-18T16:39:16.346+0000] {dag.py:3239} INFO - Sync 1 DAGs
[2026-03-18T16:39:16.386+0000] {logging_mixin.py:190} INFO - [2026-03-18T16:39:16.386+0000] {dag.py:4180} INFO - Setting next_dagrun for tasklar to 2026-03-16 23:30:00+00:00, run_after=2026-03-17 23:30:00+00:00
[2026-03-18T16:39:16.413+0000] {processor.py:208} INFO - Processing /opt/airflow/dags/import_variable.py took 0.134 seconds
[2026-03-18T16:39:46.996+0000] {processor.py:186} INFO - Started process (PID=2934) to work on /opt/airflow/dags/import_variable.py
[2026-03-18T16:39:46.997+0000] {processor.py:914} INFO - Processing file /opt/airflow/dags/import_variable.py for tasks to queue
[2026-03-18T16:39:46.999+0000] {logging_mixin.py:190} INFO - [2026-03-18T16:39:46.999+0000] {dagbag.py:588} INFO - Filling up the DagBag from /opt/airflow/dags/import_variable.py
[2026-03-18T16:39:47.013+0000] {processor.py:925} INFO - DAG(s) 'tasklar' retrieved from /opt/airflow/dags/import_variable.py
[2026-03-18T16:39:47.045+0000] {logging_mixin.py:190} INFO - [2026-03-18T16:39:47.045+0000] {dag.py:3239} INFO - Sync 1 DAGs
[2026-03-18T16:39:47.075+0000] {logging_mixin.py:190} INFO - [2026-03-18T16:39:47.075+0000] {dag.py:4180} INFO - Setting next_dagrun for tasklar to 2026-03-16 23:30:00+00:00, run_after=2026-03-17 23:30:00+00:00
[2026-03-18T16:39:47.097+0000] {processor.py:208} INFO - Processing /opt/airflow/dags/import_variable.py took 0.108 seconds
[2026-03-18T16:40:17.687+0000] {processor.py:186} INFO - Started process (PID=2970) to work on /opt/airflow/dags/import_variable.py
[2026-03-18T16:40:17.688+0000] {processor.py:914} INFO - Processing file /opt/airflow/dags/import_variable.py for tasks to queue
[2026-03-18T16:40:17.692+0000] {logging_mixin.py:190} INFO - [2026-03-18T16:40:17.691+0000] {dagbag.py:588} INFO - Filling up the DagBag from /opt/airflow/dags/import_variable.py
[2026-03-18T16:40:17.708+0000] {processor.py:925} INFO - DAG(s) 'tasklar' retrieved from /opt/airflow/dags/import_variable.py
[2026-03-18T16:40:17.741+0000] {logging_mixin.py:190} INFO - [2026-03-18T16:40:17.740+0000] {dag.py:3239} INFO - Sync 1 DAGs
[2026-03-18T16:40:17.775+0000] {logging_mixin.py:190} INFO - [2026-03-18T16:40:17.775+0000] {dag.py:4180} INFO - Setting next_dagrun for tasklar to 2026-03-16 23:30:00+00:00, run_after=2026-03-17 23:30:00+00:00
[2026-03-18T16:40:17.804+0000] {processor.py:208} INFO - Processing /opt/airflow/dags/import_variable.py took 0.125 seconds
[2026-03-18T16:40:48.391+0000] {processor.py:186} INFO - Started process (PID=3006) to work on /opt/airflow/dags/import_variable.py
[2026-03-18T16:40:48.392+0000] {processor.py:914} INFO - Processing file /opt/airflow/dags/import_variable.py for tasks to queue
[2026-03-18T16:40:48.395+0000] {logging_mixin.py:190} INFO - [2026-03-18T16:40:48.394+0000] {dagbag.py:588} INFO - Filling up the DagBag from /opt/airflow/dags/import_variable.py
[2026-03-18T16:40:48.409+0000] {processor.py:925} INFO - DAG(s) 'tasklar' retrieved from /opt/airflow/dags/import_variable.py
[2026-03-18T16:40:48.439+0000] {logging_mixin.py:190} INFO - [2026-03-18T16:40:48.439+0000] {dag.py:3239} INFO - Sync 1 DAGs
[2026-03-18T16:40:48.469+0000] {logging_mixin.py:190} INFO - [2026-03-18T16:40:48.469+0000] {dag.py:4180} INFO - Setting next_dagrun for tasklar to 2026-03-16 23:30:00+00:00, run_after=2026-03-17 23:30:00+00:00
[2026-03-18T16:40:48.492+0000] {processor.py:208} INFO - Processing /opt/airflow/dags/import_variable.py took 0.108 seconds
[2026-03-18T16:41:19.128+0000] {processor.py:186} INFO - Started process (PID=3040) to work on /opt/airflow/dags/import_variable.py
[2026-03-18T16:41:19.129+0000] {processor.py:914} INFO - Processing file /opt/airflow/dags/import_variable.py for tasks to queue
[2026-03-18T16:41:19.133+0000] {logging_mixin.py:190} INFO - [2026-03-18T16:41:19.133+0000] {dagbag.py:588} INFO - Filling up the DagBag from /opt/airflow/dags/import_variable.py
[2026-03-18T16:41:19.151+0000] {processor.py:925} INFO - DAG(s) 'tasklar' retrieved from /opt/airflow/dags/import_variable.py
[2026-03-18T16:41:19.192+0000] {logging_mixin.py:190} INFO - [2026-03-18T16:41:19.191+0000] {dag.py:3239} INFO - Sync 1 DAGs
[2026-03-18T16:41:19.236+0000] {logging_mixin.py:190} INFO - [2026-03-18T16:41:19.236+0000] {dag.py:4180} INFO - Setting next_dagrun for tasklar to 2026-03-16 23:30:00+00:00, run_after=2026-03-17 23:30:00+00:00
[2026-03-18T16:41:19.268+0000] {processor.py:208} INFO - Processing /opt/airflow/dags/import_variable.py took 0.149 seconds
[2026-03-18T16:41:49.866+0000] {processor.py:186} INFO - Started process (PID=3078) to work on /opt/airflow/dags/import_variable.py
[2026-03-18T16:41:49.867+0000] {processor.py:914} INFO - Processing file /opt/airflow/dags/import_variable.py for tasks to queue
[2026-03-18T16:41:49.869+0000] {logging_mixin.py:190} INFO - [2026-03-18T16:41:49.869+0000] {dagbag.py:588} INFO - Filling up the DagBag from /opt/airflow/dags/import_variable.py
[2026-03-18T16:41:49.883+0000] {processor.py:925} INFO - DAG(s) 'tasklar' retrieved from /opt/airflow/dags/import_variable.py
[2026-03-18T16:41:49.919+0000] {logging_mixin.py:190} INFO - [2026-03-18T16:41:49.918+0000] {dag.py:3239} INFO - Sync 1 DAGs
[2026-03-18T16:41:49.955+0000] {logging_mixin.py:190} INFO - [2026-03-18T16:41:49.955+0000] {dag.py:4180} INFO - Setting next_dagrun for tasklar to 2026-03-16 23:30:00+00:00, run_after=2026-03-17 23:30:00+00:00
[2026-03-18T16:41:49.979+0000] {processor.py:208} INFO - Processing /opt/airflow/dags/import_variable.py took 0.121 seconds
[2026-03-18T16:42:20.582+0000] {processor.py:186} INFO - Started process (PID=3114) to work on /opt/airflow/dags/import_variable.py
[2026-03-18T16:42:20.583+0000] {processor.py:914} INFO - Processing file /opt/airflow/dags/import_variable.py for tasks to queue
[2026-03-18T16:42:20.586+0000] {logging_mixin.py:190} INFO - [2026-03-18T16:42:20.586+0000] {dagbag.py:588} INFO - Filling up the DagBag from /opt/airflow/dags/import_variable.py
[2026-03-18T16:42:20.603+0000] {processor.py:925} INFO - DAG(s) 'tasklar' retrieved from /opt/airflow/dags/import_variable.py
[2026-03-18T16:42:20.639+0000] {logging_mixin.py:190} INFO - [2026-03-18T16:42:20.639+0000] {dag.py:3239} INFO - Sync 1 DAGs
[2026-03-18T16:42:20.674+0000] {logging_mixin.py:190} INFO - [2026-03-18T16:42:20.673+0000] {dag.py:4180} INFO - Setting next_dagrun for tasklar to 2026-03-16 23:30:00+00:00, run_after=2026-03-17 23:30:00+00:00
[2026-03-18T16:42:20.702+0000] {processor.py:208} INFO - Processing /opt/airflow/dags/import_variable.py took 0.127 seconds
[2026-03-18T16:42:51.220+0000] {processor.py:186} INFO - Started process (PID=3148) to work on /opt/airflow/dags/import_variable.py
[2026-03-18T16:42:51.221+0000] {processor.py:914} INFO - Processing file /opt/airflow/dags/import_variable.py for tasks to queue
[2026-03-18T16:42:51.225+0000] {logging_mixin.py:190} INFO - [2026-03-18T16:42:51.224+0000] {dagbag.py:588} INFO - Filling up the DagBag from /opt/airflow/dags/import_variable.py
[2026-03-18T16:42:51.248+0000] {processor.py:925} INFO - DAG(s) 'tasklar' retrieved from /opt/airflow/dags/import_variable.py
[2026-03-18T16:42:51.288+0000] {logging_mixin.py:190} INFO - [2026-03-18T16:42:51.287+0000] {dag.py:3239} INFO - Sync 1 DAGs
[2026-03-18T16:42:51.329+0000] {logging_mixin.py:190} INFO - [2026-03-18T16:42:51.329+0000] {dag.py:4180} INFO - Setting next_dagrun for tasklar to 2026-03-16 23:30:00+00:00, run_after=2026-03-17 23:30:00+00:00
[2026-03-18T16:42:51.358+0000] {processor.py:208} INFO - Processing /opt/airflow/dags/import_variable.py took 0.151 seconds
[2026-03-18T16:43:21.959+0000] {processor.py:186} INFO - Started process (PID=3185) to work on /opt/airflow/dags/import_variable.py
[2026-03-18T16:43:21.960+0000] {processor.py:914} INFO - Processing file /opt/airflow/dags/import_variable.py for tasks to queue
[2026-03-18T16:43:21.964+0000] {logging_mixin.py:190} INFO - [2026-03-18T16:43:21.963+0000] {dagbag.py:588} INFO - Filling up the DagBag from /opt/airflow/dags/import_variable.py
[2026-03-18T16:43:21.982+0000] {processor.py:925} INFO - DAG(s) 'tasklar' retrieved from /opt/airflow/dags/import_variable.py
[2026-03-18T16:43:22.018+0000] {logging_mixin.py:190} INFO - [2026-03-18T16:43:22.017+0000] {dag.py:3239} INFO - Sync 1 DAGs
[2026-03-18T16:43:22.059+0000] {logging_mixin.py:190} INFO - [2026-03-18T16:43:22.059+0000] {dag.py:4180} INFO - Setting next_dagrun for tasklar to 2026-03-16 23:30:00+00:00, run_after=2026-03-17 23:30:00+00:00
[2026-03-18T16:43:22.087+0000] {processor.py:208} INFO - Processing /opt/airflow/dags/import_variable.py took 0.136 seconds
[2026-03-18T16:43:52.659+0000] {processor.py:186} INFO - Started process (PID=3223) to work on /opt/airflow/dags/import_variable.py
[2026-03-18T16:43:52.660+0000] {processor.py:914} INFO - Processing file /opt/airflow/dags/import_variable.py for tasks to queue
[2026-03-18T16:43:52.663+0000] {logging_mixin.py:190} INFO - [2026-03-18T16:43:52.663+0000] {dagbag.py:588} INFO - Filling up the DagBag from /opt/airflow/dags/import_variable.py
[2026-03-18T16:43:52.677+0000] {processor.py:925} INFO - DAG(s) 'tasklar' retrieved from /opt/airflow/dags/import_variable.py
[2026-03-18T16:43:52.706+0000] {logging_mixin.py:190} INFO - [2026-03-18T16:43:52.706+0000] {dag.py:3239} INFO - Sync 1 DAGs
[2026-03-18T16:43:52.736+0000] {logging_mixin.py:190} INFO - [2026-03-18T16:43:52.736+0000] {dag.py:4180} INFO - Setting next_dagrun for tasklar to 2026-03-16 23:30:00+00:00, run_after=2026-03-17 23:30:00+00:00
[2026-03-18T16:43:52.756+0000] {processor.py:208} INFO - Processing /opt/airflow/dags/import_variable.py took 0.104 seconds
[2026-03-18T16:44:23.338+0000] {processor.py:186} INFO - Started process (PID=3259) to work on /opt/airflow/dags/import_variable.py
[2026-03-18T16:44:23.339+0000] {processor.py:914} INFO - Processing file /opt/airflow/dags/import_variable.py for tasks to queue
[2026-03-18T16:44:23.341+0000] {logging_mixin.py:190} INFO - [2026-03-18T16:44:23.341+0000] {dagbag.py:588} INFO - Filling up the DagBag from /opt/airflow/dags/import_variable.py
[2026-03-18T16:44:23.354+0000] {processor.py:925} INFO - DAG(s) 'tasklar' retrieved from /opt/airflow/dags/import_variable.py
[2026-03-18T16:44:23.383+0000] {logging_mixin.py:190} INFO - [2026-03-18T16:44:23.383+0000] {dag.py:3239} INFO - Sync 1 DAGs
[2026-03-18T16:44:23.411+0000] {logging_mixin.py:190} INFO - [2026-03-18T16:44:23.411+0000] {dag.py:4180} INFO - Setting next_dagrun for tasklar to 2026-03-16 23:30:00+00:00, run_after=2026-03-17 23:30:00+00:00
[2026-03-18T16:44:23.434+0000] {processor.py:208} INFO - Processing /opt/airflow/dags/import_variable.py took 0.103 seconds
[2026-03-18T16:44:54.033+0000] {processor.py:186} INFO - Started process (PID=3293) to work on /opt/airflow/dags/import_variable.py
[2026-03-18T16:44:54.034+0000] {processor.py:914} INFO - Processing file /opt/airflow/dags/import_variable.py for tasks to queue
[2026-03-18T16:44:54.037+0000] {logging_mixin.py:190} INFO - [2026-03-18T16:44:54.037+0000] {dagbag.py:588} INFO - Filling up the DagBag from /opt/airflow/dags/import_variable.py
[2026-03-18T16:44:54.055+0000] {processor.py:925} INFO - DAG(s) 'tasklar' retrieved from /opt/airflow/dags/import_variable.py
[2026-03-18T16:44:54.087+0000] {logging_mixin.py:190} INFO - [2026-03-18T16:44:54.087+0000] {dag.py:3239} INFO - Sync 1 DAGs
[2026-03-18T16:44:54.123+0000] {logging_mixin.py:190} INFO - [2026-03-18T16:44:54.123+0000] {dag.py:4180} INFO - Setting next_dagrun for tasklar to 2026-03-16 23:30:00+00:00, run_after=2026-03-17 23:30:00+00:00
[2026-03-18T16:44:54.147+0000] {processor.py:208} INFO - Processing /opt/airflow/dags/import_variable.py took 0.122 seconds
[2026-03-18T16:45:24.715+0000] {processor.py:186} INFO - Started process (PID=3331) to work on /opt/airflow/dags/import_variable.py
[2026-03-18T16:45:24.716+0000] {processor.py:914} INFO - Processing file /opt/airflow/dags/import_variable.py for tasks to queue
[2026-03-18T16:45:24.719+0000] {logging_mixin.py:190} INFO - [2026-03-18T16:45:24.718+0000] {dagbag.py:588} INFO - Filling up the DagBag from /opt/airflow/dags/import_variable.py
[2026-03-18T16:45:24.731+0000] {processor.py:925} INFO - DAG(s) 'tasklar' retrieved from /opt/airflow/dags/import_variable.py
[2026-03-18T16:45:24.764+0000] {logging_mixin.py:190} INFO - [2026-03-18T16:45:24.763+0000] {dag.py:3239} INFO - Sync 1 DAGs
[2026-03-18T16:45:24.793+0000] {logging_mixin.py:190} INFO - [2026-03-18T16:45:24.793+0000] {dag.py:4180} INFO - Setting next_dagrun for tasklar to 2026-03-16 23:30:00+00:00, run_after=2026-03-17 23:30:00+00:00
[2026-03-18T16:45:24.815+0000] {processor.py:208} INFO - Processing /opt/airflow/dags/import_variable.py took 0.110 seconds
[2026-03-18T16:45:55.394+0000] {processor.py:186} INFO - Started process (PID=3365) to work on /opt/airflow/dags/import_variable.py
[2026-03-18T16:45:55.395+0000] {processor.py:914} INFO - Processing file /opt/airflow/dags/import_variable.py for tasks to queue
[2026-03-18T16:45:55.399+0000] {logging_mixin.py:190} INFO - [2026-03-18T16:45:55.398+0000] {dagbag.py:588} INFO - Filling up the DagBag from /opt/airflow/dags/import_variable.py
[2026-03-18T16:45:55.415+0000] {processor.py:925} INFO - DAG(s) 'tasklar' retrieved from /opt/airflow/dags/import_variable.py
[2026-03-18T16:45:55.445+0000] {logging_mixin.py:190} INFO - [2026-03-18T16:45:55.445+0000] {dag.py:3239} INFO - Sync 1 DAGs
[2026-03-18T16:45:55.480+0000] {logging_mixin.py:190} INFO - [2026-03-18T16:45:55.480+0000] {dag.py:4180} INFO - Setting next_dagrun for tasklar to 2026-03-16 23:30:00+00:00, run_after=2026-03-17 23:30:00+00:00
[2026-03-18T16:45:55.507+0000] {processor.py:208} INFO - Processing /opt/airflow/dags/import_variable.py took 0.121 seconds
[2026-03-18T16:46:26.089+0000] {processor.py:186} INFO - Started process (PID=3401) to work on /opt/airflow/dags/import_variable.py
[2026-03-18T16:46:26.090+0000] {processor.py:914} INFO - Processing file /opt/airflow/dags/import_variable.py for tasks to queue
[2026-03-18T16:46:26.093+0000] {logging_mixin.py:190} INFO - [2026-03-18T16:46:26.093+0000] {dagbag.py:588} INFO - Filling up the DagBag from /opt/airflow/dags/import_variable.py
[2026-03-18T16:46:26.108+0000] {processor.py:925} INFO - DAG(s) 'tasklar' retrieved from /opt/airflow/dags/import_variable.py
[2026-03-18T16:46:26.141+0000] {logging_mixin.py:190} INFO - [2026-03-18T16:46:26.140+0000] {dag.py:3239} INFO - Sync 1 DAGs
[2026-03-18T16:46:26.178+0000] {logging_mixin.py:190} INFO - [2026-03-18T16:46:26.177+0000] {dag.py:4180} INFO - Setting next_dagrun for tasklar to 2026-03-16 23:30:00+00:00, run_after=2026-03-17 23:30:00+00:00
[2026-03-18T16:46:26.203+0000] {processor.py:208} INFO - Processing /opt/airflow/dags/import_variable.py took 0.125 seconds
[2026-03-18T16:46:56.779+0000] {processor.py:186} INFO - Started process (PID=3437) to work on /opt/airflow/dags/import_variable.py
[2026-03-18T16:46:56.781+0000] {processor.py:914} INFO - Processing file /opt/airflow/dags/import_variable.py for tasks to queue
[2026-03-18T16:46:56.784+0000] {logging_mixin.py:190} INFO - [2026-03-18T16:46:56.783+0000] {dagbag.py:588} INFO - Filling up the DagBag from /opt/airflow/dags/import_variable.py
[2026-03-18T16:46:56.801+0000] {processor.py:925} INFO - DAG(s) 'tasklar' retrieved from /opt/airflow/dags/import_variable.py
[2026-03-18T16:46:56.837+0000] {logging_mixin.py:190} INFO - [2026-03-18T16:46:56.837+0000] {dag.py:3239} INFO - Sync 1 DAGs
[2026-03-18T16:46:56.879+0000] {logging_mixin.py:190} INFO - [2026-03-18T16:46:56.879+0000] {dag.py:4180} INFO - Setting next_dagrun for tasklar to 2026-03-16 23:30:00+00:00, run_after=2026-03-17 23:30:00+00:00
[2026-03-18T16:46:56.908+0000] {processor.py:208} INFO - Processing /opt/airflow/dags/import_variable.py took 0.137 seconds
[2026-03-18T16:47:27.543+0000] {processor.py:186} INFO - Started process (PID=3473) to work on /opt/airflow/dags/import_variable.py
[2026-03-18T16:47:27.544+0000] {processor.py:914} INFO - Processing file /opt/airflow/dags/import_variable.py for tasks to queue
[2026-03-18T16:47:27.547+0000] {logging_mixin.py:190} INFO - [2026-03-18T16:47:27.547+0000] {dagbag.py:588} INFO - Filling up the DagBag from /opt/airflow/dags/import_variable.py
[2026-03-18T16:47:27.562+0000] {processor.py:925} INFO - DAG(s) 'tasklar' retrieved from /opt/airflow/dags/import_variable.py
[2026-03-18T16:47:27.595+0000] {logging_mixin.py:190} INFO - [2026-03-18T16:47:27.595+0000] {dag.py:3239} INFO - Sync 1 DAGs
[2026-03-18T16:47:27.630+0000] {logging_mixin.py:190} INFO - [2026-03-18T16:47:27.630+0000] {dag.py:4180} INFO - Setting next_dagrun for tasklar to 2026-03-16 23:30:00+00:00, run_after=2026-03-17 23:30:00+00:00
[2026-03-18T16:47:27.654+0000] {processor.py:208} INFO - Processing /opt/airflow/dags/import_variable.py took 0.118 seconds
[2026-03-18T16:47:58.260+0000] {processor.py:186} INFO - Started process (PID=3510) to work on /opt/airflow/dags/import_variable.py
[2026-03-18T16:47:58.261+0000] {processor.py:914} INFO - Processing file /opt/airflow/dags/import_variable.py for tasks to queue
[2026-03-18T16:47:58.264+0000] {logging_mixin.py:190} INFO - [2026-03-18T16:47:58.264+0000] {dagbag.py:588} INFO - Filling up the DagBag from /opt/airflow/dags/import_variable.py
[2026-03-18T16:47:58.279+0000] {processor.py:925} INFO - DAG(s) 'tasklar' retrieved from /opt/airflow/dags/import_variable.py
[2026-03-18T16:47:58.310+0000] {logging_mixin.py:190} INFO - [2026-03-18T16:47:58.310+0000] {dag.py:3239} INFO - Sync 1 DAGs
[2026-03-18T16:47:58.344+0000] {logging_mixin.py:190} INFO - [2026-03-18T16:47:58.344+0000] {dag.py:4180} INFO - Setting next_dagrun for tasklar to 2026-03-16 23:30:00+00:00, run_after=2026-03-17 23:30:00+00:00
[2026-03-18T16:47:58.370+0000] {processor.py:208} INFO - Processing /opt/airflow/dags/import_variable.py took 0.120 seconds
[2026-03-18T16:48:28.945+0000] {processor.py:186} INFO - Started process (PID=3548) to work on /opt/airflow/dags/import_variable.py
[2026-03-18T16:48:28.946+0000] {processor.py:914} INFO - Processing file /opt/airflow/dags/import_variable.py for tasks to queue
[2026-03-18T16:48:28.948+0000] {logging_mixin.py:190} INFO - [2026-03-18T16:48:28.948+0000] {dagbag.py:588} INFO - Filling up the DagBag from /opt/airflow/dags/import_variable.py
[2026-03-18T16:48:28.962+0000] {processor.py:925} INFO - DAG(s) 'tasklar' retrieved from /opt/airflow/dags/import_variable.py
[2026-03-18T16:48:28.991+0000] {logging_mixin.py:190} INFO - [2026-03-18T16:48:28.990+0000] {dag.py:3239} INFO - Sync 1 DAGs
[2026-03-18T16:48:29.020+0000] {logging_mixin.py:190} INFO - [2026-03-18T16:48:29.020+0000] {dag.py:4180} INFO - Setting next_dagrun for tasklar to 2026-03-16 23:30:00+00:00, run_after=2026-03-17 23:30:00+00:00
[2026-03-18T16:48:29.044+0000] {processor.py:208} INFO - Processing /opt/airflow/dags/import_variable.py took 0.105 seconds
[2026-03-18T16:48:59.646+0000] {processor.py:186} INFO - Started process (PID=3582) to work on /opt/airflow/dags/import_variable.py
[2026-03-18T16:48:59.647+0000] {processor.py:914} INFO - Processing file /opt/airflow/dags/import_variable.py for tasks to queue
[2026-03-18T16:48:59.650+0000] {logging_mixin.py:190} INFO - [2026-03-18T16:48:59.649+0000] {dagbag.py:588} INFO - Filling up the DagBag from /opt/airflow/dags/import_variable.py
[2026-03-18T16:48:59.668+0000] {processor.py:925} INFO - DAG(s) 'tasklar' retrieved from /opt/airflow/dags/import_variable.py
[2026-03-18T16:48:59.705+0000] {logging_mixin.py:190} INFO - [2026-03-18T16:48:59.704+0000] {dag.py:3239} INFO - Sync 1 DAGs
[2026-03-18T16:48:59.744+0000] {logging_mixin.py:190} INFO - [2026-03-18T16:48:59.744+0000] {dag.py:4180} INFO - Setting next_dagrun for tasklar to 2026-03-16 23:30:00+00:00, run_after=2026-03-17 23:30:00+00:00
[2026-03-18T16:48:59.771+0000] {processor.py:208} INFO - Processing /opt/airflow/dags/import_variable.py took 0.133 seconds
[2026-03-18T16:49:30.362+0000] {processor.py:186} INFO - Started process (PID=3624) to work on /opt/airflow/dags/import_variable.py
[2026-03-18T16:49:30.363+0000] {processor.py:914} INFO - Processing file /opt/airflow/dags/import_variable.py for tasks to queue
[2026-03-18T16:49:30.366+0000] {logging_mixin.py:190} INFO - [2026-03-18T16:49:30.365+0000] {dagbag.py:588} INFO - Filling up the DagBag from /opt/airflow/dags/import_variable.py
[2026-03-18T16:49:30.379+0000] {processor.py:925} INFO - DAG(s) 'tasklar' retrieved from /opt/airflow/dags/import_variable.py
[2026-03-18T16:49:30.412+0000] {logging_mixin.py:190} INFO - [2026-03-18T16:49:30.412+0000] {dag.py:3239} INFO - Sync 1 DAGs
[2026-03-18T16:49:30.449+0000] {logging_mixin.py:190} INFO - [2026-03-18T16:49:30.449+0000] {dag.py:4180} INFO - Setting next_dagrun for tasklar to 2026-03-16 23:30:00+00:00, run_after=2026-03-17 23:30:00+00:00
[2026-03-18T16:49:30.476+0000] {processor.py:208} INFO - Processing /opt/airflow/dags/import_variable.py took 0.120 seconds
[2026-03-18T16:50:01.025+0000] {processor.py:186} INFO - Started process (PID=3662) to work on /opt/airflow/dags/import_variable.py
[2026-03-18T16:50:01.026+0000] {processor.py:914} INFO - Processing file /opt/airflow/dags/import_variable.py for tasks to queue
[2026-03-18T16:50:01.028+0000] {logging_mixin.py:190} INFO - [2026-03-18T16:50:01.028+0000] {dagbag.py:588} INFO - Filling up the DagBag from /opt/airflow/dags/import_variable.py
[2026-03-18T16:50:01.045+0000] {processor.py:925} INFO - DAG(s) 'tasklar' retrieved from /opt/airflow/dags/import_variable.py
[2026-03-18T16:50:01.078+0000] {logging_mixin.py:190} INFO - [2026-03-18T16:50:01.078+0000] {dag.py:3239} INFO - Sync 1 DAGs
[2026-03-18T16:50:01.110+0000] {logging_mixin.py:190} INFO - [2026-03-18T16:50:01.110+0000] {dag.py:4180} INFO - Setting next_dagrun for tasklar to 2026-03-16 23:30:00+00:00, run_after=2026-03-17 23:30:00+00:00
[2026-03-18T16:50:01.134+0000] {processor.py:208} INFO - Processing /opt/airflow/dags/import_variable.py took 0.117 seconds
[2026-03-18T16:50:31.712+0000] {processor.py:186} INFO - Started process (PID=3696) to work on /opt/airflow/dags/import_variable.py
[2026-03-18T16:50:31.713+0000] {processor.py:914} INFO - Processing file /opt/airflow/dags/import_variable.py for tasks to queue
[2026-03-18T16:50:31.716+0000] {logging_mixin.py:190} INFO - [2026-03-18T16:50:31.716+0000] {dagbag.py:588} INFO - Filling up the DagBag from /opt/airflow/dags/import_variable.py
[2026-03-18T16:50:31.732+0000] {processor.py:925} INFO - DAG(s) 'tasklar' retrieved from /opt/airflow/dags/import_variable.py
[2026-03-18T16:50:31.762+0000] {logging_mixin.py:190} INFO - [2026-03-18T16:50:31.762+0000] {dag.py:3239} INFO - Sync 1 DAGs
[2026-03-18T16:50:31.796+0000] {logging_mixin.py:190} INFO - [2026-03-18T16:50:31.795+0000] {dag.py:4180} INFO - Setting next_dagrun for tasklar to 2026-03-16 23:30:00+00:00, run_after=2026-03-17 23:30:00+00:00
[2026-03-18T16:50:31.820+0000] {processor.py:208} INFO - Processing /opt/airflow/dags/import_variable.py took 0.117 seconds
[2026-03-18T16:51:02.403+0000] {processor.py:186} INFO - Started process (PID=3732) to work on /opt/airflow/dags/import_variable.py
[2026-03-18T16:51:02.404+0000] {processor.py:914} INFO - Processing file /opt/airflow/dags/import_variable.py for tasks to queue
[2026-03-18T16:51:02.407+0000] {logging_mixin.py:190} INFO - [2026-03-18T16:51:02.407+0000] {dagbag.py:588} INFO - Filling up the DagBag from /opt/airflow/dags/import_variable.py
[2026-03-18T16:51:02.421+0000] {processor.py:925} INFO - DAG(s) 'tasklar' retrieved from /opt/airflow/dags/import_variable.py
[2026-03-18T16:51:02.451+0000] {logging_mixin.py:190} INFO - [2026-03-18T16:51:02.450+0000] {dag.py:3239} INFO - Sync 1 DAGs
[2026-03-18T16:51:02.488+0000] {logging_mixin.py:190} INFO - [2026-03-18T16:51:02.488+0000] {dag.py:4180} INFO - Setting next_dagrun for tasklar to 2026-03-16 23:30:00+00:00, run_after=2026-03-17 23:30:00+00:00
[2026-03-18T16:51:02.516+0000] {processor.py:208} INFO - Processing /opt/airflow/dags/import_variable.py took 0.119 seconds
[2026-03-18T16:51:33.071+0000] {processor.py:186} INFO - Started process (PID=3770) to work on /opt/airflow/dags/import_variable.py
[2026-03-18T16:51:33.072+0000] {processor.py:914} INFO - Processing file /opt/airflow/dags/import_variable.py for tasks to queue
[2026-03-18T16:51:33.075+0000] {logging_mixin.py:190} INFO - [2026-03-18T16:51:33.074+0000] {dagbag.py:588} INFO - Filling up the DagBag from /opt/airflow/dags/import_variable.py
[2026-03-18T16:51:33.089+0000] {processor.py:925} INFO - DAG(s) 'tasklar' retrieved from /opt/airflow/dags/import_variable.py
[2026-03-18T16:51:33.120+0000] {logging_mixin.py:190} INFO - [2026-03-18T16:51:33.119+0000] {dag.py:3239} INFO - Sync 1 DAGs
[2026-03-18T16:51:33.152+0000] {logging_mixin.py:190} INFO - [2026-03-18T16:51:33.151+0000] {dag.py:4180} INFO - Setting next_dagrun for tasklar to 2026-03-16 23:30:00+00:00, run_after=2026-03-17 23:30:00+00:00
[2026-03-18T16:51:33.175+0000] {processor.py:208} INFO - Processing /opt/airflow/dags/import_variable.py took 0.111 seconds
[2026-03-18T16:52:03.672+0000] {processor.py:186} INFO - Started process (PID=3804) to work on /opt/airflow/dags/import_variable.py
[2026-03-18T16:52:03.673+0000] {processor.py:914} INFO - Processing file /opt/airflow/dags/import_variable.py for tasks to queue
[2026-03-18T16:52:03.677+0000] {logging_mixin.py:190} INFO - [2026-03-18T16:52:03.676+0000] {dagbag.py:588} INFO - Filling up the DagBag from /opt/airflow/dags/import_variable.py
[2026-03-18T16:52:03.696+0000] {processor.py:925} INFO - DAG(s) 'tasklar' retrieved from /opt/airflow/dags/import_variable.py
[2026-03-18T16:52:03.734+0000] {logging_mixin.py:190} INFO - [2026-03-18T16:52:03.734+0000] {dag.py:3239} INFO - Sync 1 DAGs
[2026-03-18T16:52:03.779+0000] {logging_mixin.py:190} INFO - [2026-03-18T16:52:03.778+0000] {dag.py:4180} INFO - Setting next_dagrun for tasklar to 2026-03-16 23:30:00+00:00, run_after=2026-03-17 23:30:00+00:00
[2026-03-18T16:52:03.807+0000] {processor.py:208} INFO - Processing /opt/airflow/dags/import_variable.py took 0.144 seconds
[2026-03-18T16:52:34.409+0000] {processor.py:186} INFO - Started process (PID=3843) to work on /opt/airflow/dags/import_variable.py
[2026-03-18T16:52:34.410+0000] {processor.py:914} INFO - Processing file /opt/airflow/dags/import_variable.py for tasks to queue
[2026-03-18T16:52:34.413+0000] {logging_mixin.py:190} INFO - [2026-03-18T16:52:34.413+0000] {dagbag.py:588} INFO - Filling up the DagBag from /opt/airflow/dags/import_variable.py
[2026-03-18T16:52:34.429+0000] {processor.py:925} INFO - DAG(s) 'tasklar' retrieved from /opt/airflow/dags/import_variable.py
[2026-03-18T16:52:34.462+0000] {logging_mixin.py:190} INFO - [2026-03-18T16:52:34.462+0000] {dag.py:3239} INFO - Sync 1 DAGs
[2026-03-18T16:52:34.499+0000] {logging_mixin.py:190} INFO - [2026-03-18T16:52:34.499+0000] {dag.py:4180} INFO - Setting next_dagrun for tasklar to 2026-03-16 23:30:00+00:00, run_after=2026-03-17 23:30:00+00:00
[2026-03-18T16:52:34.529+0000] {processor.py:208} INFO - Processing /opt/airflow/dags/import_variable.py took 0.131 seconds
[2026-03-18T16:53:05.119+0000] {processor.py:186} INFO - Started process (PID=3879) to work on /opt/airflow/dags/import_variable.py
[2026-03-18T16:53:05.120+0000] {processor.py:914} INFO - Processing file /opt/airflow/dags/import_variable.py for tasks to queue
[2026-03-18T16:53:05.122+0000] {logging_mixin.py:190} INFO - [2026-03-18T16:53:05.122+0000] {dagbag.py:588} INFO - Filling up the DagBag from /opt/airflow/dags/import_variable.py
[2026-03-18T16:53:05.139+0000] {processor.py:925} INFO - DAG(s) 'tasklar' retrieved from /opt/airflow/dags/import_variable.py
[2026-03-18T16:53:05.175+0000] {logging_mixin.py:190} INFO - [2026-03-18T16:53:05.175+0000] {dag.py:3239} INFO - Sync 1 DAGs
[2026-03-18T16:53:05.214+0000] {logging_mixin.py:190} INFO - [2026-03-18T16:53:05.214+0000] {dag.py:4180} INFO - Setting next_dagrun for tasklar to 2026-03-16 23:30:00+00:00, run_after=2026-03-17 23:30:00+00:00
[2026-03-18T16:53:05.249+0000] {processor.py:208} INFO - Processing /opt/airflow/dags/import_variable.py took 0.138 seconds
[2026-03-18T16:53:35.806+0000] {processor.py:186} INFO - Started process (PID=3915) to work on /opt/airflow/dags/import_variable.py
[2026-03-18T16:53:35.807+0000] {processor.py:914} INFO - Processing file /opt/airflow/dags/import_variable.py for tasks to queue
[2026-03-18T16:53:35.810+0000] {logging_mixin.py:190} INFO - [2026-03-18T16:53:35.809+0000] {dagbag.py:588} INFO - Filling up the DagBag from /opt/airflow/dags/import_variable.py
[2026-03-18T16:53:35.825+0000] {processor.py:925} INFO - DAG(s) 'tasklar' retrieved from /opt/airflow/dags/import_variable.py
[2026-03-18T16:53:35.856+0000] {logging_mixin.py:190} INFO - [2026-03-18T16:53:35.855+0000] {dag.py:3239} INFO - Sync 1 DAGs
[2026-03-18T16:53:35.893+0000] {logging_mixin.py:190} INFO - [2026-03-18T16:53:35.893+0000] {dag.py:4180} INFO - Setting next_dagrun for tasklar to 2026-03-16 23:30:00+00:00, run_after=2026-03-17 23:30:00+00:00
[2026-03-18T16:53:35.921+0000] {processor.py:208} INFO - Processing /opt/airflow/dags/import_variable.py took 0.128 seconds
[2026-03-18T16:54:06.510+0000] {processor.py:186} INFO - Started process (PID=3949) to work on /opt/airflow/dags/import_variable.py
[2026-03-18T16:54:06.512+0000] {processor.py:914} INFO - Processing file /opt/airflow/dags/import_variable.py for tasks to queue
[2026-03-18T16:54:06.515+0000] {logging_mixin.py:190} INFO - [2026-03-18T16:54:06.515+0000] {dagbag.py:588} INFO - Filling up the DagBag from /opt/airflow/dags/import_variable.py
[2026-03-18T16:54:06.532+0000] {processor.py:925} INFO - DAG(s) 'tasklar' retrieved from /opt/airflow/dags/import_variable.py
[2026-03-18T16:54:06.564+0000] {logging_mixin.py:190} INFO - [2026-03-18T16:54:06.563+0000] {dag.py:3239} INFO - Sync 1 DAGs
[2026-03-18T16:54:06.598+0000] {logging_mixin.py:190} INFO - [2026-03-18T16:54:06.597+0000] {dag.py:4180} INFO - Setting next_dagrun for tasklar to 2026-03-16 23:30:00+00:00, run_after=2026-03-17 23:30:00+00:00
[2026-03-18T16:54:06.620+0000] {processor.py:208} INFO - Processing /opt/airflow/dags/import_variable.py took 0.119 seconds
[2026-03-18T16:54:37.204+0000] {processor.py:186} INFO - Started process (PID=3985) to work on /opt/airflow/dags/import_variable.py
[2026-03-18T16:54:37.205+0000] {processor.py:914} INFO - Processing file /opt/airflow/dags/import_variable.py for tasks to queue
[2026-03-18T16:54:37.209+0000] {logging_mixin.py:190} INFO - [2026-03-18T16:54:37.208+0000] {dagbag.py:588} INFO - Filling up the DagBag from /opt/airflow/dags/import_variable.py
[2026-03-18T16:54:37.226+0000] {processor.py:925} INFO - DAG(s) 'tasklar' retrieved from /opt/airflow/dags/import_variable.py
[2026-03-18T16:54:37.262+0000] {logging_mixin.py:190} INFO - [2026-03-18T16:54:37.262+0000] {dag.py:3239} INFO - Sync 1 DAGs
[2026-03-18T16:54:37.301+0000] {logging_mixin.py:190} INFO - [2026-03-18T16:54:37.301+0000] {dag.py:4180} INFO - Setting next_dagrun for tasklar to 2026-03-16 23:30:00+00:00, run_after=2026-03-17 23:30:00+00:00
[2026-03-18T16:54:37.331+0000] {processor.py:208} INFO - Processing /opt/airflow/dags/import_variable.py took 0.136 seconds
[2026-03-18T16:55:07.945+0000] {processor.py:186} INFO - Started process (PID=4021) to work on /opt/airflow/dags/import_variable.py
[2026-03-18T16:55:07.947+0000] {processor.py:914} INFO - Processing file /opt/airflow/dags/import_variable.py for tasks to queue
[2026-03-18T16:55:07.952+0000] {logging_mixin.py:190} INFO - [2026-03-18T16:55:07.952+0000] {dagbag.py:588} INFO - Filling up the DagBag from /opt/airflow/dags/import_variable.py
[2026-03-18T16:55:07.971+0000] {processor.py:925} INFO - DAG(s) 'tasklar' retrieved from /opt/airflow/dags/import_variable.py
[2026-03-18T16:55:08.015+0000] {logging_mixin.py:190} INFO - [2026-03-18T16:55:08.014+0000] {dag.py:3239} INFO - Sync 1 DAGs
[2026-03-18T16:55:08.054+0000] {logging_mixin.py:190} INFO - [2026-03-18T16:55:08.053+0000] {dag.py:4180} INFO - Setting next_dagrun for tasklar to 2026-03-16 23:30:00+00:00, run_after=2026-03-17 23:30:00+00:00
[2026-03-18T16:55:08.081+0000] {processor.py:208} INFO - Processing /opt/airflow/dags/import_variable.py took 0.148 seconds
[2026-03-18T16:55:38.702+0000] {processor.py:186} INFO - Started process (PID=4059) to work on /opt/airflow/dags/import_variable.py
[2026-03-18T16:55:38.703+0000] {processor.py:914} INFO - Processing file /opt/airflow/dags/import_variable.py for tasks to queue
[2026-03-18T16:55:38.705+0000] {logging_mixin.py:190} INFO - [2026-03-18T16:55:38.705+0000] {dagbag.py:588} INFO - Filling up the DagBag from /opt/airflow/dags/import_variable.py
[2026-03-18T16:55:38.719+0000] {processor.py:925} INFO - DAG(s) 'tasklar' retrieved from /opt/airflow/dags/import_variable.py
[2026-03-18T16:55:38.751+0000] {logging_mixin.py:190} INFO - [2026-03-18T16:55:38.750+0000] {dag.py:3239} INFO - Sync 1 DAGs
[2026-03-18T16:55:38.786+0000] {logging_mixin.py:190} INFO - [2026-03-18T16:55:38.785+0000] {dag.py:4180} INFO - Setting next_dagrun for tasklar to 2026-03-16 23:30:00+00:00, run_after=2026-03-17 23:30:00+00:00
[2026-03-18T16:55:38.811+0000] {processor.py:208} INFO - Processing /opt/airflow/dags/import_variable.py took 0.116 seconds
[2026-03-18T16:56:09.452+0000] {processor.py:186} INFO - Started process (PID=4093) to work on /opt/airflow/dags/import_variable.py
[2026-03-18T16:56:09.454+0000] {processor.py:914} INFO - Processing file /opt/airflow/dags/import_variable.py for tasks to queue
[2026-03-18T16:56:09.459+0000] {logging_mixin.py:190} INFO - [2026-03-18T16:56:09.458+0000] {dagbag.py:588} INFO - Filling up the DagBag from /opt/airflow/dags/import_variable.py
[2026-03-18T16:56:09.476+0000] {processor.py:925} INFO - DAG(s) 'tasklar' retrieved from /opt/airflow/dags/import_variable.py
[2026-03-18T16:56:09.514+0000] {logging_mixin.py:190} INFO - [2026-03-18T16:56:09.513+0000] {dag.py:3239} INFO - Sync 1 DAGs
[2026-03-18T16:56:09.562+0000] {logging_mixin.py:190} INFO - [2026-03-18T16:56:09.562+0000] {dag.py:4180} INFO - Setting next_dagrun for tasklar to 2026-03-16 23:30:00+00:00, run_after=2026-03-17 23:30:00+00:00
[2026-03-18T16:56:09.591+0000] {processor.py:208} INFO - Processing /opt/airflow/dags/import_variable.py took 0.146 seconds
[2026-03-18T16:56:40.239+0000] {processor.py:186} INFO - Started process (PID=4129) to work on /opt/airflow/dags/import_variable.py
[2026-03-18T16:56:40.241+0000] {processor.py:914} INFO - Processing file /opt/airflow/dags/import_variable.py for tasks to queue
[2026-03-18T16:56:40.246+0000] {logging_mixin.py:190} INFO - [2026-03-18T16:56:40.245+0000] {dagbag.py:588} INFO - Filling up the DagBag from /opt/airflow/dags/import_variable.py
[2026-03-18T16:56:40.273+0000] {processor.py:925} INFO - DAG(s) 'tasklar' retrieved from /opt/airflow/dags/import_variable.py
[2026-03-18T16:56:40.317+0000] {logging_mixin.py:190} INFO - [2026-03-18T16:56:40.317+0000] {dag.py:3239} INFO - Sync 1 DAGs
[2026-03-18T16:56:40.364+0000] {logging_mixin.py:190} INFO - [2026-03-18T16:56:40.363+0000] {dag.py:4180} INFO - Setting next_dagrun for tasklar to 2026-03-16 23:30:00+00:00, run_after=2026-03-17 23:30:00+00:00
[2026-03-18T16:56:40.393+0000] {processor.py:208} INFO - Processing /opt/airflow/dags/import_variable.py took 0.167 seconds
[2026-03-18T16:57:11.076+0000] {processor.py:186} INFO - Started process (PID=4165) to work on /opt/airflow/dags/import_variable.py
[2026-03-18T16:57:11.078+0000] {processor.py:914} INFO - Processing file /opt/airflow/dags/import_variable.py for tasks to queue
[2026-03-18T16:57:11.084+0000] {logging_mixin.py:190} INFO - [2026-03-18T16:57:11.082+0000] {dagbag.py:588} INFO - Filling up the DagBag from /opt/airflow/dags/import_variable.py
[2026-03-18T16:57:11.109+0000] {processor.py:925} INFO - DAG(s) 'tasklar' retrieved from /opt/airflow/dags/import_variable.py
[2026-03-18T16:57:11.158+0000] {logging_mixin.py:190} INFO - [2026-03-18T16:57:11.157+0000] {dag.py:3239} INFO - Sync 1 DAGs
[2026-03-18T16:57:11.208+0000] {logging_mixin.py:190} INFO - [2026-03-18T16:57:11.207+0000] {dag.py:4180} INFO - Setting next_dagrun for tasklar to 2026-03-16 23:30:00+00:00, run_after=2026-03-17 23:30:00+00:00
[2026-03-18T16:57:11.242+0000] {processor.py:208} INFO - Processing /opt/airflow/dags/import_variable.py took 0.178 seconds
[2026-03-18T16:57:41.860+0000] {processor.py:186} INFO - Started process (PID=4203) to work on /opt/airflow/dags/import_variable.py
[2026-03-18T16:57:41.861+0000] {processor.py:914} INFO - Processing file /opt/airflow/dags/import_variable.py for tasks to queue
[2026-03-18T16:57:41.864+0000] {logging_mixin.py:190} INFO - [2026-03-18T16:57:41.863+0000] {dagbag.py:588} INFO - Filling up the DagBag from /opt/airflow/dags/import_variable.py
[2026-03-18T16:57:41.881+0000] {processor.py:925} INFO - DAG(s) 'tasklar' retrieved from /opt/airflow/dags/import_variable.py
[2026-03-18T16:57:41.920+0000] {logging_mixin.py:190} INFO - [2026-03-18T16:57:41.919+0000] {dag.py:3239} INFO - Sync 1 DAGs
[2026-03-18T16:57:41.957+0000] {logging_mixin.py:190} INFO - [2026-03-18T16:57:41.956+0000] {dag.py:4180} INFO - Setting next_dagrun for tasklar to 2026-03-16 23:30:00+00:00, run_after=2026-03-17 23:30:00+00:00
[2026-03-18T16:57:41.982+0000] {processor.py:208} INFO - Processing /opt/airflow/dags/import_variable.py took 0.131 seconds
