[2026-03-21T15:32:14.896+0000] {processor.py:186} INFO - Started process (PID=16733) to work on /opt/airflow/dags/import_variable.py
[2026-03-21T15:32:14.897+0000] {processor.py:914} INFO - Processing file /opt/airflow/dags/import_variable.py for tasks to queue
[2026-03-21T15:32:14.900+0000] {logging_mixin.py:190} INFO - [2026-03-21T15:32:14.900+0000] {dagbag.py:588} INFO - Filling up the DagBag from /opt/airflow/dags/import_variable.py
[2026-03-21T15:32:14.921+0000] {processor.py:925} INFO - DAG(s) 'tasklar' retrieved from /opt/airflow/dags/import_variable.py
[2026-03-21T15:32:14.960+0000] {logging_mixin.py:190} INFO - [2026-03-21T15:32:14.960+0000] {dag.py:3239} INFO - Sync 1 DAGs
[2026-03-21T15:32:15.002+0000] {logging_mixin.py:190} INFO - [2026-03-21T15:32:15.002+0000] {dag.py:4180} INFO - Setting next_dagrun for tasklar to 2026-03-19 23:30:00+00:00, run_after=2026-03-20 23:30:00+00:00
[2026-03-21T15:32:15.057+0000] {processor.py:208} INFO - Processing /opt/airflow/dags/import_variable.py took 0.170 seconds
[2026-03-21T15:32:45.633+0000] {processor.py:186} INFO - Started process (PID=16773) to work on /opt/airflow/dags/import_variable.py
[2026-03-21T15:32:45.635+0000] {processor.py:914} INFO - Processing file /opt/airflow/dags/import_variable.py for tasks to queue
[2026-03-21T15:32:45.638+0000] {logging_mixin.py:190} INFO - [2026-03-21T15:32:45.638+0000] {dagbag.py:588} INFO - Filling up the DagBag from /opt/airflow/dags/import_variable.py
[2026-03-21T15:32:45.661+0000] {processor.py:925} INFO - DAG(s) 'tasklar' retrieved from /opt/airflow/dags/import_variable.py
[2026-03-21T15:32:45.703+0000] {logging_mixin.py:190} INFO - [2026-03-21T15:32:45.702+0000] {dag.py:3239} INFO - Sync 1 DAGs
[2026-03-21T15:32:45.780+0000] {logging_mixin.py:190} INFO - [2026-03-21T15:32:45.779+0000] {dag.py:4180} INFO - Setting next_dagrun for tasklar to 2026-03-19 23:30:00+00:00, run_after=2026-03-20 23:30:00+00:00
[2026-03-21T15:32:45.807+0000] {processor.py:208} INFO - Processing /opt/airflow/dags/import_variable.py took 0.183 seconds
[2026-03-21T15:33:16.290+0000] {processor.py:186} INFO - Started process (PID=16815) to work on /opt/airflow/dags/import_variable.py
[2026-03-21T15:33:16.291+0000] {processor.py:914} INFO - Processing file /opt/airflow/dags/import_variable.py for tasks to queue
[2026-03-21T15:33:16.294+0000] {logging_mixin.py:190} INFO - [2026-03-21T15:33:16.294+0000] {dagbag.py:588} INFO - Filling up the DagBag from /opt/airflow/dags/import_variable.py
[2026-03-21T15:33:16.314+0000] {processor.py:925} INFO - DAG(s) 'tasklar' retrieved from /opt/airflow/dags/import_variable.py
[2026-03-21T15:33:16.355+0000] {logging_mixin.py:190} INFO - [2026-03-21T15:33:16.355+0000] {dag.py:3239} INFO - Sync 1 DAGs
[2026-03-21T15:33:16.403+0000] {logging_mixin.py:190} INFO - [2026-03-21T15:33:16.402+0000] {dag.py:4180} INFO - Setting next_dagrun for tasklar to 2026-03-19 23:30:00+00:00, run_after=2026-03-20 23:30:00+00:00
[2026-03-21T15:33:16.443+0000] {processor.py:208} INFO - Processing /opt/airflow/dags/import_variable.py took 0.163 seconds
[2026-03-21T15:33:47.145+0000] {processor.py:186} INFO - Started process (PID=16854) to work on /opt/airflow/dags/import_variable.py
[2026-03-21T15:33:47.146+0000] {processor.py:914} INFO - Processing file /opt/airflow/dags/import_variable.py for tasks to queue
[2026-03-21T15:33:47.149+0000] {logging_mixin.py:190} INFO - [2026-03-21T15:33:47.148+0000] {dagbag.py:588} INFO - Filling up the DagBag from /opt/airflow/dags/import_variable.py
[2026-03-21T15:33:47.163+0000] {processor.py:925} INFO - DAG(s) 'tasklar' retrieved from /opt/airflow/dags/import_variable.py
[2026-03-21T15:33:47.199+0000] {logging_mixin.py:190} INFO - [2026-03-21T15:33:47.198+0000] {dag.py:3239} INFO - Sync 1 DAGs
[2026-03-21T15:33:47.235+0000] {logging_mixin.py:190} INFO - [2026-03-21T15:33:47.234+0000] {dag.py:4180} INFO - Setting next_dagrun for tasklar to 2026-03-19 23:30:00+00:00, run_after=2026-03-20 23:30:00+00:00
[2026-03-21T15:33:47.261+0000] {processor.py:208} INFO - Processing /opt/airflow/dags/import_variable.py took 0.124 seconds
[2026-03-21T15:34:17.906+0000] {processor.py:186} INFO - Started process (PID=16895) to work on /opt/airflow/dags/import_variable.py
[2026-03-21T15:34:17.907+0000] {processor.py:914} INFO - Processing file /opt/airflow/dags/import_variable.py for tasks to queue
[2026-03-21T15:34:17.910+0000] {logging_mixin.py:190} INFO - [2026-03-21T15:34:17.910+0000] {dagbag.py:588} INFO - Filling up the DagBag from /opt/airflow/dags/import_variable.py
[2026-03-21T15:34:17.926+0000] {processor.py:925} INFO - DAG(s) 'tasklar' retrieved from /opt/airflow/dags/import_variable.py
[2026-03-21T15:34:17.963+0000] {logging_mixin.py:190} INFO - [2026-03-21T15:34:17.963+0000] {dag.py:3239} INFO - Sync 1 DAGs
[2026-03-21T15:34:18.000+0000] {logging_mixin.py:190} INFO - [2026-03-21T15:34:18.000+0000] {dag.py:4180} INFO - Setting next_dagrun for tasklar to 2026-03-19 23:30:00+00:00, run_after=2026-03-20 23:30:00+00:00
[2026-03-21T15:34:18.027+0000] {processor.py:208} INFO - Processing /opt/airflow/dags/import_variable.py took 0.131 seconds
[2026-03-21T15:34:48.725+0000] {processor.py:186} INFO - Started process (PID=16938) to work on /opt/airflow/dags/import_variable.py
[2026-03-21T15:34:48.726+0000] {processor.py:914} INFO - Processing file /opt/airflow/dags/import_variable.py for tasks to queue
[2026-03-21T15:34:48.729+0000] {logging_mixin.py:190} INFO - [2026-03-21T15:34:48.729+0000] {dagbag.py:588} INFO - Filling up the DagBag from /opt/airflow/dags/import_variable.py
[2026-03-21T15:34:48.747+0000] {processor.py:925} INFO - DAG(s) 'tasklar' retrieved from /opt/airflow/dags/import_variable.py
[2026-03-21T15:34:48.784+0000] {logging_mixin.py:190} INFO - [2026-03-21T15:34:48.783+0000] {dag.py:3239} INFO - Sync 1 DAGs
[2026-03-21T15:34:48.823+0000] {logging_mixin.py:190} INFO - [2026-03-21T15:34:48.823+0000] {dag.py:4180} INFO - Setting next_dagrun for tasklar to 2026-03-19 23:30:00+00:00, run_after=2026-03-20 23:30:00+00:00
[2026-03-21T15:34:48.859+0000] {processor.py:208} INFO - Processing /opt/airflow/dags/import_variable.py took 0.142 seconds
[2026-03-21T15:35:19.515+0000] {processor.py:186} INFO - Started process (PID=16979) to work on /opt/airflow/dags/import_variable.py
[2026-03-21T15:35:19.516+0000] {processor.py:914} INFO - Processing file /opt/airflow/dags/import_variable.py for tasks to queue
[2026-03-21T15:35:19.519+0000] {logging_mixin.py:190} INFO - [2026-03-21T15:35:19.518+0000] {dagbag.py:588} INFO - Filling up the DagBag from /opt/airflow/dags/import_variable.py
[2026-03-21T15:35:19.532+0000] {processor.py:925} INFO - DAG(s) 'tasklar' retrieved from /opt/airflow/dags/import_variable.py
[2026-03-21T15:35:19.566+0000] {logging_mixin.py:190} INFO - [2026-03-21T15:35:19.565+0000] {dag.py:3239} INFO - Sync 1 DAGs
[2026-03-21T15:35:19.596+0000] {logging_mixin.py:190} INFO - [2026-03-21T15:35:19.595+0000] {dag.py:4180} INFO - Setting next_dagrun for tasklar to 2026-03-19 23:30:00+00:00, run_after=2026-03-20 23:30:00+00:00
[2026-03-21T15:35:19.616+0000] {processor.py:208} INFO - Processing /opt/airflow/dags/import_variable.py took 0.109 seconds
[2026-03-21T15:35:50.458+0000] {processor.py:186} INFO - Started process (PID=17020) to work on /opt/airflow/dags/import_variable.py
[2026-03-21T15:35:50.459+0000] {processor.py:914} INFO - Processing file /opt/airflow/dags/import_variable.py for tasks to queue
[2026-03-21T15:35:50.462+0000] {logging_mixin.py:190} INFO - [2026-03-21T15:35:50.461+0000] {dagbag.py:588} INFO - Filling up the DagBag from /opt/airflow/dags/import_variable.py
[2026-03-21T15:35:50.481+0000] {processor.py:925} INFO - DAG(s) 'tasklar' retrieved from /opt/airflow/dags/import_variable.py
[2026-03-21T15:35:50.521+0000] {logging_mixin.py:190} INFO - [2026-03-21T15:35:50.521+0000] {dag.py:3239} INFO - Sync 1 DAGs
[2026-03-21T15:35:50.564+0000] {logging_mixin.py:190} INFO - [2026-03-21T15:35:50.564+0000] {dag.py:4180} INFO - Setting next_dagrun for tasklar to 2026-03-19 23:30:00+00:00, run_after=2026-03-20 23:30:00+00:00
[2026-03-21T15:35:50.590+0000] {processor.py:208} INFO - Processing /opt/airflow/dags/import_variable.py took 0.140 seconds
[2026-03-21T15:36:21.332+0000] {processor.py:186} INFO - Started process (PID=17059) to work on /opt/airflow/dags/import_variable.py
[2026-03-21T15:36:21.334+0000] {processor.py:914} INFO - Processing file /opt/airflow/dags/import_variable.py for tasks to queue
[2026-03-21T15:36:21.337+0000] {logging_mixin.py:190} INFO - [2026-03-21T15:36:21.337+0000] {dagbag.py:588} INFO - Filling up the DagBag from /opt/airflow/dags/import_variable.py
[2026-03-21T15:36:21.356+0000] {processor.py:925} INFO - DAG(s) 'tasklar' retrieved from /opt/airflow/dags/import_variable.py
[2026-03-21T15:36:21.392+0000] {logging_mixin.py:190} INFO - [2026-03-21T15:36:21.392+0000] {dag.py:3239} INFO - Sync 1 DAGs
[2026-03-21T15:36:21.436+0000] {logging_mixin.py:190} INFO - [2026-03-21T15:36:21.435+0000] {dag.py:4180} INFO - Setting next_dagrun for tasklar to 2026-03-19 23:30:00+00:00, run_after=2026-03-20 23:30:00+00:00
[2026-03-21T15:36:21.466+0000] {processor.py:208} INFO - Processing /opt/airflow/dags/import_variable.py took 0.144 seconds
[2026-03-21T15:36:52.146+0000] {processor.py:186} INFO - Started process (PID=17102) to work on /opt/airflow/dags/import_variable.py
[2026-03-21T15:36:52.147+0000] {processor.py:914} INFO - Processing file /opt/airflow/dags/import_variable.py for tasks to queue
[2026-03-21T15:36:52.150+0000] {logging_mixin.py:190} INFO - [2026-03-21T15:36:52.150+0000] {dagbag.py:588} INFO - Filling up the DagBag from /opt/airflow/dags/import_variable.py
[2026-03-21T15:36:52.169+0000] {processor.py:925} INFO - DAG(s) 'tasklar' retrieved from /opt/airflow/dags/import_variable.py
[2026-03-21T15:36:52.206+0000] {logging_mixin.py:190} INFO - [2026-03-21T15:36:52.206+0000] {dag.py:3239} INFO - Sync 1 DAGs
[2026-03-21T15:36:52.245+0000] {logging_mixin.py:190} INFO - [2026-03-21T15:36:52.245+0000] {dag.py:4180} INFO - Setting next_dagrun for tasklar to 2026-03-19 23:30:00+00:00, run_after=2026-03-20 23:30:00+00:00
[2026-03-21T15:36:52.273+0000] {processor.py:208} INFO - Processing /opt/airflow/dags/import_variable.py took 0.134 seconds
[2026-03-21T15:37:22.925+0000] {processor.py:186} INFO - Started process (PID=17141) to work on /opt/airflow/dags/import_variable.py
[2026-03-21T15:37:22.925+0000] {processor.py:914} INFO - Processing file /opt/airflow/dags/import_variable.py for tasks to queue
[2026-03-21T15:37:22.928+0000] {logging_mixin.py:190} INFO - [2026-03-21T15:37:22.928+0000] {dagbag.py:588} INFO - Filling up the DagBag from /opt/airflow/dags/import_variable.py
[2026-03-21T15:37:22.944+0000] {processor.py:925} INFO - DAG(s) 'tasklar' retrieved from /opt/airflow/dags/import_variable.py
[2026-03-21T15:37:22.979+0000] {logging_mixin.py:190} INFO - [2026-03-21T15:37:22.979+0000] {dag.py:3239} INFO - Sync 1 DAGs
[2026-03-21T15:37:23.016+0000] {logging_mixin.py:190} INFO - [2026-03-21T15:37:23.016+0000] {dag.py:4180} INFO - Setting next_dagrun for tasklar to 2026-03-19 23:30:00+00:00, run_after=2026-03-20 23:30:00+00:00
[2026-03-21T15:37:23.043+0000] {processor.py:208} INFO - Processing /opt/airflow/dags/import_variable.py took 0.127 seconds
[2026-03-21T15:37:53.683+0000] {processor.py:186} INFO - Started process (PID=17182) to work on /opt/airflow/dags/import_variable.py
[2026-03-21T15:37:53.684+0000] {processor.py:914} INFO - Processing file /opt/airflow/dags/import_variable.py for tasks to queue
[2026-03-21T15:37:53.687+0000] {logging_mixin.py:190} INFO - [2026-03-21T15:37:53.687+0000] {dagbag.py:588} INFO - Filling up the DagBag from /opt/airflow/dags/import_variable.py
[2026-03-21T15:37:53.705+0000] {processor.py:925} INFO - DAG(s) 'tasklar' retrieved from /opt/airflow/dags/import_variable.py
[2026-03-21T15:37:53.736+0000] {logging_mixin.py:190} INFO - [2026-03-21T15:37:53.735+0000] {dag.py:3239} INFO - Sync 1 DAGs
[2026-03-21T15:37:53.772+0000] {logging_mixin.py:190} INFO - [2026-03-21T15:37:53.772+0000] {dag.py:4180} INFO - Setting next_dagrun for tasklar to 2026-03-19 23:30:00+00:00, run_after=2026-03-20 23:30:00+00:00
[2026-03-21T15:37:53.795+0000] {processor.py:208} INFO - Processing /opt/airflow/dags/import_variable.py took 0.120 seconds
[2026-03-21T15:38:24.457+0000] {processor.py:186} INFO - Started process (PID=17223) to work on /opt/airflow/dags/import_variable.py
[2026-03-21T15:38:24.458+0000] {processor.py:914} INFO - Processing file /opt/airflow/dags/import_variable.py for tasks to queue
[2026-03-21T15:38:24.461+0000] {logging_mixin.py:190} INFO - [2026-03-21T15:38:24.460+0000] {dagbag.py:588} INFO - Filling up the DagBag from /opt/airflow/dags/import_variable.py
[2026-03-21T15:38:24.477+0000] {processor.py:925} INFO - DAG(s) 'tasklar' retrieved from /opt/airflow/dags/import_variable.py
[2026-03-21T15:38:24.510+0000] {logging_mixin.py:190} INFO - [2026-03-21T15:38:24.510+0000] {dag.py:3239} INFO - Sync 1 DAGs
[2026-03-21T15:38:24.548+0000] {logging_mixin.py:190} INFO - [2026-03-21T15:38:24.548+0000] {dag.py:4180} INFO - Setting next_dagrun for tasklar to 2026-03-19 23:30:00+00:00, run_after=2026-03-20 23:30:00+00:00
[2026-03-21T15:38:24.572+0000] {processor.py:208} INFO - Processing /opt/airflow/dags/import_variable.py took 0.123 seconds
[2026-03-21T15:38:55.238+0000] {processor.py:186} INFO - Started process (PID=17264) to work on /opt/airflow/dags/import_variable.py
[2026-03-21T15:38:55.240+0000] {processor.py:914} INFO - Processing file /opt/airflow/dags/import_variable.py for tasks to queue
[2026-03-21T15:38:55.243+0000] {logging_mixin.py:190} INFO - [2026-03-21T15:38:55.243+0000] {dagbag.py:588} INFO - Filling up the DagBag from /opt/airflow/dags/import_variable.py
[2026-03-21T15:38:55.261+0000] {processor.py:925} INFO - DAG(s) 'tasklar' retrieved from /opt/airflow/dags/import_variable.py
[2026-03-21T15:38:55.303+0000] {logging_mixin.py:190} INFO - [2026-03-21T15:38:55.303+0000] {dag.py:3239} INFO - Sync 1 DAGs
[2026-03-21T15:38:55.344+0000] {logging_mixin.py:190} INFO - [2026-03-21T15:38:55.344+0000] {dag.py:4180} INFO - Setting next_dagrun for tasklar to 2026-03-19 23:30:00+00:00, run_after=2026-03-20 23:30:00+00:00
[2026-03-21T15:38:55.377+0000] {processor.py:208} INFO - Processing /opt/airflow/dags/import_variable.py took 0.147 seconds
[2026-03-21T15:39:26.037+0000] {processor.py:186} INFO - Started process (PID=17305) to work on /opt/airflow/dags/import_variable.py
[2026-03-21T15:39:26.038+0000] {processor.py:914} INFO - Processing file /opt/airflow/dags/import_variable.py for tasks to queue
[2026-03-21T15:39:26.042+0000] {logging_mixin.py:190} INFO - [2026-03-21T15:39:26.041+0000] {dagbag.py:588} INFO - Filling up the DagBag from /opt/airflow/dags/import_variable.py
[2026-03-21T15:39:26.058+0000] {processor.py:925} INFO - DAG(s) 'tasklar' retrieved from /opt/airflow/dags/import_variable.py
[2026-03-21T15:39:26.090+0000] {logging_mixin.py:190} INFO - [2026-03-21T15:39:26.090+0000] {dag.py:3239} INFO - Sync 1 DAGs
[2026-03-21T15:39:26.122+0000] {logging_mixin.py:190} INFO - [2026-03-21T15:39:26.122+0000] {dag.py:4180} INFO - Setting next_dagrun for tasklar to 2026-03-19 23:30:00+00:00, run_after=2026-03-20 23:30:00+00:00
[2026-03-21T15:39:26.147+0000] {processor.py:208} INFO - Processing /opt/airflow/dags/import_variable.py took 0.118 seconds
[2026-03-21T15:39:56.777+0000] {processor.py:186} INFO - Started process (PID=17346) to work on /opt/airflow/dags/import_variable.py
[2026-03-21T15:39:56.778+0000] {processor.py:914} INFO - Processing file /opt/airflow/dags/import_variable.py for tasks to queue
[2026-03-21T15:39:56.781+0000] {logging_mixin.py:190} INFO - [2026-03-21T15:39:56.781+0000] {dagbag.py:588} INFO - Filling up the DagBag from /opt/airflow/dags/import_variable.py
[2026-03-21T15:39:56.798+0000] {processor.py:925} INFO - DAG(s) 'tasklar' retrieved from /opt/airflow/dags/import_variable.py
[2026-03-21T15:39:56.828+0000] {logging_mixin.py:190} INFO - [2026-03-21T15:39:56.828+0000] {dag.py:3239} INFO - Sync 1 DAGs
[2026-03-21T15:39:56.862+0000] {logging_mixin.py:190} INFO - [2026-03-21T15:39:56.862+0000] {dag.py:4180} INFO - Setting next_dagrun for tasklar to 2026-03-19 23:30:00+00:00, run_after=2026-03-20 23:30:00+00:00
[2026-03-21T15:39:56.886+0000] {processor.py:208} INFO - Processing /opt/airflow/dags/import_variable.py took 0.119 seconds
[2026-03-21T15:40:27.542+0000] {processor.py:186} INFO - Started process (PID=17389) to work on /opt/airflow/dags/import_variable.py
[2026-03-21T15:40:27.543+0000] {processor.py:914} INFO - Processing file /opt/airflow/dags/import_variable.py for tasks to queue
[2026-03-21T15:40:27.547+0000] {logging_mixin.py:190} INFO - [2026-03-21T15:40:27.546+0000] {dagbag.py:588} INFO - Filling up the DagBag from /opt/airflow/dags/import_variable.py
[2026-03-21T15:40:27.562+0000] {processor.py:925} INFO - DAG(s) 'tasklar' retrieved from /opt/airflow/dags/import_variable.py
[2026-03-21T15:40:27.596+0000] {logging_mixin.py:190} INFO - [2026-03-21T15:40:27.595+0000] {dag.py:3239} INFO - Sync 1 DAGs
[2026-03-21T15:40:27.632+0000] {logging_mixin.py:190} INFO - [2026-03-21T15:40:27.632+0000] {dag.py:4180} INFO - Setting next_dagrun for tasklar to 2026-03-19 23:30:00+00:00, run_after=2026-03-20 23:30:00+00:00
[2026-03-21T15:40:27.660+0000] {processor.py:208} INFO - Processing /opt/airflow/dags/import_variable.py took 0.126 seconds
[2026-03-21T15:40:58.192+0000] {processor.py:186} INFO - Started process (PID=17428) to work on /opt/airflow/dags/import_variable.py
[2026-03-21T15:40:58.193+0000] {processor.py:914} INFO - Processing file /opt/airflow/dags/import_variable.py for tasks to queue
[2026-03-21T15:40:58.197+0000] {logging_mixin.py:190} INFO - [2026-03-21T15:40:58.196+0000] {dagbag.py:588} INFO - Filling up the DagBag from /opt/airflow/dags/import_variable.py
[2026-03-21T15:40:58.212+0000] {processor.py:925} INFO - DAG(s) 'tasklar' retrieved from /opt/airflow/dags/import_variable.py
[2026-03-21T15:40:58.244+0000] {logging_mixin.py:190} INFO - [2026-03-21T15:40:58.244+0000] {dag.py:3239} INFO - Sync 1 DAGs
[2026-03-21T15:40:58.281+0000] {logging_mixin.py:190} INFO - [2026-03-21T15:40:58.280+0000] {dag.py:4180} INFO - Setting next_dagrun for tasklar to 2026-03-19 23:30:00+00:00, run_after=2026-03-20 23:30:00+00:00
[2026-03-21T15:40:58.306+0000] {processor.py:208} INFO - Processing /opt/airflow/dags/import_variable.py took 0.122 seconds
[2026-03-21T15:41:28.980+0000] {processor.py:186} INFO - Started process (PID=17471) to work on /opt/airflow/dags/import_variable.py
[2026-03-21T15:41:28.981+0000] {processor.py:914} INFO - Processing file /opt/airflow/dags/import_variable.py for tasks to queue
[2026-03-21T15:41:28.984+0000] {logging_mixin.py:190} INFO - [2026-03-21T15:41:28.984+0000] {dagbag.py:588} INFO - Filling up the DagBag from /opt/airflow/dags/import_variable.py
[2026-03-21T15:41:29.000+0000] {processor.py:925} INFO - DAG(s) 'tasklar' retrieved from /opt/airflow/dags/import_variable.py
[2026-03-21T15:41:29.034+0000] {logging_mixin.py:190} INFO - [2026-03-21T15:41:29.033+0000] {dag.py:3239} INFO - Sync 1 DAGs
[2026-03-21T15:41:29.073+0000] {logging_mixin.py:190} INFO - [2026-03-21T15:41:29.073+0000] {dag.py:4180} INFO - Setting next_dagrun for tasklar to 2026-03-19 23:30:00+00:00, run_after=2026-03-20 23:30:00+00:00
[2026-03-21T15:41:29.100+0000] {processor.py:208} INFO - Processing /opt/airflow/dags/import_variable.py took 0.128 seconds
[2026-03-21T15:41:59.775+0000] {processor.py:186} INFO - Started process (PID=17512) to work on /opt/airflow/dags/import_variable.py
[2026-03-21T15:41:59.776+0000] {processor.py:914} INFO - Processing file /opt/airflow/dags/import_variable.py for tasks to queue
[2026-03-21T15:41:59.779+0000] {logging_mixin.py:190} INFO - [2026-03-21T15:41:59.778+0000] {dagbag.py:588} INFO - Filling up the DagBag from /opt/airflow/dags/import_variable.py
[2026-03-21T15:41:59.796+0000] {processor.py:925} INFO - DAG(s) 'tasklar' retrieved from /opt/airflow/dags/import_variable.py
[2026-03-21T15:41:59.832+0000] {logging_mixin.py:190} INFO - [2026-03-21T15:41:59.832+0000] {dag.py:3239} INFO - Sync 1 DAGs
[2026-03-21T15:41:59.869+0000] {logging_mixin.py:190} INFO - [2026-03-21T15:41:59.869+0000] {dag.py:4180} INFO - Setting next_dagrun for tasklar to 2026-03-19 23:30:00+00:00, run_after=2026-03-20 23:30:00+00:00
[2026-03-21T15:41:59.893+0000] {processor.py:208} INFO - Processing /opt/airflow/dags/import_variable.py took 0.127 seconds
[2026-03-21T15:42:30.555+0000] {processor.py:186} INFO - Started process (PID=17553) to work on /opt/airflow/dags/import_variable.py
[2026-03-21T15:42:30.556+0000] {processor.py:914} INFO - Processing file /opt/airflow/dags/import_variable.py for tasks to queue
[2026-03-21T15:42:30.559+0000] {logging_mixin.py:190} INFO - [2026-03-21T15:42:30.559+0000] {dagbag.py:588} INFO - Filling up the DagBag from /opt/airflow/dags/import_variable.py
[2026-03-21T15:42:30.576+0000] {processor.py:925} INFO - DAG(s) 'tasklar' retrieved from /opt/airflow/dags/import_variable.py
[2026-03-21T15:42:30.616+0000] {logging_mixin.py:190} INFO - [2026-03-21T15:42:30.615+0000] {dag.py:3239} INFO - Sync 1 DAGs
[2026-03-21T15:42:30.649+0000] {logging_mixin.py:190} INFO - [2026-03-21T15:42:30.649+0000] {dag.py:4180} INFO - Setting next_dagrun for tasklar to 2026-03-19 23:30:00+00:00, run_after=2026-03-20 23:30:00+00:00
[2026-03-21T15:42:30.673+0000] {processor.py:208} INFO - Processing /opt/airflow/dags/import_variable.py took 0.129 seconds
[2026-03-21T15:43:01.352+0000] {processor.py:186} INFO - Started process (PID=17600) to work on /opt/airflow/dags/import_variable.py
[2026-03-21T15:43:01.352+0000] {processor.py:914} INFO - Processing file /opt/airflow/dags/import_variable.py for tasks to queue
[2026-03-21T15:43:01.355+0000] {logging_mixin.py:190} INFO - [2026-03-21T15:43:01.355+0000] {dagbag.py:588} INFO - Filling up the DagBag from /opt/airflow/dags/import_variable.py
[2026-03-21T15:43:01.370+0000] {processor.py:925} INFO - DAG(s) 'tasklar' retrieved from /opt/airflow/dags/import_variable.py
[2026-03-21T15:43:01.404+0000] {logging_mixin.py:190} INFO - [2026-03-21T15:43:01.404+0000] {dag.py:3239} INFO - Sync 1 DAGs
[2026-03-21T15:43:01.438+0000] {logging_mixin.py:190} INFO - [2026-03-21T15:43:01.438+0000] {dag.py:4180} INFO - Setting next_dagrun for tasklar to 2026-03-19 23:30:00+00:00, run_after=2026-03-20 23:30:00+00:00
[2026-03-21T15:43:01.461+0000] {processor.py:208} INFO - Processing /opt/airflow/dags/import_variable.py took 0.117 seconds
[2026-03-21T15:43:32.166+0000] {processor.py:186} INFO - Started process (PID=17641) to work on /opt/airflow/dags/import_variable.py
[2026-03-21T15:43:32.167+0000] {processor.py:914} INFO - Processing file /opt/airflow/dags/import_variable.py for tasks to queue
[2026-03-21T15:43:32.170+0000] {logging_mixin.py:190} INFO - [2026-03-21T15:43:32.170+0000] {dagbag.py:588} INFO - Filling up the DagBag from /opt/airflow/dags/import_variable.py
[2026-03-21T15:43:32.187+0000] {processor.py:925} INFO - DAG(s) 'tasklar' retrieved from /opt/airflow/dags/import_variable.py
[2026-03-21T15:43:32.224+0000] {logging_mixin.py:190} INFO - [2026-03-21T15:43:32.223+0000] {dag.py:3239} INFO - Sync 1 DAGs
[2026-03-21T15:43:32.265+0000] {logging_mixin.py:190} INFO - [2026-03-21T15:43:32.265+0000] {dag.py:4180} INFO - Setting next_dagrun for tasklar to 2026-03-19 23:30:00+00:00, run_after=2026-03-20 23:30:00+00:00
[2026-03-21T15:43:32.295+0000] {processor.py:208} INFO - Processing /opt/airflow/dags/import_variable.py took 0.137 seconds
[2026-03-21T15:44:02.937+0000] {processor.py:186} INFO - Started process (PID=17680) to work on /opt/airflow/dags/import_variable.py
[2026-03-21T15:44:02.938+0000] {processor.py:914} INFO - Processing file /opt/airflow/dags/import_variable.py for tasks to queue
[2026-03-21T15:44:02.941+0000] {logging_mixin.py:190} INFO - [2026-03-21T15:44:02.941+0000] {dagbag.py:588} INFO - Filling up the DagBag from /opt/airflow/dags/import_variable.py
[2026-03-21T15:44:02.959+0000] {processor.py:925} INFO - DAG(s) 'tasklar' retrieved from /opt/airflow/dags/import_variable.py
[2026-03-21T15:44:02.998+0000] {logging_mixin.py:190} INFO - [2026-03-21T15:44:02.998+0000] {dag.py:3239} INFO - Sync 1 DAGs
[2026-03-21T15:44:03.041+0000] {logging_mixin.py:190} INFO - [2026-03-21T15:44:03.041+0000] {dag.py:4180} INFO - Setting next_dagrun for tasklar to 2026-03-19 23:30:00+00:00, run_after=2026-03-20 23:30:00+00:00
[2026-03-21T15:44:03.076+0000] {processor.py:208} INFO - Processing /opt/airflow/dags/import_variable.py took 0.147 seconds
[2026-03-21T15:44:33.741+0000] {processor.py:186} INFO - Started process (PID=17723) to work on /opt/airflow/dags/import_variable.py
[2026-03-21T15:44:33.742+0000] {processor.py:914} INFO - Processing file /opt/airflow/dags/import_variable.py for tasks to queue
[2026-03-21T15:44:33.746+0000] {logging_mixin.py:190} INFO - [2026-03-21T15:44:33.746+0000] {dagbag.py:588} INFO - Filling up the DagBag from /opt/airflow/dags/import_variable.py
[2026-03-21T15:44:33.766+0000] {processor.py:925} INFO - DAG(s) 'tasklar' retrieved from /opt/airflow/dags/import_variable.py
[2026-03-21T15:44:33.798+0000] {logging_mixin.py:190} INFO - [2026-03-21T15:44:33.798+0000] {dag.py:3239} INFO - Sync 1 DAGs
[2026-03-21T15:44:33.829+0000] {logging_mixin.py:190} INFO - [2026-03-21T15:44:33.829+0000] {dag.py:4180} INFO - Setting next_dagrun for tasklar to 2026-03-19 23:30:00+00:00, run_after=2026-03-20 23:30:00+00:00
[2026-03-21T15:44:33.854+0000] {processor.py:208} INFO - Processing /opt/airflow/dags/import_variable.py took 0.124 seconds
[2026-03-21T15:45:04.501+0000] {processor.py:186} INFO - Started process (PID=17764) to work on /opt/airflow/dags/import_variable.py
[2026-03-21T15:45:04.502+0000] {processor.py:914} INFO - Processing file /opt/airflow/dags/import_variable.py for tasks to queue
[2026-03-21T15:45:04.505+0000] {logging_mixin.py:190} INFO - [2026-03-21T15:45:04.504+0000] {dagbag.py:588} INFO - Filling up the DagBag from /opt/airflow/dags/import_variable.py
[2026-03-21T15:45:04.520+0000] {processor.py:925} INFO - DAG(s) 'tasklar' retrieved from /opt/airflow/dags/import_variable.py
[2026-03-21T15:45:04.554+0000] {logging_mixin.py:190} INFO - [2026-03-21T15:45:04.554+0000] {dag.py:3239} INFO - Sync 1 DAGs
[2026-03-21T15:45:04.590+0000] {logging_mixin.py:190} INFO - [2026-03-21T15:45:04.590+0000] {dag.py:4180} INFO - Setting next_dagrun for tasklar to 2026-03-19 23:30:00+00:00, run_after=2026-03-20 23:30:00+00:00
[2026-03-21T15:45:04.615+0000] {processor.py:208} INFO - Processing /opt/airflow/dags/import_variable.py took 0.121 seconds
[2026-03-21T15:45:35.310+0000] {processor.py:186} INFO - Started process (PID=17803) to work on /opt/airflow/dags/import_variable.py
[2026-03-21T15:45:35.313+0000] {processor.py:914} INFO - Processing file /opt/airflow/dags/import_variable.py for tasks to queue
[2026-03-21T15:45:35.319+0000] {logging_mixin.py:190} INFO - [2026-03-21T15:45:35.318+0000] {dagbag.py:588} INFO - Filling up the DagBag from /opt/airflow/dags/import_variable.py
[2026-03-21T15:45:35.342+0000] {processor.py:925} INFO - DAG(s) 'tasklar' retrieved from /opt/airflow/dags/import_variable.py
[2026-03-21T15:45:35.394+0000] {logging_mixin.py:190} INFO - [2026-03-21T15:45:35.394+0000] {dag.py:3239} INFO - Sync 1 DAGs
[2026-03-21T15:45:35.444+0000] {logging_mixin.py:190} INFO - [2026-03-21T15:45:35.444+0000] {dag.py:4180} INFO - Setting next_dagrun for tasklar to 2026-03-19 23:30:00+00:00, run_after=2026-03-20 23:30:00+00:00
[2026-03-21T15:45:35.469+0000] {processor.py:208} INFO - Processing /opt/airflow/dags/import_variable.py took 0.176 seconds
[2026-03-21T15:46:06.157+0000] {processor.py:186} INFO - Started process (PID=17846) to work on /opt/airflow/dags/import_variable.py
[2026-03-21T15:46:06.158+0000] {processor.py:914} INFO - Processing file /opt/airflow/dags/import_variable.py for tasks to queue
[2026-03-21T15:46:06.161+0000] {logging_mixin.py:190} INFO - [2026-03-21T15:46:06.161+0000] {dagbag.py:588} INFO - Filling up the DagBag from /opt/airflow/dags/import_variable.py
[2026-03-21T15:46:06.178+0000] {processor.py:925} INFO - DAG(s) 'tasklar' retrieved from /opt/airflow/dags/import_variable.py
[2026-03-21T15:46:06.211+0000] {logging_mixin.py:190} INFO - [2026-03-21T15:46:06.210+0000] {dag.py:3239} INFO - Sync 1 DAGs
[2026-03-21T15:46:06.243+0000] {logging_mixin.py:190} INFO - [2026-03-21T15:46:06.243+0000] {dag.py:4180} INFO - Setting next_dagrun for tasklar to 2026-03-19 23:30:00+00:00, run_after=2026-03-20 23:30:00+00:00
[2026-03-21T15:46:06.268+0000] {processor.py:208} INFO - Processing /opt/airflow/dags/import_variable.py took 0.118 seconds
[2026-03-21T15:46:36.950+0000] {processor.py:186} INFO - Started process (PID=17886) to work on /opt/airflow/dags/import_variable.py
[2026-03-21T15:46:36.952+0000] {processor.py:914} INFO - Processing file /opt/airflow/dags/import_variable.py for tasks to queue
[2026-03-21T15:46:36.955+0000] {logging_mixin.py:190} INFO - [2026-03-21T15:46:36.954+0000] {dagbag.py:588} INFO - Filling up the DagBag from /opt/airflow/dags/import_variable.py
[2026-03-21T15:46:36.972+0000] {processor.py:925} INFO - DAG(s) 'tasklar' retrieved from /opt/airflow/dags/import_variable.py
[2026-03-21T15:46:37.013+0000] {logging_mixin.py:190} INFO - [2026-03-21T15:46:37.012+0000] {dag.py:3239} INFO - Sync 1 DAGs
[2026-03-21T15:46:37.049+0000] {logging_mixin.py:190} INFO - [2026-03-21T15:46:37.049+0000] {dag.py:4180} INFO - Setting next_dagrun for tasklar to 2026-03-19 23:30:00+00:00, run_after=2026-03-20 23:30:00+00:00
[2026-03-21T15:46:37.075+0000] {processor.py:208} INFO - Processing /opt/airflow/dags/import_variable.py took 0.134 seconds
[2026-03-21T15:47:07.711+0000] {processor.py:186} INFO - Started process (PID=17929) to work on /opt/airflow/dags/import_variable.py
[2026-03-21T15:47:07.712+0000] {processor.py:914} INFO - Processing file /opt/airflow/dags/import_variable.py for tasks to queue
[2026-03-21T15:47:07.716+0000] {logging_mixin.py:190} INFO - [2026-03-21T15:47:07.715+0000] {dagbag.py:588} INFO - Filling up the DagBag from /opt/airflow/dags/import_variable.py
[2026-03-21T15:47:07.733+0000] {processor.py:925} INFO - DAG(s) 'tasklar' retrieved from /opt/airflow/dags/import_variable.py
[2026-03-21T15:47:07.769+0000] {logging_mixin.py:190} INFO - [2026-03-21T15:47:07.769+0000] {dag.py:3239} INFO - Sync 1 DAGs
[2026-03-21T15:47:07.813+0000] {logging_mixin.py:190} INFO - [2026-03-21T15:47:07.812+0000] {dag.py:4180} INFO - Setting next_dagrun for tasklar to 2026-03-19 23:30:00+00:00, run_after=2026-03-20 23:30:00+00:00
[2026-03-21T15:47:07.840+0000] {processor.py:208} INFO - Processing /opt/airflow/dags/import_variable.py took 0.138 seconds
[2026-03-21T15:47:38.518+0000] {processor.py:186} INFO - Started process (PID=17970) to work on /opt/airflow/dags/import_variable.py
[2026-03-21T15:47:38.519+0000] {processor.py:914} INFO - Processing file /opt/airflow/dags/import_variable.py for tasks to queue
[2026-03-21T15:47:38.522+0000] {logging_mixin.py:190} INFO - [2026-03-21T15:47:38.522+0000] {dagbag.py:588} INFO - Filling up the DagBag from /opt/airflow/dags/import_variable.py
[2026-03-21T15:47:38.543+0000] {processor.py:925} INFO - DAG(s) 'tasklar' retrieved from /opt/airflow/dags/import_variable.py
[2026-03-21T15:47:38.578+0000] {logging_mixin.py:190} INFO - [2026-03-21T15:47:38.577+0000] {dag.py:3239} INFO - Sync 1 DAGs
[2026-03-21T15:47:38.618+0000] {logging_mixin.py:190} INFO - [2026-03-21T15:47:38.617+0000] {dag.py:4180} INFO - Setting next_dagrun for tasklar to 2026-03-19 23:30:00+00:00, run_after=2026-03-20 23:30:00+00:00
[2026-03-21T15:47:38.648+0000] {processor.py:208} INFO - Processing /opt/airflow/dags/import_variable.py took 0.141 seconds
[2026-03-21T15:48:09.299+0000] {processor.py:186} INFO - Started process (PID=18009) to work on /opt/airflow/dags/import_variable.py
[2026-03-21T15:48:09.300+0000] {processor.py:914} INFO - Processing file /opt/airflow/dags/import_variable.py for tasks to queue
[2026-03-21T15:48:09.304+0000] {logging_mixin.py:190} INFO - [2026-03-21T15:48:09.303+0000] {dagbag.py:588} INFO - Filling up the DagBag from /opt/airflow/dags/import_variable.py
[2026-03-21T15:48:09.322+0000] {processor.py:925} INFO - DAG(s) 'tasklar' retrieved from /opt/airflow/dags/import_variable.py
[2026-03-21T15:48:09.358+0000] {logging_mixin.py:190} INFO - [2026-03-21T15:48:09.357+0000] {dag.py:3239} INFO - Sync 1 DAGs
[2026-03-21T15:48:09.400+0000] {logging_mixin.py:190} INFO - [2026-03-21T15:48:09.399+0000] {dag.py:4180} INFO - Setting next_dagrun for tasklar to 2026-03-19 23:30:00+00:00, run_after=2026-03-20 23:30:00+00:00
[2026-03-21T15:48:09.427+0000] {processor.py:208} INFO - Processing /opt/airflow/dags/import_variable.py took 0.138 seconds
[2026-03-21T15:48:39.956+0000] {processor.py:186} INFO - Started process (PID=18050) to work on /opt/airflow/dags/import_variable.py
[2026-03-21T15:48:39.957+0000] {processor.py:914} INFO - Processing file /opt/airflow/dags/import_variable.py for tasks to queue
[2026-03-21T15:48:39.960+0000] {logging_mixin.py:190} INFO - [2026-03-21T15:48:39.959+0000] {dagbag.py:588} INFO - Filling up the DagBag from /opt/airflow/dags/import_variable.py
[2026-03-21T15:48:39.975+0000] {processor.py:925} INFO - DAG(s) 'tasklar' retrieved from /opt/airflow/dags/import_variable.py
[2026-03-21T15:48:40.007+0000] {logging_mixin.py:190} INFO - [2026-03-21T15:48:40.007+0000] {dag.py:3239} INFO - Sync 1 DAGs
[2026-03-21T15:48:40.049+0000] {logging_mixin.py:190} INFO - [2026-03-21T15:48:40.049+0000] {dag.py:4180} INFO - Setting next_dagrun for tasklar to 2026-03-19 23:30:00+00:00, run_after=2026-03-20 23:30:00+00:00
[2026-03-21T15:48:40.076+0000] {processor.py:208} INFO - Processing /opt/airflow/dags/import_variable.py took 0.129 seconds
[2026-03-21T15:49:10.737+0000] {processor.py:186} INFO - Started process (PID=18093) to work on /opt/airflow/dags/import_variable.py
[2026-03-21T15:49:10.738+0000] {processor.py:914} INFO - Processing file /opt/airflow/dags/import_variable.py for tasks to queue
[2026-03-21T15:49:10.741+0000] {logging_mixin.py:190} INFO - [2026-03-21T15:49:10.740+0000] {dagbag.py:588} INFO - Filling up the DagBag from /opt/airflow/dags/import_variable.py
[2026-03-21T15:49:10.756+0000] {processor.py:925} INFO - DAG(s) 'tasklar' retrieved from /opt/airflow/dags/import_variable.py
[2026-03-21T15:49:10.789+0000] {logging_mixin.py:190} INFO - [2026-03-21T15:49:10.789+0000] {dag.py:3239} INFO - Sync 1 DAGs
[2026-03-21T15:49:10.820+0000] {logging_mixin.py:190} INFO - [2026-03-21T15:49:10.819+0000] {dag.py:4180} INFO - Setting next_dagrun for tasklar to 2026-03-19 23:30:00+00:00, run_after=2026-03-20 23:30:00+00:00
[2026-03-21T15:49:10.843+0000] {processor.py:208} INFO - Processing /opt/airflow/dags/import_variable.py took 0.114 seconds
[2026-03-21T15:49:41.537+0000] {processor.py:186} INFO - Started process (PID=18132) to work on /opt/airflow/dags/import_variable.py
[2026-03-21T15:49:41.538+0000] {processor.py:914} INFO - Processing file /opt/airflow/dags/import_variable.py for tasks to queue
[2026-03-21T15:49:41.541+0000] {logging_mixin.py:190} INFO - [2026-03-21T15:49:41.541+0000] {dagbag.py:588} INFO - Filling up the DagBag from /opt/airflow/dags/import_variable.py
[2026-03-21T15:49:41.560+0000] {processor.py:925} INFO - DAG(s) 'tasklar' retrieved from /opt/airflow/dags/import_variable.py
[2026-03-21T15:49:41.595+0000] {logging_mixin.py:190} INFO - [2026-03-21T15:49:41.594+0000] {dag.py:3239} INFO - Sync 1 DAGs
[2026-03-21T15:49:41.637+0000] {logging_mixin.py:190} INFO - [2026-03-21T15:49:41.637+0000] {dag.py:4180} INFO - Setting next_dagrun for tasklar to 2026-03-19 23:30:00+00:00, run_after=2026-03-20 23:30:00+00:00
[2026-03-21T15:49:41.664+0000] {processor.py:208} INFO - Processing /opt/airflow/dags/import_variable.py took 0.135 seconds
[2026-03-21T15:50:12.292+0000] {processor.py:186} INFO - Started process (PID=18175) to work on /opt/airflow/dags/import_variable.py
[2026-03-21T15:50:12.294+0000] {processor.py:914} INFO - Processing file /opt/airflow/dags/import_variable.py for tasks to queue
[2026-03-21T15:50:12.297+0000] {logging_mixin.py:190} INFO - [2026-03-21T15:50:12.296+0000] {dagbag.py:588} INFO - Filling up the DagBag from /opt/airflow/dags/import_variable.py
[2026-03-21T15:50:12.316+0000] {processor.py:925} INFO - DAG(s) 'tasklar' retrieved from /opt/airflow/dags/import_variable.py
[2026-03-21T15:50:12.346+0000] {logging_mixin.py:190} INFO - [2026-03-21T15:50:12.346+0000] {dag.py:3239} INFO - Sync 1 DAGs
[2026-03-21T15:50:12.384+0000] {logging_mixin.py:190} INFO - [2026-03-21T15:50:12.384+0000] {dag.py:4180} INFO - Setting next_dagrun for tasklar to 2026-03-19 23:30:00+00:00, run_after=2026-03-20 23:30:00+00:00
[2026-03-21T15:50:12.411+0000] {processor.py:208} INFO - Processing /opt/airflow/dags/import_variable.py took 0.127 seconds
[2026-03-21T15:50:43.067+0000] {processor.py:186} INFO - Started process (PID=18214) to work on /opt/airflow/dags/import_variable.py
[2026-03-21T15:50:43.068+0000] {processor.py:914} INFO - Processing file /opt/airflow/dags/import_variable.py for tasks to queue
[2026-03-21T15:50:43.071+0000] {logging_mixin.py:190} INFO - [2026-03-21T15:50:43.070+0000] {dagbag.py:588} INFO - Filling up the DagBag from /opt/airflow/dags/import_variable.py
[2026-03-21T15:50:43.089+0000] {processor.py:925} INFO - DAG(s) 'tasklar' retrieved from /opt/airflow/dags/import_variable.py
[2026-03-21T15:50:43.121+0000] {logging_mixin.py:190} INFO - [2026-03-21T15:50:43.121+0000] {dag.py:3239} INFO - Sync 1 DAGs
[2026-03-21T15:50:43.160+0000] {logging_mixin.py:190} INFO - [2026-03-21T15:50:43.160+0000] {dag.py:4180} INFO - Setting next_dagrun for tasklar to 2026-03-19 23:30:00+00:00, run_after=2026-03-20 23:30:00+00:00
[2026-03-21T15:50:43.189+0000] {processor.py:208} INFO - Processing /opt/airflow/dags/import_variable.py took 0.132 seconds
[2026-03-21T15:51:13.835+0000] {processor.py:186} INFO - Started process (PID=18255) to work on /opt/airflow/dags/import_variable.py
[2026-03-21T15:51:13.836+0000] {processor.py:914} INFO - Processing file /opt/airflow/dags/import_variable.py for tasks to queue
[2026-03-21T15:51:13.839+0000] {logging_mixin.py:190} INFO - [2026-03-21T15:51:13.839+0000] {dagbag.py:588} INFO - Filling up the DagBag from /opt/airflow/dags/import_variable.py
[2026-03-21T15:51:13.854+0000] {processor.py:925} INFO - DAG(s) 'tasklar' retrieved from /opt/airflow/dags/import_variable.py
[2026-03-21T15:51:13.884+0000] {logging_mixin.py:190} INFO - [2026-03-21T15:51:13.883+0000] {dag.py:3239} INFO - Sync 1 DAGs
[2026-03-21T15:51:13.917+0000] {logging_mixin.py:190} INFO - [2026-03-21T15:51:13.916+0000] {dag.py:4180} INFO - Setting next_dagrun for tasklar to 2026-03-19 23:30:00+00:00, run_after=2026-03-20 23:30:00+00:00
[2026-03-21T15:51:13.942+0000] {processor.py:208} INFO - Processing /opt/airflow/dags/import_variable.py took 0.115 seconds
[2026-03-21T15:51:44.607+0000] {processor.py:186} INFO - Started process (PID=18296) to work on /opt/airflow/dags/import_variable.py
[2026-03-21T15:51:44.608+0000] {processor.py:914} INFO - Processing file /opt/airflow/dags/import_variable.py for tasks to queue
[2026-03-21T15:51:44.612+0000] {logging_mixin.py:190} INFO - [2026-03-21T15:51:44.611+0000] {dagbag.py:588} INFO - Filling up the DagBag from /opt/airflow/dags/import_variable.py
[2026-03-21T15:51:44.628+0000] {processor.py:925} INFO - DAG(s) 'tasklar' retrieved from /opt/airflow/dags/import_variable.py
[2026-03-21T15:51:44.663+0000] {logging_mixin.py:190} INFO - [2026-03-21T15:51:44.662+0000] {dag.py:3239} INFO - Sync 1 DAGs
[2026-03-21T15:51:44.701+0000] {logging_mixin.py:190} INFO - [2026-03-21T15:51:44.700+0000] {dag.py:4180} INFO - Setting next_dagrun for tasklar to 2026-03-19 23:30:00+00:00, run_after=2026-03-20 23:30:00+00:00
[2026-03-21T15:51:44.724+0000] {processor.py:208} INFO - Processing /opt/airflow/dags/import_variable.py took 0.128 seconds
[2026-03-21T15:52:15.380+0000] {processor.py:186} INFO - Started process (PID=18337) to work on /opt/airflow/dags/import_variable.py
[2026-03-21T15:52:15.381+0000] {processor.py:914} INFO - Processing file /opt/airflow/dags/import_variable.py for tasks to queue
[2026-03-21T15:52:15.385+0000] {logging_mixin.py:190} INFO - [2026-03-21T15:52:15.384+0000] {dagbag.py:588} INFO - Filling up the DagBag from /opt/airflow/dags/import_variable.py
[2026-03-21T15:52:15.403+0000] {processor.py:925} INFO - DAG(s) 'tasklar' retrieved from /opt/airflow/dags/import_variable.py
[2026-03-21T15:52:15.439+0000] {logging_mixin.py:190} INFO - [2026-03-21T15:52:15.438+0000] {dag.py:3239} INFO - Sync 1 DAGs
[2026-03-21T15:52:15.479+0000] {logging_mixin.py:190} INFO - [2026-03-21T15:52:15.478+0000] {dag.py:4180} INFO - Setting next_dagrun for tasklar to 2026-03-19 23:30:00+00:00, run_after=2026-03-20 23:30:00+00:00
[2026-03-21T15:52:15.506+0000] {processor.py:208} INFO - Processing /opt/airflow/dags/import_variable.py took 0.136 seconds
[2026-03-21T15:52:46.186+0000] {processor.py:186} INFO - Started process (PID=18380) to work on /opt/airflow/dags/import_variable.py
[2026-03-21T15:52:46.187+0000] {processor.py:914} INFO - Processing file /opt/airflow/dags/import_variable.py for tasks to queue
[2026-03-21T15:52:46.191+0000] {logging_mixin.py:190} INFO - [2026-03-21T15:52:46.190+0000] {dagbag.py:588} INFO - Filling up the DagBag from /opt/airflow/dags/import_variable.py
[2026-03-21T15:52:46.206+0000] {processor.py:925} INFO - DAG(s) 'tasklar' retrieved from /opt/airflow/dags/import_variable.py
[2026-03-21T15:52:46.241+0000] {logging_mixin.py:190} INFO - [2026-03-21T15:52:46.241+0000] {dag.py:3239} INFO - Sync 1 DAGs
[2026-03-21T15:52:46.280+0000] {logging_mixin.py:190} INFO - [2026-03-21T15:52:46.280+0000] {dag.py:4180} INFO - Setting next_dagrun for tasklar to 2026-03-19 23:30:00+00:00, run_after=2026-03-20 23:30:00+00:00
[2026-03-21T15:52:46.302+0000] {processor.py:208} INFO - Processing /opt/airflow/dags/import_variable.py took 0.126 seconds
[2026-03-21T15:53:16.973+0000] {processor.py:186} INFO - Started process (PID=18421) to work on /opt/airflow/dags/import_variable.py
[2026-03-21T15:53:16.975+0000] {processor.py:914} INFO - Processing file /opt/airflow/dags/import_variable.py for tasks to queue
[2026-03-21T15:53:16.978+0000] {logging_mixin.py:190} INFO - [2026-03-21T15:53:16.977+0000] {dagbag.py:588} INFO - Filling up the DagBag from /opt/airflow/dags/import_variable.py
[2026-03-21T15:53:16.994+0000] {processor.py:925} INFO - DAG(s) 'tasklar' retrieved from /opt/airflow/dags/import_variable.py
[2026-03-21T15:53:17.027+0000] {logging_mixin.py:190} INFO - [2026-03-21T15:53:17.027+0000] {dag.py:3239} INFO - Sync 1 DAGs
[2026-03-21T15:53:17.063+0000] {logging_mixin.py:190} INFO - [2026-03-21T15:53:17.063+0000] {dag.py:4180} INFO - Setting next_dagrun for tasklar to 2026-03-19 23:30:00+00:00, run_after=2026-03-20 23:30:00+00:00
[2026-03-21T15:53:17.090+0000] {processor.py:208} INFO - Processing /opt/airflow/dags/import_variable.py took 0.124 seconds
[2026-03-21T15:53:47.636+0000] {processor.py:186} INFO - Started process (PID=18462) to work on /opt/airflow/dags/import_variable.py
[2026-03-21T15:53:47.637+0000] {processor.py:914} INFO - Processing file /opt/airflow/dags/import_variable.py for tasks to queue
[2026-03-21T15:53:47.639+0000] {logging_mixin.py:190} INFO - [2026-03-21T15:53:47.639+0000] {dagbag.py:588} INFO - Filling up the DagBag from /opt/airflow/dags/import_variable.py
[2026-03-21T15:53:47.655+0000] {processor.py:925} INFO - DAG(s) 'tasklar' retrieved from /opt/airflow/dags/import_variable.py
[2026-03-21T15:53:47.691+0000] {logging_mixin.py:190} INFO - [2026-03-21T15:53:47.691+0000] {dag.py:3239} INFO - Sync 1 DAGs
[2026-03-21T15:53:47.728+0000] {logging_mixin.py:190} INFO - [2026-03-21T15:53:47.728+0000] {dag.py:4180} INFO - Setting next_dagrun for tasklar to 2026-03-19 23:30:00+00:00, run_after=2026-03-20 23:30:00+00:00
[2026-03-21T15:53:47.755+0000] {processor.py:208} INFO - Processing /opt/airflow/dags/import_variable.py took 0.127 seconds
[2026-03-21T15:54:17.851+0000] {processor.py:186} INFO - Started process (PID=18503) to work on /opt/airflow/dags/import_variable.py
[2026-03-21T15:54:17.852+0000] {processor.py:914} INFO - Processing file /opt/airflow/dags/import_variable.py for tasks to queue
[2026-03-21T15:54:17.855+0000] {logging_mixin.py:190} INFO - [2026-03-21T15:54:17.854+0000] {dagbag.py:588} INFO - Filling up the DagBag from /opt/airflow/dags/import_variable.py
[2026-03-21T15:54:17.869+0000] {processor.py:925} INFO - DAG(s) 'tasklar' retrieved from /opt/airflow/dags/import_variable.py
[2026-03-21T15:54:17.901+0000] {logging_mixin.py:190} INFO - [2026-03-21T15:54:17.901+0000] {dag.py:3239} INFO - Sync 1 DAGs
[2026-03-21T15:54:17.933+0000] {logging_mixin.py:190} INFO - [2026-03-21T15:54:17.933+0000] {dag.py:4180} INFO - Setting next_dagrun for tasklar to 2026-03-19 23:30:00+00:00, run_after=2026-03-20 23:30:00+00:00
[2026-03-21T15:54:17.957+0000] {processor.py:208} INFO - Processing /opt/airflow/dags/import_variable.py took 0.113 seconds
[2026-03-21T15:54:48.656+0000] {processor.py:186} INFO - Started process (PID=18542) to work on /opt/airflow/dags/import_variable.py
[2026-03-21T15:54:48.657+0000] {processor.py:914} INFO - Processing file /opt/airflow/dags/import_variable.py for tasks to queue
[2026-03-21T15:54:48.661+0000] {logging_mixin.py:190} INFO - [2026-03-21T15:54:48.660+0000] {dagbag.py:588} INFO - Filling up the DagBag from /opt/airflow/dags/import_variable.py
[2026-03-21T15:54:48.680+0000] {processor.py:925} INFO - DAG(s) 'tasklar' retrieved from /opt/airflow/dags/import_variable.py
[2026-03-21T15:54:48.714+0000] {logging_mixin.py:190} INFO - [2026-03-21T15:54:48.713+0000] {dag.py:3239} INFO - Sync 1 DAGs
[2026-03-21T15:54:48.752+0000] {logging_mixin.py:190} INFO - [2026-03-21T15:54:48.751+0000] {dag.py:4180} INFO - Setting next_dagrun for tasklar to 2026-03-19 23:30:00+00:00, run_after=2026-03-20 23:30:00+00:00
[2026-03-21T15:54:48.779+0000] {processor.py:208} INFO - Processing /opt/airflow/dags/import_variable.py took 0.133 seconds
[2026-03-21T15:55:19.452+0000] {processor.py:186} INFO - Started process (PID=18584) to work on /opt/airflow/dags/import_variable.py
[2026-03-21T15:55:19.453+0000] {processor.py:914} INFO - Processing file /opt/airflow/dags/import_variable.py for tasks to queue
[2026-03-21T15:55:19.456+0000] {logging_mixin.py:190} INFO - [2026-03-21T15:55:19.456+0000] {dagbag.py:588} INFO - Filling up the DagBag from /opt/airflow/dags/import_variable.py
[2026-03-21T15:55:19.476+0000] {processor.py:925} INFO - DAG(s) 'tasklar' retrieved from /opt/airflow/dags/import_variable.py
[2026-03-21T15:55:19.516+0000] {logging_mixin.py:190} INFO - [2026-03-21T15:55:19.516+0000] {dag.py:3239} INFO - Sync 1 DAGs
[2026-03-21T15:55:19.558+0000] {logging_mixin.py:190} INFO - [2026-03-21T15:55:19.558+0000] {dag.py:4180} INFO - Setting next_dagrun for tasklar to 2026-03-19 23:30:00+00:00, run_after=2026-03-20 23:30:00+00:00
[2026-03-21T15:55:19.591+0000] {processor.py:208} INFO - Processing /opt/airflow/dags/import_variable.py took 0.148 seconds
[2026-03-21T15:55:50.230+0000] {processor.py:186} INFO - Started process (PID=18627) to work on /opt/airflow/dags/import_variable.py
[2026-03-21T15:55:50.231+0000] {processor.py:914} INFO - Processing file /opt/airflow/dags/import_variable.py for tasks to queue
[2026-03-21T15:55:50.234+0000] {logging_mixin.py:190} INFO - [2026-03-21T15:55:50.233+0000] {dagbag.py:588} INFO - Filling up the DagBag from /opt/airflow/dags/import_variable.py
[2026-03-21T15:55:50.253+0000] {processor.py:925} INFO - DAG(s) 'tasklar' retrieved from /opt/airflow/dags/import_variable.py
[2026-03-21T15:55:50.289+0000] {logging_mixin.py:190} INFO - [2026-03-21T15:55:50.289+0000] {dag.py:3239} INFO - Sync 1 DAGs
[2026-03-21T15:55:50.329+0000] {logging_mixin.py:190} INFO - [2026-03-21T15:55:50.329+0000] {dag.py:4180} INFO - Setting next_dagrun for tasklar to 2026-03-19 23:30:00+00:00, run_after=2026-03-20 23:30:00+00:00
[2026-03-21T15:55:50.353+0000] {processor.py:208} INFO - Processing /opt/airflow/dags/import_variable.py took 0.131 seconds
[2026-03-21T15:56:21.037+0000] {processor.py:186} INFO - Started process (PID=18668) to work on /opt/airflow/dags/import_variable.py
[2026-03-21T15:56:21.038+0000] {processor.py:914} INFO - Processing file /opt/airflow/dags/import_variable.py for tasks to queue
[2026-03-21T15:56:21.042+0000] {logging_mixin.py:190} INFO - [2026-03-21T15:56:21.042+0000] {dagbag.py:588} INFO - Filling up the DagBag from /opt/airflow/dags/import_variable.py
[2026-03-21T15:56:21.060+0000] {processor.py:925} INFO - DAG(s) 'tasklar' retrieved from /opt/airflow/dags/import_variable.py
[2026-03-21T15:56:21.094+0000] {logging_mixin.py:190} INFO - [2026-03-21T15:56:21.094+0000] {dag.py:3239} INFO - Sync 1 DAGs
[2026-03-21T15:56:21.149+0000] {logging_mixin.py:190} INFO - [2026-03-21T15:56:21.149+0000] {dag.py:4180} INFO - Setting next_dagrun for tasklar to 2026-03-19 23:30:00+00:00, run_after=2026-03-20 23:30:00+00:00
[2026-03-21T15:56:21.176+0000] {processor.py:208} INFO - Processing /opt/airflow/dags/import_variable.py took 0.152 seconds
[2026-03-21T15:56:51.702+0000] {processor.py:186} INFO - Started process (PID=18709) to work on /opt/airflow/dags/import_variable.py
[2026-03-21T15:56:51.703+0000] {processor.py:914} INFO - Processing file /opt/airflow/dags/import_variable.py for tasks to queue
[2026-03-21T15:56:51.707+0000] {logging_mixin.py:190} INFO - [2026-03-21T15:56:51.706+0000] {dagbag.py:588} INFO - Filling up the DagBag from /opt/airflow/dags/import_variable.py
[2026-03-21T15:56:51.729+0000] {processor.py:925} INFO - DAG(s) 'tasklar' retrieved from /opt/airflow/dags/import_variable.py
[2026-03-21T15:56:51.769+0000] {logging_mixin.py:190} INFO - [2026-03-21T15:56:51.769+0000] {dag.py:3239} INFO - Sync 1 DAGs
[2026-03-21T15:56:51.801+0000] {logging_mixin.py:190} INFO - [2026-03-21T15:56:51.801+0000] {dag.py:4180} INFO - Setting next_dagrun for tasklar to 2026-03-19 23:30:00+00:00, run_after=2026-03-20 23:30:00+00:00
[2026-03-21T15:56:51.826+0000] {processor.py:208} INFO - Processing /opt/airflow/dags/import_variable.py took 0.133 seconds
[2026-03-21T15:57:22.489+0000] {processor.py:186} INFO - Started process (PID=18748) to work on /opt/airflow/dags/import_variable.py
[2026-03-21T15:57:22.490+0000] {processor.py:914} INFO - Processing file /opt/airflow/dags/import_variable.py for tasks to queue
[2026-03-21T15:57:22.494+0000] {logging_mixin.py:190} INFO - [2026-03-21T15:57:22.493+0000] {dagbag.py:588} INFO - Filling up the DagBag from /opt/airflow/dags/import_variable.py
[2026-03-21T15:57:22.510+0000] {processor.py:925} INFO - DAG(s) 'tasklar' retrieved from /opt/airflow/dags/import_variable.py
[2026-03-21T15:57:22.550+0000] {logging_mixin.py:190} INFO - [2026-03-21T15:57:22.550+0000] {dag.py:3239} INFO - Sync 1 DAGs
[2026-03-21T15:57:22.593+0000] {logging_mixin.py:190} INFO - [2026-03-21T15:57:22.593+0000] {dag.py:4180} INFO - Setting next_dagrun for tasklar to 2026-03-19 23:30:00+00:00, run_after=2026-03-20 23:30:00+00:00
[2026-03-21T15:57:22.620+0000] {processor.py:208} INFO - Processing /opt/airflow/dags/import_variable.py took 0.140 seconds
[2026-03-21T15:57:53.276+0000] {processor.py:186} INFO - Started process (PID=18789) to work on /opt/airflow/dags/import_variable.py
[2026-03-21T15:57:53.277+0000] {processor.py:914} INFO - Processing file /opt/airflow/dags/import_variable.py for tasks to queue
[2026-03-21T15:57:53.280+0000] {logging_mixin.py:190} INFO - [2026-03-21T15:57:53.279+0000] {dagbag.py:588} INFO - Filling up the DagBag from /opt/airflow/dags/import_variable.py
[2026-03-21T15:57:53.296+0000] {processor.py:925} INFO - DAG(s) 'tasklar' retrieved from /opt/airflow/dags/import_variable.py
[2026-03-21T15:57:53.333+0000] {logging_mixin.py:190} INFO - [2026-03-21T15:57:53.333+0000] {dag.py:3239} INFO - Sync 1 DAGs
[2026-03-21T15:57:53.373+0000] {logging_mixin.py:190} INFO - [2026-03-21T15:57:53.372+0000] {dag.py:4180} INFO - Setting next_dagrun for tasklar to 2026-03-19 23:30:00+00:00, run_after=2026-03-20 23:30:00+00:00
[2026-03-21T15:57:53.396+0000] {processor.py:208} INFO - Processing /opt/airflow/dags/import_variable.py took 0.130 seconds
[2026-03-21T15:58:24.058+0000] {processor.py:186} INFO - Started process (PID=18832) to work on /opt/airflow/dags/import_variable.py
[2026-03-21T15:58:24.060+0000] {processor.py:914} INFO - Processing file /opt/airflow/dags/import_variable.py for tasks to queue
[2026-03-21T15:58:24.063+0000] {logging_mixin.py:190} INFO - [2026-03-21T15:58:24.062+0000] {dagbag.py:588} INFO - Filling up the DagBag from /opt/airflow/dags/import_variable.py
[2026-03-21T15:58:24.080+0000] {processor.py:925} INFO - DAG(s) 'tasklar' retrieved from /opt/airflow/dags/import_variable.py
[2026-03-21T15:58:24.111+0000] {logging_mixin.py:190} INFO - [2026-03-21T15:58:24.111+0000] {dag.py:3239} INFO - Sync 1 DAGs
[2026-03-21T15:58:24.156+0000] {logging_mixin.py:190} INFO - [2026-03-21T15:58:24.155+0000] {dag.py:4180} INFO - Setting next_dagrun for tasklar to 2026-03-19 23:30:00+00:00, run_after=2026-03-20 23:30:00+00:00
[2026-03-21T15:58:24.187+0000] {processor.py:208} INFO - Processing /opt/airflow/dags/import_variable.py took 0.139 seconds
[2026-03-21T15:58:54.855+0000] {processor.py:186} INFO - Started process (PID=18871) to work on /opt/airflow/dags/import_variable.py
[2026-03-21T15:58:54.856+0000] {processor.py:914} INFO - Processing file /opt/airflow/dags/import_variable.py for tasks to queue
[2026-03-21T15:58:54.859+0000] {logging_mixin.py:190} INFO - [2026-03-21T15:58:54.859+0000] {dagbag.py:588} INFO - Filling up the DagBag from /opt/airflow/dags/import_variable.py
[2026-03-21T15:58:54.878+0000] {processor.py:925} INFO - DAG(s) 'tasklar' retrieved from /opt/airflow/dags/import_variable.py
[2026-03-21T15:58:54.914+0000] {logging_mixin.py:190} INFO - [2026-03-21T15:58:54.913+0000] {dag.py:3239} INFO - Sync 1 DAGs
[2026-03-21T15:58:54.951+0000] {logging_mixin.py:190} INFO - [2026-03-21T15:58:54.950+0000] {dag.py:4180} INFO - Setting next_dagrun for tasklar to 2026-03-19 23:30:00+00:00, run_after=2026-03-20 23:30:00+00:00
[2026-03-21T15:58:54.974+0000] {processor.py:208} INFO - Processing /opt/airflow/dags/import_variable.py took 0.130 seconds
[2026-03-21T15:59:25.657+0000] {processor.py:186} INFO - Started process (PID=18914) to work on /opt/airflow/dags/import_variable.py
[2026-03-21T15:59:25.658+0000] {processor.py:914} INFO - Processing file /opt/airflow/dags/import_variable.py for tasks to queue
[2026-03-21T15:59:25.661+0000] {logging_mixin.py:190} INFO - [2026-03-21T15:59:25.661+0000] {dagbag.py:588} INFO - Filling up the DagBag from /opt/airflow/dags/import_variable.py
[2026-03-21T15:59:25.678+0000] {processor.py:925} INFO - DAG(s) 'tasklar' retrieved from /opt/airflow/dags/import_variable.py
[2026-03-21T15:59:25.710+0000] {logging_mixin.py:190} INFO - [2026-03-21T15:59:25.710+0000] {dag.py:3239} INFO - Sync 1 DAGs
[2026-03-21T15:59:25.753+0000] {logging_mixin.py:190} INFO - [2026-03-21T15:59:25.752+0000] {dag.py:4180} INFO - Setting next_dagrun for tasklar to 2026-03-19 23:30:00+00:00, run_after=2026-03-20 23:30:00+00:00
[2026-03-21T15:59:25.778+0000] {processor.py:208} INFO - Processing /opt/airflow/dags/import_variable.py took 0.128 seconds
[2026-03-21T15:59:56.455+0000] {processor.py:186} INFO - Started process (PID=18953) to work on /opt/airflow/dags/import_variable.py
[2026-03-21T15:59:56.455+0000] {processor.py:914} INFO - Processing file /opt/airflow/dags/import_variable.py for tasks to queue
[2026-03-21T15:59:56.458+0000] {logging_mixin.py:190} INFO - [2026-03-21T15:59:56.458+0000] {dagbag.py:588} INFO - Filling up the DagBag from /opt/airflow/dags/import_variable.py
[2026-03-21T15:59:56.479+0000] {processor.py:925} INFO - DAG(s) 'tasklar' retrieved from /opt/airflow/dags/import_variable.py
[2026-03-21T15:59:56.512+0000] {logging_mixin.py:190} INFO - [2026-03-21T15:59:56.511+0000] {dag.py:3239} INFO - Sync 1 DAGs
[2026-03-21T15:59:56.551+0000] {logging_mixin.py:190} INFO - [2026-03-21T15:59:56.550+0000] {dag.py:4180} INFO - Setting next_dagrun for tasklar to 2026-03-19 23:30:00+00:00, run_after=2026-03-20 23:30:00+00:00
[2026-03-21T15:59:56.580+0000] {processor.py:208} INFO - Processing /opt/airflow/dags/import_variable.py took 0.133 seconds
[2026-03-21T16:00:27.245+0000] {processor.py:186} INFO - Started process (PID=18996) to work on /opt/airflow/dags/import_variable.py
[2026-03-21T16:00:27.246+0000] {processor.py:914} INFO - Processing file /opt/airflow/dags/import_variable.py for tasks to queue
[2026-03-21T16:00:27.251+0000] {logging_mixin.py:190} INFO - [2026-03-21T16:00:27.250+0000] {dagbag.py:588} INFO - Filling up the DagBag from /opt/airflow/dags/import_variable.py
[2026-03-21T16:00:27.270+0000] {processor.py:925} INFO - DAG(s) 'tasklar' retrieved from /opt/airflow/dags/import_variable.py
[2026-03-21T16:00:27.312+0000] {logging_mixin.py:190} INFO - [2026-03-21T16:00:27.311+0000] {dag.py:3239} INFO - Sync 1 DAGs
[2026-03-21T16:00:27.353+0000] {logging_mixin.py:190} INFO - [2026-03-21T16:00:27.353+0000] {dag.py:4180} INFO - Setting next_dagrun for tasklar to 2026-03-19 23:30:00+00:00, run_after=2026-03-20 23:30:00+00:00
[2026-03-21T16:00:27.381+0000] {processor.py:208} INFO - Processing /opt/airflow/dags/import_variable.py took 0.147 seconds
[2026-03-21T16:00:58.054+0000] {processor.py:186} INFO - Started process (PID=19037) to work on /opt/airflow/dags/import_variable.py
[2026-03-21T16:00:58.055+0000] {processor.py:914} INFO - Processing file /opt/airflow/dags/import_variable.py for tasks to queue
[2026-03-21T16:00:58.058+0000] {logging_mixin.py:190} INFO - [2026-03-21T16:00:58.057+0000] {dagbag.py:588} INFO - Filling up the DagBag from /opt/airflow/dags/import_variable.py
[2026-03-21T16:00:58.073+0000] {processor.py:925} INFO - DAG(s) 'tasklar' retrieved from /opt/airflow/dags/import_variable.py
[2026-03-21T16:00:58.107+0000] {logging_mixin.py:190} INFO - [2026-03-21T16:00:58.107+0000] {dag.py:3239} INFO - Sync 1 DAGs
[2026-03-21T16:00:58.147+0000] {logging_mixin.py:190} INFO - [2026-03-21T16:00:58.147+0000] {dag.py:4180} INFO - Setting next_dagrun for tasklar to 2026-03-19 23:30:00+00:00, run_after=2026-03-20 23:30:00+00:00
[2026-03-21T16:00:58.173+0000] {processor.py:208} INFO - Processing /opt/airflow/dags/import_variable.py took 0.127 seconds
[2026-03-21T16:01:28.833+0000] {processor.py:186} INFO - Started process (PID=19078) to work on /opt/airflow/dags/import_variable.py
[2026-03-21T16:01:28.834+0000] {processor.py:914} INFO - Processing file /opt/airflow/dags/import_variable.py for tasks to queue
[2026-03-21T16:01:28.837+0000] {logging_mixin.py:190} INFO - [2026-03-21T16:01:28.836+0000] {dagbag.py:588} INFO - Filling up the DagBag from /opt/airflow/dags/import_variable.py
[2026-03-21T16:01:28.855+0000] {processor.py:925} INFO - DAG(s) 'tasklar' retrieved from /opt/airflow/dags/import_variable.py
[2026-03-21T16:01:28.891+0000] {logging_mixin.py:190} INFO - [2026-03-21T16:01:28.891+0000] {dag.py:3239} INFO - Sync 1 DAGs
[2026-03-21T16:01:28.929+0000] {logging_mixin.py:190} INFO - [2026-03-21T16:01:28.928+0000] {dag.py:4180} INFO - Setting next_dagrun for tasklar to 2026-03-19 23:30:00+00:00, run_after=2026-03-20 23:30:00+00:00
[2026-03-21T16:01:28.953+0000] {processor.py:208} INFO - Processing /opt/airflow/dags/import_variable.py took 0.128 seconds
[2026-03-21T16:01:59.593+0000] {processor.py:186} INFO - Started process (PID=19117) to work on /opt/airflow/dags/import_variable.py
[2026-03-21T16:01:59.594+0000] {processor.py:914} INFO - Processing file /opt/airflow/dags/import_variable.py for tasks to queue
[2026-03-21T16:01:59.598+0000] {logging_mixin.py:190} INFO - [2026-03-21T16:01:59.597+0000] {dagbag.py:588} INFO - Filling up the DagBag from /opt/airflow/dags/import_variable.py
[2026-03-21T16:01:59.618+0000] {processor.py:925} INFO - DAG(s) 'tasklar' retrieved from /opt/airflow/dags/import_variable.py
[2026-03-21T16:01:59.652+0000] {logging_mixin.py:190} INFO - [2026-03-21T16:01:59.651+0000] {dag.py:3239} INFO - Sync 1 DAGs
[2026-03-21T16:01:59.692+0000] {logging_mixin.py:190} INFO - [2026-03-21T16:01:59.692+0000] {dag.py:4180} INFO - Setting next_dagrun for tasklar to 2026-03-19 23:30:00+00:00, run_after=2026-03-20 23:30:00+00:00
[2026-03-21T16:01:59.715+0000] {processor.py:208} INFO - Processing /opt/airflow/dags/import_variable.py took 0.131 seconds
[2026-03-21T16:02:30.411+0000] {processor.py:186} INFO - Started process (PID=19161) to work on /opt/airflow/dags/import_variable.py
[2026-03-21T16:02:30.413+0000] {processor.py:914} INFO - Processing file /opt/airflow/dags/import_variable.py for tasks to queue
[2026-03-21T16:02:30.416+0000] {logging_mixin.py:190} INFO - [2026-03-21T16:02:30.416+0000] {dagbag.py:588} INFO - Filling up the DagBag from /opt/airflow/dags/import_variable.py
[2026-03-21T16:02:30.441+0000] {processor.py:925} INFO - DAG(s) 'tasklar' retrieved from /opt/airflow/dags/import_variable.py
[2026-03-21T16:02:30.481+0000] {logging_mixin.py:190} INFO - [2026-03-21T16:02:30.480+0000] {dag.py:3239} INFO - Sync 1 DAGs
[2026-03-21T16:02:30.517+0000] {logging_mixin.py:190} INFO - [2026-03-21T16:02:30.517+0000] {dag.py:4180} INFO - Setting next_dagrun for tasklar to 2026-03-19 23:30:00+00:00, run_after=2026-03-20 23:30:00+00:00
[2026-03-21T16:02:30.539+0000] {processor.py:208} INFO - Processing /opt/airflow/dags/import_variable.py took 0.145 seconds
[2026-03-21T16:03:01.073+0000] {processor.py:186} INFO - Started process (PID=19202) to work on /opt/airflow/dags/import_variable.py
[2026-03-21T16:03:01.074+0000] {processor.py:914} INFO - Processing file /opt/airflow/dags/import_variable.py for tasks to queue
[2026-03-21T16:03:01.077+0000] {logging_mixin.py:190} INFO - [2026-03-21T16:03:01.077+0000] {dagbag.py:588} INFO - Filling up the DagBag from /opt/airflow/dags/import_variable.py
[2026-03-21T16:03:01.096+0000] {processor.py:925} INFO - DAG(s) 'tasklar' retrieved from /opt/airflow/dags/import_variable.py
[2026-03-21T16:03:01.128+0000] {logging_mixin.py:190} INFO - [2026-03-21T16:03:01.127+0000] {dag.py:3239} INFO - Sync 1 DAGs
[2026-03-21T16:03:01.165+0000] {logging_mixin.py:190} INFO - [2026-03-21T16:03:01.165+0000] {dag.py:4180} INFO - Setting next_dagrun for tasklar to 2026-03-19 23:30:00+00:00, run_after=2026-03-20 23:30:00+00:00
[2026-03-21T16:03:01.190+0000] {processor.py:208} INFO - Processing /opt/airflow/dags/import_variable.py took 0.126 seconds
[2026-03-21T16:03:31.871+0000] {processor.py:186} INFO - Started process (PID=19243) to work on /opt/airflow/dags/import_variable.py
[2026-03-21T16:03:31.872+0000] {processor.py:914} INFO - Processing file /opt/airflow/dags/import_variable.py for tasks to queue
[2026-03-21T16:03:31.875+0000] {logging_mixin.py:190} INFO - [2026-03-21T16:03:31.875+0000] {dagbag.py:588} INFO - Filling up the DagBag from /opt/airflow/dags/import_variable.py
[2026-03-21T16:03:31.891+0000] {processor.py:925} INFO - DAG(s) 'tasklar' retrieved from /opt/airflow/dags/import_variable.py
[2026-03-21T16:03:31.922+0000] {logging_mixin.py:190} INFO - [2026-03-21T16:03:31.922+0000] {dag.py:3239} INFO - Sync 1 DAGs
[2026-03-21T16:03:31.955+0000] {logging_mixin.py:190} INFO - [2026-03-21T16:03:31.955+0000] {dag.py:4180} INFO - Setting next_dagrun for tasklar to 2026-03-19 23:30:00+00:00, run_after=2026-03-20 23:30:00+00:00
[2026-03-21T16:03:31.978+0000] {processor.py:208} INFO - Processing /opt/airflow/dags/import_variable.py took 0.116 seconds
[2026-03-21T16:04:02.659+0000] {processor.py:186} INFO - Started process (PID=19284) to work on /opt/airflow/dags/import_variable.py
[2026-03-21T16:04:02.660+0000] {processor.py:914} INFO - Processing file /opt/airflow/dags/import_variable.py for tasks to queue
[2026-03-21T16:04:02.663+0000] {logging_mixin.py:190} INFO - [2026-03-21T16:04:02.663+0000] {dagbag.py:588} INFO - Filling up the DagBag from /opt/airflow/dags/import_variable.py
[2026-03-21T16:04:02.682+0000] {processor.py:925} INFO - DAG(s) 'tasklar' retrieved from /opt/airflow/dags/import_variable.py
[2026-03-21T16:04:02.717+0000] {logging_mixin.py:190} INFO - [2026-03-21T16:04:02.717+0000] {dag.py:3239} INFO - Sync 1 DAGs
[2026-03-21T16:04:02.747+0000] {logging_mixin.py:190} INFO - [2026-03-21T16:04:02.746+0000] {dag.py:4180} INFO - Setting next_dagrun for tasklar to 2026-03-19 23:30:00+00:00, run_after=2026-03-20 23:30:00+00:00
[2026-03-21T16:04:02.771+0000] {processor.py:208} INFO - Processing /opt/airflow/dags/import_variable.py took 0.121 seconds
[2026-03-21T16:04:33.452+0000] {processor.py:186} INFO - Started process (PID=19325) to work on /opt/airflow/dags/import_variable.py
[2026-03-21T16:04:33.453+0000] {processor.py:914} INFO - Processing file /opt/airflow/dags/import_variable.py for tasks to queue
[2026-03-21T16:04:33.456+0000] {logging_mixin.py:190} INFO - [2026-03-21T16:04:33.456+0000] {dagbag.py:588} INFO - Filling up the DagBag from /opt/airflow/dags/import_variable.py
[2026-03-21T16:04:33.471+0000] {processor.py:925} INFO - DAG(s) 'tasklar' retrieved from /opt/airflow/dags/import_variable.py
[2026-03-21T16:04:33.503+0000] {logging_mixin.py:190} INFO - [2026-03-21T16:04:33.502+0000] {dag.py:3239} INFO - Sync 1 DAGs
[2026-03-21T16:04:33.540+0000] {logging_mixin.py:190} INFO - [2026-03-21T16:04:33.539+0000] {dag.py:4180} INFO - Setting next_dagrun for tasklar to 2026-03-19 23:30:00+00:00, run_after=2026-03-20 23:30:00+00:00
[2026-03-21T16:04:33.567+0000] {processor.py:208} INFO - Processing /opt/airflow/dags/import_variable.py took 0.122 seconds
[2026-03-21T16:05:04.214+0000] {processor.py:186} INFO - Started process (PID=19366) to work on /opt/airflow/dags/import_variable.py
[2026-03-21T16:05:04.215+0000] {processor.py:914} INFO - Processing file /opt/airflow/dags/import_variable.py for tasks to queue
[2026-03-21T16:05:04.218+0000] {logging_mixin.py:190} INFO - [2026-03-21T16:05:04.217+0000] {dagbag.py:588} INFO - Filling up the DagBag from /opt/airflow/dags/import_variable.py
[2026-03-21T16:05:04.232+0000] {processor.py:925} INFO - DAG(s) 'tasklar' retrieved from /opt/airflow/dags/import_variable.py
[2026-03-21T16:05:04.264+0000] {logging_mixin.py:190} INFO - [2026-03-21T16:05:04.264+0000] {dag.py:3239} INFO - Sync 1 DAGs
[2026-03-21T16:05:04.298+0000] {logging_mixin.py:190} INFO - [2026-03-21T16:05:04.297+0000] {dag.py:4180} INFO - Setting next_dagrun for tasklar to 2026-03-19 23:30:00+00:00, run_after=2026-03-20 23:30:00+00:00
[2026-03-21T16:05:04.319+0000] {processor.py:208} INFO - Processing /opt/airflow/dags/import_variable.py took 0.113 seconds
[2026-03-21T16:05:35.014+0000] {processor.py:186} INFO - Started process (PID=19413) to work on /opt/airflow/dags/import_variable.py
[2026-03-21T16:05:35.015+0000] {processor.py:914} INFO - Processing file /opt/airflow/dags/import_variable.py for tasks to queue
[2026-03-21T16:05:35.018+0000] {logging_mixin.py:190} INFO - [2026-03-21T16:05:35.018+0000] {dagbag.py:588} INFO - Filling up the DagBag from /opt/airflow/dags/import_variable.py
[2026-03-21T16:05:35.033+0000] {processor.py:925} INFO - DAG(s) 'tasklar' retrieved from /opt/airflow/dags/import_variable.py
[2026-03-21T16:05:35.067+0000] {logging_mixin.py:190} INFO - [2026-03-21T16:05:35.067+0000] {dag.py:3239} INFO - Sync 1 DAGs
[2026-03-21T16:05:35.099+0000] {logging_mixin.py:190} INFO - [2026-03-21T16:05:35.099+0000] {dag.py:4180} INFO - Setting next_dagrun for tasklar to 2026-03-19 23:30:00+00:00, run_after=2026-03-20 23:30:00+00:00
[2026-03-21T16:05:35.124+0000] {processor.py:208} INFO - Processing /opt/airflow/dags/import_variable.py took 0.120 seconds
[2026-03-21T16:06:05.808+0000] {processor.py:186} INFO - Started process (PID=19454) to work on /opt/airflow/dags/import_variable.py
[2026-03-21T16:06:05.809+0000] {processor.py:914} INFO - Processing file /opt/airflow/dags/import_variable.py for tasks to queue
[2026-03-21T16:06:05.812+0000] {logging_mixin.py:190} INFO - [2026-03-21T16:06:05.811+0000] {dagbag.py:588} INFO - Filling up the DagBag from /opt/airflow/dags/import_variable.py
[2026-03-21T16:06:05.828+0000] {processor.py:925} INFO - DAG(s) 'tasklar' retrieved from /opt/airflow/dags/import_variable.py
[2026-03-21T16:06:05.863+0000] {logging_mixin.py:190} INFO - [2026-03-21T16:06:05.862+0000] {dag.py:3239} INFO - Sync 1 DAGs
[2026-03-21T16:06:05.899+0000] {logging_mixin.py:190} INFO - [2026-03-21T16:06:05.899+0000] {dag.py:4180} INFO - Setting next_dagrun for tasklar to 2026-03-19 23:30:00+00:00, run_after=2026-03-20 23:30:00+00:00
[2026-03-21T16:06:05.923+0000] {processor.py:208} INFO - Processing /opt/airflow/dags/import_variable.py took 0.122 seconds
[2026-03-21T16:06:36.577+0000] {processor.py:186} INFO - Started process (PID=19493) to work on /opt/airflow/dags/import_variable.py
[2026-03-21T16:06:36.578+0000] {processor.py:914} INFO - Processing file /opt/airflow/dags/import_variable.py for tasks to queue
[2026-03-21T16:06:36.581+0000] {logging_mixin.py:190} INFO - [2026-03-21T16:06:36.580+0000] {dagbag.py:588} INFO - Filling up the DagBag from /opt/airflow/dags/import_variable.py
[2026-03-21T16:06:36.600+0000] {processor.py:925} INFO - DAG(s) 'tasklar' retrieved from /opt/airflow/dags/import_variable.py
[2026-03-21T16:06:36.639+0000] {logging_mixin.py:190} INFO - [2026-03-21T16:06:36.639+0000] {dag.py:3239} INFO - Sync 1 DAGs
[2026-03-21T16:06:36.676+0000] {logging_mixin.py:190} INFO - [2026-03-21T16:06:36.676+0000] {dag.py:4180} INFO - Setting next_dagrun for tasklar to 2026-03-19 23:30:00+00:00, run_after=2026-03-20 23:30:00+00:00
[2026-03-21T16:06:36.699+0000] {processor.py:208} INFO - Processing /opt/airflow/dags/import_variable.py took 0.131 seconds
[2026-03-21T16:07:07.356+0000] {processor.py:186} INFO - Started process (PID=19537) to work on /opt/airflow/dags/import_variable.py
[2026-03-21T16:07:07.357+0000] {processor.py:914} INFO - Processing file /opt/airflow/dags/import_variable.py for tasks to queue
[2026-03-21T16:07:07.361+0000] {logging_mixin.py:190} INFO - [2026-03-21T16:07:07.361+0000] {dagbag.py:588} INFO - Filling up the DagBag from /opt/airflow/dags/import_variable.py
[2026-03-21T16:07:07.382+0000] {processor.py:925} INFO - DAG(s) 'tasklar' retrieved from /opt/airflow/dags/import_variable.py
[2026-03-21T16:07:07.419+0000] {logging_mixin.py:190} INFO - [2026-03-21T16:07:07.419+0000] {dag.py:3239} INFO - Sync 1 DAGs
[2026-03-21T16:07:07.459+0000] {logging_mixin.py:190} INFO - [2026-03-21T16:07:07.459+0000] {dag.py:4180} INFO - Setting next_dagrun for tasklar to 2026-03-19 23:30:00+00:00, run_after=2026-03-20 23:30:00+00:00
[2026-03-21T16:07:07.486+0000] {processor.py:208} INFO - Processing /opt/airflow/dags/import_variable.py took 0.138 seconds
[2026-03-21T16:07:38.003+0000] {processor.py:186} INFO - Started process (PID=19578) to work on /opt/airflow/dags/import_variable.py
[2026-03-21T16:07:38.005+0000] {processor.py:914} INFO - Processing file /opt/airflow/dags/import_variable.py for tasks to queue
[2026-03-21T16:07:38.009+0000] {logging_mixin.py:190} INFO - [2026-03-21T16:07:38.008+0000] {dagbag.py:588} INFO - Filling up the DagBag from /opt/airflow/dags/import_variable.py
[2026-03-21T16:07:38.025+0000] {processor.py:925} INFO - DAG(s) 'tasklar' retrieved from /opt/airflow/dags/import_variable.py
[2026-03-21T16:07:38.059+0000] {logging_mixin.py:190} INFO - [2026-03-21T16:07:38.059+0000] {dag.py:3239} INFO - Sync 1 DAGs
[2026-03-21T16:07:38.099+0000] {logging_mixin.py:190} INFO - [2026-03-21T16:07:38.098+0000] {dag.py:4180} INFO - Setting next_dagrun for tasklar to 2026-03-19 23:30:00+00:00, run_after=2026-03-20 23:30:00+00:00
[2026-03-21T16:07:38.123+0000] {processor.py:208} INFO - Processing /opt/airflow/dags/import_variable.py took 0.129 seconds
[2026-03-21T16:08:08.797+0000] {processor.py:186} INFO - Started process (PID=19619) to work on /opt/airflow/dags/import_variable.py
[2026-03-21T16:08:08.798+0000] {processor.py:914} INFO - Processing file /opt/airflow/dags/import_variable.py for tasks to queue
[2026-03-21T16:08:08.801+0000] {logging_mixin.py:190} INFO - [2026-03-21T16:08:08.800+0000] {dagbag.py:588} INFO - Filling up the DagBag from /opt/airflow/dags/import_variable.py
[2026-03-21T16:08:08.816+0000] {processor.py:925} INFO - DAG(s) 'tasklar' retrieved from /opt/airflow/dags/import_variable.py
[2026-03-21T16:08:08.847+0000] {logging_mixin.py:190} INFO - [2026-03-21T16:08:08.846+0000] {dag.py:3239} INFO - Sync 1 DAGs
[2026-03-21T16:08:08.883+0000] {logging_mixin.py:190} INFO - [2026-03-21T16:08:08.882+0000] {dag.py:4180} INFO - Setting next_dagrun for tasklar to 2026-03-19 23:30:00+00:00, run_after=2026-03-20 23:30:00+00:00
[2026-03-21T16:08:08.909+0000] {processor.py:208} INFO - Processing /opt/airflow/dags/import_variable.py took 0.119 seconds
[2026-03-21T16:08:39.561+0000] {processor.py:186} INFO - Started process (PID=19658) to work on /opt/airflow/dags/import_variable.py
[2026-03-21T16:08:39.562+0000] {processor.py:914} INFO - Processing file /opt/airflow/dags/import_variable.py for tasks to queue
[2026-03-21T16:08:39.565+0000] {logging_mixin.py:190} INFO - [2026-03-21T16:08:39.565+0000] {dagbag.py:588} INFO - Filling up the DagBag from /opt/airflow/dags/import_variable.py
[2026-03-21T16:08:39.585+0000] {processor.py:925} INFO - DAG(s) 'tasklar' retrieved from /opt/airflow/dags/import_variable.py
[2026-03-21T16:08:39.617+0000] {logging_mixin.py:190} INFO - [2026-03-21T16:08:39.617+0000] {dag.py:3239} INFO - Sync 1 DAGs
[2026-03-21T16:08:39.658+0000] {logging_mixin.py:190} INFO - [2026-03-21T16:08:39.657+0000] {dag.py:4180} INFO - Setting next_dagrun for tasklar to 2026-03-19 23:30:00+00:00, run_after=2026-03-20 23:30:00+00:00
[2026-03-21T16:08:39.682+0000] {processor.py:208} INFO - Processing /opt/airflow/dags/import_variable.py took 0.129 seconds
[2026-03-21T16:09:10.349+0000] {processor.py:186} INFO - Started process (PID=19701) to work on /opt/airflow/dags/import_variable.py
[2026-03-21T16:09:10.351+0000] {processor.py:914} INFO - Processing file /opt/airflow/dags/import_variable.py for tasks to queue
[2026-03-21T16:09:10.353+0000] {logging_mixin.py:190} INFO - [2026-03-21T16:09:10.353+0000] {dagbag.py:588} INFO - Filling up the DagBag from /opt/airflow/dags/import_variable.py
[2026-03-21T16:09:10.371+0000] {processor.py:925} INFO - DAG(s) 'tasklar' retrieved from /opt/airflow/dags/import_variable.py
[2026-03-21T16:09:10.404+0000] {logging_mixin.py:190} INFO - [2026-03-21T16:09:10.404+0000] {dag.py:3239} INFO - Sync 1 DAGs
[2026-03-21T16:09:10.444+0000] {logging_mixin.py:190} INFO - [2026-03-21T16:09:10.444+0000] {dag.py:4180} INFO - Setting next_dagrun for tasklar to 2026-03-19 23:30:00+00:00, run_after=2026-03-20 23:30:00+00:00
[2026-03-21T16:09:10.465+0000] {processor.py:208} INFO - Processing /opt/airflow/dags/import_variable.py took 0.124 seconds
[2026-03-21T16:09:41.164+0000] {processor.py:186} INFO - Started process (PID=19742) to work on /opt/airflow/dags/import_variable.py
[2026-03-21T16:09:41.165+0000] {processor.py:914} INFO - Processing file /opt/airflow/dags/import_variable.py for tasks to queue
[2026-03-21T16:09:41.167+0000] {logging_mixin.py:190} INFO - [2026-03-21T16:09:41.167+0000] {dagbag.py:588} INFO - Filling up the DagBag from /opt/airflow/dags/import_variable.py
[2026-03-21T16:09:41.183+0000] {processor.py:925} INFO - DAG(s) 'tasklar' retrieved from /opt/airflow/dags/import_variable.py
[2026-03-21T16:09:41.214+0000] {logging_mixin.py:190} INFO - [2026-03-21T16:09:41.213+0000] {dag.py:3239} INFO - Sync 1 DAGs
[2026-03-21T16:09:41.245+0000] {logging_mixin.py:190} INFO - [2026-03-21T16:09:41.245+0000] {dag.py:4180} INFO - Setting next_dagrun for tasklar to 2026-03-19 23:30:00+00:00, run_after=2026-03-20 23:30:00+00:00
[2026-03-21T16:09:41.267+0000] {processor.py:208} INFO - Processing /opt/airflow/dags/import_variable.py took 0.111 seconds
[2026-03-21T16:10:11.930+0000] {processor.py:186} INFO - Started process (PID=19783) to work on /opt/airflow/dags/import_variable.py
[2026-03-21T16:10:11.931+0000] {processor.py:914} INFO - Processing file /opt/airflow/dags/import_variable.py for tasks to queue
[2026-03-21T16:10:11.935+0000] {logging_mixin.py:190} INFO - [2026-03-21T16:10:11.935+0000] {dagbag.py:588} INFO - Filling up the DagBag from /opt/airflow/dags/import_variable.py
[2026-03-21T16:10:11.954+0000] {processor.py:925} INFO - DAG(s) 'tasklar' retrieved from /opt/airflow/dags/import_variable.py
[2026-03-21T16:10:11.982+0000] {logging_mixin.py:190} INFO - [2026-03-21T16:10:11.982+0000] {dag.py:3239} INFO - Sync 1 DAGs
[2026-03-21T16:10:12.017+0000] {logging_mixin.py:190} INFO - [2026-03-21T16:10:12.017+0000] {dag.py:4180} INFO - Setting next_dagrun for tasklar to 2026-03-19 23:30:00+00:00, run_after=2026-03-20 23:30:00+00:00
[2026-03-21T16:10:12.045+0000] {processor.py:208} INFO - Processing /opt/airflow/dags/import_variable.py took 0.123 seconds
[2026-03-21T16:10:42.740+0000] {processor.py:186} INFO - Started process (PID=19824) to work on /opt/airflow/dags/import_variable.py
[2026-03-21T16:10:42.741+0000] {processor.py:914} INFO - Processing file /opt/airflow/dags/import_variable.py for tasks to queue
[2026-03-21T16:10:42.743+0000] {logging_mixin.py:190} INFO - [2026-03-21T16:10:42.743+0000] {dagbag.py:588} INFO - Filling up the DagBag from /opt/airflow/dags/import_variable.py
[2026-03-21T16:10:42.758+0000] {processor.py:925} INFO - DAG(s) 'tasklar' retrieved from /opt/airflow/dags/import_variable.py
[2026-03-21T16:10:42.789+0000] {logging_mixin.py:190} INFO - [2026-03-21T16:10:42.789+0000] {dag.py:3239} INFO - Sync 1 DAGs
[2026-03-21T16:10:42.824+0000] {logging_mixin.py:190} INFO - [2026-03-21T16:10:42.824+0000] {dag.py:4180} INFO - Setting next_dagrun for tasklar to 2026-03-19 23:30:00+00:00, run_after=2026-03-20 23:30:00+00:00
[2026-03-21T16:10:42.845+0000] {processor.py:208} INFO - Processing /opt/airflow/dags/import_variable.py took 0.113 seconds
[2026-03-21T16:11:13.563+0000] {processor.py:186} INFO - Started process (PID=19865) to work on /opt/airflow/dags/import_variable.py
[2026-03-21T16:11:13.564+0000] {processor.py:914} INFO - Processing file /opt/airflow/dags/import_variable.py for tasks to queue
[2026-03-21T16:11:13.568+0000] {logging_mixin.py:190} INFO - [2026-03-21T16:11:13.567+0000] {dagbag.py:588} INFO - Filling up the DagBag from /opt/airflow/dags/import_variable.py
[2026-03-21T16:11:13.588+0000] {processor.py:925} INFO - DAG(s) 'tasklar' retrieved from /opt/airflow/dags/import_variable.py
[2026-03-21T16:11:13.632+0000] {logging_mixin.py:190} INFO - [2026-03-21T16:11:13.632+0000] {dag.py:3239} INFO - Sync 1 DAGs
[2026-03-21T16:11:13.672+0000] {logging_mixin.py:190} INFO - [2026-03-21T16:11:13.671+0000] {dag.py:4180} INFO - Setting next_dagrun for tasklar to 2026-03-19 23:30:00+00:00, run_after=2026-03-20 23:30:00+00:00
[2026-03-21T16:11:13.706+0000] {processor.py:208} INFO - Processing /opt/airflow/dags/import_variable.py took 0.153 seconds
[2026-03-21T16:11:44.393+0000] {processor.py:186} INFO - Started process (PID=19904) to work on /opt/airflow/dags/import_variable.py
[2026-03-21T16:11:44.394+0000] {processor.py:914} INFO - Processing file /opt/airflow/dags/import_variable.py for tasks to queue
[2026-03-21T16:11:44.396+0000] {logging_mixin.py:190} INFO - [2026-03-21T16:11:44.396+0000] {dagbag.py:588} INFO - Filling up the DagBag from /opt/airflow/dags/import_variable.py
[2026-03-21T16:11:44.413+0000] {processor.py:925} INFO - DAG(s) 'tasklar' retrieved from /opt/airflow/dags/import_variable.py
[2026-03-21T16:11:44.445+0000] {logging_mixin.py:190} INFO - [2026-03-21T16:11:44.445+0000] {dag.py:3239} INFO - Sync 1 DAGs
[2026-03-21T16:11:44.485+0000] {logging_mixin.py:190} INFO - [2026-03-21T16:11:44.485+0000] {dag.py:4180} INFO - Setting next_dagrun for tasklar to 2026-03-19 23:30:00+00:00, run_after=2026-03-20 23:30:00+00:00
[2026-03-21T16:11:44.515+0000] {processor.py:208} INFO - Processing /opt/airflow/dags/import_variable.py took 0.134 seconds
[2026-03-21T16:12:15.201+0000] {processor.py:186} INFO - Started process (PID=19947) to work on /opt/airflow/dags/import_variable.py
[2026-03-21T16:12:15.202+0000] {processor.py:914} INFO - Processing file /opt/airflow/dags/import_variable.py for tasks to queue
[2026-03-21T16:12:15.205+0000] {logging_mixin.py:190} INFO - [2026-03-21T16:12:15.204+0000] {dagbag.py:588} INFO - Filling up the DagBag from /opt/airflow/dags/import_variable.py
[2026-03-21T16:12:15.221+0000] {processor.py:925} INFO - DAG(s) 'tasklar' retrieved from /opt/airflow/dags/import_variable.py
[2026-03-21T16:12:15.256+0000] {logging_mixin.py:190} INFO - [2026-03-21T16:12:15.255+0000] {dag.py:3239} INFO - Sync 1 DAGs
[2026-03-21T16:12:15.287+0000] {logging_mixin.py:190} INFO - [2026-03-21T16:12:15.286+0000] {dag.py:4180} INFO - Setting next_dagrun for tasklar to 2026-03-19 23:30:00+00:00, run_after=2026-03-20 23:30:00+00:00
[2026-03-21T16:12:15.313+0000] {processor.py:208} INFO - Processing /opt/airflow/dags/import_variable.py took 0.120 seconds
[2026-03-21T16:12:45.991+0000] {processor.py:186} INFO - Started process (PID=19986) to work on /opt/airflow/dags/import_variable.py
[2026-03-21T16:12:45.992+0000] {processor.py:914} INFO - Processing file /opt/airflow/dags/import_variable.py for tasks to queue
[2026-03-21T16:12:45.995+0000] {logging_mixin.py:190} INFO - [2026-03-21T16:12:45.994+0000] {dagbag.py:588} INFO - Filling up the DagBag from /opt/airflow/dags/import_variable.py
[2026-03-21T16:12:46.011+0000] {processor.py:925} INFO - DAG(s) 'tasklar' retrieved from /opt/airflow/dags/import_variable.py
[2026-03-21T16:12:46.045+0000] {logging_mixin.py:190} INFO - [2026-03-21T16:12:46.045+0000] {dag.py:3239} INFO - Sync 1 DAGs
[2026-03-21T16:12:46.079+0000] {logging_mixin.py:190} INFO - [2026-03-21T16:12:46.079+0000] {dag.py:4180} INFO - Setting next_dagrun for tasklar to 2026-03-19 23:30:00+00:00, run_after=2026-03-20 23:30:00+00:00
[2026-03-21T16:12:46.101+0000] {processor.py:208} INFO - Processing /opt/airflow/dags/import_variable.py took 0.119 seconds
[2026-03-21T16:13:16.783+0000] {processor.py:186} INFO - Started process (PID=20027) to work on /opt/airflow/dags/import_variable.py
[2026-03-21T16:13:16.784+0000] {processor.py:914} INFO - Processing file /opt/airflow/dags/import_variable.py for tasks to queue
[2026-03-21T16:13:16.787+0000] {logging_mixin.py:190} INFO - [2026-03-21T16:13:16.787+0000] {dagbag.py:588} INFO - Filling up the DagBag from /opt/airflow/dags/import_variable.py
[2026-03-21T16:13:16.809+0000] {processor.py:925} INFO - DAG(s) 'tasklar' retrieved from /opt/airflow/dags/import_variable.py
[2026-03-21T16:13:16.846+0000] {logging_mixin.py:190} INFO - [2026-03-21T16:13:16.845+0000] {dag.py:3239} INFO - Sync 1 DAGs
[2026-03-21T16:13:16.886+0000] {logging_mixin.py:190} INFO - [2026-03-21T16:13:16.886+0000] {dag.py:4180} INFO - Setting next_dagrun for tasklar to 2026-03-19 23:30:00+00:00, run_after=2026-03-20 23:30:00+00:00
[2026-03-21T16:13:16.911+0000] {processor.py:208} INFO - Processing /opt/airflow/dags/import_variable.py took 0.138 seconds
[2026-03-21T16:13:47.694+0000] {processor.py:186} INFO - Started process (PID=20070) to work on /opt/airflow/dags/import_variable.py
[2026-03-21T16:13:47.695+0000] {processor.py:914} INFO - Processing file /opt/airflow/dags/import_variable.py for tasks to queue
[2026-03-21T16:13:47.699+0000] {logging_mixin.py:190} INFO - [2026-03-21T16:13:47.698+0000] {dagbag.py:588} INFO - Filling up the DagBag from /opt/airflow/dags/import_variable.py
[2026-03-21T16:13:47.722+0000] {processor.py:925} INFO - DAG(s) 'tasklar' retrieved from /opt/airflow/dags/import_variable.py
[2026-03-21T16:13:47.769+0000] {logging_mixin.py:190} INFO - [2026-03-21T16:13:47.768+0000] {dag.py:3239} INFO - Sync 1 DAGs
[2026-03-21T16:13:47.816+0000] {logging_mixin.py:190} INFO - [2026-03-21T16:13:47.815+0000] {dag.py:4180} INFO - Setting next_dagrun for tasklar to 2026-03-19 23:30:00+00:00, run_after=2026-03-20 23:30:00+00:00
[2026-03-21T16:13:47.849+0000] {processor.py:208} INFO - Processing /opt/airflow/dags/import_variable.py took 0.165 seconds
[2026-03-21T16:14:18.673+0000] {processor.py:186} INFO - Started process (PID=20111) to work on /opt/airflow/dags/import_variable.py
[2026-03-21T16:14:18.674+0000] {processor.py:914} INFO - Processing file /opt/airflow/dags/import_variable.py for tasks to queue
[2026-03-21T16:14:18.678+0000] {logging_mixin.py:190} INFO - [2026-03-21T16:14:18.678+0000] {dagbag.py:588} INFO - Filling up the DagBag from /opt/airflow/dags/import_variable.py
[2026-03-21T16:14:18.704+0000] {processor.py:925} INFO - DAG(s) 'tasklar' retrieved from /opt/airflow/dags/import_variable.py
[2026-03-21T16:14:18.747+0000] {logging_mixin.py:190} INFO - [2026-03-21T16:14:18.746+0000] {dag.py:3239} INFO - Sync 1 DAGs
[2026-03-21T16:14:18.792+0000] {logging_mixin.py:190} INFO - [2026-03-21T16:14:18.791+0000] {dag.py:4180} INFO - Setting next_dagrun for tasklar to 2026-03-19 23:30:00+00:00, run_after=2026-03-20 23:30:00+00:00
[2026-03-21T16:14:18.824+0000] {processor.py:208} INFO - Processing /opt/airflow/dags/import_variable.py took 0.164 seconds
[2026-03-21T16:14:49.667+0000] {processor.py:186} INFO - Started process (PID=20152) to work on /opt/airflow/dags/import_variable.py
[2026-03-21T16:14:49.669+0000] {processor.py:914} INFO - Processing file /opt/airflow/dags/import_variable.py for tasks to queue
[2026-03-21T16:14:49.673+0000] {logging_mixin.py:190} INFO - [2026-03-21T16:14:49.672+0000] {dagbag.py:588} INFO - Filling up the DagBag from /opt/airflow/dags/import_variable.py
[2026-03-21T16:14:49.696+0000] {processor.py:925} INFO - DAG(s) 'tasklar' retrieved from /opt/airflow/dags/import_variable.py
[2026-03-21T16:14:49.737+0000] {logging_mixin.py:190} INFO - [2026-03-21T16:14:49.736+0000] {dag.py:3239} INFO - Sync 1 DAGs
[2026-03-21T16:14:49.784+0000] {logging_mixin.py:190} INFO - [2026-03-21T16:14:49.784+0000] {dag.py:4180} INFO - Setting next_dagrun for tasklar to 2026-03-19 23:30:00+00:00, run_after=2026-03-20 23:30:00+00:00
[2026-03-21T16:14:49.818+0000] {processor.py:208} INFO - Processing /opt/airflow/dags/import_variable.py took 0.162 seconds
[2026-03-21T16:15:20.700+0000] {processor.py:186} INFO - Started process (PID=20193) to work on /opt/airflow/dags/import_variable.py
[2026-03-21T16:15:20.701+0000] {processor.py:914} INFO - Processing file /opt/airflow/dags/import_variable.py for tasks to queue
[2026-03-21T16:15:20.705+0000] {logging_mixin.py:190} INFO - [2026-03-21T16:15:20.705+0000] {dagbag.py:588} INFO - Filling up the DagBag from /opt/airflow/dags/import_variable.py
[2026-03-21T16:15:20.730+0000] {processor.py:925} INFO - DAG(s) 'tasklar' retrieved from /opt/airflow/dags/import_variable.py
[2026-03-21T16:15:20.778+0000] {logging_mixin.py:190} INFO - [2026-03-21T16:15:20.778+0000] {dag.py:3239} INFO - Sync 1 DAGs
[2026-03-21T16:15:20.832+0000] {logging_mixin.py:190} INFO - [2026-03-21T16:15:20.831+0000] {dag.py:4180} INFO - Setting next_dagrun for tasklar to 2026-03-19 23:30:00+00:00, run_after=2026-03-20 23:30:00+00:00
[2026-03-21T16:15:20.873+0000] {processor.py:208} INFO - Processing /opt/airflow/dags/import_variable.py took 0.186 seconds
[2026-03-21T16:15:51.799+0000] {processor.py:186} INFO - Started process (PID=20234) to work on /opt/airflow/dags/import_variable.py
[2026-03-21T16:15:51.811+0000] {processor.py:914} INFO - Processing file /opt/airflow/dags/import_variable.py for tasks to queue
[2026-03-21T16:15:51.817+0000] {logging_mixin.py:190} INFO - [2026-03-21T16:15:51.816+0000] {dagbag.py:588} INFO - Filling up the DagBag from /opt/airflow/dags/import_variable.py
[2026-03-21T16:15:51.844+0000] {processor.py:925} INFO - DAG(s) 'tasklar' retrieved from /opt/airflow/dags/import_variable.py
[2026-03-21T16:15:51.904+0000] {logging_mixin.py:190} INFO - [2026-03-21T16:15:51.904+0000] {dag.py:3239} INFO - Sync 1 DAGs
[2026-03-21T16:15:51.958+0000] {logging_mixin.py:190} INFO - [2026-03-21T16:15:51.957+0000] {dag.py:4180} INFO - Setting next_dagrun for tasklar to 2026-03-19 23:30:00+00:00, run_after=2026-03-20 23:30:00+00:00
[2026-03-21T16:15:51.998+0000] {processor.py:208} INFO - Processing /opt/airflow/dags/import_variable.py took 0.226 seconds
[2026-03-21T16:16:22.594+0000] {processor.py:186} INFO - Started process (PID=20275) to work on /opt/airflow/dags/import_variable.py
[2026-03-21T16:16:22.596+0000] {processor.py:914} INFO - Processing file /opt/airflow/dags/import_variable.py for tasks to queue
[2026-03-21T16:16:22.600+0000] {logging_mixin.py:190} INFO - [2026-03-21T16:16:22.599+0000] {dagbag.py:588} INFO - Filling up the DagBag from /opt/airflow/dags/import_variable.py
[2026-03-21T16:16:22.626+0000] {processor.py:925} INFO - DAG(s) 'tasklar' retrieved from /opt/airflow/dags/import_variable.py
[2026-03-21T16:16:22.671+0000] {logging_mixin.py:190} INFO - [2026-03-21T16:16:22.670+0000] {dag.py:3239} INFO - Sync 1 DAGs
[2026-03-21T16:16:22.722+0000] {logging_mixin.py:190} INFO - [2026-03-21T16:16:22.722+0000] {dag.py:4180} INFO - Setting next_dagrun for tasklar to 2026-03-19 23:30:00+00:00, run_after=2026-03-20 23:30:00+00:00
[2026-03-21T16:16:22.757+0000] {processor.py:208} INFO - Processing /opt/airflow/dags/import_variable.py took 0.174 seconds
[2026-03-21T16:16:53.569+0000] {processor.py:186} INFO - Started process (PID=20316) to work on /opt/airflow/dags/import_variable.py
[2026-03-21T16:16:53.571+0000] {processor.py:914} INFO - Processing file /opt/airflow/dags/import_variable.py for tasks to queue
[2026-03-21T16:16:53.575+0000] {logging_mixin.py:190} INFO - [2026-03-21T16:16:53.574+0000] {dagbag.py:588} INFO - Filling up the DagBag from /opt/airflow/dags/import_variable.py
[2026-03-21T16:16:53.596+0000] {processor.py:925} INFO - DAG(s) 'tasklar' retrieved from /opt/airflow/dags/import_variable.py
[2026-03-21T16:16:53.641+0000] {logging_mixin.py:190} INFO - [2026-03-21T16:16:53.640+0000] {dag.py:3239} INFO - Sync 1 DAGs
[2026-03-21T16:16:53.688+0000] {logging_mixin.py:190} INFO - [2026-03-21T16:16:53.688+0000] {dag.py:4180} INFO - Setting next_dagrun for tasklar to 2026-03-19 23:30:00+00:00, run_after=2026-03-20 23:30:00+00:00
[2026-03-21T16:16:53.719+0000] {processor.py:208} INFO - Processing /opt/airflow/dags/import_variable.py took 0.161 seconds
[2026-03-21T16:17:24.583+0000] {processor.py:186} INFO - Started process (PID=20355) to work on /opt/airflow/dags/import_variable.py
[2026-03-21T16:17:24.585+0000] {processor.py:914} INFO - Processing file /opt/airflow/dags/import_variable.py for tasks to queue
[2026-03-21T16:17:24.589+0000] {logging_mixin.py:190} INFO - [2026-03-21T16:17:24.588+0000] {dagbag.py:588} INFO - Filling up the DagBag from /opt/airflow/dags/import_variable.py
[2026-03-21T16:17:24.619+0000] {processor.py:925} INFO - DAG(s) 'tasklar' retrieved from /opt/airflow/dags/import_variable.py
[2026-03-21T16:17:24.675+0000] {logging_mixin.py:190} INFO - [2026-03-21T16:17:24.674+0000] {dag.py:3239} INFO - Sync 1 DAGs
[2026-03-21T16:17:24.728+0000] {logging_mixin.py:190} INFO - [2026-03-21T16:17:24.728+0000] {dag.py:4180} INFO - Setting next_dagrun for tasklar to 2026-03-19 23:30:00+00:00, run_after=2026-03-20 23:30:00+00:00
[2026-03-21T16:17:24.831+0000] {processor.py:208} INFO - Processing /opt/airflow/dags/import_variable.py took 0.261 seconds
[2026-03-21T16:17:55.658+0000] {processor.py:186} INFO - Started process (PID=20398) to work on /opt/airflow/dags/import_variable.py
[2026-03-21T16:17:55.659+0000] {processor.py:914} INFO - Processing file /opt/airflow/dags/import_variable.py for tasks to queue
[2026-03-21T16:17:55.664+0000] {logging_mixin.py:190} INFO - [2026-03-21T16:17:55.663+0000] {dagbag.py:588} INFO - Filling up the DagBag from /opt/airflow/dags/import_variable.py
[2026-03-21T16:17:55.686+0000] {processor.py:925} INFO - DAG(s) 'tasklar' retrieved from /opt/airflow/dags/import_variable.py
[2026-03-21T16:17:55.728+0000] {logging_mixin.py:190} INFO - [2026-03-21T16:17:55.728+0000] {dag.py:3239} INFO - Sync 1 DAGs
[2026-03-21T16:17:55.778+0000] {logging_mixin.py:190} INFO - [2026-03-21T16:17:55.778+0000] {dag.py:4180} INFO - Setting next_dagrun for tasklar to 2026-03-19 23:30:00+00:00, run_after=2026-03-20 23:30:00+00:00
[2026-03-21T16:17:55.822+0000] {processor.py:208} INFO - Processing /opt/airflow/dags/import_variable.py took 0.174 seconds
[2026-03-21T16:18:26.452+0000] {processor.py:186} INFO - Started process (PID=20439) to work on /opt/airflow/dags/import_variable.py
[2026-03-21T16:18:26.453+0000] {processor.py:914} INFO - Processing file /opt/airflow/dags/import_variable.py for tasks to queue
[2026-03-21T16:18:26.457+0000] {logging_mixin.py:190} INFO - [2026-03-21T16:18:26.457+0000] {dagbag.py:588} INFO - Filling up the DagBag from /opt/airflow/dags/import_variable.py
[2026-03-21T16:18:26.482+0000] {processor.py:925} INFO - DAG(s) 'tasklar' retrieved from /opt/airflow/dags/import_variable.py
[2026-03-21T16:18:26.526+0000] {logging_mixin.py:190} INFO - [2026-03-21T16:18:26.525+0000] {dag.py:3239} INFO - Sync 1 DAGs
[2026-03-21T16:18:26.578+0000] {logging_mixin.py:190} INFO - [2026-03-21T16:18:26.577+0000] {dag.py:4180} INFO - Setting next_dagrun for tasklar to 2026-03-19 23:30:00+00:00, run_after=2026-03-20 23:30:00+00:00
[2026-03-21T16:18:26.611+0000] {processor.py:208} INFO - Processing /opt/airflow/dags/import_variable.py took 0.172 seconds
[2026-03-21T16:18:57.437+0000] {processor.py:186} INFO - Started process (PID=20480) to work on /opt/airflow/dags/import_variable.py
[2026-03-21T16:18:57.438+0000] {processor.py:914} INFO - Processing file /opt/airflow/dags/import_variable.py for tasks to queue
[2026-03-21T16:18:57.442+0000] {logging_mixin.py:190} INFO - [2026-03-21T16:18:57.441+0000] {dagbag.py:588} INFO - Filling up the DagBag from /opt/airflow/dags/import_variable.py
[2026-03-21T16:18:57.464+0000] {processor.py:925} INFO - DAG(s) 'tasklar' retrieved from /opt/airflow/dags/import_variable.py
[2026-03-21T16:18:57.510+0000] {logging_mixin.py:190} INFO - [2026-03-21T16:18:57.509+0000] {dag.py:3239} INFO - Sync 1 DAGs
[2026-03-21T16:18:57.559+0000] {logging_mixin.py:190} INFO - [2026-03-21T16:18:57.559+0000] {dag.py:4180} INFO - Setting next_dagrun for tasklar to 2026-03-19 23:30:00+00:00, run_after=2026-03-20 23:30:00+00:00
[2026-03-21T16:18:57.603+0000] {processor.py:208} INFO - Processing /opt/airflow/dags/import_variable.py took 0.177 seconds
[2026-03-21T16:19:28.455+0000] {processor.py:186} INFO - Started process (PID=20520) to work on /opt/airflow/dags/import_variable.py
[2026-03-21T16:19:28.457+0000] {processor.py:914} INFO - Processing file /opt/airflow/dags/import_variable.py for tasks to queue
[2026-03-21T16:19:28.461+0000] {logging_mixin.py:190} INFO - [2026-03-21T16:19:28.461+0000] {dagbag.py:588} INFO - Filling up the DagBag from /opt/airflow/dags/import_variable.py
[2026-03-21T16:19:28.486+0000] {processor.py:925} INFO - DAG(s) 'tasklar' retrieved from /opt/airflow/dags/import_variable.py
[2026-03-21T16:19:28.528+0000] {logging_mixin.py:190} INFO - [2026-03-21T16:19:28.527+0000] {dag.py:3239} INFO - Sync 1 DAGs
[2026-03-21T16:19:28.583+0000] {logging_mixin.py:190} INFO - [2026-03-21T16:19:28.582+0000] {dag.py:4180} INFO - Setting next_dagrun for tasklar to 2026-03-19 23:30:00+00:00, run_after=2026-03-20 23:30:00+00:00
[2026-03-21T16:19:28.621+0000] {processor.py:208} INFO - Processing /opt/airflow/dags/import_variable.py took 0.179 seconds
[2026-03-21T16:19:59.467+0000] {processor.py:186} INFO - Started process (PID=20562) to work on /opt/airflow/dags/import_variable.py
[2026-03-21T16:19:59.468+0000] {processor.py:914} INFO - Processing file /opt/airflow/dags/import_variable.py for tasks to queue
[2026-03-21T16:19:59.474+0000] {logging_mixin.py:190} INFO - [2026-03-21T16:19:59.473+0000] {dagbag.py:588} INFO - Filling up the DagBag from /opt/airflow/dags/import_variable.py
[2026-03-21T16:19:59.500+0000] {processor.py:925} INFO - DAG(s) 'tasklar' retrieved from /opt/airflow/dags/import_variable.py
[2026-03-21T16:19:59.546+0000] {logging_mixin.py:190} INFO - [2026-03-21T16:19:59.545+0000] {dag.py:3239} INFO - Sync 1 DAGs
[2026-03-21T16:19:59.601+0000] {logging_mixin.py:190} INFO - [2026-03-21T16:19:59.600+0000] {dag.py:4180} INFO - Setting next_dagrun for tasklar to 2026-03-19 23:30:00+00:00, run_after=2026-03-20 23:30:00+00:00
[2026-03-21T16:19:59.649+0000] {processor.py:208} INFO - Processing /opt/airflow/dags/import_variable.py took 0.196 seconds
[2026-03-21T16:20:30.463+0000] {processor.py:186} INFO - Started process (PID=20603) to work on /opt/airflow/dags/import_variable.py
[2026-03-21T16:20:30.464+0000] {processor.py:914} INFO - Processing file /opt/airflow/dags/import_variable.py for tasks to queue
[2026-03-21T16:20:30.468+0000] {logging_mixin.py:190} INFO - [2026-03-21T16:20:30.467+0000] {dagbag.py:588} INFO - Filling up the DagBag from /opt/airflow/dags/import_variable.py
[2026-03-21T16:20:30.490+0000] {processor.py:925} INFO - DAG(s) 'tasklar' retrieved from /opt/airflow/dags/import_variable.py
[2026-03-21T16:20:30.533+0000] {logging_mixin.py:190} INFO - [2026-03-21T16:20:30.532+0000] {dag.py:3239} INFO - Sync 1 DAGs
[2026-03-21T16:20:30.587+0000] {logging_mixin.py:190} INFO - [2026-03-21T16:20:30.586+0000] {dag.py:4180} INFO - Setting next_dagrun for tasklar to 2026-03-19 23:30:00+00:00, run_after=2026-03-20 23:30:00+00:00
[2026-03-21T16:20:30.635+0000] {processor.py:208} INFO - Processing /opt/airflow/dags/import_variable.py took 0.184 seconds
[2026-03-21T16:21:01.477+0000] {processor.py:186} INFO - Started process (PID=20644) to work on /opt/airflow/dags/import_variable.py
[2026-03-21T16:21:01.479+0000] {processor.py:914} INFO - Processing file /opt/airflow/dags/import_variable.py for tasks to queue
[2026-03-21T16:21:01.483+0000] {logging_mixin.py:190} INFO - [2026-03-21T16:21:01.482+0000] {dagbag.py:588} INFO - Filling up the DagBag from /opt/airflow/dags/import_variable.py
[2026-03-21T16:21:01.507+0000] {processor.py:925} INFO - DAG(s) 'tasklar' retrieved from /opt/airflow/dags/import_variable.py
[2026-03-21T16:21:01.553+0000] {logging_mixin.py:190} INFO - [2026-03-21T16:21:01.552+0000] {dag.py:3239} INFO - Sync 1 DAGs
[2026-03-21T16:21:01.604+0000] {logging_mixin.py:190} INFO - [2026-03-21T16:21:01.604+0000] {dag.py:4180} INFO - Setting next_dagrun for tasklar to 2026-03-19 23:30:00+00:00, run_after=2026-03-20 23:30:00+00:00
[2026-03-21T16:21:01.648+0000] {processor.py:208} INFO - Processing /opt/airflow/dags/import_variable.py took 0.181 seconds
[2026-03-21T16:21:32.286+0000] {processor.py:186} INFO - Started process (PID=20685) to work on /opt/airflow/dags/import_variable.py
[2026-03-21T16:21:32.288+0000] {processor.py:914} INFO - Processing file /opt/airflow/dags/import_variable.py for tasks to queue
[2026-03-21T16:21:32.291+0000] {logging_mixin.py:190} INFO - [2026-03-21T16:21:32.291+0000] {dagbag.py:588} INFO - Filling up the DagBag from /opt/airflow/dags/import_variable.py
[2026-03-21T16:21:32.313+0000] {processor.py:925} INFO - DAG(s) 'tasklar' retrieved from /opt/airflow/dags/import_variable.py
[2026-03-21T16:21:32.356+0000] {logging_mixin.py:190} INFO - [2026-03-21T16:21:32.356+0000] {dag.py:3239} INFO - Sync 1 DAGs
[2026-03-21T16:21:32.411+0000] {logging_mixin.py:190} INFO - [2026-03-21T16:21:32.411+0000] {dag.py:4180} INFO - Setting next_dagrun for tasklar to 2026-03-19 23:30:00+00:00, run_after=2026-03-20 23:30:00+00:00
[2026-03-21T16:21:32.449+0000] {processor.py:208} INFO - Processing /opt/airflow/dags/import_variable.py took 0.174 seconds
[2026-03-21T16:22:03.266+0000] {processor.py:186} INFO - Started process (PID=20724) to work on /opt/airflow/dags/import_variable.py
[2026-03-21T16:22:03.268+0000] {processor.py:914} INFO - Processing file /opt/airflow/dags/import_variable.py for tasks to queue
[2026-03-21T16:22:03.272+0000] {logging_mixin.py:190} INFO - [2026-03-21T16:22:03.272+0000] {dagbag.py:588} INFO - Filling up the DagBag from /opt/airflow/dags/import_variable.py
[2026-03-21T16:22:03.295+0000] {processor.py:925} INFO - DAG(s) 'tasklar' retrieved from /opt/airflow/dags/import_variable.py
[2026-03-21T16:22:03.339+0000] {logging_mixin.py:190} INFO - [2026-03-21T16:22:03.339+0000] {dag.py:3239} INFO - Sync 1 DAGs
[2026-03-21T16:22:03.393+0000] {logging_mixin.py:190} INFO - [2026-03-21T16:22:03.393+0000] {dag.py:4180} INFO - Setting next_dagrun for tasklar to 2026-03-19 23:30:00+00:00, run_after=2026-03-20 23:30:00+00:00
[2026-03-21T16:22:03.434+0000] {processor.py:208} INFO - Processing /opt/airflow/dags/import_variable.py took 0.179 seconds
[2026-03-21T16:22:34.260+0000] {processor.py:186} INFO - Started process (PID=20767) to work on /opt/airflow/dags/import_variable.py
[2026-03-21T16:22:34.262+0000] {processor.py:914} INFO - Processing file /opt/airflow/dags/import_variable.py for tasks to queue
[2026-03-21T16:22:34.267+0000] {logging_mixin.py:190} INFO - [2026-03-21T16:22:34.266+0000] {dagbag.py:588} INFO - Filling up the DagBag from /opt/airflow/dags/import_variable.py
[2026-03-21T16:22:34.293+0000] {processor.py:925} INFO - DAG(s) 'tasklar' retrieved from /opt/airflow/dags/import_variable.py
[2026-03-21T16:22:34.339+0000] {logging_mixin.py:190} INFO - [2026-03-21T16:22:34.339+0000] {dag.py:3239} INFO - Sync 1 DAGs
[2026-03-21T16:22:34.394+0000] {logging_mixin.py:190} INFO - [2026-03-21T16:22:34.394+0000] {dag.py:4180} INFO - Setting next_dagrun for tasklar to 2026-03-19 23:30:00+00:00, run_after=2026-03-20 23:30:00+00:00
[2026-03-21T16:22:34.442+0000] {processor.py:208} INFO - Processing /opt/airflow/dags/import_variable.py took 0.193 seconds
[2026-03-21T16:23:05.283+0000] {processor.py:186} INFO - Started process (PID=20808) to work on /opt/airflow/dags/import_variable.py
[2026-03-21T16:23:05.285+0000] {processor.py:914} INFO - Processing file /opt/airflow/dags/import_variable.py for tasks to queue
[2026-03-21T16:23:05.289+0000] {logging_mixin.py:190} INFO - [2026-03-21T16:23:05.288+0000] {dagbag.py:588} INFO - Filling up the DagBag from /opt/airflow/dags/import_variable.py
[2026-03-21T16:23:05.313+0000] {processor.py:925} INFO - DAG(s) 'tasklar' retrieved from /opt/airflow/dags/import_variable.py
[2026-03-21T16:23:05.362+0000] {logging_mixin.py:190} INFO - [2026-03-21T16:23:05.361+0000] {dag.py:3239} INFO - Sync 1 DAGs
[2026-03-21T16:23:05.417+0000] {logging_mixin.py:190} INFO - [2026-03-21T16:23:05.417+0000] {dag.py:4180} INFO - Setting next_dagrun for tasklar to 2026-03-19 23:30:00+00:00, run_after=2026-03-20 23:30:00+00:00
[2026-03-21T16:23:05.453+0000] {processor.py:208} INFO - Processing /opt/airflow/dags/import_variable.py took 0.180 seconds
[2026-03-21T16:23:36.290+0000] {processor.py:186} INFO - Started process (PID=20850) to work on /opt/airflow/dags/import_variable.py
[2026-03-21T16:23:36.292+0000] {processor.py:914} INFO - Processing file /opt/airflow/dags/import_variable.py for tasks to queue
[2026-03-21T16:23:36.296+0000] {logging_mixin.py:190} INFO - [2026-03-21T16:23:36.295+0000] {dagbag.py:588} INFO - Filling up the DagBag from /opt/airflow/dags/import_variable.py
[2026-03-21T16:23:36.319+0000] {processor.py:925} INFO - DAG(s) 'tasklar' retrieved from /opt/airflow/dags/import_variable.py
[2026-03-21T16:23:36.369+0000] {logging_mixin.py:190} INFO - [2026-03-21T16:23:36.368+0000] {dag.py:3239} INFO - Sync 1 DAGs
[2026-03-21T16:23:36.429+0000] {logging_mixin.py:190} INFO - [2026-03-21T16:23:36.428+0000] {dag.py:4180} INFO - Setting next_dagrun for tasklar to 2026-03-19 23:30:00+00:00, run_after=2026-03-20 23:30:00+00:00
[2026-03-21T16:23:36.466+0000] {processor.py:208} INFO - Processing /opt/airflow/dags/import_variable.py took 0.187 seconds
[2026-03-21T16:24:07.289+0000] {processor.py:186} INFO - Started process (PID=20891) to work on /opt/airflow/dags/import_variable.py
[2026-03-21T16:24:07.291+0000] {processor.py:914} INFO - Processing file /opt/airflow/dags/import_variable.py for tasks to queue
[2026-03-21T16:24:07.295+0000] {logging_mixin.py:190} INFO - [2026-03-21T16:24:07.294+0000] {dagbag.py:588} INFO - Filling up the DagBag from /opt/airflow/dags/import_variable.py
[2026-03-21T16:24:07.320+0000] {processor.py:925} INFO - DAG(s) 'tasklar' retrieved from /opt/airflow/dags/import_variable.py
[2026-03-21T16:24:07.366+0000] {logging_mixin.py:190} INFO - [2026-03-21T16:24:07.365+0000] {dag.py:3239} INFO - Sync 1 DAGs
[2026-03-21T16:24:07.416+0000] {logging_mixin.py:190} INFO - [2026-03-21T16:24:07.416+0000] {dag.py:4180} INFO - Setting next_dagrun for tasklar to 2026-03-19 23:30:00+00:00, run_after=2026-03-20 23:30:00+00:00
[2026-03-21T16:24:07.451+0000] {processor.py:208} INFO - Processing /opt/airflow/dags/import_variable.py took 0.174 seconds
[2026-03-21T16:24:38.315+0000] {processor.py:186} INFO - Started process (PID=20936) to work on /opt/airflow/dags/import_variable.py
[2026-03-21T16:24:38.317+0000] {processor.py:914} INFO - Processing file /opt/airflow/dags/import_variable.py for tasks to queue
[2026-03-21T16:24:38.322+0000] {logging_mixin.py:190} INFO - [2026-03-21T16:24:38.321+0000] {dagbag.py:588} INFO - Filling up the DagBag from /opt/airflow/dags/import_variable.py
[2026-03-21T16:24:38.347+0000] {processor.py:925} INFO - DAG(s) 'tasklar' retrieved from /opt/airflow/dags/import_variable.py
[2026-03-21T16:24:38.396+0000] {logging_mixin.py:190} INFO - [2026-03-21T16:24:38.396+0000] {dag.py:3239} INFO - Sync 1 DAGs
[2026-03-21T16:24:38.450+0000] {logging_mixin.py:190} INFO - [2026-03-21T16:24:38.449+0000] {dag.py:4180} INFO - Setting next_dagrun for tasklar to 2026-03-19 23:30:00+00:00, run_after=2026-03-20 23:30:00+00:00
[2026-03-21T16:24:38.484+0000] {processor.py:208} INFO - Processing /opt/airflow/dags/import_variable.py took 0.180 seconds
[2026-03-21T16:25:09.314+0000] {processor.py:186} INFO - Started process (PID=20979) to work on /opt/airflow/dags/import_variable.py
[2026-03-21T16:25:09.316+0000] {processor.py:914} INFO - Processing file /opt/airflow/dags/import_variable.py for tasks to queue
[2026-03-21T16:25:09.321+0000] {logging_mixin.py:190} INFO - [2026-03-21T16:25:09.320+0000] {dagbag.py:588} INFO - Filling up the DagBag from /opt/airflow/dags/import_variable.py
[2026-03-21T16:25:09.347+0000] {processor.py:925} INFO - DAG(s) 'tasklar' retrieved from /opt/airflow/dags/import_variable.py
[2026-03-21T16:25:09.389+0000] {logging_mixin.py:190} INFO - [2026-03-21T16:25:09.389+0000] {dag.py:3239} INFO - Sync 1 DAGs
[2026-03-21T16:25:09.441+0000] {logging_mixin.py:190} INFO - [2026-03-21T16:25:09.440+0000] {dag.py:4180} INFO - Setting next_dagrun for tasklar to 2026-03-19 23:30:00+00:00, run_after=2026-03-20 23:30:00+00:00
[2026-03-21T16:25:09.479+0000] {processor.py:208} INFO - Processing /opt/airflow/dags/import_variable.py took 0.175 seconds
[2026-03-21T16:25:40.288+0000] {processor.py:186} INFO - Started process (PID=21018) to work on /opt/airflow/dags/import_variable.py
[2026-03-21T16:25:40.290+0000] {processor.py:914} INFO - Processing file /opt/airflow/dags/import_variable.py for tasks to queue
[2026-03-21T16:25:40.294+0000] {logging_mixin.py:190} INFO - [2026-03-21T16:25:40.293+0000] {dagbag.py:588} INFO - Filling up the DagBag from /opt/airflow/dags/import_variable.py
[2026-03-21T16:25:40.318+0000] {processor.py:925} INFO - DAG(s) 'tasklar' retrieved from /opt/airflow/dags/import_variable.py
[2026-03-21T16:25:40.368+0000] {logging_mixin.py:190} INFO - [2026-03-21T16:25:40.368+0000] {dag.py:3239} INFO - Sync 1 DAGs
[2026-03-21T16:25:40.425+0000] {logging_mixin.py:190} INFO - [2026-03-21T16:25:40.424+0000] {dag.py:4180} INFO - Setting next_dagrun for tasklar to 2026-03-19 23:30:00+00:00, run_after=2026-03-20 23:30:00+00:00
[2026-03-21T16:25:40.461+0000] {processor.py:208} INFO - Processing /opt/airflow/dags/import_variable.py took 0.185 seconds
[2026-03-21T16:26:11.301+0000] {processor.py:186} INFO - Started process (PID=21059) to work on /opt/airflow/dags/import_variable.py
[2026-03-21T16:26:11.302+0000] {processor.py:914} INFO - Processing file /opt/airflow/dags/import_variable.py for tasks to queue
[2026-03-21T16:26:11.306+0000] {logging_mixin.py:190} INFO - [2026-03-21T16:26:11.306+0000] {dagbag.py:588} INFO - Filling up the DagBag from /opt/airflow/dags/import_variable.py
[2026-03-21T16:26:11.329+0000] {processor.py:925} INFO - DAG(s) 'tasklar' retrieved from /opt/airflow/dags/import_variable.py
[2026-03-21T16:26:11.381+0000] {logging_mixin.py:190} INFO - [2026-03-21T16:26:11.381+0000] {dag.py:3239} INFO - Sync 1 DAGs
[2026-03-21T16:26:11.439+0000] {logging_mixin.py:190} INFO - [2026-03-21T16:26:11.439+0000] {dag.py:4180} INFO - Setting next_dagrun for tasklar to 2026-03-19 23:30:00+00:00, run_after=2026-03-20 23:30:00+00:00
[2026-03-21T16:26:11.492+0000] {processor.py:208} INFO - Processing /opt/airflow/dags/import_variable.py took 0.204 seconds
[2026-03-21T16:26:42.309+0000] {processor.py:186} INFO - Started process (PID=21100) to work on /opt/airflow/dags/import_variable.py
[2026-03-21T16:26:42.310+0000] {processor.py:914} INFO - Processing file /opt/airflow/dags/import_variable.py for tasks to queue
[2026-03-21T16:26:42.314+0000] {logging_mixin.py:190} INFO - [2026-03-21T16:26:42.313+0000] {dagbag.py:588} INFO - Filling up the DagBag from /opt/airflow/dags/import_variable.py
[2026-03-21T16:26:42.338+0000] {processor.py:925} INFO - DAG(s) 'tasklar' retrieved from /opt/airflow/dags/import_variable.py
[2026-03-21T16:26:42.381+0000] {logging_mixin.py:190} INFO - [2026-03-21T16:26:42.380+0000] {dag.py:3239} INFO - Sync 1 DAGs
[2026-03-21T16:26:42.430+0000] {logging_mixin.py:190} INFO - [2026-03-21T16:26:42.429+0000] {dag.py:4180} INFO - Setting next_dagrun for tasklar to 2026-03-19 23:30:00+00:00, run_after=2026-03-20 23:30:00+00:00
[2026-03-21T16:26:42.463+0000] {processor.py:208} INFO - Processing /opt/airflow/dags/import_variable.py took 0.165 seconds
[2026-03-21T16:27:13.316+0000] {processor.py:186} INFO - Started process (PID=21143) to work on /opt/airflow/dags/import_variable.py
[2026-03-21T16:27:13.317+0000] {processor.py:914} INFO - Processing file /opt/airflow/dags/import_variable.py for tasks to queue
[2026-03-21T16:27:13.322+0000] {logging_mixin.py:190} INFO - [2026-03-21T16:27:13.321+0000] {dagbag.py:588} INFO - Filling up the DagBag from /opt/airflow/dags/import_variable.py
[2026-03-21T16:27:13.346+0000] {processor.py:925} INFO - DAG(s) 'tasklar' retrieved from /opt/airflow/dags/import_variable.py
[2026-03-21T16:27:13.397+0000] {logging_mixin.py:190} INFO - [2026-03-21T16:27:13.396+0000] {dag.py:3239} INFO - Sync 1 DAGs
[2026-03-21T16:27:13.456+0000] {logging_mixin.py:190} INFO - [2026-03-21T16:27:13.456+0000] {dag.py:4180} INFO - Setting next_dagrun for tasklar to 2026-03-19 23:30:00+00:00, run_after=2026-03-20 23:30:00+00:00
[2026-03-21T16:27:13.506+0000] {processor.py:208} INFO - Processing /opt/airflow/dags/import_variable.py took 0.204 seconds
[2026-03-21T16:27:44.354+0000] {processor.py:186} INFO - Started process (PID=21184) to work on /opt/airflow/dags/import_variable.py
[2026-03-21T16:27:44.356+0000] {processor.py:914} INFO - Processing file /opt/airflow/dags/import_variable.py for tasks to queue
[2026-03-21T16:27:44.360+0000] {logging_mixin.py:190} INFO - [2026-03-21T16:27:44.359+0000] {dagbag.py:588} INFO - Filling up the DagBag from /opt/airflow/dags/import_variable.py
[2026-03-21T16:27:44.381+0000] {processor.py:925} INFO - DAG(s) 'tasklar' retrieved from /opt/airflow/dags/import_variable.py
[2026-03-21T16:27:44.427+0000] {logging_mixin.py:190} INFO - [2026-03-21T16:27:44.427+0000] {dag.py:3239} INFO - Sync 1 DAGs
[2026-03-21T16:27:44.478+0000] {logging_mixin.py:190} INFO - [2026-03-21T16:27:44.477+0000] {dag.py:4180} INFO - Setting next_dagrun for tasklar to 2026-03-19 23:30:00+00:00, run_after=2026-03-20 23:30:00+00:00
[2026-03-21T16:27:44.513+0000] {processor.py:208} INFO - Processing /opt/airflow/dags/import_variable.py took 0.169 seconds
[2026-03-21T16:28:15.369+0000] {processor.py:186} INFO - Started process (PID=21225) to work on /opt/airflow/dags/import_variable.py
[2026-03-21T16:28:15.370+0000] {processor.py:914} INFO - Processing file /opt/airflow/dags/import_variable.py for tasks to queue
[2026-03-21T16:28:15.374+0000] {logging_mixin.py:190} INFO - [2026-03-21T16:28:15.374+0000] {dagbag.py:588} INFO - Filling up the DagBag from /opt/airflow/dags/import_variable.py
[2026-03-21T16:28:15.400+0000] {processor.py:925} INFO - DAG(s) 'tasklar' retrieved from /opt/airflow/dags/import_variable.py
[2026-03-21T16:28:15.441+0000] {logging_mixin.py:190} INFO - [2026-03-21T16:28:15.440+0000] {dag.py:3239} INFO - Sync 1 DAGs
[2026-03-21T16:28:15.492+0000] {logging_mixin.py:190} INFO - [2026-03-21T16:28:15.491+0000] {dag.py:4180} INFO - Setting next_dagrun for tasklar to 2026-03-19 23:30:00+00:00, run_after=2026-03-20 23:30:00+00:00
[2026-03-21T16:28:15.529+0000] {processor.py:208} INFO - Processing /opt/airflow/dags/import_variable.py took 0.173 seconds
[2026-03-21T16:28:46.357+0000] {processor.py:186} INFO - Started process (PID=21266) to work on /opt/airflow/dags/import_variable.py
[2026-03-21T16:28:46.359+0000] {processor.py:914} INFO - Processing file /opt/airflow/dags/import_variable.py for tasks to queue
[2026-03-21T16:28:46.362+0000] {logging_mixin.py:190} INFO - [2026-03-21T16:28:46.362+0000] {dagbag.py:588} INFO - Filling up the DagBag from /opt/airflow/dags/import_variable.py
[2026-03-21T16:28:46.388+0000] {processor.py:925} INFO - DAG(s) 'tasklar' retrieved from /opt/airflow/dags/import_variable.py
[2026-03-21T16:28:46.430+0000] {logging_mixin.py:190} INFO - [2026-03-21T16:28:46.429+0000] {dag.py:3239} INFO - Sync 1 DAGs
[2026-03-21T16:28:46.477+0000] {logging_mixin.py:190} INFO - [2026-03-21T16:28:46.477+0000] {dag.py:4180} INFO - Setting next_dagrun for tasklar to 2026-03-19 23:30:00+00:00, run_after=2026-03-20 23:30:00+00:00
[2026-03-21T16:28:46.510+0000] {processor.py:208} INFO - Processing /opt/airflow/dags/import_variable.py took 0.162 seconds
[2026-03-21T16:29:17.338+0000] {processor.py:186} INFO - Started process (PID=21307) to work on /opt/airflow/dags/import_variable.py
[2026-03-21T16:29:17.339+0000] {processor.py:914} INFO - Processing file /opt/airflow/dags/import_variable.py for tasks to queue
[2026-03-21T16:29:17.344+0000] {logging_mixin.py:190} INFO - [2026-03-21T16:29:17.343+0000] {dagbag.py:588} INFO - Filling up the DagBag from /opt/airflow/dags/import_variable.py
[2026-03-21T16:29:17.368+0000] {processor.py:925} INFO - DAG(s) 'tasklar' retrieved from /opt/airflow/dags/import_variable.py
[2026-03-21T16:29:17.413+0000] {logging_mixin.py:190} INFO - [2026-03-21T16:29:17.413+0000] {dag.py:3239} INFO - Sync 1 DAGs
[2026-03-21T16:29:17.463+0000] {logging_mixin.py:190} INFO - [2026-03-21T16:29:17.463+0000] {dag.py:4180} INFO - Setting next_dagrun for tasklar to 2026-03-19 23:30:00+00:00, run_after=2026-03-20 23:30:00+00:00
[2026-03-21T16:29:17.501+0000] {processor.py:208} INFO - Processing /opt/airflow/dags/import_variable.py took 0.176 seconds
[2026-03-21T16:29:48.303+0000] {processor.py:186} INFO - Started process (PID=21348) to work on /opt/airflow/dags/import_variable.py
[2026-03-21T16:29:48.305+0000] {processor.py:914} INFO - Processing file /opt/airflow/dags/import_variable.py for tasks to queue
[2026-03-21T16:29:48.308+0000] {logging_mixin.py:190} INFO - [2026-03-21T16:29:48.308+0000] {dagbag.py:588} INFO - Filling up the DagBag from /opt/airflow/dags/import_variable.py
[2026-03-21T16:29:48.331+0000] {processor.py:925} INFO - DAG(s) 'tasklar' retrieved from /opt/airflow/dags/import_variable.py
[2026-03-21T16:29:48.373+0000] {logging_mixin.py:190} INFO - [2026-03-21T16:29:48.372+0000] {dag.py:3239} INFO - Sync 1 DAGs
[2026-03-21T16:29:48.419+0000] {logging_mixin.py:190} INFO - [2026-03-21T16:29:48.418+0000] {dag.py:4180} INFO - Setting next_dagrun for tasklar to 2026-03-19 23:30:00+00:00, run_after=2026-03-20 23:30:00+00:00
[2026-03-21T16:29:48.450+0000] {processor.py:208} INFO - Processing /opt/airflow/dags/import_variable.py took 0.158 seconds
[2026-03-21T16:30:19.255+0000] {processor.py:186} INFO - Started process (PID=21389) to work on /opt/airflow/dags/import_variable.py
[2026-03-21T16:30:19.257+0000] {processor.py:914} INFO - Processing file /opt/airflow/dags/import_variable.py for tasks to queue
[2026-03-21T16:30:19.262+0000] {logging_mixin.py:190} INFO - [2026-03-21T16:30:19.261+0000] {dagbag.py:588} INFO - Filling up the DagBag from /opt/airflow/dags/import_variable.py
[2026-03-21T16:30:19.284+0000] {processor.py:925} INFO - DAG(s) 'tasklar' retrieved from /opt/airflow/dags/import_variable.py
[2026-03-21T16:30:19.326+0000] {logging_mixin.py:190} INFO - [2026-03-21T16:30:19.326+0000] {dag.py:3239} INFO - Sync 1 DAGs
[2026-03-21T16:30:19.372+0000] {logging_mixin.py:190} INFO - [2026-03-21T16:30:19.372+0000] {dag.py:4180} INFO - Setting next_dagrun for tasklar to 2026-03-19 23:30:00+00:00, run_after=2026-03-20 23:30:00+00:00
[2026-03-21T16:30:19.404+0000] {processor.py:208} INFO - Processing /opt/airflow/dags/import_variable.py took 0.160 seconds
[2026-03-21T16:30:50.211+0000] {processor.py:186} INFO - Started process (PID=21428) to work on /opt/airflow/dags/import_variable.py
[2026-03-21T16:30:50.212+0000] {processor.py:914} INFO - Processing file /opt/airflow/dags/import_variable.py for tasks to queue
[2026-03-21T16:30:50.216+0000] {logging_mixin.py:190} INFO - [2026-03-21T16:30:50.216+0000] {dagbag.py:588} INFO - Filling up the DagBag from /opt/airflow/dags/import_variable.py
[2026-03-21T16:30:50.237+0000] {processor.py:925} INFO - DAG(s) 'tasklar' retrieved from /opt/airflow/dags/import_variable.py
[2026-03-21T16:30:50.279+0000] {logging_mixin.py:190} INFO - [2026-03-21T16:30:50.278+0000] {dag.py:3239} INFO - Sync 1 DAGs
[2026-03-21T16:30:50.330+0000] {logging_mixin.py:190} INFO - [2026-03-21T16:30:50.329+0000] {dag.py:4180} INFO - Setting next_dagrun for tasklar to 2026-03-19 23:30:00+00:00, run_after=2026-03-20 23:30:00+00:00
[2026-03-21T16:30:50.363+0000] {processor.py:208} INFO - Processing /opt/airflow/dags/import_variable.py took 0.163 seconds
[2026-03-21T16:31:21.216+0000] {processor.py:186} INFO - Started process (PID=21471) to work on /opt/airflow/dags/import_variable.py
[2026-03-21T16:31:21.217+0000] {processor.py:914} INFO - Processing file /opt/airflow/dags/import_variable.py for tasks to queue
[2026-03-21T16:31:21.221+0000] {logging_mixin.py:190} INFO - [2026-03-21T16:31:21.220+0000] {dagbag.py:588} INFO - Filling up the DagBag from /opt/airflow/dags/import_variable.py
[2026-03-21T16:31:21.243+0000] {processor.py:925} INFO - DAG(s) 'tasklar' retrieved from /opt/airflow/dags/import_variable.py
[2026-03-21T16:31:21.287+0000] {logging_mixin.py:190} INFO - [2026-03-21T16:31:21.286+0000] {dag.py:3239} INFO - Sync 1 DAGs
[2026-03-21T16:31:21.333+0000] {logging_mixin.py:190} INFO - [2026-03-21T16:31:21.332+0000] {dag.py:4180} INFO - Setting next_dagrun for tasklar to 2026-03-19 23:30:00+00:00, run_after=2026-03-20 23:30:00+00:00
[2026-03-21T16:31:21.368+0000] {processor.py:208} INFO - Processing /opt/airflow/dags/import_variable.py took 0.163 seconds
[2026-03-21T16:31:52.205+0000] {processor.py:186} INFO - Started process (PID=21512) to work on /opt/airflow/dags/import_variable.py
[2026-03-21T16:31:52.206+0000] {processor.py:914} INFO - Processing file /opt/airflow/dags/import_variable.py for tasks to queue
[2026-03-21T16:31:52.210+0000] {logging_mixin.py:190} INFO - [2026-03-21T16:31:52.210+0000] {dagbag.py:588} INFO - Filling up the DagBag from /opt/airflow/dags/import_variable.py
[2026-03-21T16:31:52.235+0000] {processor.py:925} INFO - DAG(s) 'tasklar' retrieved from /opt/airflow/dags/import_variable.py
[2026-03-21T16:31:52.282+0000] {logging_mixin.py:190} INFO - [2026-03-21T16:31:52.282+0000] {dag.py:3239} INFO - Sync 1 DAGs
[2026-03-21T16:31:52.328+0000] {logging_mixin.py:190} INFO - [2026-03-21T16:31:52.328+0000] {dag.py:4180} INFO - Setting next_dagrun for tasklar to 2026-03-19 23:30:00+00:00, run_after=2026-03-20 23:30:00+00:00
[2026-03-21T16:31:52.363+0000] {processor.py:208} INFO - Processing /opt/airflow/dags/import_variable.py took 0.169 seconds
[2026-03-21T16:32:23.218+0000] {processor.py:186} INFO - Started process (PID=21553) to work on /opt/airflow/dags/import_variable.py
[2026-03-21T16:32:23.220+0000] {processor.py:914} INFO - Processing file /opt/airflow/dags/import_variable.py for tasks to queue
[2026-03-21T16:32:23.223+0000] {logging_mixin.py:190} INFO - [2026-03-21T16:32:23.223+0000] {dagbag.py:588} INFO - Filling up the DagBag from /opt/airflow/dags/import_variable.py
[2026-03-21T16:32:23.248+0000] {processor.py:925} INFO - DAG(s) 'tasklar' retrieved from /opt/airflow/dags/import_variable.py
[2026-03-21T16:32:23.294+0000] {logging_mixin.py:190} INFO - [2026-03-21T16:32:23.293+0000] {dag.py:3239} INFO - Sync 1 DAGs
[2026-03-21T16:32:23.347+0000] {logging_mixin.py:190} INFO - [2026-03-21T16:32:23.347+0000] {dag.py:4180} INFO - Setting next_dagrun for tasklar to 2026-03-19 23:30:00+00:00, run_after=2026-03-20 23:30:00+00:00
[2026-03-21T16:32:23.392+0000] {processor.py:208} INFO - Processing /opt/airflow/dags/import_variable.py took 0.185 seconds
[2026-03-21T16:32:54.248+0000] {processor.py:186} INFO - Started process (PID=21594) to work on /opt/airflow/dags/import_variable.py
[2026-03-21T16:32:54.250+0000] {processor.py:914} INFO - Processing file /opt/airflow/dags/import_variable.py for tasks to queue
[2026-03-21T16:32:54.254+0000] {logging_mixin.py:190} INFO - [2026-03-21T16:32:54.253+0000] {dagbag.py:588} INFO - Filling up the DagBag from /opt/airflow/dags/import_variable.py
[2026-03-21T16:32:54.281+0000] {processor.py:925} INFO - DAG(s) 'tasklar' retrieved from /opt/airflow/dags/import_variable.py
[2026-03-21T16:32:54.328+0000] {logging_mixin.py:190} INFO - [2026-03-21T16:32:54.327+0000] {dag.py:3239} INFO - Sync 1 DAGs
[2026-03-21T16:32:54.398+0000] {logging_mixin.py:190} INFO - [2026-03-21T16:32:54.397+0000] {dag.py:4180} INFO - Setting next_dagrun for tasklar to 2026-03-19 23:30:00+00:00, run_after=2026-03-20 23:30:00+00:00
[2026-03-21T16:32:54.445+0000] {processor.py:208} INFO - Processing /opt/airflow/dags/import_variable.py took 0.207 seconds
[2026-03-21T16:33:25.066+0000] {processor.py:186} INFO - Started process (PID=21633) to work on /opt/airflow/dags/import_variable.py
[2026-03-21T16:33:25.068+0000] {processor.py:914} INFO - Processing file /opt/airflow/dags/import_variable.py for tasks to queue
[2026-03-21T16:33:25.072+0000] {logging_mixin.py:190} INFO - [2026-03-21T16:33:25.072+0000] {dagbag.py:588} INFO - Filling up the DagBag from /opt/airflow/dags/import_variable.py
[2026-03-21T16:33:25.097+0000] {processor.py:925} INFO - DAG(s) 'tasklar' retrieved from /opt/airflow/dags/import_variable.py
[2026-03-21T16:33:25.145+0000] {logging_mixin.py:190} INFO - [2026-03-21T16:33:25.144+0000] {dag.py:3239} INFO - Sync 1 DAGs
[2026-03-21T16:33:25.201+0000] {logging_mixin.py:190} INFO - [2026-03-21T16:33:25.201+0000] {dag.py:4180} INFO - Setting next_dagrun for tasklar to 2026-03-19 23:30:00+00:00, run_after=2026-03-20 23:30:00+00:00
[2026-03-21T16:33:25.242+0000] {processor.py:208} INFO - Processing /opt/airflow/dags/import_variable.py took 0.189 seconds
[2026-03-21T16:33:56.154+0000] {processor.py:186} INFO - Started process (PID=21676) to work on /opt/airflow/dags/import_variable.py
[2026-03-21T16:33:56.156+0000] {processor.py:914} INFO - Processing file /opt/airflow/dags/import_variable.py for tasks to queue
[2026-03-21T16:33:56.161+0000] {logging_mixin.py:190} INFO - [2026-03-21T16:33:56.160+0000] {dagbag.py:588} INFO - Filling up the DagBag from /opt/airflow/dags/import_variable.py
[2026-03-21T16:33:56.192+0000] {processor.py:925} INFO - DAG(s) 'tasklar' retrieved from /opt/airflow/dags/import_variable.py
[2026-03-21T16:33:56.243+0000] {logging_mixin.py:190} INFO - [2026-03-21T16:33:56.242+0000] {dag.py:3239} INFO - Sync 1 DAGs
[2026-03-21T16:33:56.298+0000] {logging_mixin.py:190} INFO - [2026-03-21T16:33:56.298+0000] {dag.py:4180} INFO - Setting next_dagrun for tasklar to 2026-03-19 23:30:00+00:00, run_after=2026-03-20 23:30:00+00:00
[2026-03-21T16:33:56.338+0000] {processor.py:208} INFO - Processing /opt/airflow/dags/import_variable.py took 0.198 seconds
[2026-03-21T16:34:27.180+0000] {processor.py:186} INFO - Started process (PID=21717) to work on /opt/airflow/dags/import_variable.py
[2026-03-21T16:34:27.182+0000] {processor.py:914} INFO - Processing file /opt/airflow/dags/import_variable.py for tasks to queue
[2026-03-21T16:34:27.186+0000] {logging_mixin.py:190} INFO - [2026-03-21T16:34:27.185+0000] {dagbag.py:588} INFO - Filling up the DagBag from /opt/airflow/dags/import_variable.py
[2026-03-21T16:34:27.209+0000] {processor.py:925} INFO - DAG(s) 'tasklar' retrieved from /opt/airflow/dags/import_variable.py
[2026-03-21T16:34:27.256+0000] {logging_mixin.py:190} INFO - [2026-03-21T16:34:27.256+0000] {dag.py:3239} INFO - Sync 1 DAGs
[2026-03-21T16:34:27.305+0000] {logging_mixin.py:190} INFO - [2026-03-21T16:34:27.305+0000] {dag.py:4180} INFO - Setting next_dagrun for tasklar to 2026-03-19 23:30:00+00:00, run_after=2026-03-20 23:30:00+00:00
[2026-03-21T16:34:27.347+0000] {processor.py:208} INFO - Processing /opt/airflow/dags/import_variable.py took 0.178 seconds
[2026-03-21T16:34:58.189+0000] {processor.py:186} INFO - Started process (PID=21758) to work on /opt/airflow/dags/import_variable.py
[2026-03-21T16:34:58.190+0000] {processor.py:914} INFO - Processing file /opt/airflow/dags/import_variable.py for tasks to queue
[2026-03-21T16:34:58.194+0000] {logging_mixin.py:190} INFO - [2026-03-21T16:34:58.194+0000] {dagbag.py:588} INFO - Filling up the DagBag from /opt/airflow/dags/import_variable.py
[2026-03-21T16:34:58.218+0000] {processor.py:925} INFO - DAG(s) 'tasklar' retrieved from /opt/airflow/dags/import_variable.py
[2026-03-21T16:34:58.261+0000] {logging_mixin.py:190} INFO - [2026-03-21T16:34:58.261+0000] {dag.py:3239} INFO - Sync 1 DAGs
[2026-03-21T16:34:58.315+0000] {logging_mixin.py:190} INFO - [2026-03-21T16:34:58.314+0000] {dag.py:4180} INFO - Setting next_dagrun for tasklar to 2026-03-19 23:30:00+00:00, run_after=2026-03-20 23:30:00+00:00
[2026-03-21T16:34:58.355+0000] {processor.py:208} INFO - Processing /opt/airflow/dags/import_variable.py took 0.176 seconds
[2026-03-21T16:35:29.196+0000] {processor.py:186} INFO - Started process (PID=21799) to work on /opt/airflow/dags/import_variable.py
[2026-03-21T16:35:29.197+0000] {processor.py:914} INFO - Processing file /opt/airflow/dags/import_variable.py for tasks to queue
[2026-03-21T16:35:29.203+0000] {logging_mixin.py:190} INFO - [2026-03-21T16:35:29.203+0000] {dagbag.py:588} INFO - Filling up the DagBag from /opt/airflow/dags/import_variable.py
[2026-03-21T16:35:29.232+0000] {processor.py:925} INFO - DAG(s) 'tasklar' retrieved from /opt/airflow/dags/import_variable.py
[2026-03-21T16:35:29.286+0000] {logging_mixin.py:190} INFO - [2026-03-21T16:35:29.285+0000] {dag.py:3239} INFO - Sync 1 DAGs
[2026-03-21T16:35:29.345+0000] {logging_mixin.py:190} INFO - [2026-03-21T16:35:29.344+0000] {dag.py:4180} INFO - Setting next_dagrun for tasklar to 2026-03-19 23:30:00+00:00, run_after=2026-03-20 23:30:00+00:00
[2026-03-21T16:35:29.382+0000] {processor.py:208} INFO - Processing /opt/airflow/dags/import_variable.py took 0.200 seconds
[2026-03-21T16:36:00.201+0000] {processor.py:186} INFO - Started process (PID=21841) to work on /opt/airflow/dags/import_variable.py
[2026-03-21T16:36:00.202+0000] {processor.py:914} INFO - Processing file /opt/airflow/dags/import_variable.py for tasks to queue
[2026-03-21T16:36:00.207+0000] {logging_mixin.py:190} INFO - [2026-03-21T16:36:00.206+0000] {dagbag.py:588} INFO - Filling up the DagBag from /opt/airflow/dags/import_variable.py
[2026-03-21T16:36:00.230+0000] {processor.py:925} INFO - DAG(s) 'tasklar' retrieved from /opt/airflow/dags/import_variable.py
[2026-03-21T16:36:00.272+0000] {logging_mixin.py:190} INFO - [2026-03-21T16:36:00.272+0000] {dag.py:3239} INFO - Sync 1 DAGs
[2026-03-21T16:36:00.327+0000] {logging_mixin.py:190} INFO - [2026-03-21T16:36:00.327+0000] {dag.py:4180} INFO - Setting next_dagrun for tasklar to 2026-03-19 23:30:00+00:00, run_after=2026-03-20 23:30:00+00:00
[2026-03-21T16:36:00.363+0000] {processor.py:208} INFO - Processing /opt/airflow/dags/import_variable.py took 0.174 seconds
[2026-03-21T16:36:31.268+0000] {processor.py:186} INFO - Started process (PID=21880) to work on /opt/airflow/dags/import_variable.py
[2026-03-21T16:36:31.270+0000] {processor.py:914} INFO - Processing file /opt/airflow/dags/import_variable.py for tasks to queue
[2026-03-21T16:36:31.275+0000] {logging_mixin.py:190} INFO - [2026-03-21T16:36:31.274+0000] {dagbag.py:588} INFO - Filling up the DagBag from /opt/airflow/dags/import_variable.py
[2026-03-21T16:36:31.319+0000] {processor.py:925} INFO - DAG(s) 'tasklar' retrieved from /opt/airflow/dags/import_variable.py
[2026-03-21T16:36:31.360+0000] {logging_mixin.py:190} INFO - [2026-03-21T16:36:31.360+0000] {dag.py:3239} INFO - Sync 1 DAGs
[2026-03-21T16:36:31.409+0000] {logging_mixin.py:190} INFO - [2026-03-21T16:36:31.408+0000] {dag.py:4180} INFO - Setting next_dagrun for tasklar to 2026-03-19 23:30:00+00:00, run_after=2026-03-20 23:30:00+00:00
[2026-03-21T16:36:31.442+0000] {processor.py:208} INFO - Processing /opt/airflow/dags/import_variable.py took 0.185 seconds
[2026-03-21T16:37:02.278+0000] {processor.py:186} INFO - Started process (PID=21923) to work on /opt/airflow/dags/import_variable.py
[2026-03-21T16:37:02.280+0000] {processor.py:914} INFO - Processing file /opt/airflow/dags/import_variable.py for tasks to queue
[2026-03-21T16:37:02.284+0000] {logging_mixin.py:190} INFO - [2026-03-21T16:37:02.283+0000] {dagbag.py:588} INFO - Filling up the DagBag from /opt/airflow/dags/import_variable.py
[2026-03-21T16:37:02.306+0000] {processor.py:925} INFO - DAG(s) 'tasklar' retrieved from /opt/airflow/dags/import_variable.py
[2026-03-21T16:37:02.354+0000] {logging_mixin.py:190} INFO - [2026-03-21T16:37:02.354+0000] {dag.py:3239} INFO - Sync 1 DAGs
[2026-03-21T16:37:02.402+0000] {logging_mixin.py:190} INFO - [2026-03-21T16:37:02.401+0000] {dag.py:4180} INFO - Setting next_dagrun for tasklar to 2026-03-19 23:30:00+00:00, run_after=2026-03-20 23:30:00+00:00
[2026-03-21T16:37:02.442+0000] {processor.py:208} INFO - Processing /opt/airflow/dags/import_variable.py took 0.174 seconds
[2026-03-21T16:37:33.059+0000] {processor.py:186} INFO - Started process (PID=21964) to work on /opt/airflow/dags/import_variable.py
[2026-03-21T16:37:33.060+0000] {processor.py:914} INFO - Processing file /opt/airflow/dags/import_variable.py for tasks to queue
[2026-03-21T16:37:33.065+0000] {logging_mixin.py:190} INFO - [2026-03-21T16:37:33.064+0000] {dagbag.py:588} INFO - Filling up the DagBag from /opt/airflow/dags/import_variable.py
[2026-03-21T16:37:33.089+0000] {processor.py:925} INFO - DAG(s) 'tasklar' retrieved from /opt/airflow/dags/import_variable.py
[2026-03-21T16:37:33.132+0000] {logging_mixin.py:190} INFO - [2026-03-21T16:37:33.132+0000] {dag.py:3239} INFO - Sync 1 DAGs
[2026-03-21T16:37:33.181+0000] {logging_mixin.py:190} INFO - [2026-03-21T16:37:33.181+0000] {dag.py:4180} INFO - Setting next_dagrun for tasklar to 2026-03-19 23:30:00+00:00, run_after=2026-03-20 23:30:00+00:00
[2026-03-21T16:37:33.219+0000] {processor.py:208} INFO - Processing /opt/airflow/dags/import_variable.py took 0.173 seconds
[2026-03-21T16:38:04.013+0000] {processor.py:186} INFO - Started process (PID=22005) to work on /opt/airflow/dags/import_variable.py
[2026-03-21T16:38:04.014+0000] {processor.py:914} INFO - Processing file /opt/airflow/dags/import_variable.py for tasks to queue
[2026-03-21T16:38:04.019+0000] {logging_mixin.py:190} INFO - [2026-03-21T16:38:04.018+0000] {dagbag.py:588} INFO - Filling up the DagBag from /opt/airflow/dags/import_variable.py
[2026-03-21T16:38:04.047+0000] {processor.py:925} INFO - DAG(s) 'tasklar' retrieved from /opt/airflow/dags/import_variable.py
[2026-03-21T16:38:04.092+0000] {logging_mixin.py:190} INFO - [2026-03-21T16:38:04.091+0000] {dag.py:3239} INFO - Sync 1 DAGs
[2026-03-21T16:38:04.145+0000] {logging_mixin.py:190} INFO - [2026-03-21T16:38:04.144+0000] {dag.py:4180} INFO - Setting next_dagrun for tasklar to 2026-03-19 23:30:00+00:00, run_after=2026-03-20 23:30:00+00:00
[2026-03-21T16:38:04.192+0000] {processor.py:208} INFO - Processing /opt/airflow/dags/import_variable.py took 0.191 seconds
[2026-03-21T16:38:34.991+0000] {processor.py:186} INFO - Started process (PID=22044) to work on /opt/airflow/dags/import_variable.py
[2026-03-21T16:38:34.993+0000] {processor.py:914} INFO - Processing file /opt/airflow/dags/import_variable.py for tasks to queue
[2026-03-21T16:38:34.997+0000] {logging_mixin.py:190} INFO - [2026-03-21T16:38:34.996+0000] {dagbag.py:588} INFO - Filling up the DagBag from /opt/airflow/dags/import_variable.py
[2026-03-21T16:38:35.018+0000] {processor.py:925} INFO - DAG(s) 'tasklar' retrieved from /opt/airflow/dags/import_variable.py
[2026-03-21T16:38:35.058+0000] {logging_mixin.py:190} INFO - [2026-03-21T16:38:35.058+0000] {dag.py:3239} INFO - Sync 1 DAGs
[2026-03-21T16:38:35.105+0000] {logging_mixin.py:190} INFO - [2026-03-21T16:38:35.104+0000] {dag.py:4180} INFO - Setting next_dagrun for tasklar to 2026-03-19 23:30:00+00:00, run_after=2026-03-20 23:30:00+00:00
[2026-03-21T16:38:35.140+0000] {processor.py:208} INFO - Processing /opt/airflow/dags/import_variable.py took 0.162 seconds
[2026-03-21T16:39:05.951+0000] {processor.py:186} INFO - Started process (PID=22087) to work on /opt/airflow/dags/import_variable.py
[2026-03-21T16:39:05.952+0000] {processor.py:914} INFO - Processing file /opt/airflow/dags/import_variable.py for tasks to queue
[2026-03-21T16:39:05.956+0000] {logging_mixin.py:190} INFO - [2026-03-21T16:39:05.955+0000] {dagbag.py:588} INFO - Filling up the DagBag from /opt/airflow/dags/import_variable.py
[2026-03-21T16:39:05.978+0000] {processor.py:925} INFO - DAG(s) 'tasklar' retrieved from /opt/airflow/dags/import_variable.py
[2026-03-21T16:39:06.020+0000] {logging_mixin.py:190} INFO - [2026-03-21T16:39:06.020+0000] {dag.py:3239} INFO - Sync 1 DAGs
[2026-03-21T16:39:06.065+0000] {logging_mixin.py:190} INFO - [2026-03-21T16:39:06.064+0000] {dag.py:4180} INFO - Setting next_dagrun for tasklar to 2026-03-19 23:30:00+00:00, run_after=2026-03-20 23:30:00+00:00
[2026-03-21T16:39:06.096+0000] {processor.py:208} INFO - Processing /opt/airflow/dags/import_variable.py took 0.156 seconds
[2026-03-21T16:39:36.906+0000] {processor.py:186} INFO - Started process (PID=22128) to work on /opt/airflow/dags/import_variable.py
[2026-03-21T16:39:36.908+0000] {processor.py:914} INFO - Processing file /opt/airflow/dags/import_variable.py for tasks to queue
[2026-03-21T16:39:36.913+0000] {logging_mixin.py:190} INFO - [2026-03-21T16:39:36.912+0000] {dagbag.py:588} INFO - Filling up the DagBag from /opt/airflow/dags/import_variable.py
[2026-03-21T16:39:36.936+0000] {processor.py:925} INFO - DAG(s) 'tasklar' retrieved from /opt/airflow/dags/import_variable.py
[2026-03-21T16:39:36.979+0000] {logging_mixin.py:190} INFO - [2026-03-21T16:39:36.978+0000] {dag.py:3239} INFO - Sync 1 DAGs
[2026-03-21T16:39:37.028+0000] {logging_mixin.py:190} INFO - [2026-03-21T16:39:37.027+0000] {dag.py:4180} INFO - Setting next_dagrun for tasklar to 2026-03-19 23:30:00+00:00, run_after=2026-03-20 23:30:00+00:00
[2026-03-21T16:39:37.060+0000] {processor.py:208} INFO - Processing /opt/airflow/dags/import_variable.py took 0.166 seconds
[2026-03-21T16:40:07.879+0000] {processor.py:186} INFO - Started process (PID=22170) to work on /opt/airflow/dags/import_variable.py
[2026-03-21T16:40:07.880+0000] {processor.py:914} INFO - Processing file /opt/airflow/dags/import_variable.py for tasks to queue
[2026-03-21T16:40:07.884+0000] {logging_mixin.py:190} INFO - [2026-03-21T16:40:07.883+0000] {dagbag.py:588} INFO - Filling up the DagBag from /opt/airflow/dags/import_variable.py
[2026-03-21T16:40:07.906+0000] {processor.py:925} INFO - DAG(s) 'tasklar' retrieved from /opt/airflow/dags/import_variable.py
[2026-03-21T16:40:07.950+0000] {logging_mixin.py:190} INFO - [2026-03-21T16:40:07.949+0000] {dag.py:3239} INFO - Sync 1 DAGs
[2026-03-21T16:40:07.999+0000] {logging_mixin.py:190} INFO - [2026-03-21T16:40:07.998+0000] {dag.py:4180} INFO - Setting next_dagrun for tasklar to 2026-03-19 23:30:00+00:00, run_after=2026-03-20 23:30:00+00:00
[2026-03-21T16:40:08.034+0000] {processor.py:208} INFO - Processing /opt/airflow/dags/import_variable.py took 0.166 seconds
[2026-03-21T16:40:38.827+0000] {processor.py:186} INFO - Started process (PID=22211) to work on /opt/airflow/dags/import_variable.py
[2026-03-21T16:40:38.829+0000] {processor.py:914} INFO - Processing file /opt/airflow/dags/import_variable.py for tasks to queue
[2026-03-21T16:40:38.833+0000] {logging_mixin.py:190} INFO - [2026-03-21T16:40:38.832+0000] {dagbag.py:588} INFO - Filling up the DagBag from /opt/airflow/dags/import_variable.py
[2026-03-21T16:40:38.855+0000] {processor.py:925} INFO - DAG(s) 'tasklar' retrieved from /opt/airflow/dags/import_variable.py
[2026-03-21T16:40:38.899+0000] {logging_mixin.py:190} INFO - [2026-03-21T16:40:38.899+0000] {dag.py:3239} INFO - Sync 1 DAGs
[2026-03-21T16:40:38.944+0000] {logging_mixin.py:190} INFO - [2026-03-21T16:40:38.944+0000] {dag.py:4180} INFO - Setting next_dagrun for tasklar to 2026-03-19 23:30:00+00:00, run_after=2026-03-20 23:30:00+00:00
[2026-03-21T16:40:38.977+0000] {processor.py:208} INFO - Processing /opt/airflow/dags/import_variable.py took 0.162 seconds
[2026-03-21T16:41:09.774+0000] {processor.py:186} INFO - Started process (PID=22252) to work on /opt/airflow/dags/import_variable.py
[2026-03-21T16:41:09.776+0000] {processor.py:914} INFO - Processing file /opt/airflow/dags/import_variable.py for tasks to queue
[2026-03-21T16:41:09.779+0000] {logging_mixin.py:190} INFO - [2026-03-21T16:41:09.779+0000] {dagbag.py:588} INFO - Filling up the DagBag from /opt/airflow/dags/import_variable.py
[2026-03-21T16:41:09.800+0000] {processor.py:925} INFO - DAG(s) 'tasklar' retrieved from /opt/airflow/dags/import_variable.py
[2026-03-21T16:41:09.844+0000] {logging_mixin.py:190} INFO - [2026-03-21T16:41:09.844+0000] {dag.py:3239} INFO - Sync 1 DAGs
[2026-03-21T16:41:09.894+0000] {logging_mixin.py:190} INFO - [2026-03-21T16:41:09.893+0000] {dag.py:4180} INFO - Setting next_dagrun for tasklar to 2026-03-19 23:30:00+00:00, run_after=2026-03-20 23:30:00+00:00
[2026-03-21T16:41:09.927+0000] {processor.py:208} INFO - Processing /opt/airflow/dags/import_variable.py took 0.165 seconds
[2026-03-21T16:41:40.724+0000] {processor.py:186} INFO - Started process (PID=22293) to work on /opt/airflow/dags/import_variable.py
[2026-03-21T16:41:40.726+0000] {processor.py:914} INFO - Processing file /opt/airflow/dags/import_variable.py for tasks to queue
[2026-03-21T16:41:40.729+0000] {logging_mixin.py:190} INFO - [2026-03-21T16:41:40.729+0000] {dagbag.py:588} INFO - Filling up the DagBag from /opt/airflow/dags/import_variable.py
[2026-03-21T16:41:40.753+0000] {processor.py:925} INFO - DAG(s) 'tasklar' retrieved from /opt/airflow/dags/import_variable.py
[2026-03-21T16:41:40.809+0000] {logging_mixin.py:190} INFO - [2026-03-21T16:41:40.809+0000] {dag.py:3239} INFO - Sync 1 DAGs
[2026-03-21T16:41:40.861+0000] {logging_mixin.py:190} INFO - [2026-03-21T16:41:40.861+0000] {dag.py:4180} INFO - Setting next_dagrun for tasklar to 2026-03-19 23:30:00+00:00, run_after=2026-03-20 23:30:00+00:00
[2026-03-21T16:41:40.904+0000] {processor.py:208} INFO - Processing /opt/airflow/dags/import_variable.py took 0.189 seconds
[2026-03-21T16:42:11.708+0000] {processor.py:186} INFO - Started process (PID=22340) to work on /opt/airflow/dags/import_variable.py
[2026-03-21T16:42:11.710+0000] {processor.py:914} INFO - Processing file /opt/airflow/dags/import_variable.py for tasks to queue
[2026-03-21T16:42:11.714+0000] {logging_mixin.py:190} INFO - [2026-03-21T16:42:11.713+0000] {dagbag.py:588} INFO - Filling up the DagBag from /opt/airflow/dags/import_variable.py
[2026-03-21T16:42:11.734+0000] {processor.py:925} INFO - DAG(s) 'tasklar' retrieved from /opt/airflow/dags/import_variable.py
[2026-03-21T16:42:11.775+0000] {logging_mixin.py:190} INFO - [2026-03-21T16:42:11.775+0000] {dag.py:3239} INFO - Sync 1 DAGs
[2026-03-21T16:42:11.819+0000] {logging_mixin.py:190} INFO - [2026-03-21T16:42:11.818+0000] {dag.py:4180} INFO - Setting next_dagrun for tasklar to 2026-03-19 23:30:00+00:00, run_after=2026-03-20 23:30:00+00:00
[2026-03-21T16:42:11.849+0000] {processor.py:208} INFO - Processing /opt/airflow/dags/import_variable.py took 0.152 seconds
[2026-03-21T16:42:42.666+0000] {processor.py:186} INFO - Started process (PID=22381) to work on /opt/airflow/dags/import_variable.py
[2026-03-21T16:42:42.667+0000] {processor.py:914} INFO - Processing file /opt/airflow/dags/import_variable.py for tasks to queue
[2026-03-21T16:42:42.671+0000] {logging_mixin.py:190} INFO - [2026-03-21T16:42:42.670+0000] {dagbag.py:588} INFO - Filling up the DagBag from /opt/airflow/dags/import_variable.py
[2026-03-21T16:42:42.690+0000] {processor.py:925} INFO - DAG(s) 'tasklar' retrieved from /opt/airflow/dags/import_variable.py
[2026-03-21T16:42:42.736+0000] {logging_mixin.py:190} INFO - [2026-03-21T16:42:42.736+0000] {dag.py:3239} INFO - Sync 1 DAGs
[2026-03-21T16:42:42.790+0000] {logging_mixin.py:190} INFO - [2026-03-21T16:42:42.790+0000] {dag.py:4180} INFO - Setting next_dagrun for tasklar to 2026-03-19 23:30:00+00:00, run_after=2026-03-20 23:30:00+00:00
[2026-03-21T16:42:42.834+0000] {processor.py:208} INFO - Processing /opt/airflow/dags/import_variable.py took 0.178 seconds
[2026-03-21T16:43:13.448+0000] {processor.py:186} INFO - Started process (PID=22422) to work on /opt/airflow/dags/import_variable.py
[2026-03-21T16:43:13.450+0000] {processor.py:914} INFO - Processing file /opt/airflow/dags/import_variable.py for tasks to queue
[2026-03-21T16:43:13.453+0000] {logging_mixin.py:190} INFO - [2026-03-21T16:43:13.453+0000] {dagbag.py:588} INFO - Filling up the DagBag from /opt/airflow/dags/import_variable.py
[2026-03-21T16:43:13.474+0000] {processor.py:925} INFO - DAG(s) 'tasklar' retrieved from /opt/airflow/dags/import_variable.py
[2026-03-21T16:43:13.516+0000] {logging_mixin.py:190} INFO - [2026-03-21T16:43:13.515+0000] {dag.py:3239} INFO - Sync 1 DAGs
[2026-03-21T16:43:13.563+0000] {logging_mixin.py:190} INFO - [2026-03-21T16:43:13.562+0000] {dag.py:4180} INFO - Setting next_dagrun for tasklar to 2026-03-19 23:30:00+00:00, run_after=2026-03-20 23:30:00+00:00
[2026-03-21T16:43:13.598+0000] {processor.py:208} INFO - Processing /opt/airflow/dags/import_variable.py took 0.160 seconds
[2026-03-21T16:43:44.422+0000] {processor.py:186} INFO - Started process (PID=22463) to work on /opt/airflow/dags/import_variable.py
[2026-03-21T16:43:44.424+0000] {processor.py:914} INFO - Processing file /opt/airflow/dags/import_variable.py for tasks to queue
[2026-03-21T16:43:44.428+0000] {logging_mixin.py:190} INFO - [2026-03-21T16:43:44.427+0000] {dagbag.py:588} INFO - Filling up the DagBag from /opt/airflow/dags/import_variable.py
[2026-03-21T16:43:44.449+0000] {processor.py:925} INFO - DAG(s) 'tasklar' retrieved from /opt/airflow/dags/import_variable.py
[2026-03-21T16:43:44.490+0000] {logging_mixin.py:190} INFO - [2026-03-21T16:43:44.490+0000] {dag.py:3239} INFO - Sync 1 DAGs
[2026-03-21T16:43:44.535+0000] {logging_mixin.py:190} INFO - [2026-03-21T16:43:44.534+0000] {dag.py:4180} INFO - Setting next_dagrun for tasklar to 2026-03-19 23:30:00+00:00, run_after=2026-03-20 23:30:00+00:00
[2026-03-21T16:43:44.567+0000] {processor.py:208} INFO - Processing /opt/airflow/dags/import_variable.py took 0.155 seconds
[2026-03-21T16:44:15.371+0000] {processor.py:186} INFO - Started process (PID=22502) to work on /opt/airflow/dags/import_variable.py
[2026-03-21T16:44:15.373+0000] {processor.py:914} INFO - Processing file /opt/airflow/dags/import_variable.py for tasks to queue
[2026-03-21T16:44:15.378+0000] {logging_mixin.py:190} INFO - [2026-03-21T16:44:15.377+0000] {dagbag.py:588} INFO - Filling up the DagBag from /opt/airflow/dags/import_variable.py
[2026-03-21T16:44:15.401+0000] {processor.py:925} INFO - DAG(s) 'tasklar' retrieved from /opt/airflow/dags/import_variable.py
[2026-03-21T16:44:15.443+0000] {logging_mixin.py:190} INFO - [2026-03-21T16:44:15.443+0000] {dag.py:3239} INFO - Sync 1 DAGs
[2026-03-21T16:44:15.491+0000] {logging_mixin.py:190} INFO - [2026-03-21T16:44:15.490+0000] {dag.py:4180} INFO - Setting next_dagrun for tasklar to 2026-03-19 23:30:00+00:00, run_after=2026-03-20 23:30:00+00:00
[2026-03-21T16:44:15.523+0000] {processor.py:208} INFO - Processing /opt/airflow/dags/import_variable.py took 0.163 seconds
[2026-03-21T16:44:46.324+0000] {processor.py:186} INFO - Started process (PID=22545) to work on /opt/airflow/dags/import_variable.py
[2026-03-21T16:44:46.325+0000] {processor.py:914} INFO - Processing file /opt/airflow/dags/import_variable.py for tasks to queue
[2026-03-21T16:44:46.329+0000] {logging_mixin.py:190} INFO - [2026-03-21T16:44:46.329+0000] {dagbag.py:588} INFO - Filling up the DagBag from /opt/airflow/dags/import_variable.py
[2026-03-21T16:44:46.351+0000] {processor.py:925} INFO - DAG(s) 'tasklar' retrieved from /opt/airflow/dags/import_variable.py
[2026-03-21T16:44:46.393+0000] {logging_mixin.py:190} INFO - [2026-03-21T16:44:46.392+0000] {dag.py:3239} INFO - Sync 1 DAGs
[2026-03-21T16:44:46.438+0000] {logging_mixin.py:190} INFO - [2026-03-21T16:44:46.438+0000] {dag.py:4180} INFO - Setting next_dagrun for tasklar to 2026-03-19 23:30:00+00:00, run_after=2026-03-20 23:30:00+00:00
[2026-03-21T16:44:46.469+0000] {processor.py:208} INFO - Processing /opt/airflow/dags/import_variable.py took 0.156 seconds
[2026-03-21T16:45:17.269+0000] {processor.py:186} INFO - Started process (PID=22584) to work on /opt/airflow/dags/import_variable.py
[2026-03-21T16:45:17.270+0000] {processor.py:914} INFO - Processing file /opt/airflow/dags/import_variable.py for tasks to queue
[2026-03-21T16:45:17.275+0000] {logging_mixin.py:190} INFO - [2026-03-21T16:45:17.274+0000] {dagbag.py:588} INFO - Filling up the DagBag from /opt/airflow/dags/import_variable.py
[2026-03-21T16:45:17.297+0000] {processor.py:925} INFO - DAG(s) 'tasklar' retrieved from /opt/airflow/dags/import_variable.py
[2026-03-21T16:45:17.343+0000] {logging_mixin.py:190} INFO - [2026-03-21T16:45:17.343+0000] {dag.py:3239} INFO - Sync 1 DAGs
[2026-03-21T16:45:17.392+0000] {logging_mixin.py:190} INFO - [2026-03-21T16:45:17.392+0000] {dag.py:4180} INFO - Setting next_dagrun for tasklar to 2026-03-19 23:30:00+00:00, run_after=2026-03-20 23:30:00+00:00
[2026-03-21T16:45:17.424+0000] {processor.py:208} INFO - Processing /opt/airflow/dags/import_variable.py took 0.168 seconds
[2026-03-21T16:45:48.248+0000] {processor.py:186} INFO - Started process (PID=22627) to work on /opt/airflow/dags/import_variable.py
[2026-03-21T16:45:48.250+0000] {processor.py:914} INFO - Processing file /opt/airflow/dags/import_variable.py for tasks to queue
[2026-03-21T16:45:48.254+0000] {logging_mixin.py:190} INFO - [2026-03-21T16:45:48.253+0000] {dagbag.py:588} INFO - Filling up the DagBag from /opt/airflow/dags/import_variable.py
[2026-03-21T16:45:48.275+0000] {processor.py:925} INFO - DAG(s) 'tasklar' retrieved from /opt/airflow/dags/import_variable.py
[2026-03-21T16:45:48.321+0000] {logging_mixin.py:190} INFO - [2026-03-21T16:45:48.321+0000] {dag.py:3239} INFO - Sync 1 DAGs
[2026-03-21T16:45:48.367+0000] {logging_mixin.py:190} INFO - [2026-03-21T16:45:48.367+0000] {dag.py:4180} INFO - Setting next_dagrun for tasklar to 2026-03-19 23:30:00+00:00, run_after=2026-03-20 23:30:00+00:00
[2026-03-21T16:45:48.398+0000] {processor.py:208} INFO - Processing /opt/airflow/dags/import_variable.py took 0.162 seconds
[2026-03-21T16:46:19.248+0000] {processor.py:186} INFO - Started process (PID=22668) to work on /opt/airflow/dags/import_variable.py
[2026-03-21T16:46:19.250+0000] {processor.py:914} INFO - Processing file /opt/airflow/dags/import_variable.py for tasks to queue
[2026-03-21T16:46:19.254+0000] {logging_mixin.py:190} INFO - [2026-03-21T16:46:19.254+0000] {dagbag.py:588} INFO - Filling up the DagBag from /opt/airflow/dags/import_variable.py
[2026-03-21T16:46:19.279+0000] {processor.py:925} INFO - DAG(s) 'tasklar' retrieved from /opt/airflow/dags/import_variable.py
[2026-03-21T16:46:19.329+0000] {logging_mixin.py:190} INFO - [2026-03-21T16:46:19.329+0000] {dag.py:3239} INFO - Sync 1 DAGs
[2026-03-21T16:46:19.375+0000] {logging_mixin.py:190} INFO - [2026-03-21T16:46:19.375+0000] {dag.py:4180} INFO - Setting next_dagrun for tasklar to 2026-03-19 23:30:00+00:00, run_after=2026-03-20 23:30:00+00:00
[2026-03-21T16:46:19.409+0000] {processor.py:208} INFO - Processing /opt/airflow/dags/import_variable.py took 0.172 seconds
[2026-03-21T16:46:50.217+0000] {processor.py:186} INFO - Started process (PID=22707) to work on /opt/airflow/dags/import_variable.py
[2026-03-21T16:46:50.219+0000] {processor.py:914} INFO - Processing file /opt/airflow/dags/import_variable.py for tasks to queue
[2026-03-21T16:46:50.224+0000] {logging_mixin.py:190} INFO - [2026-03-21T16:46:50.223+0000] {dagbag.py:588} INFO - Filling up the DagBag from /opt/airflow/dags/import_variable.py
[2026-03-21T16:46:50.252+0000] {processor.py:925} INFO - DAG(s) 'tasklar' retrieved from /opt/airflow/dags/import_variable.py
[2026-03-21T16:46:50.298+0000] {logging_mixin.py:190} INFO - [2026-03-21T16:46:50.298+0000] {dag.py:3239} INFO - Sync 1 DAGs
[2026-03-21T16:46:50.353+0000] {logging_mixin.py:190} INFO - [2026-03-21T16:46:50.353+0000] {dag.py:4180} INFO - Setting next_dagrun for tasklar to 2026-03-19 23:30:00+00:00, run_after=2026-03-20 23:30:00+00:00
[2026-03-21T16:46:50.384+0000] {processor.py:208} INFO - Processing /opt/airflow/dags/import_variable.py took 0.179 seconds
[2026-03-21T16:47:21.198+0000] {processor.py:186} INFO - Started process (PID=22750) to work on /opt/airflow/dags/import_variable.py
[2026-03-21T16:47:21.200+0000] {processor.py:914} INFO - Processing file /opt/airflow/dags/import_variable.py for tasks to queue
[2026-03-21T16:47:21.204+0000] {logging_mixin.py:190} INFO - [2026-03-21T16:47:21.203+0000] {dagbag.py:588} INFO - Filling up the DagBag from /opt/airflow/dags/import_variable.py
[2026-03-21T16:47:21.230+0000] {processor.py:925} INFO - DAG(s) 'tasklar' retrieved from /opt/airflow/dags/import_variable.py
[2026-03-21T16:47:21.275+0000] {logging_mixin.py:190} INFO - [2026-03-21T16:47:21.275+0000] {dag.py:3239} INFO - Sync 1 DAGs
[2026-03-21T16:47:21.327+0000] {logging_mixin.py:190} INFO - [2026-03-21T16:47:21.327+0000] {dag.py:4180} INFO - Setting next_dagrun for tasklar to 2026-03-19 23:30:00+00:00, run_after=2026-03-20 23:30:00+00:00
[2026-03-21T16:47:21.368+0000] {processor.py:208} INFO - Processing /opt/airflow/dags/import_variable.py took 0.180 seconds
[2026-03-21T16:47:52.168+0000] {processor.py:186} INFO - Started process (PID=22791) to work on /opt/airflow/dags/import_variable.py
[2026-03-21T16:47:52.169+0000] {processor.py:914} INFO - Processing file /opt/airflow/dags/import_variable.py for tasks to queue
[2026-03-21T16:47:52.173+0000] {logging_mixin.py:190} INFO - [2026-03-21T16:47:52.172+0000] {dagbag.py:588} INFO - Filling up the DagBag from /opt/airflow/dags/import_variable.py
[2026-03-21T16:47:52.198+0000] {processor.py:925} INFO - DAG(s) 'tasklar' retrieved from /opt/airflow/dags/import_variable.py
[2026-03-21T16:47:52.248+0000] {logging_mixin.py:190} INFO - [2026-03-21T16:47:52.247+0000] {dag.py:3239} INFO - Sync 1 DAGs
[2026-03-21T16:47:52.298+0000] {logging_mixin.py:190} INFO - [2026-03-21T16:47:52.297+0000] {dag.py:4180} INFO - Setting next_dagrun for tasklar to 2026-03-19 23:30:00+00:00, run_after=2026-03-20 23:30:00+00:00
[2026-03-21T16:47:52.332+0000] {processor.py:208} INFO - Processing /opt/airflow/dags/import_variable.py took 0.175 seconds
[2026-03-21T16:48:23.148+0000] {processor.py:186} INFO - Started process (PID=22832) to work on /opt/airflow/dags/import_variable.py
[2026-03-21T16:48:23.149+0000] {processor.py:914} INFO - Processing file /opt/airflow/dags/import_variable.py for tasks to queue
[2026-03-21T16:48:23.153+0000] {logging_mixin.py:190} INFO - [2026-03-21T16:48:23.152+0000] {dagbag.py:588} INFO - Filling up the DagBag from /opt/airflow/dags/import_variable.py
[2026-03-21T16:48:23.173+0000] {processor.py:925} INFO - DAG(s) 'tasklar' retrieved from /opt/airflow/dags/import_variable.py
[2026-03-21T16:48:23.214+0000] {logging_mixin.py:190} INFO - [2026-03-21T16:48:23.213+0000] {dag.py:3239} INFO - Sync 1 DAGs
[2026-03-21T16:48:23.259+0000] {logging_mixin.py:190} INFO - [2026-03-21T16:48:23.258+0000] {dag.py:4180} INFO - Setting next_dagrun for tasklar to 2026-03-19 23:30:00+00:00, run_after=2026-03-20 23:30:00+00:00
[2026-03-21T16:48:23.292+0000] {processor.py:208} INFO - Processing /opt/airflow/dags/import_variable.py took 0.155 seconds
[2026-03-21T16:48:54.110+0000] {processor.py:186} INFO - Started process (PID=22873) to work on /opt/airflow/dags/import_variable.py
[2026-03-21T16:48:54.112+0000] {processor.py:914} INFO - Processing file /opt/airflow/dags/import_variable.py for tasks to queue
[2026-03-21T16:48:54.116+0000] {logging_mixin.py:190} INFO - [2026-03-21T16:48:54.115+0000] {dagbag.py:588} INFO - Filling up the DagBag from /opt/airflow/dags/import_variable.py
[2026-03-21T16:48:54.138+0000] {processor.py:925} INFO - DAG(s) 'tasklar' retrieved from /opt/airflow/dags/import_variable.py
[2026-03-21T16:48:54.179+0000] {logging_mixin.py:190} INFO - [2026-03-21T16:48:54.178+0000] {dag.py:3239} INFO - Sync 1 DAGs
[2026-03-21T16:48:54.240+0000] {logging_mixin.py:190} INFO - [2026-03-21T16:48:54.239+0000] {dag.py:4180} INFO - Setting next_dagrun for tasklar to 2026-03-19 23:30:00+00:00, run_after=2026-03-20 23:30:00+00:00
[2026-03-21T16:48:54.283+0000] {processor.py:208} INFO - Processing /opt/airflow/dags/import_variable.py took 0.183 seconds
[2026-03-21T16:49:24.889+0000] {processor.py:186} INFO - Started process (PID=22912) to work on /opt/airflow/dags/import_variable.py
[2026-03-21T16:49:24.891+0000] {processor.py:914} INFO - Processing file /opt/airflow/dags/import_variable.py for tasks to queue
[2026-03-21T16:49:24.894+0000] {logging_mixin.py:190} INFO - [2026-03-21T16:49:24.894+0000] {dagbag.py:588} INFO - Filling up the DagBag from /opt/airflow/dags/import_variable.py
[2026-03-21T16:49:24.917+0000] {processor.py:925} INFO - DAG(s) 'tasklar' retrieved from /opt/airflow/dags/import_variable.py
[2026-03-21T16:49:24.958+0000] {logging_mixin.py:190} INFO - [2026-03-21T16:49:24.958+0000] {dag.py:3239} INFO - Sync 1 DAGs
[2026-03-21T16:49:25.004+0000] {logging_mixin.py:190} INFO - [2026-03-21T16:49:25.004+0000] {dag.py:4180} INFO - Setting next_dagrun for tasklar to 2026-03-19 23:30:00+00:00, run_after=2026-03-20 23:30:00+00:00
[2026-03-21T16:49:25.035+0000] {processor.py:208} INFO - Processing /opt/airflow/dags/import_variable.py took 0.157 seconds
[2026-03-21T16:49:55.839+0000] {processor.py:186} INFO - Started process (PID=22955) to work on /opt/airflow/dags/import_variable.py
[2026-03-21T16:49:55.840+0000] {processor.py:914} INFO - Processing file /opt/airflow/dags/import_variable.py for tasks to queue
[2026-03-21T16:49:55.844+0000] {logging_mixin.py:190} INFO - [2026-03-21T16:49:55.843+0000] {dagbag.py:588} INFO - Filling up the DagBag from /opt/airflow/dags/import_variable.py
[2026-03-21T16:49:55.864+0000] {processor.py:925} INFO - DAG(s) 'tasklar' retrieved from /opt/airflow/dags/import_variable.py
[2026-03-21T16:49:55.911+0000] {logging_mixin.py:190} INFO - [2026-03-21T16:49:55.911+0000] {dag.py:3239} INFO - Sync 1 DAGs
[2026-03-21T16:49:55.958+0000] {logging_mixin.py:190} INFO - [2026-03-21T16:49:55.958+0000] {dag.py:4180} INFO - Setting next_dagrun for tasklar to 2026-03-19 23:30:00+00:00, run_after=2026-03-20 23:30:00+00:00
[2026-03-21T16:49:56.004+0000] {processor.py:208} INFO - Processing /opt/airflow/dags/import_variable.py took 0.177 seconds
[2026-03-21T16:50:26.636+0000] {processor.py:186} INFO - Started process (PID=22996) to work on /opt/airflow/dags/import_variable.py
[2026-03-21T16:50:26.638+0000] {processor.py:914} INFO - Processing file /opt/airflow/dags/import_variable.py for tasks to queue
[2026-03-21T16:50:26.642+0000] {logging_mixin.py:190} INFO - [2026-03-21T16:50:26.642+0000] {dagbag.py:588} INFO - Filling up the DagBag from /opt/airflow/dags/import_variable.py
[2026-03-21T16:50:26.664+0000] {processor.py:925} INFO - DAG(s) 'tasklar' retrieved from /opt/airflow/dags/import_variable.py
[2026-03-21T16:50:26.707+0000] {logging_mixin.py:190} INFO - [2026-03-21T16:50:26.707+0000] {dag.py:3239} INFO - Sync 1 DAGs
[2026-03-21T16:50:26.753+0000] {logging_mixin.py:190} INFO - [2026-03-21T16:50:26.752+0000] {dag.py:4180} INFO - Setting next_dagrun for tasklar to 2026-03-19 23:30:00+00:00, run_after=2026-03-20 23:30:00+00:00
[2026-03-21T16:50:26.787+0000] {processor.py:208} INFO - Processing /opt/airflow/dags/import_variable.py took 0.164 seconds
[2026-03-21T16:50:57.604+0000] {processor.py:186} INFO - Started process (PID=23037) to work on /opt/airflow/dags/import_variable.py
[2026-03-21T16:50:57.605+0000] {processor.py:914} INFO - Processing file /opt/airflow/dags/import_variable.py for tasks to queue
[2026-03-21T16:50:57.609+0000] {logging_mixin.py:190} INFO - [2026-03-21T16:50:57.608+0000] {dagbag.py:588} INFO - Filling up the DagBag from /opt/airflow/dags/import_variable.py
[2026-03-21T16:50:57.629+0000] {processor.py:925} INFO - DAG(s) 'tasklar' retrieved from /opt/airflow/dags/import_variable.py
[2026-03-21T16:50:57.671+0000] {logging_mixin.py:190} INFO - [2026-03-21T16:50:57.671+0000] {dag.py:3239} INFO - Sync 1 DAGs
[2026-03-21T16:50:57.722+0000] {logging_mixin.py:190} INFO - [2026-03-21T16:50:57.721+0000] {dag.py:4180} INFO - Setting next_dagrun for tasklar to 2026-03-19 23:30:00+00:00, run_after=2026-03-20 23:30:00+00:00
[2026-03-21T16:50:57.754+0000] {processor.py:208} INFO - Processing /opt/airflow/dags/import_variable.py took 0.162 seconds
[2026-03-21T16:51:28.570+0000] {processor.py:186} INFO - Started process (PID=23078) to work on /opt/airflow/dags/import_variable.py
[2026-03-21T16:51:28.571+0000] {processor.py:914} INFO - Processing file /opt/airflow/dags/import_variable.py for tasks to queue
[2026-03-21T16:51:28.575+0000] {logging_mixin.py:190} INFO - [2026-03-21T16:51:28.574+0000] {dagbag.py:588} INFO - Filling up the DagBag from /opt/airflow/dags/import_variable.py
[2026-03-21T16:51:28.595+0000] {processor.py:925} INFO - DAG(s) 'tasklar' retrieved from /opt/airflow/dags/import_variable.py
[2026-03-21T16:51:28.638+0000] {logging_mixin.py:190} INFO - [2026-03-21T16:51:28.638+0000] {dag.py:3239} INFO - Sync 1 DAGs
[2026-03-21T16:51:28.686+0000] {logging_mixin.py:190} INFO - [2026-03-21T16:51:28.686+0000] {dag.py:4180} INFO - Setting next_dagrun for tasklar to 2026-03-19 23:30:00+00:00, run_after=2026-03-20 23:30:00+00:00
[2026-03-21T16:51:28.728+0000] {processor.py:208} INFO - Processing /opt/airflow/dags/import_variable.py took 0.168 seconds
[2026-03-21T16:51:59.555+0000] {processor.py:186} INFO - Started process (PID=23119) to work on /opt/airflow/dags/import_variable.py
[2026-03-21T16:51:59.556+0000] {processor.py:914} INFO - Processing file /opt/airflow/dags/import_variable.py for tasks to queue
[2026-03-21T16:51:59.560+0000] {logging_mixin.py:190} INFO - [2026-03-21T16:51:59.559+0000] {dagbag.py:588} INFO - Filling up the DagBag from /opt/airflow/dags/import_variable.py
[2026-03-21T16:51:59.580+0000] {processor.py:925} INFO - DAG(s) 'tasklar' retrieved from /opt/airflow/dags/import_variable.py
[2026-03-21T16:51:59.621+0000] {logging_mixin.py:190} INFO - [2026-03-21T16:51:59.620+0000] {dag.py:3239} INFO - Sync 1 DAGs
[2026-03-21T16:51:59.667+0000] {logging_mixin.py:190} INFO - [2026-03-21T16:51:59.667+0000] {dag.py:4180} INFO - Setting next_dagrun for tasklar to 2026-03-19 23:30:00+00:00, run_after=2026-03-20 23:30:00+00:00
[2026-03-21T16:51:59.699+0000] {processor.py:208} INFO - Processing /opt/airflow/dags/import_variable.py took 0.155 seconds
[2026-03-21T16:52:30.514+0000] {processor.py:186} INFO - Started process (PID=23160) to work on /opt/airflow/dags/import_variable.py
[2026-03-21T16:52:30.516+0000] {processor.py:914} INFO - Processing file /opt/airflow/dags/import_variable.py for tasks to queue
[2026-03-21T16:52:30.520+0000] {logging_mixin.py:190} INFO - [2026-03-21T16:52:30.520+0000] {dagbag.py:588} INFO - Filling up the DagBag from /opt/airflow/dags/import_variable.py
[2026-03-21T16:52:30.542+0000] {processor.py:925} INFO - DAG(s) 'tasklar' retrieved from /opt/airflow/dags/import_variable.py
[2026-03-21T16:52:30.587+0000] {logging_mixin.py:190} INFO - [2026-03-21T16:52:30.587+0000] {dag.py:3239} INFO - Sync 1 DAGs
[2026-03-21T16:52:30.638+0000] {logging_mixin.py:190} INFO - [2026-03-21T16:52:30.637+0000] {dag.py:4180} INFO - Setting next_dagrun for tasklar to 2026-03-19 23:30:00+00:00, run_after=2026-03-20 23:30:00+00:00
[2026-03-21T16:52:30.682+0000] {processor.py:208} INFO - Processing /opt/airflow/dags/import_variable.py took 0.178 seconds
[2026-03-21T16:53:01.503+0000] {processor.py:186} INFO - Started process (PID=23201) to work on /opt/airflow/dags/import_variable.py
[2026-03-21T16:53:01.504+0000] {processor.py:914} INFO - Processing file /opt/airflow/dags/import_variable.py for tasks to queue
[2026-03-21T16:53:01.508+0000] {logging_mixin.py:190} INFO - [2026-03-21T16:53:01.508+0000] {dagbag.py:588} INFO - Filling up the DagBag from /opt/airflow/dags/import_variable.py
[2026-03-21T16:53:01.532+0000] {processor.py:925} INFO - DAG(s) 'tasklar' retrieved from /opt/airflow/dags/import_variable.py
[2026-03-21T16:53:01.581+0000] {logging_mixin.py:190} INFO - [2026-03-21T16:53:01.580+0000] {dag.py:3239} INFO - Sync 1 DAGs
[2026-03-21T16:53:01.632+0000] {logging_mixin.py:190} INFO - [2026-03-21T16:53:01.631+0000] {dag.py:4180} INFO - Setting next_dagrun for tasklar to 2026-03-19 23:30:00+00:00, run_after=2026-03-20 23:30:00+00:00
[2026-03-21T16:53:01.678+0000] {processor.py:208} INFO - Processing /opt/airflow/dags/import_variable.py took 0.185 seconds
[2026-03-21T16:53:32.297+0000] {processor.py:186} INFO - Started process (PID=23242) to work on /opt/airflow/dags/import_variable.py
[2026-03-21T16:53:32.298+0000] {processor.py:914} INFO - Processing file /opt/airflow/dags/import_variable.py for tasks to queue
[2026-03-21T16:53:32.303+0000] {logging_mixin.py:190} INFO - [2026-03-21T16:53:32.302+0000] {dagbag.py:588} INFO - Filling up the DagBag from /opt/airflow/dags/import_variable.py
[2026-03-21T16:53:32.326+0000] {processor.py:925} INFO - DAG(s) 'tasklar' retrieved from /opt/airflow/dags/import_variable.py
[2026-03-21T16:53:32.366+0000] {logging_mixin.py:190} INFO - [2026-03-21T16:53:32.366+0000] {dag.py:3239} INFO - Sync 1 DAGs
[2026-03-21T16:53:32.420+0000] {logging_mixin.py:190} INFO - [2026-03-21T16:53:32.420+0000] {dag.py:4180} INFO - Setting next_dagrun for tasklar to 2026-03-19 23:30:00+00:00, run_after=2026-03-20 23:30:00+00:00
[2026-03-21T16:53:32.454+0000] {processor.py:208} INFO - Processing /opt/airflow/dags/import_variable.py took 0.169 seconds
[2026-03-21T16:54:03.254+0000] {processor.py:186} INFO - Started process (PID=23283) to work on /opt/airflow/dags/import_variable.py
[2026-03-21T16:54:03.255+0000] {processor.py:914} INFO - Processing file /opt/airflow/dags/import_variable.py for tasks to queue
[2026-03-21T16:54:03.261+0000] {logging_mixin.py:190} INFO - [2026-03-21T16:54:03.260+0000] {dagbag.py:588} INFO - Filling up the DagBag from /opt/airflow/dags/import_variable.py
[2026-03-21T16:54:03.283+0000] {processor.py:925} INFO - DAG(s) 'tasklar' retrieved from /opt/airflow/dags/import_variable.py
[2026-03-21T16:54:03.325+0000] {logging_mixin.py:190} INFO - [2026-03-21T16:54:03.324+0000] {dag.py:3239} INFO - Sync 1 DAGs
[2026-03-21T16:54:03.371+0000] {logging_mixin.py:190} INFO - [2026-03-21T16:54:03.371+0000] {dag.py:4180} INFO - Setting next_dagrun for tasklar to 2026-03-19 23:30:00+00:00, run_after=2026-03-20 23:30:00+00:00
[2026-03-21T16:54:03.403+0000] {processor.py:208} INFO - Processing /opt/airflow/dags/import_variable.py took 0.162 seconds
[2026-03-21T16:54:34.213+0000] {processor.py:186} INFO - Started process (PID=23322) to work on /opt/airflow/dags/import_variable.py
[2026-03-21T16:54:34.214+0000] {processor.py:914} INFO - Processing file /opt/airflow/dags/import_variable.py for tasks to queue
[2026-03-21T16:54:34.218+0000] {logging_mixin.py:190} INFO - [2026-03-21T16:54:34.217+0000] {dagbag.py:588} INFO - Filling up the DagBag from /opt/airflow/dags/import_variable.py
[2026-03-21T16:54:34.241+0000] {processor.py:925} INFO - DAG(s) 'tasklar' retrieved from /opt/airflow/dags/import_variable.py
[2026-03-21T16:54:34.287+0000] {logging_mixin.py:190} INFO - [2026-03-21T16:54:34.286+0000] {dag.py:3239} INFO - Sync 1 DAGs
[2026-03-21T16:54:34.340+0000] {logging_mixin.py:190} INFO - [2026-03-21T16:54:34.340+0000] {dag.py:4180} INFO - Setting next_dagrun for tasklar to 2026-03-19 23:30:00+00:00, run_after=2026-03-20 23:30:00+00:00
[2026-03-21T16:54:34.378+0000] {processor.py:208} INFO - Processing /opt/airflow/dags/import_variable.py took 0.179 seconds
[2026-03-21T16:55:05.210+0000] {processor.py:186} INFO - Started process (PID=23365) to work on /opt/airflow/dags/import_variable.py
[2026-03-21T16:55:05.211+0000] {processor.py:914} INFO - Processing file /opt/airflow/dags/import_variable.py for tasks to queue
[2026-03-21T16:55:05.215+0000] {logging_mixin.py:190} INFO - [2026-03-21T16:55:05.214+0000] {dagbag.py:588} INFO - Filling up the DagBag from /opt/airflow/dags/import_variable.py
[2026-03-21T16:55:05.236+0000] {processor.py:925} INFO - DAG(s) 'tasklar' retrieved from /opt/airflow/dags/import_variable.py
[2026-03-21T16:55:05.277+0000] {logging_mixin.py:190} INFO - [2026-03-21T16:55:05.277+0000] {dag.py:3239} INFO - Sync 1 DAGs
[2026-03-21T16:55:05.324+0000] {logging_mixin.py:190} INFO - [2026-03-21T16:55:05.323+0000] {dag.py:4180} INFO - Setting next_dagrun for tasklar to 2026-03-19 23:30:00+00:00, run_after=2026-03-20 23:30:00+00:00
[2026-03-21T16:55:05.357+0000] {processor.py:208} INFO - Processing /opt/airflow/dags/import_variable.py took 0.158 seconds
[2026-03-21T16:55:36.193+0000] {processor.py:186} INFO - Started process (PID=23406) to work on /opt/airflow/dags/import_variable.py
[2026-03-21T16:55:36.195+0000] {processor.py:914} INFO - Processing file /opt/airflow/dags/import_variable.py for tasks to queue
[2026-03-21T16:55:36.199+0000] {logging_mixin.py:190} INFO - [2026-03-21T16:55:36.198+0000] {dagbag.py:588} INFO - Filling up the DagBag from /opt/airflow/dags/import_variable.py
[2026-03-21T16:55:36.222+0000] {processor.py:925} INFO - DAG(s) 'tasklar' retrieved from /opt/airflow/dags/import_variable.py
[2026-03-21T16:55:36.274+0000] {logging_mixin.py:190} INFO - [2026-03-21T16:55:36.273+0000] {dag.py:3239} INFO - Sync 1 DAGs
[2026-03-21T16:55:36.321+0000] {logging_mixin.py:190} INFO - [2026-03-21T16:55:36.321+0000] {dag.py:4180} INFO - Setting next_dagrun for tasklar to 2026-03-19 23:30:00+00:00, run_after=2026-03-20 23:30:00+00:00
[2026-03-21T16:55:36.358+0000] {processor.py:208} INFO - Processing /opt/airflow/dags/import_variable.py took 0.182 seconds
[2026-03-21T16:56:06.976+0000] {processor.py:186} INFO - Started process (PID=23447) to work on /opt/airflow/dags/import_variable.py
[2026-03-21T16:56:06.978+0000] {processor.py:914} INFO - Processing file /opt/airflow/dags/import_variable.py for tasks to queue
[2026-03-21T16:56:06.982+0000] {logging_mixin.py:190} INFO - [2026-03-21T16:56:06.981+0000] {dagbag.py:588} INFO - Filling up the DagBag from /opt/airflow/dags/import_variable.py
[2026-03-21T16:56:07.005+0000] {processor.py:925} INFO - DAG(s) 'tasklar' retrieved from /opt/airflow/dags/import_variable.py
[2026-03-21T16:56:07.050+0000] {logging_mixin.py:190} INFO - [2026-03-21T16:56:07.049+0000] {dag.py:3239} INFO - Sync 1 DAGs
[2026-03-21T16:56:07.101+0000] {logging_mixin.py:190} INFO - [2026-03-21T16:56:07.100+0000] {dag.py:4180} INFO - Setting next_dagrun for tasklar to 2026-03-19 23:30:00+00:00, run_after=2026-03-20 23:30:00+00:00
[2026-03-21T16:56:07.135+0000] {processor.py:208} INFO - Processing /opt/airflow/dags/import_variable.py took 0.170 seconds
[2026-03-21T16:56:37.939+0000] {processor.py:186} INFO - Started process (PID=23488) to work on /opt/airflow/dags/import_variable.py
[2026-03-21T16:56:37.940+0000] {processor.py:914} INFO - Processing file /opt/airflow/dags/import_variable.py for tasks to queue
[2026-03-21T16:56:37.944+0000] {logging_mixin.py:190} INFO - [2026-03-21T16:56:37.943+0000] {dagbag.py:588} INFO - Filling up the DagBag from /opt/airflow/dags/import_variable.py
[2026-03-21T16:56:37.968+0000] {processor.py:925} INFO - DAG(s) 'tasklar' retrieved from /opt/airflow/dags/import_variable.py
[2026-03-21T16:56:38.010+0000] {logging_mixin.py:190} INFO - [2026-03-21T16:56:38.010+0000] {dag.py:3239} INFO - Sync 1 DAGs
[2026-03-21T16:56:38.058+0000] {logging_mixin.py:190} INFO - [2026-03-21T16:56:38.057+0000] {dag.py:4180} INFO - Setting next_dagrun for tasklar to 2026-03-19 23:30:00+00:00, run_after=2026-03-20 23:30:00+00:00
[2026-03-21T16:56:38.093+0000] {processor.py:208} INFO - Processing /opt/airflow/dags/import_variable.py took 0.165 seconds
[2026-03-21T16:57:08.888+0000] {processor.py:186} INFO - Started process (PID=23528) to work on /opt/airflow/dags/import_variable.py
[2026-03-21T16:57:08.890+0000] {processor.py:914} INFO - Processing file /opt/airflow/dags/import_variable.py for tasks to queue
[2026-03-21T16:57:08.894+0000] {logging_mixin.py:190} INFO - [2026-03-21T16:57:08.893+0000] {dagbag.py:588} INFO - Filling up the DagBag from /opt/airflow/dags/import_variable.py
[2026-03-21T16:57:08.915+0000] {processor.py:925} INFO - DAG(s) 'tasklar' retrieved from /opt/airflow/dags/import_variable.py
[2026-03-21T16:57:08.968+0000] {logging_mixin.py:190} INFO - [2026-03-21T16:57:08.967+0000] {dag.py:3239} INFO - Sync 1 DAGs
[2026-03-21T16:57:09.012+0000] {logging_mixin.py:190} INFO - [2026-03-21T16:57:09.012+0000] {dag.py:4180} INFO - Setting next_dagrun for tasklar to 2026-03-19 23:30:00+00:00, run_after=2026-03-20 23:30:00+00:00
[2026-03-21T16:57:09.055+0000] {processor.py:208} INFO - Processing /opt/airflow/dags/import_variable.py took 0.179 seconds
[2026-03-21T16:57:39.868+0000] {processor.py:186} INFO - Started process (PID=23568) to work on /opt/airflow/dags/import_variable.py
[2026-03-21T16:57:39.869+0000] {processor.py:914} INFO - Processing file /opt/airflow/dags/import_variable.py for tasks to queue
[2026-03-21T16:57:39.873+0000] {logging_mixin.py:190} INFO - [2026-03-21T16:57:39.873+0000] {dagbag.py:588} INFO - Filling up the DagBag from /opt/airflow/dags/import_variable.py
[2026-03-21T16:57:39.897+0000] {processor.py:925} INFO - DAG(s) 'tasklar' retrieved from /opt/airflow/dags/import_variable.py
[2026-03-21T16:57:39.941+0000] {logging_mixin.py:190} INFO - [2026-03-21T16:57:39.940+0000] {dag.py:3239} INFO - Sync 1 DAGs
[2026-03-21T16:57:39.988+0000] {logging_mixin.py:190} INFO - [2026-03-21T16:57:39.988+0000] {dag.py:4180} INFO - Setting next_dagrun for tasklar to 2026-03-19 23:30:00+00:00, run_after=2026-03-20 23:30:00+00:00
[2026-03-21T16:57:40.024+0000] {processor.py:208} INFO - Processing /opt/airflow/dags/import_variable.py took 0.167 seconds
[2026-03-21T16:58:10.810+0000] {processor.py:186} INFO - Started process (PID=23609) to work on /opt/airflow/dags/import_variable.py
[2026-03-21T16:58:10.811+0000] {processor.py:914} INFO - Processing file /opt/airflow/dags/import_variable.py for tasks to queue
[2026-03-21T16:58:10.815+0000] {logging_mixin.py:190} INFO - [2026-03-21T16:58:10.814+0000] {dagbag.py:588} INFO - Filling up the DagBag from /opt/airflow/dags/import_variable.py
[2026-03-21T16:58:10.838+0000] {processor.py:925} INFO - DAG(s) 'tasklar' retrieved from /opt/airflow/dags/import_variable.py
[2026-03-21T16:58:10.890+0000] {logging_mixin.py:190} INFO - [2026-03-21T16:58:10.889+0000] {dag.py:3239} INFO - Sync 1 DAGs
[2026-03-21T16:58:10.937+0000] {logging_mixin.py:190} INFO - [2026-03-21T16:58:10.936+0000] {dag.py:4180} INFO - Setting next_dagrun for tasklar to 2026-03-19 23:30:00+00:00, run_after=2026-03-20 23:30:00+00:00
[2026-03-21T16:58:10.971+0000] {processor.py:208} INFO - Processing /opt/airflow/dags/import_variable.py took 0.173 seconds
[2026-03-21T16:58:41.760+0000] {processor.py:186} INFO - Started process (PID=23652) to work on /opt/airflow/dags/import_variable.py
[2026-03-21T16:58:41.761+0000] {processor.py:914} INFO - Processing file /opt/airflow/dags/import_variable.py for tasks to queue
[2026-03-21T16:58:41.765+0000] {logging_mixin.py:190} INFO - [2026-03-21T16:58:41.764+0000] {dagbag.py:588} INFO - Filling up the DagBag from /opt/airflow/dags/import_variable.py
[2026-03-21T16:58:41.785+0000] {processor.py:925} INFO - DAG(s) 'tasklar' retrieved from /opt/airflow/dags/import_variable.py
[2026-03-21T16:58:41.829+0000] {logging_mixin.py:190} INFO - [2026-03-21T16:58:41.829+0000] {dag.py:3239} INFO - Sync 1 DAGs
[2026-03-21T16:58:41.881+0000] {logging_mixin.py:190} INFO - [2026-03-21T16:58:41.881+0000] {dag.py:4180} INFO - Setting next_dagrun for tasklar to 2026-03-19 23:30:00+00:00, run_after=2026-03-20 23:30:00+00:00
[2026-03-21T16:58:41.913+0000] {processor.py:208} INFO - Processing /opt/airflow/dags/import_variable.py took 0.165 seconds
[2026-03-21T16:59:12.737+0000] {processor.py:186} INFO - Started process (PID=23693) to work on /opt/airflow/dags/import_variable.py
[2026-03-21T16:59:12.738+0000] {processor.py:914} INFO - Processing file /opt/airflow/dags/import_variable.py for tasks to queue
[2026-03-21T16:59:12.742+0000] {logging_mixin.py:190} INFO - [2026-03-21T16:59:12.741+0000] {dagbag.py:588} INFO - Filling up the DagBag from /opt/airflow/dags/import_variable.py
[2026-03-21T16:59:12.765+0000] {processor.py:925} INFO - DAG(s) 'tasklar' retrieved from /opt/airflow/dags/import_variable.py
[2026-03-21T16:59:12.810+0000] {logging_mixin.py:190} INFO - [2026-03-21T16:59:12.810+0000] {dag.py:3239} INFO - Sync 1 DAGs
[2026-03-21T16:59:12.856+0000] {logging_mixin.py:190} INFO - [2026-03-21T16:59:12.855+0000] {dag.py:4180} INFO - Setting next_dagrun for tasklar to 2026-03-19 23:30:00+00:00, run_after=2026-03-20 23:30:00+00:00
[2026-03-21T16:59:12.890+0000] {processor.py:208} INFO - Processing /opt/airflow/dags/import_variable.py took 0.163 seconds
[2026-03-21T16:59:43.689+0000] {processor.py:186} INFO - Started process (PID=23734) to work on /opt/airflow/dags/import_variable.py
[2026-03-21T16:59:43.691+0000] {processor.py:914} INFO - Processing file /opt/airflow/dags/import_variable.py for tasks to queue
[2026-03-21T16:59:43.696+0000] {logging_mixin.py:190} INFO - [2026-03-21T16:59:43.695+0000] {dagbag.py:588} INFO - Filling up the DagBag from /opt/airflow/dags/import_variable.py
[2026-03-21T16:59:43.716+0000] {processor.py:925} INFO - DAG(s) 'tasklar' retrieved from /opt/airflow/dags/import_variable.py
[2026-03-21T16:59:43.756+0000] {logging_mixin.py:190} INFO - [2026-03-21T16:59:43.756+0000] {dag.py:3239} INFO - Sync 1 DAGs
[2026-03-21T16:59:43.804+0000] {logging_mixin.py:190} INFO - [2026-03-21T16:59:43.804+0000] {dag.py:4180} INFO - Setting next_dagrun for tasklar to 2026-03-19 23:30:00+00:00, run_after=2026-03-20 23:30:00+00:00
[2026-03-21T16:59:43.838+0000] {processor.py:208} INFO - Processing /opt/airflow/dags/import_variable.py took 0.160 seconds
[2026-03-21T17:00:14.674+0000] {processor.py:186} INFO - Started process (PID=23781) to work on /opt/airflow/dags/import_variable.py
[2026-03-21T17:00:14.676+0000] {processor.py:914} INFO - Processing file /opt/airflow/dags/import_variable.py for tasks to queue
[2026-03-21T17:00:14.680+0000] {logging_mixin.py:190} INFO - [2026-03-21T17:00:14.679+0000] {dagbag.py:588} INFO - Filling up the DagBag from /opt/airflow/dags/import_variable.py
[2026-03-21T17:00:14.705+0000] {processor.py:925} INFO - DAG(s) 'tasklar' retrieved from /opt/airflow/dags/import_variable.py
[2026-03-21T17:00:14.750+0000] {logging_mixin.py:190} INFO - [2026-03-21T17:00:14.749+0000] {dag.py:3239} INFO - Sync 1 DAGs
[2026-03-21T17:00:14.804+0000] {logging_mixin.py:190} INFO - [2026-03-21T17:00:14.803+0000] {dag.py:4180} INFO - Setting next_dagrun for tasklar to 2026-03-19 23:30:00+00:00, run_after=2026-03-20 23:30:00+00:00
[2026-03-21T17:00:14.838+0000] {processor.py:208} INFO - Processing /opt/airflow/dags/import_variable.py took 0.175 seconds
[2026-03-21T17:00:45.627+0000] {processor.py:186} INFO - Started process (PID=23822) to work on /opt/airflow/dags/import_variable.py
[2026-03-21T17:00:45.629+0000] {processor.py:914} INFO - Processing file /opt/airflow/dags/import_variable.py for tasks to queue
[2026-03-21T17:00:45.632+0000] {logging_mixin.py:190} INFO - [2026-03-21T17:00:45.632+0000] {dagbag.py:588} INFO - Filling up the DagBag from /opt/airflow/dags/import_variable.py
[2026-03-21T17:00:45.657+0000] {processor.py:925} INFO - DAG(s) 'tasklar' retrieved from /opt/airflow/dags/import_variable.py
[2026-03-21T17:00:45.712+0000] {logging_mixin.py:190} INFO - [2026-03-21T17:00:45.711+0000] {dag.py:3239} INFO - Sync 1 DAGs
[2026-03-21T17:00:45.761+0000] {logging_mixin.py:190} INFO - [2026-03-21T17:00:45.761+0000] {dag.py:4180} INFO - Setting next_dagrun for tasklar to 2026-03-19 23:30:00+00:00, run_after=2026-03-20 23:30:00+00:00
[2026-03-21T17:00:45.804+0000] {processor.py:208} INFO - Processing /opt/airflow/dags/import_variable.py took 0.188 seconds
[2026-03-21T17:01:16.616+0000] {processor.py:186} INFO - Started process (PID=23863) to work on /opt/airflow/dags/import_variable.py
[2026-03-21T17:01:16.617+0000] {processor.py:914} INFO - Processing file /opt/airflow/dags/import_variable.py for tasks to queue
[2026-03-21T17:01:16.621+0000] {logging_mixin.py:190} INFO - [2026-03-21T17:01:16.620+0000] {dagbag.py:588} INFO - Filling up the DagBag from /opt/airflow/dags/import_variable.py
[2026-03-21T17:01:16.644+0000] {processor.py:925} INFO - DAG(s) 'tasklar' retrieved from /opt/airflow/dags/import_variable.py
[2026-03-21T17:01:16.685+0000] {logging_mixin.py:190} INFO - [2026-03-21T17:01:16.685+0000] {dag.py:3239} INFO - Sync 1 DAGs
[2026-03-21T17:01:16.737+0000] {logging_mixin.py:190} INFO - [2026-03-21T17:01:16.736+0000] {dag.py:4180} INFO - Setting next_dagrun for tasklar to 2026-03-19 23:30:00+00:00, run_after=2026-03-20 23:30:00+00:00
[2026-03-21T17:01:16.770+0000] {processor.py:208} INFO - Processing /opt/airflow/dags/import_variable.py took 0.166 seconds
[2026-03-21T17:01:47.575+0000] {processor.py:186} INFO - Started process (PID=23904) to work on /opt/airflow/dags/import_variable.py
[2026-03-21T17:01:47.577+0000] {processor.py:914} INFO - Processing file /opt/airflow/dags/import_variable.py for tasks to queue
[2026-03-21T17:01:47.581+0000] {logging_mixin.py:190} INFO - [2026-03-21T17:01:47.580+0000] {dagbag.py:588} INFO - Filling up the DagBag from /opt/airflow/dags/import_variable.py
[2026-03-21T17:01:47.603+0000] {processor.py:925} INFO - DAG(s) 'tasklar' retrieved from /opt/airflow/dags/import_variable.py
[2026-03-21T17:01:47.650+0000] {logging_mixin.py:190} INFO - [2026-03-21T17:01:47.649+0000] {dag.py:3239} INFO - Sync 1 DAGs
[2026-03-21T17:01:47.696+0000] {logging_mixin.py:190} INFO - [2026-03-21T17:01:47.695+0000] {dag.py:4180} INFO - Setting next_dagrun for tasklar to 2026-03-19 23:30:00+00:00, run_after=2026-03-20 23:30:00+00:00
[2026-03-21T17:01:47.727+0000] {processor.py:208} INFO - Processing /opt/airflow/dags/import_variable.py took 0.164 seconds
[2026-03-21T17:02:18.586+0000] {processor.py:186} INFO - Started process (PID=23945) to work on /opt/airflow/dags/import_variable.py
[2026-03-21T17:02:18.589+0000] {processor.py:914} INFO - Processing file /opt/airflow/dags/import_variable.py for tasks to queue
[2026-03-21T17:02:18.596+0000] {logging_mixin.py:190} INFO - [2026-03-21T17:02:18.594+0000] {dagbag.py:588} INFO - Filling up the DagBag from /opt/airflow/dags/import_variable.py
[2026-03-21T17:02:18.620+0000] {processor.py:925} INFO - DAG(s) 'tasklar' retrieved from /opt/airflow/dags/import_variable.py
[2026-03-21T17:02:18.663+0000] {logging_mixin.py:190} INFO - [2026-03-21T17:02:18.663+0000] {dag.py:3239} INFO - Sync 1 DAGs
[2026-03-21T17:02:18.712+0000] {logging_mixin.py:190} INFO - [2026-03-21T17:02:18.711+0000] {dag.py:4180} INFO - Setting next_dagrun for tasklar to 2026-03-19 23:30:00+00:00, run_after=2026-03-20 23:30:00+00:00
[2026-03-21T17:02:18.755+0000] {processor.py:208} INFO - Processing /opt/airflow/dags/import_variable.py took 0.185 seconds
[2026-03-21T17:02:49.580+0000] {processor.py:186} INFO - Started process (PID=23986) to work on /opt/airflow/dags/import_variable.py
[2026-03-21T17:02:49.581+0000] {processor.py:914} INFO - Processing file /opt/airflow/dags/import_variable.py for tasks to queue
[2026-03-21T17:02:49.585+0000] {logging_mixin.py:190} INFO - [2026-03-21T17:02:49.584+0000] {dagbag.py:588} INFO - Filling up the DagBag from /opt/airflow/dags/import_variable.py
[2026-03-21T17:02:49.611+0000] {processor.py:925} INFO - DAG(s) 'tasklar' retrieved from /opt/airflow/dags/import_variable.py
[2026-03-21T17:02:49.651+0000] {logging_mixin.py:190} INFO - [2026-03-21T17:02:49.650+0000] {dag.py:3239} INFO - Sync 1 DAGs
[2026-03-21T17:02:49.696+0000] {logging_mixin.py:190} INFO - [2026-03-21T17:02:49.696+0000] {dag.py:4180} INFO - Setting next_dagrun for tasklar to 2026-03-19 23:30:00+00:00, run_after=2026-03-20 23:30:00+00:00
[2026-03-21T17:02:49.731+0000] {processor.py:208} INFO - Processing /opt/airflow/dags/import_variable.py took 0.164 seconds
[2026-03-21T17:03:20.530+0000] {processor.py:186} INFO - Started process (PID=24027) to work on /opt/airflow/dags/import_variable.py
[2026-03-21T17:03:20.532+0000] {processor.py:914} INFO - Processing file /opt/airflow/dags/import_variable.py for tasks to queue
[2026-03-21T17:03:20.535+0000] {logging_mixin.py:190} INFO - [2026-03-21T17:03:20.535+0000] {dagbag.py:588} INFO - Filling up the DagBag from /opt/airflow/dags/import_variable.py
[2026-03-21T17:03:20.557+0000] {processor.py:925} INFO - DAG(s) 'tasklar' retrieved from /opt/airflow/dags/import_variable.py
[2026-03-21T17:03:20.604+0000] {logging_mixin.py:190} INFO - [2026-03-21T17:03:20.604+0000] {dag.py:3239} INFO - Sync 1 DAGs
[2026-03-21T17:03:20.650+0000] {logging_mixin.py:190} INFO - [2026-03-21T17:03:20.649+0000] {dag.py:4180} INFO - Setting next_dagrun for tasklar to 2026-03-19 23:30:00+00:00, run_after=2026-03-20 23:30:00+00:00
[2026-03-21T17:03:20.685+0000] {processor.py:208} INFO - Processing /opt/airflow/dags/import_variable.py took 0.166 seconds
[2026-03-21T17:03:51.498+0000] {processor.py:186} INFO - Started process (PID=24068) to work on /opt/airflow/dags/import_variable.py
[2026-03-21T17:03:51.499+0000] {processor.py:914} INFO - Processing file /opt/airflow/dags/import_variable.py for tasks to queue
[2026-03-21T17:03:51.503+0000] {logging_mixin.py:190} INFO - [2026-03-21T17:03:51.503+0000] {dagbag.py:588} INFO - Filling up the DagBag from /opt/airflow/dags/import_variable.py
[2026-03-21T17:03:51.525+0000] {processor.py:925} INFO - DAG(s) 'tasklar' retrieved from /opt/airflow/dags/import_variable.py
[2026-03-21T17:03:51.571+0000] {logging_mixin.py:190} INFO - [2026-03-21T17:03:51.570+0000] {dag.py:3239} INFO - Sync 1 DAGs
[2026-03-21T17:03:51.619+0000] {logging_mixin.py:190} INFO - [2026-03-21T17:03:51.619+0000] {dag.py:4180} INFO - Setting next_dagrun for tasklar to 2026-03-19 23:30:00+00:00, run_after=2026-03-20 23:30:00+00:00
[2026-03-21T17:03:51.654+0000] {processor.py:208} INFO - Processing /opt/airflow/dags/import_variable.py took 0.167 seconds
[2026-03-21T17:04:22.484+0000] {processor.py:186} INFO - Started process (PID=24107) to work on /opt/airflow/dags/import_variable.py
[2026-03-21T17:04:22.487+0000] {processor.py:914} INFO - Processing file /opt/airflow/dags/import_variable.py for tasks to queue
[2026-03-21T17:04:22.494+0000] {logging_mixin.py:190} INFO - [2026-03-21T17:04:22.493+0000] {dagbag.py:588} INFO - Filling up the DagBag from /opt/airflow/dags/import_variable.py
[2026-03-21T17:04:22.523+0000] {processor.py:925} INFO - DAG(s) 'tasklar' retrieved from /opt/airflow/dags/import_variable.py
[2026-03-21T17:04:22.576+0000] {logging_mixin.py:190} INFO - [2026-03-21T17:04:22.575+0000] {dag.py:3239} INFO - Sync 1 DAGs
[2026-03-21T17:04:22.626+0000] {logging_mixin.py:190} INFO - [2026-03-21T17:04:22.625+0000] {dag.py:4180} INFO - Setting next_dagrun for tasklar to 2026-03-19 23:30:00+00:00, run_after=2026-03-20 23:30:00+00:00
[2026-03-21T17:04:22.669+0000] {processor.py:208} INFO - Processing /opt/airflow/dags/import_variable.py took 0.204 seconds
[2026-03-21T17:04:53.302+0000] {processor.py:186} INFO - Started process (PID=24150) to work on /opt/airflow/dags/import_variable.py
[2026-03-21T17:04:53.304+0000] {processor.py:914} INFO - Processing file /opt/airflow/dags/import_variable.py for tasks to queue
[2026-03-21T17:04:53.308+0000] {logging_mixin.py:190} INFO - [2026-03-21T17:04:53.308+0000] {dagbag.py:588} INFO - Filling up the DagBag from /opt/airflow/dags/import_variable.py
[2026-03-21T17:04:53.337+0000] {processor.py:925} INFO - DAG(s) 'tasklar' retrieved from /opt/airflow/dags/import_variable.py
[2026-03-21T17:04:53.384+0000] {logging_mixin.py:190} INFO - [2026-03-21T17:04:53.383+0000] {dag.py:3239} INFO - Sync 1 DAGs
[2026-03-21T17:04:53.436+0000] {logging_mixin.py:190} INFO - [2026-03-21T17:04:53.435+0000] {dag.py:4180} INFO - Setting next_dagrun for tasklar to 2026-03-19 23:30:00+00:00, run_after=2026-03-20 23:30:00+00:00
[2026-03-21T17:04:53.472+0000] {processor.py:208} INFO - Processing /opt/airflow/dags/import_variable.py took 0.183 seconds
[2026-03-21T17:05:24.287+0000] {processor.py:186} INFO - Started process (PID=24191) to work on /opt/airflow/dags/import_variable.py
[2026-03-21T17:05:24.289+0000] {processor.py:914} INFO - Processing file /opt/airflow/dags/import_variable.py for tasks to queue
[2026-03-21T17:05:24.293+0000] {logging_mixin.py:190} INFO - [2026-03-21T17:05:24.292+0000] {dagbag.py:588} INFO - Filling up the DagBag from /opt/airflow/dags/import_variable.py
[2026-03-21T17:05:24.320+0000] {processor.py:925} INFO - DAG(s) 'tasklar' retrieved from /opt/airflow/dags/import_variable.py
[2026-03-21T17:05:24.365+0000] {logging_mixin.py:190} INFO - [2026-03-21T17:05:24.365+0000] {dag.py:3239} INFO - Sync 1 DAGs
[2026-03-21T17:05:24.416+0000] {logging_mixin.py:190} INFO - [2026-03-21T17:05:24.416+0000] {dag.py:4180} INFO - Setting next_dagrun for tasklar to 2026-03-19 23:30:00+00:00, run_after=2026-03-20 23:30:00+00:00
[2026-03-21T17:05:24.459+0000] {processor.py:208} INFO - Processing /opt/airflow/dags/import_variable.py took 0.185 seconds
[2026-03-21T17:05:55.259+0000] {processor.py:186} INFO - Started process (PID=24230) to work on /opt/airflow/dags/import_variable.py
[2026-03-21T17:05:55.260+0000] {processor.py:914} INFO - Processing file /opt/airflow/dags/import_variable.py for tasks to queue
[2026-03-21T17:05:55.264+0000] {logging_mixin.py:190} INFO - [2026-03-21T17:05:55.264+0000] {dagbag.py:588} INFO - Filling up the DagBag from /opt/airflow/dags/import_variable.py
[2026-03-21T17:05:55.286+0000] {processor.py:925} INFO - DAG(s) 'tasklar' retrieved from /opt/airflow/dags/import_variable.py
[2026-03-21T17:05:55.337+0000] {logging_mixin.py:190} INFO - [2026-03-21T17:05:55.337+0000] {dag.py:3239} INFO - Sync 1 DAGs
[2026-03-21T17:05:55.391+0000] {logging_mixin.py:190} INFO - [2026-03-21T17:05:55.391+0000] {dag.py:4180} INFO - Setting next_dagrun for tasklar to 2026-03-19 23:30:00+00:00, run_after=2026-03-20 23:30:00+00:00
[2026-03-21T17:05:55.425+0000] {processor.py:208} INFO - Processing /opt/airflow/dags/import_variable.py took 0.178 seconds
[2026-03-21T17:06:26.242+0000] {processor.py:186} INFO - Started process (PID=24273) to work on /opt/airflow/dags/import_variable.py
[2026-03-21T17:06:26.244+0000] {processor.py:914} INFO - Processing file /opt/airflow/dags/import_variable.py for tasks to queue
[2026-03-21T17:06:26.249+0000] {logging_mixin.py:190} INFO - [2026-03-21T17:06:26.248+0000] {dagbag.py:588} INFO - Filling up the DagBag from /opt/airflow/dags/import_variable.py
[2026-03-21T17:06:26.271+0000] {processor.py:925} INFO - DAG(s) 'tasklar' retrieved from /opt/airflow/dags/import_variable.py
[2026-03-21T17:06:26.313+0000] {logging_mixin.py:190} INFO - [2026-03-21T17:06:26.313+0000] {dag.py:3239} INFO - Sync 1 DAGs
[2026-03-21T17:06:26.361+0000] {logging_mixin.py:190} INFO - [2026-03-21T17:06:26.360+0000] {dag.py:4180} INFO - Setting next_dagrun for tasklar to 2026-03-19 23:30:00+00:00, run_after=2026-03-20 23:30:00+00:00
[2026-03-21T17:06:26.394+0000] {processor.py:208} INFO - Processing /opt/airflow/dags/import_variable.py took 0.164 seconds
[2026-03-21T17:06:57.194+0000] {processor.py:186} INFO - Started process (PID=24314) to work on /opt/airflow/dags/import_variable.py
[2026-03-21T17:06:57.196+0000] {processor.py:914} INFO - Processing file /opt/airflow/dags/import_variable.py for tasks to queue
[2026-03-21T17:06:57.200+0000] {logging_mixin.py:190} INFO - [2026-03-21T17:06:57.199+0000] {dagbag.py:588} INFO - Filling up the DagBag from /opt/airflow/dags/import_variable.py
[2026-03-21T17:06:57.225+0000] {processor.py:925} INFO - DAG(s) 'tasklar' retrieved from /opt/airflow/dags/import_variable.py
[2026-03-21T17:06:57.266+0000] {logging_mixin.py:190} INFO - [2026-03-21T17:06:57.266+0000] {dag.py:3239} INFO - Sync 1 DAGs
[2026-03-21T17:06:57.314+0000] {logging_mixin.py:190} INFO - [2026-03-21T17:06:57.314+0000] {dag.py:4180} INFO - Setting next_dagrun for tasklar to 2026-03-19 23:30:00+00:00, run_after=2026-03-20 23:30:00+00:00
[2026-03-21T17:06:57.347+0000] {processor.py:208} INFO - Processing /opt/airflow/dags/import_variable.py took 0.163 seconds
[2026-03-21T17:07:28.351+0000] {processor.py:186} INFO - Started process (PID=24356) to work on /opt/airflow/dags/import_variable.py
[2026-03-21T17:07:28.353+0000] {processor.py:914} INFO - Processing file /opt/airflow/dags/import_variable.py for tasks to queue
[2026-03-21T17:07:28.357+0000] {logging_mixin.py:190} INFO - [2026-03-21T17:07:28.357+0000] {dagbag.py:588} INFO - Filling up the DagBag from /opt/airflow/dags/import_variable.py
[2026-03-21T17:07:28.386+0000] {processor.py:925} INFO - DAG(s) 'tasklar' retrieved from /opt/airflow/dags/import_variable.py
[2026-03-21T17:07:28.436+0000] {logging_mixin.py:190} INFO - [2026-03-21T17:07:28.436+0000] {dag.py:3239} INFO - Sync 1 DAGs
[2026-03-21T17:07:28.501+0000] {logging_mixin.py:190} INFO - [2026-03-21T17:07:28.501+0000] {dag.py:4180} INFO - Setting next_dagrun for tasklar to 2026-03-19 23:30:00+00:00, run_after=2026-03-20 23:30:00+00:00
[2026-03-21T17:07:28.539+0000] {processor.py:208} INFO - Processing /opt/airflow/dags/import_variable.py took 0.201 seconds
[2026-03-21T17:07:59.578+0000] {processor.py:186} INFO - Started process (PID=24397) to work on /opt/airflow/dags/import_variable.py
[2026-03-21T17:07:59.588+0000] {processor.py:914} INFO - Processing file /opt/airflow/dags/import_variable.py for tasks to queue
[2026-03-21T17:07:59.592+0000] {logging_mixin.py:190} INFO - [2026-03-21T17:07:59.591+0000] {dagbag.py:588} INFO - Filling up the DagBag from /opt/airflow/dags/import_variable.py
[2026-03-21T17:07:59.614+0000] {processor.py:925} INFO - DAG(s) 'tasklar' retrieved from /opt/airflow/dags/import_variable.py
[2026-03-21T17:07:59.660+0000] {logging_mixin.py:190} INFO - [2026-03-21T17:07:59.660+0000] {dag.py:3239} INFO - Sync 1 DAGs
[2026-03-21T17:07:59.707+0000] {logging_mixin.py:190} INFO - [2026-03-21T17:07:59.707+0000] {dag.py:4180} INFO - Setting next_dagrun for tasklar to 2026-03-19 23:30:00+00:00, run_after=2026-03-20 23:30:00+00:00
[2026-03-21T17:07:59.746+0000] {processor.py:208} INFO - Processing /opt/airflow/dags/import_variable.py took 0.179 seconds
[2026-03-21T17:08:30.418+0000] {processor.py:186} INFO - Started process (PID=24438) to work on /opt/airflow/dags/import_variable.py
[2026-03-21T17:08:30.430+0000] {processor.py:914} INFO - Processing file /opt/airflow/dags/import_variable.py for tasks to queue
[2026-03-21T17:08:30.434+0000] {logging_mixin.py:190} INFO - [2026-03-21T17:08:30.433+0000] {dagbag.py:588} INFO - Filling up the DagBag from /opt/airflow/dags/import_variable.py
[2026-03-21T17:08:30.463+0000] {processor.py:925} INFO - DAG(s) 'tasklar' retrieved from /opt/airflow/dags/import_variable.py
[2026-03-21T17:08:30.517+0000] {logging_mixin.py:190} INFO - [2026-03-21T17:08:30.516+0000] {dag.py:3239} INFO - Sync 1 DAGs
[2026-03-21T17:08:30.573+0000] {logging_mixin.py:190} INFO - [2026-03-21T17:08:30.572+0000] {dag.py:4180} INFO - Setting next_dagrun for tasklar to 2026-03-19 23:30:00+00:00, run_after=2026-03-20 23:30:00+00:00
[2026-03-21T17:08:30.610+0000] {processor.py:208} INFO - Processing /opt/airflow/dags/import_variable.py took 0.204 seconds
[2026-03-21T17:09:01.292+0000] {processor.py:186} INFO - Started process (PID=24479) to work on /opt/airflow/dags/import_variable.py
[2026-03-21T17:09:01.303+0000] {processor.py:914} INFO - Processing file /opt/airflow/dags/import_variable.py for tasks to queue
[2026-03-21T17:09:01.307+0000] {logging_mixin.py:190} INFO - [2026-03-21T17:09:01.306+0000] {dagbag.py:588} INFO - Filling up the DagBag from /opt/airflow/dags/import_variable.py
[2026-03-21T17:09:01.335+0000] {processor.py:925} INFO - DAG(s) 'tasklar' retrieved from /opt/airflow/dags/import_variable.py
[2026-03-21T17:09:01.389+0000] {logging_mixin.py:190} INFO - [2026-03-21T17:09:01.388+0000] {dag.py:3239} INFO - Sync 1 DAGs
[2026-03-21T17:09:01.445+0000] {logging_mixin.py:190} INFO - [2026-03-21T17:09:01.444+0000] {dag.py:4180} INFO - Setting next_dagrun for tasklar to 2026-03-19 23:30:00+00:00, run_after=2026-03-20 23:30:00+00:00
[2026-03-21T17:09:01.488+0000] {processor.py:208} INFO - Processing /opt/airflow/dags/import_variable.py took 0.208 seconds
[2026-03-21T17:09:32.082+0000] {processor.py:186} INFO - Started process (PID=24520) to work on /opt/airflow/dags/import_variable.py
[2026-03-21T17:09:32.084+0000] {processor.py:914} INFO - Processing file /opt/airflow/dags/import_variable.py for tasks to queue
[2026-03-21T17:09:32.088+0000] {logging_mixin.py:190} INFO - [2026-03-21T17:09:32.088+0000] {dagbag.py:588} INFO - Filling up the DagBag from /opt/airflow/dags/import_variable.py
[2026-03-21T17:09:32.112+0000] {processor.py:925} INFO - DAG(s) 'tasklar' retrieved from /opt/airflow/dags/import_variable.py
[2026-03-21T17:09:32.164+0000] {logging_mixin.py:190} INFO - [2026-03-21T17:09:32.163+0000] {dag.py:3239} INFO - Sync 1 DAGs
[2026-03-21T17:09:32.224+0000] {logging_mixin.py:190} INFO - [2026-03-21T17:09:32.224+0000] {dag.py:4180} INFO - Setting next_dagrun for tasklar to 2026-03-19 23:30:00+00:00, run_after=2026-03-20 23:30:00+00:00
[2026-03-21T17:09:32.262+0000] {processor.py:208} INFO - Processing /opt/airflow/dags/import_variable.py took 0.192 seconds
[2026-03-21T17:10:02.875+0000] {processor.py:186} INFO - Started process (PID=24561) to work on /opt/airflow/dags/import_variable.py
[2026-03-21T17:10:02.886+0000] {processor.py:914} INFO - Processing file /opt/airflow/dags/import_variable.py for tasks to queue
[2026-03-21T17:10:02.891+0000] {logging_mixin.py:190} INFO - [2026-03-21T17:10:02.890+0000] {dagbag.py:588} INFO - Filling up the DagBag from /opt/airflow/dags/import_variable.py
[2026-03-21T17:10:02.918+0000] {processor.py:925} INFO - DAG(s) 'tasklar' retrieved from /opt/airflow/dags/import_variable.py
[2026-03-21T17:10:02.966+0000] {logging_mixin.py:190} INFO - [2026-03-21T17:10:02.966+0000] {dag.py:3239} INFO - Sync 1 DAGs
[2026-03-21T17:10:03.019+0000] {logging_mixin.py:190} INFO - [2026-03-21T17:10:03.019+0000] {dag.py:4180} INFO - Setting next_dagrun for tasklar to 2026-03-19 23:30:00+00:00, run_after=2026-03-20 23:30:00+00:00
[2026-03-21T17:10:03.061+0000] {processor.py:208} INFO - Processing /opt/airflow/dags/import_variable.py took 0.196 seconds
[2026-03-21T17:10:33.667+0000] {processor.py:186} INFO - Started process (PID=24602) to work on /opt/airflow/dags/import_variable.py
[2026-03-21T17:10:33.678+0000] {processor.py:914} INFO - Processing file /opt/airflow/dags/import_variable.py for tasks to queue
[2026-03-21T17:10:33.681+0000] {logging_mixin.py:190} INFO - [2026-03-21T17:10:33.681+0000] {dagbag.py:588} INFO - Filling up the DagBag from /opt/airflow/dags/import_variable.py
[2026-03-21T17:10:33.703+0000] {processor.py:925} INFO - DAG(s) 'tasklar' retrieved from /opt/airflow/dags/import_variable.py
[2026-03-21T17:10:33.756+0000] {logging_mixin.py:190} INFO - [2026-03-21T17:10:33.755+0000] {dag.py:3239} INFO - Sync 1 DAGs
[2026-03-21T17:10:33.805+0000] {logging_mixin.py:190} INFO - [2026-03-21T17:10:33.805+0000] {dag.py:4180} INFO - Setting next_dagrun for tasklar to 2026-03-19 23:30:00+00:00, run_after=2026-03-20 23:30:00+00:00
[2026-03-21T17:10:33.842+0000] {processor.py:208} INFO - Processing /opt/airflow/dags/import_variable.py took 0.185 seconds
[2026-03-21T17:11:04.467+0000] {processor.py:186} INFO - Started process (PID=24644) to work on /opt/airflow/dags/import_variable.py
[2026-03-21T17:11:04.477+0000] {processor.py:914} INFO - Processing file /opt/airflow/dags/import_variable.py for tasks to queue
[2026-03-21T17:11:04.481+0000] {logging_mixin.py:190} INFO - [2026-03-21T17:11:04.481+0000] {dagbag.py:588} INFO - Filling up the DagBag from /opt/airflow/dags/import_variable.py
[2026-03-21T17:11:04.504+0000] {processor.py:925} INFO - DAG(s) 'tasklar' retrieved from /opt/airflow/dags/import_variable.py
[2026-03-21T17:11:04.550+0000] {logging_mixin.py:190} INFO - [2026-03-21T17:11:04.550+0000] {dag.py:3239} INFO - Sync 1 DAGs
[2026-03-21T17:11:04.599+0000] {logging_mixin.py:190} INFO - [2026-03-21T17:11:04.599+0000] {dag.py:4180} INFO - Setting next_dagrun for tasklar to 2026-03-19 23:30:00+00:00, run_after=2026-03-20 23:30:00+00:00
[2026-03-21T17:11:04.634+0000] {processor.py:208} INFO - Processing /opt/airflow/dags/import_variable.py took 0.177 seconds
[2026-03-21T17:11:35.503+0000] {processor.py:186} INFO - Started process (PID=24685) to work on /opt/airflow/dags/import_variable.py
[2026-03-21T17:11:35.514+0000] {processor.py:914} INFO - Processing file /opt/airflow/dags/import_variable.py for tasks to queue
[2026-03-21T17:11:35.521+0000] {logging_mixin.py:190} INFO - [2026-03-21T17:11:35.519+0000] {dagbag.py:588} INFO - Filling up the DagBag from /opt/airflow/dags/import_variable.py
[2026-03-21T17:11:35.559+0000] {processor.py:925} INFO - DAG(s) 'tasklar' retrieved from /opt/airflow/dags/import_variable.py
[2026-03-21T17:11:35.613+0000] {logging_mixin.py:190} INFO - [2026-03-21T17:11:35.613+0000] {dag.py:3239} INFO - Sync 1 DAGs
[2026-03-21T17:11:35.676+0000] {logging_mixin.py:190} INFO - [2026-03-21T17:11:35.675+0000] {dag.py:4180} INFO - Setting next_dagrun for tasklar to 2026-03-19 23:30:00+00:00, run_after=2026-03-20 23:30:00+00:00
[2026-03-21T17:11:35.723+0000] {processor.py:208} INFO - Processing /opt/airflow/dags/import_variable.py took 0.233 seconds
[2026-03-21T17:12:06.359+0000] {processor.py:186} INFO - Started process (PID=24726) to work on /opt/airflow/dags/import_variable.py
[2026-03-21T17:12:06.370+0000] {processor.py:914} INFO - Processing file /opt/airflow/dags/import_variable.py for tasks to queue
[2026-03-21T17:12:06.375+0000] {logging_mixin.py:190} INFO - [2026-03-21T17:12:06.374+0000] {dagbag.py:588} INFO - Filling up the DagBag from /opt/airflow/dags/import_variable.py
[2026-03-21T17:12:06.395+0000] {processor.py:925} INFO - DAG(s) 'tasklar' retrieved from /opt/airflow/dags/import_variable.py
[2026-03-21T17:12:06.438+0000] {logging_mixin.py:190} INFO - [2026-03-21T17:12:06.438+0000] {dag.py:3239} INFO - Sync 1 DAGs
[2026-03-21T17:12:06.498+0000] {logging_mixin.py:190} INFO - [2026-03-21T17:12:06.498+0000] {dag.py:4180} INFO - Setting next_dagrun for tasklar to 2026-03-19 23:30:00+00:00, run_after=2026-03-20 23:30:00+00:00
[2026-03-21T17:12:06.533+0000] {processor.py:208} INFO - Processing /opt/airflow/dags/import_variable.py took 0.186 seconds
[2026-03-21T17:12:37.179+0000] {processor.py:186} INFO - Started process (PID=24767) to work on /opt/airflow/dags/import_variable.py
[2026-03-21T17:12:37.181+0000] {processor.py:914} INFO - Processing file /opt/airflow/dags/import_variable.py for tasks to queue
[2026-03-21T17:12:37.185+0000] {logging_mixin.py:190} INFO - [2026-03-21T17:12:37.184+0000] {dagbag.py:588} INFO - Filling up the DagBag from /opt/airflow/dags/import_variable.py
[2026-03-21T17:12:37.207+0000] {processor.py:925} INFO - DAG(s) 'tasklar' retrieved from /opt/airflow/dags/import_variable.py
[2026-03-21T17:12:37.251+0000] {logging_mixin.py:190} INFO - [2026-03-21T17:12:37.251+0000] {dag.py:3239} INFO - Sync 1 DAGs
[2026-03-21T17:12:37.302+0000] {logging_mixin.py:190} INFO - [2026-03-21T17:12:37.302+0000] {dag.py:4180} INFO - Setting next_dagrun for tasklar to 2026-03-19 23:30:00+00:00, run_after=2026-03-20 23:30:00+00:00
[2026-03-21T17:12:37.336+0000] {processor.py:208} INFO - Processing /opt/airflow/dags/import_variable.py took 0.168 seconds
[2026-03-21T17:13:07.975+0000] {processor.py:186} INFO - Started process (PID=24808) to work on /opt/airflow/dags/import_variable.py
[2026-03-21T17:13:07.985+0000] {processor.py:914} INFO - Processing file /opt/airflow/dags/import_variable.py for tasks to queue
[2026-03-21T17:13:07.990+0000] {logging_mixin.py:190} INFO - [2026-03-21T17:13:07.989+0000] {dagbag.py:588} INFO - Filling up the DagBag from /opt/airflow/dags/import_variable.py
[2026-03-21T17:13:08.010+0000] {processor.py:925} INFO - DAG(s) 'tasklar' retrieved from /opt/airflow/dags/import_variable.py
[2026-03-21T17:13:08.053+0000] {logging_mixin.py:190} INFO - [2026-03-21T17:13:08.052+0000] {dag.py:3239} INFO - Sync 1 DAGs
[2026-03-21T17:13:08.100+0000] {logging_mixin.py:190} INFO - [2026-03-21T17:13:08.100+0000] {dag.py:4180} INFO - Setting next_dagrun for tasklar to 2026-03-19 23:30:00+00:00, run_after=2026-03-20 23:30:00+00:00
[2026-03-21T17:13:08.146+0000] {processor.py:208} INFO - Processing /opt/airflow/dags/import_variable.py took 0.182 seconds
[2026-03-21T17:13:38.794+0000] {processor.py:186} INFO - Started process (PID=24849) to work on /opt/airflow/dags/import_variable.py
[2026-03-21T17:13:38.805+0000] {processor.py:914} INFO - Processing file /opt/airflow/dags/import_variable.py for tasks to queue
[2026-03-21T17:13:38.810+0000] {logging_mixin.py:190} INFO - [2026-03-21T17:13:38.809+0000] {dagbag.py:588} INFO - Filling up the DagBag from /opt/airflow/dags/import_variable.py
[2026-03-21T17:13:38.832+0000] {processor.py:925} INFO - DAG(s) 'tasklar' retrieved from /opt/airflow/dags/import_variable.py
[2026-03-21T17:13:38.880+0000] {logging_mixin.py:190} INFO - [2026-03-21T17:13:38.880+0000] {dag.py:3239} INFO - Sync 1 DAGs
[2026-03-21T17:13:38.929+0000] {logging_mixin.py:190} INFO - [2026-03-21T17:13:38.928+0000] {dag.py:4180} INFO - Setting next_dagrun for tasklar to 2026-03-19 23:30:00+00:00, run_after=2026-03-20 23:30:00+00:00
[2026-03-21T17:13:38.964+0000] {processor.py:208} INFO - Processing /opt/airflow/dags/import_variable.py took 0.180 seconds
[2026-03-21T17:14:09.629+0000] {processor.py:186} INFO - Started process (PID=24890) to work on /opt/airflow/dags/import_variable.py
[2026-03-21T17:14:09.631+0000] {processor.py:914} INFO - Processing file /opt/airflow/dags/import_variable.py for tasks to queue
[2026-03-21T17:14:09.637+0000] {logging_mixin.py:190} INFO - [2026-03-21T17:14:09.636+0000] {dagbag.py:588} INFO - Filling up the DagBag from /opt/airflow/dags/import_variable.py
[2026-03-21T17:14:09.664+0000] {processor.py:925} INFO - DAG(s) 'tasklar' retrieved from /opt/airflow/dags/import_variable.py
[2026-03-21T17:14:09.708+0000] {logging_mixin.py:190} INFO - [2026-03-21T17:14:09.708+0000] {dag.py:3239} INFO - Sync 1 DAGs
[2026-03-21T17:14:09.757+0000] {logging_mixin.py:190} INFO - [2026-03-21T17:14:09.757+0000] {dag.py:4180} INFO - Setting next_dagrun for tasklar to 2026-03-19 23:30:00+00:00, run_after=2026-03-20 23:30:00+00:00
[2026-03-21T17:14:09.800+0000] {processor.py:208} INFO - Processing /opt/airflow/dags/import_variable.py took 0.184 seconds
[2026-03-21T17:14:40.460+0000] {processor.py:186} INFO - Started process (PID=24931) to work on /opt/airflow/dags/import_variable.py
[2026-03-21T17:14:40.471+0000] {processor.py:914} INFO - Processing file /opt/airflow/dags/import_variable.py for tasks to queue
[2026-03-21T17:14:40.477+0000] {logging_mixin.py:190} INFO - [2026-03-21T17:14:40.476+0000] {dagbag.py:588} INFO - Filling up the DagBag from /opt/airflow/dags/import_variable.py
[2026-03-21T17:14:40.502+0000] {processor.py:925} INFO - DAG(s) 'tasklar' retrieved from /opt/airflow/dags/import_variable.py
[2026-03-21T17:14:40.552+0000] {logging_mixin.py:190} INFO - [2026-03-21T17:14:40.551+0000] {dag.py:3239} INFO - Sync 1 DAGs
[2026-03-21T17:14:40.599+0000] {logging_mixin.py:190} INFO - [2026-03-21T17:14:40.599+0000] {dag.py:4180} INFO - Setting next_dagrun for tasklar to 2026-03-19 23:30:00+00:00, run_after=2026-03-20 23:30:00+00:00
[2026-03-21T17:14:40.644+0000] {processor.py:208} INFO - Processing /opt/airflow/dags/import_variable.py took 0.195 seconds
[2026-03-21T17:15:11.346+0000] {processor.py:186} INFO - Started process (PID=24972) to work on /opt/airflow/dags/import_variable.py
[2026-03-21T17:15:11.356+0000] {processor.py:914} INFO - Processing file /opt/airflow/dags/import_variable.py for tasks to queue
[2026-03-21T17:15:11.361+0000] {logging_mixin.py:190} INFO - [2026-03-21T17:15:11.361+0000] {dagbag.py:588} INFO - Filling up the DagBag from /opt/airflow/dags/import_variable.py
[2026-03-21T17:15:11.386+0000] {processor.py:925} INFO - DAG(s) 'tasklar' retrieved from /opt/airflow/dags/import_variable.py
[2026-03-21T17:15:11.435+0000] {logging_mixin.py:190} INFO - [2026-03-21T17:15:11.434+0000] {dag.py:3239} INFO - Sync 1 DAGs
[2026-03-21T17:15:11.499+0000] {logging_mixin.py:190} INFO - [2026-03-21T17:15:11.499+0000] {dag.py:4180} INFO - Setting next_dagrun for tasklar to 2026-03-19 23:30:00+00:00, run_after=2026-03-20 23:30:00+00:00
[2026-03-21T17:15:11.535+0000] {processor.py:208} INFO - Processing /opt/airflow/dags/import_variable.py took 0.199 seconds
[2026-03-21T17:15:42.343+0000] {processor.py:186} INFO - Started process (PID=25013) to work on /opt/airflow/dags/import_variable.py
[2026-03-21T17:15:42.354+0000] {processor.py:914} INFO - Processing file /opt/airflow/dags/import_variable.py for tasks to queue
[2026-03-21T17:15:42.359+0000] {logging_mixin.py:190} INFO - [2026-03-21T17:15:42.358+0000] {dagbag.py:588} INFO - Filling up the DagBag from /opt/airflow/dags/import_variable.py
[2026-03-21T17:15:42.387+0000] {processor.py:925} INFO - DAG(s) 'tasklar' retrieved from /opt/airflow/dags/import_variable.py
[2026-03-21T17:15:42.441+0000] {logging_mixin.py:190} INFO - [2026-03-21T17:15:42.440+0000] {dag.py:3239} INFO - Sync 1 DAGs
[2026-03-21T17:15:42.489+0000] {logging_mixin.py:190} INFO - [2026-03-21T17:15:42.489+0000] {dag.py:4180} INFO - Setting next_dagrun for tasklar to 2026-03-19 23:30:00+00:00, run_after=2026-03-20 23:30:00+00:00
[2026-03-21T17:15:42.523+0000] {processor.py:208} INFO - Processing /opt/airflow/dags/import_variable.py took 0.191 seconds
[2026-03-21T17:16:13.346+0000] {processor.py:186} INFO - Started process (PID=25054) to work on /opt/airflow/dags/import_variable.py
[2026-03-21T17:16:13.348+0000] {processor.py:914} INFO - Processing file /opt/airflow/dags/import_variable.py for tasks to queue
[2026-03-21T17:16:13.352+0000] {logging_mixin.py:190} INFO - [2026-03-21T17:16:13.351+0000] {dagbag.py:588} INFO - Filling up the DagBag from /opt/airflow/dags/import_variable.py
[2026-03-21T17:16:13.380+0000] {processor.py:925} INFO - DAG(s) 'tasklar' retrieved from /opt/airflow/dags/import_variable.py
[2026-03-21T17:16:13.434+0000] {logging_mixin.py:190} INFO - [2026-03-21T17:16:13.433+0000] {dag.py:3239} INFO - Sync 1 DAGs
[2026-03-21T17:16:13.491+0000] {logging_mixin.py:190} INFO - [2026-03-21T17:16:13.491+0000] {dag.py:4180} INFO - Setting next_dagrun for tasklar to 2026-03-19 23:30:00+00:00, run_after=2026-03-20 23:30:00+00:00
[2026-03-21T17:16:13.528+0000] {processor.py:208} INFO - Processing /opt/airflow/dags/import_variable.py took 0.193 seconds
[2026-03-21T17:16:44.162+0000] {processor.py:186} INFO - Started process (PID=25095) to work on /opt/airflow/dags/import_variable.py
[2026-03-21T17:16:44.167+0000] {processor.py:914} INFO - Processing file /opt/airflow/dags/import_variable.py for tasks to queue
[2026-03-21T17:16:44.172+0000] {logging_mixin.py:190} INFO - [2026-03-21T17:16:44.171+0000] {dagbag.py:588} INFO - Filling up the DagBag from /opt/airflow/dags/import_variable.py
[2026-03-21T17:16:44.194+0000] {processor.py:925} INFO - DAG(s) 'tasklar' retrieved from /opt/airflow/dags/import_variable.py
[2026-03-21T17:16:44.238+0000] {logging_mixin.py:190} INFO - [2026-03-21T17:16:44.237+0000] {dag.py:3239} INFO - Sync 1 DAGs
[2026-03-21T17:16:44.287+0000] {logging_mixin.py:190} INFO - [2026-03-21T17:16:44.286+0000] {dag.py:4180} INFO - Setting next_dagrun for tasklar to 2026-03-19 23:30:00+00:00, run_after=2026-03-20 23:30:00+00:00
[2026-03-21T17:16:44.334+0000] {processor.py:208} INFO - Processing /opt/airflow/dags/import_variable.py took 0.185 seconds
[2026-03-21T17:17:14.965+0000] {processor.py:186} INFO - Started process (PID=25136) to work on /opt/airflow/dags/import_variable.py
[2026-03-21T17:17:14.975+0000] {processor.py:914} INFO - Processing file /opt/airflow/dags/import_variable.py for tasks to queue
[2026-03-21T17:17:14.980+0000] {logging_mixin.py:190} INFO - [2026-03-21T17:17:14.979+0000] {dagbag.py:588} INFO - Filling up the DagBag from /opt/airflow/dags/import_variable.py
[2026-03-21T17:17:15.003+0000] {processor.py:925} INFO - DAG(s) 'tasklar' retrieved from /opt/airflow/dags/import_variable.py
[2026-03-21T17:17:15.050+0000] {logging_mixin.py:190} INFO - [2026-03-21T17:17:15.049+0000] {dag.py:3239} INFO - Sync 1 DAGs
[2026-03-21T17:17:15.099+0000] {logging_mixin.py:190} INFO - [2026-03-21T17:17:15.098+0000] {dag.py:4180} INFO - Setting next_dagrun for tasklar to 2026-03-19 23:30:00+00:00, run_after=2026-03-20 23:30:00+00:00
[2026-03-21T17:17:15.140+0000] {processor.py:208} INFO - Processing /opt/airflow/dags/import_variable.py took 0.185 seconds
[2026-03-21T17:17:45.765+0000] {processor.py:186} INFO - Started process (PID=25177) to work on /opt/airflow/dags/import_variable.py
[2026-03-21T17:17:45.776+0000] {processor.py:914} INFO - Processing file /opt/airflow/dags/import_variable.py for tasks to queue
[2026-03-21T17:17:45.781+0000] {logging_mixin.py:190} INFO - [2026-03-21T17:17:45.780+0000] {dagbag.py:588} INFO - Filling up the DagBag from /opt/airflow/dags/import_variable.py
[2026-03-21T17:17:45.803+0000] {processor.py:925} INFO - DAG(s) 'tasklar' retrieved from /opt/airflow/dags/import_variable.py
[2026-03-21T17:17:45.856+0000] {logging_mixin.py:190} INFO - [2026-03-21T17:17:45.856+0000] {dag.py:3239} INFO - Sync 1 DAGs
[2026-03-21T17:17:45.912+0000] {logging_mixin.py:190} INFO - [2026-03-21T17:17:45.912+0000] {dag.py:4180} INFO - Setting next_dagrun for tasklar to 2026-03-19 23:30:00+00:00, run_after=2026-03-20 23:30:00+00:00
[2026-03-21T17:17:45.948+0000] {processor.py:208} INFO - Processing /opt/airflow/dags/import_variable.py took 0.193 seconds
[2026-03-21T17:18:16.742+0000] {processor.py:186} INFO - Started process (PID=25218) to work on /opt/airflow/dags/import_variable.py
[2026-03-21T17:18:16.753+0000] {processor.py:914} INFO - Processing file /opt/airflow/dags/import_variable.py for tasks to queue
[2026-03-21T17:18:16.757+0000] {logging_mixin.py:190} INFO - [2026-03-21T17:18:16.756+0000] {dagbag.py:588} INFO - Filling up the DagBag from /opt/airflow/dags/import_variable.py
[2026-03-21T17:18:16.777+0000] {processor.py:925} INFO - DAG(s) 'tasklar' retrieved from /opt/airflow/dags/import_variable.py
[2026-03-21T17:18:16.818+0000] {logging_mixin.py:190} INFO - [2026-03-21T17:18:16.818+0000] {dag.py:3239} INFO - Sync 1 DAGs
[2026-03-21T17:18:16.869+0000] {logging_mixin.py:190} INFO - [2026-03-21T17:18:16.868+0000] {dag.py:4180} INFO - Setting next_dagrun for tasklar to 2026-03-19 23:30:00+00:00, run_after=2026-03-20 23:30:00+00:00
[2026-03-21T17:18:16.910+0000] {processor.py:208} INFO - Processing /opt/airflow/dags/import_variable.py took 0.179 seconds
[2026-03-21T17:18:47.591+0000] {processor.py:186} INFO - Started process (PID=25265) to work on /opt/airflow/dags/import_variable.py
[2026-03-21T17:18:47.601+0000] {processor.py:914} INFO - Processing file /opt/airflow/dags/import_variable.py for tasks to queue
[2026-03-21T17:18:47.606+0000] {logging_mixin.py:190} INFO - [2026-03-21T17:18:47.605+0000] {dagbag.py:588} INFO - Filling up the DagBag from /opt/airflow/dags/import_variable.py
[2026-03-21T17:18:47.629+0000] {processor.py:925} INFO - DAG(s) 'tasklar' retrieved from /opt/airflow/dags/import_variable.py
[2026-03-21T17:18:47.671+0000] {logging_mixin.py:190} INFO - [2026-03-21T17:18:47.670+0000] {dag.py:3239} INFO - Sync 1 DAGs
[2026-03-21T17:18:47.720+0000] {logging_mixin.py:190} INFO - [2026-03-21T17:18:47.720+0000] {dag.py:4180} INFO - Setting next_dagrun for tasklar to 2026-03-19 23:30:00+00:00, run_after=2026-03-20 23:30:00+00:00
[2026-03-21T17:18:47.755+0000] {processor.py:208} INFO - Processing /opt/airflow/dags/import_variable.py took 0.177 seconds
[2026-03-21T17:19:18.548+0000] {processor.py:186} INFO - Started process (PID=25306) to work on /opt/airflow/dags/import_variable.py
[2026-03-21T17:19:18.559+0000] {processor.py:914} INFO - Processing file /opt/airflow/dags/import_variable.py for tasks to queue
[2026-03-21T17:19:18.563+0000] {logging_mixin.py:190} INFO - [2026-03-21T17:19:18.563+0000] {dagbag.py:588} INFO - Filling up the DagBag from /opt/airflow/dags/import_variable.py
[2026-03-21T17:19:18.585+0000] {processor.py:925} INFO - DAG(s) 'tasklar' retrieved from /opt/airflow/dags/import_variable.py
[2026-03-21T17:19:18.629+0000] {logging_mixin.py:190} INFO - [2026-03-21T17:19:18.628+0000] {dag.py:3239} INFO - Sync 1 DAGs
[2026-03-21T17:19:18.675+0000] {logging_mixin.py:190} INFO - [2026-03-21T17:19:18.674+0000] {dag.py:4180} INFO - Setting next_dagrun for tasklar to 2026-03-19 23:30:00+00:00, run_after=2026-03-20 23:30:00+00:00
[2026-03-21T17:19:18.717+0000] {processor.py:208} INFO - Processing /opt/airflow/dags/import_variable.py took 0.179 seconds
[2026-03-21T17:19:49.397+0000] {processor.py:186} INFO - Started process (PID=25347) to work on /opt/airflow/dags/import_variable.py
[2026-03-21T17:19:49.407+0000] {processor.py:914} INFO - Processing file /opt/airflow/dags/import_variable.py for tasks to queue
[2026-03-21T17:19:49.412+0000] {logging_mixin.py:190} INFO - [2026-03-21T17:19:49.411+0000] {dagbag.py:588} INFO - Filling up the DagBag from /opt/airflow/dags/import_variable.py
[2026-03-21T17:19:49.443+0000] {processor.py:925} INFO - DAG(s) 'tasklar' retrieved from /opt/airflow/dags/import_variable.py
[2026-03-21T17:19:49.492+0000] {logging_mixin.py:190} INFO - [2026-03-21T17:19:49.491+0000] {dag.py:3239} INFO - Sync 1 DAGs
[2026-03-21T17:19:49.549+0000] {logging_mixin.py:190} INFO - [2026-03-21T17:19:49.548+0000] {dag.py:4180} INFO - Setting next_dagrun for tasklar to 2026-03-19 23:30:00+00:00, run_after=2026-03-20 23:30:00+00:00
[2026-03-21T17:19:49.590+0000] {processor.py:208} INFO - Processing /opt/airflow/dags/import_variable.py took 0.206 seconds
[2026-03-21T17:20:20.399+0000] {processor.py:186} INFO - Started process (PID=25388) to work on /opt/airflow/dags/import_variable.py
[2026-03-21T17:20:20.409+0000] {processor.py:914} INFO - Processing file /opt/airflow/dags/import_variable.py for tasks to queue
[2026-03-21T17:20:20.413+0000] {logging_mixin.py:190} INFO - [2026-03-21T17:20:20.413+0000] {dagbag.py:588} INFO - Filling up the DagBag from /opt/airflow/dags/import_variable.py
[2026-03-21T17:20:20.435+0000] {processor.py:925} INFO - DAG(s) 'tasklar' retrieved from /opt/airflow/dags/import_variable.py
[2026-03-21T17:20:20.479+0000] {logging_mixin.py:190} INFO - [2026-03-21T17:20:20.479+0000] {dag.py:3239} INFO - Sync 1 DAGs
[2026-03-21T17:20:20.529+0000] {logging_mixin.py:190} INFO - [2026-03-21T17:20:20.528+0000] {dag.py:4180} INFO - Setting next_dagrun for tasklar to 2026-03-19 23:30:00+00:00, run_after=2026-03-20 23:30:00+00:00
[2026-03-21T17:20:20.574+0000] {processor.py:208} INFO - Processing /opt/airflow/dags/import_variable.py took 0.186 seconds
[2026-03-21T17:20:51.235+0000] {processor.py:186} INFO - Started process (PID=25429) to work on /opt/airflow/dags/import_variable.py
[2026-03-21T17:20:51.245+0000] {processor.py:914} INFO - Processing file /opt/airflow/dags/import_variable.py for tasks to queue
[2026-03-21T17:20:51.250+0000] {logging_mixin.py:190} INFO - [2026-03-21T17:20:51.249+0000] {dagbag.py:588} INFO - Filling up the DagBag from /opt/airflow/dags/import_variable.py
[2026-03-21T17:20:51.272+0000] {processor.py:925} INFO - DAG(s) 'tasklar' retrieved from /opt/airflow/dags/import_variable.py
[2026-03-21T17:20:51.314+0000] {logging_mixin.py:190} INFO - [2026-03-21T17:20:51.313+0000] {dag.py:3239} INFO - Sync 1 DAGs
[2026-03-21T17:20:51.360+0000] {logging_mixin.py:190} INFO - [2026-03-21T17:20:51.360+0000] {dag.py:4180} INFO - Setting next_dagrun for tasklar to 2026-03-19 23:30:00+00:00, run_after=2026-03-20 23:30:00+00:00
[2026-03-21T17:20:51.403+0000] {processor.py:208} INFO - Processing /opt/airflow/dags/import_variable.py took 0.180 seconds
[2026-03-21T17:21:22.049+0000] {processor.py:186} INFO - Started process (PID=25470) to work on /opt/airflow/dags/import_variable.py
[2026-03-21T17:21:22.050+0000] {processor.py:914} INFO - Processing file /opt/airflow/dags/import_variable.py for tasks to queue
[2026-03-21T17:21:22.055+0000] {logging_mixin.py:190} INFO - [2026-03-21T17:21:22.054+0000] {dagbag.py:588} INFO - Filling up the DagBag from /opt/airflow/dags/import_variable.py
[2026-03-21T17:21:22.079+0000] {processor.py:925} INFO - DAG(s) 'tasklar' retrieved from /opt/airflow/dags/import_variable.py
[2026-03-21T17:21:22.131+0000] {logging_mixin.py:190} INFO - [2026-03-21T17:21:22.130+0000] {dag.py:3239} INFO - Sync 1 DAGs
[2026-03-21T17:21:22.184+0000] {logging_mixin.py:190} INFO - [2026-03-21T17:21:22.184+0000] {dag.py:4180} INFO - Setting next_dagrun for tasklar to 2026-03-19 23:30:00+00:00, run_after=2026-03-20 23:30:00+00:00
[2026-03-21T17:21:22.229+0000] {processor.py:208} INFO - Processing /opt/airflow/dags/import_variable.py took 0.191 seconds
[2026-03-21T17:21:53.053+0000] {processor.py:186} INFO - Started process (PID=25511) to work on /opt/airflow/dags/import_variable.py
[2026-03-21T17:21:53.063+0000] {processor.py:914} INFO - Processing file /opt/airflow/dags/import_variable.py for tasks to queue
[2026-03-21T17:21:53.069+0000] {logging_mixin.py:190} INFO - [2026-03-21T17:21:53.068+0000] {dagbag.py:588} INFO - Filling up the DagBag from /opt/airflow/dags/import_variable.py
[2026-03-21T17:21:53.095+0000] {processor.py:925} INFO - DAG(s) 'tasklar' retrieved from /opt/airflow/dags/import_variable.py
[2026-03-21T17:21:53.157+0000] {logging_mixin.py:190} INFO - [2026-03-21T17:21:53.156+0000] {dag.py:3239} INFO - Sync 1 DAGs
[2026-03-21T17:21:53.224+0000] {logging_mixin.py:190} INFO - [2026-03-21T17:21:53.223+0000] {dag.py:4180} INFO - Setting next_dagrun for tasklar to 2026-03-19 23:30:00+00:00, run_after=2026-03-20 23:30:00+00:00
[2026-03-21T17:21:53.271+0000] {processor.py:208} INFO - Processing /opt/airflow/dags/import_variable.py took 0.230 seconds
[2026-03-21T17:22:24.088+0000] {processor.py:186} INFO - Started process (PID=25552) to work on /opt/airflow/dags/import_variable.py
[2026-03-21T17:22:24.091+0000] {processor.py:914} INFO - Processing file /opt/airflow/dags/import_variable.py for tasks to queue
[2026-03-21T17:22:24.095+0000] {logging_mixin.py:190} INFO - [2026-03-21T17:22:24.094+0000] {dagbag.py:588} INFO - Filling up the DagBag from /opt/airflow/dags/import_variable.py
[2026-03-21T17:22:24.119+0000] {processor.py:925} INFO - DAG(s) 'tasklar' retrieved from /opt/airflow/dags/import_variable.py
[2026-03-21T17:22:24.163+0000] {logging_mixin.py:190} INFO - [2026-03-21T17:22:24.162+0000] {dag.py:3239} INFO - Sync 1 DAGs
[2026-03-21T17:22:24.207+0000] {logging_mixin.py:190} INFO - [2026-03-21T17:22:24.207+0000] {dag.py:4180} INFO - Setting next_dagrun for tasklar to 2026-03-19 23:30:00+00:00, run_after=2026-03-20 23:30:00+00:00
[2026-03-21T17:22:24.240+0000] {processor.py:208} INFO - Processing /opt/airflow/dags/import_variable.py took 0.162 seconds
[2026-03-21T17:22:54.942+0000] {processor.py:186} INFO - Started process (PID=25593) to work on /opt/airflow/dags/import_variable.py
[2026-03-21T17:22:54.953+0000] {processor.py:914} INFO - Processing file /opt/airflow/dags/import_variable.py for tasks to queue
[2026-03-21T17:22:54.957+0000] {logging_mixin.py:190} INFO - [2026-03-21T17:22:54.956+0000] {dagbag.py:588} INFO - Filling up the DagBag from /opt/airflow/dags/import_variable.py
[2026-03-21T17:22:54.980+0000] {processor.py:925} INFO - DAG(s) 'tasklar' retrieved from /opt/airflow/dags/import_variable.py
[2026-03-21T17:22:55.025+0000] {logging_mixin.py:190} INFO - [2026-03-21T17:22:55.024+0000] {dag.py:3239} INFO - Sync 1 DAGs
[2026-03-21T17:22:55.077+0000] {logging_mixin.py:190} INFO - [2026-03-21T17:22:55.077+0000] {dag.py:4180} INFO - Setting next_dagrun for tasklar to 2026-03-19 23:30:00+00:00, run_after=2026-03-20 23:30:00+00:00
[2026-03-21T17:22:55.126+0000] {processor.py:208} INFO - Processing /opt/airflow/dags/import_variable.py took 0.193 seconds
[2026-03-21T17:23:25.762+0000] {processor.py:186} INFO - Started process (PID=25634) to work on /opt/airflow/dags/import_variable.py
[2026-03-21T17:23:25.773+0000] {processor.py:914} INFO - Processing file /opt/airflow/dags/import_variable.py for tasks to queue
[2026-03-21T17:23:25.777+0000] {logging_mixin.py:190} INFO - [2026-03-21T17:23:25.776+0000] {dagbag.py:588} INFO - Filling up the DagBag from /opt/airflow/dags/import_variable.py
[2026-03-21T17:23:25.799+0000] {processor.py:925} INFO - DAG(s) 'tasklar' retrieved from /opt/airflow/dags/import_variable.py
[2026-03-21T17:23:25.843+0000] {logging_mixin.py:190} INFO - [2026-03-21T17:23:25.843+0000] {dag.py:3239} INFO - Sync 1 DAGs
[2026-03-21T17:23:25.893+0000] {logging_mixin.py:190} INFO - [2026-03-21T17:23:25.893+0000] {dag.py:4180} INFO - Setting next_dagrun for tasklar to 2026-03-19 23:30:00+00:00, run_after=2026-03-20 23:30:00+00:00
[2026-03-21T17:23:25.927+0000] {processor.py:208} INFO - Processing /opt/airflow/dags/import_variable.py took 0.175 seconds
[2026-03-21T17:23:56.748+0000] {processor.py:186} INFO - Started process (PID=25675) to work on /opt/airflow/dags/import_variable.py
[2026-03-21T17:23:56.758+0000] {processor.py:914} INFO - Processing file /opt/airflow/dags/import_variable.py for tasks to queue
[2026-03-21T17:23:56.762+0000] {logging_mixin.py:190} INFO - [2026-03-21T17:23:56.761+0000] {dagbag.py:588} INFO - Filling up the DagBag from /opt/airflow/dags/import_variable.py
[2026-03-21T17:23:56.785+0000] {processor.py:925} INFO - DAG(s) 'tasklar' retrieved from /opt/airflow/dags/import_variable.py
[2026-03-21T17:23:56.832+0000] {logging_mixin.py:190} INFO - [2026-03-21T17:23:56.831+0000] {dag.py:3239} INFO - Sync 1 DAGs
[2026-03-21T17:23:56.879+0000] {logging_mixin.py:190} INFO - [2026-03-21T17:23:56.879+0000] {dag.py:4180} INFO - Setting next_dagrun for tasklar to 2026-03-19 23:30:00+00:00, run_after=2026-03-20 23:30:00+00:00
[2026-03-21T17:23:56.915+0000] {processor.py:208} INFO - Processing /opt/airflow/dags/import_variable.py took 0.178 seconds
[2026-03-21T17:24:27.595+0000] {processor.py:186} INFO - Started process (PID=25716) to work on /opt/airflow/dags/import_variable.py
[2026-03-21T17:24:27.605+0000] {processor.py:914} INFO - Processing file /opt/airflow/dags/import_variable.py for tasks to queue
[2026-03-21T17:24:27.609+0000] {logging_mixin.py:190} INFO - [2026-03-21T17:24:27.609+0000] {dagbag.py:588} INFO - Filling up the DagBag from /opt/airflow/dags/import_variable.py
[2026-03-21T17:24:27.631+0000] {processor.py:925} INFO - DAG(s) 'tasklar' retrieved from /opt/airflow/dags/import_variable.py
[2026-03-21T17:24:27.675+0000] {logging_mixin.py:190} INFO - [2026-03-21T17:24:27.675+0000] {dag.py:3239} INFO - Sync 1 DAGs
[2026-03-21T17:24:27.727+0000] {logging_mixin.py:190} INFO - [2026-03-21T17:24:27.726+0000] {dag.py:4180} INFO - Setting next_dagrun for tasklar to 2026-03-19 23:30:00+00:00, run_after=2026-03-20 23:30:00+00:00
[2026-03-21T17:24:27.770+0000] {processor.py:208} INFO - Processing /opt/airflow/dags/import_variable.py took 0.186 seconds
[2026-03-21T17:24:58.678+0000] {processor.py:186} INFO - Started process (PID=25757) to work on /opt/airflow/dags/import_variable.py
[2026-03-21T17:24:58.689+0000] {processor.py:914} INFO - Processing file /opt/airflow/dags/import_variable.py for tasks to queue
[2026-03-21T17:24:58.694+0000] {logging_mixin.py:190} INFO - [2026-03-21T17:24:58.693+0000] {dagbag.py:588} INFO - Filling up the DagBag from /opt/airflow/dags/import_variable.py
[2026-03-21T17:24:58.719+0000] {processor.py:925} INFO - DAG(s) 'tasklar' retrieved from /opt/airflow/dags/import_variable.py
[2026-03-21T17:24:58.768+0000] {logging_mixin.py:190} INFO - [2026-03-21T17:24:58.767+0000] {dag.py:3239} INFO - Sync 1 DAGs
[2026-03-21T17:24:58.817+0000] {logging_mixin.py:190} INFO - [2026-03-21T17:24:58.817+0000] {dag.py:4180} INFO - Setting next_dagrun for tasklar to 2026-03-19 23:30:00+00:00, run_after=2026-03-20 23:30:00+00:00
[2026-03-21T17:24:58.864+0000] {processor.py:208} INFO - Processing /opt/airflow/dags/import_variable.py took 0.197 seconds
[2026-03-21T17:25:29.541+0000] {processor.py:186} INFO - Started process (PID=25798) to work on /opt/airflow/dags/import_variable.py
[2026-03-21T17:25:29.552+0000] {processor.py:914} INFO - Processing file /opt/airflow/dags/import_variable.py for tasks to queue
[2026-03-21T17:25:29.557+0000] {logging_mixin.py:190} INFO - [2026-03-21T17:25:29.556+0000] {dagbag.py:588} INFO - Filling up the DagBag from /opt/airflow/dags/import_variable.py
[2026-03-21T17:25:29.583+0000] {processor.py:925} INFO - DAG(s) 'tasklar' retrieved from /opt/airflow/dags/import_variable.py
[2026-03-21T17:25:29.635+0000] {logging_mixin.py:190} INFO - [2026-03-21T17:25:29.635+0000] {dag.py:3239} INFO - Sync 1 DAGs
[2026-03-21T17:25:29.690+0000] {logging_mixin.py:190} INFO - [2026-03-21T17:25:29.689+0000] {dag.py:4180} INFO - Setting next_dagrun for tasklar to 2026-03-19 23:30:00+00:00, run_after=2026-03-20 23:30:00+00:00
[2026-03-21T17:25:29.738+0000] {processor.py:208} INFO - Processing /opt/airflow/dags/import_variable.py took 0.209 seconds
[2026-03-21T17:26:00.363+0000] {processor.py:186} INFO - Started process (PID=25840) to work on /opt/airflow/dags/import_variable.py
[2026-03-21T17:26:00.365+0000] {processor.py:914} INFO - Processing file /opt/airflow/dags/import_variable.py for tasks to queue
[2026-03-21T17:26:00.369+0000] {logging_mixin.py:190} INFO - [2026-03-21T17:26:00.368+0000] {dagbag.py:588} INFO - Filling up the DagBag from /opt/airflow/dags/import_variable.py
[2026-03-21T17:26:00.393+0000] {processor.py:925} INFO - DAG(s) 'tasklar' retrieved from /opt/airflow/dags/import_variable.py
[2026-03-21T17:26:00.447+0000] {logging_mixin.py:190} INFO - [2026-03-21T17:26:00.446+0000] {dag.py:3239} INFO - Sync 1 DAGs
[2026-03-21T17:26:00.500+0000] {logging_mixin.py:190} INFO - [2026-03-21T17:26:00.499+0000] {dag.py:4180} INFO - Setting next_dagrun for tasklar to 2026-03-19 23:30:00+00:00, run_after=2026-03-20 23:30:00+00:00
[2026-03-21T17:26:00.549+0000] {processor.py:208} INFO - Processing /opt/airflow/dags/import_variable.py took 0.198 seconds
[2026-03-21T17:26:31.204+0000] {processor.py:186} INFO - Started process (PID=25881) to work on /opt/airflow/dags/import_variable.py
[2026-03-21T17:26:31.215+0000] {processor.py:914} INFO - Processing file /opt/airflow/dags/import_variable.py for tasks to queue
[2026-03-21T17:26:31.224+0000] {logging_mixin.py:190} INFO - [2026-03-21T17:26:31.223+0000] {dagbag.py:588} INFO - Filling up the DagBag from /opt/airflow/dags/import_variable.py
[2026-03-21T17:26:31.251+0000] {processor.py:925} INFO - DAG(s) 'tasklar' retrieved from /opt/airflow/dags/import_variable.py
[2026-03-21T17:26:31.305+0000] {logging_mixin.py:190} INFO - [2026-03-21T17:26:31.304+0000] {dag.py:3239} INFO - Sync 1 DAGs
[2026-03-21T17:26:31.366+0000] {logging_mixin.py:190} INFO - [2026-03-21T17:26:31.365+0000] {dag.py:4180} INFO - Setting next_dagrun for tasklar to 2026-03-19 23:30:00+00:00, run_after=2026-03-20 23:30:00+00:00
[2026-03-21T17:26:31.419+0000] {processor.py:208} INFO - Processing /opt/airflow/dags/import_variable.py took 0.229 seconds
[2026-03-21T17:27:02.034+0000] {processor.py:186} INFO - Started process (PID=25922) to work on /opt/airflow/dags/import_variable.py
[2026-03-21T17:27:02.045+0000] {processor.py:914} INFO - Processing file /opt/airflow/dags/import_variable.py for tasks to queue
[2026-03-21T17:27:02.050+0000] {logging_mixin.py:190} INFO - [2026-03-21T17:27:02.049+0000] {dagbag.py:588} INFO - Filling up the DagBag from /opt/airflow/dags/import_variable.py
[2026-03-21T17:27:02.076+0000] {processor.py:925} INFO - DAG(s) 'tasklar' retrieved from /opt/airflow/dags/import_variable.py
[2026-03-21T17:27:02.120+0000] {logging_mixin.py:190} INFO - [2026-03-21T17:27:02.119+0000] {dag.py:3239} INFO - Sync 1 DAGs
[2026-03-21T17:27:02.168+0000] {logging_mixin.py:190} INFO - [2026-03-21T17:27:02.168+0000] {dag.py:4180} INFO - Setting next_dagrun for tasklar to 2026-03-19 23:30:00+00:00, run_after=2026-03-20 23:30:00+00:00
[2026-03-21T17:27:02.213+0000] {processor.py:208} INFO - Processing /opt/airflow/dags/import_variable.py took 0.189 seconds
[2026-03-21T17:27:32.868+0000] {processor.py:186} INFO - Started process (PID=25963) to work on /opt/airflow/dags/import_variable.py
[2026-03-21T17:27:32.878+0000] {processor.py:914} INFO - Processing file /opt/airflow/dags/import_variable.py for tasks to queue
[2026-03-21T17:27:32.883+0000] {logging_mixin.py:190} INFO - [2026-03-21T17:27:32.882+0000] {dagbag.py:588} INFO - Filling up the DagBag from /opt/airflow/dags/import_variable.py
[2026-03-21T17:27:32.907+0000] {processor.py:925} INFO - DAG(s) 'tasklar' retrieved from /opt/airflow/dags/import_variable.py
[2026-03-21T17:27:32.954+0000] {logging_mixin.py:190} INFO - [2026-03-21T17:27:32.953+0000] {dag.py:3239} INFO - Sync 1 DAGs
[2026-03-21T17:27:33.004+0000] {logging_mixin.py:190} INFO - [2026-03-21T17:27:33.003+0000] {dag.py:4180} INFO - Setting next_dagrun for tasklar to 2026-03-19 23:30:00+00:00, run_after=2026-03-20 23:30:00+00:00
[2026-03-21T17:27:33.050+0000] {processor.py:208} INFO - Processing /opt/airflow/dags/import_variable.py took 0.193 seconds
[2026-03-21T17:28:03.773+0000] {processor.py:186} INFO - Started process (PID=26004) to work on /opt/airflow/dags/import_variable.py
[2026-03-21T17:28:03.784+0000] {processor.py:914} INFO - Processing file /opt/airflow/dags/import_variable.py for tasks to queue
[2026-03-21T17:28:03.788+0000] {logging_mixin.py:190} INFO - [2026-03-21T17:28:03.787+0000] {dagbag.py:588} INFO - Filling up the DagBag from /opt/airflow/dags/import_variable.py
[2026-03-21T17:28:03.812+0000] {processor.py:925} INFO - DAG(s) 'tasklar' retrieved from /opt/airflow/dags/import_variable.py
[2026-03-21T17:28:03.858+0000] {logging_mixin.py:190} INFO - [2026-03-21T17:28:03.858+0000] {dag.py:3239} INFO - Sync 1 DAGs
[2026-03-21T17:28:03.912+0000] {logging_mixin.py:190} INFO - [2026-03-21T17:28:03.912+0000] {dag.py:4180} INFO - Setting next_dagrun for tasklar to 2026-03-19 23:30:00+00:00, run_after=2026-03-20 23:30:00+00:00
[2026-03-21T17:28:03.953+0000] {processor.py:208} INFO - Processing /opt/airflow/dags/import_variable.py took 0.190 seconds
[2026-03-21T17:28:34.667+0000] {processor.py:186} INFO - Started process (PID=26045) to work on /opt/airflow/dags/import_variable.py
[2026-03-21T17:28:34.678+0000] {processor.py:914} INFO - Processing file /opt/airflow/dags/import_variable.py for tasks to queue
[2026-03-21T17:28:34.683+0000] {logging_mixin.py:190} INFO - [2026-03-21T17:28:34.682+0000] {dagbag.py:588} INFO - Filling up the DagBag from /opt/airflow/dags/import_variable.py
[2026-03-21T17:28:34.711+0000] {processor.py:925} INFO - DAG(s) 'tasklar' retrieved from /opt/airflow/dags/import_variable.py
[2026-03-21T17:28:34.764+0000] {logging_mixin.py:190} INFO - [2026-03-21T17:28:34.764+0000] {dag.py:3239} INFO - Sync 1 DAGs
[2026-03-21T17:28:34.839+0000] {logging_mixin.py:190} INFO - [2026-03-21T17:28:34.838+0000] {dag.py:4180} INFO - Setting next_dagrun for tasklar to 2026-03-19 23:30:00+00:00, run_after=2026-03-20 23:30:00+00:00
[2026-03-21T17:28:34.887+0000] {processor.py:208} INFO - Processing /opt/airflow/dags/import_variable.py took 0.232 seconds
[2026-03-21T17:29:05.514+0000] {processor.py:186} INFO - Started process (PID=26086) to work on /opt/airflow/dags/import_variable.py
[2026-03-21T17:29:05.524+0000] {processor.py:914} INFO - Processing file /opt/airflow/dags/import_variable.py for tasks to queue
[2026-03-21T17:29:05.529+0000] {logging_mixin.py:190} INFO - [2026-03-21T17:29:05.528+0000] {dagbag.py:588} INFO - Filling up the DagBag from /opt/airflow/dags/import_variable.py
[2026-03-21T17:29:05.552+0000] {processor.py:925} INFO - DAG(s) 'tasklar' retrieved from /opt/airflow/dags/import_variable.py
[2026-03-21T17:29:05.598+0000] {logging_mixin.py:190} INFO - [2026-03-21T17:29:05.598+0000] {dag.py:3239} INFO - Sync 1 DAGs
[2026-03-21T17:29:05.654+0000] {logging_mixin.py:190} INFO - [2026-03-21T17:29:05.654+0000] {dag.py:4180} INFO - Setting next_dagrun for tasklar to 2026-03-19 23:30:00+00:00, run_after=2026-03-20 23:30:00+00:00
[2026-03-21T17:29:05.690+0000] {processor.py:208} INFO - Processing /opt/airflow/dags/import_variable.py took 0.189 seconds
[2026-03-21T17:29:36.352+0000] {processor.py:186} INFO - Started process (PID=26127) to work on /opt/airflow/dags/import_variable.py
[2026-03-21T17:29:36.362+0000] {processor.py:914} INFO - Processing file /opt/airflow/dags/import_variable.py for tasks to queue
[2026-03-21T17:29:36.368+0000] {logging_mixin.py:190} INFO - [2026-03-21T17:29:36.367+0000] {dagbag.py:588} INFO - Filling up the DagBag from /opt/airflow/dags/import_variable.py
[2026-03-21T17:29:36.393+0000] {processor.py:925} INFO - DAG(s) 'tasklar' retrieved from /opt/airflow/dags/import_variable.py
[2026-03-21T17:29:36.441+0000] {logging_mixin.py:190} INFO - [2026-03-21T17:29:36.441+0000] {dag.py:3239} INFO - Sync 1 DAGs
[2026-03-21T17:29:36.495+0000] {logging_mixin.py:190} INFO - [2026-03-21T17:29:36.495+0000] {dag.py:4180} INFO - Setting next_dagrun for tasklar to 2026-03-19 23:30:00+00:00, run_after=2026-03-20 23:30:00+00:00
[2026-03-21T17:29:36.534+0000] {processor.py:208} INFO - Processing /opt/airflow/dags/import_variable.py took 0.193 seconds
[2026-03-21T17:30:07.249+0000] {processor.py:186} INFO - Started process (PID=26168) to work on /opt/airflow/dags/import_variable.py
[2026-03-21T17:30:07.251+0000] {processor.py:914} INFO - Processing file /opt/airflow/dags/import_variable.py for tasks to queue
[2026-03-21T17:30:07.257+0000] {logging_mixin.py:190} INFO - [2026-03-21T17:30:07.256+0000] {dagbag.py:588} INFO - Filling up the DagBag from /opt/airflow/dags/import_variable.py
[2026-03-21T17:30:07.285+0000] {processor.py:925} INFO - DAG(s) 'tasklar' retrieved from /opt/airflow/dags/import_variable.py
[2026-03-21T17:30:07.331+0000] {logging_mixin.py:190} INFO - [2026-03-21T17:30:07.330+0000] {dag.py:3239} INFO - Sync 1 DAGs
[2026-03-21T17:30:07.385+0000] {logging_mixin.py:190} INFO - [2026-03-21T17:30:07.385+0000] {dag.py:4180} INFO - Setting next_dagrun for tasklar to 2026-03-19 23:30:00+00:00, run_after=2026-03-20 23:30:00+00:00
[2026-03-21T17:30:07.430+0000] {processor.py:208} INFO - Processing /opt/airflow/dags/import_variable.py took 0.194 seconds
[2026-03-21T17:30:38.123+0000] {processor.py:186} INFO - Started process (PID=26209) to work on /opt/airflow/dags/import_variable.py
[2026-03-21T17:30:38.134+0000] {processor.py:914} INFO - Processing file /opt/airflow/dags/import_variable.py for tasks to queue
[2026-03-21T17:30:38.138+0000] {logging_mixin.py:190} INFO - [2026-03-21T17:30:38.138+0000] {dagbag.py:588} INFO - Filling up the DagBag from /opt/airflow/dags/import_variable.py
[2026-03-21T17:30:38.164+0000] {processor.py:925} INFO - DAG(s) 'tasklar' retrieved from /opt/airflow/dags/import_variable.py
[2026-03-21T17:30:38.215+0000] {logging_mixin.py:190} INFO - [2026-03-21T17:30:38.215+0000] {dag.py:3239} INFO - Sync 1 DAGs
[2026-03-21T17:30:38.266+0000] {logging_mixin.py:190} INFO - [2026-03-21T17:30:38.266+0000] {dag.py:4180} INFO - Setting next_dagrun for tasklar to 2026-03-19 23:30:00+00:00, run_after=2026-03-20 23:30:00+00:00
[2026-03-21T17:30:38.306+0000] {processor.py:208} INFO - Processing /opt/airflow/dags/import_variable.py took 0.194 seconds
[2026-03-21T17:31:08.958+0000] {processor.py:186} INFO - Started process (PID=26250) to work on /opt/airflow/dags/import_variable.py
[2026-03-21T17:31:08.968+0000] {processor.py:914} INFO - Processing file /opt/airflow/dags/import_variable.py for tasks to queue
[2026-03-21T17:31:08.973+0000] {logging_mixin.py:190} INFO - [2026-03-21T17:31:08.972+0000] {dagbag.py:588} INFO - Filling up the DagBag from /opt/airflow/dags/import_variable.py
[2026-03-21T17:31:09.002+0000] {processor.py:925} INFO - DAG(s) 'tasklar' retrieved from /opt/airflow/dags/import_variable.py
[2026-03-21T17:31:09.056+0000] {logging_mixin.py:190} INFO - [2026-03-21T17:31:09.056+0000] {dag.py:3239} INFO - Sync 1 DAGs
[2026-03-21T17:31:09.119+0000] {logging_mixin.py:190} INFO - [2026-03-21T17:31:09.119+0000] {dag.py:4180} INFO - Setting next_dagrun for tasklar to 2026-03-19 23:30:00+00:00, run_after=2026-03-20 23:30:00+00:00
[2026-03-21T17:31:09.154+0000] {processor.py:208} INFO - Processing /opt/airflow/dags/import_variable.py took 0.209 seconds
[2026-03-21T17:31:39.801+0000] {processor.py:186} INFO - Started process (PID=26291) to work on /opt/airflow/dags/import_variable.py
[2026-03-21T17:31:39.811+0000] {processor.py:914} INFO - Processing file /opt/airflow/dags/import_variable.py for tasks to queue
[2026-03-21T17:31:39.815+0000] {logging_mixin.py:190} INFO - [2026-03-21T17:31:39.814+0000] {dagbag.py:588} INFO - Filling up the DagBag from /opt/airflow/dags/import_variable.py
[2026-03-21T17:31:39.839+0000] {processor.py:925} INFO - DAG(s) 'tasklar' retrieved from /opt/airflow/dags/import_variable.py
[2026-03-21T17:31:39.885+0000] {logging_mixin.py:190} INFO - [2026-03-21T17:31:39.885+0000] {dag.py:3239} INFO - Sync 1 DAGs
[2026-03-21T17:31:39.935+0000] {logging_mixin.py:190} INFO - [2026-03-21T17:31:39.935+0000] {dag.py:4180} INFO - Setting next_dagrun for tasklar to 2026-03-19 23:30:00+00:00, run_after=2026-03-20 23:30:00+00:00
[2026-03-21T17:31:39.971+0000] {processor.py:208} INFO - Processing /opt/airflow/dags/import_variable.py took 0.184 seconds
[2026-03-21T17:32:10.697+0000] {processor.py:186} INFO - Started process (PID=26332) to work on /opt/airflow/dags/import_variable.py
[2026-03-21T17:32:10.708+0000] {processor.py:914} INFO - Processing file /opt/airflow/dags/import_variable.py for tasks to queue
[2026-03-21T17:32:10.716+0000] {logging_mixin.py:190} INFO - [2026-03-21T17:32:10.715+0000] {dagbag.py:588} INFO - Filling up the DagBag from /opt/airflow/dags/import_variable.py
[2026-03-21T17:32:10.752+0000] {processor.py:925} INFO - DAG(s) 'tasklar' retrieved from /opt/airflow/dags/import_variable.py
[2026-03-21T17:32:10.801+0000] {logging_mixin.py:190} INFO - [2026-03-21T17:32:10.800+0000] {dag.py:3239} INFO - Sync 1 DAGs
[2026-03-21T17:32:10.855+0000] {logging_mixin.py:190} INFO - [2026-03-21T17:32:10.855+0000] {dag.py:4180} INFO - Setting next_dagrun for tasklar to 2026-03-19 23:30:00+00:00, run_after=2026-03-20 23:30:00+00:00
[2026-03-21T17:32:10.893+0000] {processor.py:208} INFO - Processing /opt/airflow/dags/import_variable.py took 0.209 seconds
[2026-03-21T17:32:41.582+0000] {processor.py:186} INFO - Started process (PID=26373) to work on /opt/airflow/dags/import_variable.py
[2026-03-21T17:32:41.583+0000] {processor.py:914} INFO - Processing file /opt/airflow/dags/import_variable.py for tasks to queue
[2026-03-21T17:32:41.587+0000] {logging_mixin.py:190} INFO - [2026-03-21T17:32:41.586+0000] {dagbag.py:588} INFO - Filling up the DagBag from /opt/airflow/dags/import_variable.py
[2026-03-21T17:32:41.613+0000] {processor.py:925} INFO - DAG(s) 'tasklar' retrieved from /opt/airflow/dags/import_variable.py
[2026-03-21T17:32:41.671+0000] {logging_mixin.py:190} INFO - [2026-03-21T17:32:41.670+0000] {dag.py:3239} INFO - Sync 1 DAGs
[2026-03-21T17:32:41.720+0000] {logging_mixin.py:190} INFO - [2026-03-21T17:32:41.719+0000] {dag.py:4180} INFO - Setting next_dagrun for tasklar to 2026-03-19 23:30:00+00:00, run_after=2026-03-20 23:30:00+00:00
[2026-03-21T17:32:41.754+0000] {processor.py:208} INFO - Processing /opt/airflow/dags/import_variable.py took 0.186 seconds
[2026-03-21T17:33:12.418+0000] {processor.py:186} INFO - Started process (PID=26414) to work on /opt/airflow/dags/import_variable.py
[2026-03-21T17:33:12.428+0000] {processor.py:914} INFO - Processing file /opt/airflow/dags/import_variable.py for tasks to queue
[2026-03-21T17:33:12.433+0000] {logging_mixin.py:190} INFO - [2026-03-21T17:33:12.432+0000] {dagbag.py:588} INFO - Filling up the DagBag from /opt/airflow/dags/import_variable.py
[2026-03-21T17:33:12.458+0000] {processor.py:925} INFO - DAG(s) 'tasklar' retrieved from /opt/airflow/dags/import_variable.py
[2026-03-21T17:33:12.512+0000] {logging_mixin.py:190} INFO - [2026-03-21T17:33:12.511+0000] {dag.py:3239} INFO - Sync 1 DAGs
[2026-03-21T17:33:12.560+0000] {logging_mixin.py:190} INFO - [2026-03-21T17:33:12.559+0000] {dag.py:4180} INFO - Setting next_dagrun for tasklar to 2026-03-19 23:30:00+00:00, run_after=2026-03-20 23:30:00+00:00
[2026-03-21T17:33:12.603+0000] {processor.py:208} INFO - Processing /opt/airflow/dags/import_variable.py took 0.198 seconds
[2026-03-21T17:33:43.276+0000] {processor.py:186} INFO - Started process (PID=26455) to work on /opt/airflow/dags/import_variable.py
[2026-03-21T17:33:43.286+0000] {processor.py:914} INFO - Processing file /opt/airflow/dags/import_variable.py for tasks to queue
[2026-03-21T17:33:43.290+0000] {logging_mixin.py:190} INFO - [2026-03-21T17:33:43.290+0000] {dagbag.py:588} INFO - Filling up the DagBag from /opt/airflow/dags/import_variable.py
[2026-03-21T17:33:43.313+0000] {processor.py:925} INFO - DAG(s) 'tasklar' retrieved from /opt/airflow/dags/import_variable.py
[2026-03-21T17:33:43.354+0000] {logging_mixin.py:190} INFO - [2026-03-21T17:33:43.353+0000] {dag.py:3239} INFO - Sync 1 DAGs
[2026-03-21T17:33:43.400+0000] {logging_mixin.py:190} INFO - [2026-03-21T17:33:43.400+0000] {dag.py:4180} INFO - Setting next_dagrun for tasklar to 2026-03-19 23:30:00+00:00, run_after=2026-03-20 23:30:00+00:00
[2026-03-21T17:33:43.436+0000] {processor.py:208} INFO - Processing /opt/airflow/dags/import_variable.py took 0.174 seconds
[2026-03-21T17:34:14.054+0000] {processor.py:186} INFO - Started process (PID=26496) to work on /opt/airflow/dags/import_variable.py
[2026-03-21T17:34:14.056+0000] {processor.py:914} INFO - Processing file /opt/airflow/dags/import_variable.py for tasks to queue
[2026-03-21T17:34:14.060+0000] {logging_mixin.py:190} INFO - [2026-03-21T17:34:14.059+0000] {dagbag.py:588} INFO - Filling up the DagBag from /opt/airflow/dags/import_variable.py
[2026-03-21T17:34:14.083+0000] {processor.py:925} INFO - DAG(s) 'tasklar' retrieved from /opt/airflow/dags/import_variable.py
[2026-03-21T17:34:14.139+0000] {logging_mixin.py:190} INFO - [2026-03-21T17:34:14.138+0000] {dag.py:3239} INFO - Sync 1 DAGs
[2026-03-21T17:34:14.200+0000] {logging_mixin.py:190} INFO - [2026-03-21T17:34:14.199+0000] {dag.py:4180} INFO - Setting next_dagrun for tasklar to 2026-03-19 23:30:00+00:00, run_after=2026-03-20 23:30:00+00:00
[2026-03-21T17:34:14.240+0000] {processor.py:208} INFO - Processing /opt/airflow/dags/import_variable.py took 0.200 seconds
[2026-03-21T17:34:45.038+0000] {processor.py:186} INFO - Started process (PID=26538) to work on /opt/airflow/dags/import_variable.py
[2026-03-21T17:34:45.049+0000] {processor.py:914} INFO - Processing file /opt/airflow/dags/import_variable.py for tasks to queue
[2026-03-21T17:34:45.052+0000] {logging_mixin.py:190} INFO - [2026-03-21T17:34:45.052+0000] {dagbag.py:588} INFO - Filling up the DagBag from /opt/airflow/dags/import_variable.py
[2026-03-21T17:34:45.074+0000] {processor.py:925} INFO - DAG(s) 'tasklar' retrieved from /opt/airflow/dags/import_variable.py
[2026-03-21T17:34:45.118+0000] {logging_mixin.py:190} INFO - [2026-03-21T17:34:45.117+0000] {dag.py:3239} INFO - Sync 1 DAGs
[2026-03-21T17:34:45.166+0000] {logging_mixin.py:190} INFO - [2026-03-21T17:34:45.166+0000] {dag.py:4180} INFO - Setting next_dagrun for tasklar to 2026-03-19 23:30:00+00:00, run_after=2026-03-20 23:30:00+00:00
[2026-03-21T17:34:45.203+0000] {processor.py:208} INFO - Processing /opt/airflow/dags/import_variable.py took 0.178 seconds
[2026-03-21T17:35:15.838+0000] {processor.py:186} INFO - Started process (PID=26579) to work on /opt/airflow/dags/import_variable.py
[2026-03-21T17:35:15.849+0000] {processor.py:914} INFO - Processing file /opt/airflow/dags/import_variable.py for tasks to queue
[2026-03-21T17:35:15.853+0000] {logging_mixin.py:190} INFO - [2026-03-21T17:35:15.852+0000] {dagbag.py:588} INFO - Filling up the DagBag from /opt/airflow/dags/import_variable.py
[2026-03-21T17:35:15.875+0000] {processor.py:925} INFO - DAG(s) 'tasklar' retrieved from /opt/airflow/dags/import_variable.py
[2026-03-21T17:35:15.921+0000] {logging_mixin.py:190} INFO - [2026-03-21T17:35:15.920+0000] {dag.py:3239} INFO - Sync 1 DAGs
[2026-03-21T17:35:15.972+0000] {logging_mixin.py:190} INFO - [2026-03-21T17:35:15.971+0000] {dag.py:4180} INFO - Setting next_dagrun for tasklar to 2026-03-19 23:30:00+00:00, run_after=2026-03-20 23:30:00+00:00
[2026-03-21T17:35:16.002+0000] {processor.py:208} INFO - Processing /opt/airflow/dags/import_variable.py took 0.173 seconds
[2026-03-21T17:35:46.658+0000] {processor.py:186} INFO - Started process (PID=26620) to work on /opt/airflow/dags/import_variable.py
[2026-03-21T17:35:46.668+0000] {processor.py:914} INFO - Processing file /opt/airflow/dags/import_variable.py for tasks to queue
[2026-03-21T17:35:46.671+0000] {logging_mixin.py:190} INFO - [2026-03-21T17:35:46.671+0000] {dagbag.py:588} INFO - Filling up the DagBag from /opt/airflow/dags/import_variable.py
[2026-03-21T17:35:46.692+0000] {processor.py:925} INFO - DAG(s) 'tasklar' retrieved from /opt/airflow/dags/import_variable.py
[2026-03-21T17:35:46.735+0000] {logging_mixin.py:190} INFO - [2026-03-21T17:35:46.734+0000] {dag.py:3239} INFO - Sync 1 DAGs
[2026-03-21T17:35:46.778+0000] {logging_mixin.py:190} INFO - [2026-03-21T17:35:46.778+0000] {dag.py:4180} INFO - Setting next_dagrun for tasklar to 2026-03-19 23:30:00+00:00, run_after=2026-03-20 23:30:00+00:00
[2026-03-21T17:35:46.809+0000] {processor.py:208} INFO - Processing /opt/airflow/dags/import_variable.py took 0.164 seconds
[2026-03-21T17:36:17.642+0000] {processor.py:186} INFO - Started process (PID=26661) to work on /opt/airflow/dags/import_variable.py
[2026-03-21T17:36:17.652+0000] {processor.py:914} INFO - Processing file /opt/airflow/dags/import_variable.py for tasks to queue
[2026-03-21T17:36:17.656+0000] {logging_mixin.py:190} INFO - [2026-03-21T17:36:17.655+0000] {dagbag.py:588} INFO - Filling up the DagBag from /opt/airflow/dags/import_variable.py
[2026-03-21T17:36:17.676+0000] {processor.py:925} INFO - DAG(s) 'tasklar' retrieved from /opt/airflow/dags/import_variable.py
[2026-03-21T17:36:17.723+0000] {logging_mixin.py:190} INFO - [2026-03-21T17:36:17.722+0000] {dag.py:3239} INFO - Sync 1 DAGs
[2026-03-21T17:36:17.771+0000] {logging_mixin.py:190} INFO - [2026-03-21T17:36:17.771+0000] {dag.py:4180} INFO - Setting next_dagrun for tasklar to 2026-03-19 23:30:00+00:00, run_after=2026-03-20 23:30:00+00:00
[2026-03-21T17:36:17.802+0000] {processor.py:208} INFO - Processing /opt/airflow/dags/import_variable.py took 0.173 seconds
[2026-03-21T17:36:48.676+0000] {processor.py:186} INFO - Started process (PID=26702) to work on /opt/airflow/dags/import_variable.py
[2026-03-21T17:36:48.686+0000] {processor.py:914} INFO - Processing file /opt/airflow/dags/import_variable.py for tasks to queue
[2026-03-21T17:36:48.691+0000] {logging_mixin.py:190} INFO - [2026-03-21T17:36:48.690+0000] {dagbag.py:588} INFO - Filling up the DagBag from /opt/airflow/dags/import_variable.py
[2026-03-21T17:36:48.713+0000] {processor.py:925} INFO - DAG(s) 'tasklar' retrieved from /opt/airflow/dags/import_variable.py
[2026-03-21T17:36:48.757+0000] {logging_mixin.py:190} INFO - [2026-03-21T17:36:48.757+0000] {dag.py:3239} INFO - Sync 1 DAGs
[2026-03-21T17:36:48.804+0000] {logging_mixin.py:190} INFO - [2026-03-21T17:36:48.804+0000] {dag.py:4180} INFO - Setting next_dagrun for tasklar to 2026-03-19 23:30:00+00:00, run_after=2026-03-20 23:30:00+00:00
[2026-03-21T17:36:48.842+0000] {processor.py:208} INFO - Processing /opt/airflow/dags/import_variable.py took 0.179 seconds
[2026-03-21T17:37:19.482+0000] {processor.py:186} INFO - Started process (PID=26743) to work on /opt/airflow/dags/import_variable.py
[2026-03-21T17:37:19.492+0000] {processor.py:914} INFO - Processing file /opt/airflow/dags/import_variable.py for tasks to queue
[2026-03-21T17:37:19.496+0000] {logging_mixin.py:190} INFO - [2026-03-21T17:37:19.495+0000] {dagbag.py:588} INFO - Filling up the DagBag from /opt/airflow/dags/import_variable.py
[2026-03-21T17:37:19.517+0000] {processor.py:925} INFO - DAG(s) 'tasklar' retrieved from /opt/airflow/dags/import_variable.py
[2026-03-21T17:37:19.569+0000] {logging_mixin.py:190} INFO - [2026-03-21T17:37:19.568+0000] {dag.py:3239} INFO - Sync 1 DAGs
[2026-03-21T17:37:19.616+0000] {logging_mixin.py:190} INFO - [2026-03-21T17:37:19.616+0000] {dag.py:4180} INFO - Setting next_dagrun for tasklar to 2026-03-19 23:30:00+00:00, run_after=2026-03-20 23:30:00+00:00
[2026-03-21T17:37:19.649+0000] {processor.py:208} INFO - Processing /opt/airflow/dags/import_variable.py took 0.179 seconds
[2026-03-21T17:37:50.456+0000] {processor.py:186} INFO - Started process (PID=26784) to work on /opt/airflow/dags/import_variable.py
[2026-03-21T17:37:50.466+0000] {processor.py:914} INFO - Processing file /opt/airflow/dags/import_variable.py for tasks to queue
[2026-03-21T17:37:50.470+0000] {logging_mixin.py:190} INFO - [2026-03-21T17:37:50.469+0000] {dagbag.py:588} INFO - Filling up the DagBag from /opt/airflow/dags/import_variable.py
[2026-03-21T17:37:50.492+0000] {processor.py:925} INFO - DAG(s) 'tasklar' retrieved from /opt/airflow/dags/import_variable.py
[2026-03-21T17:37:50.533+0000] {logging_mixin.py:190} INFO - [2026-03-21T17:37:50.532+0000] {dag.py:3239} INFO - Sync 1 DAGs
[2026-03-21T17:37:50.576+0000] {logging_mixin.py:190} INFO - [2026-03-21T17:37:50.576+0000] {dag.py:4180} INFO - Setting next_dagrun for tasklar to 2026-03-19 23:30:00+00:00, run_after=2026-03-20 23:30:00+00:00
[2026-03-21T17:37:50.608+0000] {processor.py:208} INFO - Processing /opt/airflow/dags/import_variable.py took 0.165 seconds
[2026-03-21T17:38:21.401+0000] {processor.py:186} INFO - Started process (PID=26831) to work on /opt/airflow/dags/import_variable.py
[2026-03-21T17:38:21.412+0000] {processor.py:914} INFO - Processing file /opt/airflow/dags/import_variable.py for tasks to queue
[2026-03-21T17:38:21.416+0000] {logging_mixin.py:190} INFO - [2026-03-21T17:38:21.415+0000] {dagbag.py:588} INFO - Filling up the DagBag from /opt/airflow/dags/import_variable.py
[2026-03-21T17:38:21.437+0000] {processor.py:925} INFO - DAG(s) 'tasklar' retrieved from /opt/airflow/dags/import_variable.py
[2026-03-21T17:38:21.480+0000] {logging_mixin.py:190} INFO - [2026-03-21T17:38:21.479+0000] {dag.py:3239} INFO - Sync 1 DAGs
[2026-03-21T17:38:21.526+0000] {logging_mixin.py:190} INFO - [2026-03-21T17:38:21.526+0000] {dag.py:4180} INFO - Setting next_dagrun for tasklar to 2026-03-19 23:30:00+00:00, run_after=2026-03-20 23:30:00+00:00
[2026-03-21T17:38:21.556+0000] {processor.py:208} INFO - Processing /opt/airflow/dags/import_variable.py took 0.168 seconds
[2026-03-21T17:38:52.375+0000] {processor.py:186} INFO - Started process (PID=26872) to work on /opt/airflow/dags/import_variable.py
[2026-03-21T17:38:52.377+0000] {processor.py:914} INFO - Processing file /opt/airflow/dags/import_variable.py for tasks to queue
[2026-03-21T17:38:52.383+0000] {logging_mixin.py:190} INFO - [2026-03-21T17:38:52.382+0000] {dagbag.py:588} INFO - Filling up the DagBag from /opt/airflow/dags/import_variable.py
[2026-03-21T17:38:52.417+0000] {processor.py:925} INFO - DAG(s) 'tasklar' retrieved from /opt/airflow/dags/import_variable.py
[2026-03-21T17:38:52.478+0000] {logging_mixin.py:190} INFO - [2026-03-21T17:38:52.477+0000] {dag.py:3239} INFO - Sync 1 DAGs
[2026-03-21T17:38:52.525+0000] {logging_mixin.py:190} INFO - [2026-03-21T17:38:52.524+0000] {dag.py:4180} INFO - Setting next_dagrun for tasklar to 2026-03-19 23:30:00+00:00, run_after=2026-03-20 23:30:00+00:00
[2026-03-21T17:38:52.559+0000] {processor.py:208} INFO - Processing /opt/airflow/dags/import_variable.py took 0.201 seconds
[2026-03-21T17:39:23.394+0000] {processor.py:186} INFO - Started process (PID=26913) to work on /opt/airflow/dags/import_variable.py
[2026-03-21T17:39:23.404+0000] {processor.py:914} INFO - Processing file /opt/airflow/dags/import_variable.py for tasks to queue
[2026-03-21T17:39:23.408+0000] {logging_mixin.py:190} INFO - [2026-03-21T17:39:23.407+0000] {dagbag.py:588} INFO - Filling up the DagBag from /opt/airflow/dags/import_variable.py
[2026-03-21T17:39:23.428+0000] {processor.py:925} INFO - DAG(s) 'tasklar' retrieved from /opt/airflow/dags/import_variable.py
[2026-03-21T17:39:23.481+0000] {logging_mixin.py:190} INFO - [2026-03-21T17:39:23.480+0000] {dag.py:3239} INFO - Sync 1 DAGs
[2026-03-21T17:39:23.526+0000] {logging_mixin.py:190} INFO - [2026-03-21T17:39:23.526+0000] {dag.py:4180} INFO - Setting next_dagrun for tasklar to 2026-03-19 23:30:00+00:00, run_after=2026-03-20 23:30:00+00:00
[2026-03-21T17:39:23.556+0000] {processor.py:208} INFO - Processing /opt/airflow/dags/import_variable.py took 0.173 seconds
[2026-03-21T17:39:54.213+0000] {processor.py:186} INFO - Started process (PID=26954) to work on /opt/airflow/dags/import_variable.py
[2026-03-21T17:39:54.223+0000] {processor.py:914} INFO - Processing file /opt/airflow/dags/import_variable.py for tasks to queue
[2026-03-21T17:39:54.228+0000] {logging_mixin.py:190} INFO - [2026-03-21T17:39:54.227+0000] {dagbag.py:588} INFO - Filling up the DagBag from /opt/airflow/dags/import_variable.py
[2026-03-21T17:39:54.250+0000] {processor.py:925} INFO - DAG(s) 'tasklar' retrieved from /opt/airflow/dags/import_variable.py
[2026-03-21T17:39:54.301+0000] {logging_mixin.py:190} INFO - [2026-03-21T17:39:54.300+0000] {dag.py:3239} INFO - Sync 1 DAGs
[2026-03-21T17:39:54.346+0000] {logging_mixin.py:190} INFO - [2026-03-21T17:39:54.346+0000] {dag.py:4180} INFO - Setting next_dagrun for tasklar to 2026-03-19 23:30:00+00:00, run_after=2026-03-20 23:30:00+00:00
[2026-03-21T17:39:54.379+0000] {processor.py:208} INFO - Processing /opt/airflow/dags/import_variable.py took 0.178 seconds
[2026-03-21T17:40:25.010+0000] {processor.py:186} INFO - Started process (PID=26995) to work on /opt/airflow/dags/import_variable.py
[2026-03-21T17:40:25.021+0000] {processor.py:914} INFO - Processing file /opt/airflow/dags/import_variable.py for tasks to queue
[2026-03-21T17:40:25.025+0000] {logging_mixin.py:190} INFO - [2026-03-21T17:40:25.024+0000] {dagbag.py:588} INFO - Filling up the DagBag from /opt/airflow/dags/import_variable.py
[2026-03-21T17:40:25.046+0000] {processor.py:925} INFO - DAG(s) 'tasklar' retrieved from /opt/airflow/dags/import_variable.py
[2026-03-21T17:40:25.089+0000] {logging_mixin.py:190} INFO - [2026-03-21T17:40:25.089+0000] {dag.py:3239} INFO - Sync 1 DAGs
[2026-03-21T17:40:25.135+0000] {logging_mixin.py:190} INFO - [2026-03-21T17:40:25.135+0000] {dag.py:4180} INFO - Setting next_dagrun for tasklar to 2026-03-19 23:30:00+00:00, run_after=2026-03-20 23:30:00+00:00
[2026-03-21T17:40:25.168+0000] {processor.py:208} INFO - Processing /opt/airflow/dags/import_variable.py took 0.170 seconds
[2026-03-21T17:40:55.991+0000] {processor.py:186} INFO - Started process (PID=27036) to work on /opt/airflow/dags/import_variable.py
[2026-03-21T17:40:55.992+0000] {processor.py:914} INFO - Processing file /opt/airflow/dags/import_variable.py for tasks to queue
[2026-03-21T17:40:55.997+0000] {logging_mixin.py:190} INFO - [2026-03-21T17:40:55.996+0000] {dagbag.py:588} INFO - Filling up the DagBag from /opt/airflow/dags/import_variable.py
[2026-03-21T17:40:56.021+0000] {processor.py:925} INFO - DAG(s) 'tasklar' retrieved from /opt/airflow/dags/import_variable.py
[2026-03-21T17:40:56.066+0000] {logging_mixin.py:190} INFO - [2026-03-21T17:40:56.065+0000] {dag.py:3239} INFO - Sync 1 DAGs
[2026-03-21T17:40:56.114+0000] {logging_mixin.py:190} INFO - [2026-03-21T17:40:56.113+0000] {dag.py:4180} INFO - Setting next_dagrun for tasklar to 2026-03-19 23:30:00+00:00, run_after=2026-03-20 23:30:00+00:00
[2026-03-21T17:40:56.146+0000] {processor.py:208} INFO - Processing /opt/airflow/dags/import_variable.py took 0.168 seconds
[2026-03-21T17:41:26.789+0000] {processor.py:186} INFO - Started process (PID=27077) to work on /opt/airflow/dags/import_variable.py
[2026-03-21T17:41:26.799+0000] {processor.py:914} INFO - Processing file /opt/airflow/dags/import_variable.py for tasks to queue
[2026-03-21T17:41:26.803+0000] {logging_mixin.py:190} INFO - [2026-03-21T17:41:26.802+0000] {dagbag.py:588} INFO - Filling up the DagBag from /opt/airflow/dags/import_variable.py
[2026-03-21T17:41:26.823+0000] {processor.py:925} INFO - DAG(s) 'tasklar' retrieved from /opt/airflow/dags/import_variable.py
[2026-03-21T17:41:26.866+0000] {logging_mixin.py:190} INFO - [2026-03-21T17:41:26.865+0000] {dag.py:3239} INFO - Sync 1 DAGs
[2026-03-21T17:41:26.914+0000] {logging_mixin.py:190} INFO - [2026-03-21T17:41:26.914+0000] {dag.py:4180} INFO - Setting next_dagrun for tasklar to 2026-03-19 23:30:00+00:00, run_after=2026-03-20 23:30:00+00:00
[2026-03-21T17:41:26.948+0000] {processor.py:208} INFO - Processing /opt/airflow/dags/import_variable.py took 0.173 seconds
[2026-03-21T17:41:57.600+0000] {processor.py:186} INFO - Started process (PID=27119) to work on /opt/airflow/dags/import_variable.py
[2026-03-21T17:41:57.610+0000] {processor.py:914} INFO - Processing file /opt/airflow/dags/import_variable.py for tasks to queue
[2026-03-21T17:41:57.614+0000] {logging_mixin.py:190} INFO - [2026-03-21T17:41:57.613+0000] {dagbag.py:588} INFO - Filling up the DagBag from /opt/airflow/dags/import_variable.py
[2026-03-21T17:41:57.634+0000] {processor.py:925} INFO - DAG(s) 'tasklar' retrieved from /opt/airflow/dags/import_variable.py
[2026-03-21T17:41:57.680+0000] {logging_mixin.py:190} INFO - [2026-03-21T17:41:57.679+0000] {dag.py:3239} INFO - Sync 1 DAGs
[2026-03-21T17:41:57.727+0000] {logging_mixin.py:190} INFO - [2026-03-21T17:41:57.727+0000] {dag.py:4180} INFO - Setting next_dagrun for tasklar to 2026-03-19 23:30:00+00:00, run_after=2026-03-20 23:30:00+00:00
[2026-03-21T17:41:57.758+0000] {processor.py:208} INFO - Processing /opt/airflow/dags/import_variable.py took 0.171 seconds
[2026-03-21T17:42:28.380+0000] {processor.py:186} INFO - Started process (PID=27160) to work on /opt/airflow/dags/import_variable.py
[2026-03-21T17:42:28.390+0000] {processor.py:914} INFO - Processing file /opt/airflow/dags/import_variable.py for tasks to queue
[2026-03-21T17:42:28.394+0000] {logging_mixin.py:190} INFO - [2026-03-21T17:42:28.393+0000] {dagbag.py:588} INFO - Filling up the DagBag from /opt/airflow/dags/import_variable.py
[2026-03-21T17:42:28.415+0000] {processor.py:925} INFO - DAG(s) 'tasklar' retrieved from /opt/airflow/dags/import_variable.py
[2026-03-21T17:42:28.455+0000] {logging_mixin.py:190} INFO - [2026-03-21T17:42:28.455+0000] {dag.py:3239} INFO - Sync 1 DAGs
[2026-03-21T17:42:28.503+0000] {logging_mixin.py:190} INFO - [2026-03-21T17:42:28.502+0000] {dag.py:4180} INFO - Setting next_dagrun for tasklar to 2026-03-19 23:30:00+00:00, run_after=2026-03-20 23:30:00+00:00
[2026-03-21T17:42:28.541+0000] {processor.py:208} INFO - Processing /opt/airflow/dags/import_variable.py took 0.175 seconds
[2026-03-21T17:42:59.176+0000] {processor.py:186} INFO - Started process (PID=27201) to work on /opt/airflow/dags/import_variable.py
[2026-03-21T17:42:59.187+0000] {processor.py:914} INFO - Processing file /opt/airflow/dags/import_variable.py for tasks to queue
[2026-03-21T17:42:59.192+0000] {logging_mixin.py:190} INFO - [2026-03-21T17:42:59.191+0000] {dagbag.py:588} INFO - Filling up the DagBag from /opt/airflow/dags/import_variable.py
[2026-03-21T17:42:59.218+0000] {processor.py:925} INFO - DAG(s) 'tasklar' retrieved from /opt/airflow/dags/import_variable.py
[2026-03-21T17:42:59.262+0000] {logging_mixin.py:190} INFO - [2026-03-21T17:42:59.262+0000] {dag.py:3239} INFO - Sync 1 DAGs
[2026-03-21T17:42:59.309+0000] {logging_mixin.py:190} INFO - [2026-03-21T17:42:59.308+0000] {dag.py:4180} INFO - Setting next_dagrun for tasklar to 2026-03-19 23:30:00+00:00, run_after=2026-03-20 23:30:00+00:00
[2026-03-21T17:42:59.353+0000] {processor.py:208} INFO - Processing /opt/airflow/dags/import_variable.py took 0.190 seconds
[2026-03-21T17:43:29.997+0000] {processor.py:186} INFO - Started process (PID=27242) to work on /opt/airflow/dags/import_variable.py
[2026-03-21T17:43:30.007+0000] {processor.py:914} INFO - Processing file /opt/airflow/dags/import_variable.py for tasks to queue
[2026-03-21T17:43:30.011+0000] {logging_mixin.py:190} INFO - [2026-03-21T17:43:30.010+0000] {dagbag.py:588} INFO - Filling up the DagBag from /opt/airflow/dags/import_variable.py
[2026-03-21T17:43:30.033+0000] {processor.py:925} INFO - DAG(s) 'tasklar' retrieved from /opt/airflow/dags/import_variable.py
[2026-03-21T17:43:30.076+0000] {logging_mixin.py:190} INFO - [2026-03-21T17:43:30.075+0000] {dag.py:3239} INFO - Sync 1 DAGs
[2026-03-21T17:43:30.124+0000] {logging_mixin.py:190} INFO - [2026-03-21T17:43:30.123+0000] {dag.py:4180} INFO - Setting next_dagrun for tasklar to 2026-03-19 23:30:00+00:00, run_after=2026-03-20 23:30:00+00:00
[2026-03-21T17:43:30.156+0000] {processor.py:208} INFO - Processing /opt/airflow/dags/import_variable.py took 0.172 seconds
[2026-03-21T17:44:00.783+0000] {processor.py:186} INFO - Started process (PID=27283) to work on /opt/airflow/dags/import_variable.py
[2026-03-21T17:44:00.794+0000] {processor.py:914} INFO - Processing file /opt/airflow/dags/import_variable.py for tasks to queue
[2026-03-21T17:44:00.798+0000] {logging_mixin.py:190} INFO - [2026-03-21T17:44:00.797+0000] {dagbag.py:588} INFO - Filling up the DagBag from /opt/airflow/dags/import_variable.py
[2026-03-21T17:44:00.819+0000] {processor.py:925} INFO - DAG(s) 'tasklar' retrieved from /opt/airflow/dags/import_variable.py
[2026-03-21T17:44:00.865+0000] {logging_mixin.py:190} INFO - [2026-03-21T17:44:00.865+0000] {dag.py:3239} INFO - Sync 1 DAGs
[2026-03-21T17:44:00.919+0000] {logging_mixin.py:190} INFO - [2026-03-21T17:44:00.919+0000] {dag.py:4180} INFO - Setting next_dagrun for tasklar to 2026-03-19 23:30:00+00:00, run_after=2026-03-20 23:30:00+00:00
[2026-03-21T17:44:00.959+0000] {processor.py:208} INFO - Processing /opt/airflow/dags/import_variable.py took 0.185 seconds
[2026-03-21T17:44:31.604+0000] {processor.py:186} INFO - Started process (PID=27324) to work on /opt/airflow/dags/import_variable.py
[2026-03-21T17:44:31.614+0000] {processor.py:914} INFO - Processing file /opt/airflow/dags/import_variable.py for tasks to queue
[2026-03-21T17:44:31.618+0000] {logging_mixin.py:190} INFO - [2026-03-21T17:44:31.617+0000] {dagbag.py:588} INFO - Filling up the DagBag from /opt/airflow/dags/import_variable.py
[2026-03-21T17:44:31.640+0000] {processor.py:925} INFO - DAG(s) 'tasklar' retrieved from /opt/airflow/dags/import_variable.py
[2026-03-21T17:44:31.684+0000] {logging_mixin.py:190} INFO - [2026-03-21T17:44:31.683+0000] {dag.py:3239} INFO - Sync 1 DAGs
[2026-03-21T17:44:31.733+0000] {logging_mixin.py:190} INFO - [2026-03-21T17:44:31.732+0000] {dag.py:4180} INFO - Setting next_dagrun for tasklar to 2026-03-19 23:30:00+00:00, run_after=2026-03-20 23:30:00+00:00
[2026-03-21T17:44:31.765+0000] {processor.py:208} INFO - Processing /opt/airflow/dags/import_variable.py took 0.175 seconds
[2026-03-21T17:45:02.445+0000] {processor.py:186} INFO - Started process (PID=27365) to work on /opt/airflow/dags/import_variable.py
[2026-03-21T17:45:02.455+0000] {processor.py:914} INFO - Processing file /opt/airflow/dags/import_variable.py for tasks to queue
[2026-03-21T17:45:02.459+0000] {logging_mixin.py:190} INFO - [2026-03-21T17:45:02.459+0000] {dagbag.py:588} INFO - Filling up the DagBag from /opt/airflow/dags/import_variable.py
[2026-03-21T17:45:02.481+0000] {processor.py:925} INFO - DAG(s) 'tasklar' retrieved from /opt/airflow/dags/import_variable.py
[2026-03-21T17:45:02.527+0000] {logging_mixin.py:190} INFO - [2026-03-21T17:45:02.526+0000] {dag.py:3239} INFO - Sync 1 DAGs
[2026-03-21T17:45:02.574+0000] {logging_mixin.py:190} INFO - [2026-03-21T17:45:02.573+0000] {dag.py:4180} INFO - Setting next_dagrun for tasklar to 2026-03-19 23:30:00+00:00, run_after=2026-03-20 23:30:00+00:00
[2026-03-21T17:45:02.607+0000] {processor.py:208} INFO - Processing /opt/airflow/dags/import_variable.py took 0.175 seconds
[2026-03-21T17:45:33.394+0000] {processor.py:186} INFO - Started process (PID=27406) to work on /opt/airflow/dags/import_variable.py
[2026-03-21T17:45:33.395+0000] {processor.py:914} INFO - Processing file /opt/airflow/dags/import_variable.py for tasks to queue
[2026-03-21T17:45:33.399+0000] {logging_mixin.py:190} INFO - [2026-03-21T17:45:33.398+0000] {dagbag.py:588} INFO - Filling up the DagBag from /opt/airflow/dags/import_variable.py
[2026-03-21T17:45:33.422+0000] {processor.py:925} INFO - DAG(s) 'tasklar' retrieved from /opt/airflow/dags/import_variable.py
[2026-03-21T17:45:33.469+0000] {logging_mixin.py:190} INFO - [2026-03-21T17:45:33.469+0000] {dag.py:3239} INFO - Sync 1 DAGs
[2026-03-21T17:45:33.516+0000] {logging_mixin.py:190} INFO - [2026-03-21T17:45:33.516+0000] {dag.py:4180} INFO - Setting next_dagrun for tasklar to 2026-03-19 23:30:00+00:00, run_after=2026-03-20 23:30:00+00:00
[2026-03-21T17:45:33.556+0000] {processor.py:208} INFO - Processing /opt/airflow/dags/import_variable.py took 0.175 seconds
[2026-03-21T17:46:04.218+0000] {processor.py:186} INFO - Started process (PID=27448) to work on /opt/airflow/dags/import_variable.py
[2026-03-21T17:46:04.229+0000] {processor.py:914} INFO - Processing file /opt/airflow/dags/import_variable.py for tasks to queue
[2026-03-21T17:46:04.233+0000] {logging_mixin.py:190} INFO - [2026-03-21T17:46:04.232+0000] {dagbag.py:588} INFO - Filling up the DagBag from /opt/airflow/dags/import_variable.py
[2026-03-21T17:46:04.256+0000] {processor.py:925} INFO - DAG(s) 'tasklar' retrieved from /opt/airflow/dags/import_variable.py
[2026-03-21T17:46:04.297+0000] {logging_mixin.py:190} INFO - [2026-03-21T17:46:04.297+0000] {dag.py:3239} INFO - Sync 1 DAGs
[2026-03-21T17:46:04.344+0000] {logging_mixin.py:190} INFO - [2026-03-21T17:46:04.344+0000] {dag.py:4180} INFO - Setting next_dagrun for tasklar to 2026-03-19 23:30:00+00:00, run_after=2026-03-20 23:30:00+00:00
[2026-03-21T17:46:04.384+0000] {processor.py:208} INFO - Processing /opt/airflow/dags/import_variable.py took 0.177 seconds
[2026-03-21T17:46:35.010+0000] {processor.py:186} INFO - Started process (PID=27489) to work on /opt/airflow/dags/import_variable.py
[2026-03-21T17:46:35.020+0000] {processor.py:914} INFO - Processing file /opt/airflow/dags/import_variable.py for tasks to queue
[2026-03-21T17:46:35.024+0000] {logging_mixin.py:190} INFO - [2026-03-21T17:46:35.024+0000] {dagbag.py:588} INFO - Filling up the DagBag from /opt/airflow/dags/import_variable.py
[2026-03-21T17:46:35.046+0000] {processor.py:925} INFO - DAG(s) 'tasklar' retrieved from /opt/airflow/dags/import_variable.py
[2026-03-21T17:46:35.092+0000] {logging_mixin.py:190} INFO - [2026-03-21T17:46:35.091+0000] {dag.py:3239} INFO - Sync 1 DAGs
[2026-03-21T17:46:35.140+0000] {logging_mixin.py:190} INFO - [2026-03-21T17:46:35.139+0000] {dag.py:4180} INFO - Setting next_dagrun for tasklar to 2026-03-19 23:30:00+00:00, run_after=2026-03-20 23:30:00+00:00
[2026-03-21T17:46:35.172+0000] {processor.py:208} INFO - Processing /opt/airflow/dags/import_variable.py took 0.173 seconds
[2026-03-21T17:47:05.977+0000] {processor.py:186} INFO - Started process (PID=27530) to work on /opt/airflow/dags/import_variable.py
[2026-03-21T17:47:05.987+0000] {processor.py:914} INFO - Processing file /opt/airflow/dags/import_variable.py for tasks to queue
[2026-03-21T17:47:05.991+0000] {logging_mixin.py:190} INFO - [2026-03-21T17:47:05.990+0000] {dagbag.py:588} INFO - Filling up the DagBag from /opt/airflow/dags/import_variable.py
[2026-03-21T17:47:06.012+0000] {processor.py:925} INFO - DAG(s) 'tasklar' retrieved from /opt/airflow/dags/import_variable.py
[2026-03-21T17:47:06.056+0000] {logging_mixin.py:190} INFO - [2026-03-21T17:47:06.055+0000] {dag.py:3239} INFO - Sync 1 DAGs
[2026-03-21T17:47:06.103+0000] {logging_mixin.py:190} INFO - [2026-03-21T17:47:06.102+0000] {dag.py:4180} INFO - Setting next_dagrun for tasklar to 2026-03-19 23:30:00+00:00, run_after=2026-03-20 23:30:00+00:00
[2026-03-21T17:47:06.137+0000] {processor.py:208} INFO - Processing /opt/airflow/dags/import_variable.py took 0.173 seconds
[2026-03-21T17:47:36.789+0000] {processor.py:186} INFO - Started process (PID=27571) to work on /opt/airflow/dags/import_variable.py
[2026-03-21T17:47:36.799+0000] {processor.py:914} INFO - Processing file /opt/airflow/dags/import_variable.py for tasks to queue
[2026-03-21T17:47:36.804+0000] {logging_mixin.py:190} INFO - [2026-03-21T17:47:36.803+0000] {dagbag.py:588} INFO - Filling up the DagBag from /opt/airflow/dags/import_variable.py
[2026-03-21T17:47:36.831+0000] {processor.py:925} INFO - DAG(s) 'tasklar' retrieved from /opt/airflow/dags/import_variable.py
[2026-03-21T17:47:36.877+0000] {logging_mixin.py:190} INFO - [2026-03-21T17:47:36.877+0000] {dag.py:3239} INFO - Sync 1 DAGs
[2026-03-21T17:47:36.925+0000] {logging_mixin.py:190} INFO - [2026-03-21T17:47:36.925+0000] {dag.py:4180} INFO - Setting next_dagrun for tasklar to 2026-03-19 23:30:00+00:00, run_after=2026-03-20 23:30:00+00:00
[2026-03-21T17:47:36.964+0000] {processor.py:208} INFO - Processing /opt/airflow/dags/import_variable.py took 0.189 seconds
[2026-03-21T17:48:07.694+0000] {processor.py:186} INFO - Started process (PID=27612) to work on /opt/airflow/dags/import_variable.py
[2026-03-21T17:48:07.695+0000] {processor.py:914} INFO - Processing file /opt/airflow/dags/import_variable.py for tasks to queue
[2026-03-21T17:48:07.700+0000] {logging_mixin.py:190} INFO - [2026-03-21T17:48:07.699+0000] {dagbag.py:588} INFO - Filling up the DagBag from /opt/airflow/dags/import_variable.py
[2026-03-21T17:48:07.724+0000] {processor.py:925} INFO - DAG(s) 'tasklar' retrieved from /opt/airflow/dags/import_variable.py
[2026-03-21T17:48:07.769+0000] {logging_mixin.py:190} INFO - [2026-03-21T17:48:07.768+0000] {dag.py:3239} INFO - Sync 1 DAGs
[2026-03-21T17:48:07.818+0000] {logging_mixin.py:190} INFO - [2026-03-21T17:48:07.818+0000] {dag.py:4180} INFO - Setting next_dagrun for tasklar to 2026-03-19 23:30:00+00:00, run_after=2026-03-20 23:30:00+00:00
[2026-03-21T17:48:07.851+0000] {processor.py:208} INFO - Processing /opt/airflow/dags/import_variable.py took 0.170 seconds
[2026-03-21T17:48:38.466+0000] {processor.py:186} INFO - Started process (PID=27653) to work on /opt/airflow/dags/import_variable.py
[2026-03-21T17:48:38.477+0000] {processor.py:914} INFO - Processing file /opt/airflow/dags/import_variable.py for tasks to queue
[2026-03-21T17:48:38.481+0000] {logging_mixin.py:190} INFO - [2026-03-21T17:48:38.480+0000] {dagbag.py:588} INFO - Filling up the DagBag from /opt/airflow/dags/import_variable.py
[2026-03-21T17:48:38.504+0000] {processor.py:925} INFO - DAG(s) 'tasklar' retrieved from /opt/airflow/dags/import_variable.py
[2026-03-21T17:48:38.554+0000] {logging_mixin.py:190} INFO - [2026-03-21T17:48:38.553+0000] {dag.py:3239} INFO - Sync 1 DAGs
[2026-03-21T17:48:38.602+0000] {logging_mixin.py:190} INFO - [2026-03-21T17:48:38.602+0000] {dag.py:4180} INFO - Setting next_dagrun for tasklar to 2026-03-19 23:30:00+00:00, run_after=2026-03-20 23:30:00+00:00
[2026-03-21T17:48:38.638+0000] {processor.py:208} INFO - Processing /opt/airflow/dags/import_variable.py took 0.185 seconds
[2026-03-21T19:03:22.961+0000] {processor.py:186} INFO - Started process (PID=27686) to work on /opt/airflow/dags/import_variable.py
[2026-03-21T19:03:22.963+0000] {processor.py:914} INFO - Processing file /opt/airflow/dags/import_variable.py for tasks to queue
[2026-03-21T19:03:22.968+0000] {logging_mixin.py:190} INFO - [2026-03-21T19:03:22.967+0000] {dagbag.py:588} INFO - Filling up the DagBag from /opt/airflow/dags/import_variable.py
[2026-03-21T19:03:22.995+0000] {processor.py:925} INFO - DAG(s) 'tasklar' retrieved from /opt/airflow/dags/import_variable.py
[2026-03-21T19:03:23.035+0000] {logging_mixin.py:190} INFO - [2026-03-21T19:03:23.034+0000] {dag.py:3239} INFO - Sync 1 DAGs
[2026-03-21T19:03:23.080+0000] {logging_mixin.py:190} INFO - [2026-03-21T19:03:23.079+0000] {dag.py:4180} INFO - Setting next_dagrun for tasklar to 2026-03-19 23:30:00+00:00, run_after=2026-03-20 23:30:00+00:00
[2026-03-21T19:03:23.112+0000] {processor.py:208} INFO - Processing /opt/airflow/dags/import_variable.py took 0.165 seconds
[2026-03-21T19:03:53.790+0000] {processor.py:186} INFO - Started process (PID=27727) to work on /opt/airflow/dags/import_variable.py
[2026-03-21T19:03:53.791+0000] {processor.py:914} INFO - Processing file /opt/airflow/dags/import_variable.py for tasks to queue
[2026-03-21T19:03:53.795+0000] {logging_mixin.py:190} INFO - [2026-03-21T19:03:53.794+0000] {dagbag.py:588} INFO - Filling up the DagBag from /opt/airflow/dags/import_variable.py
[2026-03-21T19:03:53.813+0000] {processor.py:925} INFO - DAG(s) 'tasklar' retrieved from /opt/airflow/dags/import_variable.py
[2026-03-21T19:03:53.843+0000] {logging_mixin.py:190} INFO - [2026-03-21T19:03:53.843+0000] {dag.py:3239} INFO - Sync 1 DAGs
[2026-03-21T19:03:53.879+0000] {logging_mixin.py:190} INFO - [2026-03-21T19:03:53.878+0000] {dag.py:4180} INFO - Setting next_dagrun for tasklar to 2026-03-19 23:30:00+00:00, run_after=2026-03-20 23:30:00+00:00
[2026-03-21T19:03:53.900+0000] {processor.py:208} INFO - Processing /opt/airflow/dags/import_variable.py took 0.119 seconds
[2026-03-21T19:04:24.577+0000] {processor.py:186} INFO - Started process (PID=27768) to work on /opt/airflow/dags/import_variable.py
[2026-03-21T19:04:24.578+0000] {processor.py:914} INFO - Processing file /opt/airflow/dags/import_variable.py for tasks to queue
[2026-03-21T19:04:24.580+0000] {logging_mixin.py:190} INFO - [2026-03-21T19:04:24.580+0000] {dagbag.py:588} INFO - Filling up the DagBag from /opt/airflow/dags/import_variable.py
[2026-03-21T19:04:24.595+0000] {processor.py:925} INFO - DAG(s) 'tasklar' retrieved from /opt/airflow/dags/import_variable.py
[2026-03-21T19:04:24.623+0000] {logging_mixin.py:190} INFO - [2026-03-21T19:04:24.623+0000] {dag.py:3239} INFO - Sync 1 DAGs
[2026-03-21T19:04:24.653+0000] {logging_mixin.py:190} INFO - [2026-03-21T19:04:24.653+0000] {dag.py:4180} INFO - Setting next_dagrun for tasklar to 2026-03-19 23:30:00+00:00, run_after=2026-03-20 23:30:00+00:00
[2026-03-21T19:04:24.674+0000] {processor.py:208} INFO - Processing /opt/airflow/dags/import_variable.py took 0.107 seconds
[2026-03-21T19:04:55.286+0000] {processor.py:186} INFO - Started process (PID=27811) to work on /opt/airflow/dags/import_variable.py
[2026-03-21T19:04:55.287+0000] {processor.py:914} INFO - Processing file /opt/airflow/dags/import_variable.py for tasks to queue
[2026-03-21T19:04:55.289+0000] {logging_mixin.py:190} INFO - [2026-03-21T19:04:55.289+0000] {dagbag.py:588} INFO - Filling up the DagBag from /opt/airflow/dags/import_variable.py
[2026-03-21T19:04:55.303+0000] {processor.py:925} INFO - DAG(s) 'tasklar' retrieved from /opt/airflow/dags/import_variable.py
[2026-03-21T19:04:55.337+0000] {logging_mixin.py:190} INFO - [2026-03-21T19:04:55.336+0000] {dag.py:3239} INFO - Sync 1 DAGs
[2026-03-21T19:04:55.369+0000] {logging_mixin.py:190} INFO - [2026-03-21T19:04:55.368+0000] {dag.py:4180} INFO - Setting next_dagrun for tasklar to 2026-03-19 23:30:00+00:00, run_after=2026-03-20 23:30:00+00:00
[2026-03-21T19:04:55.391+0000] {processor.py:208} INFO - Processing /opt/airflow/dags/import_variable.py took 0.116 seconds
[2026-03-21T19:05:26.037+0000] {processor.py:186} INFO - Started process (PID=27852) to work on /opt/airflow/dags/import_variable.py
[2026-03-21T19:05:26.038+0000] {processor.py:914} INFO - Processing file /opt/airflow/dags/import_variable.py for tasks to queue
[2026-03-21T19:05:26.041+0000] {logging_mixin.py:190} INFO - [2026-03-21T19:05:26.040+0000] {dagbag.py:588} INFO - Filling up the DagBag from /opt/airflow/dags/import_variable.py
[2026-03-21T19:05:26.058+0000] {processor.py:925} INFO - DAG(s) 'tasklar' retrieved from /opt/airflow/dags/import_variable.py
[2026-03-21T19:05:26.090+0000] {logging_mixin.py:190} INFO - [2026-03-21T19:05:26.090+0000] {dag.py:3239} INFO - Sync 1 DAGs
[2026-03-21T19:05:26.127+0000] {logging_mixin.py:190} INFO - [2026-03-21T19:05:26.126+0000] {dag.py:4180} INFO - Setting next_dagrun for tasklar to 2026-03-19 23:30:00+00:00, run_after=2026-03-20 23:30:00+00:00
[2026-03-21T19:05:26.151+0000] {processor.py:208} INFO - Processing /opt/airflow/dags/import_variable.py took 0.122 seconds
[2026-03-21T19:05:56.969+0000] {processor.py:186} INFO - Started process (PID=27894) to work on /opt/airflow/dags/import_variable.py
[2026-03-21T19:05:56.971+0000] {processor.py:914} INFO - Processing file /opt/airflow/dags/import_variable.py for tasks to queue
[2026-03-21T19:05:56.975+0000] {logging_mixin.py:190} INFO - [2026-03-21T19:05:56.974+0000] {dagbag.py:588} INFO - Filling up the DagBag from /opt/airflow/dags/import_variable.py
[2026-03-21T19:05:57.000+0000] {processor.py:925} INFO - DAG(s) 'tasklar' retrieved from /opt/airflow/dags/import_variable.py
[2026-03-21T19:05:57.046+0000] {logging_mixin.py:190} INFO - [2026-03-21T19:05:57.046+0000] {dag.py:3239} INFO - Sync 1 DAGs
[2026-03-21T19:05:57.111+0000] {logging_mixin.py:190} INFO - [2026-03-21T19:05:57.111+0000] {dag.py:4180} INFO - Setting next_dagrun for tasklar to 2026-03-19 23:30:00+00:00, run_after=2026-03-20 23:30:00+00:00
[2026-03-21T19:05:57.152+0000] {processor.py:208} INFO - Processing /opt/airflow/dags/import_variable.py took 0.197 seconds
[2026-03-21T19:06:27.830+0000] {processor.py:186} INFO - Started process (PID=27935) to work on /opt/airflow/dags/import_variable.py
[2026-03-21T19:06:27.831+0000] {processor.py:914} INFO - Processing file /opt/airflow/dags/import_variable.py for tasks to queue
[2026-03-21T19:06:27.834+0000] {logging_mixin.py:190} INFO - [2026-03-21T19:06:27.834+0000] {dagbag.py:588} INFO - Filling up the DagBag from /opt/airflow/dags/import_variable.py
[2026-03-21T19:06:27.851+0000] {processor.py:925} INFO - DAG(s) 'tasklar' retrieved from /opt/airflow/dags/import_variable.py
[2026-03-21T19:06:27.889+0000] {logging_mixin.py:190} INFO - [2026-03-21T19:06:27.889+0000] {dag.py:3239} INFO - Sync 1 DAGs
[2026-03-21T19:06:27.934+0000] {logging_mixin.py:190} INFO - [2026-03-21T19:06:27.933+0000] {dag.py:4180} INFO - Setting next_dagrun for tasklar to 2026-03-19 23:30:00+00:00, run_after=2026-03-20 23:30:00+00:00
[2026-03-21T19:06:27.961+0000] {processor.py:208} INFO - Processing /opt/airflow/dags/import_variable.py took 0.138 seconds
[2026-03-21T19:06:58.495+0000] {processor.py:186} INFO - Started process (PID=27976) to work on /opt/airflow/dags/import_variable.py
[2026-03-21T19:06:58.496+0000] {processor.py:914} INFO - Processing file /opt/airflow/dags/import_variable.py for tasks to queue
[2026-03-21T19:06:58.500+0000] {logging_mixin.py:190} INFO - [2026-03-21T19:06:58.499+0000] {dagbag.py:588} INFO - Filling up the DagBag from /opt/airflow/dags/import_variable.py
[2026-03-21T19:06:58.522+0000] {processor.py:925} INFO - DAG(s) 'tasklar' retrieved from /opt/airflow/dags/import_variable.py
[2026-03-21T19:06:58.559+0000] {logging_mixin.py:190} INFO - [2026-03-21T19:06:58.559+0000] {dag.py:3239} INFO - Sync 1 DAGs
[2026-03-21T19:06:58.601+0000] {logging_mixin.py:190} INFO - [2026-03-21T19:06:58.601+0000] {dag.py:4180} INFO - Setting next_dagrun for tasklar to 2026-03-19 23:30:00+00:00, run_after=2026-03-20 23:30:00+00:00
[2026-03-21T19:06:58.628+0000] {processor.py:208} INFO - Processing /opt/airflow/dags/import_variable.py took 0.143 seconds
[2026-03-21T19:07:29.323+0000] {processor.py:186} INFO - Started process (PID=28016) to work on /opt/airflow/dags/import_variable.py
[2026-03-21T19:07:29.324+0000] {processor.py:914} INFO - Processing file /opt/airflow/dags/import_variable.py for tasks to queue
[2026-03-21T19:07:29.328+0000] {logging_mixin.py:190} INFO - [2026-03-21T19:07:29.327+0000] {dagbag.py:588} INFO - Filling up the DagBag from /opt/airflow/dags/import_variable.py
[2026-03-21T19:07:29.351+0000] {processor.py:925} INFO - DAG(s) 'tasklar' retrieved from /opt/airflow/dags/import_variable.py
[2026-03-21T19:07:29.385+0000] {logging_mixin.py:190} INFO - [2026-03-21T19:07:29.385+0000] {dag.py:3239} INFO - Sync 1 DAGs
[2026-03-21T19:07:29.429+0000] {logging_mixin.py:190} INFO - [2026-03-21T19:07:29.428+0000] {dag.py:4180} INFO - Setting next_dagrun for tasklar to 2026-03-19 23:30:00+00:00, run_after=2026-03-20 23:30:00+00:00
[2026-03-21T19:07:29.459+0000] {processor.py:208} INFO - Processing /opt/airflow/dags/import_variable.py took 0.149 seconds
[2026-03-21T19:08:00.163+0000] {processor.py:186} INFO - Started process (PID=28058) to work on /opt/airflow/dags/import_variable.py
[2026-03-21T19:08:00.165+0000] {processor.py:914} INFO - Processing file /opt/airflow/dags/import_variable.py for tasks to queue
[2026-03-21T19:08:00.169+0000] {logging_mixin.py:190} INFO - [2026-03-21T19:08:00.168+0000] {dagbag.py:588} INFO - Filling up the DagBag from /opt/airflow/dags/import_variable.py
[2026-03-21T19:08:00.188+0000] {processor.py:925} INFO - DAG(s) 'tasklar' retrieved from /opt/airflow/dags/import_variable.py
[2026-03-21T19:08:00.230+0000] {logging_mixin.py:190} INFO - [2026-03-21T19:08:00.230+0000] {dag.py:3239} INFO - Sync 1 DAGs
[2026-03-21T19:08:00.278+0000] {logging_mixin.py:190} INFO - [2026-03-21T19:08:00.278+0000] {dag.py:4180} INFO - Setting next_dagrun for tasklar to 2026-03-19 23:30:00+00:00, run_after=2026-03-20 23:30:00+00:00
[2026-03-21T19:08:00.308+0000] {processor.py:208} INFO - Processing /opt/airflow/dags/import_variable.py took 0.156 seconds
[2026-03-21T19:08:31.178+0000] {processor.py:186} INFO - Started process (PID=28099) to work on /opt/airflow/dags/import_variable.py
[2026-03-21T19:08:31.179+0000] {processor.py:914} INFO - Processing file /opt/airflow/dags/import_variable.py for tasks to queue
[2026-03-21T19:08:31.183+0000] {logging_mixin.py:190} INFO - [2026-03-21T19:08:31.182+0000] {dagbag.py:588} INFO - Filling up the DagBag from /opt/airflow/dags/import_variable.py
[2026-03-21T19:08:31.197+0000] {processor.py:925} INFO - DAG(s) 'tasklar' retrieved from /opt/airflow/dags/import_variable.py
[2026-03-21T19:08:31.235+0000] {logging_mixin.py:190} INFO - [2026-03-21T19:08:31.234+0000] {dag.py:3239} INFO - Sync 1 DAGs
[2026-03-21T19:08:31.462+0000] {logging_mixin.py:190} INFO - [2026-03-21T19:08:31.462+0000] {dag.py:4180} INFO - Setting next_dagrun for tasklar to 2026-03-19 23:30:00+00:00, run_after=2026-03-20 23:30:00+00:00
[2026-03-21T19:08:31.492+0000] {processor.py:208} INFO - Processing /opt/airflow/dags/import_variable.py took 0.323 seconds
[2026-03-21T19:09:02.464+0000] {processor.py:186} INFO - Started process (PID=28140) to work on /opt/airflow/dags/import_variable.py
[2026-03-21T19:09:02.465+0000] {processor.py:914} INFO - Processing file /opt/airflow/dags/import_variable.py for tasks to queue
[2026-03-21T19:09:02.469+0000] {logging_mixin.py:190} INFO - [2026-03-21T19:09:02.468+0000] {dagbag.py:588} INFO - Filling up the DagBag from /opt/airflow/dags/import_variable.py
[2026-03-21T19:09:02.495+0000] {processor.py:925} INFO - DAG(s) 'tasklar' retrieved from /opt/airflow/dags/import_variable.py
[2026-03-21T19:09:02.548+0000] {logging_mixin.py:190} INFO - [2026-03-21T19:09:02.547+0000] {dag.py:3239} INFO - Sync 1 DAGs
[2026-03-21T19:09:02.603+0000] {logging_mixin.py:190} INFO - [2026-03-21T19:09:02.602+0000] {dag.py:4180} INFO - Setting next_dagrun for tasklar to 2026-03-19 23:30:00+00:00, run_after=2026-03-20 23:30:00+00:00
[2026-03-21T19:09:02.639+0000] {processor.py:208} INFO - Processing /opt/airflow/dags/import_variable.py took 0.187 seconds
[2026-03-21T19:09:33.182+0000] {processor.py:186} INFO - Started process (PID=28187) to work on /opt/airflow/dags/import_variable.py
[2026-03-21T19:09:33.193+0000] {processor.py:914} INFO - Processing file /opt/airflow/dags/import_variable.py for tasks to queue
[2026-03-21T19:09:33.201+0000] {logging_mixin.py:190} INFO - [2026-03-21T19:09:33.200+0000] {dagbag.py:588} INFO - Filling up the DagBag from /opt/airflow/dags/import_variable.py
[2026-03-21T19:09:33.221+0000] {processor.py:925} INFO - DAG(s) 'tasklar' retrieved from /opt/airflow/dags/import_variable.py
[2026-03-21T19:09:33.273+0000] {logging_mixin.py:190} INFO - [2026-03-21T19:09:33.273+0000] {dag.py:3239} INFO - Sync 1 DAGs
[2026-03-21T19:09:33.336+0000] {logging_mixin.py:190} INFO - [2026-03-21T19:09:33.335+0000] {dag.py:4180} INFO - Setting next_dagrun for tasklar to 2026-03-19 23:30:00+00:00, run_after=2026-03-20 23:30:00+00:00
[2026-03-21T19:09:33.377+0000] {processor.py:208} INFO - Processing /opt/airflow/dags/import_variable.py took 0.206 seconds
[2026-03-21T19:10:04.200+0000] {processor.py:186} INFO - Started process (PID=28228) to work on /opt/airflow/dags/import_variable.py
[2026-03-21T19:10:04.201+0000] {processor.py:914} INFO - Processing file /opt/airflow/dags/import_variable.py for tasks to queue
[2026-03-21T19:10:04.203+0000] {logging_mixin.py:190} INFO - [2026-03-21T19:10:04.203+0000] {dagbag.py:588} INFO - Filling up the DagBag from /opt/airflow/dags/import_variable.py
[2026-03-21T19:10:04.218+0000] {processor.py:925} INFO - DAG(s) 'tasklar' retrieved from /opt/airflow/dags/import_variable.py
[2026-03-21T19:10:04.253+0000] {logging_mixin.py:190} INFO - [2026-03-21T19:10:04.253+0000] {dag.py:3239} INFO - Sync 1 DAGs
[2026-03-21T19:10:04.476+0000] {logging_mixin.py:190} INFO - [2026-03-21T19:10:04.476+0000] {dag.py:4180} INFO - Setting next_dagrun for tasklar to 2026-03-19 23:30:00+00:00, run_after=2026-03-20 23:30:00+00:00
[2026-03-21T19:10:04.508+0000] {processor.py:208} INFO - Processing /opt/airflow/dags/import_variable.py took 0.315 seconds
[2026-03-21T19:10:35.157+0000] {processor.py:186} INFO - Started process (PID=28269) to work on /opt/airflow/dags/import_variable.py
[2026-03-21T19:10:35.158+0000] {processor.py:914} INFO - Processing file /opt/airflow/dags/import_variable.py for tasks to queue
[2026-03-21T19:10:35.162+0000] {logging_mixin.py:190} INFO - [2026-03-21T19:10:35.162+0000] {dagbag.py:588} INFO - Filling up the DagBag from /opt/airflow/dags/import_variable.py
[2026-03-21T19:10:35.181+0000] {processor.py:925} INFO - DAG(s) 'tasklar' retrieved from /opt/airflow/dags/import_variable.py
[2026-03-21T19:10:35.216+0000] {logging_mixin.py:190} INFO - [2026-03-21T19:10:35.216+0000] {dag.py:3239} INFO - Sync 1 DAGs
[2026-03-21T19:10:35.249+0000] {logging_mixin.py:190} INFO - [2026-03-21T19:10:35.249+0000] {dag.py:4180} INFO - Setting next_dagrun for tasklar to 2026-03-19 23:30:00+00:00, run_after=2026-03-20 23:30:00+00:00
[2026-03-21T19:10:35.275+0000] {processor.py:208} INFO - Processing /opt/airflow/dags/import_variable.py took 0.127 seconds
[2026-03-21T19:11:05.804+0000] {processor.py:186} INFO - Started process (PID=28310) to work on /opt/airflow/dags/import_variable.py
[2026-03-21T19:11:05.814+0000] {processor.py:914} INFO - Processing file /opt/airflow/dags/import_variable.py for tasks to queue
[2026-03-21T19:11:05.818+0000] {logging_mixin.py:190} INFO - [2026-03-21T19:11:05.817+0000] {dagbag.py:588} INFO - Filling up the DagBag from /opt/airflow/dags/import_variable.py
[2026-03-21T19:11:05.834+0000] {processor.py:925} INFO - DAG(s) 'tasklar' retrieved from /opt/airflow/dags/import_variable.py
[2026-03-21T19:11:05.869+0000] {logging_mixin.py:190} INFO - [2026-03-21T19:11:05.869+0000] {dag.py:3239} INFO - Sync 1 DAGs
[2026-03-21T19:11:05.905+0000] {logging_mixin.py:190} INFO - [2026-03-21T19:11:05.905+0000] {dag.py:4180} INFO - Setting next_dagrun for tasklar to 2026-03-19 23:30:00+00:00, run_after=2026-03-20 23:30:00+00:00
[2026-03-21T19:11:05.934+0000] {processor.py:208} INFO - Processing /opt/airflow/dags/import_variable.py took 0.141 seconds
[2026-03-21T19:11:36.682+0000] {processor.py:186} INFO - Started process (PID=28351) to work on /opt/airflow/dags/import_variable.py
[2026-03-21T19:11:36.692+0000] {processor.py:914} INFO - Processing file /opt/airflow/dags/import_variable.py for tasks to queue
[2026-03-21T19:11:36.697+0000] {logging_mixin.py:190} INFO - [2026-03-21T19:11:36.696+0000] {dagbag.py:588} INFO - Filling up the DagBag from /opt/airflow/dags/import_variable.py
[2026-03-21T19:11:36.717+0000] {processor.py:925} INFO - DAG(s) 'tasklar' retrieved from /opt/airflow/dags/import_variable.py
[2026-03-21T19:11:36.761+0000] {logging_mixin.py:190} INFO - [2026-03-21T19:11:36.761+0000] {dag.py:3239} INFO - Sync 1 DAGs
[2026-03-21T19:11:36.977+0000] {logging_mixin.py:190} INFO - [2026-03-21T19:11:36.976+0000] {dag.py:4180} INFO - Setting next_dagrun for tasklar to 2026-03-19 23:30:00+00:00, run_after=2026-03-20 23:30:00+00:00
[2026-03-21T19:11:37.002+0000] {processor.py:208} INFO - Processing /opt/airflow/dags/import_variable.py took 0.329 seconds
[2026-03-21T19:12:07.356+0000] {processor.py:186} INFO - Started process (PID=28392) to work on /opt/airflow/dags/import_variable.py
[2026-03-21T19:12:07.366+0000] {processor.py:914} INFO - Processing file /opt/airflow/dags/import_variable.py for tasks to queue
[2026-03-21T19:12:07.370+0000] {logging_mixin.py:190} INFO - [2026-03-21T19:12:07.369+0000] {dagbag.py:588} INFO - Filling up the DagBag from /opt/airflow/dags/import_variable.py
[2026-03-21T19:12:07.388+0000] {processor.py:925} INFO - DAG(s) 'tasklar' retrieved from /opt/airflow/dags/import_variable.py
[2026-03-21T19:12:07.424+0000] {logging_mixin.py:190} INFO - [2026-03-21T19:12:07.424+0000] {dag.py:3239} INFO - Sync 1 DAGs
[2026-03-21T19:12:07.466+0000] {logging_mixin.py:190} INFO - [2026-03-21T19:12:07.466+0000] {dag.py:4180} INFO - Setting next_dagrun for tasklar to 2026-03-19 23:30:00+00:00, run_after=2026-03-20 23:30:00+00:00
[2026-03-21T19:12:07.496+0000] {processor.py:208} INFO - Processing /opt/airflow/dags/import_variable.py took 0.148 seconds
[2026-03-21T19:12:38.154+0000] {processor.py:186} INFO - Started process (PID=28433) to work on /opt/airflow/dags/import_variable.py
[2026-03-21T19:12:38.165+0000] {processor.py:914} INFO - Processing file /opt/airflow/dags/import_variable.py for tasks to queue
[2026-03-21T19:12:38.169+0000] {logging_mixin.py:190} INFO - [2026-03-21T19:12:38.169+0000] {dagbag.py:588} INFO - Filling up the DagBag from /opt/airflow/dags/import_variable.py
[2026-03-21T19:12:38.188+0000] {processor.py:925} INFO - DAG(s) 'tasklar' retrieved from /opt/airflow/dags/import_variable.py
[2026-03-21T19:12:38.225+0000] {logging_mixin.py:190} INFO - [2026-03-21T19:12:38.224+0000] {dag.py:3239} INFO - Sync 1 DAGs
[2026-03-21T19:12:38.264+0000] {logging_mixin.py:190} INFO - [2026-03-21T19:12:38.263+0000] {dag.py:4180} INFO - Setting next_dagrun for tasklar to 2026-03-19 23:30:00+00:00, run_after=2026-03-20 23:30:00+00:00
[2026-03-21T19:12:38.293+0000] {processor.py:208} INFO - Processing /opt/airflow/dags/import_variable.py took 0.148 seconds
[2026-03-21T19:13:08.923+0000] {processor.py:186} INFO - Started process (PID=28474) to work on /opt/airflow/dags/import_variable.py
[2026-03-21T19:13:08.933+0000] {processor.py:914} INFO - Processing file /opt/airflow/dags/import_variable.py for tasks to queue
[2026-03-21T19:13:08.939+0000] {logging_mixin.py:190} INFO - [2026-03-21T19:13:08.938+0000] {dagbag.py:588} INFO - Filling up the DagBag from /opt/airflow/dags/import_variable.py
[2026-03-21T19:13:08.959+0000] {processor.py:925} INFO - DAG(s) 'tasklar' retrieved from /opt/airflow/dags/import_variable.py
[2026-03-21T19:13:08.997+0000] {logging_mixin.py:190} INFO - [2026-03-21T19:13:08.997+0000] {dag.py:3239} INFO - Sync 1 DAGs
[2026-03-21T19:13:09.257+0000] {logging_mixin.py:190} INFO - [2026-03-21T19:13:09.256+0000] {dag.py:4180} INFO - Setting next_dagrun for tasklar to 2026-03-19 23:30:00+00:00, run_after=2026-03-20 23:30:00+00:00
[2026-03-21T19:13:09.281+0000] {processor.py:208} INFO - Processing /opt/airflow/dags/import_variable.py took 0.366 seconds
[2026-03-21T19:13:39.567+0000] {processor.py:186} INFO - Started process (PID=28515) to work on /opt/airflow/dags/import_variable.py
[2026-03-21T19:13:39.577+0000] {processor.py:914} INFO - Processing file /opt/airflow/dags/import_variable.py for tasks to queue
[2026-03-21T19:13:39.580+0000] {logging_mixin.py:190} INFO - [2026-03-21T19:13:39.580+0000] {dagbag.py:588} INFO - Filling up the DagBag from /opt/airflow/dags/import_variable.py
[2026-03-21T19:13:39.600+0000] {processor.py:925} INFO - DAG(s) 'tasklar' retrieved from /opt/airflow/dags/import_variable.py
[2026-03-21T19:13:39.637+0000] {logging_mixin.py:190} INFO - [2026-03-21T19:13:39.637+0000] {dag.py:3239} INFO - Sync 1 DAGs
[2026-03-21T19:13:39.676+0000] {logging_mixin.py:190} INFO - [2026-03-21T19:13:39.676+0000] {dag.py:4180} INFO - Setting next_dagrun for tasklar to 2026-03-19 23:30:00+00:00, run_after=2026-03-20 23:30:00+00:00
[2026-03-21T19:13:39.702+0000] {processor.py:208} INFO - Processing /opt/airflow/dags/import_variable.py took 0.142 seconds
[2026-03-21T19:14:10.328+0000] {processor.py:186} INFO - Started process (PID=28556) to work on /opt/airflow/dags/import_variable.py
[2026-03-21T19:14:10.329+0000] {processor.py:914} INFO - Processing file /opt/airflow/dags/import_variable.py for tasks to queue
[2026-03-21T19:14:10.332+0000] {logging_mixin.py:190} INFO - [2026-03-21T19:14:10.332+0000] {dagbag.py:588} INFO - Filling up the DagBag from /opt/airflow/dags/import_variable.py
[2026-03-21T19:14:10.350+0000] {processor.py:925} INFO - DAG(s) 'tasklar' retrieved from /opt/airflow/dags/import_variable.py
[2026-03-21T19:14:10.389+0000] {logging_mixin.py:190} INFO - [2026-03-21T19:14:10.389+0000] {dag.py:3239} INFO - Sync 1 DAGs
[2026-03-21T19:14:10.438+0000] {logging_mixin.py:190} INFO - [2026-03-21T19:14:10.437+0000] {dag.py:4180} INFO - Setting next_dagrun for tasklar to 2026-03-19 23:30:00+00:00, run_after=2026-03-20 23:30:00+00:00
[2026-03-21T19:14:10.471+0000] {processor.py:208} INFO - Processing /opt/airflow/dags/import_variable.py took 0.152 seconds
[2026-03-21T19:14:41.056+0000] {processor.py:186} INFO - Started process (PID=28597) to work on /opt/airflow/dags/import_variable.py
[2026-03-21T19:14:41.057+0000] {processor.py:914} INFO - Processing file /opt/airflow/dags/import_variable.py for tasks to queue
[2026-03-21T19:14:41.061+0000] {logging_mixin.py:190} INFO - [2026-03-21T19:14:41.061+0000] {dagbag.py:588} INFO - Filling up the DagBag from /opt/airflow/dags/import_variable.py
[2026-03-21T19:14:41.079+0000] {processor.py:925} INFO - DAG(s) 'tasklar' retrieved from /opt/airflow/dags/import_variable.py
[2026-03-21T19:14:41.116+0000] {logging_mixin.py:190} INFO - [2026-03-21T19:14:41.115+0000] {dag.py:3239} INFO - Sync 1 DAGs
[2026-03-21T19:14:41.375+0000] {logging_mixin.py:190} INFO - [2026-03-21T19:14:41.373+0000] {dag.py:4180} INFO - Setting next_dagrun for tasklar to 2026-03-19 23:30:00+00:00, run_after=2026-03-20 23:30:00+00:00
[2026-03-21T19:14:41.414+0000] {processor.py:208} INFO - Processing /opt/airflow/dags/import_variable.py took 0.367 seconds
[2026-03-21T19:15:11.821+0000] {processor.py:186} INFO - Started process (PID=28638) to work on /opt/airflow/dags/import_variable.py
[2026-03-21T19:15:11.831+0000] {processor.py:914} INFO - Processing file /opt/airflow/dags/import_variable.py for tasks to queue
[2026-03-21T19:15:11.835+0000] {logging_mixin.py:190} INFO - [2026-03-21T19:15:11.834+0000] {dagbag.py:588} INFO - Filling up the DagBag from /opt/airflow/dags/import_variable.py
[2026-03-21T19:15:11.850+0000] {processor.py:925} INFO - DAG(s) 'tasklar' retrieved from /opt/airflow/dags/import_variable.py
[2026-03-21T19:15:12.062+0000] {logging_mixin.py:190} INFO - [2026-03-21T19:15:12.062+0000] {dag.py:3239} INFO - Sync 1 DAGs
[2026-03-21T19:15:12.093+0000] {logging_mixin.py:190} INFO - [2026-03-21T19:15:12.093+0000] {dag.py:4180} INFO - Setting next_dagrun for tasklar to 2026-03-19 23:30:00+00:00, run_after=2026-03-20 23:30:00+00:00
[2026-03-21T19:15:12.115+0000] {processor.py:208} INFO - Processing /opt/airflow/dags/import_variable.py took 0.300 seconds
[2026-03-21T19:15:42.630+0000] {processor.py:186} INFO - Started process (PID=28679) to work on /opt/airflow/dags/import_variable.py
[2026-03-21T19:15:42.640+0000] {processor.py:914} INFO - Processing file /opt/airflow/dags/import_variable.py for tasks to queue
[2026-03-21T19:15:42.643+0000] {logging_mixin.py:190} INFO - [2026-03-21T19:15:42.643+0000] {dagbag.py:588} INFO - Filling up the DagBag from /opt/airflow/dags/import_variable.py
[2026-03-21T19:15:42.658+0000] {processor.py:925} INFO - DAG(s) 'tasklar' retrieved from /opt/airflow/dags/import_variable.py
[2026-03-21T19:15:42.689+0000] {logging_mixin.py:190} INFO - [2026-03-21T19:15:42.689+0000] {dag.py:3239} INFO - Sync 1 DAGs
[2026-03-21T19:15:42.719+0000] {logging_mixin.py:190} INFO - [2026-03-21T19:15:42.719+0000] {dag.py:4180} INFO - Setting next_dagrun for tasklar to 2026-03-19 23:30:00+00:00, run_after=2026-03-20 23:30:00+00:00
[2026-03-21T19:15:42.748+0000] {processor.py:208} INFO - Processing /opt/airflow/dags/import_variable.py took 0.124 seconds
[2026-03-21T19:16:13.261+0000] {processor.py:186} INFO - Started process (PID=28720) to work on /opt/airflow/dags/import_variable.py
[2026-03-21T19:16:13.271+0000] {processor.py:914} INFO - Processing file /opt/airflow/dags/import_variable.py for tasks to queue
[2026-03-21T19:16:13.275+0000] {logging_mixin.py:190} INFO - [2026-03-21T19:16:13.274+0000] {dagbag.py:588} INFO - Filling up the DagBag from /opt/airflow/dags/import_variable.py
[2026-03-21T19:16:13.290+0000] {processor.py:925} INFO - DAG(s) 'tasklar' retrieved from /opt/airflow/dags/import_variable.py
[2026-03-21T19:16:13.323+0000] {logging_mixin.py:190} INFO - [2026-03-21T19:16:13.323+0000] {dag.py:3239} INFO - Sync 1 DAGs
[2026-03-21T19:16:13.358+0000] {logging_mixin.py:190} INFO - [2026-03-21T19:16:13.358+0000] {dag.py:4180} INFO - Setting next_dagrun for tasklar to 2026-03-19 23:30:00+00:00, run_after=2026-03-20 23:30:00+00:00
[2026-03-21T19:16:13.384+0000] {processor.py:208} INFO - Processing /opt/airflow/dags/import_variable.py took 0.129 seconds
[2026-03-21T19:16:44.027+0000] {processor.py:186} INFO - Started process (PID=28761) to work on /opt/airflow/dags/import_variable.py
[2026-03-21T19:16:44.037+0000] {processor.py:914} INFO - Processing file /opt/airflow/dags/import_variable.py for tasks to queue
[2026-03-21T19:16:44.041+0000] {logging_mixin.py:190} INFO - [2026-03-21T19:16:44.041+0000] {dagbag.py:588} INFO - Filling up the DagBag from /opt/airflow/dags/import_variable.py
[2026-03-21T19:16:44.058+0000] {processor.py:925} INFO - DAG(s) 'tasklar' retrieved from /opt/airflow/dags/import_variable.py
[2026-03-21T19:16:44.096+0000] {logging_mixin.py:190} INFO - [2026-03-21T19:16:44.096+0000] {dag.py:3239} INFO - Sync 1 DAGs
[2026-03-21T19:16:44.129+0000] {logging_mixin.py:190} INFO - [2026-03-21T19:16:44.129+0000] {dag.py:4180} INFO - Setting next_dagrun for tasklar to 2026-03-19 23:30:00+00:00, run_after=2026-03-20 23:30:00+00:00
[2026-03-21T19:16:44.156+0000] {processor.py:208} INFO - Processing /opt/airflow/dags/import_variable.py took 0.139 seconds
[2026-03-21T19:17:14.797+0000] {processor.py:186} INFO - Started process (PID=28802) to work on /opt/airflow/dags/import_variable.py
[2026-03-21T19:17:14.806+0000] {processor.py:914} INFO - Processing file /opt/airflow/dags/import_variable.py for tasks to queue
[2026-03-21T19:17:14.810+0000] {logging_mixin.py:190} INFO - [2026-03-21T19:17:14.809+0000] {dagbag.py:588} INFO - Filling up the DagBag from /opt/airflow/dags/import_variable.py
[2026-03-21T19:17:14.824+0000] {processor.py:925} INFO - DAG(s) 'tasklar' retrieved from /opt/airflow/dags/import_variable.py
[2026-03-21T19:17:14.859+0000] {logging_mixin.py:190} INFO - [2026-03-21T19:17:14.859+0000] {dag.py:3239} INFO - Sync 1 DAGs
[2026-03-21T19:17:14.894+0000] {logging_mixin.py:190} INFO - [2026-03-21T19:17:14.894+0000] {dag.py:4180} INFO - Setting next_dagrun for tasklar to 2026-03-19 23:30:00+00:00, run_after=2026-03-20 23:30:00+00:00
[2026-03-21T19:17:14.918+0000] {processor.py:208} INFO - Processing /opt/airflow/dags/import_variable.py took 0.129 seconds
[2026-03-21T19:17:45.424+0000] {processor.py:186} INFO - Started process (PID=28843) to work on /opt/airflow/dags/import_variable.py
[2026-03-21T19:17:45.434+0000] {processor.py:914} INFO - Processing file /opt/airflow/dags/import_variable.py for tasks to queue
[2026-03-21T19:17:45.438+0000] {logging_mixin.py:190} INFO - [2026-03-21T19:17:45.437+0000] {dagbag.py:588} INFO - Filling up the DagBag from /opt/airflow/dags/import_variable.py
[2026-03-21T19:17:45.452+0000] {processor.py:925} INFO - DAG(s) 'tasklar' retrieved from /opt/airflow/dags/import_variable.py
[2026-03-21T19:17:45.485+0000] {logging_mixin.py:190} INFO - [2026-03-21T19:17:45.485+0000] {dag.py:3239} INFO - Sync 1 DAGs
[2026-03-21T19:17:45.521+0000] {logging_mixin.py:190} INFO - [2026-03-21T19:17:45.520+0000] {dag.py:4180} INFO - Setting next_dagrun for tasklar to 2026-03-19 23:30:00+00:00, run_after=2026-03-20 23:30:00+00:00
[2026-03-21T19:17:45.545+0000] {processor.py:208} INFO - Processing /opt/airflow/dags/import_variable.py took 0.127 seconds
[2026-03-21T19:18:16.151+0000] {processor.py:186} INFO - Started process (PID=28884) to work on /opt/airflow/dags/import_variable.py
[2026-03-21T19:18:16.161+0000] {processor.py:914} INFO - Processing file /opt/airflow/dags/import_variable.py for tasks to queue
[2026-03-21T19:18:16.165+0000] {logging_mixin.py:190} INFO - [2026-03-21T19:18:16.164+0000] {dagbag.py:588} INFO - Filling up the DagBag from /opt/airflow/dags/import_variable.py
[2026-03-21T19:18:16.178+0000] {processor.py:925} INFO - DAG(s) 'tasklar' retrieved from /opt/airflow/dags/import_variable.py
[2026-03-21T19:18:16.208+0000] {logging_mixin.py:190} INFO - [2026-03-21T19:18:16.208+0000] {dag.py:3239} INFO - Sync 1 DAGs
[2026-03-21T19:18:16.237+0000] {logging_mixin.py:190} INFO - [2026-03-21T19:18:16.237+0000] {dag.py:4180} INFO - Setting next_dagrun for tasklar to 2026-03-19 23:30:00+00:00, run_after=2026-03-20 23:30:00+00:00
[2026-03-21T19:18:16.263+0000] {processor.py:208} INFO - Processing /opt/airflow/dags/import_variable.py took 0.119 seconds
[2026-03-21T19:18:46.859+0000] {processor.py:186} INFO - Started process (PID=28925) to work on /opt/airflow/dags/import_variable.py
[2026-03-21T19:18:46.869+0000] {processor.py:914} INFO - Processing file /opt/airflow/dags/import_variable.py for tasks to queue
[2026-03-21T19:18:46.873+0000] {logging_mixin.py:190} INFO - [2026-03-21T19:18:46.872+0000] {dagbag.py:588} INFO - Filling up the DagBag from /opt/airflow/dags/import_variable.py
[2026-03-21T19:18:46.892+0000] {processor.py:925} INFO - DAG(s) 'tasklar' retrieved from /opt/airflow/dags/import_variable.py
[2026-03-21T19:18:46.928+0000] {logging_mixin.py:190} INFO - [2026-03-21T19:18:46.928+0000] {dag.py:3239} INFO - Sync 1 DAGs
[2026-03-21T19:18:46.963+0000] {logging_mixin.py:190} INFO - [2026-03-21T19:18:46.962+0000] {dag.py:4180} INFO - Setting next_dagrun for tasklar to 2026-03-19 23:30:00+00:00, run_after=2026-03-20 23:30:00+00:00
[2026-03-21T19:18:46.991+0000] {processor.py:208} INFO - Processing /opt/airflow/dags/import_variable.py took 0.139 seconds
[2026-03-21T19:19:17.621+0000] {processor.py:186} INFO - Started process (PID=28966) to work on /opt/airflow/dags/import_variable.py
[2026-03-21T19:19:17.622+0000] {processor.py:914} INFO - Processing file /opt/airflow/dags/import_variable.py for tasks to queue
[2026-03-21T19:19:17.625+0000] {logging_mixin.py:190} INFO - [2026-03-21T19:19:17.624+0000] {dagbag.py:588} INFO - Filling up the DagBag from /opt/airflow/dags/import_variable.py
[2026-03-21T19:19:17.638+0000] {processor.py:925} INFO - DAG(s) 'tasklar' retrieved from /opt/airflow/dags/import_variable.py
[2026-03-21T19:19:17.674+0000] {logging_mixin.py:190} INFO - [2026-03-21T19:19:17.674+0000] {dag.py:3239} INFO - Sync 1 DAGs
[2026-03-21T19:19:17.714+0000] {logging_mixin.py:190} INFO - [2026-03-21T19:19:17.714+0000] {dag.py:4180} INFO - Setting next_dagrun for tasklar to 2026-03-19 23:30:00+00:00, run_after=2026-03-20 23:30:00+00:00
[2026-03-21T19:19:17.740+0000] {processor.py:208} INFO - Processing /opt/airflow/dags/import_variable.py took 0.129 seconds
[2026-03-21T19:19:48.391+0000] {processor.py:186} INFO - Started process (PID=29008) to work on /opt/airflow/dags/import_variable.py
[2026-03-21T19:19:48.401+0000] {processor.py:914} INFO - Processing file /opt/airflow/dags/import_variable.py for tasks to queue
[2026-03-21T19:19:48.405+0000] {logging_mixin.py:190} INFO - [2026-03-21T19:19:48.404+0000] {dagbag.py:588} INFO - Filling up the DagBag from /opt/airflow/dags/import_variable.py
[2026-03-21T19:19:48.420+0000] {processor.py:925} INFO - DAG(s) 'tasklar' retrieved from /opt/airflow/dags/import_variable.py
[2026-03-21T19:19:48.453+0000] {logging_mixin.py:190} INFO - [2026-03-21T19:19:48.453+0000] {dag.py:3239} INFO - Sync 1 DAGs
[2026-03-21T19:19:48.486+0000] {logging_mixin.py:190} INFO - [2026-03-21T19:19:48.486+0000] {dag.py:4180} INFO - Setting next_dagrun for tasklar to 2026-03-19 23:30:00+00:00, run_after=2026-03-20 23:30:00+00:00
[2026-03-21T19:19:48.510+0000] {processor.py:208} INFO - Processing /opt/airflow/dags/import_variable.py took 0.129 seconds
[2026-03-21T19:20:19.166+0000] {processor.py:186} INFO - Started process (PID=29049) to work on /opt/airflow/dags/import_variable.py
[2026-03-21T19:20:19.175+0000] {processor.py:914} INFO - Processing file /opt/airflow/dags/import_variable.py for tasks to queue
[2026-03-21T19:20:19.178+0000] {logging_mixin.py:190} INFO - [2026-03-21T19:20:19.178+0000] {dagbag.py:588} INFO - Filling up the DagBag from /opt/airflow/dags/import_variable.py
[2026-03-21T19:20:19.192+0000] {processor.py:925} INFO - DAG(s) 'tasklar' retrieved from /opt/airflow/dags/import_variable.py
[2026-03-21T19:20:19.223+0000] {logging_mixin.py:190} INFO - [2026-03-21T19:20:19.223+0000] {dag.py:3239} INFO - Sync 1 DAGs
[2026-03-21T19:20:19.259+0000] {logging_mixin.py:190} INFO - [2026-03-21T19:20:19.259+0000] {dag.py:4180} INFO - Setting next_dagrun for tasklar to 2026-03-19 23:30:00+00:00, run_after=2026-03-20 23:30:00+00:00
[2026-03-21T19:20:19.287+0000] {processor.py:208} INFO - Processing /opt/airflow/dags/import_variable.py took 0.128 seconds
[2026-03-21T19:20:49.954+0000] {processor.py:186} INFO - Started process (PID=29090) to work on /opt/airflow/dags/import_variable.py
[2026-03-21T19:20:49.959+0000] {processor.py:914} INFO - Processing file /opt/airflow/dags/import_variable.py for tasks to queue
[2026-03-21T19:20:49.963+0000] {logging_mixin.py:190} INFO - [2026-03-21T19:20:49.962+0000] {dagbag.py:588} INFO - Filling up the DagBag from /opt/airflow/dags/import_variable.py
[2026-03-21T19:20:49.980+0000] {processor.py:925} INFO - DAG(s) 'tasklar' retrieved from /opt/airflow/dags/import_variable.py
[2026-03-21T19:20:50.028+0000] {logging_mixin.py:190} INFO - [2026-03-21T19:20:50.027+0000] {dag.py:3239} INFO - Sync 1 DAGs
[2026-03-21T19:20:50.080+0000] {logging_mixin.py:190} INFO - [2026-03-21T19:20:50.079+0000] {dag.py:4180} INFO - Setting next_dagrun for tasklar to 2026-03-19 23:30:00+00:00, run_after=2026-03-20 23:30:00+00:00
[2026-03-21T19:20:50.122+0000] {processor.py:208} INFO - Processing /opt/airflow/dags/import_variable.py took 0.175 seconds
[2026-03-21T19:21:20.637+0000] {processor.py:186} INFO - Started process (PID=29131) to work on /opt/airflow/dags/import_variable.py
[2026-03-21T19:21:20.647+0000] {processor.py:914} INFO - Processing file /opt/airflow/dags/import_variable.py for tasks to queue
[2026-03-21T19:21:20.651+0000] {logging_mixin.py:190} INFO - [2026-03-21T19:21:20.651+0000] {dagbag.py:588} INFO - Filling up the DagBag from /opt/airflow/dags/import_variable.py
[2026-03-21T19:21:20.665+0000] {processor.py:925} INFO - DAG(s) 'tasklar' retrieved from /opt/airflow/dags/import_variable.py
[2026-03-21T19:21:20.693+0000] {logging_mixin.py:190} INFO - [2026-03-21T19:21:20.692+0000] {dag.py:3239} INFO - Sync 1 DAGs
[2026-03-21T19:21:20.724+0000] {logging_mixin.py:190} INFO - [2026-03-21T19:21:20.724+0000] {dag.py:4180} INFO - Setting next_dagrun for tasklar to 2026-03-19 23:30:00+00:00, run_after=2026-03-20 23:30:00+00:00
[2026-03-21T19:21:20.750+0000] {processor.py:208} INFO - Processing /opt/airflow/dags/import_variable.py took 0.123 seconds
[2026-03-21T19:21:51.281+0000] {processor.py:186} INFO - Started process (PID=29172) to work on /opt/airflow/dags/import_variable.py
[2026-03-21T19:21:51.291+0000] {processor.py:914} INFO - Processing file /opt/airflow/dags/import_variable.py for tasks to queue
[2026-03-21T19:21:51.294+0000] {logging_mixin.py:190} INFO - [2026-03-21T19:21:51.294+0000] {dagbag.py:588} INFO - Filling up the DagBag from /opt/airflow/dags/import_variable.py
[2026-03-21T19:21:51.309+0000] {processor.py:925} INFO - DAG(s) 'tasklar' retrieved from /opt/airflow/dags/import_variable.py
[2026-03-21T19:21:51.339+0000] {logging_mixin.py:190} INFO - [2026-03-21T19:21:51.339+0000] {dag.py:3239} INFO - Sync 1 DAGs
[2026-03-21T19:21:51.373+0000] {logging_mixin.py:190} INFO - [2026-03-21T19:21:51.373+0000] {dag.py:4180} INFO - Setting next_dagrun for tasklar to 2026-03-19 23:30:00+00:00, run_after=2026-03-20 23:30:00+00:00
[2026-03-21T19:21:51.400+0000] {processor.py:208} INFO - Processing /opt/airflow/dags/import_variable.py took 0.127 seconds
[2026-03-21T19:22:22.038+0000] {processor.py:186} INFO - Started process (PID=29213) to work on /opt/airflow/dags/import_variable.py
[2026-03-21T19:22:22.049+0000] {processor.py:914} INFO - Processing file /opt/airflow/dags/import_variable.py for tasks to queue
[2026-03-21T19:22:22.052+0000] {logging_mixin.py:190} INFO - [2026-03-21T19:22:22.052+0000] {dagbag.py:588} INFO - Filling up the DagBag from /opt/airflow/dags/import_variable.py
[2026-03-21T19:22:22.067+0000] {processor.py:925} INFO - DAG(s) 'tasklar' retrieved from /opt/airflow/dags/import_variable.py
[2026-03-21T19:22:22.098+0000] {logging_mixin.py:190} INFO - [2026-03-21T19:22:22.098+0000] {dag.py:3239} INFO - Sync 1 DAGs
[2026-03-21T19:22:22.134+0000] {logging_mixin.py:190} INFO - [2026-03-21T19:22:22.134+0000] {dag.py:4180} INFO - Setting next_dagrun for tasklar to 2026-03-19 23:30:00+00:00, run_after=2026-03-20 23:30:00+00:00
[2026-03-21T19:22:22.161+0000] {processor.py:208} INFO - Processing /opt/airflow/dags/import_variable.py took 0.129 seconds
[2026-03-21T19:22:52.686+0000] {processor.py:186} INFO - Started process (PID=29254) to work on /opt/airflow/dags/import_variable.py
[2026-03-21T19:22:52.696+0000] {processor.py:914} INFO - Processing file /opt/airflow/dags/import_variable.py for tasks to queue
[2026-03-21T19:22:52.700+0000] {logging_mixin.py:190} INFO - [2026-03-21T19:22:52.699+0000] {dagbag.py:588} INFO - Filling up the DagBag from /opt/airflow/dags/import_variable.py
[2026-03-21T19:22:52.715+0000] {processor.py:925} INFO - DAG(s) 'tasklar' retrieved from /opt/airflow/dags/import_variable.py
[2026-03-21T19:22:52.747+0000] {logging_mixin.py:190} INFO - [2026-03-21T19:22:52.747+0000] {dag.py:3239} INFO - Sync 1 DAGs
[2026-03-21T19:22:52.781+0000] {logging_mixin.py:190} INFO - [2026-03-21T19:22:52.781+0000] {dag.py:4180} INFO - Setting next_dagrun for tasklar to 2026-03-19 23:30:00+00:00, run_after=2026-03-20 23:30:00+00:00
[2026-03-21T19:22:52.806+0000] {processor.py:208} INFO - Processing /opt/airflow/dags/import_variable.py took 0.127 seconds
[2026-03-21T19:23:23.468+0000] {processor.py:186} INFO - Started process (PID=29295) to work on /opt/airflow/dags/import_variable.py
[2026-03-21T19:23:23.479+0000] {processor.py:914} INFO - Processing file /opt/airflow/dags/import_variable.py for tasks to queue
[2026-03-21T19:23:23.483+0000] {logging_mixin.py:190} INFO - [2026-03-21T19:23:23.483+0000] {dagbag.py:588} INFO - Filling up the DagBag from /opt/airflow/dags/import_variable.py
[2026-03-21T19:23:23.497+0000] {processor.py:925} INFO - DAG(s) 'tasklar' retrieved from /opt/airflow/dags/import_variable.py
[2026-03-21T19:23:23.530+0000] {logging_mixin.py:190} INFO - [2026-03-21T19:23:23.530+0000] {dag.py:3239} INFO - Sync 1 DAGs
[2026-03-21T19:23:23.564+0000] {logging_mixin.py:190} INFO - [2026-03-21T19:23:23.563+0000] {dag.py:4180} INFO - Setting next_dagrun for tasklar to 2026-03-19 23:30:00+00:00, run_after=2026-03-20 23:30:00+00:00
[2026-03-21T19:23:23.589+0000] {processor.py:208} INFO - Processing /opt/airflow/dags/import_variable.py took 0.129 seconds
[2026-03-21T19:23:54.227+0000] {processor.py:186} INFO - Started process (PID=29337) to work on /opt/airflow/dags/import_variable.py
[2026-03-21T19:23:54.229+0000] {processor.py:914} INFO - Processing file /opt/airflow/dags/import_variable.py for tasks to queue
[2026-03-21T19:23:54.232+0000] {logging_mixin.py:190} INFO - [2026-03-21T19:23:54.232+0000] {dagbag.py:588} INFO - Filling up the DagBag from /opt/airflow/dags/import_variable.py
[2026-03-21T19:23:54.246+0000] {processor.py:925} INFO - DAG(s) 'tasklar' retrieved from /opt/airflow/dags/import_variable.py
[2026-03-21T19:23:54.278+0000] {logging_mixin.py:190} INFO - [2026-03-21T19:23:54.277+0000] {dag.py:3239} INFO - Sync 1 DAGs
[2026-03-21T19:23:54.313+0000] {logging_mixin.py:190} INFO - [2026-03-21T19:23:54.313+0000] {dag.py:4180} INFO - Setting next_dagrun for tasklar to 2026-03-19 23:30:00+00:00, run_after=2026-03-20 23:30:00+00:00
[2026-03-21T19:23:54.338+0000] {processor.py:208} INFO - Processing /opt/airflow/dags/import_variable.py took 0.119 seconds
[2026-03-21T19:24:24.976+0000] {processor.py:186} INFO - Started process (PID=29378) to work on /opt/airflow/dags/import_variable.py
[2026-03-21T19:24:24.986+0000] {processor.py:914} INFO - Processing file /opt/airflow/dags/import_variable.py for tasks to queue
[2026-03-21T19:24:24.990+0000] {logging_mixin.py:190} INFO - [2026-03-21T19:24:24.990+0000] {dagbag.py:588} INFO - Filling up the DagBag from /opt/airflow/dags/import_variable.py
[2026-03-21T19:24:25.006+0000] {processor.py:925} INFO - DAG(s) 'tasklar' retrieved from /opt/airflow/dags/import_variable.py
[2026-03-21T19:24:25.042+0000] {logging_mixin.py:190} INFO - [2026-03-21T19:24:25.042+0000] {dag.py:3239} INFO - Sync 1 DAGs
[2026-03-21T19:24:25.077+0000] {logging_mixin.py:190} INFO - [2026-03-21T19:24:25.076+0000] {dag.py:4180} INFO - Setting next_dagrun for tasklar to 2026-03-19 23:30:00+00:00, run_after=2026-03-20 23:30:00+00:00
[2026-03-21T19:24:25.101+0000] {processor.py:208} INFO - Processing /opt/airflow/dags/import_variable.py took 0.132 seconds
[2026-03-21T19:24:55.761+0000] {processor.py:186} INFO - Started process (PID=29419) to work on /opt/airflow/dags/import_variable.py
[2026-03-21T19:24:55.772+0000] {processor.py:914} INFO - Processing file /opt/airflow/dags/import_variable.py for tasks to queue
[2026-03-21T19:24:55.775+0000] {logging_mixin.py:190} INFO - [2026-03-21T19:24:55.775+0000] {dagbag.py:588} INFO - Filling up the DagBag from /opt/airflow/dags/import_variable.py
[2026-03-21T19:24:55.788+0000] {processor.py:925} INFO - DAG(s) 'tasklar' retrieved from /opt/airflow/dags/import_variable.py
[2026-03-21T19:24:55.823+0000] {logging_mixin.py:190} INFO - [2026-03-21T19:24:55.822+0000] {dag.py:3239} INFO - Sync 1 DAGs
[2026-03-21T19:24:55.861+0000] {logging_mixin.py:190} INFO - [2026-03-21T19:24:55.861+0000] {dag.py:4180} INFO - Setting next_dagrun for tasklar to 2026-03-19 23:30:00+00:00, run_after=2026-03-20 23:30:00+00:00
[2026-03-21T19:24:55.890+0000] {processor.py:208} INFO - Processing /opt/airflow/dags/import_variable.py took 0.136 seconds
[2026-03-21T19:25:26.543+0000] {processor.py:186} INFO - Started process (PID=29460) to work on /opt/airflow/dags/import_variable.py
[2026-03-21T19:25:26.544+0000] {processor.py:914} INFO - Processing file /opt/airflow/dags/import_variable.py for tasks to queue
[2026-03-21T19:25:26.546+0000] {logging_mixin.py:190} INFO - [2026-03-21T19:25:26.546+0000] {dagbag.py:588} INFO - Filling up the DagBag from /opt/airflow/dags/import_variable.py
[2026-03-21T19:25:26.559+0000] {processor.py:925} INFO - DAG(s) 'tasklar' retrieved from /opt/airflow/dags/import_variable.py
[2026-03-21T19:25:26.588+0000] {logging_mixin.py:190} INFO - [2026-03-21T19:25:26.588+0000] {dag.py:3239} INFO - Sync 1 DAGs
[2026-03-21T19:25:26.622+0000] {logging_mixin.py:190} INFO - [2026-03-21T19:25:26.621+0000] {dag.py:4180} INFO - Setting next_dagrun for tasklar to 2026-03-19 23:30:00+00:00, run_after=2026-03-20 23:30:00+00:00
[2026-03-21T19:25:26.644+0000] {processor.py:208} INFO - Processing /opt/airflow/dags/import_variable.py took 0.110 seconds
[2026-03-21T19:25:57.287+0000] {processor.py:186} INFO - Started process (PID=29501) to work on /opt/airflow/dags/import_variable.py
[2026-03-21T19:25:57.297+0000] {processor.py:914} INFO - Processing file /opt/airflow/dags/import_variable.py for tasks to queue
[2026-03-21T19:25:57.301+0000] {logging_mixin.py:190} INFO - [2026-03-21T19:25:57.300+0000] {dagbag.py:588} INFO - Filling up the DagBag from /opt/airflow/dags/import_variable.py
[2026-03-21T19:25:57.317+0000] {processor.py:925} INFO - DAG(s) 'tasklar' retrieved from /opt/airflow/dags/import_variable.py
[2026-03-21T19:25:57.347+0000] {logging_mixin.py:190} INFO - [2026-03-21T19:25:57.347+0000] {dag.py:3239} INFO - Sync 1 DAGs
[2026-03-21T19:25:57.379+0000] {logging_mixin.py:190} INFO - [2026-03-21T19:25:57.378+0000] {dag.py:4180} INFO - Setting next_dagrun for tasklar to 2026-03-19 23:30:00+00:00, run_after=2026-03-20 23:30:00+00:00
[2026-03-21T19:25:57.401+0000] {processor.py:208} INFO - Processing /opt/airflow/dags/import_variable.py took 0.120 seconds
[2026-03-21T19:26:27.926+0000] {processor.py:186} INFO - Started process (PID=29542) to work on /opt/airflow/dags/import_variable.py
[2026-03-21T19:26:27.936+0000] {processor.py:914} INFO - Processing file /opt/airflow/dags/import_variable.py for tasks to queue
[2026-03-21T19:26:27.939+0000] {logging_mixin.py:190} INFO - [2026-03-21T19:26:27.939+0000] {dagbag.py:588} INFO - Filling up the DagBag from /opt/airflow/dags/import_variable.py
[2026-03-21T19:26:27.956+0000] {processor.py:925} INFO - DAG(s) 'tasklar' retrieved from /opt/airflow/dags/import_variable.py
[2026-03-21T19:26:27.986+0000] {logging_mixin.py:190} INFO - [2026-03-21T19:26:27.986+0000] {dag.py:3239} INFO - Sync 1 DAGs
[2026-03-21T19:26:28.021+0000] {logging_mixin.py:190} INFO - [2026-03-21T19:26:28.020+0000] {dag.py:4180} INFO - Setting next_dagrun for tasklar to 2026-03-19 23:30:00+00:00, run_after=2026-03-20 23:30:00+00:00
[2026-03-21T19:26:28.046+0000] {processor.py:208} INFO - Processing /opt/airflow/dags/import_variable.py took 0.128 seconds
[2026-03-21T19:26:58.672+0000] {processor.py:186} INFO - Started process (PID=29583) to work on /opt/airflow/dags/import_variable.py
[2026-03-21T19:26:58.682+0000] {processor.py:914} INFO - Processing file /opt/airflow/dags/import_variable.py for tasks to queue
[2026-03-21T19:26:58.688+0000] {logging_mixin.py:190} INFO - [2026-03-21T19:26:58.687+0000] {dagbag.py:588} INFO - Filling up the DagBag from /opt/airflow/dags/import_variable.py
[2026-03-21T19:26:58.711+0000] {processor.py:925} INFO - DAG(s) 'tasklar' retrieved from /opt/airflow/dags/import_variable.py
[2026-03-21T19:26:58.760+0000] {logging_mixin.py:190} INFO - [2026-03-21T19:26:58.760+0000] {dag.py:3239} INFO - Sync 1 DAGs
[2026-03-21T19:26:58.811+0000] {logging_mixin.py:190} INFO - [2026-03-21T19:26:58.811+0000] {dag.py:4180} INFO - Setting next_dagrun for tasklar to 2026-03-19 23:30:00+00:00, run_after=2026-03-20 23:30:00+00:00
[2026-03-21T19:26:58.833+0000] {processor.py:208} INFO - Processing /opt/airflow/dags/import_variable.py took 0.173 seconds
[2026-03-21T19:27:29.448+0000] {processor.py:186} INFO - Started process (PID=29624) to work on /opt/airflow/dags/import_variable.py
[2026-03-21T19:27:29.458+0000] {processor.py:914} INFO - Processing file /opt/airflow/dags/import_variable.py for tasks to queue
[2026-03-21T19:27:29.462+0000] {logging_mixin.py:190} INFO - [2026-03-21T19:27:29.462+0000] {dagbag.py:588} INFO - Filling up the DagBag from /opt/airflow/dags/import_variable.py
[2026-03-21T19:27:29.485+0000] {processor.py:925} INFO - DAG(s) 'tasklar' retrieved from /opt/airflow/dags/import_variable.py
[2026-03-21T19:27:29.537+0000] {logging_mixin.py:190} INFO - [2026-03-21T19:27:29.537+0000] {dag.py:3239} INFO - Sync 1 DAGs
[2026-03-21T19:27:29.575+0000] {logging_mixin.py:190} INFO - [2026-03-21T19:27:29.574+0000] {dag.py:4180} INFO - Setting next_dagrun for tasklar to 2026-03-19 23:30:00+00:00, run_after=2026-03-20 23:30:00+00:00
[2026-03-21T19:27:29.606+0000] {processor.py:208} INFO - Processing /opt/airflow/dags/import_variable.py took 0.167 seconds
[2026-03-21T19:28:00.229+0000] {processor.py:186} INFO - Started process (PID=29665) to work on /opt/airflow/dags/import_variable.py
[2026-03-21T19:28:00.230+0000] {processor.py:914} INFO - Processing file /opt/airflow/dags/import_variable.py for tasks to queue
[2026-03-21T19:28:00.233+0000] {logging_mixin.py:190} INFO - [2026-03-21T19:28:00.233+0000] {dagbag.py:588} INFO - Filling up the DagBag from /opt/airflow/dags/import_variable.py
[2026-03-21T19:28:00.251+0000] {processor.py:925} INFO - DAG(s) 'tasklar' retrieved from /opt/airflow/dags/import_variable.py
[2026-03-21T19:28:00.289+0000] {logging_mixin.py:190} INFO - [2026-03-21T19:28:00.289+0000] {dag.py:3239} INFO - Sync 1 DAGs
[2026-03-21T19:28:00.333+0000] {logging_mixin.py:190} INFO - [2026-03-21T19:28:00.333+0000] {dag.py:4180} INFO - Setting next_dagrun for tasklar to 2026-03-19 23:30:00+00:00, run_after=2026-03-20 23:30:00+00:00
[2026-03-21T19:28:00.370+0000] {processor.py:208} INFO - Processing /opt/airflow/dags/import_variable.py took 0.150 seconds
[2026-03-21T19:28:31.057+0000] {processor.py:186} INFO - Started process (PID=29706) to work on /opt/airflow/dags/import_variable.py
[2026-03-21T19:28:31.059+0000] {processor.py:914} INFO - Processing file /opt/airflow/dags/import_variable.py for tasks to queue
[2026-03-21T19:28:31.064+0000] {logging_mixin.py:190} INFO - [2026-03-21T19:28:31.063+0000] {dagbag.py:588} INFO - Filling up the DagBag from /opt/airflow/dags/import_variable.py
[2026-03-21T19:28:31.083+0000] {processor.py:925} INFO - DAG(s) 'tasklar' retrieved from /opt/airflow/dags/import_variable.py
[2026-03-21T19:28:31.124+0000] {logging_mixin.py:190} INFO - [2026-03-21T19:28:31.123+0000] {dag.py:3239} INFO - Sync 1 DAGs
[2026-03-21T19:28:31.162+0000] {logging_mixin.py:190} INFO - [2026-03-21T19:28:31.161+0000] {dag.py:4180} INFO - Setting next_dagrun for tasklar to 2026-03-19 23:30:00+00:00, run_after=2026-03-20 23:30:00+00:00
[2026-03-21T19:28:31.191+0000] {processor.py:208} INFO - Processing /opt/airflow/dags/import_variable.py took 0.142 seconds
[2026-03-21T19:29:01.676+0000] {processor.py:186} INFO - Started process (PID=29747) to work on /opt/airflow/dags/import_variable.py
[2026-03-21T19:29:01.686+0000] {processor.py:914} INFO - Processing file /opt/airflow/dags/import_variable.py for tasks to queue
[2026-03-21T19:29:01.689+0000] {logging_mixin.py:190} INFO - [2026-03-21T19:29:01.689+0000] {dagbag.py:588} INFO - Filling up the DagBag from /opt/airflow/dags/import_variable.py
[2026-03-21T19:29:01.702+0000] {processor.py:925} INFO - DAG(s) 'tasklar' retrieved from /opt/airflow/dags/import_variable.py
[2026-03-21T19:29:01.738+0000] {logging_mixin.py:190} INFO - [2026-03-21T19:29:01.737+0000] {dag.py:3239} INFO - Sync 1 DAGs
[2026-03-21T19:29:01.786+0000] {logging_mixin.py:190} INFO - [2026-03-21T19:29:01.786+0000] {dag.py:4180} INFO - Setting next_dagrun for tasklar to 2026-03-19 23:30:00+00:00, run_after=2026-03-20 23:30:00+00:00
[2026-03-21T19:29:01.814+0000] {processor.py:208} INFO - Processing /opt/airflow/dags/import_variable.py took 0.147 seconds
[2026-03-21T19:29:32.481+0000] {processor.py:186} INFO - Started process (PID=29788) to work on /opt/airflow/dags/import_variable.py
[2026-03-21T19:29:32.490+0000] {processor.py:914} INFO - Processing file /opt/airflow/dags/import_variable.py for tasks to queue
[2026-03-21T19:29:32.493+0000] {logging_mixin.py:190} INFO - [2026-03-21T19:29:32.493+0000] {dagbag.py:588} INFO - Filling up the DagBag from /opt/airflow/dags/import_variable.py
[2026-03-21T19:29:32.509+0000] {processor.py:925} INFO - DAG(s) 'tasklar' retrieved from /opt/airflow/dags/import_variable.py
[2026-03-21T19:29:32.542+0000] {logging_mixin.py:190} INFO - [2026-03-21T19:29:32.542+0000] {dag.py:3239} INFO - Sync 1 DAGs
[2026-03-21T19:29:32.576+0000] {logging_mixin.py:190} INFO - [2026-03-21T19:29:32.575+0000] {dag.py:4180} INFO - Setting next_dagrun for tasklar to 2026-03-19 23:30:00+00:00, run_after=2026-03-20 23:30:00+00:00
[2026-03-21T19:29:32.607+0000] {processor.py:208} INFO - Processing /opt/airflow/dags/import_variable.py took 0.133 seconds
[2026-03-21T19:30:03.253+0000] {processor.py:186} INFO - Started process (PID=29829) to work on /opt/airflow/dags/import_variable.py
[2026-03-21T19:30:03.256+0000] {processor.py:914} INFO - Processing file /opt/airflow/dags/import_variable.py for tasks to queue
[2026-03-21T19:30:03.260+0000] {logging_mixin.py:190} INFO - [2026-03-21T19:30:03.259+0000] {dagbag.py:588} INFO - Filling up the DagBag from /opt/airflow/dags/import_variable.py
[2026-03-21T19:30:03.278+0000] {processor.py:925} INFO - DAG(s) 'tasklar' retrieved from /opt/airflow/dags/import_variable.py
[2026-03-21T19:30:03.313+0000] {logging_mixin.py:190} INFO - [2026-03-21T19:30:03.312+0000] {dag.py:3239} INFO - Sync 1 DAGs
[2026-03-21T19:30:03.348+0000] {logging_mixin.py:190} INFO - [2026-03-21T19:30:03.348+0000] {dag.py:4180} INFO - Setting next_dagrun for tasklar to 2026-03-19 23:30:00+00:00, run_after=2026-03-20 23:30:00+00:00
[2026-03-21T19:30:03.374+0000] {processor.py:208} INFO - Processing /opt/airflow/dags/import_variable.py took 0.129 seconds
[2026-03-21T19:30:33.999+0000] {processor.py:186} INFO - Started process (PID=29870) to work on /opt/airflow/dags/import_variable.py
[2026-03-21T19:30:34.000+0000] {processor.py:914} INFO - Processing file /opt/airflow/dags/import_variable.py for tasks to queue
[2026-03-21T19:30:34.004+0000] {logging_mixin.py:190} INFO - [2026-03-21T19:30:34.003+0000] {dagbag.py:588} INFO - Filling up the DagBag from /opt/airflow/dags/import_variable.py
[2026-03-21T19:30:34.018+0000] {processor.py:925} INFO - DAG(s) 'tasklar' retrieved from /opt/airflow/dags/import_variable.py
[2026-03-21T19:30:34.052+0000] {logging_mixin.py:190} INFO - [2026-03-21T19:30:34.052+0000] {dag.py:3239} INFO - Sync 1 DAGs
[2026-03-21T19:30:34.088+0000] {logging_mixin.py:190} INFO - [2026-03-21T19:30:34.088+0000] {dag.py:4180} INFO - Setting next_dagrun for tasklar to 2026-03-19 23:30:00+00:00, run_after=2026-03-20 23:30:00+00:00
[2026-03-21T19:30:34.113+0000] {processor.py:208} INFO - Processing /opt/airflow/dags/import_variable.py took 0.121 seconds
[2026-03-21T19:31:04.747+0000] {processor.py:186} INFO - Started process (PID=29911) to work on /opt/airflow/dags/import_variable.py
[2026-03-21T19:31:04.748+0000] {processor.py:914} INFO - Processing file /opt/airflow/dags/import_variable.py for tasks to queue
[2026-03-21T19:31:04.751+0000] {logging_mixin.py:190} INFO - [2026-03-21T19:31:04.751+0000] {dagbag.py:588} INFO - Filling up the DagBag from /opt/airflow/dags/import_variable.py
[2026-03-21T19:31:04.768+0000] {processor.py:925} INFO - DAG(s) 'tasklar' retrieved from /opt/airflow/dags/import_variable.py
[2026-03-21T19:31:04.807+0000] {logging_mixin.py:190} INFO - [2026-03-21T19:31:04.807+0000] {dag.py:3239} INFO - Sync 1 DAGs
[2026-03-21T19:31:04.848+0000] {logging_mixin.py:190} INFO - [2026-03-21T19:31:04.848+0000] {dag.py:4180} INFO - Setting next_dagrun for tasklar to 2026-03-19 23:30:00+00:00, run_after=2026-03-20 23:30:00+00:00
[2026-03-21T19:31:04.877+0000] {processor.py:208} INFO - Processing /opt/airflow/dags/import_variable.py took 0.138 seconds
[2026-03-21T19:31:35.564+0000] {processor.py:186} INFO - Started process (PID=29952) to work on /opt/airflow/dags/import_variable.py
[2026-03-21T19:31:35.574+0000] {processor.py:914} INFO - Processing file /opt/airflow/dags/import_variable.py for tasks to queue
[2026-03-21T19:31:35.580+0000] {logging_mixin.py:190} INFO - [2026-03-21T19:31:35.579+0000] {dagbag.py:588} INFO - Filling up the DagBag from /opt/airflow/dags/import_variable.py
[2026-03-21T19:31:35.597+0000] {processor.py:925} INFO - DAG(s) 'tasklar' retrieved from /opt/airflow/dags/import_variable.py
[2026-03-21T19:31:35.637+0000] {logging_mixin.py:190} INFO - [2026-03-21T19:31:35.637+0000] {dag.py:3239} INFO - Sync 1 DAGs
[2026-03-21T19:31:35.676+0000] {logging_mixin.py:190} INFO - [2026-03-21T19:31:35.676+0000] {dag.py:4180} INFO - Setting next_dagrun for tasklar to 2026-03-19 23:30:00+00:00, run_after=2026-03-20 23:30:00+00:00
[2026-03-21T19:31:35.703+0000] {processor.py:208} INFO - Processing /opt/airflow/dags/import_variable.py took 0.149 seconds
[2026-03-21T19:32:06.322+0000] {processor.py:186} INFO - Started process (PID=29999) to work on /opt/airflow/dags/import_variable.py
[2026-03-21T19:32:06.323+0000] {processor.py:914} INFO - Processing file /opt/airflow/dags/import_variable.py for tasks to queue
[2026-03-21T19:32:06.326+0000] {logging_mixin.py:190} INFO - [2026-03-21T19:32:06.325+0000] {dagbag.py:588} INFO - Filling up the DagBag from /opt/airflow/dags/import_variable.py
[2026-03-21T19:32:06.340+0000] {processor.py:925} INFO - DAG(s) 'tasklar' retrieved from /opt/airflow/dags/import_variable.py
[2026-03-21T19:32:06.375+0000] {logging_mixin.py:190} INFO - [2026-03-21T19:32:06.375+0000] {dag.py:3239} INFO - Sync 1 DAGs
[2026-03-21T19:32:06.411+0000] {logging_mixin.py:190} INFO - [2026-03-21T19:32:06.411+0000] {dag.py:4180} INFO - Setting next_dagrun for tasklar to 2026-03-19 23:30:00+00:00, run_after=2026-03-20 23:30:00+00:00
[2026-03-21T19:32:06.439+0000] {processor.py:208} INFO - Processing /opt/airflow/dags/import_variable.py took 0.125 seconds
[2026-03-21T19:32:36.982+0000] {processor.py:186} INFO - Started process (PID=30040) to work on /opt/airflow/dags/import_variable.py
[2026-03-21T19:32:36.992+0000] {processor.py:914} INFO - Processing file /opt/airflow/dags/import_variable.py for tasks to queue
[2026-03-21T19:32:36.996+0000] {logging_mixin.py:190} INFO - [2026-03-21T19:32:36.995+0000] {dagbag.py:588} INFO - Filling up the DagBag from /opt/airflow/dags/import_variable.py
[2026-03-21T19:32:37.015+0000] {processor.py:925} INFO - DAG(s) 'tasklar' retrieved from /opt/airflow/dags/import_variable.py
[2026-03-21T19:32:37.055+0000] {logging_mixin.py:190} INFO - [2026-03-21T19:32:37.054+0000] {dag.py:3239} INFO - Sync 1 DAGs
[2026-03-21T19:32:37.092+0000] {logging_mixin.py:190} INFO - [2026-03-21T19:32:37.092+0000] {dag.py:4180} INFO - Setting next_dagrun for tasklar to 2026-03-19 23:30:00+00:00, run_after=2026-03-20 23:30:00+00:00
[2026-03-21T19:32:37.122+0000] {processor.py:208} INFO - Processing /opt/airflow/dags/import_variable.py took 0.146 seconds
[2026-03-21T19:33:07.748+0000] {processor.py:186} INFO - Started process (PID=30081) to work on /opt/airflow/dags/import_variable.py
[2026-03-21T19:33:07.749+0000] {processor.py:914} INFO - Processing file /opt/airflow/dags/import_variable.py for tasks to queue
[2026-03-21T19:33:07.753+0000] {logging_mixin.py:190} INFO - [2026-03-21T19:33:07.752+0000] {dagbag.py:588} INFO - Filling up the DagBag from /opt/airflow/dags/import_variable.py
[2026-03-21T19:33:07.768+0000] {processor.py:925} INFO - DAG(s) 'tasklar' retrieved from /opt/airflow/dags/import_variable.py
[2026-03-21T19:33:07.798+0000] {logging_mixin.py:190} INFO - [2026-03-21T19:33:07.798+0000] {dag.py:3239} INFO - Sync 1 DAGs
[2026-03-21T19:33:07.829+0000] {logging_mixin.py:190} INFO - [2026-03-21T19:33:07.828+0000] {dag.py:4180} INFO - Setting next_dagrun for tasklar to 2026-03-19 23:30:00+00:00, run_after=2026-03-20 23:30:00+00:00
[2026-03-21T19:33:07.852+0000] {processor.py:208} INFO - Processing /opt/airflow/dags/import_variable.py took 0.110 seconds
[2026-03-21T19:33:38.521+0000] {processor.py:186} INFO - Started process (PID=30122) to work on /opt/airflow/dags/import_variable.py
[2026-03-21T19:33:38.531+0000] {processor.py:914} INFO - Processing file /opt/airflow/dags/import_variable.py for tasks to queue
[2026-03-21T19:33:38.535+0000] {logging_mixin.py:190} INFO - [2026-03-21T19:33:38.535+0000] {dagbag.py:588} INFO - Filling up the DagBag from /opt/airflow/dags/import_variable.py
[2026-03-21T19:33:38.554+0000] {processor.py:925} INFO - DAG(s) 'tasklar' retrieved from /opt/airflow/dags/import_variable.py
[2026-03-21T19:33:38.595+0000] {logging_mixin.py:190} INFO - [2026-03-21T19:33:38.594+0000] {dag.py:3239} INFO - Sync 1 DAGs
[2026-03-21T19:33:38.635+0000] {logging_mixin.py:190} INFO - [2026-03-21T19:33:38.635+0000] {dag.py:4180} INFO - Setting next_dagrun for tasklar to 2026-03-19 23:30:00+00:00, run_after=2026-03-20 23:30:00+00:00
[2026-03-21T19:33:38.665+0000] {processor.py:208} INFO - Processing /opt/airflow/dags/import_variable.py took 0.155 seconds
[2026-03-21T19:34:09.343+0000] {processor.py:186} INFO - Started process (PID=30163) to work on /opt/airflow/dags/import_variable.py
[2026-03-21T19:34:09.353+0000] {processor.py:914} INFO - Processing file /opt/airflow/dags/import_variable.py for tasks to queue
[2026-03-21T19:34:09.358+0000] {logging_mixin.py:190} INFO - [2026-03-21T19:34:09.357+0000] {dagbag.py:588} INFO - Filling up the DagBag from /opt/airflow/dags/import_variable.py
[2026-03-21T19:34:09.382+0000] {processor.py:925} INFO - DAG(s) 'tasklar' retrieved from /opt/airflow/dags/import_variable.py
[2026-03-21T19:34:09.433+0000] {logging_mixin.py:190} INFO - [2026-03-21T19:34:09.433+0000] {dag.py:3239} INFO - Sync 1 DAGs
[2026-03-21T19:34:09.484+0000] {logging_mixin.py:190} INFO - [2026-03-21T19:34:09.484+0000] {dag.py:4180} INFO - Setting next_dagrun for tasklar to 2026-03-19 23:30:00+00:00, run_after=2026-03-20 23:30:00+00:00
[2026-03-21T19:34:09.522+0000] {processor.py:208} INFO - Processing /opt/airflow/dags/import_variable.py took 0.189 seconds
[2026-03-21T19:34:40.007+0000] {processor.py:186} INFO - Started process (PID=30204) to work on /opt/airflow/dags/import_variable.py
[2026-03-21T19:34:40.017+0000] {processor.py:914} INFO - Processing file /opt/airflow/dags/import_variable.py for tasks to queue
[2026-03-21T19:34:40.021+0000] {logging_mixin.py:190} INFO - [2026-03-21T19:34:40.020+0000] {dagbag.py:588} INFO - Filling up the DagBag from /opt/airflow/dags/import_variable.py
[2026-03-21T19:34:40.036+0000] {processor.py:925} INFO - DAG(s) 'tasklar' retrieved from /opt/airflow/dags/import_variable.py
[2026-03-21T19:34:40.068+0000] {logging_mixin.py:190} INFO - [2026-03-21T19:34:40.068+0000] {dag.py:3239} INFO - Sync 1 DAGs
[2026-03-21T19:34:40.114+0000] {logging_mixin.py:190} INFO - [2026-03-21T19:34:40.114+0000] {dag.py:4180} INFO - Setting next_dagrun for tasklar to 2026-03-19 23:30:00+00:00, run_after=2026-03-20 23:30:00+00:00
[2026-03-21T19:34:40.144+0000] {processor.py:208} INFO - Processing /opt/airflow/dags/import_variable.py took 0.144 seconds
[2026-03-21T19:35:10.909+0000] {processor.py:186} INFO - Started process (PID=30245) to work on /opt/airflow/dags/import_variable.py
[2026-03-21T19:35:10.919+0000] {processor.py:914} INFO - Processing file /opt/airflow/dags/import_variable.py for tasks to queue
[2026-03-21T19:35:10.924+0000] {logging_mixin.py:190} INFO - [2026-03-21T19:35:10.924+0000] {dagbag.py:588} INFO - Filling up the DagBag from /opt/airflow/dags/import_variable.py
[2026-03-21T19:35:10.945+0000] {processor.py:925} INFO - DAG(s) 'tasklar' retrieved from /opt/airflow/dags/import_variable.py
[2026-03-21T19:35:10.991+0000] {logging_mixin.py:190} INFO - [2026-03-21T19:35:10.991+0000] {dag.py:3239} INFO - Sync 1 DAGs
[2026-03-21T19:35:11.042+0000] {logging_mixin.py:190} INFO - [2026-03-21T19:35:11.041+0000] {dag.py:4180} INFO - Setting next_dagrun for tasklar to 2026-03-19 23:30:00+00:00, run_after=2026-03-20 23:30:00+00:00
[2026-03-21T19:35:11.086+0000] {processor.py:208} INFO - Processing /opt/airflow/dags/import_variable.py took 0.188 seconds
[2026-03-21T19:35:41.718+0000] {processor.py:186} INFO - Started process (PID=30286) to work on /opt/airflow/dags/import_variable.py
[2026-03-21T19:35:41.729+0000] {processor.py:914} INFO - Processing file /opt/airflow/dags/import_variable.py for tasks to queue
[2026-03-21T19:35:41.734+0000] {logging_mixin.py:190} INFO - [2026-03-21T19:35:41.734+0000] {dagbag.py:588} INFO - Filling up the DagBag from /opt/airflow/dags/import_variable.py
[2026-03-21T19:35:41.764+0000] {processor.py:925} INFO - DAG(s) 'tasklar' retrieved from /opt/airflow/dags/import_variable.py
[2026-03-21T19:35:41.822+0000] {logging_mixin.py:190} INFO - [2026-03-21T19:35:41.821+0000] {dag.py:3239} INFO - Sync 1 DAGs
[2026-03-21T19:35:41.875+0000] {logging_mixin.py:190} INFO - [2026-03-21T19:35:41.875+0000] {dag.py:4180} INFO - Setting next_dagrun for tasklar to 2026-03-19 23:30:00+00:00, run_after=2026-03-20 23:30:00+00:00
[2026-03-21T19:35:41.911+0000] {processor.py:208} INFO - Processing /opt/airflow/dags/import_variable.py took 0.204 seconds
[2026-03-21T19:36:12.684+0000] {processor.py:186} INFO - Started process (PID=30327) to work on /opt/airflow/dags/import_variable.py
[2026-03-21T19:36:12.695+0000] {processor.py:914} INFO - Processing file /opt/airflow/dags/import_variable.py for tasks to queue
[2026-03-21T19:36:12.700+0000] {logging_mixin.py:190} INFO - [2026-03-21T19:36:12.699+0000] {dagbag.py:588} INFO - Filling up the DagBag from /opt/airflow/dags/import_variable.py
[2026-03-21T19:36:12.725+0000] {processor.py:925} INFO - DAG(s) 'tasklar' retrieved from /opt/airflow/dags/import_variable.py
[2026-03-21T19:36:12.768+0000] {logging_mixin.py:190} INFO - [2026-03-21T19:36:12.767+0000] {dag.py:3239} INFO - Sync 1 DAGs
[2026-03-21T19:36:12.819+0000] {logging_mixin.py:190} INFO - [2026-03-21T19:36:12.819+0000] {dag.py:4180} INFO - Setting next_dagrun for tasklar to 2026-03-19 23:30:00+00:00, run_after=2026-03-20 23:30:00+00:00
[2026-03-21T19:36:12.856+0000] {processor.py:208} INFO - Processing /opt/airflow/dags/import_variable.py took 0.186 seconds
[2026-03-21T19:36:43.498+0000] {processor.py:186} INFO - Started process (PID=30368) to work on /opt/airflow/dags/import_variable.py
[2026-03-21T19:36:43.508+0000] {processor.py:914} INFO - Processing file /opt/airflow/dags/import_variable.py for tasks to queue
[2026-03-21T19:36:43.514+0000] {logging_mixin.py:190} INFO - [2026-03-21T19:36:43.513+0000] {dagbag.py:588} INFO - Filling up the DagBag from /opt/airflow/dags/import_variable.py
[2026-03-21T19:36:43.540+0000] {processor.py:925} INFO - DAG(s) 'tasklar' retrieved from /opt/airflow/dags/import_variable.py
[2026-03-21T19:36:43.583+0000] {logging_mixin.py:190} INFO - [2026-03-21T19:36:43.583+0000] {dag.py:3239} INFO - Sync 1 DAGs
[2026-03-21T19:36:43.634+0000] {logging_mixin.py:190} INFO - [2026-03-21T19:36:43.634+0000] {dag.py:4180} INFO - Setting next_dagrun for tasklar to 2026-03-19 23:30:00+00:00, run_after=2026-03-20 23:30:00+00:00
[2026-03-21T19:36:43.674+0000] {processor.py:208} INFO - Processing /opt/airflow/dags/import_variable.py took 0.187 seconds
[2026-03-21T19:37:14.301+0000] {processor.py:186} INFO - Started process (PID=30409) to work on /opt/airflow/dags/import_variable.py
[2026-03-21T19:37:14.302+0000] {processor.py:914} INFO - Processing file /opt/airflow/dags/import_variable.py for tasks to queue
[2026-03-21T19:37:14.309+0000] {logging_mixin.py:190} INFO - [2026-03-21T19:37:14.308+0000] {dagbag.py:588} INFO - Filling up the DagBag from /opt/airflow/dags/import_variable.py
[2026-03-21T19:37:14.334+0000] {processor.py:925} INFO - DAG(s) 'tasklar' retrieved from /opt/airflow/dags/import_variable.py
[2026-03-21T19:37:14.382+0000] {logging_mixin.py:190} INFO - [2026-03-21T19:37:14.381+0000] {dag.py:3239} INFO - Sync 1 DAGs
[2026-03-21T19:37:14.441+0000] {logging_mixin.py:190} INFO - [2026-03-21T19:37:14.441+0000] {dag.py:4180} INFO - Setting next_dagrun for tasklar to 2026-03-19 23:30:00+00:00, run_after=2026-03-20 23:30:00+00:00
[2026-03-21T19:37:14.490+0000] {processor.py:208} INFO - Processing /opt/airflow/dags/import_variable.py took 0.200 seconds
[2026-03-21T19:37:45.122+0000] {processor.py:186} INFO - Started process (PID=30451) to work on /opt/airflow/dags/import_variable.py
[2026-03-21T19:37:45.132+0000] {processor.py:914} INFO - Processing file /opt/airflow/dags/import_variable.py for tasks to queue
[2026-03-21T19:37:45.137+0000] {logging_mixin.py:190} INFO - [2026-03-21T19:37:45.137+0000] {dagbag.py:588} INFO - Filling up the DagBag from /opt/airflow/dags/import_variable.py
[2026-03-21T19:37:45.159+0000] {processor.py:925} INFO - DAG(s) 'tasklar' retrieved from /opt/airflow/dags/import_variable.py
[2026-03-21T19:37:45.205+0000] {logging_mixin.py:190} INFO - [2026-03-21T19:37:45.204+0000] {dag.py:3239} INFO - Sync 1 DAGs
[2026-03-21T19:37:45.271+0000] {logging_mixin.py:190} INFO - [2026-03-21T19:37:45.271+0000] {dag.py:4180} INFO - Setting next_dagrun for tasklar to 2026-03-19 23:30:00+00:00, run_after=2026-03-20 23:30:00+00:00
[2026-03-21T19:37:45.310+0000] {processor.py:208} INFO - Processing /opt/airflow/dags/import_variable.py took 0.200 seconds
[2026-03-21T19:38:16.071+0000] {processor.py:186} INFO - Started process (PID=30492) to work on /opt/airflow/dags/import_variable.py
[2026-03-21T19:38:16.073+0000] {processor.py:914} INFO - Processing file /opt/airflow/dags/import_variable.py for tasks to queue
[2026-03-21T19:38:16.079+0000] {logging_mixin.py:190} INFO - [2026-03-21T19:38:16.078+0000] {dagbag.py:588} INFO - Filling up the DagBag from /opt/airflow/dags/import_variable.py
[2026-03-21T19:38:16.105+0000] {processor.py:925} INFO - DAG(s) 'tasklar' retrieved from /opt/airflow/dags/import_variable.py
[2026-03-21T19:38:16.151+0000] {logging_mixin.py:190} INFO - [2026-03-21T19:38:16.150+0000] {dag.py:3239} INFO - Sync 1 DAGs
[2026-03-21T19:38:16.198+0000] {logging_mixin.py:190} INFO - [2026-03-21T19:38:16.198+0000] {dag.py:4180} INFO - Setting next_dagrun for tasklar to 2026-03-19 23:30:00+00:00, run_after=2026-03-20 23:30:00+00:00
[2026-03-21T19:38:16.234+0000] {processor.py:208} INFO - Processing /opt/airflow/dags/import_variable.py took 0.174 seconds
[2026-03-21T19:38:47.022+0000] {processor.py:186} INFO - Started process (PID=30533) to work on /opt/airflow/dags/import_variable.py
[2026-03-21T19:38:47.024+0000] {processor.py:914} INFO - Processing file /opt/airflow/dags/import_variable.py for tasks to queue
[2026-03-21T19:38:47.028+0000] {logging_mixin.py:190} INFO - [2026-03-21T19:38:47.028+0000] {dagbag.py:588} INFO - Filling up the DagBag from /opt/airflow/dags/import_variable.py
[2026-03-21T19:38:47.049+0000] {processor.py:925} INFO - DAG(s) 'tasklar' retrieved from /opt/airflow/dags/import_variable.py
[2026-03-21T19:38:47.092+0000] {logging_mixin.py:190} INFO - [2026-03-21T19:38:47.091+0000] {dag.py:3239} INFO - Sync 1 DAGs
[2026-03-21T19:38:47.138+0000] {logging_mixin.py:190} INFO - [2026-03-21T19:38:47.138+0000] {dag.py:4180} INFO - Setting next_dagrun for tasklar to 2026-03-19 23:30:00+00:00, run_after=2026-03-20 23:30:00+00:00
[2026-03-21T19:38:47.172+0000] {processor.py:208} INFO - Processing /opt/airflow/dags/import_variable.py took 0.162 seconds
[2026-03-21T19:39:17.957+0000] {processor.py:186} INFO - Started process (PID=30574) to work on /opt/airflow/dags/import_variable.py
[2026-03-21T19:39:17.958+0000] {processor.py:914} INFO - Processing file /opt/airflow/dags/import_variable.py for tasks to queue
[2026-03-21T19:39:17.963+0000] {logging_mixin.py:190} INFO - [2026-03-21T19:39:17.963+0000] {dagbag.py:588} INFO - Filling up the DagBag from /opt/airflow/dags/import_variable.py
[2026-03-21T19:39:17.985+0000] {processor.py:925} INFO - DAG(s) 'tasklar' retrieved from /opt/airflow/dags/import_variable.py
[2026-03-21T19:39:18.029+0000] {logging_mixin.py:190} INFO - [2026-03-21T19:39:18.028+0000] {dag.py:3239} INFO - Sync 1 DAGs
[2026-03-21T19:39:18.076+0000] {logging_mixin.py:190} INFO - [2026-03-21T19:39:18.076+0000] {dag.py:4180} INFO - Setting next_dagrun for tasklar to 2026-03-19 23:30:00+00:00, run_after=2026-03-20 23:30:00+00:00
[2026-03-21T19:39:18.120+0000] {processor.py:208} INFO - Processing /opt/airflow/dags/import_variable.py took 0.174 seconds
[2026-03-21T19:39:48.766+0000] {processor.py:186} INFO - Started process (PID=30615) to work on /opt/airflow/dags/import_variable.py
[2026-03-21T19:39:48.776+0000] {processor.py:914} INFO - Processing file /opt/airflow/dags/import_variable.py for tasks to queue
[2026-03-21T19:39:48.781+0000] {logging_mixin.py:190} INFO - [2026-03-21T19:39:48.780+0000] {dagbag.py:588} INFO - Filling up the DagBag from /opt/airflow/dags/import_variable.py
[2026-03-21T19:39:48.802+0000] {processor.py:925} INFO - DAG(s) 'tasklar' retrieved from /opt/airflow/dags/import_variable.py
[2026-03-21T19:39:48.843+0000] {logging_mixin.py:190} INFO - [2026-03-21T19:39:48.842+0000] {dag.py:3239} INFO - Sync 1 DAGs
[2026-03-21T19:39:48.889+0000] {logging_mixin.py:190} INFO - [2026-03-21T19:39:48.889+0000] {dag.py:4180} INFO - Setting next_dagrun for tasklar to 2026-03-19 23:30:00+00:00, run_after=2026-03-20 23:30:00+00:00
[2026-03-21T19:39:48.929+0000] {processor.py:208} INFO - Processing /opt/airflow/dags/import_variable.py took 0.173 seconds
[2026-03-21T19:40:19.541+0000] {processor.py:186} INFO - Started process (PID=30656) to work on /opt/airflow/dags/import_variable.py
[2026-03-21T19:40:19.551+0000] {processor.py:914} INFO - Processing file /opt/airflow/dags/import_variable.py for tasks to queue
[2026-03-21T19:40:19.556+0000] {logging_mixin.py:190} INFO - [2026-03-21T19:40:19.555+0000] {dagbag.py:588} INFO - Filling up the DagBag from /opt/airflow/dags/import_variable.py
[2026-03-21T19:40:19.578+0000] {processor.py:925} INFO - DAG(s) 'tasklar' retrieved from /opt/airflow/dags/import_variable.py
[2026-03-21T19:40:19.624+0000] {logging_mixin.py:190} INFO - [2026-03-21T19:40:19.624+0000] {dag.py:3239} INFO - Sync 1 DAGs
[2026-03-21T19:40:19.675+0000] {logging_mixin.py:190} INFO - [2026-03-21T19:40:19.674+0000] {dag.py:4180} INFO - Setting next_dagrun for tasklar to 2026-03-19 23:30:00+00:00, run_after=2026-03-20 23:30:00+00:00
[2026-03-21T19:40:19.711+0000] {processor.py:208} INFO - Processing /opt/airflow/dags/import_variable.py took 0.180 seconds
[2026-03-21T19:40:50.510+0000] {processor.py:186} INFO - Started process (PID=30697) to work on /opt/airflow/dags/import_variable.py
[2026-03-21T19:40:50.521+0000] {processor.py:914} INFO - Processing file /opt/airflow/dags/import_variable.py for tasks to queue
[2026-03-21T19:40:50.527+0000] {logging_mixin.py:190} INFO - [2026-03-21T19:40:50.526+0000] {dagbag.py:588} INFO - Filling up the DagBag from /opt/airflow/dags/import_variable.py
[2026-03-21T19:40:50.548+0000] {processor.py:925} INFO - DAG(s) 'tasklar' retrieved from /opt/airflow/dags/import_variable.py
[2026-03-21T19:40:50.590+0000] {logging_mixin.py:190} INFO - [2026-03-21T19:40:50.589+0000] {dag.py:3239} INFO - Sync 1 DAGs
[2026-03-21T19:40:50.639+0000] {logging_mixin.py:190} INFO - [2026-03-21T19:40:50.639+0000] {dag.py:4180} INFO - Setting next_dagrun for tasklar to 2026-03-19 23:30:00+00:00, run_after=2026-03-20 23:30:00+00:00
[2026-03-21T19:40:50.676+0000] {processor.py:208} INFO - Processing /opt/airflow/dags/import_variable.py took 0.179 seconds
[2026-03-21T19:41:21.272+0000] {processor.py:186} INFO - Started process (PID=30738) to work on /opt/airflow/dags/import_variable.py
[2026-03-21T19:41:21.282+0000] {processor.py:914} INFO - Processing file /opt/airflow/dags/import_variable.py for tasks to queue
[2026-03-21T19:41:21.287+0000] {logging_mixin.py:190} INFO - [2026-03-21T19:41:21.286+0000] {dagbag.py:588} INFO - Filling up the DagBag from /opt/airflow/dags/import_variable.py
[2026-03-21T19:41:21.309+0000] {processor.py:925} INFO - DAG(s) 'tasklar' retrieved from /opt/airflow/dags/import_variable.py
[2026-03-21T19:41:21.351+0000] {logging_mixin.py:190} INFO - [2026-03-21T19:41:21.350+0000] {dag.py:3239} INFO - Sync 1 DAGs
[2026-03-21T19:41:21.397+0000] {logging_mixin.py:190} INFO - [2026-03-21T19:41:21.397+0000] {dag.py:4180} INFO - Setting next_dagrun for tasklar to 2026-03-19 23:30:00+00:00, run_after=2026-03-20 23:30:00+00:00
[2026-03-21T19:41:21.439+0000] {processor.py:208} INFO - Processing /opt/airflow/dags/import_variable.py took 0.178 seconds
[2026-03-21T19:41:52.100+0000] {processor.py:186} INFO - Started process (PID=30779) to work on /opt/airflow/dags/import_variable.py
[2026-03-21T19:41:52.110+0000] {processor.py:914} INFO - Processing file /opt/airflow/dags/import_variable.py for tasks to queue
[2026-03-21T19:41:52.114+0000] {logging_mixin.py:190} INFO - [2026-03-21T19:41:52.113+0000] {dagbag.py:588} INFO - Filling up the DagBag from /opt/airflow/dags/import_variable.py
[2026-03-21T19:41:52.135+0000] {processor.py:925} INFO - DAG(s) 'tasklar' retrieved from /opt/airflow/dags/import_variable.py
[2026-03-21T19:41:52.179+0000] {logging_mixin.py:190} INFO - [2026-03-21T19:41:52.178+0000] {dag.py:3239} INFO - Sync 1 DAGs
[2026-03-21T19:41:52.227+0000] {logging_mixin.py:190} INFO - [2026-03-21T19:41:52.226+0000] {dag.py:4180} INFO - Setting next_dagrun for tasklar to 2026-03-19 23:30:00+00:00, run_after=2026-03-20 23:30:00+00:00
[2026-03-21T19:41:52.270+0000] {processor.py:208} INFO - Processing /opt/airflow/dags/import_variable.py took 0.181 seconds
[2026-03-21T19:42:22.903+0000] {processor.py:186} INFO - Started process (PID=30820) to work on /opt/airflow/dags/import_variable.py
[2026-03-21T19:42:22.914+0000] {processor.py:914} INFO - Processing file /opt/airflow/dags/import_variable.py for tasks to queue
[2026-03-21T19:42:22.919+0000] {logging_mixin.py:190} INFO - [2026-03-21T19:42:22.919+0000] {dagbag.py:588} INFO - Filling up the DagBag from /opt/airflow/dags/import_variable.py
[2026-03-21T19:42:22.940+0000] {processor.py:925} INFO - DAG(s) 'tasklar' retrieved from /opt/airflow/dags/import_variable.py
[2026-03-21T19:42:22.991+0000] {logging_mixin.py:190} INFO - [2026-03-21T19:42:22.990+0000] {dag.py:3239} INFO - Sync 1 DAGs
[2026-03-21T19:42:23.045+0000] {logging_mixin.py:190} INFO - [2026-03-21T19:42:23.045+0000] {dag.py:4180} INFO - Setting next_dagrun for tasklar to 2026-03-19 23:30:00+00:00, run_after=2026-03-20 23:30:00+00:00
[2026-03-21T19:42:23.082+0000] {processor.py:208} INFO - Processing /opt/airflow/dags/import_variable.py took 0.189 seconds
[2026-03-21T19:42:53.696+0000] {processor.py:186} INFO - Started process (PID=30861) to work on /opt/airflow/dags/import_variable.py
[2026-03-21T19:42:53.706+0000] {processor.py:914} INFO - Processing file /opt/airflow/dags/import_variable.py for tasks to queue
[2026-03-21T19:42:53.712+0000] {logging_mixin.py:190} INFO - [2026-03-21T19:42:53.711+0000] {dagbag.py:588} INFO - Filling up the DagBag from /opt/airflow/dags/import_variable.py
[2026-03-21T19:42:53.739+0000] {processor.py:925} INFO - DAG(s) 'tasklar' retrieved from /opt/airflow/dags/import_variable.py
[2026-03-21T19:42:53.785+0000] {logging_mixin.py:190} INFO - [2026-03-21T19:42:53.785+0000] {dag.py:3239} INFO - Sync 1 DAGs
[2026-03-21T19:42:53.839+0000] {logging_mixin.py:190} INFO - [2026-03-21T19:42:53.838+0000] {dag.py:4180} INFO - Setting next_dagrun for tasklar to 2026-03-19 23:30:00+00:00, run_after=2026-03-20 23:30:00+00:00
[2026-03-21T19:42:53.879+0000] {processor.py:208} INFO - Processing /opt/airflow/dags/import_variable.py took 0.194 seconds
[2026-03-21T19:43:24.641+0000] {processor.py:186} INFO - Started process (PID=30902) to work on /opt/airflow/dags/import_variable.py
[2026-03-21T19:43:24.643+0000] {processor.py:914} INFO - Processing file /opt/airflow/dags/import_variable.py for tasks to queue
[2026-03-21T19:43:24.648+0000] {logging_mixin.py:190} INFO - [2026-03-21T19:43:24.647+0000] {dagbag.py:588} INFO - Filling up the DagBag from /opt/airflow/dags/import_variable.py
[2026-03-21T19:43:24.673+0000] {processor.py:925} INFO - DAG(s) 'tasklar' retrieved from /opt/airflow/dags/import_variable.py
[2026-03-21T19:43:24.716+0000] {logging_mixin.py:190} INFO - [2026-03-21T19:43:24.715+0000] {dag.py:3239} INFO - Sync 1 DAGs
[2026-03-21T19:43:24.764+0000] {logging_mixin.py:190} INFO - [2026-03-21T19:43:24.764+0000] {dag.py:4180} INFO - Setting next_dagrun for tasklar to 2026-03-19 23:30:00+00:00, run_after=2026-03-20 23:30:00+00:00
[2026-03-21T19:43:24.805+0000] {processor.py:208} INFO - Processing /opt/airflow/dags/import_variable.py took 0.174 seconds
[2026-03-21T19:43:55.453+0000] {processor.py:186} INFO - Started process (PID=30943) to work on /opt/airflow/dags/import_variable.py
[2026-03-21T19:43:55.455+0000] {processor.py:914} INFO - Processing file /opt/airflow/dags/import_variable.py for tasks to queue
[2026-03-21T19:43:55.459+0000] {logging_mixin.py:190} INFO - [2026-03-21T19:43:55.459+0000] {dagbag.py:588} INFO - Filling up the DagBag from /opt/airflow/dags/import_variable.py
[2026-03-21T19:43:55.481+0000] {processor.py:925} INFO - DAG(s) 'tasklar' retrieved from /opt/airflow/dags/import_variable.py
[2026-03-21T19:43:55.529+0000] {logging_mixin.py:190} INFO - [2026-03-21T19:43:55.529+0000] {dag.py:3239} INFO - Sync 1 DAGs
[2026-03-21T19:43:55.578+0000] {logging_mixin.py:190} INFO - [2026-03-21T19:43:55.578+0000] {dag.py:4180} INFO - Setting next_dagrun for tasklar to 2026-03-19 23:30:00+00:00, run_after=2026-03-20 23:30:00+00:00
[2026-03-21T19:43:55.626+0000] {processor.py:208} INFO - Processing /opt/airflow/dags/import_variable.py took 0.183 seconds
[2026-03-21T19:44:26.240+0000] {processor.py:186} INFO - Started process (PID=30984) to work on /opt/airflow/dags/import_variable.py
[2026-03-21T19:44:26.250+0000] {processor.py:914} INFO - Processing file /opt/airflow/dags/import_variable.py for tasks to queue
[2026-03-21T19:44:26.255+0000] {logging_mixin.py:190} INFO - [2026-03-21T19:44:26.255+0000] {dagbag.py:588} INFO - Filling up the DagBag from /opt/airflow/dags/import_variable.py
[2026-03-21T19:44:26.276+0000] {processor.py:925} INFO - DAG(s) 'tasklar' retrieved from /opt/airflow/dags/import_variable.py
[2026-03-21T19:44:26.323+0000] {logging_mixin.py:190} INFO - [2026-03-21T19:44:26.322+0000] {dag.py:3239} INFO - Sync 1 DAGs
[2026-03-21T19:44:26.371+0000] {logging_mixin.py:190} INFO - [2026-03-21T19:44:26.371+0000] {dag.py:4180} INFO - Setting next_dagrun for tasklar to 2026-03-19 23:30:00+00:00, run_after=2026-03-20 23:30:00+00:00
[2026-03-21T19:44:26.409+0000] {processor.py:208} INFO - Processing /opt/airflow/dags/import_variable.py took 0.181 seconds
[2026-03-21T19:44:57.014+0000] {processor.py:186} INFO - Started process (PID=31025) to work on /opt/airflow/dags/import_variable.py
[2026-03-21T19:44:57.024+0000] {processor.py:914} INFO - Processing file /opt/airflow/dags/import_variable.py for tasks to queue
[2026-03-21T19:44:57.029+0000] {logging_mixin.py:190} INFO - [2026-03-21T19:44:57.028+0000] {dagbag.py:588} INFO - Filling up the DagBag from /opt/airflow/dags/import_variable.py
[2026-03-21T19:44:57.056+0000] {processor.py:925} INFO - DAG(s) 'tasklar' retrieved from /opt/airflow/dags/import_variable.py
[2026-03-21T19:44:57.109+0000] {logging_mixin.py:190} INFO - [2026-03-21T19:44:57.109+0000] {dag.py:3239} INFO - Sync 1 DAGs
[2026-03-21T19:44:57.162+0000] {logging_mixin.py:190} INFO - [2026-03-21T19:44:57.162+0000] {dag.py:4180} INFO - Setting next_dagrun for tasklar to 2026-03-19 23:30:00+00:00, run_after=2026-03-20 23:30:00+00:00
[2026-03-21T19:44:57.203+0000] {processor.py:208} INFO - Processing /opt/airflow/dags/import_variable.py took 0.201 seconds
[2026-03-21T19:45:27.989+0000] {processor.py:186} INFO - Started process (PID=31066) to work on /opt/airflow/dags/import_variable.py
[2026-03-21T19:45:27.999+0000] {processor.py:914} INFO - Processing file /opt/airflow/dags/import_variable.py for tasks to queue
[2026-03-21T19:45:28.004+0000] {logging_mixin.py:190} INFO - [2026-03-21T19:45:28.003+0000] {dagbag.py:588} INFO - Filling up the DagBag from /opt/airflow/dags/import_variable.py
[2026-03-21T19:45:28.024+0000] {processor.py:925} INFO - DAG(s) 'tasklar' retrieved from /opt/airflow/dags/import_variable.py
[2026-03-21T19:45:28.067+0000] {logging_mixin.py:190} INFO - [2026-03-21T19:45:28.066+0000] {dag.py:3239} INFO - Sync 1 DAGs
[2026-03-21T19:45:28.117+0000] {logging_mixin.py:190} INFO - [2026-03-21T19:45:28.117+0000] {dag.py:4180} INFO - Setting next_dagrun for tasklar to 2026-03-19 23:30:00+00:00, run_after=2026-03-20 23:30:00+00:00
[2026-03-21T19:45:28.151+0000] {processor.py:208} INFO - Processing /opt/airflow/dags/import_variable.py took 0.174 seconds
[2026-03-21T19:45:58.939+0000] {processor.py:186} INFO - Started process (PID=31107) to work on /opt/airflow/dags/import_variable.py
[2026-03-21T19:45:58.949+0000] {processor.py:914} INFO - Processing file /opt/airflow/dags/import_variable.py for tasks to queue
[2026-03-21T19:45:58.954+0000] {logging_mixin.py:190} INFO - [2026-03-21T19:45:58.953+0000] {dagbag.py:588} INFO - Filling up the DagBag from /opt/airflow/dags/import_variable.py
[2026-03-21T19:45:58.978+0000] {processor.py:925} INFO - DAG(s) 'tasklar' retrieved from /opt/airflow/dags/import_variable.py
[2026-03-21T19:45:59.027+0000] {logging_mixin.py:190} INFO - [2026-03-21T19:45:59.026+0000] {dag.py:3239} INFO - Sync 1 DAGs
[2026-03-21T19:45:59.076+0000] {logging_mixin.py:190} INFO - [2026-03-21T19:45:59.076+0000] {dag.py:4180} INFO - Setting next_dagrun for tasklar to 2026-03-19 23:30:00+00:00, run_after=2026-03-20 23:30:00+00:00
[2026-03-21T19:45:59.112+0000] {processor.py:208} INFO - Processing /opt/airflow/dags/import_variable.py took 0.182 seconds
[2026-03-21T19:46:29.726+0000] {processor.py:186} INFO - Started process (PID=31148) to work on /opt/airflow/dags/import_variable.py
[2026-03-21T19:46:29.737+0000] {processor.py:914} INFO - Processing file /opt/airflow/dags/import_variable.py for tasks to queue
[2026-03-21T19:46:29.742+0000] {logging_mixin.py:190} INFO - [2026-03-21T19:46:29.741+0000] {dagbag.py:588} INFO - Filling up the DagBag from /opt/airflow/dags/import_variable.py
[2026-03-21T19:46:29.764+0000] {processor.py:925} INFO - DAG(s) 'tasklar' retrieved from /opt/airflow/dags/import_variable.py
[2026-03-21T19:46:29.808+0000] {logging_mixin.py:190} INFO - [2026-03-21T19:46:29.808+0000] {dag.py:3239} INFO - Sync 1 DAGs
[2026-03-21T19:46:29.859+0000] {logging_mixin.py:190} INFO - [2026-03-21T19:46:29.858+0000] {dag.py:4180} INFO - Setting next_dagrun for tasklar to 2026-03-19 23:30:00+00:00, run_after=2026-03-20 23:30:00+00:00
[2026-03-21T19:46:29.902+0000] {processor.py:208} INFO - Processing /opt/airflow/dags/import_variable.py took 0.187 seconds
[2026-03-21T19:47:00.565+0000] {processor.py:186} INFO - Started process (PID=31189) to work on /opt/airflow/dags/import_variable.py
[2026-03-21T19:47:00.575+0000] {processor.py:914} INFO - Processing file /opt/airflow/dags/import_variable.py for tasks to queue
[2026-03-21T19:47:00.580+0000] {logging_mixin.py:190} INFO - [2026-03-21T19:47:00.579+0000] {dagbag.py:588} INFO - Filling up the DagBag from /opt/airflow/dags/import_variable.py
[2026-03-21T19:47:00.602+0000] {processor.py:925} INFO - DAG(s) 'tasklar' retrieved from /opt/airflow/dags/import_variable.py
[2026-03-21T19:47:00.645+0000] {logging_mixin.py:190} INFO - [2026-03-21T19:47:00.644+0000] {dag.py:3239} INFO - Sync 1 DAGs
[2026-03-21T19:47:00.696+0000] {logging_mixin.py:190} INFO - [2026-03-21T19:47:00.696+0000] {dag.py:4180} INFO - Setting next_dagrun for tasklar to 2026-03-19 23:30:00+00:00, run_after=2026-03-20 23:30:00+00:00
[2026-03-21T19:47:00.734+0000] {processor.py:208} INFO - Processing /opt/airflow/dags/import_variable.py took 0.179 seconds
[2026-03-21T19:47:31.374+0000] {processor.py:186} INFO - Started process (PID=31230) to work on /opt/airflow/dags/import_variable.py
[2026-03-21T19:47:31.384+0000] {processor.py:914} INFO - Processing file /opt/airflow/dags/import_variable.py for tasks to queue
[2026-03-21T19:47:31.391+0000] {logging_mixin.py:190} INFO - [2026-03-21T19:47:31.390+0000] {dagbag.py:588} INFO - Filling up the DagBag from /opt/airflow/dags/import_variable.py
[2026-03-21T19:47:31.415+0000] {processor.py:925} INFO - DAG(s) 'tasklar' retrieved from /opt/airflow/dags/import_variable.py
[2026-03-21T19:47:31.465+0000] {logging_mixin.py:190} INFO - [2026-03-21T19:47:31.465+0000] {dag.py:3239} INFO - Sync 1 DAGs
[2026-03-21T19:47:31.525+0000] {logging_mixin.py:190} INFO - [2026-03-21T19:47:31.524+0000] {dag.py:4180} INFO - Setting next_dagrun for tasklar to 2026-03-19 23:30:00+00:00, run_after=2026-03-20 23:30:00+00:00
[2026-03-21T19:47:31.561+0000] {processor.py:208} INFO - Processing /opt/airflow/dags/import_variable.py took 0.199 seconds
[2026-03-21T19:48:02.386+0000] {processor.py:186} INFO - Started process (PID=31271) to work on /opt/airflow/dags/import_variable.py
[2026-03-21T19:48:02.397+0000] {processor.py:914} INFO - Processing file /opt/airflow/dags/import_variable.py for tasks to queue
[2026-03-21T19:48:02.403+0000] {logging_mixin.py:190} INFO - [2026-03-21T19:48:02.402+0000] {dagbag.py:588} INFO - Filling up the DagBag from /opt/airflow/dags/import_variable.py
[2026-03-21T19:48:02.435+0000] {processor.py:925} INFO - DAG(s) 'tasklar' retrieved from /opt/airflow/dags/import_variable.py
[2026-03-21T19:48:02.482+0000] {logging_mixin.py:190} INFO - [2026-03-21T19:48:02.482+0000] {dag.py:3239} INFO - Sync 1 DAGs
[2026-03-21T19:48:02.532+0000] {logging_mixin.py:190} INFO - [2026-03-21T19:48:02.532+0000] {dag.py:4180} INFO - Setting next_dagrun for tasklar to 2026-03-19 23:30:00+00:00, run_after=2026-03-20 23:30:00+00:00
[2026-03-21T19:48:02.568+0000] {processor.py:208} INFO - Processing /opt/airflow/dags/import_variable.py took 0.193 seconds
[2026-03-21T19:48:33.372+0000] {processor.py:186} INFO - Started process (PID=31312) to work on /opt/airflow/dags/import_variable.py
[2026-03-21T19:48:33.383+0000] {processor.py:914} INFO - Processing file /opt/airflow/dags/import_variable.py for tasks to queue
[2026-03-21T19:48:33.388+0000] {logging_mixin.py:190} INFO - [2026-03-21T19:48:33.387+0000] {dagbag.py:588} INFO - Filling up the DagBag from /opt/airflow/dags/import_variable.py
[2026-03-21T19:48:33.413+0000] {processor.py:925} INFO - DAG(s) 'tasklar' retrieved from /opt/airflow/dags/import_variable.py
[2026-03-21T19:48:33.462+0000] {logging_mixin.py:190} INFO - [2026-03-21T19:48:33.461+0000] {dag.py:3239} INFO - Sync 1 DAGs
[2026-03-21T19:48:33.518+0000] {logging_mixin.py:190} INFO - [2026-03-21T19:48:33.518+0000] {dag.py:4180} INFO - Setting next_dagrun for tasklar to 2026-03-19 23:30:00+00:00, run_after=2026-03-20 23:30:00+00:00
[2026-03-21T19:48:33.553+0000] {processor.py:208} INFO - Processing /opt/airflow/dags/import_variable.py took 0.193 seconds
[2026-03-21T19:49:04.320+0000] {processor.py:186} INFO - Started process (PID=31353) to work on /opt/airflow/dags/import_variable.py
[2026-03-21T19:49:04.331+0000] {processor.py:914} INFO - Processing file /opt/airflow/dags/import_variable.py for tasks to queue
[2026-03-21T19:49:04.337+0000] {logging_mixin.py:190} INFO - [2026-03-21T19:49:04.336+0000] {dagbag.py:588} INFO - Filling up the DagBag from /opt/airflow/dags/import_variable.py
[2026-03-21T19:49:04.361+0000] {processor.py:925} INFO - DAG(s) 'tasklar' retrieved from /opt/airflow/dags/import_variable.py
[2026-03-21T19:49:04.410+0000] {logging_mixin.py:190} INFO - [2026-03-21T19:49:04.409+0000] {dag.py:3239} INFO - Sync 1 DAGs
[2026-03-21T19:49:04.461+0000] {logging_mixin.py:190} INFO - [2026-03-21T19:49:04.460+0000] {dag.py:4180} INFO - Setting next_dagrun for tasklar to 2026-03-19 23:30:00+00:00, run_after=2026-03-20 23:30:00+00:00
[2026-03-21T19:49:04.497+0000] {processor.py:208} INFO - Processing /opt/airflow/dags/import_variable.py took 0.189 seconds
[2026-03-21T19:49:35.112+0000] {processor.py:186} INFO - Started process (PID=31394) to work on /opt/airflow/dags/import_variable.py
[2026-03-21T19:49:35.122+0000] {processor.py:914} INFO - Processing file /opt/airflow/dags/import_variable.py for tasks to queue
[2026-03-21T19:49:35.128+0000] {logging_mixin.py:190} INFO - [2026-03-21T19:49:35.127+0000] {dagbag.py:588} INFO - Filling up the DagBag from /opt/airflow/dags/import_variable.py
[2026-03-21T19:49:35.155+0000] {processor.py:925} INFO - DAG(s) 'tasklar' retrieved from /opt/airflow/dags/import_variable.py
[2026-03-21T19:49:35.198+0000] {logging_mixin.py:190} INFO - [2026-03-21T19:49:35.198+0000] {dag.py:3239} INFO - Sync 1 DAGs
[2026-03-21T19:49:35.249+0000] {logging_mixin.py:190} INFO - [2026-03-21T19:49:35.248+0000] {dag.py:4180} INFO - Setting next_dagrun for tasklar to 2026-03-19 23:30:00+00:00, run_after=2026-03-20 23:30:00+00:00
[2026-03-21T19:49:35.286+0000] {processor.py:208} INFO - Processing /opt/airflow/dags/import_variable.py took 0.185 seconds
[2026-03-21T19:50:06.072+0000] {processor.py:186} INFO - Started process (PID=31435) to work on /opt/airflow/dags/import_variable.py
[2026-03-21T19:50:06.083+0000] {processor.py:914} INFO - Processing file /opt/airflow/dags/import_variable.py for tasks to queue
[2026-03-21T19:50:06.088+0000] {logging_mixin.py:190} INFO - [2026-03-21T19:50:06.087+0000] {dagbag.py:588} INFO - Filling up the DagBag from /opt/airflow/dags/import_variable.py
[2026-03-21T19:50:06.110+0000] {processor.py:925} INFO - DAG(s) 'tasklar' retrieved from /opt/airflow/dags/import_variable.py
[2026-03-21T19:50:06.156+0000] {logging_mixin.py:190} INFO - [2026-03-21T19:50:06.155+0000] {dag.py:3239} INFO - Sync 1 DAGs
[2026-03-21T19:50:06.205+0000] {logging_mixin.py:190} INFO - [2026-03-21T19:50:06.205+0000] {dag.py:4180} INFO - Setting next_dagrun for tasklar to 2026-03-19 23:30:00+00:00, run_after=2026-03-20 23:30:00+00:00
[2026-03-21T19:50:06.238+0000] {processor.py:208} INFO - Processing /opt/airflow/dags/import_variable.py took 0.176 seconds
[2026-03-21T19:50:36.852+0000] {processor.py:186} INFO - Started process (PID=31476) to work on /opt/airflow/dags/import_variable.py
[2026-03-21T19:50:36.862+0000] {processor.py:914} INFO - Processing file /opt/airflow/dags/import_variable.py for tasks to queue
[2026-03-21T19:50:36.867+0000] {logging_mixin.py:190} INFO - [2026-03-21T19:50:36.866+0000] {dagbag.py:588} INFO - Filling up the DagBag from /opt/airflow/dags/import_variable.py
[2026-03-21T19:50:36.893+0000] {processor.py:925} INFO - DAG(s) 'tasklar' retrieved from /opt/airflow/dags/import_variable.py
[2026-03-21T19:50:36.938+0000] {logging_mixin.py:190} INFO - [2026-03-21T19:50:36.938+0000] {dag.py:3239} INFO - Sync 1 DAGs
[2026-03-21T19:50:36.986+0000] {logging_mixin.py:190} INFO - [2026-03-21T19:50:36.986+0000] {dag.py:4180} INFO - Setting next_dagrun for tasklar to 2026-03-19 23:30:00+00:00, run_after=2026-03-20 23:30:00+00:00
[2026-03-21T19:50:37.034+0000] {processor.py:208} INFO - Processing /opt/airflow/dags/import_variable.py took 0.193 seconds
[2026-03-21T19:51:07.669+0000] {processor.py:186} INFO - Started process (PID=31517) to work on /opt/airflow/dags/import_variable.py
[2026-03-21T19:51:07.679+0000] {processor.py:914} INFO - Processing file /opt/airflow/dags/import_variable.py for tasks to queue
[2026-03-21T19:51:07.684+0000] {logging_mixin.py:190} INFO - [2026-03-21T19:51:07.683+0000] {dagbag.py:588} INFO - Filling up the DagBag from /opt/airflow/dags/import_variable.py
[2026-03-21T19:51:07.707+0000] {processor.py:925} INFO - DAG(s) 'tasklar' retrieved from /opt/airflow/dags/import_variable.py
[2026-03-21T19:51:07.750+0000] {logging_mixin.py:190} INFO - [2026-03-21T19:51:07.750+0000] {dag.py:3239} INFO - Sync 1 DAGs
[2026-03-21T19:51:07.799+0000] {logging_mixin.py:190} INFO - [2026-03-21T19:51:07.798+0000] {dag.py:4180} INFO - Setting next_dagrun for tasklar to 2026-03-19 23:30:00+00:00, run_after=2026-03-20 23:30:00+00:00
[2026-03-21T19:51:07.839+0000] {processor.py:208} INFO - Processing /opt/airflow/dags/import_variable.py took 0.183 seconds
[2026-03-21T19:51:38.628+0000] {processor.py:186} INFO - Started process (PID=31558) to work on /opt/airflow/dags/import_variable.py
[2026-03-21T19:51:38.639+0000] {processor.py:914} INFO - Processing file /opt/airflow/dags/import_variable.py for tasks to queue
[2026-03-21T19:51:38.644+0000] {logging_mixin.py:190} INFO - [2026-03-21T19:51:38.643+0000] {dagbag.py:588} INFO - Filling up the DagBag from /opt/airflow/dags/import_variable.py
[2026-03-21T19:51:38.667+0000] {processor.py:925} INFO - DAG(s) 'tasklar' retrieved from /opt/airflow/dags/import_variable.py
[2026-03-21T19:51:38.709+0000] {logging_mixin.py:190} INFO - [2026-03-21T19:51:38.708+0000] {dag.py:3239} INFO - Sync 1 DAGs
[2026-03-21T19:51:38.759+0000] {logging_mixin.py:190} INFO - [2026-03-21T19:51:38.759+0000] {dag.py:4180} INFO - Setting next_dagrun for tasklar to 2026-03-19 23:30:00+00:00, run_after=2026-03-20 23:30:00+00:00
[2026-03-21T19:51:38.797+0000] {processor.py:208} INFO - Processing /opt/airflow/dags/import_variable.py took 0.179 seconds
[2026-03-21T19:52:09.562+0000] {processor.py:186} INFO - Started process (PID=31599) to work on /opt/airflow/dags/import_variable.py
[2026-03-21T19:52:09.573+0000] {processor.py:914} INFO - Processing file /opt/airflow/dags/import_variable.py for tasks to queue
[2026-03-21T19:52:09.578+0000] {logging_mixin.py:190} INFO - [2026-03-21T19:52:09.577+0000] {dagbag.py:588} INFO - Filling up the DagBag from /opt/airflow/dags/import_variable.py
[2026-03-21T19:52:09.599+0000] {processor.py:925} INFO - DAG(s) 'tasklar' retrieved from /opt/airflow/dags/import_variable.py
[2026-03-21T19:52:09.641+0000] {logging_mixin.py:190} INFO - [2026-03-21T19:52:09.641+0000] {dag.py:3239} INFO - Sync 1 DAGs
[2026-03-21T19:52:09.689+0000] {logging_mixin.py:190} INFO - [2026-03-21T19:52:09.689+0000] {dag.py:4180} INFO - Setting next_dagrun for tasklar to 2026-03-19 23:30:00+00:00, run_after=2026-03-20 23:30:00+00:00
[2026-03-21T19:52:09.730+0000] {processor.py:208} INFO - Processing /opt/airflow/dags/import_variable.py took 0.181 seconds
[2026-03-21T19:52:40.349+0000] {processor.py:186} INFO - Started process (PID=31646) to work on /opt/airflow/dags/import_variable.py
[2026-03-21T19:52:40.360+0000] {processor.py:914} INFO - Processing file /opt/airflow/dags/import_variable.py for tasks to queue
[2026-03-21T19:52:40.365+0000] {logging_mixin.py:190} INFO - [2026-03-21T19:52:40.364+0000] {dagbag.py:588} INFO - Filling up the DagBag from /opt/airflow/dags/import_variable.py
[2026-03-21T19:52:40.394+0000] {processor.py:925} INFO - DAG(s) 'tasklar' retrieved from /opt/airflow/dags/import_variable.py
[2026-03-21T19:52:40.438+0000] {logging_mixin.py:190} INFO - [2026-03-21T19:52:40.438+0000] {dag.py:3239} INFO - Sync 1 DAGs
[2026-03-21T19:52:40.487+0000] {logging_mixin.py:190} INFO - [2026-03-21T19:52:40.487+0000] {dag.py:4180} INFO - Setting next_dagrun for tasklar to 2026-03-19 23:30:00+00:00, run_after=2026-03-20 23:30:00+00:00
[2026-03-21T19:52:40.532+0000] {processor.py:208} INFO - Processing /opt/airflow/dags/import_variable.py took 0.196 seconds
[2026-03-21T19:53:11.291+0000] {processor.py:186} INFO - Started process (PID=31687) to work on /opt/airflow/dags/import_variable.py
[2026-03-21T19:53:11.301+0000] {processor.py:914} INFO - Processing file /opt/airflow/dags/import_variable.py for tasks to queue
[2026-03-21T19:53:11.307+0000] {logging_mixin.py:190} INFO - [2026-03-21T19:53:11.306+0000] {dagbag.py:588} INFO - Filling up the DagBag from /opt/airflow/dags/import_variable.py
[2026-03-21T19:53:11.327+0000] {processor.py:925} INFO - DAG(s) 'tasklar' retrieved from /opt/airflow/dags/import_variable.py
[2026-03-21T19:53:11.379+0000] {logging_mixin.py:190} INFO - [2026-03-21T19:53:11.379+0000] {dag.py:3239} INFO - Sync 1 DAGs
[2026-03-21T19:53:11.434+0000] {logging_mixin.py:190} INFO - [2026-03-21T19:53:11.433+0000] {dag.py:4180} INFO - Setting next_dagrun for tasklar to 2026-03-19 23:30:00+00:00, run_after=2026-03-20 23:30:00+00:00
[2026-03-21T19:53:11.477+0000] {processor.py:208} INFO - Processing /opt/airflow/dags/import_variable.py took 0.196 seconds
[2026-03-21T19:53:42.242+0000] {processor.py:186} INFO - Started process (PID=31728) to work on /opt/airflow/dags/import_variable.py
[2026-03-21T19:53:42.244+0000] {processor.py:914} INFO - Processing file /opt/airflow/dags/import_variable.py for tasks to queue
[2026-03-21T19:53:42.248+0000] {logging_mixin.py:190} INFO - [2026-03-21T19:53:42.248+0000] {dagbag.py:588} INFO - Filling up the DagBag from /opt/airflow/dags/import_variable.py
[2026-03-21T19:53:42.270+0000] {processor.py:925} INFO - DAG(s) 'tasklar' retrieved from /opt/airflow/dags/import_variable.py
[2026-03-21T19:53:42.311+0000] {logging_mixin.py:190} INFO - [2026-03-21T19:53:42.311+0000] {dag.py:3239} INFO - Sync 1 DAGs
[2026-03-21T19:53:42.357+0000] {logging_mixin.py:190} INFO - [2026-03-21T19:53:42.357+0000] {dag.py:4180} INFO - Setting next_dagrun for tasklar to 2026-03-19 23:30:00+00:00, run_after=2026-03-20 23:30:00+00:00
[2026-03-21T19:53:42.395+0000] {processor.py:208} INFO - Processing /opt/airflow/dags/import_variable.py took 0.164 seconds
[2026-03-21T19:54:12.992+0000] {processor.py:186} INFO - Started process (PID=31769) to work on /opt/airflow/dags/import_variable.py
[2026-03-21T19:54:13.003+0000] {processor.py:914} INFO - Processing file /opt/airflow/dags/import_variable.py for tasks to queue
[2026-03-21T19:54:13.007+0000] {logging_mixin.py:190} INFO - [2026-03-21T19:54:13.006+0000] {dagbag.py:588} INFO - Filling up the DagBag from /opt/airflow/dags/import_variable.py
[2026-03-21T19:54:13.028+0000] {processor.py:925} INFO - DAG(s) 'tasklar' retrieved from /opt/airflow/dags/import_variable.py
[2026-03-21T19:54:13.071+0000] {logging_mixin.py:190} INFO - [2026-03-21T19:54:13.070+0000] {dag.py:3239} INFO - Sync 1 DAGs
[2026-03-21T19:54:13.119+0000] {logging_mixin.py:190} INFO - [2026-03-21T19:54:13.119+0000] {dag.py:4180} INFO - Setting next_dagrun for tasklar to 2026-03-19 23:30:00+00:00, run_after=2026-03-20 23:30:00+00:00
[2026-03-21T19:54:13.156+0000] {processor.py:208} INFO - Processing /opt/airflow/dags/import_variable.py took 0.177 seconds
[2026-03-21T19:54:43.923+0000] {processor.py:186} INFO - Started process (PID=31810) to work on /opt/airflow/dags/import_variable.py
[2026-03-21T19:54:43.924+0000] {processor.py:914} INFO - Processing file /opt/airflow/dags/import_variable.py for tasks to queue
[2026-03-21T19:54:43.928+0000] {logging_mixin.py:190} INFO - [2026-03-21T19:54:43.927+0000] {dagbag.py:588} INFO - Filling up the DagBag from /opt/airflow/dags/import_variable.py
[2026-03-21T19:54:43.950+0000] {processor.py:925} INFO - DAG(s) 'tasklar' retrieved from /opt/airflow/dags/import_variable.py
[2026-03-21T19:54:43.997+0000] {logging_mixin.py:190} INFO - [2026-03-21T19:54:43.996+0000] {dag.py:3239} INFO - Sync 1 DAGs
[2026-03-21T19:54:44.046+0000] {logging_mixin.py:190} INFO - [2026-03-21T19:54:44.045+0000] {dag.py:4180} INFO - Setting next_dagrun for tasklar to 2026-03-19 23:30:00+00:00, run_after=2026-03-20 23:30:00+00:00
[2026-03-21T19:54:44.090+0000] {processor.py:208} INFO - Processing /opt/airflow/dags/import_variable.py took 0.176 seconds
[2026-03-21T19:55:14.709+0000] {processor.py:186} INFO - Started process (PID=31851) to work on /opt/airflow/dags/import_variable.py
[2026-03-21T19:55:14.720+0000] {processor.py:914} INFO - Processing file /opt/airflow/dags/import_variable.py for tasks to queue
[2026-03-21T19:55:14.725+0000] {logging_mixin.py:190} INFO - [2026-03-21T19:55:14.724+0000] {dagbag.py:588} INFO - Filling up the DagBag from /opt/airflow/dags/import_variable.py
[2026-03-21T19:55:14.748+0000] {processor.py:925} INFO - DAG(s) 'tasklar' retrieved from /opt/airflow/dags/import_variable.py
[2026-03-21T19:55:14.799+0000] {logging_mixin.py:190} INFO - [2026-03-21T19:55:14.799+0000] {dag.py:3239} INFO - Sync 1 DAGs
[2026-03-21T19:55:14.848+0000] {logging_mixin.py:190} INFO - [2026-03-21T19:55:14.847+0000] {dag.py:4180} INFO - Setting next_dagrun for tasklar to 2026-03-19 23:30:00+00:00, run_after=2026-03-20 23:30:00+00:00
[2026-03-21T19:55:14.886+0000] {processor.py:208} INFO - Processing /opt/airflow/dags/import_variable.py took 0.188 seconds
[2026-03-21T19:55:45.660+0000] {processor.py:186} INFO - Started process (PID=31892) to work on /opt/airflow/dags/import_variable.py
[2026-03-21T19:55:45.670+0000] {processor.py:914} INFO - Processing file /opt/airflow/dags/import_variable.py for tasks to queue
[2026-03-21T19:55:45.676+0000] {logging_mixin.py:190} INFO - [2026-03-21T19:55:45.675+0000] {dagbag.py:588} INFO - Filling up the DagBag from /opt/airflow/dags/import_variable.py
[2026-03-21T19:55:45.701+0000] {processor.py:925} INFO - DAG(s) 'tasklar' retrieved from /opt/airflow/dags/import_variable.py
[2026-03-21T19:55:45.748+0000] {logging_mixin.py:190} INFO - [2026-03-21T19:55:45.747+0000] {dag.py:3239} INFO - Sync 1 DAGs
[2026-03-21T19:55:45.795+0000] {logging_mixin.py:190} INFO - [2026-03-21T19:55:45.795+0000] {dag.py:4180} INFO - Setting next_dagrun for tasklar to 2026-03-19 23:30:00+00:00, run_after=2026-03-20 23:30:00+00:00
[2026-03-21T19:55:45.831+0000] {processor.py:208} INFO - Processing /opt/airflow/dags/import_variable.py took 0.181 seconds
[2026-03-21T19:56:16.455+0000] {processor.py:186} INFO - Started process (PID=31934) to work on /opt/airflow/dags/import_variable.py
[2026-03-21T19:56:16.457+0000] {processor.py:914} INFO - Processing file /opt/airflow/dags/import_variable.py for tasks to queue
[2026-03-21T19:56:16.461+0000] {logging_mixin.py:190} INFO - [2026-03-21T19:56:16.460+0000] {dagbag.py:588} INFO - Filling up the DagBag from /opt/airflow/dags/import_variable.py
[2026-03-21T19:56:16.482+0000] {processor.py:925} INFO - DAG(s) 'tasklar' retrieved from /opt/airflow/dags/import_variable.py
[2026-03-21T19:56:16.528+0000] {logging_mixin.py:190} INFO - [2026-03-21T19:56:16.528+0000] {dag.py:3239} INFO - Sync 1 DAGs
[2026-03-21T19:56:16.578+0000] {logging_mixin.py:190} INFO - [2026-03-21T19:56:16.578+0000] {dag.py:4180} INFO - Setting next_dagrun for tasklar to 2026-03-19 23:30:00+00:00, run_after=2026-03-20 23:30:00+00:00
[2026-03-21T19:56:16.621+0000] {processor.py:208} INFO - Processing /opt/airflow/dags/import_variable.py took 0.176 seconds
[2026-03-21T19:56:47.242+0000] {processor.py:186} INFO - Started process (PID=31975) to work on /opt/airflow/dags/import_variable.py
[2026-03-21T19:56:47.244+0000] {processor.py:914} INFO - Processing file /opt/airflow/dags/import_variable.py for tasks to queue
[2026-03-21T19:56:47.248+0000] {logging_mixin.py:190} INFO - [2026-03-21T19:56:47.248+0000] {dagbag.py:588} INFO - Filling up the DagBag from /opt/airflow/dags/import_variable.py
[2026-03-21T19:56:47.271+0000] {processor.py:925} INFO - DAG(s) 'tasklar' retrieved from /opt/airflow/dags/import_variable.py
[2026-03-21T19:56:47.315+0000] {logging_mixin.py:190} INFO - [2026-03-21T19:56:47.315+0000] {dag.py:3239} INFO - Sync 1 DAGs
[2026-03-21T19:56:47.364+0000] {logging_mixin.py:190} INFO - [2026-03-21T19:56:47.364+0000] {dag.py:4180} INFO - Setting next_dagrun for tasklar to 2026-03-19 23:30:00+00:00, run_after=2026-03-20 23:30:00+00:00
[2026-03-21T19:56:47.400+0000] {processor.py:208} INFO - Processing /opt/airflow/dags/import_variable.py took 0.168 seconds
[2026-03-21T19:57:18.202+0000] {processor.py:186} INFO - Started process (PID=32016) to work on /opt/airflow/dags/import_variable.py
[2026-03-21T19:57:18.213+0000] {processor.py:914} INFO - Processing file /opt/airflow/dags/import_variable.py for tasks to queue
[2026-03-21T19:57:18.219+0000] {logging_mixin.py:190} INFO - [2026-03-21T19:57:18.218+0000] {dagbag.py:588} INFO - Filling up the DagBag from /opt/airflow/dags/import_variable.py
[2026-03-21T19:57:18.254+0000] {processor.py:925} INFO - DAG(s) 'tasklar' retrieved from /opt/airflow/dags/import_variable.py
[2026-03-21T19:57:18.303+0000] {logging_mixin.py:190} INFO - [2026-03-21T19:57:18.302+0000] {dag.py:3239} INFO - Sync 1 DAGs
[2026-03-21T19:57:18.355+0000] {logging_mixin.py:190} INFO - [2026-03-21T19:57:18.354+0000] {dag.py:4180} INFO - Setting next_dagrun for tasklar to 2026-03-19 23:30:00+00:00, run_after=2026-03-20 23:30:00+00:00
[2026-03-21T19:57:18.391+0000] {processor.py:208} INFO - Processing /opt/airflow/dags/import_variable.py took 0.203 seconds
[2026-03-21T19:57:49.174+0000] {processor.py:186} INFO - Started process (PID=32057) to work on /opt/airflow/dags/import_variable.py
[2026-03-21T19:57:49.184+0000] {processor.py:914} INFO - Processing file /opt/airflow/dags/import_variable.py for tasks to queue
[2026-03-21T19:57:49.189+0000] {logging_mixin.py:190} INFO - [2026-03-21T19:57:49.188+0000] {dagbag.py:588} INFO - Filling up the DagBag from /opt/airflow/dags/import_variable.py
[2026-03-21T19:57:49.212+0000] {processor.py:925} INFO - DAG(s) 'tasklar' retrieved from /opt/airflow/dags/import_variable.py
[2026-03-21T19:57:49.257+0000] {logging_mixin.py:190} INFO - [2026-03-21T19:57:49.257+0000] {dag.py:3239} INFO - Sync 1 DAGs
[2026-03-21T19:57:49.319+0000] {logging_mixin.py:190} INFO - [2026-03-21T19:57:49.318+0000] {dag.py:4180} INFO - Setting next_dagrun for tasklar to 2026-03-19 23:30:00+00:00, run_after=2026-03-20 23:30:00+00:00
[2026-03-21T19:57:49.356+0000] {processor.py:208} INFO - Processing /opt/airflow/dags/import_variable.py took 0.194 seconds
[2026-03-21T19:58:20.160+0000] {processor.py:186} INFO - Started process (PID=32098) to work on /opt/airflow/dags/import_variable.py
[2026-03-21T19:58:20.171+0000] {processor.py:914} INFO - Processing file /opt/airflow/dags/import_variable.py for tasks to queue
[2026-03-21T19:58:20.176+0000] {logging_mixin.py:190} INFO - [2026-03-21T19:58:20.176+0000] {dagbag.py:588} INFO - Filling up the DagBag from /opt/airflow/dags/import_variable.py
[2026-03-21T19:58:20.204+0000] {processor.py:925} INFO - DAG(s) 'tasklar' retrieved from /opt/airflow/dags/import_variable.py
[2026-03-21T19:58:20.250+0000] {logging_mixin.py:190} INFO - [2026-03-21T19:58:20.249+0000] {dag.py:3239} INFO - Sync 1 DAGs
[2026-03-21T19:58:20.309+0000] {logging_mixin.py:190} INFO - [2026-03-21T19:58:20.308+0000] {dag.py:4180} INFO - Setting next_dagrun for tasklar to 2026-03-19 23:30:00+00:00, run_after=2026-03-20 23:30:00+00:00
[2026-03-21T19:58:20.352+0000] {processor.py:208} INFO - Processing /opt/airflow/dags/import_variable.py took 0.201 seconds
[2026-03-21T19:58:51.110+0000] {processor.py:186} INFO - Started process (PID=32139) to work on /opt/airflow/dags/import_variable.py
[2026-03-21T19:58:51.121+0000] {processor.py:914} INFO - Processing file /opt/airflow/dags/import_variable.py for tasks to queue
[2026-03-21T19:58:51.127+0000] {logging_mixin.py:190} INFO - [2026-03-21T19:58:51.127+0000] {dagbag.py:588} INFO - Filling up the DagBag from /opt/airflow/dags/import_variable.py
[2026-03-21T19:58:51.149+0000] {processor.py:925} INFO - DAG(s) 'tasklar' retrieved from /opt/airflow/dags/import_variable.py
[2026-03-21T19:58:51.197+0000] {logging_mixin.py:190} INFO - [2026-03-21T19:58:51.196+0000] {dag.py:3239} INFO - Sync 1 DAGs
[2026-03-21T19:58:51.247+0000] {logging_mixin.py:190} INFO - [2026-03-21T19:58:51.246+0000] {dag.py:4180} INFO - Setting next_dagrun for tasklar to 2026-03-19 23:30:00+00:00, run_after=2026-03-20 23:30:00+00:00
[2026-03-21T19:58:51.290+0000] {processor.py:208} INFO - Processing /opt/airflow/dags/import_variable.py took 0.190 seconds
[2026-03-21T19:59:22.069+0000] {processor.py:186} INFO - Started process (PID=32180) to work on /opt/airflow/dags/import_variable.py
[2026-03-21T19:59:22.080+0000] {processor.py:914} INFO - Processing file /opt/airflow/dags/import_variable.py for tasks to queue
[2026-03-21T19:59:22.084+0000] {logging_mixin.py:190} INFO - [2026-03-21T19:59:22.084+0000] {dagbag.py:588} INFO - Filling up the DagBag from /opt/airflow/dags/import_variable.py
[2026-03-21T19:59:22.108+0000] {processor.py:925} INFO - DAG(s) 'tasklar' retrieved from /opt/airflow/dags/import_variable.py
[2026-03-21T19:59:22.153+0000] {logging_mixin.py:190} INFO - [2026-03-21T19:59:22.153+0000] {dag.py:3239} INFO - Sync 1 DAGs
[2026-03-21T19:59:22.209+0000] {logging_mixin.py:190} INFO - [2026-03-21T19:59:22.209+0000] {dag.py:4180} INFO - Setting next_dagrun for tasklar to 2026-03-19 23:30:00+00:00, run_after=2026-03-20 23:30:00+00:00
[2026-03-21T19:59:22.245+0000] {processor.py:208} INFO - Processing /opt/airflow/dags/import_variable.py took 0.186 seconds
[2026-03-21T19:59:53.062+0000] {processor.py:186} INFO - Started process (PID=32221) to work on /opt/airflow/dags/import_variable.py
[2026-03-21T19:59:53.072+0000] {processor.py:914} INFO - Processing file /opt/airflow/dags/import_variable.py for tasks to queue
[2026-03-21T19:59:53.077+0000] {logging_mixin.py:190} INFO - [2026-03-21T19:59:53.076+0000] {dagbag.py:588} INFO - Filling up the DagBag from /opt/airflow/dags/import_variable.py
[2026-03-21T19:59:53.102+0000] {processor.py:925} INFO - DAG(s) 'tasklar' retrieved from /opt/airflow/dags/import_variable.py
[2026-03-21T19:59:53.152+0000] {logging_mixin.py:190} INFO - [2026-03-21T19:59:53.152+0000] {dag.py:3239} INFO - Sync 1 DAGs
[2026-03-21T19:59:53.214+0000] {logging_mixin.py:190} INFO - [2026-03-21T19:59:53.213+0000] {dag.py:4180} INFO - Setting next_dagrun for tasklar to 2026-03-19 23:30:00+00:00, run_after=2026-03-20 23:30:00+00:00
[2026-03-21T19:59:53.258+0000] {processor.py:208} INFO - Processing /opt/airflow/dags/import_variable.py took 0.205 seconds
[2026-03-21T20:00:23.870+0000] {processor.py:186} INFO - Started process (PID=32262) to work on /opt/airflow/dags/import_variable.py
[2026-03-21T20:00:23.881+0000] {processor.py:914} INFO - Processing file /opt/airflow/dags/import_variable.py for tasks to queue
[2026-03-21T20:00:23.886+0000] {logging_mixin.py:190} INFO - [2026-03-21T20:00:23.886+0000] {dagbag.py:588} INFO - Filling up the DagBag from /opt/airflow/dags/import_variable.py
[2026-03-21T20:00:23.905+0000] {processor.py:925} INFO - DAG(s) 'tasklar' retrieved from /opt/airflow/dags/import_variable.py
[2026-03-21T20:00:23.952+0000] {logging_mixin.py:190} INFO - [2026-03-21T20:00:23.951+0000] {dag.py:3239} INFO - Sync 1 DAGs
[2026-03-21T20:00:24.005+0000] {logging_mixin.py:190} INFO - [2026-03-21T20:00:24.004+0000] {dag.py:4180} INFO - Setting next_dagrun for tasklar to 2026-03-19 23:30:00+00:00, run_after=2026-03-20 23:30:00+00:00
[2026-03-21T20:00:24.048+0000] {processor.py:208} INFO - Processing /opt/airflow/dags/import_variable.py took 0.189 seconds
[2026-03-21T20:00:54.829+0000] {processor.py:186} INFO - Started process (PID=32303) to work on /opt/airflow/dags/import_variable.py
[2026-03-21T20:00:54.833+0000] {processor.py:914} INFO - Processing file /opt/airflow/dags/import_variable.py for tasks to queue
[2026-03-21T20:00:54.838+0000] {logging_mixin.py:190} INFO - [2026-03-21T20:00:54.837+0000] {dagbag.py:588} INFO - Filling up the DagBag from /opt/airflow/dags/import_variable.py
[2026-03-21T20:00:54.864+0000] {processor.py:925} INFO - DAG(s) 'tasklar' retrieved from /opt/airflow/dags/import_variable.py
[2026-03-21T20:00:54.917+0000] {logging_mixin.py:190} INFO - [2026-03-21T20:00:54.917+0000] {dag.py:3239} INFO - Sync 1 DAGs
[2026-03-21T20:00:54.976+0000] {logging_mixin.py:190} INFO - [2026-03-21T20:00:54.975+0000] {dag.py:4180} INFO - Setting next_dagrun for tasklar to 2026-03-19 23:30:00+00:00, run_after=2026-03-20 23:30:00+00:00
[2026-03-21T20:00:55.017+0000] {processor.py:208} INFO - Processing /opt/airflow/dags/import_variable.py took 0.199 seconds
[2026-03-21T20:01:25.636+0000] {processor.py:186} INFO - Started process (PID=32344) to work on /opt/airflow/dags/import_variable.py
[2026-03-21T20:01:25.646+0000] {processor.py:914} INFO - Processing file /opt/airflow/dags/import_variable.py for tasks to queue
[2026-03-21T20:01:25.651+0000] {logging_mixin.py:190} INFO - [2026-03-21T20:01:25.651+0000] {dagbag.py:588} INFO - Filling up the DagBag from /opt/airflow/dags/import_variable.py
[2026-03-21T20:01:25.675+0000] {processor.py:925} INFO - DAG(s) 'tasklar' retrieved from /opt/airflow/dags/import_variable.py
[2026-03-21T20:01:25.721+0000] {logging_mixin.py:190} INFO - [2026-03-21T20:01:25.720+0000] {dag.py:3239} INFO - Sync 1 DAGs
[2026-03-21T20:01:25.772+0000] {logging_mixin.py:190} INFO - [2026-03-21T20:01:25.771+0000] {dag.py:4180} INFO - Setting next_dagrun for tasklar to 2026-03-19 23:30:00+00:00, run_after=2026-03-20 23:30:00+00:00
[2026-03-21T20:01:25.809+0000] {processor.py:208} INFO - Processing /opt/airflow/dags/import_variable.py took 0.184 seconds
[2026-03-21T20:01:56.449+0000] {processor.py:186} INFO - Started process (PID=32385) to work on /opt/airflow/dags/import_variable.py
[2026-03-21T20:01:56.459+0000] {processor.py:914} INFO - Processing file /opt/airflow/dags/import_variable.py for tasks to queue
[2026-03-21T20:01:56.463+0000] {logging_mixin.py:190} INFO - [2026-03-21T20:01:56.463+0000] {dagbag.py:588} INFO - Filling up the DagBag from /opt/airflow/dags/import_variable.py
[2026-03-21T20:01:56.487+0000] {processor.py:925} INFO - DAG(s) 'tasklar' retrieved from /opt/airflow/dags/import_variable.py
[2026-03-21T20:01:56.528+0000] {logging_mixin.py:190} INFO - [2026-03-21T20:01:56.528+0000] {dag.py:3239} INFO - Sync 1 DAGs
[2026-03-21T20:01:56.582+0000] {logging_mixin.py:190} INFO - [2026-03-21T20:01:56.582+0000] {dag.py:4180} INFO - Setting next_dagrun for tasklar to 2026-03-19 23:30:00+00:00, run_after=2026-03-20 23:30:00+00:00
[2026-03-21T20:01:56.625+0000] {processor.py:208} INFO - Processing /opt/airflow/dags/import_variable.py took 0.186 seconds
[2026-03-21T20:02:27.439+0000] {processor.py:186} INFO - Started process (PID=32426) to work on /opt/airflow/dags/import_variable.py
[2026-03-21T20:02:27.449+0000] {processor.py:914} INFO - Processing file /opt/airflow/dags/import_variable.py for tasks to queue
[2026-03-21T20:02:27.454+0000] {logging_mixin.py:190} INFO - [2026-03-21T20:02:27.453+0000] {dagbag.py:588} INFO - Filling up the DagBag from /opt/airflow/dags/import_variable.py
[2026-03-21T20:02:27.478+0000] {processor.py:925} INFO - DAG(s) 'tasklar' retrieved from /opt/airflow/dags/import_variable.py
[2026-03-21T20:02:27.523+0000] {logging_mixin.py:190} INFO - [2026-03-21T20:02:27.523+0000] {dag.py:3239} INFO - Sync 1 DAGs
[2026-03-21T20:02:27.569+0000] {logging_mixin.py:190} INFO - [2026-03-21T20:02:27.569+0000] {dag.py:4180} INFO - Setting next_dagrun for tasklar to 2026-03-19 23:30:00+00:00, run_after=2026-03-20 23:30:00+00:00
[2026-03-21T20:02:27.603+0000] {processor.py:208} INFO - Processing /opt/airflow/dags/import_variable.py took 0.175 seconds
[2026-03-21T20:02:58.244+0000] {processor.py:186} INFO - Started process (PID=32467) to work on /opt/airflow/dags/import_variable.py
[2026-03-21T20:02:58.246+0000] {processor.py:914} INFO - Processing file /opt/airflow/dags/import_variable.py for tasks to queue
[2026-03-21T20:02:58.251+0000] {logging_mixin.py:190} INFO - [2026-03-21T20:02:58.251+0000] {dagbag.py:588} INFO - Filling up the DagBag from /opt/airflow/dags/import_variable.py
[2026-03-21T20:02:58.273+0000] {processor.py:925} INFO - DAG(s) 'tasklar' retrieved from /opt/airflow/dags/import_variable.py
[2026-03-21T20:02:58.318+0000] {logging_mixin.py:190} INFO - [2026-03-21T20:02:58.318+0000] {dag.py:3239} INFO - Sync 1 DAGs
[2026-03-21T20:02:58.369+0000] {logging_mixin.py:190} INFO - [2026-03-21T20:02:58.368+0000] {dag.py:4180} INFO - Setting next_dagrun for tasklar to 2026-03-19 23:30:00+00:00, run_after=2026-03-20 23:30:00+00:00
[2026-03-21T20:02:58.414+0000] {processor.py:208} INFO - Processing /opt/airflow/dags/import_variable.py took 0.179 seconds
[2026-03-21T20:03:29.099+0000] {processor.py:186} INFO - Started process (PID=32508) to work on /opt/airflow/dags/import_variable.py
[2026-03-21T20:03:29.110+0000] {processor.py:914} INFO - Processing file /opt/airflow/dags/import_variable.py for tasks to queue
[2026-03-21T20:03:29.116+0000] {logging_mixin.py:190} INFO - [2026-03-21T20:03:29.115+0000] {dagbag.py:588} INFO - Filling up the DagBag from /opt/airflow/dags/import_variable.py
[2026-03-21T20:03:29.143+0000] {processor.py:925} INFO - DAG(s) 'tasklar' retrieved from /opt/airflow/dags/import_variable.py
[2026-03-21T20:03:29.200+0000] {logging_mixin.py:190} INFO - [2026-03-21T20:03:29.199+0000] {dag.py:3239} INFO - Sync 1 DAGs
[2026-03-21T20:03:29.263+0000] {logging_mixin.py:190} INFO - [2026-03-21T20:03:29.262+0000] {dag.py:4180} INFO - Setting next_dagrun for tasklar to 2026-03-19 23:30:00+00:00, run_after=2026-03-20 23:30:00+00:00
[2026-03-21T20:03:29.315+0000] {processor.py:208} INFO - Processing /opt/airflow/dags/import_variable.py took 0.227 seconds
[2026-03-21T20:03:59.955+0000] {processor.py:186} INFO - Started process (PID=32549) to work on /opt/airflow/dags/import_variable.py
[2026-03-21T20:03:59.966+0000] {processor.py:914} INFO - Processing file /opt/airflow/dags/import_variable.py for tasks to queue
[2026-03-21T20:03:59.972+0000] {logging_mixin.py:190} INFO - [2026-03-21T20:03:59.972+0000] {dagbag.py:588} INFO - Filling up the DagBag from /opt/airflow/dags/import_variable.py
[2026-03-21T20:03:59.995+0000] {processor.py:925} INFO - DAG(s) 'tasklar' retrieved from /opt/airflow/dags/import_variable.py
[2026-03-21T20:04:00.042+0000] {logging_mixin.py:190} INFO - [2026-03-21T20:04:00.041+0000] {dag.py:3239} INFO - Sync 1 DAGs
[2026-03-21T20:04:00.093+0000] {logging_mixin.py:190} INFO - [2026-03-21T20:04:00.093+0000] {dag.py:4180} INFO - Setting next_dagrun for tasklar to 2026-03-19 23:30:00+00:00, run_after=2026-03-20 23:30:00+00:00
[2026-03-21T20:04:00.145+0000] {processor.py:208} INFO - Processing /opt/airflow/dags/import_variable.py took 0.199 seconds
[2026-03-21T20:04:30.806+0000] {processor.py:186} INFO - Started process (PID=32590) to work on /opt/airflow/dags/import_variable.py
[2026-03-21T20:04:30.816+0000] {processor.py:914} INFO - Processing file /opt/airflow/dags/import_variable.py for tasks to queue
[2026-03-21T20:04:30.821+0000] {logging_mixin.py:190} INFO - [2026-03-21T20:04:30.821+0000] {dagbag.py:588} INFO - Filling up the DagBag from /opt/airflow/dags/import_variable.py
[2026-03-21T20:04:30.845+0000] {processor.py:925} INFO - DAG(s) 'tasklar' retrieved from /opt/airflow/dags/import_variable.py
[2026-03-21T20:04:30.887+0000] {logging_mixin.py:190} INFO - [2026-03-21T20:04:30.887+0000] {dag.py:3239} INFO - Sync 1 DAGs
[2026-03-21T20:04:30.944+0000] {logging_mixin.py:190} INFO - [2026-03-21T20:04:30.943+0000] {dag.py:4180} INFO - Setting next_dagrun for tasklar to 2026-03-19 23:30:00+00:00, run_after=2026-03-20 23:30:00+00:00
[2026-03-21T20:04:30.980+0000] {processor.py:208} INFO - Processing /opt/airflow/dags/import_variable.py took 0.184 seconds
[2026-03-21T20:05:01.881+0000] {processor.py:186} INFO - Started process (PID=32631) to work on /opt/airflow/dags/import_variable.py
[2026-03-21T20:05:01.892+0000] {processor.py:914} INFO - Processing file /opt/airflow/dags/import_variable.py for tasks to queue
[2026-03-21T20:05:01.898+0000] {logging_mixin.py:190} INFO - [2026-03-21T20:05:01.897+0000] {dagbag.py:588} INFO - Filling up the DagBag from /opt/airflow/dags/import_variable.py
[2026-03-21T20:05:01.927+0000] {processor.py:925} INFO - DAG(s) 'tasklar' retrieved from /opt/airflow/dags/import_variable.py
[2026-03-21T20:05:01.984+0000] {logging_mixin.py:190} INFO - [2026-03-21T20:05:01.983+0000] {dag.py:3239} INFO - Sync 1 DAGs
[2026-03-21T20:05:02.047+0000] {logging_mixin.py:190} INFO - [2026-03-21T20:05:02.046+0000] {dag.py:4180} INFO - Setting next_dagrun for tasklar to 2026-03-19 23:30:00+00:00, run_after=2026-03-20 23:30:00+00:00
[2026-03-21T20:05:02.093+0000] {processor.py:208} INFO - Processing /opt/airflow/dags/import_variable.py took 0.226 seconds
[2026-03-21T20:05:32.934+0000] {processor.py:186} INFO - Started process (PID=32672) to work on /opt/airflow/dags/import_variable.py
[2026-03-21T20:05:32.944+0000] {processor.py:914} INFO - Processing file /opt/airflow/dags/import_variable.py for tasks to queue
[2026-03-21T20:05:32.948+0000] {logging_mixin.py:190} INFO - [2026-03-21T20:05:32.948+0000] {dagbag.py:588} INFO - Filling up the DagBag from /opt/airflow/dags/import_variable.py
[2026-03-21T20:05:32.969+0000] {processor.py:925} INFO - DAG(s) 'tasklar' retrieved from /opt/airflow/dags/import_variable.py
[2026-03-21T20:05:33.015+0000] {logging_mixin.py:190} INFO - [2026-03-21T20:05:33.015+0000] {dag.py:3239} INFO - Sync 1 DAGs
[2026-03-21T20:05:33.069+0000] {logging_mixin.py:190} INFO - [2026-03-21T20:05:33.069+0000] {dag.py:4180} INFO - Setting next_dagrun for tasklar to 2026-03-19 23:30:00+00:00, run_after=2026-03-20 23:30:00+00:00
[2026-03-21T20:05:33.103+0000] {processor.py:208} INFO - Processing /opt/airflow/dags/import_variable.py took 0.179 seconds
[2026-03-21T20:06:03.711+0000] {processor.py:186} INFO - Started process (PID=32713) to work on /opt/airflow/dags/import_variable.py
[2026-03-21T20:06:03.721+0000] {processor.py:914} INFO - Processing file /opt/airflow/dags/import_variable.py for tasks to queue
[2026-03-21T20:06:03.727+0000] {logging_mixin.py:190} INFO - [2026-03-21T20:06:03.726+0000] {dagbag.py:588} INFO - Filling up the DagBag from /opt/airflow/dags/import_variable.py
[2026-03-21T20:06:03.750+0000] {processor.py:925} INFO - DAG(s) 'tasklar' retrieved from /opt/airflow/dags/import_variable.py
[2026-03-21T20:06:03.797+0000] {logging_mixin.py:190} INFO - [2026-03-21T20:06:03.796+0000] {dag.py:3239} INFO - Sync 1 DAGs
[2026-03-21T20:06:03.848+0000] {logging_mixin.py:190} INFO - [2026-03-21T20:06:03.847+0000] {dag.py:4180} INFO - Setting next_dagrun for tasklar to 2026-03-19 23:30:00+00:00, run_after=2026-03-20 23:30:00+00:00
[2026-03-21T20:06:03.894+0000] {processor.py:208} INFO - Processing /opt/airflow/dags/import_variable.py took 0.193 seconds
[2026-03-21T20:06:34.502+0000] {processor.py:186} INFO - Started process (PID=32754) to work on /opt/airflow/dags/import_variable.py
[2026-03-21T20:06:34.504+0000] {processor.py:914} INFO - Processing file /opt/airflow/dags/import_variable.py for tasks to queue
[2026-03-21T20:06:34.508+0000] {logging_mixin.py:190} INFO - [2026-03-21T20:06:34.507+0000] {dagbag.py:588} INFO - Filling up the DagBag from /opt/airflow/dags/import_variable.py
[2026-03-21T20:06:34.531+0000] {processor.py:925} INFO - DAG(s) 'tasklar' retrieved from /opt/airflow/dags/import_variable.py
[2026-03-21T20:06:34.580+0000] {logging_mixin.py:190} INFO - [2026-03-21T20:06:34.579+0000] {dag.py:3239} INFO - Sync 1 DAGs
[2026-03-21T20:06:34.629+0000] {logging_mixin.py:190} INFO - [2026-03-21T20:06:34.629+0000] {dag.py:4180} INFO - Setting next_dagrun for tasklar to 2026-03-19 23:30:00+00:00, run_after=2026-03-20 23:30:00+00:00
[2026-03-21T20:06:34.665+0000] {processor.py:208} INFO - Processing /opt/airflow/dags/import_variable.py took 0.173 seconds
[2026-03-21T20:07:05.302+0000] {processor.py:186} INFO - Started process (PID=32795) to work on /opt/airflow/dags/import_variable.py
[2026-03-21T20:07:05.312+0000] {processor.py:914} INFO - Processing file /opt/airflow/dags/import_variable.py for tasks to queue
[2026-03-21T20:07:05.318+0000] {logging_mixin.py:190} INFO - [2026-03-21T20:07:05.317+0000] {dagbag.py:588} INFO - Filling up the DagBag from /opt/airflow/dags/import_variable.py
[2026-03-21T20:07:05.343+0000] {processor.py:925} INFO - DAG(s) 'tasklar' retrieved from /opt/airflow/dags/import_variable.py
[2026-03-21T20:07:05.387+0000] {logging_mixin.py:190} INFO - [2026-03-21T20:07:05.387+0000] {dag.py:3239} INFO - Sync 1 DAGs
[2026-03-21T20:07:05.440+0000] {logging_mixin.py:190} INFO - [2026-03-21T20:07:05.439+0000] {dag.py:4180} INFO - Setting next_dagrun for tasklar to 2026-03-19 23:30:00+00:00, run_after=2026-03-20 23:30:00+00:00
[2026-03-21T20:07:05.474+0000] {processor.py:208} INFO - Processing /opt/airflow/dags/import_variable.py took 0.182 seconds
[2026-03-21T20:07:36.225+0000] {processor.py:186} INFO - Started process (PID=32836) to work on /opt/airflow/dags/import_variable.py
[2026-03-21T20:07:36.236+0000] {processor.py:914} INFO - Processing file /opt/airflow/dags/import_variable.py for tasks to queue
[2026-03-21T20:07:36.241+0000] {logging_mixin.py:190} INFO - [2026-03-21T20:07:36.240+0000] {dagbag.py:588} INFO - Filling up the DagBag from /opt/airflow/dags/import_variable.py
[2026-03-21T20:07:36.262+0000] {processor.py:925} INFO - DAG(s) 'tasklar' retrieved from /opt/airflow/dags/import_variable.py
[2026-03-21T20:07:36.309+0000] {logging_mixin.py:190} INFO - [2026-03-21T20:07:36.308+0000] {dag.py:3239} INFO - Sync 1 DAGs
[2026-03-21T20:07:36.359+0000] {logging_mixin.py:190} INFO - [2026-03-21T20:07:36.358+0000] {dag.py:4180} INFO - Setting next_dagrun for tasklar to 2026-03-19 23:30:00+00:00, run_after=2026-03-20 23:30:00+00:00
[2026-03-21T20:07:36.399+0000] {processor.py:208} INFO - Processing /opt/airflow/dags/import_variable.py took 0.184 seconds
[2026-03-21T20:08:07.000+0000] {processor.py:186} INFO - Started process (PID=32877) to work on /opt/airflow/dags/import_variable.py
[2026-03-21T20:08:07.010+0000] {processor.py:914} INFO - Processing file /opt/airflow/dags/import_variable.py for tasks to queue
[2026-03-21T20:08:07.016+0000] {logging_mixin.py:190} INFO - [2026-03-21T20:08:07.015+0000] {dagbag.py:588} INFO - Filling up the DagBag from /opt/airflow/dags/import_variable.py
[2026-03-21T20:08:07.041+0000] {processor.py:925} INFO - DAG(s) 'tasklar' retrieved from /opt/airflow/dags/import_variable.py
[2026-03-21T20:08:07.083+0000] {logging_mixin.py:190} INFO - [2026-03-21T20:08:07.083+0000] {dag.py:3239} INFO - Sync 1 DAGs
[2026-03-21T20:08:07.130+0000] {logging_mixin.py:190} INFO - [2026-03-21T20:08:07.129+0000] {dag.py:4180} INFO - Setting next_dagrun for tasklar to 2026-03-19 23:30:00+00:00, run_after=2026-03-20 23:30:00+00:00
[2026-03-21T20:08:07.169+0000] {processor.py:208} INFO - Processing /opt/airflow/dags/import_variable.py took 0.182 seconds
[2026-03-21T20:08:37.945+0000] {processor.py:186} INFO - Started process (PID=32918) to work on /opt/airflow/dags/import_variable.py
[2026-03-21T20:08:37.946+0000] {processor.py:914} INFO - Processing file /opt/airflow/dags/import_variable.py for tasks to queue
[2026-03-21T20:08:37.950+0000] {logging_mixin.py:190} INFO - [2026-03-21T20:08:37.950+0000] {dagbag.py:588} INFO - Filling up the DagBag from /opt/airflow/dags/import_variable.py
[2026-03-21T20:08:37.979+0000] {processor.py:925} INFO - DAG(s) 'tasklar' retrieved from /opt/airflow/dags/import_variable.py
[2026-03-21T20:08:38.029+0000] {logging_mixin.py:190} INFO - [2026-03-21T20:08:38.029+0000] {dag.py:3239} INFO - Sync 1 DAGs
[2026-03-21T20:08:38.084+0000] {logging_mixin.py:190} INFO - [2026-03-21T20:08:38.083+0000] {dag.py:4180} INFO - Setting next_dagrun for tasklar to 2026-03-19 23:30:00+00:00, run_after=2026-03-20 23:30:00+00:00
[2026-03-21T20:08:38.116+0000] {processor.py:208} INFO - Processing /opt/airflow/dags/import_variable.py took 0.182 seconds
[2026-03-21T20:09:08.747+0000] {processor.py:186} INFO - Started process (PID=32959) to work on /opt/airflow/dags/import_variable.py
[2026-03-21T20:09:08.748+0000] {processor.py:914} INFO - Processing file /opt/airflow/dags/import_variable.py for tasks to queue
[2026-03-21T20:09:08.753+0000] {logging_mixin.py:190} INFO - [2026-03-21T20:09:08.752+0000] {dagbag.py:588} INFO - Filling up the DagBag from /opt/airflow/dags/import_variable.py
[2026-03-21T20:09:08.775+0000] {processor.py:925} INFO - DAG(s) 'tasklar' retrieved from /opt/airflow/dags/import_variable.py
[2026-03-21T20:09:08.821+0000] {logging_mixin.py:190} INFO - [2026-03-21T20:09:08.821+0000] {dag.py:3239} INFO - Sync 1 DAGs
[2026-03-21T20:09:08.875+0000] {logging_mixin.py:190} INFO - [2026-03-21T20:09:08.875+0000] {dag.py:4180} INFO - Setting next_dagrun for tasklar to 2026-03-19 23:30:00+00:00, run_after=2026-03-20 23:30:00+00:00
[2026-03-21T20:09:08.916+0000] {processor.py:208} INFO - Processing /opt/airflow/dags/import_variable.py took 0.178 seconds
[2026-03-21T20:09:39.527+0000] {processor.py:186} INFO - Started process (PID=33000) to work on /opt/airflow/dags/import_variable.py
[2026-03-21T20:09:39.538+0000] {processor.py:914} INFO - Processing file /opt/airflow/dags/import_variable.py for tasks to queue
[2026-03-21T20:09:39.541+0000] {logging_mixin.py:190} INFO - [2026-03-21T20:09:39.541+0000] {dagbag.py:588} INFO - Filling up the DagBag from /opt/airflow/dags/import_variable.py
[2026-03-21T20:09:39.562+0000] {processor.py:925} INFO - DAG(s) 'tasklar' retrieved from /opt/airflow/dags/import_variable.py
[2026-03-21T20:09:39.612+0000] {logging_mixin.py:190} INFO - [2026-03-21T20:09:39.612+0000] {dag.py:3239} INFO - Sync 1 DAGs
[2026-03-21T20:09:39.663+0000] {logging_mixin.py:190} INFO - [2026-03-21T20:09:39.662+0000] {dag.py:4180} INFO - Setting next_dagrun for tasklar to 2026-03-19 23:30:00+00:00, run_after=2026-03-20 23:30:00+00:00
[2026-03-21T20:09:39.697+0000] {processor.py:208} INFO - Processing /opt/airflow/dags/import_variable.py took 0.183 seconds
[2026-03-21T20:10:10.434+0000] {processor.py:186} INFO - Started process (PID=33041) to work on /opt/airflow/dags/import_variable.py
[2026-03-21T20:10:10.444+0000] {processor.py:914} INFO - Processing file /opt/airflow/dags/import_variable.py for tasks to queue
[2026-03-21T20:10:10.448+0000] {logging_mixin.py:190} INFO - [2026-03-21T20:10:10.447+0000] {dagbag.py:588} INFO - Filling up the DagBag from /opt/airflow/dags/import_variable.py
[2026-03-21T20:10:10.469+0000] {processor.py:925} INFO - DAG(s) 'tasklar' retrieved from /opt/airflow/dags/import_variable.py
[2026-03-21T20:10:10.513+0000] {logging_mixin.py:190} INFO - [2026-03-21T20:10:10.512+0000] {dag.py:3239} INFO - Sync 1 DAGs
[2026-03-21T20:10:10.561+0000] {logging_mixin.py:190} INFO - [2026-03-21T20:10:10.561+0000] {dag.py:4180} INFO - Setting next_dagrun for tasklar to 2026-03-19 23:30:00+00:00, run_after=2026-03-20 23:30:00+00:00
[2026-03-21T20:10:10.595+0000] {processor.py:208} INFO - Processing /opt/airflow/dags/import_variable.py took 0.171 seconds
[2026-03-21T20:10:41.193+0000] {processor.py:186} INFO - Started process (PID=33082) to work on /opt/airflow/dags/import_variable.py
[2026-03-21T20:10:41.203+0000] {processor.py:914} INFO - Processing file /opt/airflow/dags/import_variable.py for tasks to queue
[2026-03-21T20:10:41.209+0000] {logging_mixin.py:190} INFO - [2026-03-21T20:10:41.208+0000] {dagbag.py:588} INFO - Filling up the DagBag from /opt/airflow/dags/import_variable.py
[2026-03-21T20:10:41.232+0000] {processor.py:925} INFO - DAG(s) 'tasklar' retrieved from /opt/airflow/dags/import_variable.py
[2026-03-21T20:10:41.281+0000] {logging_mixin.py:190} INFO - [2026-03-21T20:10:41.281+0000] {dag.py:3239} INFO - Sync 1 DAGs
[2026-03-21T20:10:41.333+0000] {logging_mixin.py:190} INFO - [2026-03-21T20:10:41.332+0000] {dag.py:4180} INFO - Setting next_dagrun for tasklar to 2026-03-19 23:30:00+00:00, run_after=2026-03-20 23:30:00+00:00
[2026-03-21T20:10:41.376+0000] {processor.py:208} INFO - Processing /opt/airflow/dags/import_variable.py took 0.194 seconds
[2026-03-21T20:11:11.974+0000] {processor.py:186} INFO - Started process (PID=33123) to work on /opt/airflow/dags/import_variable.py
[2026-03-21T20:11:11.985+0000] {processor.py:914} INFO - Processing file /opt/airflow/dags/import_variable.py for tasks to queue
[2026-03-21T20:11:11.990+0000] {logging_mixin.py:190} INFO - [2026-03-21T20:11:11.989+0000] {dagbag.py:588} INFO - Filling up the DagBag from /opt/airflow/dags/import_variable.py
[2026-03-21T20:11:12.011+0000] {processor.py:925} INFO - DAG(s) 'tasklar' retrieved from /opt/airflow/dags/import_variable.py
[2026-03-21T20:11:12.054+0000] {logging_mixin.py:190} INFO - [2026-03-21T20:11:12.054+0000] {dag.py:3239} INFO - Sync 1 DAGs
[2026-03-21T20:11:12.101+0000] {logging_mixin.py:190} INFO - [2026-03-21T20:11:12.101+0000] {dag.py:4180} INFO - Setting next_dagrun for tasklar to 2026-03-19 23:30:00+00:00, run_after=2026-03-20 23:30:00+00:00
[2026-03-21T20:11:12.137+0000] {processor.py:208} INFO - Processing /opt/airflow/dags/import_variable.py took 0.172 seconds
[2026-03-21T20:11:42.771+0000] {processor.py:186} INFO - Started process (PID=33164) to work on /opt/airflow/dags/import_variable.py
[2026-03-21T20:11:42.782+0000] {processor.py:914} INFO - Processing file /opt/airflow/dags/import_variable.py for tasks to queue
[2026-03-21T20:11:42.787+0000] {logging_mixin.py:190} INFO - [2026-03-21T20:11:42.787+0000] {dagbag.py:588} INFO - Filling up the DagBag from /opt/airflow/dags/import_variable.py
[2026-03-21T20:11:42.809+0000] {processor.py:925} INFO - DAG(s) 'tasklar' retrieved from /opt/airflow/dags/import_variable.py
[2026-03-21T20:11:42.850+0000] {logging_mixin.py:190} INFO - [2026-03-21T20:11:42.850+0000] {dag.py:3239} INFO - Sync 1 DAGs
[2026-03-21T20:11:42.901+0000] {logging_mixin.py:190} INFO - [2026-03-21T20:11:42.901+0000] {dag.py:4180} INFO - Setting next_dagrun for tasklar to 2026-03-19 23:30:00+00:00, run_after=2026-03-20 23:30:00+00:00
[2026-03-21T20:11:42.942+0000] {processor.py:208} INFO - Processing /opt/airflow/dags/import_variable.py took 0.180 seconds
[2026-03-21T20:12:13.565+0000] {processor.py:186} INFO - Started process (PID=33211) to work on /opt/airflow/dags/import_variable.py
[2026-03-21T20:12:13.575+0000] {processor.py:914} INFO - Processing file /opt/airflow/dags/import_variable.py for tasks to queue
[2026-03-21T20:12:13.581+0000] {logging_mixin.py:190} INFO - [2026-03-21T20:12:13.580+0000] {dagbag.py:588} INFO - Filling up the DagBag from /opt/airflow/dags/import_variable.py
[2026-03-21T20:12:13.603+0000] {processor.py:925} INFO - DAG(s) 'tasklar' retrieved from /opt/airflow/dags/import_variable.py
[2026-03-21T20:12:13.647+0000] {logging_mixin.py:190} INFO - [2026-03-21T20:12:13.646+0000] {dag.py:3239} INFO - Sync 1 DAGs
[2026-03-21T20:12:13.719+0000] {logging_mixin.py:190} INFO - [2026-03-21T20:12:13.718+0000] {dag.py:4180} INFO - Setting next_dagrun for tasklar to 2026-03-19 23:30:00+00:00, run_after=2026-03-20 23:30:00+00:00
[2026-03-21T20:12:13.774+0000] {processor.py:208} INFO - Processing /opt/airflow/dags/import_variable.py took 0.219 seconds
[2026-03-21T20:12:44.565+0000] {processor.py:186} INFO - Started process (PID=33252) to work on /opt/airflow/dags/import_variable.py
[2026-03-21T20:12:44.576+0000] {processor.py:914} INFO - Processing file /opt/airflow/dags/import_variable.py for tasks to queue
[2026-03-21T20:12:44.579+0000] {logging_mixin.py:190} INFO - [2026-03-21T20:12:44.579+0000] {dagbag.py:588} INFO - Filling up the DagBag from /opt/airflow/dags/import_variable.py
[2026-03-21T20:12:44.600+0000] {processor.py:925} INFO - DAG(s) 'tasklar' retrieved from /opt/airflow/dags/import_variable.py
[2026-03-21T20:12:44.644+0000] {logging_mixin.py:190} INFO - [2026-03-21T20:12:44.644+0000] {dag.py:3239} INFO - Sync 1 DAGs
[2026-03-21T20:12:44.690+0000] {logging_mixin.py:190} INFO - [2026-03-21T20:12:44.690+0000] {dag.py:4180} INFO - Setting next_dagrun for tasklar to 2026-03-19 23:30:00+00:00, run_after=2026-03-20 23:30:00+00:00
[2026-03-21T20:12:44.731+0000] {processor.py:208} INFO - Processing /opt/airflow/dags/import_variable.py took 0.178 seconds
[2026-03-21T20:13:15.347+0000] {processor.py:186} INFO - Started process (PID=33293) to work on /opt/airflow/dags/import_variable.py
[2026-03-21T20:13:15.348+0000] {processor.py:914} INFO - Processing file /opt/airflow/dags/import_variable.py for tasks to queue
[2026-03-21T20:13:15.352+0000] {logging_mixin.py:190} INFO - [2026-03-21T20:13:15.352+0000] {dagbag.py:588} INFO - Filling up the DagBag from /opt/airflow/dags/import_variable.py
[2026-03-21T20:13:15.374+0000] {processor.py:925} INFO - DAG(s) 'tasklar' retrieved from /opt/airflow/dags/import_variable.py
[2026-03-21T20:13:15.418+0000] {logging_mixin.py:190} INFO - [2026-03-21T20:13:15.417+0000] {dag.py:3239} INFO - Sync 1 DAGs
[2026-03-21T20:13:15.465+0000] {logging_mixin.py:190} INFO - [2026-03-21T20:13:15.464+0000] {dag.py:4180} INFO - Setting next_dagrun for tasklar to 2026-03-19 23:30:00+00:00, run_after=2026-03-20 23:30:00+00:00
[2026-03-21T20:13:15.500+0000] {processor.py:208} INFO - Processing /opt/airflow/dags/import_variable.py took 0.163 seconds
[2026-03-21T20:13:46.306+0000] {processor.py:186} INFO - Started process (PID=33334) to work on /opt/airflow/dags/import_variable.py
[2026-03-21T20:13:46.317+0000] {processor.py:914} INFO - Processing file /opt/airflow/dags/import_variable.py for tasks to queue
[2026-03-21T20:13:46.322+0000] {logging_mixin.py:190} INFO - [2026-03-21T20:13:46.321+0000] {dagbag.py:588} INFO - Filling up the DagBag from /opt/airflow/dags/import_variable.py
[2026-03-21T20:13:46.349+0000] {processor.py:925} INFO - DAG(s) 'tasklar' retrieved from /opt/airflow/dags/import_variable.py
[2026-03-21T20:13:46.396+0000] {logging_mixin.py:190} INFO - [2026-03-21T20:13:46.395+0000] {dag.py:3239} INFO - Sync 1 DAGs
[2026-03-21T20:13:46.449+0000] {logging_mixin.py:190} INFO - [2026-03-21T20:13:46.449+0000] {dag.py:4180} INFO - Setting next_dagrun for tasklar to 2026-03-19 23:30:00+00:00, run_after=2026-03-20 23:30:00+00:00
[2026-03-21T20:13:46.484+0000] {processor.py:208} INFO - Processing /opt/airflow/dags/import_variable.py took 0.188 seconds
[2026-03-21T20:14:17.097+0000] {processor.py:186} INFO - Started process (PID=33375) to work on /opt/airflow/dags/import_variable.py
[2026-03-21T20:14:17.099+0000] {processor.py:914} INFO - Processing file /opt/airflow/dags/import_variable.py for tasks to queue
[2026-03-21T20:14:17.103+0000] {logging_mixin.py:190} INFO - [2026-03-21T20:14:17.102+0000] {dagbag.py:588} INFO - Filling up the DagBag from /opt/airflow/dags/import_variable.py
[2026-03-21T20:14:17.125+0000] {processor.py:925} INFO - DAG(s) 'tasklar' retrieved from /opt/airflow/dags/import_variable.py
[2026-03-21T20:14:17.171+0000] {logging_mixin.py:190} INFO - [2026-03-21T20:14:17.170+0000] {dag.py:3239} INFO - Sync 1 DAGs
[2026-03-21T20:14:17.221+0000] {logging_mixin.py:190} INFO - [2026-03-21T20:14:17.221+0000] {dag.py:4180} INFO - Setting next_dagrun for tasklar to 2026-03-19 23:30:00+00:00, run_after=2026-03-20 23:30:00+00:00
[2026-03-21T20:14:17.267+0000] {processor.py:208} INFO - Processing /opt/airflow/dags/import_variable.py took 0.179 seconds
[2026-03-21T20:14:47.891+0000] {processor.py:186} INFO - Started process (PID=33416) to work on /opt/airflow/dags/import_variable.py
[2026-03-21T20:14:47.902+0000] {processor.py:914} INFO - Processing file /opt/airflow/dags/import_variable.py for tasks to queue
[2026-03-21T20:14:47.907+0000] {logging_mixin.py:190} INFO - [2026-03-21T20:14:47.906+0000] {dagbag.py:588} INFO - Filling up the DagBag from /opt/airflow/dags/import_variable.py
[2026-03-21T20:14:47.929+0000] {processor.py:925} INFO - DAG(s) 'tasklar' retrieved from /opt/airflow/dags/import_variable.py
[2026-03-21T20:14:47.977+0000] {logging_mixin.py:190} INFO - [2026-03-21T20:14:47.976+0000] {dag.py:3239} INFO - Sync 1 DAGs
[2026-03-21T20:14:48.030+0000] {logging_mixin.py:190} INFO - [2026-03-21T20:14:48.029+0000] {dag.py:4180} INFO - Setting next_dagrun for tasklar to 2026-03-19 23:30:00+00:00, run_after=2026-03-20 23:30:00+00:00
[2026-03-21T20:14:48.075+0000] {processor.py:208} INFO - Processing /opt/airflow/dags/import_variable.py took 0.195 seconds
[2026-03-21T20:15:18.689+0000] {processor.py:186} INFO - Started process (PID=33457) to work on /opt/airflow/dags/import_variable.py
[2026-03-21T20:15:18.700+0000] {processor.py:914} INFO - Processing file /opt/airflow/dags/import_variable.py for tasks to queue
[2026-03-21T20:15:18.705+0000] {logging_mixin.py:190} INFO - [2026-03-21T20:15:18.705+0000] {dagbag.py:588} INFO - Filling up the DagBag from /opt/airflow/dags/import_variable.py
[2026-03-21T20:15:18.728+0000] {processor.py:925} INFO - DAG(s) 'tasklar' retrieved from /opt/airflow/dags/import_variable.py
[2026-03-21T20:15:18.774+0000] {logging_mixin.py:190} INFO - [2026-03-21T20:15:18.774+0000] {dag.py:3239} INFO - Sync 1 DAGs
[2026-03-21T20:15:18.825+0000] {logging_mixin.py:190} INFO - [2026-03-21T20:15:18.825+0000] {dag.py:4180} INFO - Setting next_dagrun for tasklar to 2026-03-19 23:30:00+00:00, run_after=2026-03-20 23:30:00+00:00
[2026-03-21T20:15:18.862+0000] {processor.py:208} INFO - Processing /opt/airflow/dags/import_variable.py took 0.183 seconds
[2026-03-21T20:15:49.487+0000] {processor.py:186} INFO - Started process (PID=33498) to work on /opt/airflow/dags/import_variable.py
[2026-03-21T20:15:49.489+0000] {processor.py:914} INFO - Processing file /opt/airflow/dags/import_variable.py for tasks to queue
[2026-03-21T20:15:49.494+0000] {logging_mixin.py:190} INFO - [2026-03-21T20:15:49.493+0000] {dagbag.py:588} INFO - Filling up the DagBag from /opt/airflow/dags/import_variable.py
[2026-03-21T20:15:49.517+0000] {processor.py:925} INFO - DAG(s) 'tasklar' retrieved from /opt/airflow/dags/import_variable.py
[2026-03-21T20:15:49.566+0000] {logging_mixin.py:190} INFO - [2026-03-21T20:15:49.566+0000] {dag.py:3239} INFO - Sync 1 DAGs
[2026-03-21T20:15:49.619+0000] {logging_mixin.py:190} INFO - [2026-03-21T20:15:49.619+0000] {dag.py:4180} INFO - Setting next_dagrun for tasklar to 2026-03-19 23:30:00+00:00, run_after=2026-03-20 23:30:00+00:00
[2026-03-21T20:15:49.657+0000] {processor.py:208} INFO - Processing /opt/airflow/dags/import_variable.py took 0.182 seconds
[2026-03-21T20:16:20.415+0000] {processor.py:186} INFO - Started process (PID=33539) to work on /opt/airflow/dags/import_variable.py
[2026-03-21T20:16:20.426+0000] {processor.py:914} INFO - Processing file /opt/airflow/dags/import_variable.py for tasks to queue
[2026-03-21T20:16:20.431+0000] {logging_mixin.py:190} INFO - [2026-03-21T20:16:20.430+0000] {dagbag.py:588} INFO - Filling up the DagBag from /opt/airflow/dags/import_variable.py
[2026-03-21T20:16:20.457+0000] {processor.py:925} INFO - DAG(s) 'tasklar' retrieved from /opt/airflow/dags/import_variable.py
[2026-03-21T20:16:20.505+0000] {logging_mixin.py:190} INFO - [2026-03-21T20:16:20.505+0000] {dag.py:3239} INFO - Sync 1 DAGs
[2026-03-21T20:16:20.559+0000] {logging_mixin.py:190} INFO - [2026-03-21T20:16:20.559+0000] {dag.py:4180} INFO - Setting next_dagrun for tasklar to 2026-03-19 23:30:00+00:00, run_after=2026-03-20 23:30:00+00:00
[2026-03-21T20:16:20.598+0000] {processor.py:208} INFO - Processing /opt/airflow/dags/import_variable.py took 0.193 seconds
[2026-03-21T20:16:51.231+0000] {processor.py:186} INFO - Started process (PID=33581) to work on /opt/airflow/dags/import_variable.py
[2026-03-21T20:16:51.233+0000] {processor.py:914} INFO - Processing file /opt/airflow/dags/import_variable.py for tasks to queue
[2026-03-21T20:16:51.239+0000] {logging_mixin.py:190} INFO - [2026-03-21T20:16:51.238+0000] {dagbag.py:588} INFO - Filling up the DagBag from /opt/airflow/dags/import_variable.py
[2026-03-21T20:16:51.266+0000] {processor.py:925} INFO - DAG(s) 'tasklar' retrieved from /opt/airflow/dags/import_variable.py
[2026-03-21T20:16:51.316+0000] {logging_mixin.py:190} INFO - [2026-03-21T20:16:51.316+0000] {dag.py:3239} INFO - Sync 1 DAGs
[2026-03-21T20:16:51.377+0000] {logging_mixin.py:190} INFO - [2026-03-21T20:16:51.376+0000] {dag.py:4180} INFO - Setting next_dagrun for tasklar to 2026-03-19 23:30:00+00:00, run_after=2026-03-20 23:30:00+00:00
[2026-03-21T20:16:51.418+0000] {processor.py:208} INFO - Processing /opt/airflow/dags/import_variable.py took 0.197 seconds
