[2026-03-25T07:29:52.569+0000] {processor.py:186} INFO - Started process (PID=35563) to work on /opt/airflow/dags/import_from_git.py
[2026-03-25T07:29:52.570+0000] {processor.py:914} INFO - Processing file /opt/airflow/dags/import_from_git.py for tasks to queue
[2026-03-25T07:29:52.573+0000] {logging_mixin.py:190} INFO - [2026-03-25T07:29:52.573+0000] {dagbag.py:588} INFO - Filling up the DagBag from /opt/airflow/dags/import_from_git.py
[2026-03-25T07:29:52.611+0000] {logging_mixin.py:190} INFO - [2026-03-25T07:29:52.609+0000] {dagbag.py:387} ERROR - Failed to import: /opt/airflow/dags/import_from_git.py
Traceback (most recent call last):
  File "/home/airflow/.local/lib/python3.12/site-packages/airflow/models/dagbag.py", line 383, in parse
    loader.exec_module(new_module)
  File "<frozen importlib._bootstrap_external>", line 999, in exec_module
  File "<frozen importlib._bootstrap>", line 488, in _call_with_frames_removed
  File "/opt/airflow/dags/import_from_git.py", line 45, in <module>
    repo_links=get_link();
               ^^^^^^^^^^
  File "/opt/airflow/dags/import_from_git.py", line 4, in get_link
    repo_links=Variable.get("LINKS",deserialize_json=True)
               ^^^^^^^^^^^^^^^^^^^^^^^^^^^^^^^^^^^^^^^^^^^
  File "/home/airflow/.local/lib/python3.12/site-packages/airflow/models/variable.py", line 145, in get
    raise KeyError(f"Variable {key} does not exist")
KeyError: 'Variable LINKS does not exist'
[2026-03-25T07:29:52.612+0000] {processor.py:927} WARNING - No viable dags retrieved from /opt/airflow/dags/import_from_git.py
[2026-03-25T07:29:52.628+0000] {processor.py:208} INFO - Processing /opt/airflow/dags/import_from_git.py took 0.069 seconds
[2026-03-25T07:30:23.509+0000] {processor.py:186} INFO - Started process (PID=35610) to work on /opt/airflow/dags/import_from_git.py
[2026-03-25T07:30:23.510+0000] {processor.py:914} INFO - Processing file /opt/airflow/dags/import_from_git.py for tasks to queue
[2026-03-25T07:30:23.514+0000] {logging_mixin.py:190} INFO - [2026-03-25T07:30:23.514+0000] {dagbag.py:588} INFO - Filling up the DagBag from /opt/airflow/dags/import_from_git.py
[2026-03-25T07:30:23.557+0000] {logging_mixin.py:190} INFO - [2026-03-25T07:30:23.554+0000] {dagbag.py:387} ERROR - Failed to import: /opt/airflow/dags/import_from_git.py
Traceback (most recent call last):
  File "/home/airflow/.local/lib/python3.12/site-packages/airflow/models/dagbag.py", line 383, in parse
    loader.exec_module(new_module)
  File "<frozen importlib._bootstrap_external>", line 999, in exec_module
  File "<frozen importlib._bootstrap>", line 488, in _call_with_frames_removed
  File "/opt/airflow/dags/import_from_git.py", line 45, in <module>
    repo_links=get_link();
               ^^^^^^^^^^
  File "/opt/airflow/dags/import_from_git.py", line 4, in get_link
    repo_links=Variable.get("LINKS",deserialize_json=True)
               ^^^^^^^^^^^^^^^^^^^^^^^^^^^^^^^^^^^^^^^^^^^
  File "/home/airflow/.local/lib/python3.12/site-packages/airflow/models/variable.py", line 145, in get
    raise KeyError(f"Variable {key} does not exist")
KeyError: 'Variable LINKS does not exist'
[2026-03-25T07:30:23.558+0000] {processor.py:927} WARNING - No viable dags retrieved from /opt/airflow/dags/import_from_git.py
[2026-03-25T07:30:23.578+0000] {processor.py:208} INFO - Processing /opt/airflow/dags/import_from_git.py took 0.082 seconds
[2026-03-25T07:30:54.624+0000] {processor.py:186} INFO - Started process (PID=35651) to work on /opt/airflow/dags/import_from_git.py
[2026-03-25T07:30:54.626+0000] {processor.py:914} INFO - Processing file /opt/airflow/dags/import_from_git.py for tasks to queue
[2026-03-25T07:30:54.630+0000] {logging_mixin.py:190} INFO - [2026-03-25T07:30:54.629+0000] {dagbag.py:588} INFO - Filling up the DagBag from /opt/airflow/dags/import_from_git.py
[2026-03-25T07:30:54.675+0000] {logging_mixin.py:190} INFO - [2026-03-25T07:30:54.672+0000] {dagbag.py:387} ERROR - Failed to import: /opt/airflow/dags/import_from_git.py
Traceback (most recent call last):
  File "/home/airflow/.local/lib/python3.12/site-packages/airflow/models/dagbag.py", line 383, in parse
    loader.exec_module(new_module)
  File "<frozen importlib._bootstrap_external>", line 999, in exec_module
  File "<frozen importlib._bootstrap>", line 488, in _call_with_frames_removed
  File "/opt/airflow/dags/import_from_git.py", line 45, in <module>
    repo_links=get_link();
               ^^^^^^^^^^
  File "/opt/airflow/dags/import_from_git.py", line 4, in get_link
    repo_links=Variable.get("LINKS",deserialize_json=True)
               ^^^^^^^^^^^^^^^^^^^^^^^^^^^^^^^^^^^^^^^^^^^
  File "/home/airflow/.local/lib/python3.12/site-packages/airflow/models/variable.py", line 145, in get
    raise KeyError(f"Variable {key} does not exist")
KeyError: 'Variable LINKS does not exist'
[2026-03-25T07:30:54.677+0000] {processor.py:927} WARNING - No viable dags retrieved from /opt/airflow/dags/import_from_git.py
[2026-03-25T07:30:54.696+0000] {processor.py:208} INFO - Processing /opt/airflow/dags/import_from_git.py took 0.082 seconds
[2026-03-25T07:31:25.455+0000] {processor.py:186} INFO - Started process (PID=35692) to work on /opt/airflow/dags/import_from_git.py
[2026-03-25T07:31:25.458+0000] {processor.py:914} INFO - Processing file /opt/airflow/dags/import_from_git.py for tasks to queue
[2026-03-25T07:31:25.461+0000] {logging_mixin.py:190} INFO - [2026-03-25T07:31:25.461+0000] {dagbag.py:588} INFO - Filling up the DagBag from /opt/airflow/dags/import_from_git.py
[2026-03-25T07:31:25.499+0000] {logging_mixin.py:190} INFO - [2026-03-25T07:31:25.496+0000] {dagbag.py:387} ERROR - Failed to import: /opt/airflow/dags/import_from_git.py
Traceback (most recent call last):
  File "/home/airflow/.local/lib/python3.12/site-packages/airflow/models/dagbag.py", line 383, in parse
    loader.exec_module(new_module)
  File "<frozen importlib._bootstrap_external>", line 999, in exec_module
  File "<frozen importlib._bootstrap>", line 488, in _call_with_frames_removed
  File "/opt/airflow/dags/import_from_git.py", line 45, in <module>
    repo_links=get_link();
               ^^^^^^^^^^
  File "/opt/airflow/dags/import_from_git.py", line 4, in get_link
    repo_links=Variable.get("LINKS",deserialize_json=True)
               ^^^^^^^^^^^^^^^^^^^^^^^^^^^^^^^^^^^^^^^^^^^
  File "/home/airflow/.local/lib/python3.12/site-packages/airflow/models/variable.py", line 145, in get
    raise KeyError(f"Variable {key} does not exist")
KeyError: 'Variable LINKS does not exist'
[2026-03-25T07:31:25.500+0000] {processor.py:927} WARNING - No viable dags retrieved from /opt/airflow/dags/import_from_git.py
[2026-03-25T07:31:25.516+0000] {processor.py:208} INFO - Processing /opt/airflow/dags/import_from_git.py took 0.073 seconds
[2026-03-25T07:31:56.465+0000] {processor.py:186} INFO - Started process (PID=35733) to work on /opt/airflow/dags/import_from_git.py
[2026-03-25T07:31:56.468+0000] {processor.py:914} INFO - Processing file /opt/airflow/dags/import_from_git.py for tasks to queue
[2026-03-25T07:31:56.473+0000] {logging_mixin.py:190} INFO - [2026-03-25T07:31:56.472+0000] {dagbag.py:588} INFO - Filling up the DagBag from /opt/airflow/dags/import_from_git.py
[2026-03-25T07:31:56.526+0000] {logging_mixin.py:190} INFO - [2026-03-25T07:31:56.523+0000] {dagbag.py:387} ERROR - Failed to import: /opt/airflow/dags/import_from_git.py
Traceback (most recent call last):
  File "/home/airflow/.local/lib/python3.12/site-packages/airflow/models/dagbag.py", line 383, in parse
    loader.exec_module(new_module)
  File "<frozen importlib._bootstrap_external>", line 999, in exec_module
  File "<frozen importlib._bootstrap>", line 488, in _call_with_frames_removed
  File "/opt/airflow/dags/import_from_git.py", line 45, in <module>
    repo_links=get_link();
               ^^^^^^^^^^
  File "/opt/airflow/dags/import_from_git.py", line 4, in get_link
    repo_links=Variable.get("LINKS",deserialize_json=True)
               ^^^^^^^^^^^^^^^^^^^^^^^^^^^^^^^^^^^^^^^^^^^
  File "/home/airflow/.local/lib/python3.12/site-packages/airflow/models/variable.py", line 145, in get
    raise KeyError(f"Variable {key} does not exist")
KeyError: 'Variable LINKS does not exist'
[2026-03-25T07:31:56.528+0000] {processor.py:927} WARNING - No viable dags retrieved from /opt/airflow/dags/import_from_git.py
[2026-03-25T07:31:56.553+0000] {processor.py:208} INFO - Processing /opt/airflow/dags/import_from_git.py took 0.103 seconds
[2026-03-25T07:32:27.618+0000] {processor.py:186} INFO - Started process (PID=35774) to work on /opt/airflow/dags/import_from_git.py
[2026-03-25T07:32:27.621+0000] {processor.py:914} INFO - Processing file /opt/airflow/dags/import_from_git.py for tasks to queue
[2026-03-25T07:32:27.625+0000] {logging_mixin.py:190} INFO - [2026-03-25T07:32:27.624+0000] {dagbag.py:588} INFO - Filling up the DagBag from /opt/airflow/dags/import_from_git.py
[2026-03-25T07:32:27.684+0000] {logging_mixin.py:190} INFO - [2026-03-25T07:32:27.679+0000] {dagbag.py:387} ERROR - Failed to import: /opt/airflow/dags/import_from_git.py
Traceback (most recent call last):
  File "/home/airflow/.local/lib/python3.12/site-packages/airflow/models/dagbag.py", line 383, in parse
    loader.exec_module(new_module)
  File "<frozen importlib._bootstrap_external>", line 999, in exec_module
  File "<frozen importlib._bootstrap>", line 488, in _call_with_frames_removed
  File "/opt/airflow/dags/import_from_git.py", line 45, in <module>
    repo_links=get_link();
               ^^^^^^^^^^
  File "/opt/airflow/dags/import_from_git.py", line 4, in get_link
    repo_links=Variable.get("LINKS",deserialize_json=True)
               ^^^^^^^^^^^^^^^^^^^^^^^^^^^^^^^^^^^^^^^^^^^
  File "/home/airflow/.local/lib/python3.12/site-packages/airflow/models/variable.py", line 145, in get
    raise KeyError(f"Variable {key} does not exist")
KeyError: 'Variable LINKS does not exist'
[2026-03-25T07:32:27.687+0000] {processor.py:927} WARNING - No viable dags retrieved from /opt/airflow/dags/import_from_git.py
[2026-03-25T07:32:27.718+0000] {processor.py:208} INFO - Processing /opt/airflow/dags/import_from_git.py took 0.114 seconds
[2026-03-25T07:32:58.716+0000] {processor.py:186} INFO - Started process (PID=35815) to work on /opt/airflow/dags/import_from_git.py
[2026-03-25T07:32:58.718+0000] {processor.py:914} INFO - Processing file /opt/airflow/dags/import_from_git.py for tasks to queue
[2026-03-25T07:32:58.723+0000] {logging_mixin.py:190} INFO - [2026-03-25T07:32:58.722+0000] {dagbag.py:588} INFO - Filling up the DagBag from /opt/airflow/dags/import_from_git.py
[2026-03-25T07:32:58.769+0000] {logging_mixin.py:190} INFO - [2026-03-25T07:32:58.766+0000] {dagbag.py:387} ERROR - Failed to import: /opt/airflow/dags/import_from_git.py
Traceback (most recent call last):
  File "/home/airflow/.local/lib/python3.12/site-packages/airflow/models/dagbag.py", line 383, in parse
    loader.exec_module(new_module)
  File "<frozen importlib._bootstrap_external>", line 999, in exec_module
  File "<frozen importlib._bootstrap>", line 488, in _call_with_frames_removed
  File "/opt/airflow/dags/import_from_git.py", line 45, in <module>
    repo_links=get_link();
               ^^^^^^^^^^
  File "/opt/airflow/dags/import_from_git.py", line 4, in get_link
    repo_links=Variable.get("LINKS",deserialize_json=True)
               ^^^^^^^^^^^^^^^^^^^^^^^^^^^^^^^^^^^^^^^^^^^
  File "/home/airflow/.local/lib/python3.12/site-packages/airflow/models/variable.py", line 145, in get
    raise KeyError(f"Variable {key} does not exist")
KeyError: 'Variable LINKS does not exist'
[2026-03-25T07:32:58.770+0000] {processor.py:927} WARNING - No viable dags retrieved from /opt/airflow/dags/import_from_git.py
[2026-03-25T07:32:58.793+0000] {processor.py:208} INFO - Processing /opt/airflow/dags/import_from_git.py took 0.089 seconds
[2026-03-25T07:33:29.699+0000] {processor.py:186} INFO - Started process (PID=35856) to work on /opt/airflow/dags/import_from_git.py
[2026-03-25T07:33:29.701+0000] {processor.py:914} INFO - Processing file /opt/airflow/dags/import_from_git.py for tasks to queue
[2026-03-25T07:33:29.705+0000] {logging_mixin.py:190} INFO - [2026-03-25T07:33:29.704+0000] {dagbag.py:588} INFO - Filling up the DagBag from /opt/airflow/dags/import_from_git.py
[2026-03-25T07:33:29.745+0000] {logging_mixin.py:190} INFO - [2026-03-25T07:33:29.743+0000] {dagbag.py:387} ERROR - Failed to import: /opt/airflow/dags/import_from_git.py
Traceback (most recent call last):
  File "/home/airflow/.local/lib/python3.12/site-packages/airflow/models/dagbag.py", line 383, in parse
    loader.exec_module(new_module)
  File "<frozen importlib._bootstrap_external>", line 999, in exec_module
  File "<frozen importlib._bootstrap>", line 488, in _call_with_frames_removed
  File "/opt/airflow/dags/import_from_git.py", line 45, in <module>
    repo_links=get_link();
               ^^^^^^^^^^
  File "/opt/airflow/dags/import_from_git.py", line 4, in get_link
    repo_links=Variable.get("LINKS",deserialize_json=True)
               ^^^^^^^^^^^^^^^^^^^^^^^^^^^^^^^^^^^^^^^^^^^
  File "/home/airflow/.local/lib/python3.12/site-packages/airflow/models/variable.py", line 145, in get
    raise KeyError(f"Variable {key} does not exist")
KeyError: 'Variable LINKS does not exist'
[2026-03-25T07:33:29.746+0000] {processor.py:927} WARNING - No viable dags retrieved from /opt/airflow/dags/import_from_git.py
[2026-03-25T07:33:29.763+0000] {processor.py:208} INFO - Processing /opt/airflow/dags/import_from_git.py took 0.074 seconds
[2026-03-25T07:34:00.635+0000] {processor.py:186} INFO - Started process (PID=35897) to work on /opt/airflow/dags/import_from_git.py
[2026-03-25T07:34:00.636+0000] {processor.py:914} INFO - Processing file /opt/airflow/dags/import_from_git.py for tasks to queue
[2026-03-25T07:34:00.639+0000] {logging_mixin.py:190} INFO - [2026-03-25T07:34:00.639+0000] {dagbag.py:588} INFO - Filling up the DagBag from /opt/airflow/dags/import_from_git.py
[2026-03-25T07:34:00.676+0000] {logging_mixin.py:190} INFO - [2026-03-25T07:34:00.674+0000] {dagbag.py:387} ERROR - Failed to import: /opt/airflow/dags/import_from_git.py
Traceback (most recent call last):
  File "/home/airflow/.local/lib/python3.12/site-packages/airflow/models/dagbag.py", line 383, in parse
    loader.exec_module(new_module)
  File "<frozen importlib._bootstrap_external>", line 999, in exec_module
  File "<frozen importlib._bootstrap>", line 488, in _call_with_frames_removed
  File "/opt/airflow/dags/import_from_git.py", line 45, in <module>
    repo_links=get_link();
               ^^^^^^^^^^
  File "/opt/airflow/dags/import_from_git.py", line 4, in get_link
    repo_links=Variable.get("LINKS",deserialize_json=True)
               ^^^^^^^^^^^^^^^^^^^^^^^^^^^^^^^^^^^^^^^^^^^
  File "/home/airflow/.local/lib/python3.12/site-packages/airflow/models/variable.py", line 145, in get
    raise KeyError(f"Variable {key} does not exist")
KeyError: 'Variable LINKS does not exist'
[2026-03-25T07:34:00.677+0000] {processor.py:927} WARNING - No viable dags retrieved from /opt/airflow/dags/import_from_git.py
[2026-03-25T07:34:00.694+0000] {processor.py:208} INFO - Processing /opt/airflow/dags/import_from_git.py took 0.069 seconds
[2026-03-25T07:34:31.590+0000] {processor.py:186} INFO - Started process (PID=35938) to work on /opt/airflow/dags/import_from_git.py
[2026-03-25T07:34:31.592+0000] {processor.py:914} INFO - Processing file /opt/airflow/dags/import_from_git.py for tasks to queue
[2026-03-25T07:34:31.596+0000] {logging_mixin.py:190} INFO - [2026-03-25T07:34:31.595+0000] {dagbag.py:588} INFO - Filling up the DagBag from /opt/airflow/dags/import_from_git.py
[2026-03-25T07:34:31.633+0000] {logging_mixin.py:190} INFO - [2026-03-25T07:34:31.631+0000] {dagbag.py:387} ERROR - Failed to import: /opt/airflow/dags/import_from_git.py
Traceback (most recent call last):
  File "/home/airflow/.local/lib/python3.12/site-packages/airflow/models/dagbag.py", line 383, in parse
    loader.exec_module(new_module)
  File "<frozen importlib._bootstrap_external>", line 999, in exec_module
  File "<frozen importlib._bootstrap>", line 488, in _call_with_frames_removed
  File "/opt/airflow/dags/import_from_git.py", line 45, in <module>
    repo_links=get_link();
               ^^^^^^^^^^
  File "/opt/airflow/dags/import_from_git.py", line 4, in get_link
    repo_links=Variable.get("LINKS",deserialize_json=True)
               ^^^^^^^^^^^^^^^^^^^^^^^^^^^^^^^^^^^^^^^^^^^
  File "/home/airflow/.local/lib/python3.12/site-packages/airflow/models/variable.py", line 145, in get
    raise KeyError(f"Variable {key} does not exist")
KeyError: 'Variable LINKS does not exist'
[2026-03-25T07:34:31.634+0000] {processor.py:927} WARNING - No viable dags retrieved from /opt/airflow/dags/import_from_git.py
[2026-03-25T07:34:31.653+0000] {processor.py:208} INFO - Processing /opt/airflow/dags/import_from_git.py took 0.075 seconds
[2026-03-25T07:35:02.574+0000] {processor.py:186} INFO - Started process (PID=35979) to work on /opt/airflow/dags/import_from_git.py
[2026-03-25T07:35:02.576+0000] {processor.py:914} INFO - Processing file /opt/airflow/dags/import_from_git.py for tasks to queue
[2026-03-25T07:35:02.580+0000] {logging_mixin.py:190} INFO - [2026-03-25T07:35:02.579+0000] {dagbag.py:588} INFO - Filling up the DagBag from /opt/airflow/dags/import_from_git.py
[2026-03-25T07:35:02.629+0000] {logging_mixin.py:190} INFO - [2026-03-25T07:35:02.625+0000] {dagbag.py:387} ERROR - Failed to import: /opt/airflow/dags/import_from_git.py
Traceback (most recent call last):
  File "/home/airflow/.local/lib/python3.12/site-packages/airflow/models/dagbag.py", line 383, in parse
    loader.exec_module(new_module)
  File "<frozen importlib._bootstrap_external>", line 999, in exec_module
  File "<frozen importlib._bootstrap>", line 488, in _call_with_frames_removed
  File "/opt/airflow/dags/import_from_git.py", line 45, in <module>
    repo_links=get_link();
               ^^^^^^^^^^
  File "/opt/airflow/dags/import_from_git.py", line 4, in get_link
    repo_links=Variable.get("LINKS",deserialize_json=True)
               ^^^^^^^^^^^^^^^^^^^^^^^^^^^^^^^^^^^^^^^^^^^
  File "/home/airflow/.local/lib/python3.12/site-packages/airflow/models/variable.py", line 145, in get
    raise KeyError(f"Variable {key} does not exist")
KeyError: 'Variable LINKS does not exist'
[2026-03-25T07:35:02.630+0000] {processor.py:927} WARNING - No viable dags retrieved from /opt/airflow/dags/import_from_git.py
[2026-03-25T07:35:02.652+0000] {processor.py:208} INFO - Processing /opt/airflow/dags/import_from_git.py took 0.092 seconds
[2026-03-25T07:35:33.614+0000] {processor.py:186} INFO - Started process (PID=36019) to work on /opt/airflow/dags/import_from_git.py
[2026-03-25T07:35:33.615+0000] {processor.py:914} INFO - Processing file /opt/airflow/dags/import_from_git.py for tasks to queue
[2026-03-25T07:35:33.619+0000] {logging_mixin.py:190} INFO - [2026-03-25T07:35:33.619+0000] {dagbag.py:588} INFO - Filling up the DagBag from /opt/airflow/dags/import_from_git.py
[2026-03-25T07:35:33.658+0000] {logging_mixin.py:190} INFO - [2026-03-25T07:35:33.655+0000] {dagbag.py:387} ERROR - Failed to import: /opt/airflow/dags/import_from_git.py
Traceback (most recent call last):
  File "/home/airflow/.local/lib/python3.12/site-packages/airflow/models/dagbag.py", line 383, in parse
    loader.exec_module(new_module)
  File "<frozen importlib._bootstrap_external>", line 999, in exec_module
  File "<frozen importlib._bootstrap>", line 488, in _call_with_frames_removed
  File "/opt/airflow/dags/import_from_git.py", line 45, in <module>
    repo_links=get_link();
               ^^^^^^^^^^
  File "/opt/airflow/dags/import_from_git.py", line 4, in get_link
    repo_links=Variable.get("LINKS",deserialize_json=True)
               ^^^^^^^^^^^^^^^^^^^^^^^^^^^^^^^^^^^^^^^^^^^
  File "/home/airflow/.local/lib/python3.12/site-packages/airflow/models/variable.py", line 145, in get
    raise KeyError(f"Variable {key} does not exist")
KeyError: 'Variable LINKS does not exist'
[2026-03-25T07:35:33.659+0000] {processor.py:927} WARNING - No viable dags retrieved from /opt/airflow/dags/import_from_git.py
[2026-03-25T07:35:33.676+0000] {processor.py:208} INFO - Processing /opt/airflow/dags/import_from_git.py took 0.076 seconds
[2026-03-25T07:36:04.568+0000] {processor.py:186} INFO - Started process (PID=36060) to work on /opt/airflow/dags/import_from_git.py
[2026-03-25T07:36:04.570+0000] {processor.py:914} INFO - Processing file /opt/airflow/dags/import_from_git.py for tasks to queue
[2026-03-25T07:36:04.574+0000] {logging_mixin.py:190} INFO - [2026-03-25T07:36:04.573+0000] {dagbag.py:588} INFO - Filling up the DagBag from /opt/airflow/dags/import_from_git.py
[2026-03-25T07:36:04.614+0000] {logging_mixin.py:190} INFO - [2026-03-25T07:36:04.611+0000] {dagbag.py:387} ERROR - Failed to import: /opt/airflow/dags/import_from_git.py
Traceback (most recent call last):
  File "/home/airflow/.local/lib/python3.12/site-packages/airflow/models/dagbag.py", line 383, in parse
    loader.exec_module(new_module)
  File "<frozen importlib._bootstrap_external>", line 999, in exec_module
  File "<frozen importlib._bootstrap>", line 488, in _call_with_frames_removed
  File "/opt/airflow/dags/import_from_git.py", line 45, in <module>
    repo_links=get_link();
               ^^^^^^^^^^
  File "/opt/airflow/dags/import_from_git.py", line 4, in get_link
    repo_links=Variable.get("LINKS",deserialize_json=True)
               ^^^^^^^^^^^^^^^^^^^^^^^^^^^^^^^^^^^^^^^^^^^
  File "/home/airflow/.local/lib/python3.12/site-packages/airflow/models/variable.py", line 145, in get
    raise KeyError(f"Variable {key} does not exist")
KeyError: 'Variable LINKS does not exist'
[2026-03-25T07:36:04.616+0000] {processor.py:927} WARNING - No viable dags retrieved from /opt/airflow/dags/import_from_git.py
[2026-03-25T07:36:04.635+0000] {processor.py:208} INFO - Processing /opt/airflow/dags/import_from_git.py took 0.079 seconds
[2026-03-25T07:36:35.520+0000] {processor.py:186} INFO - Started process (PID=36101) to work on /opt/airflow/dags/import_from_git.py
[2026-03-25T07:36:35.521+0000] {processor.py:914} INFO - Processing file /opt/airflow/dags/import_from_git.py for tasks to queue
[2026-03-25T07:36:35.525+0000] {logging_mixin.py:190} INFO - [2026-03-25T07:36:35.524+0000] {dagbag.py:588} INFO - Filling up the DagBag from /opt/airflow/dags/import_from_git.py
[2026-03-25T07:36:35.563+0000] {logging_mixin.py:190} INFO - [2026-03-25T07:36:35.561+0000] {dagbag.py:387} ERROR - Failed to import: /opt/airflow/dags/import_from_git.py
Traceback (most recent call last):
  File "/home/airflow/.local/lib/python3.12/site-packages/airflow/models/dagbag.py", line 383, in parse
    loader.exec_module(new_module)
  File "<frozen importlib._bootstrap_external>", line 999, in exec_module
  File "<frozen importlib._bootstrap>", line 488, in _call_with_frames_removed
  File "/opt/airflow/dags/import_from_git.py", line 45, in <module>
    repo_links=get_link();
               ^^^^^^^^^^
  File "/opt/airflow/dags/import_from_git.py", line 4, in get_link
    repo_links=Variable.get("LINKS",deserialize_json=True)
               ^^^^^^^^^^^^^^^^^^^^^^^^^^^^^^^^^^^^^^^^^^^
  File "/home/airflow/.local/lib/python3.12/site-packages/airflow/models/variable.py", line 145, in get
    raise KeyError(f"Variable {key} does not exist")
KeyError: 'Variable LINKS does not exist'
[2026-03-25T07:36:35.564+0000] {processor.py:927} WARNING - No viable dags retrieved from /opt/airflow/dags/import_from_git.py
[2026-03-25T07:36:35.580+0000] {processor.py:208} INFO - Processing /opt/airflow/dags/import_from_git.py took 0.071 seconds
[2026-03-25T07:37:06.478+0000] {processor.py:186} INFO - Started process (PID=36142) to work on /opt/airflow/dags/import_from_git.py
[2026-03-25T07:37:06.479+0000] {processor.py:914} INFO - Processing file /opt/airflow/dags/import_from_git.py for tasks to queue
[2026-03-25T07:37:06.483+0000] {logging_mixin.py:190} INFO - [2026-03-25T07:37:06.483+0000] {dagbag.py:588} INFO - Filling up the DagBag from /opt/airflow/dags/import_from_git.py
[2026-03-25T07:37:06.527+0000] {logging_mixin.py:190} INFO - [2026-03-25T07:37:06.524+0000] {dagbag.py:387} ERROR - Failed to import: /opt/airflow/dags/import_from_git.py
Traceback (most recent call last):
  File "/home/airflow/.local/lib/python3.12/site-packages/airflow/models/dagbag.py", line 383, in parse
    loader.exec_module(new_module)
  File "<frozen importlib._bootstrap_external>", line 999, in exec_module
  File "<frozen importlib._bootstrap>", line 488, in _call_with_frames_removed
  File "/opt/airflow/dags/import_from_git.py", line 45, in <module>
    repo_links=get_link();
               ^^^^^^^^^^
  File "/opt/airflow/dags/import_from_git.py", line 4, in get_link
    repo_links=Variable.get("LINKS",deserialize_json=True)
               ^^^^^^^^^^^^^^^^^^^^^^^^^^^^^^^^^^^^^^^^^^^
  File "/home/airflow/.local/lib/python3.12/site-packages/airflow/models/variable.py", line 145, in get
    raise KeyError(f"Variable {key} does not exist")
KeyError: 'Variable LINKS does not exist'
[2026-03-25T07:37:06.528+0000] {processor.py:927} WARNING - No viable dags retrieved from /opt/airflow/dags/import_from_git.py
[2026-03-25T07:37:06.547+0000] {processor.py:208} INFO - Processing /opt/airflow/dags/import_from_git.py took 0.082 seconds
[2026-03-25T07:37:37.417+0000] {processor.py:186} INFO - Started process (PID=36183) to work on /opt/airflow/dags/import_from_git.py
[2026-03-25T07:37:37.418+0000] {processor.py:914} INFO - Processing file /opt/airflow/dags/import_from_git.py for tasks to queue
[2026-03-25T07:37:37.422+0000] {logging_mixin.py:190} INFO - [2026-03-25T07:37:37.421+0000] {dagbag.py:588} INFO - Filling up the DagBag from /opt/airflow/dags/import_from_git.py
[2026-03-25T07:37:37.462+0000] {logging_mixin.py:190} INFO - [2026-03-25T07:37:37.460+0000] {dagbag.py:387} ERROR - Failed to import: /opt/airflow/dags/import_from_git.py
Traceback (most recent call last):
  File "/home/airflow/.local/lib/python3.12/site-packages/airflow/models/dagbag.py", line 383, in parse
    loader.exec_module(new_module)
  File "<frozen importlib._bootstrap_external>", line 999, in exec_module
  File "<frozen importlib._bootstrap>", line 488, in _call_with_frames_removed
  File "/opt/airflow/dags/import_from_git.py", line 45, in <module>
    repo_links=get_link();
               ^^^^^^^^^^
  File "/opt/airflow/dags/import_from_git.py", line 4, in get_link
    repo_links=Variable.get("LINKS",deserialize_json=True)
               ^^^^^^^^^^^^^^^^^^^^^^^^^^^^^^^^^^^^^^^^^^^
  File "/home/airflow/.local/lib/python3.12/site-packages/airflow/models/variable.py", line 145, in get
    raise KeyError(f"Variable {key} does not exist")
KeyError: 'Variable LINKS does not exist'
[2026-03-25T07:37:37.463+0000] {processor.py:927} WARNING - No viable dags retrieved from /opt/airflow/dags/import_from_git.py
[2026-03-25T07:37:37.481+0000] {processor.py:208} INFO - Processing /opt/airflow/dags/import_from_git.py took 0.076 seconds
[2026-03-25T07:38:08.196+0000] {processor.py:186} INFO - Started process (PID=36224) to work on /opt/airflow/dags/import_from_git.py
[2026-03-25T07:38:08.197+0000] {processor.py:914} INFO - Processing file /opt/airflow/dags/import_from_git.py for tasks to queue
[2026-03-25T07:38:08.201+0000] {logging_mixin.py:190} INFO - [2026-03-25T07:38:08.200+0000] {dagbag.py:588} INFO - Filling up the DagBag from /opt/airflow/dags/import_from_git.py
[2026-03-25T07:38:08.242+0000] {logging_mixin.py:190} INFO - [2026-03-25T07:38:08.239+0000] {dagbag.py:387} ERROR - Failed to import: /opt/airflow/dags/import_from_git.py
Traceback (most recent call last):
  File "/home/airflow/.local/lib/python3.12/site-packages/airflow/models/dagbag.py", line 383, in parse
    loader.exec_module(new_module)
  File "<frozen importlib._bootstrap_external>", line 999, in exec_module
  File "<frozen importlib._bootstrap>", line 488, in _call_with_frames_removed
  File "/opt/airflow/dags/import_from_git.py", line 45, in <module>
    repo_links=get_link();
               ^^^^^^^^^^
  File "/opt/airflow/dags/import_from_git.py", line 4, in get_link
    repo_links=Variable.get("LINKS",deserialize_json=True)
               ^^^^^^^^^^^^^^^^^^^^^^^^^^^^^^^^^^^^^^^^^^^
  File "/home/airflow/.local/lib/python3.12/site-packages/airflow/models/variable.py", line 145, in get
    raise KeyError(f"Variable {key} does not exist")
KeyError: 'Variable LINKS does not exist'
[2026-03-25T07:38:08.243+0000] {processor.py:927} WARNING - No viable dags retrieved from /opt/airflow/dags/import_from_git.py
[2026-03-25T07:38:08.260+0000] {processor.py:208} INFO - Processing /opt/airflow/dags/import_from_git.py took 0.075 seconds
[2026-03-25T07:38:39.138+0000] {processor.py:186} INFO - Started process (PID=36265) to work on /opt/airflow/dags/import_from_git.py
[2026-03-25T07:38:39.140+0000] {processor.py:914} INFO - Processing file /opt/airflow/dags/import_from_git.py for tasks to queue
[2026-03-25T07:38:39.143+0000] {logging_mixin.py:190} INFO - [2026-03-25T07:38:39.143+0000] {dagbag.py:588} INFO - Filling up the DagBag from /opt/airflow/dags/import_from_git.py
[2026-03-25T07:38:39.184+0000] {logging_mixin.py:190} INFO - [2026-03-25T07:38:39.182+0000] {dagbag.py:387} ERROR - Failed to import: /opt/airflow/dags/import_from_git.py
Traceback (most recent call last):
  File "/home/airflow/.local/lib/python3.12/site-packages/airflow/models/dagbag.py", line 383, in parse
    loader.exec_module(new_module)
  File "<frozen importlib._bootstrap_external>", line 999, in exec_module
  File "<frozen importlib._bootstrap>", line 488, in _call_with_frames_removed
  File "/opt/airflow/dags/import_from_git.py", line 45, in <module>
    repo_links=get_link();
               ^^^^^^^^^^
  File "/opt/airflow/dags/import_from_git.py", line 4, in get_link
    repo_links=Variable.get("LINKS",deserialize_json=True)
               ^^^^^^^^^^^^^^^^^^^^^^^^^^^^^^^^^^^^^^^^^^^
  File "/home/airflow/.local/lib/python3.12/site-packages/airflow/models/variable.py", line 145, in get
    raise KeyError(f"Variable {key} does not exist")
KeyError: 'Variable LINKS does not exist'
[2026-03-25T07:38:39.185+0000] {processor.py:927} WARNING - No viable dags retrieved from /opt/airflow/dags/import_from_git.py
[2026-03-25T07:38:39.202+0000] {processor.py:208} INFO - Processing /opt/airflow/dags/import_from_git.py took 0.074 seconds
[2026-03-25T07:39:10.095+0000] {processor.py:186} INFO - Started process (PID=36306) to work on /opt/airflow/dags/import_from_git.py
[2026-03-25T07:39:10.097+0000] {processor.py:914} INFO - Processing file /opt/airflow/dags/import_from_git.py for tasks to queue
[2026-03-25T07:39:10.101+0000] {logging_mixin.py:190} INFO - [2026-03-25T07:39:10.100+0000] {dagbag.py:588} INFO - Filling up the DagBag from /opt/airflow/dags/import_from_git.py
[2026-03-25T07:39:10.140+0000] {logging_mixin.py:190} INFO - [2026-03-25T07:39:10.138+0000] {dagbag.py:387} ERROR - Failed to import: /opt/airflow/dags/import_from_git.py
Traceback (most recent call last):
  File "/home/airflow/.local/lib/python3.12/site-packages/airflow/models/dagbag.py", line 383, in parse
    loader.exec_module(new_module)
  File "<frozen importlib._bootstrap_external>", line 999, in exec_module
  File "<frozen importlib._bootstrap>", line 488, in _call_with_frames_removed
  File "/opt/airflow/dags/import_from_git.py", line 45, in <module>
    repo_links=get_link();
               ^^^^^^^^^^
  File "/opt/airflow/dags/import_from_git.py", line 4, in get_link
    repo_links=Variable.get("LINKS",deserialize_json=True)
               ^^^^^^^^^^^^^^^^^^^^^^^^^^^^^^^^^^^^^^^^^^^
  File "/home/airflow/.local/lib/python3.12/site-packages/airflow/models/variable.py", line 145, in get
    raise KeyError(f"Variable {key} does not exist")
KeyError: 'Variable LINKS does not exist'
[2026-03-25T07:39:10.141+0000] {processor.py:927} WARNING - No viable dags retrieved from /opt/airflow/dags/import_from_git.py
[2026-03-25T07:39:10.158+0000] {processor.py:208} INFO - Processing /opt/airflow/dags/import_from_git.py took 0.073 seconds
[2026-03-25T07:39:40.847+0000] {processor.py:186} INFO - Started process (PID=36347) to work on /opt/airflow/dags/import_from_git.py
[2026-03-25T07:39:40.848+0000] {processor.py:914} INFO - Processing file /opt/airflow/dags/import_from_git.py for tasks to queue
[2026-03-25T07:39:40.852+0000] {logging_mixin.py:190} INFO - [2026-03-25T07:39:40.851+0000] {dagbag.py:588} INFO - Filling up the DagBag from /opt/airflow/dags/import_from_git.py
[2026-03-25T07:39:40.895+0000] {logging_mixin.py:190} INFO - [2026-03-25T07:39:40.892+0000] {dagbag.py:387} ERROR - Failed to import: /opt/airflow/dags/import_from_git.py
Traceback (most recent call last):
  File "/home/airflow/.local/lib/python3.12/site-packages/airflow/models/dagbag.py", line 383, in parse
    loader.exec_module(new_module)
  File "<frozen importlib._bootstrap_external>", line 999, in exec_module
  File "<frozen importlib._bootstrap>", line 488, in _call_with_frames_removed
  File "/opt/airflow/dags/import_from_git.py", line 45, in <module>
    repo_links=get_link();
               ^^^^^^^^^^
  File "/opt/airflow/dags/import_from_git.py", line 4, in get_link
    repo_links=Variable.get("LINKS",deserialize_json=True)
               ^^^^^^^^^^^^^^^^^^^^^^^^^^^^^^^^^^^^^^^^^^^
  File "/home/airflow/.local/lib/python3.12/site-packages/airflow/models/variable.py", line 145, in get
    raise KeyError(f"Variable {key} does not exist")
KeyError: 'Variable LINKS does not exist'
[2026-03-25T07:39:40.896+0000] {processor.py:927} WARNING - No viable dags retrieved from /opt/airflow/dags/import_from_git.py
[2026-03-25T07:39:40.915+0000] {processor.py:208} INFO - Processing /opt/airflow/dags/import_from_git.py took 0.082 seconds
[2026-03-25T07:40:11.809+0000] {processor.py:186} INFO - Started process (PID=36388) to work on /opt/airflow/dags/import_from_git.py
[2026-03-25T07:40:11.811+0000] {processor.py:914} INFO - Processing file /opt/airflow/dags/import_from_git.py for tasks to queue
[2026-03-25T07:40:11.814+0000] {logging_mixin.py:190} INFO - [2026-03-25T07:40:11.814+0000] {dagbag.py:588} INFO - Filling up the DagBag from /opt/airflow/dags/import_from_git.py
[2026-03-25T07:40:11.857+0000] {logging_mixin.py:190} INFO - [2026-03-25T07:40:11.855+0000] {dagbag.py:387} ERROR - Failed to import: /opt/airflow/dags/import_from_git.py
Traceback (most recent call last):
  File "/home/airflow/.local/lib/python3.12/site-packages/airflow/models/dagbag.py", line 383, in parse
    loader.exec_module(new_module)
  File "<frozen importlib._bootstrap_external>", line 999, in exec_module
  File "<frozen importlib._bootstrap>", line 488, in _call_with_frames_removed
  File "/opt/airflow/dags/import_from_git.py", line 45, in <module>
    repo_links=get_link();
               ^^^^^^^^^^
  File "/opt/airflow/dags/import_from_git.py", line 4, in get_link
    repo_links=Variable.get("LINKS",deserialize_json=True)
               ^^^^^^^^^^^^^^^^^^^^^^^^^^^^^^^^^^^^^^^^^^^
  File "/home/airflow/.local/lib/python3.12/site-packages/airflow/models/variable.py", line 145, in get
    raise KeyError(f"Variable {key} does not exist")
KeyError: 'Variable LINKS does not exist'
[2026-03-25T07:40:11.859+0000] {processor.py:927} WARNING - No viable dags retrieved from /opt/airflow/dags/import_from_git.py
[2026-03-25T07:40:11.878+0000] {processor.py:208} INFO - Processing /opt/airflow/dags/import_from_git.py took 0.079 seconds
[2026-03-25T07:40:42.767+0000] {processor.py:186} INFO - Started process (PID=36429) to work on /opt/airflow/dags/import_from_git.py
[2026-03-25T07:40:42.769+0000] {processor.py:914} INFO - Processing file /opt/airflow/dags/import_from_git.py for tasks to queue
[2026-03-25T07:40:42.772+0000] {logging_mixin.py:190} INFO - [2026-03-25T07:40:42.771+0000] {dagbag.py:588} INFO - Filling up the DagBag from /opt/airflow/dags/import_from_git.py
[2026-03-25T07:40:42.808+0000] {logging_mixin.py:190} INFO - [2026-03-25T07:40:42.806+0000] {dagbag.py:387} ERROR - Failed to import: /opt/airflow/dags/import_from_git.py
Traceback (most recent call last):
  File "/home/airflow/.local/lib/python3.12/site-packages/airflow/models/dagbag.py", line 383, in parse
    loader.exec_module(new_module)
  File "<frozen importlib._bootstrap_external>", line 999, in exec_module
  File "<frozen importlib._bootstrap>", line 488, in _call_with_frames_removed
  File "/opt/airflow/dags/import_from_git.py", line 45, in <module>
    repo_links=get_link();
               ^^^^^^^^^^
  File "/opt/airflow/dags/import_from_git.py", line 4, in get_link
    repo_links=Variable.get("LINKS",deserialize_json=True)
               ^^^^^^^^^^^^^^^^^^^^^^^^^^^^^^^^^^^^^^^^^^^
  File "/home/airflow/.local/lib/python3.12/site-packages/airflow/models/variable.py", line 145, in get
    raise KeyError(f"Variable {key} does not exist")
KeyError: 'Variable LINKS does not exist'
[2026-03-25T07:40:42.809+0000] {processor.py:927} WARNING - No viable dags retrieved from /opt/airflow/dags/import_from_git.py
[2026-03-25T07:40:42.825+0000] {processor.py:208} INFO - Processing /opt/airflow/dags/import_from_git.py took 0.068 seconds
[2026-03-25T07:41:13.716+0000] {processor.py:186} INFO - Started process (PID=36470) to work on /opt/airflow/dags/import_from_git.py
[2026-03-25T07:41:13.718+0000] {processor.py:914} INFO - Processing file /opt/airflow/dags/import_from_git.py for tasks to queue
[2026-03-25T07:41:13.722+0000] {logging_mixin.py:190} INFO - [2026-03-25T07:41:13.721+0000] {dagbag.py:588} INFO - Filling up the DagBag from /opt/airflow/dags/import_from_git.py
[2026-03-25T07:41:13.763+0000] {logging_mixin.py:190} INFO - [2026-03-25T07:41:13.760+0000] {dagbag.py:387} ERROR - Failed to import: /opt/airflow/dags/import_from_git.py
Traceback (most recent call last):
  File "/home/airflow/.local/lib/python3.12/site-packages/airflow/models/dagbag.py", line 383, in parse
    loader.exec_module(new_module)
  File "<frozen importlib._bootstrap_external>", line 999, in exec_module
  File "<frozen importlib._bootstrap>", line 488, in _call_with_frames_removed
  File "/opt/airflow/dags/import_from_git.py", line 45, in <module>
    repo_links=get_link();
               ^^^^^^^^^^
  File "/opt/airflow/dags/import_from_git.py", line 4, in get_link
    repo_links=Variable.get("LINKS",deserialize_json=True)
               ^^^^^^^^^^^^^^^^^^^^^^^^^^^^^^^^^^^^^^^^^^^
  File "/home/airflow/.local/lib/python3.12/site-packages/airflow/models/variable.py", line 145, in get
    raise KeyError(f"Variable {key} does not exist")
KeyError: 'Variable LINKS does not exist'
[2026-03-25T07:41:13.764+0000] {processor.py:927} WARNING - No viable dags retrieved from /opt/airflow/dags/import_from_git.py
[2026-03-25T07:41:13.782+0000] {processor.py:208} INFO - Processing /opt/airflow/dags/import_from_git.py took 0.076 seconds
[2026-03-25T07:41:44.687+0000] {processor.py:186} INFO - Started process (PID=36511) to work on /opt/airflow/dags/import_from_git.py
[2026-03-25T07:41:44.688+0000] {processor.py:914} INFO - Processing file /opt/airflow/dags/import_from_git.py for tasks to queue
[2026-03-25T07:41:44.692+0000] {logging_mixin.py:190} INFO - [2026-03-25T07:41:44.691+0000] {dagbag.py:588} INFO - Filling up the DagBag from /opt/airflow/dags/import_from_git.py
[2026-03-25T07:41:44.731+0000] {logging_mixin.py:190} INFO - [2026-03-25T07:41:44.728+0000] {dagbag.py:387} ERROR - Failed to import: /opt/airflow/dags/import_from_git.py
Traceback (most recent call last):
  File "/home/airflow/.local/lib/python3.12/site-packages/airflow/models/dagbag.py", line 383, in parse
    loader.exec_module(new_module)
  File "<frozen importlib._bootstrap_external>", line 999, in exec_module
  File "<frozen importlib._bootstrap>", line 488, in _call_with_frames_removed
  File "/opt/airflow/dags/import_from_git.py", line 45, in <module>
    repo_links=get_link();
               ^^^^^^^^^^
  File "/opt/airflow/dags/import_from_git.py", line 4, in get_link
    repo_links=Variable.get("LINKS",deserialize_json=True)
               ^^^^^^^^^^^^^^^^^^^^^^^^^^^^^^^^^^^^^^^^^^^
  File "/home/airflow/.local/lib/python3.12/site-packages/airflow/models/variable.py", line 145, in get
    raise KeyError(f"Variable {key} does not exist")
KeyError: 'Variable LINKS does not exist'
[2026-03-25T07:41:44.732+0000] {processor.py:927} WARNING - No viable dags retrieved from /opt/airflow/dags/import_from_git.py
[2026-03-25T07:41:44.751+0000] {processor.py:208} INFO - Processing /opt/airflow/dags/import_from_git.py took 0.075 seconds
[2026-03-25T07:42:15.651+0000] {processor.py:186} INFO - Started process (PID=36552) to work on /opt/airflow/dags/import_from_git.py
[2026-03-25T07:42:15.653+0000] {processor.py:914} INFO - Processing file /opt/airflow/dags/import_from_git.py for tasks to queue
[2026-03-25T07:42:15.656+0000] {logging_mixin.py:190} INFO - [2026-03-25T07:42:15.656+0000] {dagbag.py:588} INFO - Filling up the DagBag from /opt/airflow/dags/import_from_git.py
[2026-03-25T07:42:15.694+0000] {logging_mixin.py:190} INFO - [2026-03-25T07:42:15.692+0000] {dagbag.py:387} ERROR - Failed to import: /opt/airflow/dags/import_from_git.py
Traceback (most recent call last):
  File "/home/airflow/.local/lib/python3.12/site-packages/airflow/models/dagbag.py", line 383, in parse
    loader.exec_module(new_module)
  File "<frozen importlib._bootstrap_external>", line 999, in exec_module
  File "<frozen importlib._bootstrap>", line 488, in _call_with_frames_removed
  File "/opt/airflow/dags/import_from_git.py", line 45, in <module>
    repo_links=get_link();
               ^^^^^^^^^^
  File "/opt/airflow/dags/import_from_git.py", line 4, in get_link
    repo_links=Variable.get("LINKS",deserialize_json=True)
               ^^^^^^^^^^^^^^^^^^^^^^^^^^^^^^^^^^^^^^^^^^^
  File "/home/airflow/.local/lib/python3.12/site-packages/airflow/models/variable.py", line 145, in get
    raise KeyError(f"Variable {key} does not exist")
KeyError: 'Variable LINKS does not exist'
[2026-03-25T07:42:15.695+0000] {processor.py:927} WARNING - No viable dags retrieved from /opt/airflow/dags/import_from_git.py
[2026-03-25T07:42:15.716+0000] {processor.py:208} INFO - Processing /opt/airflow/dags/import_from_git.py took 0.076 seconds
[2026-03-25T07:42:46.608+0000] {processor.py:186} INFO - Started process (PID=36593) to work on /opt/airflow/dags/import_from_git.py
[2026-03-25T07:42:46.610+0000] {processor.py:914} INFO - Processing file /opt/airflow/dags/import_from_git.py for tasks to queue
[2026-03-25T07:42:46.613+0000] {logging_mixin.py:190} INFO - [2026-03-25T07:42:46.612+0000] {dagbag.py:588} INFO - Filling up the DagBag from /opt/airflow/dags/import_from_git.py
[2026-03-25T07:42:46.653+0000] {logging_mixin.py:190} INFO - [2026-03-25T07:42:46.650+0000] {dagbag.py:387} ERROR - Failed to import: /opt/airflow/dags/import_from_git.py
Traceback (most recent call last):
  File "/home/airflow/.local/lib/python3.12/site-packages/airflow/models/dagbag.py", line 383, in parse
    loader.exec_module(new_module)
  File "<frozen importlib._bootstrap_external>", line 999, in exec_module
  File "<frozen importlib._bootstrap>", line 488, in _call_with_frames_removed
  File "/opt/airflow/dags/import_from_git.py", line 45, in <module>
    repo_links=get_link();
               ^^^^^^^^^^
  File "/opt/airflow/dags/import_from_git.py", line 4, in get_link
    repo_links=Variable.get("LINKS",deserialize_json=True)
               ^^^^^^^^^^^^^^^^^^^^^^^^^^^^^^^^^^^^^^^^^^^
  File "/home/airflow/.local/lib/python3.12/site-packages/airflow/models/variable.py", line 145, in get
    raise KeyError(f"Variable {key} does not exist")
KeyError: 'Variable LINKS does not exist'
[2026-03-25T07:42:46.654+0000] {processor.py:927} WARNING - No viable dags retrieved from /opt/airflow/dags/import_from_git.py
[2026-03-25T07:42:46.674+0000] {processor.py:208} INFO - Processing /opt/airflow/dags/import_from_git.py took 0.075 seconds
[2026-03-25T07:43:17.549+0000] {processor.py:186} INFO - Started process (PID=36634) to work on /opt/airflow/dags/import_from_git.py
[2026-03-25T07:43:17.551+0000] {processor.py:914} INFO - Processing file /opt/airflow/dags/import_from_git.py for tasks to queue
[2026-03-25T07:43:17.555+0000] {logging_mixin.py:190} INFO - [2026-03-25T07:43:17.554+0000] {dagbag.py:588} INFO - Filling up the DagBag from /opt/airflow/dags/import_from_git.py
[2026-03-25T07:43:17.597+0000] {logging_mixin.py:190} INFO - [2026-03-25T07:43:17.594+0000] {dagbag.py:387} ERROR - Failed to import: /opt/airflow/dags/import_from_git.py
Traceback (most recent call last):
  File "/home/airflow/.local/lib/python3.12/site-packages/airflow/models/dagbag.py", line 383, in parse
    loader.exec_module(new_module)
  File "<frozen importlib._bootstrap_external>", line 999, in exec_module
  File "<frozen importlib._bootstrap>", line 488, in _call_with_frames_removed
  File "/opt/airflow/dags/import_from_git.py", line 45, in <module>
    repo_links=get_link();
               ^^^^^^^^^^
  File "/opt/airflow/dags/import_from_git.py", line 4, in get_link
    repo_links=Variable.get("LINKS",deserialize_json=True)
               ^^^^^^^^^^^^^^^^^^^^^^^^^^^^^^^^^^^^^^^^^^^
  File "/home/airflow/.local/lib/python3.12/site-packages/airflow/models/variable.py", line 145, in get
    raise KeyError(f"Variable {key} does not exist")
KeyError: 'Variable LINKS does not exist'
[2026-03-25T07:43:17.598+0000] {processor.py:927} WARNING - No viable dags retrieved from /opt/airflow/dags/import_from_git.py
[2026-03-25T07:43:17.615+0000] {processor.py:208} INFO - Processing /opt/airflow/dags/import_from_git.py took 0.079 seconds
[2026-03-25T07:43:48.515+0000] {processor.py:186} INFO - Started process (PID=36675) to work on /opt/airflow/dags/import_from_git.py
[2026-03-25T07:43:48.516+0000] {processor.py:914} INFO - Processing file /opt/airflow/dags/import_from_git.py for tasks to queue
[2026-03-25T07:43:48.520+0000] {logging_mixin.py:190} INFO - [2026-03-25T07:43:48.519+0000] {dagbag.py:588} INFO - Filling up the DagBag from /opt/airflow/dags/import_from_git.py
[2026-03-25T07:43:48.559+0000] {logging_mixin.py:190} INFO - [2026-03-25T07:43:48.556+0000] {dagbag.py:387} ERROR - Failed to import: /opt/airflow/dags/import_from_git.py
Traceback (most recent call last):
  File "/home/airflow/.local/lib/python3.12/site-packages/airflow/models/dagbag.py", line 383, in parse
    loader.exec_module(new_module)
  File "<frozen importlib._bootstrap_external>", line 999, in exec_module
  File "<frozen importlib._bootstrap>", line 488, in _call_with_frames_removed
  File "/opt/airflow/dags/import_from_git.py", line 45, in <module>
    repo_links=get_link();
               ^^^^^^^^^^
  File "/opt/airflow/dags/import_from_git.py", line 4, in get_link
    repo_links=Variable.get("LINKS",deserialize_json=True)
               ^^^^^^^^^^^^^^^^^^^^^^^^^^^^^^^^^^^^^^^^^^^
  File "/home/airflow/.local/lib/python3.12/site-packages/airflow/models/variable.py", line 145, in get
    raise KeyError(f"Variable {key} does not exist")
KeyError: 'Variable LINKS does not exist'
[2026-03-25T07:43:48.560+0000] {processor.py:927} WARNING - No viable dags retrieved from /opt/airflow/dags/import_from_git.py
[2026-03-25T07:43:48.575+0000] {processor.py:208} INFO - Processing /opt/airflow/dags/import_from_git.py took 0.072 seconds
[2026-03-25T07:44:19.472+0000] {processor.py:186} INFO - Started process (PID=36716) to work on /opt/airflow/dags/import_from_git.py
[2026-03-25T07:44:19.473+0000] {processor.py:914} INFO - Processing file /opt/airflow/dags/import_from_git.py for tasks to queue
[2026-03-25T07:44:19.477+0000] {logging_mixin.py:190} INFO - [2026-03-25T07:44:19.476+0000] {dagbag.py:588} INFO - Filling up the DagBag from /opt/airflow/dags/import_from_git.py
[2026-03-25T07:44:19.519+0000] {logging_mixin.py:190} INFO - [2026-03-25T07:44:19.516+0000] {dagbag.py:387} ERROR - Failed to import: /opt/airflow/dags/import_from_git.py
Traceback (most recent call last):
  File "/home/airflow/.local/lib/python3.12/site-packages/airflow/models/dagbag.py", line 383, in parse
    loader.exec_module(new_module)
  File "<frozen importlib._bootstrap_external>", line 999, in exec_module
  File "<frozen importlib._bootstrap>", line 488, in _call_with_frames_removed
  File "/opt/airflow/dags/import_from_git.py", line 45, in <module>
    repo_links=get_link();
               ^^^^^^^^^^
  File "/opt/airflow/dags/import_from_git.py", line 4, in get_link
    repo_links=Variable.get("LINKS",deserialize_json=True)
               ^^^^^^^^^^^^^^^^^^^^^^^^^^^^^^^^^^^^^^^^^^^
  File "/home/airflow/.local/lib/python3.12/site-packages/airflow/models/variable.py", line 145, in get
    raise KeyError(f"Variable {key} does not exist")
KeyError: 'Variable LINKS does not exist'
[2026-03-25T07:44:19.520+0000] {processor.py:927} WARNING - No viable dags retrieved from /opt/airflow/dags/import_from_git.py
[2026-03-25T07:44:19.538+0000] {processor.py:208} INFO - Processing /opt/airflow/dags/import_from_git.py took 0.077 seconds
[2026-03-25T07:44:50.466+0000] {processor.py:186} INFO - Started process (PID=36757) to work on /opt/airflow/dags/import_from_git.py
[2026-03-25T07:44:50.467+0000] {processor.py:914} INFO - Processing file /opt/airflow/dags/import_from_git.py for tasks to queue
[2026-03-25T07:44:50.471+0000] {logging_mixin.py:190} INFO - [2026-03-25T07:44:50.471+0000] {dagbag.py:588} INFO - Filling up the DagBag from /opt/airflow/dags/import_from_git.py
[2026-03-25T07:44:50.510+0000] {logging_mixin.py:190} INFO - [2026-03-25T07:44:50.508+0000] {dagbag.py:387} ERROR - Failed to import: /opt/airflow/dags/import_from_git.py
Traceback (most recent call last):
  File "/home/airflow/.local/lib/python3.12/site-packages/airflow/models/dagbag.py", line 383, in parse
    loader.exec_module(new_module)
  File "<frozen importlib._bootstrap_external>", line 999, in exec_module
  File "<frozen importlib._bootstrap>", line 488, in _call_with_frames_removed
  File "/opt/airflow/dags/import_from_git.py", line 45, in <module>
    repo_links=get_link();
               ^^^^^^^^^^
  File "/opt/airflow/dags/import_from_git.py", line 4, in get_link
    repo_links=Variable.get("LINKS",deserialize_json=True)
               ^^^^^^^^^^^^^^^^^^^^^^^^^^^^^^^^^^^^^^^^^^^
  File "/home/airflow/.local/lib/python3.12/site-packages/airflow/models/variable.py", line 145, in get
    raise KeyError(f"Variable {key} does not exist")
KeyError: 'Variable LINKS does not exist'
[2026-03-25T07:44:50.511+0000] {processor.py:927} WARNING - No viable dags retrieved from /opt/airflow/dags/import_from_git.py
[2026-03-25T07:44:50.530+0000] {processor.py:208} INFO - Processing /opt/airflow/dags/import_from_git.py took 0.079 seconds
[2026-03-25T07:45:21.437+0000] {processor.py:186} INFO - Started process (PID=36798) to work on /opt/airflow/dags/import_from_git.py
[2026-03-25T07:45:21.439+0000] {processor.py:914} INFO - Processing file /opt/airflow/dags/import_from_git.py for tasks to queue
[2026-03-25T07:45:21.444+0000] {logging_mixin.py:190} INFO - [2026-03-25T07:45:21.443+0000] {dagbag.py:588} INFO - Filling up the DagBag from /opt/airflow/dags/import_from_git.py
[2026-03-25T07:45:21.486+0000] {logging_mixin.py:190} INFO - [2026-03-25T07:45:21.482+0000] {dagbag.py:387} ERROR - Failed to import: /opt/airflow/dags/import_from_git.py
Traceback (most recent call last):
  File "/home/airflow/.local/lib/python3.12/site-packages/airflow/models/dagbag.py", line 383, in parse
    loader.exec_module(new_module)
  File "<frozen importlib._bootstrap_external>", line 999, in exec_module
  File "<frozen importlib._bootstrap>", line 488, in _call_with_frames_removed
  File "/opt/airflow/dags/import_from_git.py", line 45, in <module>
    repo_links=get_link();
               ^^^^^^^^^^
  File "/opt/airflow/dags/import_from_git.py", line 4, in get_link
    repo_links=Variable.get("LINKS",deserialize_json=True)
               ^^^^^^^^^^^^^^^^^^^^^^^^^^^^^^^^^^^^^^^^^^^
  File "/home/airflow/.local/lib/python3.12/site-packages/airflow/models/variable.py", line 145, in get
    raise KeyError(f"Variable {key} does not exist")
KeyError: 'Variable LINKS does not exist'
[2026-03-25T07:45:21.487+0000] {processor.py:927} WARNING - No viable dags retrieved from /opt/airflow/dags/import_from_git.py
[2026-03-25T07:45:21.503+0000] {processor.py:208} INFO - Processing /opt/airflow/dags/import_from_git.py took 0.080 seconds
[2026-03-25T07:45:52.235+0000] {processor.py:186} INFO - Started process (PID=36839) to work on /opt/airflow/dags/import_from_git.py
[2026-03-25T07:45:52.237+0000] {processor.py:914} INFO - Processing file /opt/airflow/dags/import_from_git.py for tasks to queue
[2026-03-25T07:45:52.241+0000] {logging_mixin.py:190} INFO - [2026-03-25T07:45:52.241+0000] {dagbag.py:588} INFO - Filling up the DagBag from /opt/airflow/dags/import_from_git.py
[2026-03-25T07:45:52.282+0000] {logging_mixin.py:190} INFO - [2026-03-25T07:45:52.280+0000] {dagbag.py:387} ERROR - Failed to import: /opt/airflow/dags/import_from_git.py
Traceback (most recent call last):
  File "/home/airflow/.local/lib/python3.12/site-packages/airflow/models/dagbag.py", line 383, in parse
    loader.exec_module(new_module)
  File "<frozen importlib._bootstrap_external>", line 999, in exec_module
  File "<frozen importlib._bootstrap>", line 488, in _call_with_frames_removed
  File "/opt/airflow/dags/import_from_git.py", line 45, in <module>
    repo_links=get_link();
               ^^^^^^^^^^
  File "/opt/airflow/dags/import_from_git.py", line 4, in get_link
    repo_links=Variable.get("LINKS",deserialize_json=True)
               ^^^^^^^^^^^^^^^^^^^^^^^^^^^^^^^^^^^^^^^^^^^
  File "/home/airflow/.local/lib/python3.12/site-packages/airflow/models/variable.py", line 145, in get
    raise KeyError(f"Variable {key} does not exist")
KeyError: 'Variable LINKS does not exist'
[2026-03-25T07:45:52.283+0000] {processor.py:927} WARNING - No viable dags retrieved from /opt/airflow/dags/import_from_git.py
[2026-03-25T07:45:52.303+0000] {processor.py:208} INFO - Processing /opt/airflow/dags/import_from_git.py took 0.080 seconds
[2026-03-25T07:46:23.201+0000] {processor.py:186} INFO - Started process (PID=36880) to work on /opt/airflow/dags/import_from_git.py
[2026-03-25T07:46:23.202+0000] {processor.py:914} INFO - Processing file /opt/airflow/dags/import_from_git.py for tasks to queue
[2026-03-25T07:46:23.206+0000] {logging_mixin.py:190} INFO - [2026-03-25T07:46:23.205+0000] {dagbag.py:588} INFO - Filling up the DagBag from /opt/airflow/dags/import_from_git.py
[2026-03-25T07:46:23.246+0000] {logging_mixin.py:190} INFO - [2026-03-25T07:46:23.243+0000] {dagbag.py:387} ERROR - Failed to import: /opt/airflow/dags/import_from_git.py
Traceback (most recent call last):
  File "/home/airflow/.local/lib/python3.12/site-packages/airflow/models/dagbag.py", line 383, in parse
    loader.exec_module(new_module)
  File "<frozen importlib._bootstrap_external>", line 999, in exec_module
  File "<frozen importlib._bootstrap>", line 488, in _call_with_frames_removed
  File "/opt/airflow/dags/import_from_git.py", line 45, in <module>
    repo_links=get_link();
               ^^^^^^^^^^
  File "/opt/airflow/dags/import_from_git.py", line 4, in get_link
    repo_links=Variable.get("LINKS",deserialize_json=True)
               ^^^^^^^^^^^^^^^^^^^^^^^^^^^^^^^^^^^^^^^^^^^
  File "/home/airflow/.local/lib/python3.12/site-packages/airflow/models/variable.py", line 145, in get
    raise KeyError(f"Variable {key} does not exist")
KeyError: 'Variable LINKS does not exist'
[2026-03-25T07:46:23.247+0000] {processor.py:927} WARNING - No viable dags retrieved from /opt/airflow/dags/import_from_git.py
[2026-03-25T07:46:23.263+0000] {processor.py:208} INFO - Processing /opt/airflow/dags/import_from_git.py took 0.075 seconds
[2026-03-25T07:46:54.148+0000] {processor.py:186} INFO - Started process (PID=36921) to work on /opt/airflow/dags/import_from_git.py
[2026-03-25T07:46:54.150+0000] {processor.py:914} INFO - Processing file /opt/airflow/dags/import_from_git.py for tasks to queue
[2026-03-25T07:46:54.153+0000] {logging_mixin.py:190} INFO - [2026-03-25T07:46:54.152+0000] {dagbag.py:588} INFO - Filling up the DagBag from /opt/airflow/dags/import_from_git.py
[2026-03-25T07:46:54.189+0000] {logging_mixin.py:190} INFO - [2026-03-25T07:46:54.186+0000] {dagbag.py:387} ERROR - Failed to import: /opt/airflow/dags/import_from_git.py
Traceback (most recent call last):
  File "/home/airflow/.local/lib/python3.12/site-packages/airflow/models/dagbag.py", line 383, in parse
    loader.exec_module(new_module)
  File "<frozen importlib._bootstrap_external>", line 999, in exec_module
  File "<frozen importlib._bootstrap>", line 488, in _call_with_frames_removed
  File "/opt/airflow/dags/import_from_git.py", line 45, in <module>
    repo_links=get_link();
               ^^^^^^^^^^
  File "/opt/airflow/dags/import_from_git.py", line 4, in get_link
    repo_links=Variable.get("LINKS",deserialize_json=True)
               ^^^^^^^^^^^^^^^^^^^^^^^^^^^^^^^^^^^^^^^^^^^
  File "/home/airflow/.local/lib/python3.12/site-packages/airflow/models/variable.py", line 145, in get
    raise KeyError(f"Variable {key} does not exist")
KeyError: 'Variable LINKS does not exist'
[2026-03-25T07:46:54.191+0000] {processor.py:927} WARNING - No viable dags retrieved from /opt/airflow/dags/import_from_git.py
[2026-03-25T07:46:54.209+0000] {processor.py:208} INFO - Processing /opt/airflow/dags/import_from_git.py took 0.071 seconds
[2026-03-25T07:47:24.932+0000] {processor.py:186} INFO - Started process (PID=36962) to work on /opt/airflow/dags/import_from_git.py
[2026-03-25T07:47:24.933+0000] {processor.py:914} INFO - Processing file /opt/airflow/dags/import_from_git.py for tasks to queue
[2026-03-25T07:47:24.937+0000] {logging_mixin.py:190} INFO - [2026-03-25T07:47:24.936+0000] {dagbag.py:588} INFO - Filling up the DagBag from /opt/airflow/dags/import_from_git.py
[2026-03-25T07:47:24.975+0000] {logging_mixin.py:190} INFO - [2026-03-25T07:47:24.973+0000] {dagbag.py:387} ERROR - Failed to import: /opt/airflow/dags/import_from_git.py
Traceback (most recent call last):
  File "/home/airflow/.local/lib/python3.12/site-packages/airflow/models/dagbag.py", line 383, in parse
    loader.exec_module(new_module)
  File "<frozen importlib._bootstrap_external>", line 999, in exec_module
  File "<frozen importlib._bootstrap>", line 488, in _call_with_frames_removed
  File "/opt/airflow/dags/import_from_git.py", line 45, in <module>
    repo_links=get_link();
               ^^^^^^^^^^
  File "/opt/airflow/dags/import_from_git.py", line 4, in get_link
    repo_links=Variable.get("LINKS",deserialize_json=True)
               ^^^^^^^^^^^^^^^^^^^^^^^^^^^^^^^^^^^^^^^^^^^
  File "/home/airflow/.local/lib/python3.12/site-packages/airflow/models/variable.py", line 145, in get
    raise KeyError(f"Variable {key} does not exist")
KeyError: 'Variable LINKS does not exist'
[2026-03-25T07:47:24.976+0000] {processor.py:927} WARNING - No viable dags retrieved from /opt/airflow/dags/import_from_git.py
[2026-03-25T07:47:24.992+0000] {processor.py:208} INFO - Processing /opt/airflow/dags/import_from_git.py took 0.071 seconds
[2026-03-25T07:47:55.886+0000] {processor.py:186} INFO - Started process (PID=37003) to work on /opt/airflow/dags/import_from_git.py
[2026-03-25T07:47:55.887+0000] {processor.py:914} INFO - Processing file /opt/airflow/dags/import_from_git.py for tasks to queue
[2026-03-25T07:47:55.890+0000] {logging_mixin.py:190} INFO - [2026-03-25T07:47:55.890+0000] {dagbag.py:588} INFO - Filling up the DagBag from /opt/airflow/dags/import_from_git.py
[2026-03-25T07:47:55.932+0000] {logging_mixin.py:190} INFO - [2026-03-25T07:47:55.929+0000] {dagbag.py:387} ERROR - Failed to import: /opt/airflow/dags/import_from_git.py
Traceback (most recent call last):
  File "/home/airflow/.local/lib/python3.12/site-packages/airflow/models/dagbag.py", line 383, in parse
    loader.exec_module(new_module)
  File "<frozen importlib._bootstrap_external>", line 999, in exec_module
  File "<frozen importlib._bootstrap>", line 488, in _call_with_frames_removed
  File "/opt/airflow/dags/import_from_git.py", line 45, in <module>
    repo_links=get_link();
               ^^^^^^^^^^
  File "/opt/airflow/dags/import_from_git.py", line 4, in get_link
    repo_links=Variable.get("LINKS",deserialize_json=True)
               ^^^^^^^^^^^^^^^^^^^^^^^^^^^^^^^^^^^^^^^^^^^
  File "/home/airflow/.local/lib/python3.12/site-packages/airflow/models/variable.py", line 145, in get
    raise KeyError(f"Variable {key} does not exist")
KeyError: 'Variable LINKS does not exist'
[2026-03-25T07:47:55.933+0000] {processor.py:927} WARNING - No viable dags retrieved from /opt/airflow/dags/import_from_git.py
[2026-03-25T07:47:55.950+0000] {processor.py:208} INFO - Processing /opt/airflow/dags/import_from_git.py took 0.074 seconds
[2026-03-25T07:48:26.852+0000] {processor.py:186} INFO - Started process (PID=37052) to work on /opt/airflow/dags/import_from_git.py
[2026-03-25T07:48:26.854+0000] {processor.py:914} INFO - Processing file /opt/airflow/dags/import_from_git.py for tasks to queue
[2026-03-25T07:48:26.857+0000] {logging_mixin.py:190} INFO - [2026-03-25T07:48:26.857+0000] {dagbag.py:588} INFO - Filling up the DagBag from /opt/airflow/dags/import_from_git.py
[2026-03-25T07:48:26.899+0000] {logging_mixin.py:190} INFO - [2026-03-25T07:48:26.896+0000] {dagbag.py:387} ERROR - Failed to import: /opt/airflow/dags/import_from_git.py
Traceback (most recent call last):
  File "/home/airflow/.local/lib/python3.12/site-packages/airflow/models/dagbag.py", line 383, in parse
    loader.exec_module(new_module)
  File "<frozen importlib._bootstrap_external>", line 999, in exec_module
  File "<frozen importlib._bootstrap>", line 488, in _call_with_frames_removed
  File "/opt/airflow/dags/import_from_git.py", line 45, in <module>
    repo_links=get_link();
               ^^^^^^^^^^
  File "/opt/airflow/dags/import_from_git.py", line 4, in get_link
    repo_links=Variable.get("LINKS",deserialize_json=True)
               ^^^^^^^^^^^^^^^^^^^^^^^^^^^^^^^^^^^^^^^^^^^
  File "/home/airflow/.local/lib/python3.12/site-packages/airflow/models/variable.py", line 145, in get
    raise KeyError(f"Variable {key} does not exist")
KeyError: 'Variable LINKS does not exist'
[2026-03-25T07:48:26.900+0000] {processor.py:927} WARNING - No viable dags retrieved from /opt/airflow/dags/import_from_git.py
[2026-03-25T07:48:26.918+0000] {processor.py:208} INFO - Processing /opt/airflow/dags/import_from_git.py took 0.076 seconds
[2026-03-25T07:48:57.807+0000] {processor.py:186} INFO - Started process (PID=37093) to work on /opt/airflow/dags/import_from_git.py
[2026-03-25T07:48:57.808+0000] {processor.py:914} INFO - Processing file /opt/airflow/dags/import_from_git.py for tasks to queue
[2026-03-25T07:48:57.813+0000] {logging_mixin.py:190} INFO - [2026-03-25T07:48:57.812+0000] {dagbag.py:588} INFO - Filling up the DagBag from /opt/airflow/dags/import_from_git.py
[2026-03-25T07:48:57.851+0000] {logging_mixin.py:190} INFO - [2026-03-25T07:48:57.849+0000] {dagbag.py:387} ERROR - Failed to import: /opt/airflow/dags/import_from_git.py
Traceback (most recent call last):
  File "/home/airflow/.local/lib/python3.12/site-packages/airflow/models/dagbag.py", line 383, in parse
    loader.exec_module(new_module)
  File "<frozen importlib._bootstrap_external>", line 999, in exec_module
  File "<frozen importlib._bootstrap>", line 488, in _call_with_frames_removed
  File "/opt/airflow/dags/import_from_git.py", line 45, in <module>
    repo_links=get_link();
               ^^^^^^^^^^
  File "/opt/airflow/dags/import_from_git.py", line 4, in get_link
    repo_links=Variable.get("LINKS",deserialize_json=True)
               ^^^^^^^^^^^^^^^^^^^^^^^^^^^^^^^^^^^^^^^^^^^
  File "/home/airflow/.local/lib/python3.12/site-packages/airflow/models/variable.py", line 145, in get
    raise KeyError(f"Variable {key} does not exist")
KeyError: 'Variable LINKS does not exist'
[2026-03-25T07:48:57.852+0000] {processor.py:927} WARNING - No viable dags retrieved from /opt/airflow/dags/import_from_git.py
[2026-03-25T07:48:57.869+0000] {processor.py:208} INFO - Processing /opt/airflow/dags/import_from_git.py took 0.074 seconds
[2026-03-25T07:49:28.772+0000] {processor.py:186} INFO - Started process (PID=37134) to work on /opt/airflow/dags/import_from_git.py
[2026-03-25T07:49:28.773+0000] {processor.py:914} INFO - Processing file /opt/airflow/dags/import_from_git.py for tasks to queue
[2026-03-25T07:49:28.776+0000] {logging_mixin.py:190} INFO - [2026-03-25T07:49:28.776+0000] {dagbag.py:588} INFO - Filling up the DagBag from /opt/airflow/dags/import_from_git.py
[2026-03-25T07:49:28.816+0000] {logging_mixin.py:190} INFO - [2026-03-25T07:49:28.813+0000] {dagbag.py:387} ERROR - Failed to import: /opt/airflow/dags/import_from_git.py
Traceback (most recent call last):
  File "/home/airflow/.local/lib/python3.12/site-packages/airflow/models/dagbag.py", line 383, in parse
    loader.exec_module(new_module)
  File "<frozen importlib._bootstrap_external>", line 999, in exec_module
  File "<frozen importlib._bootstrap>", line 488, in _call_with_frames_removed
  File "/opt/airflow/dags/import_from_git.py", line 45, in <module>
    repo_links=get_link();
               ^^^^^^^^^^
  File "/opt/airflow/dags/import_from_git.py", line 4, in get_link
    repo_links=Variable.get("LINKS",deserialize_json=True)
               ^^^^^^^^^^^^^^^^^^^^^^^^^^^^^^^^^^^^^^^^^^^
  File "/home/airflow/.local/lib/python3.12/site-packages/airflow/models/variable.py", line 145, in get
    raise KeyError(f"Variable {key} does not exist")
KeyError: 'Variable LINKS does not exist'
[2026-03-25T07:49:28.817+0000] {processor.py:927} WARNING - No viable dags retrieved from /opt/airflow/dags/import_from_git.py
[2026-03-25T07:49:28.836+0000] {processor.py:208} INFO - Processing /opt/airflow/dags/import_from_git.py took 0.075 seconds
[2026-03-25T07:49:59.737+0000] {processor.py:186} INFO - Started process (PID=37175) to work on /opt/airflow/dags/import_from_git.py
[2026-03-25T07:49:59.738+0000] {processor.py:914} INFO - Processing file /opt/airflow/dags/import_from_git.py for tasks to queue
[2026-03-25T07:49:59.742+0000] {logging_mixin.py:190} INFO - [2026-03-25T07:49:59.741+0000] {dagbag.py:588} INFO - Filling up the DagBag from /opt/airflow/dags/import_from_git.py
[2026-03-25T07:49:59.778+0000] {logging_mixin.py:190} INFO - [2026-03-25T07:49:59.776+0000] {dagbag.py:387} ERROR - Failed to import: /opt/airflow/dags/import_from_git.py
Traceback (most recent call last):
  File "/home/airflow/.local/lib/python3.12/site-packages/airflow/models/dagbag.py", line 383, in parse
    loader.exec_module(new_module)
  File "<frozen importlib._bootstrap_external>", line 999, in exec_module
  File "<frozen importlib._bootstrap>", line 488, in _call_with_frames_removed
  File "/opt/airflow/dags/import_from_git.py", line 45, in <module>
    repo_links=get_link();
               ^^^^^^^^^^
  File "/opt/airflow/dags/import_from_git.py", line 4, in get_link
    repo_links=Variable.get("LINKS",deserialize_json=True)
               ^^^^^^^^^^^^^^^^^^^^^^^^^^^^^^^^^^^^^^^^^^^
  File "/home/airflow/.local/lib/python3.12/site-packages/airflow/models/variable.py", line 145, in get
    raise KeyError(f"Variable {key} does not exist")
KeyError: 'Variable LINKS does not exist'
[2026-03-25T07:49:59.779+0000] {processor.py:927} WARNING - No viable dags retrieved from /opt/airflow/dags/import_from_git.py
[2026-03-25T07:49:59.797+0000] {processor.py:208} INFO - Processing /opt/airflow/dags/import_from_git.py took 0.072 seconds
[2026-03-25T07:50:30.712+0000] {processor.py:186} INFO - Started process (PID=37216) to work on /opt/airflow/dags/import_from_git.py
[2026-03-25T07:50:30.713+0000] {processor.py:914} INFO - Processing file /opt/airflow/dags/import_from_git.py for tasks to queue
[2026-03-25T07:50:30.717+0000] {logging_mixin.py:190} INFO - [2026-03-25T07:50:30.716+0000] {dagbag.py:588} INFO - Filling up the DagBag from /opt/airflow/dags/import_from_git.py
[2026-03-25T07:50:30.763+0000] {logging_mixin.py:190} INFO - [2026-03-25T07:50:30.761+0000] {dagbag.py:387} ERROR - Failed to import: /opt/airflow/dags/import_from_git.py
Traceback (most recent call last):
  File "/home/airflow/.local/lib/python3.12/site-packages/airflow/models/dagbag.py", line 383, in parse
    loader.exec_module(new_module)
  File "<frozen importlib._bootstrap_external>", line 999, in exec_module
  File "<frozen importlib._bootstrap>", line 488, in _call_with_frames_removed
  File "/opt/airflow/dags/import_from_git.py", line 45, in <module>
    repo_links=get_link();
               ^^^^^^^^^^
  File "/opt/airflow/dags/import_from_git.py", line 4, in get_link
    repo_links=Variable.get("LINKS",deserialize_json=True)
               ^^^^^^^^^^^^^^^^^^^^^^^^^^^^^^^^^^^^^^^^^^^
  File "/home/airflow/.local/lib/python3.12/site-packages/airflow/models/variable.py", line 145, in get
    raise KeyError(f"Variable {key} does not exist")
KeyError: 'Variable LINKS does not exist'
[2026-03-25T07:50:30.765+0000] {processor.py:927} WARNING - No viable dags retrieved from /opt/airflow/dags/import_from_git.py
[2026-03-25T07:50:30.786+0000] {processor.py:208} INFO - Processing /opt/airflow/dags/import_from_git.py took 0.088 seconds
[2026-03-25T07:51:01.746+0000] {processor.py:186} INFO - Started process (PID=37257) to work on /opt/airflow/dags/import_from_git.py
[2026-03-25T07:51:01.748+0000] {processor.py:914} INFO - Processing file /opt/airflow/dags/import_from_git.py for tasks to queue
[2026-03-25T07:51:01.752+0000] {logging_mixin.py:190} INFO - [2026-03-25T07:51:01.751+0000] {dagbag.py:588} INFO - Filling up the DagBag from /opt/airflow/dags/import_from_git.py
[2026-03-25T07:51:01.795+0000] {logging_mixin.py:190} INFO - [2026-03-25T07:51:01.792+0000] {dagbag.py:387} ERROR - Failed to import: /opt/airflow/dags/import_from_git.py
Traceback (most recent call last):
  File "/home/airflow/.local/lib/python3.12/site-packages/airflow/models/dagbag.py", line 383, in parse
    loader.exec_module(new_module)
  File "<frozen importlib._bootstrap_external>", line 999, in exec_module
  File "<frozen importlib._bootstrap>", line 488, in _call_with_frames_removed
  File "/opt/airflow/dags/import_from_git.py", line 45, in <module>
    repo_links=get_link();
               ^^^^^^^^^^
  File "/opt/airflow/dags/import_from_git.py", line 4, in get_link
    repo_links=Variable.get("LINKS",deserialize_json=True)
               ^^^^^^^^^^^^^^^^^^^^^^^^^^^^^^^^^^^^^^^^^^^
  File "/home/airflow/.local/lib/python3.12/site-packages/airflow/models/variable.py", line 145, in get
    raise KeyError(f"Variable {key} does not exist")
KeyError: 'Variable LINKS does not exist'
[2026-03-25T07:51:01.796+0000] {processor.py:927} WARNING - No viable dags retrieved from /opt/airflow/dags/import_from_git.py
[2026-03-25T07:51:01.816+0000] {processor.py:208} INFO - Processing /opt/airflow/dags/import_from_git.py took 0.081 seconds
[2026-03-25T07:51:31.964+0000] {processor.py:186} INFO - Started process (PID=37298) to work on /opt/airflow/dags/import_from_git.py
[2026-03-25T07:51:31.966+0000] {processor.py:914} INFO - Processing file /opt/airflow/dags/import_from_git.py for tasks to queue
[2026-03-25T07:51:31.971+0000] {logging_mixin.py:190} INFO - [2026-03-25T07:51:31.970+0000] {dagbag.py:588} INFO - Filling up the DagBag from /opt/airflow/dags/import_from_git.py
[2026-03-25T07:51:32.011+0000] {logging_mixin.py:190} INFO - [2026-03-25T07:51:32.008+0000] {dagbag.py:387} ERROR - Failed to import: /opt/airflow/dags/import_from_git.py
Traceback (most recent call last):
  File "/home/airflow/.local/lib/python3.12/site-packages/airflow/models/dagbag.py", line 383, in parse
    loader.exec_module(new_module)
  File "<frozen importlib._bootstrap_external>", line 999, in exec_module
  File "<frozen importlib._bootstrap>", line 488, in _call_with_frames_removed
  File "/opt/airflow/dags/import_from_git.py", line 45, in <module>
    repo_links=get_link();
               ^^^^^^^^^^
  File "/opt/airflow/dags/import_from_git.py", line 4, in get_link
    repo_links=Variable.get("LINKS",deserialize_json=True)
               ^^^^^^^^^^^^^^^^^^^^^^^^^^^^^^^^^^^^^^^^^^^
  File "/home/airflow/.local/lib/python3.12/site-packages/airflow/models/variable.py", line 145, in get
    raise KeyError(f"Variable {key} does not exist")
KeyError: 'Variable LINKS does not exist'
[2026-03-25T07:51:32.012+0000] {processor.py:927} WARNING - No viable dags retrieved from /opt/airflow/dags/import_from_git.py
[2026-03-25T07:51:32.028+0000] {processor.py:208} INFO - Processing /opt/airflow/dags/import_from_git.py took 0.074 seconds
[2026-03-25T07:52:02.236+0000] {processor.py:186} INFO - Started process (PID=37339) to work on /opt/airflow/dags/import_from_git.py
[2026-03-25T07:52:02.237+0000] {processor.py:914} INFO - Processing file /opt/airflow/dags/import_from_git.py for tasks to queue
[2026-03-25T07:52:02.244+0000] {logging_mixin.py:190} INFO - [2026-03-25T07:52:02.243+0000] {dagbag.py:588} INFO - Filling up the DagBag from /opt/airflow/dags/import_from_git.py
[2026-03-25T07:52:02.285+0000] {logging_mixin.py:190} INFO - [2026-03-25T07:52:02.282+0000] {dagbag.py:387} ERROR - Failed to import: /opt/airflow/dags/import_from_git.py
Traceback (most recent call last):
  File "/home/airflow/.local/lib/python3.12/site-packages/airflow/models/dagbag.py", line 383, in parse
    loader.exec_module(new_module)
  File "<frozen importlib._bootstrap_external>", line 999, in exec_module
  File "<frozen importlib._bootstrap>", line 488, in _call_with_frames_removed
  File "/opt/airflow/dags/import_from_git.py", line 45, in <module>
    repo_links=get_link();
               ^^^^^^^^^^
  File "/opt/airflow/dags/import_from_git.py", line 4, in get_link
    repo_links=Variable.get("LINKS",deserialize_json=True)
               ^^^^^^^^^^^^^^^^^^^^^^^^^^^^^^^^^^^^^^^^^^^
  File "/home/airflow/.local/lib/python3.12/site-packages/airflow/models/variable.py", line 145, in get
    raise KeyError(f"Variable {key} does not exist")
KeyError: 'Variable LINKS does not exist'
[2026-03-25T07:52:02.286+0000] {processor.py:927} WARNING - No viable dags retrieved from /opt/airflow/dags/import_from_git.py
[2026-03-25T07:52:02.304+0000] {processor.py:208} INFO - Processing /opt/airflow/dags/import_from_git.py took 0.078 seconds
[2026-03-25T07:52:33.290+0000] {processor.py:186} INFO - Started process (PID=37380) to work on /opt/airflow/dags/import_from_git.py
[2026-03-25T07:52:33.292+0000] {processor.py:914} INFO - Processing file /opt/airflow/dags/import_from_git.py for tasks to queue
[2026-03-25T07:52:33.301+0000] {logging_mixin.py:190} INFO - [2026-03-25T07:52:33.300+0000] {dagbag.py:588} INFO - Filling up the DagBag from /opt/airflow/dags/import_from_git.py
[2026-03-25T07:52:33.360+0000] {logging_mixin.py:190} INFO - [2026-03-25T07:52:33.357+0000] {dagbag.py:387} ERROR - Failed to import: /opt/airflow/dags/import_from_git.py
Traceback (most recent call last):
  File "/home/airflow/.local/lib/python3.12/site-packages/airflow/models/dagbag.py", line 383, in parse
    loader.exec_module(new_module)
  File "<frozen importlib._bootstrap_external>", line 999, in exec_module
  File "<frozen importlib._bootstrap>", line 488, in _call_with_frames_removed
  File "/opt/airflow/dags/import_from_git.py", line 45, in <module>
    repo_links=get_link();
               ^^^^^^^^^^
  File "/opt/airflow/dags/import_from_git.py", line 4, in get_link
    repo_links=Variable.get("LINKS",deserialize_json=True)
               ^^^^^^^^^^^^^^^^^^^^^^^^^^^^^^^^^^^^^^^^^^^
  File "/home/airflow/.local/lib/python3.12/site-packages/airflow/models/variable.py", line 145, in get
    raise KeyError(f"Variable {key} does not exist")
KeyError: 'Variable LINKS does not exist'
[2026-03-25T07:52:33.362+0000] {processor.py:927} WARNING - No viable dags retrieved from /opt/airflow/dags/import_from_git.py
[2026-03-25T07:52:33.387+0000] {processor.py:208} INFO - Processing /opt/airflow/dags/import_from_git.py took 0.112 seconds
[2026-03-25T07:53:03.524+0000] {processor.py:186} INFO - Started process (PID=37421) to work on /opt/airflow/dags/import_from_git.py
[2026-03-25T07:53:03.526+0000] {processor.py:914} INFO - Processing file /opt/airflow/dags/import_from_git.py for tasks to queue
[2026-03-25T07:53:03.530+0000] {logging_mixin.py:190} INFO - [2026-03-25T07:53:03.529+0000] {dagbag.py:588} INFO - Filling up the DagBag from /opt/airflow/dags/import_from_git.py
[2026-03-25T07:53:03.573+0000] {logging_mixin.py:190} INFO - [2026-03-25T07:53:03.570+0000] {dagbag.py:387} ERROR - Failed to import: /opt/airflow/dags/import_from_git.py
Traceback (most recent call last):
  File "/home/airflow/.local/lib/python3.12/site-packages/airflow/models/dagbag.py", line 383, in parse
    loader.exec_module(new_module)
  File "<frozen importlib._bootstrap_external>", line 999, in exec_module
  File "<frozen importlib._bootstrap>", line 488, in _call_with_frames_removed
  File "/opt/airflow/dags/import_from_git.py", line 45, in <module>
    repo_links=get_link();
               ^^^^^^^^^^
  File "/opt/airflow/dags/import_from_git.py", line 4, in get_link
    repo_links=Variable.get("LINKS",deserialize_json=True)
               ^^^^^^^^^^^^^^^^^^^^^^^^^^^^^^^^^^^^^^^^^^^
  File "/home/airflow/.local/lib/python3.12/site-packages/airflow/models/variable.py", line 145, in get
    raise KeyError(f"Variable {key} does not exist")
KeyError: 'Variable LINKS does not exist'
[2026-03-25T07:53:03.574+0000] {processor.py:927} WARNING - No viable dags retrieved from /opt/airflow/dags/import_from_git.py
[2026-03-25T07:53:03.595+0000] {processor.py:208} INFO - Processing /opt/airflow/dags/import_from_git.py took 0.081 seconds
[2026-03-25T07:53:34.509+0000] {processor.py:186} INFO - Started process (PID=37462) to work on /opt/airflow/dags/import_from_git.py
[2026-03-25T07:53:34.511+0000] {processor.py:914} INFO - Processing file /opt/airflow/dags/import_from_git.py for tasks to queue
[2026-03-25T07:53:34.515+0000] {logging_mixin.py:190} INFO - [2026-03-25T07:53:34.514+0000] {dagbag.py:588} INFO - Filling up the DagBag from /opt/airflow/dags/import_from_git.py
[2026-03-25T07:53:34.556+0000] {logging_mixin.py:190} INFO - [2026-03-25T07:53:34.553+0000] {dagbag.py:387} ERROR - Failed to import: /opt/airflow/dags/import_from_git.py
Traceback (most recent call last):
  File "/home/airflow/.local/lib/python3.12/site-packages/airflow/models/dagbag.py", line 383, in parse
    loader.exec_module(new_module)
  File "<frozen importlib._bootstrap_external>", line 999, in exec_module
  File "<frozen importlib._bootstrap>", line 488, in _call_with_frames_removed
  File "/opt/airflow/dags/import_from_git.py", line 45, in <module>
    repo_links=get_link();
               ^^^^^^^^^^
  File "/opt/airflow/dags/import_from_git.py", line 4, in get_link
    repo_links=Variable.get("LINKS",deserialize_json=True)
               ^^^^^^^^^^^^^^^^^^^^^^^^^^^^^^^^^^^^^^^^^^^
  File "/home/airflow/.local/lib/python3.12/site-packages/airflow/models/variable.py", line 145, in get
    raise KeyError(f"Variable {key} does not exist")
KeyError: 'Variable LINKS does not exist'
[2026-03-25T07:53:34.557+0000] {processor.py:927} WARNING - No viable dags retrieved from /opt/airflow/dags/import_from_git.py
[2026-03-25T07:53:34.575+0000] {processor.py:208} INFO - Processing /opt/airflow/dags/import_from_git.py took 0.079 seconds
[2026-03-25T07:54:05.491+0000] {processor.py:186} INFO - Started process (PID=37503) to work on /opt/airflow/dags/import_from_git.py
[2026-03-25T07:54:05.493+0000] {processor.py:914} INFO - Processing file /opt/airflow/dags/import_from_git.py for tasks to queue
[2026-03-25T07:54:05.497+0000] {logging_mixin.py:190} INFO - [2026-03-25T07:54:05.496+0000] {dagbag.py:588} INFO - Filling up the DagBag from /opt/airflow/dags/import_from_git.py
[2026-03-25T07:54:05.539+0000] {logging_mixin.py:190} INFO - [2026-03-25T07:54:05.536+0000] {dagbag.py:387} ERROR - Failed to import: /opt/airflow/dags/import_from_git.py
Traceback (most recent call last):
  File "/home/airflow/.local/lib/python3.12/site-packages/airflow/models/dagbag.py", line 383, in parse
    loader.exec_module(new_module)
  File "<frozen importlib._bootstrap_external>", line 999, in exec_module
  File "<frozen importlib._bootstrap>", line 488, in _call_with_frames_removed
  File "/opt/airflow/dags/import_from_git.py", line 45, in <module>
    repo_links=get_link();
               ^^^^^^^^^^
  File "/opt/airflow/dags/import_from_git.py", line 4, in get_link
    repo_links=Variable.get("LINKS",deserialize_json=True)
               ^^^^^^^^^^^^^^^^^^^^^^^^^^^^^^^^^^^^^^^^^^^
  File "/home/airflow/.local/lib/python3.12/site-packages/airflow/models/variable.py", line 145, in get
    raise KeyError(f"Variable {key} does not exist")
KeyError: 'Variable LINKS does not exist'
[2026-03-25T07:54:05.541+0000] {processor.py:927} WARNING - No viable dags retrieved from /opt/airflow/dags/import_from_git.py
[2026-03-25T07:54:05.561+0000] {processor.py:208} INFO - Processing /opt/airflow/dags/import_from_git.py took 0.083 seconds
[2026-03-25T07:54:36.311+0000] {processor.py:186} INFO - Started process (PID=37544) to work on /opt/airflow/dags/import_from_git.py
[2026-03-25T07:54:36.312+0000] {processor.py:914} INFO - Processing file /opt/airflow/dags/import_from_git.py for tasks to queue
[2026-03-25T07:54:36.317+0000] {logging_mixin.py:190} INFO - [2026-03-25T07:54:36.316+0000] {dagbag.py:588} INFO - Filling up the DagBag from /opt/airflow/dags/import_from_git.py
[2026-03-25T07:54:36.357+0000] {logging_mixin.py:190} INFO - [2026-03-25T07:54:36.355+0000] {dagbag.py:387} ERROR - Failed to import: /opt/airflow/dags/import_from_git.py
Traceback (most recent call last):
  File "/home/airflow/.local/lib/python3.12/site-packages/airflow/models/dagbag.py", line 383, in parse
    loader.exec_module(new_module)
  File "<frozen importlib._bootstrap_external>", line 999, in exec_module
  File "<frozen importlib._bootstrap>", line 488, in _call_with_frames_removed
  File "/opt/airflow/dags/import_from_git.py", line 45, in <module>
    repo_links=get_link();
               ^^^^^^^^^^
  File "/opt/airflow/dags/import_from_git.py", line 4, in get_link
    repo_links=Variable.get("LINKS",deserialize_json=True)
               ^^^^^^^^^^^^^^^^^^^^^^^^^^^^^^^^^^^^^^^^^^^
  File "/home/airflow/.local/lib/python3.12/site-packages/airflow/models/variable.py", line 145, in get
    raise KeyError(f"Variable {key} does not exist")
KeyError: 'Variable LINKS does not exist'
[2026-03-25T07:54:36.358+0000] {processor.py:927} WARNING - No viable dags retrieved from /opt/airflow/dags/import_from_git.py
[2026-03-25T07:54:36.374+0000] {processor.py:208} INFO - Processing /opt/airflow/dags/import_from_git.py took 0.076 seconds
[2026-03-25T07:55:07.139+0000] {processor.py:186} INFO - Started process (PID=37585) to work on /opt/airflow/dags/import_from_git.py
[2026-03-25T07:55:07.141+0000] {processor.py:914} INFO - Processing file /opt/airflow/dags/import_from_git.py for tasks to queue
[2026-03-25T07:55:07.145+0000] {logging_mixin.py:190} INFO - [2026-03-25T07:55:07.144+0000] {dagbag.py:588} INFO - Filling up the DagBag from /opt/airflow/dags/import_from_git.py
[2026-03-25T07:55:07.188+0000] {logging_mixin.py:190} INFO - [2026-03-25T07:55:07.185+0000] {dagbag.py:387} ERROR - Failed to import: /opt/airflow/dags/import_from_git.py
Traceback (most recent call last):
  File "/home/airflow/.local/lib/python3.12/site-packages/airflow/models/dagbag.py", line 383, in parse
    loader.exec_module(new_module)
  File "<frozen importlib._bootstrap_external>", line 999, in exec_module
  File "<frozen importlib._bootstrap>", line 488, in _call_with_frames_removed
  File "/opt/airflow/dags/import_from_git.py", line 45, in <module>
    repo_links=get_link();
               ^^^^^^^^^^
  File "/opt/airflow/dags/import_from_git.py", line 4, in get_link
    repo_links=Variable.get("LINKS",deserialize_json=True)
               ^^^^^^^^^^^^^^^^^^^^^^^^^^^^^^^^^^^^^^^^^^^
  File "/home/airflow/.local/lib/python3.12/site-packages/airflow/models/variable.py", line 145, in get
    raise KeyError(f"Variable {key} does not exist")
KeyError: 'Variable LINKS does not exist'
[2026-03-25T07:55:07.189+0000] {processor.py:927} WARNING - No viable dags retrieved from /opt/airflow/dags/import_from_git.py
[2026-03-25T07:55:07.208+0000] {processor.py:208} INFO - Processing /opt/airflow/dags/import_from_git.py took 0.081 seconds
[2026-03-25T07:55:38.125+0000] {processor.py:186} INFO - Started process (PID=37626) to work on /opt/airflow/dags/import_from_git.py
[2026-03-25T07:55:38.126+0000] {processor.py:914} INFO - Processing file /opt/airflow/dags/import_from_git.py for tasks to queue
[2026-03-25T07:55:38.130+0000] {logging_mixin.py:190} INFO - [2026-03-25T07:55:38.129+0000] {dagbag.py:588} INFO - Filling up the DagBag from /opt/airflow/dags/import_from_git.py
[2026-03-25T07:55:38.165+0000] {logging_mixin.py:190} INFO - [2026-03-25T07:55:38.163+0000] {dagbag.py:387} ERROR - Failed to import: /opt/airflow/dags/import_from_git.py
Traceback (most recent call last):
  File "/home/airflow/.local/lib/python3.12/site-packages/airflow/models/dagbag.py", line 383, in parse
    loader.exec_module(new_module)
  File "<frozen importlib._bootstrap_external>", line 999, in exec_module
  File "<frozen importlib._bootstrap>", line 488, in _call_with_frames_removed
  File "/opt/airflow/dags/import_from_git.py", line 45, in <module>
    repo_links=get_link();
               ^^^^^^^^^^
  File "/opt/airflow/dags/import_from_git.py", line 4, in get_link
    repo_links=Variable.get("LINKS",deserialize_json=True)
               ^^^^^^^^^^^^^^^^^^^^^^^^^^^^^^^^^^^^^^^^^^^
  File "/home/airflow/.local/lib/python3.12/site-packages/airflow/models/variable.py", line 145, in get
    raise KeyError(f"Variable {key} does not exist")
KeyError: 'Variable LINKS does not exist'
[2026-03-25T07:55:38.166+0000] {processor.py:927} WARNING - No viable dags retrieved from /opt/airflow/dags/import_from_git.py
[2026-03-25T07:55:38.183+0000] {processor.py:208} INFO - Processing /opt/airflow/dags/import_from_git.py took 0.070 seconds
[2026-03-25T07:56:09.053+0000] {processor.py:186} INFO - Started process (PID=37667) to work on /opt/airflow/dags/import_from_git.py
[2026-03-25T07:56:09.054+0000] {processor.py:914} INFO - Processing file /opt/airflow/dags/import_from_git.py for tasks to queue
[2026-03-25T07:56:09.058+0000] {logging_mixin.py:190} INFO - [2026-03-25T07:56:09.057+0000] {dagbag.py:588} INFO - Filling up the DagBag from /opt/airflow/dags/import_from_git.py
[2026-03-25T07:56:09.097+0000] {logging_mixin.py:190} INFO - [2026-03-25T07:56:09.095+0000] {dagbag.py:387} ERROR - Failed to import: /opt/airflow/dags/import_from_git.py
Traceback (most recent call last):
  File "/home/airflow/.local/lib/python3.12/site-packages/airflow/models/dagbag.py", line 383, in parse
    loader.exec_module(new_module)
  File "<frozen importlib._bootstrap_external>", line 999, in exec_module
  File "<frozen importlib._bootstrap>", line 488, in _call_with_frames_removed
  File "/opt/airflow/dags/import_from_git.py", line 45, in <module>
    repo_links=get_link();
               ^^^^^^^^^^
  File "/opt/airflow/dags/import_from_git.py", line 4, in get_link
    repo_links=Variable.get("LINKS",deserialize_json=True)
               ^^^^^^^^^^^^^^^^^^^^^^^^^^^^^^^^^^^^^^^^^^^
  File "/home/airflow/.local/lib/python3.12/site-packages/airflow/models/variable.py", line 145, in get
    raise KeyError(f"Variable {key} does not exist")
KeyError: 'Variable LINKS does not exist'
[2026-03-25T07:56:09.099+0000] {processor.py:927} WARNING - No viable dags retrieved from /opt/airflow/dags/import_from_git.py
[2026-03-25T07:56:09.122+0000] {processor.py:208} INFO - Processing /opt/airflow/dags/import_from_git.py took 0.080 seconds
[2026-03-25T07:56:40.032+0000] {processor.py:186} INFO - Started process (PID=37708) to work on /opt/airflow/dags/import_from_git.py
[2026-03-25T07:56:40.034+0000] {processor.py:914} INFO - Processing file /opt/airflow/dags/import_from_git.py for tasks to queue
[2026-03-25T07:56:40.037+0000] {logging_mixin.py:190} INFO - [2026-03-25T07:56:40.037+0000] {dagbag.py:588} INFO - Filling up the DagBag from /opt/airflow/dags/import_from_git.py
[2026-03-25T07:56:40.076+0000] {logging_mixin.py:190} INFO - [2026-03-25T07:56:40.074+0000] {dagbag.py:387} ERROR - Failed to import: /opt/airflow/dags/import_from_git.py
Traceback (most recent call last):
  File "/home/airflow/.local/lib/python3.12/site-packages/airflow/models/dagbag.py", line 383, in parse
    loader.exec_module(new_module)
  File "<frozen importlib._bootstrap_external>", line 999, in exec_module
  File "<frozen importlib._bootstrap>", line 488, in _call_with_frames_removed
  File "/opt/airflow/dags/import_from_git.py", line 45, in <module>
    repo_links=get_link();
               ^^^^^^^^^^
  File "/opt/airflow/dags/import_from_git.py", line 4, in get_link
    repo_links=Variable.get("LINKS",deserialize_json=True)
               ^^^^^^^^^^^^^^^^^^^^^^^^^^^^^^^^^^^^^^^^^^^
  File "/home/airflow/.local/lib/python3.12/site-packages/airflow/models/variable.py", line 145, in get
    raise KeyError(f"Variable {key} does not exist")
KeyError: 'Variable LINKS does not exist'
[2026-03-25T07:56:40.077+0000] {processor.py:927} WARNING - No viable dags retrieved from /opt/airflow/dags/import_from_git.py
[2026-03-25T07:56:40.094+0000] {processor.py:208} INFO - Processing /opt/airflow/dags/import_from_git.py took 0.073 seconds
[2026-03-25T07:57:10.846+0000] {processor.py:186} INFO - Started process (PID=37749) to work on /opt/airflow/dags/import_from_git.py
[2026-03-25T07:57:10.848+0000] {processor.py:914} INFO - Processing file /opt/airflow/dags/import_from_git.py for tasks to queue
[2026-03-25T07:57:10.853+0000] {logging_mixin.py:190} INFO - [2026-03-25T07:57:10.852+0000] {dagbag.py:588} INFO - Filling up the DagBag from /opt/airflow/dags/import_from_git.py
[2026-03-25T07:57:10.891+0000] {logging_mixin.py:190} INFO - [2026-03-25T07:57:10.889+0000] {dagbag.py:387} ERROR - Failed to import: /opt/airflow/dags/import_from_git.py
Traceback (most recent call last):
  File "/home/airflow/.local/lib/python3.12/site-packages/airflow/models/dagbag.py", line 383, in parse
    loader.exec_module(new_module)
  File "<frozen importlib._bootstrap_external>", line 999, in exec_module
  File "<frozen importlib._bootstrap>", line 488, in _call_with_frames_removed
  File "/opt/airflow/dags/import_from_git.py", line 45, in <module>
    repo_links=get_link();
               ^^^^^^^^^^
  File "/opt/airflow/dags/import_from_git.py", line 4, in get_link
    repo_links=Variable.get("LINKS",deserialize_json=True)
               ^^^^^^^^^^^^^^^^^^^^^^^^^^^^^^^^^^^^^^^^^^^
  File "/home/airflow/.local/lib/python3.12/site-packages/airflow/models/variable.py", line 145, in get
    raise KeyError(f"Variable {key} does not exist")
KeyError: 'Variable LINKS does not exist'
[2026-03-25T07:57:10.892+0000] {processor.py:927} WARNING - No viable dags retrieved from /opt/airflow/dags/import_from_git.py
[2026-03-25T07:57:10.911+0000] {processor.py:208} INFO - Processing /opt/airflow/dags/import_from_git.py took 0.076 seconds
[2026-03-25T07:57:41.819+0000] {processor.py:186} INFO - Started process (PID=37790) to work on /opt/airflow/dags/import_from_git.py
[2026-03-25T07:57:41.821+0000] {processor.py:914} INFO - Processing file /opt/airflow/dags/import_from_git.py for tasks to queue
[2026-03-25T07:57:41.824+0000] {logging_mixin.py:190} INFO - [2026-03-25T07:57:41.824+0000] {dagbag.py:588} INFO - Filling up the DagBag from /opt/airflow/dags/import_from_git.py
[2026-03-25T07:57:41.866+0000] {logging_mixin.py:190} INFO - [2026-03-25T07:57:41.863+0000] {dagbag.py:387} ERROR - Failed to import: /opt/airflow/dags/import_from_git.py
Traceback (most recent call last):
  File "/home/airflow/.local/lib/python3.12/site-packages/airflow/models/dagbag.py", line 383, in parse
    loader.exec_module(new_module)
  File "<frozen importlib._bootstrap_external>", line 999, in exec_module
  File "<frozen importlib._bootstrap>", line 488, in _call_with_frames_removed
  File "/opt/airflow/dags/import_from_git.py", line 45, in <module>
    repo_links=get_link();
               ^^^^^^^^^^
  File "/opt/airflow/dags/import_from_git.py", line 4, in get_link
    repo_links=Variable.get("LINKS",deserialize_json=True)
               ^^^^^^^^^^^^^^^^^^^^^^^^^^^^^^^^^^^^^^^^^^^
  File "/home/airflow/.local/lib/python3.12/site-packages/airflow/models/variable.py", line 145, in get
    raise KeyError(f"Variable {key} does not exist")
KeyError: 'Variable LINKS does not exist'
[2026-03-25T07:57:41.867+0000] {processor.py:927} WARNING - No viable dags retrieved from /opt/airflow/dags/import_from_git.py
[2026-03-25T07:57:41.883+0000] {processor.py:208} INFO - Processing /opt/airflow/dags/import_from_git.py took 0.076 seconds
[2026-03-25T07:58:12.666+0000] {processor.py:186} INFO - Started process (PID=37831) to work on /opt/airflow/dags/import_from_git.py
[2026-03-25T07:58:12.668+0000] {processor.py:914} INFO - Processing file /opt/airflow/dags/import_from_git.py for tasks to queue
[2026-03-25T07:58:12.672+0000] {logging_mixin.py:190} INFO - [2026-03-25T07:58:12.671+0000] {dagbag.py:588} INFO - Filling up the DagBag from /opt/airflow/dags/import_from_git.py
[2026-03-25T07:58:12.715+0000] {logging_mixin.py:190} INFO - [2026-03-25T07:58:12.713+0000] {dagbag.py:387} ERROR - Failed to import: /opt/airflow/dags/import_from_git.py
Traceback (most recent call last):
  File "/home/airflow/.local/lib/python3.12/site-packages/airflow/models/dagbag.py", line 383, in parse
    loader.exec_module(new_module)
  File "<frozen importlib._bootstrap_external>", line 999, in exec_module
  File "<frozen importlib._bootstrap>", line 488, in _call_with_frames_removed
  File "/opt/airflow/dags/import_from_git.py", line 45, in <module>
    repo_links=get_link();
               ^^^^^^^^^^
  File "/opt/airflow/dags/import_from_git.py", line 4, in get_link
    repo_links=Variable.get("LINKS",deserialize_json=True)
               ^^^^^^^^^^^^^^^^^^^^^^^^^^^^^^^^^^^^^^^^^^^
  File "/home/airflow/.local/lib/python3.12/site-packages/airflow/models/variable.py", line 145, in get
    raise KeyError(f"Variable {key} does not exist")
KeyError: 'Variable LINKS does not exist'
[2026-03-25T07:58:12.717+0000] {processor.py:927} WARNING - No viable dags retrieved from /opt/airflow/dags/import_from_git.py
[2026-03-25T07:58:12.734+0000] {processor.py:208} INFO - Processing /opt/airflow/dags/import_from_git.py took 0.080 seconds
[2026-03-25T07:58:43.478+0000] {processor.py:186} INFO - Started process (PID=37872) to work on /opt/airflow/dags/import_from_git.py
[2026-03-25T07:58:43.480+0000] {processor.py:914} INFO - Processing file /opt/airflow/dags/import_from_git.py for tasks to queue
[2026-03-25T07:58:43.484+0000] {logging_mixin.py:190} INFO - [2026-03-25T07:58:43.483+0000] {dagbag.py:588} INFO - Filling up the DagBag from /opt/airflow/dags/import_from_git.py
[2026-03-25T07:58:43.520+0000] {logging_mixin.py:190} INFO - [2026-03-25T07:58:43.518+0000] {dagbag.py:387} ERROR - Failed to import: /opt/airflow/dags/import_from_git.py
Traceback (most recent call last):
  File "/home/airflow/.local/lib/python3.12/site-packages/airflow/models/dagbag.py", line 383, in parse
    loader.exec_module(new_module)
  File "<frozen importlib._bootstrap_external>", line 999, in exec_module
  File "<frozen importlib._bootstrap>", line 488, in _call_with_frames_removed
  File "/opt/airflow/dags/import_from_git.py", line 45, in <module>
    repo_links=get_link();
               ^^^^^^^^^^
  File "/opt/airflow/dags/import_from_git.py", line 4, in get_link
    repo_links=Variable.get("LINKS",deserialize_json=True)
               ^^^^^^^^^^^^^^^^^^^^^^^^^^^^^^^^^^^^^^^^^^^
  File "/home/airflow/.local/lib/python3.12/site-packages/airflow/models/variable.py", line 145, in get
    raise KeyError(f"Variable {key} does not exist")
KeyError: 'Variable LINKS does not exist'
[2026-03-25T07:58:43.521+0000] {processor.py:927} WARNING - No viable dags retrieved from /opt/airflow/dags/import_from_git.py
[2026-03-25T07:58:43.538+0000] {processor.py:208} INFO - Processing /opt/airflow/dags/import_from_git.py took 0.071 seconds
[2026-03-25T07:59:14.569+0000] {processor.py:186} INFO - Started process (PID=37913) to work on /opt/airflow/dags/import_from_git.py
[2026-03-25T07:59:14.571+0000] {processor.py:914} INFO - Processing file /opt/airflow/dags/import_from_git.py for tasks to queue
[2026-03-25T07:59:14.574+0000] {logging_mixin.py:190} INFO - [2026-03-25T07:59:14.573+0000] {dagbag.py:588} INFO - Filling up the DagBag from /opt/airflow/dags/import_from_git.py
[2026-03-25T07:59:14.619+0000] {logging_mixin.py:190} INFO - [2026-03-25T07:59:14.615+0000] {dagbag.py:387} ERROR - Failed to import: /opt/airflow/dags/import_from_git.py
Traceback (most recent call last):
  File "/home/airflow/.local/lib/python3.12/site-packages/airflow/models/dagbag.py", line 383, in parse
    loader.exec_module(new_module)
  File "<frozen importlib._bootstrap_external>", line 999, in exec_module
  File "<frozen importlib._bootstrap>", line 488, in _call_with_frames_removed
  File "/opt/airflow/dags/import_from_git.py", line 45, in <module>
    repo_links=get_link();
               ^^^^^^^^^^
  File "/opt/airflow/dags/import_from_git.py", line 4, in get_link
    repo_links=Variable.get("LINKS",deserialize_json=True)
               ^^^^^^^^^^^^^^^^^^^^^^^^^^^^^^^^^^^^^^^^^^^
  File "/home/airflow/.local/lib/python3.12/site-packages/airflow/models/variable.py", line 145, in get
    raise KeyError(f"Variable {key} does not exist")
KeyError: 'Variable LINKS does not exist'
[2026-03-25T07:59:14.620+0000] {processor.py:927} WARNING - No viable dags retrieved from /opt/airflow/dags/import_from_git.py
[2026-03-25T07:59:14.638+0000] {processor.py:208} INFO - Processing /opt/airflow/dags/import_from_git.py took 0.079 seconds
[2026-03-25T07:59:45.358+0000] {processor.py:186} INFO - Started process (PID=37954) to work on /opt/airflow/dags/import_from_git.py
[2026-03-25T07:59:45.360+0000] {processor.py:914} INFO - Processing file /opt/airflow/dags/import_from_git.py for tasks to queue
[2026-03-25T07:59:45.363+0000] {logging_mixin.py:190} INFO - [2026-03-25T07:59:45.363+0000] {dagbag.py:588} INFO - Filling up the DagBag from /opt/airflow/dags/import_from_git.py
[2026-03-25T07:59:45.407+0000] {logging_mixin.py:190} INFO - [2026-03-25T07:59:45.404+0000] {dagbag.py:387} ERROR - Failed to import: /opt/airflow/dags/import_from_git.py
Traceback (most recent call last):
  File "/home/airflow/.local/lib/python3.12/site-packages/airflow/models/dagbag.py", line 383, in parse
    loader.exec_module(new_module)
  File "<frozen importlib._bootstrap_external>", line 999, in exec_module
  File "<frozen importlib._bootstrap>", line 488, in _call_with_frames_removed
  File "/opt/airflow/dags/import_from_git.py", line 45, in <module>
    repo_links=get_link();
               ^^^^^^^^^^
  File "/opt/airflow/dags/import_from_git.py", line 4, in get_link
    repo_links=Variable.get("LINKS",deserialize_json=True)
               ^^^^^^^^^^^^^^^^^^^^^^^^^^^^^^^^^^^^^^^^^^^
  File "/home/airflow/.local/lib/python3.12/site-packages/airflow/models/variable.py", line 145, in get
    raise KeyError(f"Variable {key} does not exist")
KeyError: 'Variable LINKS does not exist'
[2026-03-25T07:59:45.408+0000] {processor.py:927} WARNING - No viable dags retrieved from /opt/airflow/dags/import_from_git.py
[2026-03-25T07:59:45.426+0000] {processor.py:208} INFO - Processing /opt/airflow/dags/import_from_git.py took 0.079 seconds
[2026-03-25T08:00:16.178+0000] {processor.py:186} INFO - Started process (PID=37995) to work on /opt/airflow/dags/import_from_git.py
[2026-03-25T08:00:16.180+0000] {processor.py:914} INFO - Processing file /opt/airflow/dags/import_from_git.py for tasks to queue
[2026-03-25T08:00:16.183+0000] {logging_mixin.py:190} INFO - [2026-03-25T08:00:16.183+0000] {dagbag.py:588} INFO - Filling up the DagBag from /opt/airflow/dags/import_from_git.py
[2026-03-25T08:00:16.224+0000] {logging_mixin.py:190} INFO - [2026-03-25T08:00:16.222+0000] {dagbag.py:387} ERROR - Failed to import: /opt/airflow/dags/import_from_git.py
Traceback (most recent call last):
  File "/home/airflow/.local/lib/python3.12/site-packages/airflow/models/dagbag.py", line 383, in parse
    loader.exec_module(new_module)
  File "<frozen importlib._bootstrap_external>", line 999, in exec_module
  File "<frozen importlib._bootstrap>", line 488, in _call_with_frames_removed
  File "/opt/airflow/dags/import_from_git.py", line 45, in <module>
    repo_links=get_link();
               ^^^^^^^^^^
  File "/opt/airflow/dags/import_from_git.py", line 4, in get_link
    repo_links=Variable.get("LINKS",deserialize_json=True)
               ^^^^^^^^^^^^^^^^^^^^^^^^^^^^^^^^^^^^^^^^^^^
  File "/home/airflow/.local/lib/python3.12/site-packages/airflow/models/variable.py", line 145, in get
    raise KeyError(f"Variable {key} does not exist")
KeyError: 'Variable LINKS does not exist'
[2026-03-25T08:00:16.225+0000] {processor.py:927} WARNING - No viable dags retrieved from /opt/airflow/dags/import_from_git.py
[2026-03-25T08:00:16.241+0000] {processor.py:208} INFO - Processing /opt/airflow/dags/import_from_git.py took 0.075 seconds
[2026-03-25T08:00:47.019+0000] {processor.py:186} INFO - Started process (PID=38036) to work on /opt/airflow/dags/import_from_git.py
[2026-03-25T08:00:47.021+0000] {processor.py:914} INFO - Processing file /opt/airflow/dags/import_from_git.py for tasks to queue
[2026-03-25T08:00:47.027+0000] {logging_mixin.py:190} INFO - [2026-03-25T08:00:47.026+0000] {dagbag.py:588} INFO - Filling up the DagBag from /opt/airflow/dags/import_from_git.py
[2026-03-25T08:00:47.068+0000] {logging_mixin.py:190} INFO - [2026-03-25T08:00:47.065+0000] {dagbag.py:387} ERROR - Failed to import: /opt/airflow/dags/import_from_git.py
Traceback (most recent call last):
  File "/home/airflow/.local/lib/python3.12/site-packages/airflow/models/dagbag.py", line 383, in parse
    loader.exec_module(new_module)
  File "<frozen importlib._bootstrap_external>", line 999, in exec_module
  File "<frozen importlib._bootstrap>", line 488, in _call_with_frames_removed
  File "/opt/airflow/dags/import_from_git.py", line 45, in <module>
    repo_links=get_link();
               ^^^^^^^^^^
  File "/opt/airflow/dags/import_from_git.py", line 4, in get_link
    repo_links=Variable.get("LINKS",deserialize_json=True)
               ^^^^^^^^^^^^^^^^^^^^^^^^^^^^^^^^^^^^^^^^^^^
  File "/home/airflow/.local/lib/python3.12/site-packages/airflow/models/variable.py", line 145, in get
    raise KeyError(f"Variable {key} does not exist")
KeyError: 'Variable LINKS does not exist'
[2026-03-25T08:00:47.070+0000] {processor.py:927} WARNING - No viable dags retrieved from /opt/airflow/dags/import_from_git.py
[2026-03-25T08:00:47.094+0000] {processor.py:208} INFO - Processing /opt/airflow/dags/import_from_git.py took 0.086 seconds
[2026-03-25T08:01:17.819+0000] {processor.py:186} INFO - Started process (PID=38078) to work on /opt/airflow/dags/import_from_git.py
[2026-03-25T08:01:17.820+0000] {processor.py:914} INFO - Processing file /opt/airflow/dags/import_from_git.py for tasks to queue
[2026-03-25T08:01:17.824+0000] {logging_mixin.py:190} INFO - [2026-03-25T08:01:17.823+0000] {dagbag.py:588} INFO - Filling up the DagBag from /opt/airflow/dags/import_from_git.py
[2026-03-25T08:01:17.866+0000] {logging_mixin.py:190} INFO - [2026-03-25T08:01:17.864+0000] {dagbag.py:387} ERROR - Failed to import: /opt/airflow/dags/import_from_git.py
Traceback (most recent call last):
  File "/home/airflow/.local/lib/python3.12/site-packages/airflow/models/dagbag.py", line 383, in parse
    loader.exec_module(new_module)
  File "<frozen importlib._bootstrap_external>", line 999, in exec_module
  File "<frozen importlib._bootstrap>", line 488, in _call_with_frames_removed
  File "/opt/airflow/dags/import_from_git.py", line 45, in <module>
    repo_links=get_link();
               ^^^^^^^^^^
  File "/opt/airflow/dags/import_from_git.py", line 4, in get_link
    repo_links=Variable.get("LINKS",deserialize_json=True)
               ^^^^^^^^^^^^^^^^^^^^^^^^^^^^^^^^^^^^^^^^^^^
  File "/home/airflow/.local/lib/python3.12/site-packages/airflow/models/variable.py", line 145, in get
    raise KeyError(f"Variable {key} does not exist")
KeyError: 'Variable LINKS does not exist'
[2026-03-25T08:01:17.867+0000] {processor.py:927} WARNING - No viable dags retrieved from /opt/airflow/dags/import_from_git.py
[2026-03-25T08:01:17.885+0000] {processor.py:208} INFO - Processing /opt/airflow/dags/import_from_git.py took 0.076 seconds
[2026-03-25T08:01:48.834+0000] {processor.py:186} INFO - Started process (PID=38119) to work on /opt/airflow/dags/import_from_git.py
[2026-03-25T08:01:48.836+0000] {processor.py:914} INFO - Processing file /opt/airflow/dags/import_from_git.py for tasks to queue
[2026-03-25T08:01:48.840+0000] {logging_mixin.py:190} INFO - [2026-03-25T08:01:48.840+0000] {dagbag.py:588} INFO - Filling up the DagBag from /opt/airflow/dags/import_from_git.py
[2026-03-25T08:01:48.882+0000] {logging_mixin.py:190} INFO - [2026-03-25T08:01:48.879+0000] {dagbag.py:387} ERROR - Failed to import: /opt/airflow/dags/import_from_git.py
Traceback (most recent call last):
  File "/home/airflow/.local/lib/python3.12/site-packages/airflow/models/dagbag.py", line 383, in parse
    loader.exec_module(new_module)
  File "<frozen importlib._bootstrap_external>", line 999, in exec_module
  File "<frozen importlib._bootstrap>", line 488, in _call_with_frames_removed
  File "/opt/airflow/dags/import_from_git.py", line 45, in <module>
    repo_links=get_link();
               ^^^^^^^^^^
  File "/opt/airflow/dags/import_from_git.py", line 4, in get_link
    repo_links=Variable.get("LINKS",deserialize_json=True)
               ^^^^^^^^^^^^^^^^^^^^^^^^^^^^^^^^^^^^^^^^^^^
  File "/home/airflow/.local/lib/python3.12/site-packages/airflow/models/variable.py", line 145, in get
    raise KeyError(f"Variable {key} does not exist")
KeyError: 'Variable LINKS does not exist'
[2026-03-25T08:01:48.883+0000] {processor.py:927} WARNING - No viable dags retrieved from /opt/airflow/dags/import_from_git.py
[2026-03-25T08:01:48.902+0000] {processor.py:208} INFO - Processing /opt/airflow/dags/import_from_git.py took 0.081 seconds
[2026-03-25T08:02:19.697+0000] {processor.py:186} INFO - Started process (PID=38160) to work on /opt/airflow/dags/import_from_git.py
[2026-03-25T08:02:19.699+0000] {processor.py:914} INFO - Processing file /opt/airflow/dags/import_from_git.py for tasks to queue
[2026-03-25T08:02:19.703+0000] {logging_mixin.py:190} INFO - [2026-03-25T08:02:19.703+0000] {dagbag.py:588} INFO - Filling up the DagBag from /opt/airflow/dags/import_from_git.py
[2026-03-25T08:02:19.745+0000] {logging_mixin.py:190} INFO - [2026-03-25T08:02:19.742+0000] {dagbag.py:387} ERROR - Failed to import: /opt/airflow/dags/import_from_git.py
Traceback (most recent call last):
  File "/home/airflow/.local/lib/python3.12/site-packages/airflow/models/dagbag.py", line 383, in parse
    loader.exec_module(new_module)
  File "<frozen importlib._bootstrap_external>", line 999, in exec_module
  File "<frozen importlib._bootstrap>", line 488, in _call_with_frames_removed
  File "/opt/airflow/dags/import_from_git.py", line 45, in <module>
    repo_links=get_link();
               ^^^^^^^^^^
  File "/opt/airflow/dags/import_from_git.py", line 4, in get_link
    repo_links=Variable.get("LINKS",deserialize_json=True)
               ^^^^^^^^^^^^^^^^^^^^^^^^^^^^^^^^^^^^^^^^^^^
  File "/home/airflow/.local/lib/python3.12/site-packages/airflow/models/variable.py", line 145, in get
    raise KeyError(f"Variable {key} does not exist")
KeyError: 'Variable LINKS does not exist'
[2026-03-25T08:02:19.747+0000] {processor.py:927} WARNING - No viable dags retrieved from /opt/airflow/dags/import_from_git.py
[2026-03-25T08:02:19.767+0000] {processor.py:208} INFO - Processing /opt/airflow/dags/import_from_git.py took 0.084 seconds
[2026-03-25T08:02:50.683+0000] {processor.py:186} INFO - Started process (PID=38201) to work on /opt/airflow/dags/import_from_git.py
[2026-03-25T08:02:50.685+0000] {processor.py:914} INFO - Processing file /opt/airflow/dags/import_from_git.py for tasks to queue
[2026-03-25T08:02:50.689+0000] {logging_mixin.py:190} INFO - [2026-03-25T08:02:50.688+0000] {dagbag.py:588} INFO - Filling up the DagBag from /opt/airflow/dags/import_from_git.py
[2026-03-25T08:02:50.727+0000] {logging_mixin.py:190} INFO - [2026-03-25T08:02:50.725+0000] {dagbag.py:387} ERROR - Failed to import: /opt/airflow/dags/import_from_git.py
Traceback (most recent call last):
  File "/home/airflow/.local/lib/python3.12/site-packages/airflow/models/dagbag.py", line 383, in parse
    loader.exec_module(new_module)
  File "<frozen importlib._bootstrap_external>", line 999, in exec_module
  File "<frozen importlib._bootstrap>", line 488, in _call_with_frames_removed
  File "/opt/airflow/dags/import_from_git.py", line 45, in <module>
    repo_links=get_link();
               ^^^^^^^^^^
  File "/opt/airflow/dags/import_from_git.py", line 4, in get_link
    repo_links=Variable.get("LINKS",deserialize_json=True)
               ^^^^^^^^^^^^^^^^^^^^^^^^^^^^^^^^^^^^^^^^^^^
  File "/home/airflow/.local/lib/python3.12/site-packages/airflow/models/variable.py", line 145, in get
    raise KeyError(f"Variable {key} does not exist")
KeyError: 'Variable LINKS does not exist'
[2026-03-25T08:02:50.728+0000] {processor.py:927} WARNING - No viable dags retrieved from /opt/airflow/dags/import_from_git.py
[2026-03-25T08:02:50.749+0000] {processor.py:208} INFO - Processing /opt/airflow/dags/import_from_git.py took 0.082 seconds
[2026-03-25T08:03:21.483+0000] {processor.py:186} INFO - Started process (PID=38242) to work on /opt/airflow/dags/import_from_git.py
[2026-03-25T08:03:21.485+0000] {processor.py:914} INFO - Processing file /opt/airflow/dags/import_from_git.py for tasks to queue
[2026-03-25T08:03:21.488+0000] {logging_mixin.py:190} INFO - [2026-03-25T08:03:21.488+0000] {dagbag.py:588} INFO - Filling up the DagBag from /opt/airflow/dags/import_from_git.py
[2026-03-25T08:03:21.528+0000] {logging_mixin.py:190} INFO - [2026-03-25T08:03:21.526+0000] {dagbag.py:387} ERROR - Failed to import: /opt/airflow/dags/import_from_git.py
Traceback (most recent call last):
  File "/home/airflow/.local/lib/python3.12/site-packages/airflow/models/dagbag.py", line 383, in parse
    loader.exec_module(new_module)
  File "<frozen importlib._bootstrap_external>", line 999, in exec_module
  File "<frozen importlib._bootstrap>", line 488, in _call_with_frames_removed
  File "/opt/airflow/dags/import_from_git.py", line 45, in <module>
    repo_links=get_link();
               ^^^^^^^^^^
  File "/opt/airflow/dags/import_from_git.py", line 4, in get_link
    repo_links=Variable.get("LINKS",deserialize_json=True)
               ^^^^^^^^^^^^^^^^^^^^^^^^^^^^^^^^^^^^^^^^^^^
  File "/home/airflow/.local/lib/python3.12/site-packages/airflow/models/variable.py", line 145, in get
    raise KeyError(f"Variable {key} does not exist")
KeyError: 'Variable LINKS does not exist'
[2026-03-25T08:03:21.529+0000] {processor.py:927} WARNING - No viable dags retrieved from /opt/airflow/dags/import_from_git.py
[2026-03-25T08:03:21.545+0000] {processor.py:208} INFO - Processing /opt/airflow/dags/import_from_git.py took 0.072 seconds
[2026-03-25T08:03:52.248+0000] {processor.py:186} INFO - Started process (PID=38283) to work on /opt/airflow/dags/import_from_git.py
[2026-03-25T08:03:52.250+0000] {processor.py:914} INFO - Processing file /opt/airflow/dags/import_from_git.py for tasks to queue
[2026-03-25T08:03:52.252+0000] {logging_mixin.py:190} INFO - [2026-03-25T08:03:52.252+0000] {dagbag.py:588} INFO - Filling up the DagBag from /opt/airflow/dags/import_from_git.py
[2026-03-25T08:03:52.290+0000] {logging_mixin.py:190} INFO - [2026-03-25T08:03:52.288+0000] {dagbag.py:387} ERROR - Failed to import: /opt/airflow/dags/import_from_git.py
Traceback (most recent call last):
  File "/home/airflow/.local/lib/python3.12/site-packages/airflow/models/dagbag.py", line 383, in parse
    loader.exec_module(new_module)
  File "<frozen importlib._bootstrap_external>", line 999, in exec_module
  File "<frozen importlib._bootstrap>", line 488, in _call_with_frames_removed
  File "/opt/airflow/dags/import_from_git.py", line 45, in <module>
    repo_links=get_link();
               ^^^^^^^^^^
  File "/opt/airflow/dags/import_from_git.py", line 4, in get_link
    repo_links=Variable.get("LINKS",deserialize_json=True)
               ^^^^^^^^^^^^^^^^^^^^^^^^^^^^^^^^^^^^^^^^^^^
  File "/home/airflow/.local/lib/python3.12/site-packages/airflow/models/variable.py", line 145, in get
    raise KeyError(f"Variable {key} does not exist")
KeyError: 'Variable LINKS does not exist'
[2026-03-25T08:03:52.291+0000] {processor.py:927} WARNING - No viable dags retrieved from /opt/airflow/dags/import_from_git.py
[2026-03-25T08:03:52.308+0000] {processor.py:208} INFO - Processing /opt/airflow/dags/import_from_git.py took 0.068 seconds
[2026-03-25T08:04:23.033+0000] {processor.py:186} INFO - Started process (PID=38324) to work on /opt/airflow/dags/import_from_git.py
[2026-03-25T08:04:23.035+0000] {processor.py:914} INFO - Processing file /opt/airflow/dags/import_from_git.py for tasks to queue
[2026-03-25T08:04:23.038+0000] {logging_mixin.py:190} INFO - [2026-03-25T08:04:23.038+0000] {dagbag.py:588} INFO - Filling up the DagBag from /opt/airflow/dags/import_from_git.py
[2026-03-25T08:04:23.076+0000] {logging_mixin.py:190} INFO - [2026-03-25T08:04:23.074+0000] {dagbag.py:387} ERROR - Failed to import: /opt/airflow/dags/import_from_git.py
Traceback (most recent call last):
  File "/home/airflow/.local/lib/python3.12/site-packages/airflow/models/dagbag.py", line 383, in parse
    loader.exec_module(new_module)
  File "<frozen importlib._bootstrap_external>", line 999, in exec_module
  File "<frozen importlib._bootstrap>", line 488, in _call_with_frames_removed
  File "/opt/airflow/dags/import_from_git.py", line 45, in <module>
    repo_links=get_link();
               ^^^^^^^^^^
  File "/opt/airflow/dags/import_from_git.py", line 4, in get_link
    repo_links=Variable.get("LINKS",deserialize_json=True)
               ^^^^^^^^^^^^^^^^^^^^^^^^^^^^^^^^^^^^^^^^^^^
  File "/home/airflow/.local/lib/python3.12/site-packages/airflow/models/variable.py", line 145, in get
    raise KeyError(f"Variable {key} does not exist")
KeyError: 'Variable LINKS does not exist'
[2026-03-25T08:04:23.077+0000] {processor.py:927} WARNING - No viable dags retrieved from /opt/airflow/dags/import_from_git.py
[2026-03-25T08:04:23.094+0000] {processor.py:208} INFO - Processing /opt/airflow/dags/import_from_git.py took 0.072 seconds
[2026-03-25T08:04:53.792+0000] {processor.py:186} INFO - Started process (PID=38365) to work on /opt/airflow/dags/import_from_git.py
[2026-03-25T08:04:53.794+0000] {processor.py:914} INFO - Processing file /opt/airflow/dags/import_from_git.py for tasks to queue
[2026-03-25T08:04:53.797+0000] {logging_mixin.py:190} INFO - [2026-03-25T08:04:53.796+0000] {dagbag.py:588} INFO - Filling up the DagBag from /opt/airflow/dags/import_from_git.py
[2026-03-25T08:04:53.834+0000] {logging_mixin.py:190} INFO - [2026-03-25T08:04:53.831+0000] {dagbag.py:387} ERROR - Failed to import: /opt/airflow/dags/import_from_git.py
Traceback (most recent call last):
  File "/home/airflow/.local/lib/python3.12/site-packages/airflow/models/dagbag.py", line 383, in parse
    loader.exec_module(new_module)
  File "<frozen importlib._bootstrap_external>", line 999, in exec_module
  File "<frozen importlib._bootstrap>", line 488, in _call_with_frames_removed
  File "/opt/airflow/dags/import_from_git.py", line 45, in <module>
    repo_links=get_link();
               ^^^^^^^^^^
  File "/opt/airflow/dags/import_from_git.py", line 4, in get_link
    repo_links=Variable.get("LINKS",deserialize_json=True)
               ^^^^^^^^^^^^^^^^^^^^^^^^^^^^^^^^^^^^^^^^^^^
  File "/home/airflow/.local/lib/python3.12/site-packages/airflow/models/variable.py", line 145, in get
    raise KeyError(f"Variable {key} does not exist")
KeyError: 'Variable LINKS does not exist'
[2026-03-25T08:04:53.835+0000] {processor.py:927} WARNING - No viable dags retrieved from /opt/airflow/dags/import_from_git.py
[2026-03-25T08:04:53.853+0000] {processor.py:208} INFO - Processing /opt/airflow/dags/import_from_git.py took 0.070 seconds
[2026-03-25T08:05:24.725+0000] {processor.py:186} INFO - Started process (PID=38406) to work on /opt/airflow/dags/import_from_git.py
[2026-03-25T08:05:24.727+0000] {processor.py:914} INFO - Processing file /opt/airflow/dags/import_from_git.py for tasks to queue
[2026-03-25T08:05:24.731+0000] {logging_mixin.py:190} INFO - [2026-03-25T08:05:24.730+0000] {dagbag.py:588} INFO - Filling up the DagBag from /opt/airflow/dags/import_from_git.py
[2026-03-25T08:05:24.772+0000] {logging_mixin.py:190} INFO - [2026-03-25T08:05:24.770+0000] {dagbag.py:387} ERROR - Failed to import: /opt/airflow/dags/import_from_git.py
Traceback (most recent call last):
  File "/home/airflow/.local/lib/python3.12/site-packages/airflow/models/dagbag.py", line 383, in parse
    loader.exec_module(new_module)
  File "<frozen importlib._bootstrap_external>", line 999, in exec_module
  File "<frozen importlib._bootstrap>", line 488, in _call_with_frames_removed
  File "/opt/airflow/dags/import_from_git.py", line 45, in <module>
    repo_links=get_link();
               ^^^^^^^^^^
  File "/opt/airflow/dags/import_from_git.py", line 4, in get_link
    repo_links=Variable.get("LINKS",deserialize_json=True)
               ^^^^^^^^^^^^^^^^^^^^^^^^^^^^^^^^^^^^^^^^^^^
  File "/home/airflow/.local/lib/python3.12/site-packages/airflow/models/variable.py", line 145, in get
    raise KeyError(f"Variable {key} does not exist")
KeyError: 'Variable LINKS does not exist'
[2026-03-25T08:05:24.773+0000] {processor.py:927} WARNING - No viable dags retrieved from /opt/airflow/dags/import_from_git.py
[2026-03-25T08:05:24.791+0000] {processor.py:208} INFO - Processing /opt/airflow/dags/import_from_git.py took 0.075 seconds
[2026-03-25T09:23:04.490+0000] {processor.py:186} INFO - Started process (PID=38448) to work on /opt/airflow/dags/import_from_git.py
[2026-03-25T09:23:04.491+0000] {processor.py:914} INFO - Processing file /opt/airflow/dags/import_from_git.py for tasks to queue
[2026-03-25T09:23:04.495+0000] {logging_mixin.py:190} INFO - [2026-03-25T09:23:04.495+0000] {dagbag.py:588} INFO - Filling up the DagBag from /opt/airflow/dags/import_from_git.py
[2026-03-25T09:23:04.531+0000] {logging_mixin.py:190} INFO - [2026-03-25T09:23:04.529+0000] {dagbag.py:387} ERROR - Failed to import: /opt/airflow/dags/import_from_git.py
Traceback (most recent call last):
  File "/home/airflow/.local/lib/python3.12/site-packages/airflow/models/dagbag.py", line 383, in parse
    loader.exec_module(new_module)
  File "<frozen importlib._bootstrap_external>", line 999, in exec_module
  File "<frozen importlib._bootstrap>", line 488, in _call_with_frames_removed
  File "/opt/airflow/dags/import_from_git.py", line 45, in <module>
    repo_links=get_link();
               ^^^^^^^^^^
  File "/opt/airflow/dags/import_from_git.py", line 4, in get_link
    repo_links=Variable.get("LINKS",deserialize_json=True)
               ^^^^^^^^^^^^^^^^^^^^^^^^^^^^^^^^^^^^^^^^^^^
  File "/home/airflow/.local/lib/python3.12/site-packages/airflow/models/variable.py", line 145, in get
    raise KeyError(f"Variable {key} does not exist")
KeyError: 'Variable LINKS does not exist'
[2026-03-25T09:23:04.533+0000] {processor.py:927} WARNING - No viable dags retrieved from /opt/airflow/dags/import_from_git.py
[2026-03-25T09:23:04.547+0000] {processor.py:208} INFO - Processing /opt/airflow/dags/import_from_git.py took 0.068 seconds
[2026-03-25T13:36:34.307+0000] {processor.py:186} INFO - Started process (PID=38488) to work on /opt/airflow/dags/import_from_git.py
[2026-03-25T13:36:34.309+0000] {processor.py:914} INFO - Processing file /opt/airflow/dags/import_from_git.py for tasks to queue
[2026-03-25T13:36:34.312+0000] {logging_mixin.py:190} INFO - [2026-03-25T13:36:34.312+0000] {dagbag.py:588} INFO - Filling up the DagBag from /opt/airflow/dags/import_from_git.py
[2026-03-25T13:36:34.357+0000] {logging_mixin.py:190} INFO - [2026-03-25T13:36:34.354+0000] {dagbag.py:387} ERROR - Failed to import: /opt/airflow/dags/import_from_git.py
Traceback (most recent call last):
  File "/home/airflow/.local/lib/python3.12/site-packages/airflow/models/dagbag.py", line 383, in parse
    loader.exec_module(new_module)
  File "<frozen importlib._bootstrap_external>", line 999, in exec_module
  File "<frozen importlib._bootstrap>", line 488, in _call_with_frames_removed
  File "/opt/airflow/dags/import_from_git.py", line 45, in <module>
    repo_links=get_link();
               ^^^^^^^^^^
  File "/opt/airflow/dags/import_from_git.py", line 4, in get_link
    repo_links=Variable.get("LINKS",deserialize_json=True)
               ^^^^^^^^^^^^^^^^^^^^^^^^^^^^^^^^^^^^^^^^^^^
  File "/home/airflow/.local/lib/python3.12/site-packages/airflow/models/variable.py", line 145, in get
    raise KeyError(f"Variable {key} does not exist")
KeyError: 'Variable LINKS does not exist'
[2026-03-25T13:36:34.358+0000] {processor.py:927} WARNING - No viable dags retrieved from /opt/airflow/dags/import_from_git.py
[2026-03-25T13:36:34.377+0000] {processor.py:208} INFO - Processing /opt/airflow/dags/import_from_git.py took 0.081 seconds
[2026-03-25T13:37:05.104+0000] {processor.py:186} INFO - Started process (PID=38529) to work on /opt/airflow/dags/import_from_git.py
[2026-03-25T13:37:05.105+0000] {processor.py:914} INFO - Processing file /opt/airflow/dags/import_from_git.py for tasks to queue
[2026-03-25T13:37:05.108+0000] {logging_mixin.py:190} INFO - [2026-03-25T13:37:05.107+0000] {dagbag.py:588} INFO - Filling up the DagBag from /opt/airflow/dags/import_from_git.py
[2026-03-25T13:37:05.134+0000] {logging_mixin.py:190} INFO - [2026-03-25T13:37:05.133+0000] {dagbag.py:387} ERROR - Failed to import: /opt/airflow/dags/import_from_git.py
Traceback (most recent call last):
  File "/home/airflow/.local/lib/python3.12/site-packages/airflow/models/dagbag.py", line 383, in parse
    loader.exec_module(new_module)
  File "<frozen importlib._bootstrap_external>", line 999, in exec_module
  File "<frozen importlib._bootstrap>", line 488, in _call_with_frames_removed
  File "/opt/airflow/dags/import_from_git.py", line 45, in <module>
    repo_links=get_link();
               ^^^^^^^^^^
  File "/opt/airflow/dags/import_from_git.py", line 4, in get_link
    repo_links=Variable.get("LINKS",deserialize_json=True)
               ^^^^^^^^^^^^^^^^^^^^^^^^^^^^^^^^^^^^^^^^^^^
  File "/home/airflow/.local/lib/python3.12/site-packages/airflow/models/variable.py", line 145, in get
    raise KeyError(f"Variable {key} does not exist")
KeyError: 'Variable LINKS does not exist'
[2026-03-25T13:37:05.135+0000] {processor.py:927} WARNING - No viable dags retrieved from /opt/airflow/dags/import_from_git.py
[2026-03-25T13:37:05.147+0000] {processor.py:208} INFO - Processing /opt/airflow/dags/import_from_git.py took 0.050 seconds
[2026-03-25T13:37:35.818+0000] {processor.py:186} INFO - Started process (PID=38570) to work on /opt/airflow/dags/import_from_git.py
[2026-03-25T13:37:35.820+0000] {processor.py:914} INFO - Processing file /opt/airflow/dags/import_from_git.py for tasks to queue
[2026-03-25T13:37:35.822+0000] {logging_mixin.py:190} INFO - [2026-03-25T13:37:35.822+0000] {dagbag.py:588} INFO - Filling up the DagBag from /opt/airflow/dags/import_from_git.py
[2026-03-25T13:37:35.850+0000] {logging_mixin.py:190} INFO - [2026-03-25T13:37:35.848+0000] {dagbag.py:387} ERROR - Failed to import: /opt/airflow/dags/import_from_git.py
Traceback (most recent call last):
  File "/home/airflow/.local/lib/python3.12/site-packages/airflow/models/dagbag.py", line 383, in parse
    loader.exec_module(new_module)
  File "<frozen importlib._bootstrap_external>", line 999, in exec_module
  File "<frozen importlib._bootstrap>", line 488, in _call_with_frames_removed
  File "/opt/airflow/dags/import_from_git.py", line 45, in <module>
    repo_links=get_link();
               ^^^^^^^^^^
  File "/opt/airflow/dags/import_from_git.py", line 4, in get_link
    repo_links=Variable.get("LINKS",deserialize_json=True)
               ^^^^^^^^^^^^^^^^^^^^^^^^^^^^^^^^^^^^^^^^^^^
  File "/home/airflow/.local/lib/python3.12/site-packages/airflow/models/variable.py", line 145, in get
    raise KeyError(f"Variable {key} does not exist")
KeyError: 'Variable LINKS does not exist'
[2026-03-25T13:37:35.850+0000] {processor.py:927} WARNING - No viable dags retrieved from /opt/airflow/dags/import_from_git.py
[2026-03-25T13:37:35.863+0000] {processor.py:208} INFO - Processing /opt/airflow/dags/import_from_git.py took 0.052 seconds
[2026-03-25T13:38:06.570+0000] {processor.py:186} INFO - Started process (PID=38611) to work on /opt/airflow/dags/import_from_git.py
[2026-03-25T13:38:06.571+0000] {processor.py:914} INFO - Processing file /opt/airflow/dags/import_from_git.py for tasks to queue
[2026-03-25T13:38:06.574+0000] {logging_mixin.py:190} INFO - [2026-03-25T13:38:06.574+0000] {dagbag.py:588} INFO - Filling up the DagBag from /opt/airflow/dags/import_from_git.py
[2026-03-25T13:38:06.606+0000] {logging_mixin.py:190} INFO - [2026-03-25T13:38:06.604+0000] {dagbag.py:387} ERROR - Failed to import: /opt/airflow/dags/import_from_git.py
Traceback (most recent call last):
  File "/home/airflow/.local/lib/python3.12/site-packages/airflow/models/dagbag.py", line 383, in parse
    loader.exec_module(new_module)
  File "<frozen importlib._bootstrap_external>", line 999, in exec_module
  File "<frozen importlib._bootstrap>", line 488, in _call_with_frames_removed
  File "/opt/airflow/dags/import_from_git.py", line 45, in <module>
    repo_links=get_link();
               ^^^^^^^^^^
  File "/opt/airflow/dags/import_from_git.py", line 4, in get_link
    repo_links=Variable.get("LINKS",deserialize_json=True)
               ^^^^^^^^^^^^^^^^^^^^^^^^^^^^^^^^^^^^^^^^^^^
  File "/home/airflow/.local/lib/python3.12/site-packages/airflow/models/variable.py", line 145, in get
    raise KeyError(f"Variable {key} does not exist")
KeyError: 'Variable LINKS does not exist'
[2026-03-25T13:38:06.607+0000] {processor.py:927} WARNING - No viable dags retrieved from /opt/airflow/dags/import_from_git.py
[2026-03-25T13:38:06.622+0000] {processor.py:208} INFO - Processing /opt/airflow/dags/import_from_git.py took 0.059 seconds
[2026-03-25T13:38:37.388+0000] {processor.py:186} INFO - Started process (PID=38652) to work on /opt/airflow/dags/import_from_git.py
[2026-03-25T13:38:37.389+0000] {processor.py:914} INFO - Processing file /opt/airflow/dags/import_from_git.py for tasks to queue
[2026-03-25T13:38:37.393+0000] {logging_mixin.py:190} INFO - [2026-03-25T13:38:37.392+0000] {dagbag.py:588} INFO - Filling up the DagBag from /opt/airflow/dags/import_from_git.py
[2026-03-25T13:38:37.432+0000] {logging_mixin.py:190} INFO - [2026-03-25T13:38:37.430+0000] {dagbag.py:387} ERROR - Failed to import: /opt/airflow/dags/import_from_git.py
Traceback (most recent call last):
  File "/home/airflow/.local/lib/python3.12/site-packages/airflow/models/dagbag.py", line 383, in parse
    loader.exec_module(new_module)
  File "<frozen importlib._bootstrap_external>", line 999, in exec_module
  File "<frozen importlib._bootstrap>", line 488, in _call_with_frames_removed
  File "/opt/airflow/dags/import_from_git.py", line 45, in <module>
    repo_links=get_link();
               ^^^^^^^^^^
  File "/opt/airflow/dags/import_from_git.py", line 4, in get_link
    repo_links=Variable.get("LINKS",deserialize_json=True)
               ^^^^^^^^^^^^^^^^^^^^^^^^^^^^^^^^^^^^^^^^^^^
  File "/home/airflow/.local/lib/python3.12/site-packages/airflow/models/variable.py", line 145, in get
    raise KeyError(f"Variable {key} does not exist")
KeyError: 'Variable LINKS does not exist'
[2026-03-25T13:38:37.434+0000] {processor.py:927} WARNING - No viable dags retrieved from /opt/airflow/dags/import_from_git.py
[2026-03-25T13:38:37.448+0000] {processor.py:208} INFO - Processing /opt/airflow/dags/import_from_git.py took 0.072 seconds
[2026-03-25T13:39:08.166+0000] {processor.py:186} INFO - Started process (PID=38693) to work on /opt/airflow/dags/import_from_git.py
[2026-03-25T13:39:08.167+0000] {processor.py:914} INFO - Processing file /opt/airflow/dags/import_from_git.py for tasks to queue
[2026-03-25T13:39:08.170+0000] {logging_mixin.py:190} INFO - [2026-03-25T13:39:08.170+0000] {dagbag.py:588} INFO - Filling up the DagBag from /opt/airflow/dags/import_from_git.py
[2026-03-25T13:39:08.207+0000] {logging_mixin.py:190} INFO - [2026-03-25T13:39:08.205+0000] {dagbag.py:387} ERROR - Failed to import: /opt/airflow/dags/import_from_git.py
Traceback (most recent call last):
  File "/home/airflow/.local/lib/python3.12/site-packages/airflow/models/dagbag.py", line 383, in parse
    loader.exec_module(new_module)
  File "<frozen importlib._bootstrap_external>", line 999, in exec_module
  File "<frozen importlib._bootstrap>", line 488, in _call_with_frames_removed
  File "/opt/airflow/dags/import_from_git.py", line 45, in <module>
    repo_links=get_link();
               ^^^^^^^^^^
  File "/opt/airflow/dags/import_from_git.py", line 4, in get_link
    repo_links=Variable.get("LINKS",deserialize_json=True)
               ^^^^^^^^^^^^^^^^^^^^^^^^^^^^^^^^^^^^^^^^^^^
  File "/home/airflow/.local/lib/python3.12/site-packages/airflow/models/variable.py", line 145, in get
    raise KeyError(f"Variable {key} does not exist")
KeyError: 'Variable LINKS does not exist'
[2026-03-25T13:39:08.208+0000] {processor.py:927} WARNING - No viable dags retrieved from /opt/airflow/dags/import_from_git.py
[2026-03-25T13:39:08.224+0000] {processor.py:208} INFO - Processing /opt/airflow/dags/import_from_git.py took 0.068 seconds
[2026-03-25T13:39:38.822+0000] {processor.py:186} INFO - Started process (PID=38734) to work on /opt/airflow/dags/import_from_git.py
[2026-03-25T13:39:38.823+0000] {processor.py:914} INFO - Processing file /opt/airflow/dags/import_from_git.py for tasks to queue
[2026-03-25T13:39:38.826+0000] {logging_mixin.py:190} INFO - [2026-03-25T13:39:38.826+0000] {dagbag.py:588} INFO - Filling up the DagBag from /opt/airflow/dags/import_from_git.py
[2026-03-25T13:39:38.855+0000] {logging_mixin.py:190} INFO - [2026-03-25T13:39:38.853+0000] {dagbag.py:387} ERROR - Failed to import: /opt/airflow/dags/import_from_git.py
Traceback (most recent call last):
  File "/home/airflow/.local/lib/python3.12/site-packages/airflow/models/dagbag.py", line 383, in parse
    loader.exec_module(new_module)
  File "<frozen importlib._bootstrap_external>", line 999, in exec_module
  File "<frozen importlib._bootstrap>", line 488, in _call_with_frames_removed
  File "/opt/airflow/dags/import_from_git.py", line 45, in <module>
    repo_links=get_link();
               ^^^^^^^^^^
  File "/opt/airflow/dags/import_from_git.py", line 4, in get_link
    repo_links=Variable.get("LINKS",deserialize_json=True)
               ^^^^^^^^^^^^^^^^^^^^^^^^^^^^^^^^^^^^^^^^^^^
  File "/home/airflow/.local/lib/python3.12/site-packages/airflow/models/variable.py", line 145, in get
    raise KeyError(f"Variable {key} does not exist")
KeyError: 'Variable LINKS does not exist'
[2026-03-25T13:39:38.856+0000] {processor.py:927} WARNING - No viable dags retrieved from /opt/airflow/dags/import_from_git.py
[2026-03-25T13:39:38.869+0000] {processor.py:208} INFO - Processing /opt/airflow/dags/import_from_git.py took 0.054 seconds
[2026-03-25T13:40:09.552+0000] {processor.py:186} INFO - Started process (PID=38775) to work on /opt/airflow/dags/import_from_git.py
[2026-03-25T13:40:09.554+0000] {processor.py:914} INFO - Processing file /opt/airflow/dags/import_from_git.py for tasks to queue
[2026-03-25T13:40:09.556+0000] {logging_mixin.py:190} INFO - [2026-03-25T13:40:09.556+0000] {dagbag.py:588} INFO - Filling up the DagBag from /opt/airflow/dags/import_from_git.py
[2026-03-25T13:40:09.588+0000] {logging_mixin.py:190} INFO - [2026-03-25T13:40:09.586+0000] {dagbag.py:387} ERROR - Failed to import: /opt/airflow/dags/import_from_git.py
Traceback (most recent call last):
  File "/home/airflow/.local/lib/python3.12/site-packages/airflow/models/dagbag.py", line 383, in parse
    loader.exec_module(new_module)
  File "<frozen importlib._bootstrap_external>", line 999, in exec_module
  File "<frozen importlib._bootstrap>", line 488, in _call_with_frames_removed
  File "/opt/airflow/dags/import_from_git.py", line 45, in <module>
    repo_links=get_link();
               ^^^^^^^^^^
  File "/opt/airflow/dags/import_from_git.py", line 4, in get_link
    repo_links=Variable.get("LINKS",deserialize_json=True)
               ^^^^^^^^^^^^^^^^^^^^^^^^^^^^^^^^^^^^^^^^^^^
  File "/home/airflow/.local/lib/python3.12/site-packages/airflow/models/variable.py", line 145, in get
    raise KeyError(f"Variable {key} does not exist")
KeyError: 'Variable LINKS does not exist'
[2026-03-25T13:40:09.589+0000] {processor.py:927} WARNING - No viable dags retrieved from /opt/airflow/dags/import_from_git.py
[2026-03-25T13:40:09.602+0000] {processor.py:208} INFO - Processing /opt/airflow/dags/import_from_git.py took 0.057 seconds
[2026-03-25T13:40:40.294+0000] {processor.py:186} INFO - Started process (PID=38816) to work on /opt/airflow/dags/import_from_git.py
[2026-03-25T13:40:40.295+0000] {processor.py:914} INFO - Processing file /opt/airflow/dags/import_from_git.py for tasks to queue
[2026-03-25T13:40:40.298+0000] {logging_mixin.py:190} INFO - [2026-03-25T13:40:40.298+0000] {dagbag.py:588} INFO - Filling up the DagBag from /opt/airflow/dags/import_from_git.py
[2026-03-25T13:40:40.333+0000] {logging_mixin.py:190} INFO - [2026-03-25T13:40:40.330+0000] {dagbag.py:387} ERROR - Failed to import: /opt/airflow/dags/import_from_git.py
Traceback (most recent call last):
  File "/home/airflow/.local/lib/python3.12/site-packages/airflow/models/dagbag.py", line 383, in parse
    loader.exec_module(new_module)
  File "<frozen importlib._bootstrap_external>", line 999, in exec_module
  File "<frozen importlib._bootstrap>", line 488, in _call_with_frames_removed
  File "/opt/airflow/dags/import_from_git.py", line 45, in <module>
    repo_links=get_link();
               ^^^^^^^^^^
  File "/opt/airflow/dags/import_from_git.py", line 4, in get_link
    repo_links=Variable.get("LINKS",deserialize_json=True)
               ^^^^^^^^^^^^^^^^^^^^^^^^^^^^^^^^^^^^^^^^^^^
  File "/home/airflow/.local/lib/python3.12/site-packages/airflow/models/variable.py", line 145, in get
    raise KeyError(f"Variable {key} does not exist")
KeyError: 'Variable LINKS does not exist'
[2026-03-25T13:40:40.334+0000] {processor.py:927} WARNING - No viable dags retrieved from /opt/airflow/dags/import_from_git.py
[2026-03-25T13:40:40.351+0000] {processor.py:208} INFO - Processing /opt/airflow/dags/import_from_git.py took 0.063 seconds
[2026-03-25T13:41:10.926+0000] {processor.py:186} INFO - Started process (PID=38857) to work on /opt/airflow/dags/import_from_git.py
[2026-03-25T13:41:10.927+0000] {processor.py:914} INFO - Processing file /opt/airflow/dags/import_from_git.py for tasks to queue
[2026-03-25T13:41:10.930+0000] {logging_mixin.py:190} INFO - [2026-03-25T13:41:10.930+0000] {dagbag.py:588} INFO - Filling up the DagBag from /opt/airflow/dags/import_from_git.py
[2026-03-25T13:41:10.959+0000] {logging_mixin.py:190} INFO - [2026-03-25T13:41:10.957+0000] {dagbag.py:387} ERROR - Failed to import: /opt/airflow/dags/import_from_git.py
Traceback (most recent call last):
  File "/home/airflow/.local/lib/python3.12/site-packages/airflow/models/dagbag.py", line 383, in parse
    loader.exec_module(new_module)
  File "<frozen importlib._bootstrap_external>", line 999, in exec_module
  File "<frozen importlib._bootstrap>", line 488, in _call_with_frames_removed
  File "/opt/airflow/dags/import_from_git.py", line 45, in <module>
    repo_links=get_link();
               ^^^^^^^^^^
  File "/opt/airflow/dags/import_from_git.py", line 4, in get_link
    repo_links=Variable.get("LINKS",deserialize_json=True)
               ^^^^^^^^^^^^^^^^^^^^^^^^^^^^^^^^^^^^^^^^^^^
  File "/home/airflow/.local/lib/python3.12/site-packages/airflow/models/variable.py", line 145, in get
    raise KeyError(f"Variable {key} does not exist")
KeyError: 'Variable LINKS does not exist'
[2026-03-25T13:41:10.960+0000] {processor.py:927} WARNING - No viable dags retrieved from /opt/airflow/dags/import_from_git.py
[2026-03-25T13:41:10.978+0000] {processor.py:208} INFO - Processing /opt/airflow/dags/import_from_git.py took 0.061 seconds
[2026-03-25T13:41:41.682+0000] {processor.py:186} INFO - Started process (PID=38898) to work on /opt/airflow/dags/import_from_git.py
[2026-03-25T13:41:41.684+0000] {processor.py:914} INFO - Processing file /opt/airflow/dags/import_from_git.py for tasks to queue
[2026-03-25T13:41:41.687+0000] {logging_mixin.py:190} INFO - [2026-03-25T13:41:41.686+0000] {dagbag.py:588} INFO - Filling up the DagBag from /opt/airflow/dags/import_from_git.py
[2026-03-25T13:41:41.719+0000] {logging_mixin.py:190} INFO - [2026-03-25T13:41:41.717+0000] {dagbag.py:387} ERROR - Failed to import: /opt/airflow/dags/import_from_git.py
Traceback (most recent call last):
  File "/home/airflow/.local/lib/python3.12/site-packages/airflow/models/dagbag.py", line 383, in parse
    loader.exec_module(new_module)
  File "<frozen importlib._bootstrap_external>", line 999, in exec_module
  File "<frozen importlib._bootstrap>", line 488, in _call_with_frames_removed
  File "/opt/airflow/dags/import_from_git.py", line 45, in <module>
    repo_links=get_link();
               ^^^^^^^^^^
  File "/opt/airflow/dags/import_from_git.py", line 4, in get_link
    repo_links=Variable.get("LINKS",deserialize_json=True)
               ^^^^^^^^^^^^^^^^^^^^^^^^^^^^^^^^^^^^^^^^^^^
  File "/home/airflow/.local/lib/python3.12/site-packages/airflow/models/variable.py", line 145, in get
    raise KeyError(f"Variable {key} does not exist")
KeyError: 'Variable LINKS does not exist'
[2026-03-25T13:41:41.720+0000] {processor.py:927} WARNING - No viable dags retrieved from /opt/airflow/dags/import_from_git.py
[2026-03-25T13:41:41.735+0000] {processor.py:208} INFO - Processing /opt/airflow/dags/import_from_git.py took 0.064 seconds
[2026-03-25T13:42:12.433+0000] {processor.py:186} INFO - Started process (PID=38939) to work on /opt/airflow/dags/import_from_git.py
[2026-03-25T13:42:12.434+0000] {processor.py:914} INFO - Processing file /opt/airflow/dags/import_from_git.py for tasks to queue
[2026-03-25T13:42:12.437+0000] {logging_mixin.py:190} INFO - [2026-03-25T13:42:12.436+0000] {dagbag.py:588} INFO - Filling up the DagBag from /opt/airflow/dags/import_from_git.py
[2026-03-25T13:42:12.466+0000] {logging_mixin.py:190} INFO - [2026-03-25T13:42:12.464+0000] {dagbag.py:387} ERROR - Failed to import: /opt/airflow/dags/import_from_git.py
Traceback (most recent call last):
  File "/home/airflow/.local/lib/python3.12/site-packages/airflow/models/dagbag.py", line 383, in parse
    loader.exec_module(new_module)
  File "<frozen importlib._bootstrap_external>", line 999, in exec_module
  File "<frozen importlib._bootstrap>", line 488, in _call_with_frames_removed
  File "/opt/airflow/dags/import_from_git.py", line 45, in <module>
    repo_links=get_link();
               ^^^^^^^^^^
  File "/opt/airflow/dags/import_from_git.py", line 4, in get_link
    repo_links=Variable.get("LINKS",deserialize_json=True)
               ^^^^^^^^^^^^^^^^^^^^^^^^^^^^^^^^^^^^^^^^^^^
  File "/home/airflow/.local/lib/python3.12/site-packages/airflow/models/variable.py", line 145, in get
    raise KeyError(f"Variable {key} does not exist")
KeyError: 'Variable LINKS does not exist'
[2026-03-25T13:42:12.467+0000] {processor.py:927} WARNING - No viable dags retrieved from /opt/airflow/dags/import_from_git.py
[2026-03-25T13:42:12.481+0000] {processor.py:208} INFO - Processing /opt/airflow/dags/import_from_git.py took 0.056 seconds
[2026-03-25T13:42:43.183+0000] {processor.py:186} INFO - Started process (PID=38980) to work on /opt/airflow/dags/import_from_git.py
[2026-03-25T13:42:43.184+0000] {processor.py:914} INFO - Processing file /opt/airflow/dags/import_from_git.py for tasks to queue
[2026-03-25T13:42:43.187+0000] {logging_mixin.py:190} INFO - [2026-03-25T13:42:43.186+0000] {dagbag.py:588} INFO - Filling up the DagBag from /opt/airflow/dags/import_from_git.py
[2026-03-25T13:42:43.217+0000] {logging_mixin.py:190} INFO - [2026-03-25T13:42:43.215+0000] {dagbag.py:387} ERROR - Failed to import: /opt/airflow/dags/import_from_git.py
Traceback (most recent call last):
  File "/home/airflow/.local/lib/python3.12/site-packages/airflow/models/dagbag.py", line 383, in parse
    loader.exec_module(new_module)
  File "<frozen importlib._bootstrap_external>", line 999, in exec_module
  File "<frozen importlib._bootstrap>", line 488, in _call_with_frames_removed
  File "/opt/airflow/dags/import_from_git.py", line 45, in <module>
    repo_links=get_link();
               ^^^^^^^^^^
  File "/opt/airflow/dags/import_from_git.py", line 4, in get_link
    repo_links=Variable.get("LINKS",deserialize_json=True)
               ^^^^^^^^^^^^^^^^^^^^^^^^^^^^^^^^^^^^^^^^^^^
  File "/home/airflow/.local/lib/python3.12/site-packages/airflow/models/variable.py", line 145, in get
    raise KeyError(f"Variable {key} does not exist")
KeyError: 'Variable LINKS does not exist'
[2026-03-25T13:42:43.218+0000] {processor.py:927} WARNING - No viable dags retrieved from /opt/airflow/dags/import_from_git.py
[2026-03-25T13:42:43.233+0000] {processor.py:208} INFO - Processing /opt/airflow/dags/import_from_git.py took 0.059 seconds
[2026-03-25T13:43:13.952+0000] {processor.py:186} INFO - Started process (PID=39021) to work on /opt/airflow/dags/import_from_git.py
[2026-03-25T13:43:13.954+0000] {processor.py:914} INFO - Processing file /opt/airflow/dags/import_from_git.py for tasks to queue
[2026-03-25T13:43:13.956+0000] {logging_mixin.py:190} INFO - [2026-03-25T13:43:13.956+0000] {dagbag.py:588} INFO - Filling up the DagBag from /opt/airflow/dags/import_from_git.py
[2026-03-25T13:43:13.988+0000] {logging_mixin.py:190} INFO - [2026-03-25T13:43:13.986+0000] {dagbag.py:387} ERROR - Failed to import: /opt/airflow/dags/import_from_git.py
Traceback (most recent call last):
  File "/home/airflow/.local/lib/python3.12/site-packages/airflow/models/dagbag.py", line 383, in parse
    loader.exec_module(new_module)
  File "<frozen importlib._bootstrap_external>", line 999, in exec_module
  File "<frozen importlib._bootstrap>", line 488, in _call_with_frames_removed
  File "/opt/airflow/dags/import_from_git.py", line 45, in <module>
    repo_links=get_link();
               ^^^^^^^^^^
  File "/opt/airflow/dags/import_from_git.py", line 4, in get_link
    repo_links=Variable.get("LINKS",deserialize_json=True)
               ^^^^^^^^^^^^^^^^^^^^^^^^^^^^^^^^^^^^^^^^^^^
  File "/home/airflow/.local/lib/python3.12/site-packages/airflow/models/variable.py", line 145, in get
    raise KeyError(f"Variable {key} does not exist")
KeyError: 'Variable LINKS does not exist'
[2026-03-25T13:43:13.989+0000] {processor.py:927} WARNING - No viable dags retrieved from /opt/airflow/dags/import_from_git.py
[2026-03-25T13:43:14.003+0000] {processor.py:208} INFO - Processing /opt/airflow/dags/import_from_git.py took 0.061 seconds
[2026-03-25T13:43:44.707+0000] {processor.py:186} INFO - Started process (PID=39062) to work on /opt/airflow/dags/import_from_git.py
[2026-03-25T13:43:44.709+0000] {processor.py:914} INFO - Processing file /opt/airflow/dags/import_from_git.py for tasks to queue
[2026-03-25T13:43:44.711+0000] {logging_mixin.py:190} INFO - [2026-03-25T13:43:44.711+0000] {dagbag.py:588} INFO - Filling up the DagBag from /opt/airflow/dags/import_from_git.py
[2026-03-25T13:43:44.748+0000] {logging_mixin.py:190} INFO - [2026-03-25T13:43:44.746+0000] {dagbag.py:387} ERROR - Failed to import: /opt/airflow/dags/import_from_git.py
Traceback (most recent call last):
  File "/home/airflow/.local/lib/python3.12/site-packages/airflow/models/dagbag.py", line 383, in parse
    loader.exec_module(new_module)
  File "<frozen importlib._bootstrap_external>", line 999, in exec_module
  File "<frozen importlib._bootstrap>", line 488, in _call_with_frames_removed
  File "/opt/airflow/dags/import_from_git.py", line 45, in <module>
    repo_links=get_link();
               ^^^^^^^^^^
  File "/opt/airflow/dags/import_from_git.py", line 4, in get_link
    repo_links=Variable.get("LINKS",deserialize_json=True)
               ^^^^^^^^^^^^^^^^^^^^^^^^^^^^^^^^^^^^^^^^^^^
  File "/home/airflow/.local/lib/python3.12/site-packages/airflow/models/variable.py", line 145, in get
    raise KeyError(f"Variable {key} does not exist")
KeyError: 'Variable LINKS does not exist'
[2026-03-25T13:43:44.749+0000] {processor.py:927} WARNING - No viable dags retrieved from /opt/airflow/dags/import_from_git.py
[2026-03-25T13:43:44.764+0000] {processor.py:208} INFO - Processing /opt/airflow/dags/import_from_git.py took 0.065 seconds
[2026-03-25T13:44:15.486+0000] {processor.py:186} INFO - Started process (PID=39103) to work on /opt/airflow/dags/import_from_git.py
[2026-03-25T13:44:15.487+0000] {processor.py:914} INFO - Processing file /opt/airflow/dags/import_from_git.py for tasks to queue
[2026-03-25T13:44:15.490+0000] {logging_mixin.py:190} INFO - [2026-03-25T13:44:15.489+0000] {dagbag.py:588} INFO - Filling up the DagBag from /opt/airflow/dags/import_from_git.py
[2026-03-25T13:44:15.521+0000] {logging_mixin.py:190} INFO - [2026-03-25T13:44:15.519+0000] {dagbag.py:387} ERROR - Failed to import: /opt/airflow/dags/import_from_git.py
Traceback (most recent call last):
  File "/home/airflow/.local/lib/python3.12/site-packages/airflow/models/dagbag.py", line 383, in parse
    loader.exec_module(new_module)
  File "<frozen importlib._bootstrap_external>", line 999, in exec_module
  File "<frozen importlib._bootstrap>", line 488, in _call_with_frames_removed
  File "/opt/airflow/dags/import_from_git.py", line 45, in <module>
    repo_links=get_link();
               ^^^^^^^^^^
  File "/opt/airflow/dags/import_from_git.py", line 4, in get_link
    repo_links=Variable.get("LINKS",deserialize_json=True)
               ^^^^^^^^^^^^^^^^^^^^^^^^^^^^^^^^^^^^^^^^^^^
  File "/home/airflow/.local/lib/python3.12/site-packages/airflow/models/variable.py", line 145, in get
    raise KeyError(f"Variable {key} does not exist")
KeyError: 'Variable LINKS does not exist'
[2026-03-25T13:44:15.522+0000] {processor.py:927} WARNING - No viable dags retrieved from /opt/airflow/dags/import_from_git.py
[2026-03-25T13:44:15.536+0000] {processor.py:208} INFO - Processing /opt/airflow/dags/import_from_git.py took 0.057 seconds
[2026-03-25T13:44:46.256+0000] {processor.py:186} INFO - Started process (PID=39144) to work on /opt/airflow/dags/import_from_git.py
[2026-03-25T13:44:46.257+0000] {processor.py:914} INFO - Processing file /opt/airflow/dags/import_from_git.py for tasks to queue
[2026-03-25T13:44:46.260+0000] {logging_mixin.py:190} INFO - [2026-03-25T13:44:46.259+0000] {dagbag.py:588} INFO - Filling up the DagBag from /opt/airflow/dags/import_from_git.py
[2026-03-25T13:44:46.292+0000] {logging_mixin.py:190} INFO - [2026-03-25T13:44:46.290+0000] {dagbag.py:387} ERROR - Failed to import: /opt/airflow/dags/import_from_git.py
Traceback (most recent call last):
  File "/home/airflow/.local/lib/python3.12/site-packages/airflow/models/dagbag.py", line 383, in parse
    loader.exec_module(new_module)
  File "<frozen importlib._bootstrap_external>", line 999, in exec_module
  File "<frozen importlib._bootstrap>", line 488, in _call_with_frames_removed
  File "/opt/airflow/dags/import_from_git.py", line 45, in <module>
    repo_links=get_link();
               ^^^^^^^^^^
  File "/opt/airflow/dags/import_from_git.py", line 4, in get_link
    repo_links=Variable.get("LINKS",deserialize_json=True)
               ^^^^^^^^^^^^^^^^^^^^^^^^^^^^^^^^^^^^^^^^^^^
  File "/home/airflow/.local/lib/python3.12/site-packages/airflow/models/variable.py", line 145, in get
    raise KeyError(f"Variable {key} does not exist")
KeyError: 'Variable LINKS does not exist'
[2026-03-25T13:44:46.292+0000] {processor.py:927} WARNING - No viable dags retrieved from /opt/airflow/dags/import_from_git.py
[2026-03-25T13:44:46.305+0000] {processor.py:208} INFO - Processing /opt/airflow/dags/import_from_git.py took 0.057 seconds
[2026-03-25T13:45:16.989+0000] {processor.py:186} INFO - Started process (PID=39185) to work on /opt/airflow/dags/import_from_git.py
[2026-03-25T13:45:16.990+0000] {processor.py:914} INFO - Processing file /opt/airflow/dags/import_from_git.py for tasks to queue
[2026-03-25T13:45:16.993+0000] {logging_mixin.py:190} INFO - [2026-03-25T13:45:16.993+0000] {dagbag.py:588} INFO - Filling up the DagBag from /opt/airflow/dags/import_from_git.py
[2026-03-25T13:45:17.023+0000] {logging_mixin.py:190} INFO - [2026-03-25T13:45:17.021+0000] {dagbag.py:387} ERROR - Failed to import: /opt/airflow/dags/import_from_git.py
Traceback (most recent call last):
  File "/home/airflow/.local/lib/python3.12/site-packages/airflow/models/dagbag.py", line 383, in parse
    loader.exec_module(new_module)
  File "<frozen importlib._bootstrap_external>", line 999, in exec_module
  File "<frozen importlib._bootstrap>", line 488, in _call_with_frames_removed
  File "/opt/airflow/dags/import_from_git.py", line 45, in <module>
    repo_links=get_link();
               ^^^^^^^^^^
  File "/opt/airflow/dags/import_from_git.py", line 4, in get_link
    repo_links=Variable.get("LINKS",deserialize_json=True)
               ^^^^^^^^^^^^^^^^^^^^^^^^^^^^^^^^^^^^^^^^^^^
  File "/home/airflow/.local/lib/python3.12/site-packages/airflow/models/variable.py", line 145, in get
    raise KeyError(f"Variable {key} does not exist")
KeyError: 'Variable LINKS does not exist'
[2026-03-25T13:45:17.023+0000] {processor.py:927} WARNING - No viable dags retrieved from /opt/airflow/dags/import_from_git.py
[2026-03-25T13:45:17.037+0000] {processor.py:208} INFO - Processing /opt/airflow/dags/import_from_git.py took 0.059 seconds
[2026-03-25T13:45:47.777+0000] {processor.py:186} INFO - Started process (PID=39226) to work on /opt/airflow/dags/import_from_git.py
[2026-03-25T13:45:47.778+0000] {processor.py:914} INFO - Processing file /opt/airflow/dags/import_from_git.py for tasks to queue
[2026-03-25T13:45:47.780+0000] {logging_mixin.py:190} INFO - [2026-03-25T13:45:47.780+0000] {dagbag.py:588} INFO - Filling up the DagBag from /opt/airflow/dags/import_from_git.py
[2026-03-25T13:45:47.813+0000] {logging_mixin.py:190} INFO - [2026-03-25T13:45:47.810+0000] {dagbag.py:387} ERROR - Failed to import: /opt/airflow/dags/import_from_git.py
Traceback (most recent call last):
  File "/home/airflow/.local/lib/python3.12/site-packages/airflow/models/dagbag.py", line 383, in parse
    loader.exec_module(new_module)
  File "<frozen importlib._bootstrap_external>", line 999, in exec_module
  File "<frozen importlib._bootstrap>", line 488, in _call_with_frames_removed
  File "/opt/airflow/dags/import_from_git.py", line 45, in <module>
    repo_links=get_link();
               ^^^^^^^^^^
  File "/opt/airflow/dags/import_from_git.py", line 4, in get_link
    repo_links=Variable.get("LINKS",deserialize_json=True)
               ^^^^^^^^^^^^^^^^^^^^^^^^^^^^^^^^^^^^^^^^^^^
  File "/home/airflow/.local/lib/python3.12/site-packages/airflow/models/variable.py", line 145, in get
    raise KeyError(f"Variable {key} does not exist")
KeyError: 'Variable LINKS does not exist'
[2026-03-25T13:45:47.814+0000] {processor.py:927} WARNING - No viable dags retrieved from /opt/airflow/dags/import_from_git.py
[2026-03-25T13:45:47.831+0000] {processor.py:208} INFO - Processing /opt/airflow/dags/import_from_git.py took 0.063 seconds
[2026-03-25T13:46:18.541+0000] {processor.py:186} INFO - Started process (PID=39267) to work on /opt/airflow/dags/import_from_git.py
[2026-03-25T13:46:18.543+0000] {processor.py:914} INFO - Processing file /opt/airflow/dags/import_from_git.py for tasks to queue
[2026-03-25T13:46:18.545+0000] {logging_mixin.py:190} INFO - [2026-03-25T13:46:18.545+0000] {dagbag.py:588} INFO - Filling up the DagBag from /opt/airflow/dags/import_from_git.py
[2026-03-25T13:46:18.579+0000] {logging_mixin.py:190} INFO - [2026-03-25T13:46:18.577+0000] {dagbag.py:387} ERROR - Failed to import: /opt/airflow/dags/import_from_git.py
Traceback (most recent call last):
  File "/home/airflow/.local/lib/python3.12/site-packages/airflow/models/dagbag.py", line 383, in parse
    loader.exec_module(new_module)
  File "<frozen importlib._bootstrap_external>", line 999, in exec_module
  File "<frozen importlib._bootstrap>", line 488, in _call_with_frames_removed
  File "/opt/airflow/dags/import_from_git.py", line 45, in <module>
    repo_links=get_link();
               ^^^^^^^^^^
  File "/opt/airflow/dags/import_from_git.py", line 4, in get_link
    repo_links=Variable.get("LINKS",deserialize_json=True)
               ^^^^^^^^^^^^^^^^^^^^^^^^^^^^^^^^^^^^^^^^^^^
  File "/home/airflow/.local/lib/python3.12/site-packages/airflow/models/variable.py", line 145, in get
    raise KeyError(f"Variable {key} does not exist")
KeyError: 'Variable LINKS does not exist'
[2026-03-25T13:46:18.580+0000] {processor.py:927} WARNING - No viable dags retrieved from /opt/airflow/dags/import_from_git.py
[2026-03-25T13:46:18.595+0000] {processor.py:208} INFO - Processing /opt/airflow/dags/import_from_git.py took 0.062 seconds
[2026-03-25T13:46:49.293+0000] {processor.py:186} INFO - Started process (PID=39308) to work on /opt/airflow/dags/import_from_git.py
[2026-03-25T13:46:49.294+0000] {processor.py:914} INFO - Processing file /opt/airflow/dags/import_from_git.py for tasks to queue
[2026-03-25T13:46:49.297+0000] {logging_mixin.py:190} INFO - [2026-03-25T13:46:49.297+0000] {dagbag.py:588} INFO - Filling up the DagBag from /opt/airflow/dags/import_from_git.py
[2026-03-25T13:46:49.328+0000] {logging_mixin.py:190} INFO - [2026-03-25T13:46:49.326+0000] {dagbag.py:387} ERROR - Failed to import: /opt/airflow/dags/import_from_git.py
Traceback (most recent call last):
  File "/home/airflow/.local/lib/python3.12/site-packages/airflow/models/dagbag.py", line 383, in parse
    loader.exec_module(new_module)
  File "<frozen importlib._bootstrap_external>", line 999, in exec_module
  File "<frozen importlib._bootstrap>", line 488, in _call_with_frames_removed
  File "/opt/airflow/dags/import_from_git.py", line 45, in <module>
    repo_links=get_link();
               ^^^^^^^^^^
  File "/opt/airflow/dags/import_from_git.py", line 4, in get_link
    repo_links=Variable.get("LINKS",deserialize_json=True)
               ^^^^^^^^^^^^^^^^^^^^^^^^^^^^^^^^^^^^^^^^^^^
  File "/home/airflow/.local/lib/python3.12/site-packages/airflow/models/variable.py", line 145, in get
    raise KeyError(f"Variable {key} does not exist")
KeyError: 'Variable LINKS does not exist'
[2026-03-25T13:46:49.329+0000] {processor.py:927} WARNING - No viable dags retrieved from /opt/airflow/dags/import_from_git.py
[2026-03-25T13:46:49.340+0000] {processor.py:208} INFO - Processing /opt/airflow/dags/import_from_git.py took 0.057 seconds
[2026-03-25T13:47:20.029+0000] {processor.py:186} INFO - Started process (PID=39349) to work on /opt/airflow/dags/import_from_git.py
[2026-03-25T13:47:20.030+0000] {processor.py:914} INFO - Processing file /opt/airflow/dags/import_from_git.py for tasks to queue
[2026-03-25T13:47:20.032+0000] {logging_mixin.py:190} INFO - [2026-03-25T13:47:20.032+0000] {dagbag.py:588} INFO - Filling up the DagBag from /opt/airflow/dags/import_from_git.py
[2026-03-25T13:47:20.062+0000] {logging_mixin.py:190} INFO - [2026-03-25T13:47:20.061+0000] {dagbag.py:387} ERROR - Failed to import: /opt/airflow/dags/import_from_git.py
Traceback (most recent call last):
  File "/home/airflow/.local/lib/python3.12/site-packages/airflow/models/dagbag.py", line 383, in parse
    loader.exec_module(new_module)
  File "<frozen importlib._bootstrap_external>", line 999, in exec_module
  File "<frozen importlib._bootstrap>", line 488, in _call_with_frames_removed
  File "/opt/airflow/dags/import_from_git.py", line 45, in <module>
    repo_links=get_link();
               ^^^^^^^^^^
  File "/opt/airflow/dags/import_from_git.py", line 4, in get_link
    repo_links=Variable.get("LINKS",deserialize_json=True)
               ^^^^^^^^^^^^^^^^^^^^^^^^^^^^^^^^^^^^^^^^^^^
  File "/home/airflow/.local/lib/python3.12/site-packages/airflow/models/variable.py", line 145, in get
    raise KeyError(f"Variable {key} does not exist")
KeyError: 'Variable LINKS does not exist'
[2026-03-25T13:47:20.063+0000] {processor.py:927} WARNING - No viable dags retrieved from /opt/airflow/dags/import_from_git.py
[2026-03-25T13:47:20.075+0000] {processor.py:208} INFO - Processing /opt/airflow/dags/import_from_git.py took 0.054 seconds
[2026-03-25T13:47:50.787+0000] {processor.py:186} INFO - Started process (PID=39390) to work on /opt/airflow/dags/import_from_git.py
[2026-03-25T13:47:50.788+0000] {processor.py:914} INFO - Processing file /opt/airflow/dags/import_from_git.py for tasks to queue
[2026-03-25T13:47:50.792+0000] {logging_mixin.py:190} INFO - [2026-03-25T13:47:50.791+0000] {dagbag.py:588} INFO - Filling up the DagBag from /opt/airflow/dags/import_from_git.py
[2026-03-25T13:47:50.827+0000] {logging_mixin.py:190} INFO - [2026-03-25T13:47:50.824+0000] {dagbag.py:387} ERROR - Failed to import: /opt/airflow/dags/import_from_git.py
Traceback (most recent call last):
  File "/home/airflow/.local/lib/python3.12/site-packages/airflow/models/dagbag.py", line 383, in parse
    loader.exec_module(new_module)
  File "<frozen importlib._bootstrap_external>", line 999, in exec_module
  File "<frozen importlib._bootstrap>", line 488, in _call_with_frames_removed
  File "/opt/airflow/dags/import_from_git.py", line 45, in <module>
    repo_links=get_link();
               ^^^^^^^^^^
  File "/opt/airflow/dags/import_from_git.py", line 4, in get_link
    repo_links=Variable.get("LINKS",deserialize_json=True)
               ^^^^^^^^^^^^^^^^^^^^^^^^^^^^^^^^^^^^^^^^^^^
  File "/home/airflow/.local/lib/python3.12/site-packages/airflow/models/variable.py", line 145, in get
    raise KeyError(f"Variable {key} does not exist")
KeyError: 'Variable LINKS does not exist'
[2026-03-25T13:47:50.828+0000] {processor.py:927} WARNING - No viable dags retrieved from /opt/airflow/dags/import_from_git.py
[2026-03-25T13:47:50.840+0000] {processor.py:208} INFO - Processing /opt/airflow/dags/import_from_git.py took 0.063 seconds
[2026-03-25T13:48:21.582+0000] {processor.py:186} INFO - Started process (PID=39431) to work on /opt/airflow/dags/import_from_git.py
[2026-03-25T13:48:21.583+0000] {processor.py:914} INFO - Processing file /opt/airflow/dags/import_from_git.py for tasks to queue
[2026-03-25T13:48:21.586+0000] {logging_mixin.py:190} INFO - [2026-03-25T13:48:21.586+0000] {dagbag.py:588} INFO - Filling up the DagBag from /opt/airflow/dags/import_from_git.py
[2026-03-25T13:48:21.613+0000] {logging_mixin.py:190} INFO - [2026-03-25T13:48:21.611+0000] {dagbag.py:387} ERROR - Failed to import: /opt/airflow/dags/import_from_git.py
Traceback (most recent call last):
  File "/home/airflow/.local/lib/python3.12/site-packages/airflow/models/dagbag.py", line 383, in parse
    loader.exec_module(new_module)
  File "<frozen importlib._bootstrap_external>", line 999, in exec_module
  File "<frozen importlib._bootstrap>", line 488, in _call_with_frames_removed
  File "/opt/airflow/dags/import_from_git.py", line 45, in <module>
    repo_links=get_link();
               ^^^^^^^^^^
  File "/opt/airflow/dags/import_from_git.py", line 4, in get_link
    repo_links=Variable.get("LINKS",deserialize_json=True)
               ^^^^^^^^^^^^^^^^^^^^^^^^^^^^^^^^^^^^^^^^^^^
  File "/home/airflow/.local/lib/python3.12/site-packages/airflow/models/variable.py", line 145, in get
    raise KeyError(f"Variable {key} does not exist")
KeyError: 'Variable LINKS does not exist'
[2026-03-25T13:48:21.615+0000] {processor.py:927} WARNING - No viable dags retrieved from /opt/airflow/dags/import_from_git.py
[2026-03-25T13:48:21.629+0000] {processor.py:208} INFO - Processing /opt/airflow/dags/import_from_git.py took 0.056 seconds
[2026-03-25T13:48:52.317+0000] {processor.py:186} INFO - Started process (PID=39472) to work on /opt/airflow/dags/import_from_git.py
[2026-03-25T13:48:52.319+0000] {processor.py:914} INFO - Processing file /opt/airflow/dags/import_from_git.py for tasks to queue
[2026-03-25T13:48:52.322+0000] {logging_mixin.py:190} INFO - [2026-03-25T13:48:52.322+0000] {dagbag.py:588} INFO - Filling up the DagBag from /opt/airflow/dags/import_from_git.py
[2026-03-25T13:48:52.353+0000] {logging_mixin.py:190} INFO - [2026-03-25T13:48:52.351+0000] {dagbag.py:387} ERROR - Failed to import: /opt/airflow/dags/import_from_git.py
Traceback (most recent call last):
  File "/home/airflow/.local/lib/python3.12/site-packages/airflow/models/dagbag.py", line 383, in parse
    loader.exec_module(new_module)
  File "<frozen importlib._bootstrap_external>", line 999, in exec_module
  File "<frozen importlib._bootstrap>", line 488, in _call_with_frames_removed
  File "/opt/airflow/dags/import_from_git.py", line 45, in <module>
    repo_links=get_link();
               ^^^^^^^^^^
  File "/opt/airflow/dags/import_from_git.py", line 4, in get_link
    repo_links=Variable.get("LINKS",deserialize_json=True)
               ^^^^^^^^^^^^^^^^^^^^^^^^^^^^^^^^^^^^^^^^^^^
  File "/home/airflow/.local/lib/python3.12/site-packages/airflow/models/variable.py", line 145, in get
    raise KeyError(f"Variable {key} does not exist")
KeyError: 'Variable LINKS does not exist'
[2026-03-25T13:48:52.353+0000] {processor.py:927} WARNING - No viable dags retrieved from /opt/airflow/dags/import_from_git.py
[2026-03-25T13:48:52.367+0000] {processor.py:208} INFO - Processing /opt/airflow/dags/import_from_git.py took 0.058 seconds
[2026-03-25T13:49:23.072+0000] {processor.py:186} INFO - Started process (PID=39513) to work on /opt/airflow/dags/import_from_git.py
[2026-03-25T13:49:23.074+0000] {processor.py:914} INFO - Processing file /opt/airflow/dags/import_from_git.py for tasks to queue
[2026-03-25T13:49:23.077+0000] {logging_mixin.py:190} INFO - [2026-03-25T13:49:23.076+0000] {dagbag.py:588} INFO - Filling up the DagBag from /opt/airflow/dags/import_from_git.py
[2026-03-25T13:49:23.109+0000] {logging_mixin.py:190} INFO - [2026-03-25T13:49:23.107+0000] {dagbag.py:387} ERROR - Failed to import: /opt/airflow/dags/import_from_git.py
Traceback (most recent call last):
  File "/home/airflow/.local/lib/python3.12/site-packages/airflow/models/dagbag.py", line 383, in parse
    loader.exec_module(new_module)
  File "<frozen importlib._bootstrap_external>", line 999, in exec_module
  File "<frozen importlib._bootstrap>", line 488, in _call_with_frames_removed
  File "/opt/airflow/dags/import_from_git.py", line 45, in <module>
    repo_links=get_link();
               ^^^^^^^^^^
  File "/opt/airflow/dags/import_from_git.py", line 4, in get_link
    repo_links=Variable.get("LINKS",deserialize_json=True)
               ^^^^^^^^^^^^^^^^^^^^^^^^^^^^^^^^^^^^^^^^^^^
  File "/home/airflow/.local/lib/python3.12/site-packages/airflow/models/variable.py", line 145, in get
    raise KeyError(f"Variable {key} does not exist")
KeyError: 'Variable LINKS does not exist'
[2026-03-25T13:49:23.110+0000] {processor.py:927} WARNING - No viable dags retrieved from /opt/airflow/dags/import_from_git.py
[2026-03-25T13:49:23.125+0000] {processor.py:208} INFO - Processing /opt/airflow/dags/import_from_git.py took 0.061 seconds
[2026-03-25T13:49:53.834+0000] {processor.py:186} INFO - Started process (PID=39554) to work on /opt/airflow/dags/import_from_git.py
[2026-03-25T13:49:53.835+0000] {processor.py:914} INFO - Processing file /opt/airflow/dags/import_from_git.py for tasks to queue
[2026-03-25T13:49:53.838+0000] {logging_mixin.py:190} INFO - [2026-03-25T13:49:53.837+0000] {dagbag.py:588} INFO - Filling up the DagBag from /opt/airflow/dags/import_from_git.py
[2026-03-25T13:49:53.868+0000] {logging_mixin.py:190} INFO - [2026-03-25T13:49:53.867+0000] {dagbag.py:387} ERROR - Failed to import: /opt/airflow/dags/import_from_git.py
Traceback (most recent call last):
  File "/home/airflow/.local/lib/python3.12/site-packages/airflow/models/dagbag.py", line 383, in parse
    loader.exec_module(new_module)
  File "<frozen importlib._bootstrap_external>", line 999, in exec_module
  File "<frozen importlib._bootstrap>", line 488, in _call_with_frames_removed
  File "/opt/airflow/dags/import_from_git.py", line 45, in <module>
    repo_links=get_link();
               ^^^^^^^^^^
  File "/opt/airflow/dags/import_from_git.py", line 4, in get_link
    repo_links=Variable.get("LINKS",deserialize_json=True)
               ^^^^^^^^^^^^^^^^^^^^^^^^^^^^^^^^^^^^^^^^^^^
  File "/home/airflow/.local/lib/python3.12/site-packages/airflow/models/variable.py", line 145, in get
    raise KeyError(f"Variable {key} does not exist")
KeyError: 'Variable LINKS does not exist'
[2026-03-25T13:49:53.869+0000] {processor.py:927} WARNING - No viable dags retrieved from /opt/airflow/dags/import_from_git.py
[2026-03-25T13:49:53.884+0000] {processor.py:208} INFO - Processing /opt/airflow/dags/import_from_git.py took 0.059 seconds
[2026-03-25T13:50:24.595+0000] {processor.py:186} INFO - Started process (PID=39595) to work on /opt/airflow/dags/import_from_git.py
[2026-03-25T13:50:24.596+0000] {processor.py:914} INFO - Processing file /opt/airflow/dags/import_from_git.py for tasks to queue
[2026-03-25T13:50:24.599+0000] {logging_mixin.py:190} INFO - [2026-03-25T13:50:24.599+0000] {dagbag.py:588} INFO - Filling up the DagBag from /opt/airflow/dags/import_from_git.py
[2026-03-25T13:50:24.629+0000] {logging_mixin.py:190} INFO - [2026-03-25T13:50:24.627+0000] {dagbag.py:387} ERROR - Failed to import: /opt/airflow/dags/import_from_git.py
Traceback (most recent call last):
  File "/home/airflow/.local/lib/python3.12/site-packages/airflow/models/dagbag.py", line 383, in parse
    loader.exec_module(new_module)
  File "<frozen importlib._bootstrap_external>", line 999, in exec_module
  File "<frozen importlib._bootstrap>", line 488, in _call_with_frames_removed
  File "/opt/airflow/dags/import_from_git.py", line 45, in <module>
    repo_links=get_link();
               ^^^^^^^^^^
  File "/opt/airflow/dags/import_from_git.py", line 4, in get_link
    repo_links=Variable.get("LINKS",deserialize_json=True)
               ^^^^^^^^^^^^^^^^^^^^^^^^^^^^^^^^^^^^^^^^^^^
  File "/home/airflow/.local/lib/python3.12/site-packages/airflow/models/variable.py", line 145, in get
    raise KeyError(f"Variable {key} does not exist")
KeyError: 'Variable LINKS does not exist'
[2026-03-25T13:50:24.631+0000] {processor.py:927} WARNING - No viable dags retrieved from /opt/airflow/dags/import_from_git.py
[2026-03-25T13:50:24.644+0000] {processor.py:208} INFO - Processing /opt/airflow/dags/import_from_git.py took 0.057 seconds
[2026-03-25T13:50:55.333+0000] {processor.py:186} INFO - Started process (PID=39636) to work on /opt/airflow/dags/import_from_git.py
[2026-03-25T13:50:55.334+0000] {processor.py:914} INFO - Processing file /opt/airflow/dags/import_from_git.py for tasks to queue
[2026-03-25T13:50:55.337+0000] {logging_mixin.py:190} INFO - [2026-03-25T13:50:55.336+0000] {dagbag.py:588} INFO - Filling up the DagBag from /opt/airflow/dags/import_from_git.py
[2026-03-25T13:50:55.366+0000] {logging_mixin.py:190} INFO - [2026-03-25T13:50:55.365+0000] {dagbag.py:387} ERROR - Failed to import: /opt/airflow/dags/import_from_git.py
Traceback (most recent call last):
  File "/home/airflow/.local/lib/python3.12/site-packages/airflow/models/dagbag.py", line 383, in parse
    loader.exec_module(new_module)
  File "<frozen importlib._bootstrap_external>", line 999, in exec_module
  File "<frozen importlib._bootstrap>", line 488, in _call_with_frames_removed
  File "/opt/airflow/dags/import_from_git.py", line 45, in <module>
    repo_links=get_link();
               ^^^^^^^^^^
  File "/opt/airflow/dags/import_from_git.py", line 4, in get_link
    repo_links=Variable.get("LINKS",deserialize_json=True)
               ^^^^^^^^^^^^^^^^^^^^^^^^^^^^^^^^^^^^^^^^^^^
  File "/home/airflow/.local/lib/python3.12/site-packages/airflow/models/variable.py", line 145, in get
    raise KeyError(f"Variable {key} does not exist")
KeyError: 'Variable LINKS does not exist'
[2026-03-25T13:50:55.368+0000] {processor.py:927} WARNING - No viable dags retrieved from /opt/airflow/dags/import_from_git.py
[2026-03-25T13:50:55.380+0000] {processor.py:208} INFO - Processing /opt/airflow/dags/import_from_git.py took 0.054 seconds
[2026-03-25T13:51:27.503+0000] {processor.py:186} INFO - Started process (PID=39677) to work on /opt/airflow/dags/import_from_git.py
[2026-03-25T13:51:27.513+0000] {processor.py:914} INFO - Processing file /opt/airflow/dags/import_from_git.py for tasks to queue
[2026-03-25T13:51:27.544+0000] {logging_mixin.py:190} INFO - [2026-03-25T13:51:27.540+0000] {dagbag.py:588} INFO - Filling up the DagBag from /opt/airflow/dags/import_from_git.py
[2026-03-25T13:51:27.793+0000] {logging_mixin.py:190} INFO - [2026-03-25T13:51:27.777+0000] {dagbag.py:387} ERROR - Failed to import: /opt/airflow/dags/import_from_git.py
Traceback (most recent call last):
  File "/home/airflow/.local/lib/python3.12/site-packages/airflow/models/dagbag.py", line 383, in parse
    loader.exec_module(new_module)
  File "<frozen importlib._bootstrap_external>", line 999, in exec_module
  File "<frozen importlib._bootstrap>", line 488, in _call_with_frames_removed
  File "/opt/airflow/dags/import_from_git.py", line 45, in <module>
    repo_links=get_link();
               ^^^^^^^^^^
  File "/opt/airflow/dags/import_from_git.py", line 4, in get_link
    repo_links=Variable.get("LINKS",deserialize_json=True)
               ^^^^^^^^^^^^^^^^^^^^^^^^^^^^^^^^^^^^^^^^^^^
  File "/home/airflow/.local/lib/python3.12/site-packages/airflow/models/variable.py", line 145, in get
    raise KeyError(f"Variable {key} does not exist")
KeyError: 'Variable LINKS does not exist'
[2026-03-25T13:51:27.800+0000] {processor.py:927} WARNING - No viable dags retrieved from /opt/airflow/dags/import_from_git.py
[2026-03-25T13:51:27.895+0000] {processor.py:208} INFO - Processing /opt/airflow/dags/import_from_git.py took 0.478 seconds
[2026-03-25T13:51:58.499+0000] {processor.py:186} INFO - Started process (PID=39718) to work on /opt/airflow/dags/import_from_git.py
[2026-03-25T13:51:58.500+0000] {processor.py:914} INFO - Processing file /opt/airflow/dags/import_from_git.py for tasks to queue
[2026-03-25T13:51:58.503+0000] {logging_mixin.py:190} INFO - [2026-03-25T13:51:58.502+0000] {dagbag.py:588} INFO - Filling up the DagBag from /opt/airflow/dags/import_from_git.py
[2026-03-25T13:51:58.536+0000] {logging_mixin.py:190} INFO - [2026-03-25T13:51:58.533+0000] {dagbag.py:387} ERROR - Failed to import: /opt/airflow/dags/import_from_git.py
Traceback (most recent call last):
  File "/home/airflow/.local/lib/python3.12/site-packages/airflow/models/dagbag.py", line 383, in parse
    loader.exec_module(new_module)
  File "<frozen importlib._bootstrap_external>", line 999, in exec_module
  File "<frozen importlib._bootstrap>", line 488, in _call_with_frames_removed
  File "/opt/airflow/dags/import_from_git.py", line 45, in <module>
    repo_links=get_link();
               ^^^^^^^^^^
  File "/opt/airflow/dags/import_from_git.py", line 4, in get_link
    repo_links=Variable.get("LINKS",deserialize_json=True)
               ^^^^^^^^^^^^^^^^^^^^^^^^^^^^^^^^^^^^^^^^^^^
  File "/home/airflow/.local/lib/python3.12/site-packages/airflow/models/variable.py", line 145, in get
    raise KeyError(f"Variable {key} does not exist")
KeyError: 'Variable LINKS does not exist'
[2026-03-25T13:51:58.537+0000] {processor.py:927} WARNING - No viable dags retrieved from /opt/airflow/dags/import_from_git.py
[2026-03-25T13:51:58.551+0000] {processor.py:208} INFO - Processing /opt/airflow/dags/import_from_git.py took 0.062 seconds
[2026-03-25T13:52:29.226+0000] {processor.py:186} INFO - Started process (PID=39759) to work on /opt/airflow/dags/import_from_git.py
[2026-03-25T13:52:29.227+0000] {processor.py:914} INFO - Processing file /opt/airflow/dags/import_from_git.py for tasks to queue
[2026-03-25T13:52:29.230+0000] {logging_mixin.py:190} INFO - [2026-03-25T13:52:29.230+0000] {dagbag.py:588} INFO - Filling up the DagBag from /opt/airflow/dags/import_from_git.py
[2026-03-25T13:52:29.260+0000] {logging_mixin.py:190} INFO - [2026-03-25T13:52:29.258+0000] {dagbag.py:387} ERROR - Failed to import: /opt/airflow/dags/import_from_git.py
Traceback (most recent call last):
  File "/home/airflow/.local/lib/python3.12/site-packages/airflow/models/dagbag.py", line 383, in parse
    loader.exec_module(new_module)
  File "<frozen importlib._bootstrap_external>", line 999, in exec_module
  File "<frozen importlib._bootstrap>", line 488, in _call_with_frames_removed
  File "/opt/airflow/dags/import_from_git.py", line 45, in <module>
    repo_links=get_link();
               ^^^^^^^^^^
  File "/opt/airflow/dags/import_from_git.py", line 4, in get_link
    repo_links=Variable.get("LINKS",deserialize_json=True)
               ^^^^^^^^^^^^^^^^^^^^^^^^^^^^^^^^^^^^^^^^^^^
  File "/home/airflow/.local/lib/python3.12/site-packages/airflow/models/variable.py", line 145, in get
    raise KeyError(f"Variable {key} does not exist")
KeyError: 'Variable LINKS does not exist'
[2026-03-25T13:52:29.261+0000] {processor.py:927} WARNING - No viable dags retrieved from /opt/airflow/dags/import_from_git.py
[2026-03-25T13:52:29.275+0000] {processor.py:208} INFO - Processing /opt/airflow/dags/import_from_git.py took 0.057 seconds
[2026-03-25T13:52:59.930+0000] {processor.py:186} INFO - Started process (PID=39800) to work on /opt/airflow/dags/import_from_git.py
[2026-03-25T13:52:59.931+0000] {processor.py:914} INFO - Processing file /opt/airflow/dags/import_from_git.py for tasks to queue
[2026-03-25T13:52:59.933+0000] {logging_mixin.py:190} INFO - [2026-03-25T13:52:59.933+0000] {dagbag.py:588} INFO - Filling up the DagBag from /opt/airflow/dags/import_from_git.py
[2026-03-25T13:52:59.964+0000] {logging_mixin.py:190} INFO - [2026-03-25T13:52:59.962+0000] {dagbag.py:387} ERROR - Failed to import: /opt/airflow/dags/import_from_git.py
Traceback (most recent call last):
  File "/home/airflow/.local/lib/python3.12/site-packages/airflow/models/dagbag.py", line 383, in parse
    loader.exec_module(new_module)
  File "<frozen importlib._bootstrap_external>", line 999, in exec_module
  File "<frozen importlib._bootstrap>", line 488, in _call_with_frames_removed
  File "/opt/airflow/dags/import_from_git.py", line 45, in <module>
    repo_links=get_link();
               ^^^^^^^^^^
  File "/opt/airflow/dags/import_from_git.py", line 4, in get_link
    repo_links=Variable.get("LINKS",deserialize_json=True)
               ^^^^^^^^^^^^^^^^^^^^^^^^^^^^^^^^^^^^^^^^^^^
  File "/home/airflow/.local/lib/python3.12/site-packages/airflow/models/variable.py", line 145, in get
    raise KeyError(f"Variable {key} does not exist")
KeyError: 'Variable LINKS does not exist'
[2026-03-25T13:52:59.965+0000] {processor.py:927} WARNING - No viable dags retrieved from /opt/airflow/dags/import_from_git.py
[2026-03-25T13:52:59.982+0000] {processor.py:208} INFO - Processing /opt/airflow/dags/import_from_git.py took 0.061 seconds
[2026-03-25T13:53:30.653+0000] {processor.py:186} INFO - Started process (PID=39841) to work on /opt/airflow/dags/import_from_git.py
[2026-03-25T13:53:30.654+0000] {processor.py:914} INFO - Processing file /opt/airflow/dags/import_from_git.py for tasks to queue
[2026-03-25T13:53:30.657+0000] {logging_mixin.py:190} INFO - [2026-03-25T13:53:30.656+0000] {dagbag.py:588} INFO - Filling up the DagBag from /opt/airflow/dags/import_from_git.py
[2026-03-25T13:53:30.693+0000] {logging_mixin.py:190} INFO - [2026-03-25T13:53:30.690+0000] {dagbag.py:387} ERROR - Failed to import: /opt/airflow/dags/import_from_git.py
Traceback (most recent call last):
  File "/home/airflow/.local/lib/python3.12/site-packages/airflow/models/dagbag.py", line 383, in parse
    loader.exec_module(new_module)
  File "<frozen importlib._bootstrap_external>", line 999, in exec_module
  File "<frozen importlib._bootstrap>", line 488, in _call_with_frames_removed
  File "/opt/airflow/dags/import_from_git.py", line 45, in <module>
    repo_links=get_link();
               ^^^^^^^^^^
  File "/opt/airflow/dags/import_from_git.py", line 4, in get_link
    repo_links=Variable.get("LINKS",deserialize_json=True)
               ^^^^^^^^^^^^^^^^^^^^^^^^^^^^^^^^^^^^^^^^^^^
  File "/home/airflow/.local/lib/python3.12/site-packages/airflow/models/variable.py", line 145, in get
    raise KeyError(f"Variable {key} does not exist")
KeyError: 'Variable LINKS does not exist'
[2026-03-25T13:53:30.694+0000] {processor.py:927} WARNING - No viable dags retrieved from /opt/airflow/dags/import_from_git.py
[2026-03-25T13:53:30.710+0000] {processor.py:208} INFO - Processing /opt/airflow/dags/import_from_git.py took 0.065 seconds
[2026-03-25T13:54:01.394+0000] {processor.py:186} INFO - Started process (PID=39882) to work on /opt/airflow/dags/import_from_git.py
[2026-03-25T13:54:01.395+0000] {processor.py:914} INFO - Processing file /opt/airflow/dags/import_from_git.py for tasks to queue
[2026-03-25T13:54:01.398+0000] {logging_mixin.py:190} INFO - [2026-03-25T13:54:01.398+0000] {dagbag.py:588} INFO - Filling up the DagBag from /opt/airflow/dags/import_from_git.py
[2026-03-25T13:54:01.434+0000] {logging_mixin.py:190} INFO - [2026-03-25T13:54:01.432+0000] {dagbag.py:387} ERROR - Failed to import: /opt/airflow/dags/import_from_git.py
Traceback (most recent call last):
  File "/home/airflow/.local/lib/python3.12/site-packages/airflow/models/dagbag.py", line 383, in parse
    loader.exec_module(new_module)
  File "<frozen importlib._bootstrap_external>", line 999, in exec_module
  File "<frozen importlib._bootstrap>", line 488, in _call_with_frames_removed
  File "/opt/airflow/dags/import_from_git.py", line 45, in <module>
    repo_links=get_link();
               ^^^^^^^^^^
  File "/opt/airflow/dags/import_from_git.py", line 4, in get_link
    repo_links=Variable.get("LINKS",deserialize_json=True)
               ^^^^^^^^^^^^^^^^^^^^^^^^^^^^^^^^^^^^^^^^^^^
  File "/home/airflow/.local/lib/python3.12/site-packages/airflow/models/variable.py", line 145, in get
    raise KeyError(f"Variable {key} does not exist")
KeyError: 'Variable LINKS does not exist'
[2026-03-25T13:54:01.436+0000] {processor.py:927} WARNING - No viable dags retrieved from /opt/airflow/dags/import_from_git.py
[2026-03-25T13:54:01.450+0000] {processor.py:208} INFO - Processing /opt/airflow/dags/import_from_git.py took 0.066 seconds
[2026-03-25T13:54:32.110+0000] {processor.py:186} INFO - Started process (PID=39923) to work on /opt/airflow/dags/import_from_git.py
[2026-03-25T13:54:32.111+0000] {processor.py:914} INFO - Processing file /opt/airflow/dags/import_from_git.py for tasks to queue
[2026-03-25T13:54:32.113+0000] {logging_mixin.py:190} INFO - [2026-03-25T13:54:32.113+0000] {dagbag.py:588} INFO - Filling up the DagBag from /opt/airflow/dags/import_from_git.py
[2026-03-25T13:54:32.144+0000] {logging_mixin.py:190} INFO - [2026-03-25T13:54:32.143+0000] {dagbag.py:387} ERROR - Failed to import: /opt/airflow/dags/import_from_git.py
Traceback (most recent call last):
  File "/home/airflow/.local/lib/python3.12/site-packages/airflow/models/dagbag.py", line 383, in parse
    loader.exec_module(new_module)
  File "<frozen importlib._bootstrap_external>", line 999, in exec_module
  File "<frozen importlib._bootstrap>", line 488, in _call_with_frames_removed
  File "/opt/airflow/dags/import_from_git.py", line 45, in <module>
    repo_links=get_link();
               ^^^^^^^^^^
  File "/opt/airflow/dags/import_from_git.py", line 4, in get_link
    repo_links=Variable.get("LINKS",deserialize_json=True)
               ^^^^^^^^^^^^^^^^^^^^^^^^^^^^^^^^^^^^^^^^^^^
  File "/home/airflow/.local/lib/python3.12/site-packages/airflow/models/variable.py", line 145, in get
    raise KeyError(f"Variable {key} does not exist")
KeyError: 'Variable LINKS does not exist'
[2026-03-25T13:54:32.145+0000] {processor.py:927} WARNING - No viable dags retrieved from /opt/airflow/dags/import_from_git.py
[2026-03-25T13:54:32.157+0000] {processor.py:208} INFO - Processing /opt/airflow/dags/import_from_git.py took 0.055 seconds
[2026-03-25T13:55:02.838+0000] {processor.py:186} INFO - Started process (PID=39964) to work on /opt/airflow/dags/import_from_git.py
[2026-03-25T13:55:02.838+0000] {processor.py:914} INFO - Processing file /opt/airflow/dags/import_from_git.py for tasks to queue
[2026-03-25T13:55:02.841+0000] {logging_mixin.py:190} INFO - [2026-03-25T13:55:02.841+0000] {dagbag.py:588} INFO - Filling up the DagBag from /opt/airflow/dags/import_from_git.py
[2026-03-25T13:55:02.873+0000] {logging_mixin.py:190} INFO - [2026-03-25T13:55:02.870+0000] {dagbag.py:387} ERROR - Failed to import: /opt/airflow/dags/import_from_git.py
Traceback (most recent call last):
  File "/home/airflow/.local/lib/python3.12/site-packages/airflow/models/dagbag.py", line 383, in parse
    loader.exec_module(new_module)
  File "<frozen importlib._bootstrap_external>", line 999, in exec_module
  File "<frozen importlib._bootstrap>", line 488, in _call_with_frames_removed
  File "/opt/airflow/dags/import_from_git.py", line 45, in <module>
    repo_links=get_link();
               ^^^^^^^^^^
  File "/opt/airflow/dags/import_from_git.py", line 4, in get_link
    repo_links=Variable.get("LINKS",deserialize_json=True)
               ^^^^^^^^^^^^^^^^^^^^^^^^^^^^^^^^^^^^^^^^^^^
  File "/home/airflow/.local/lib/python3.12/site-packages/airflow/models/variable.py", line 145, in get
    raise KeyError(f"Variable {key} does not exist")
KeyError: 'Variable LINKS does not exist'
[2026-03-25T13:55:02.874+0000] {processor.py:927} WARNING - No viable dags retrieved from /opt/airflow/dags/import_from_git.py
[2026-03-25T13:55:02.891+0000] {processor.py:208} INFO - Processing /opt/airflow/dags/import_from_git.py took 0.061 seconds
[2026-03-25T13:55:33.606+0000] {processor.py:186} INFO - Started process (PID=40005) to work on /opt/airflow/dags/import_from_git.py
[2026-03-25T13:55:33.607+0000] {processor.py:914} INFO - Processing file /opt/airflow/dags/import_from_git.py for tasks to queue
[2026-03-25T13:55:33.610+0000] {logging_mixin.py:190} INFO - [2026-03-25T13:55:33.610+0000] {dagbag.py:588} INFO - Filling up the DagBag from /opt/airflow/dags/import_from_git.py
[2026-03-25T13:55:33.642+0000] {logging_mixin.py:190} INFO - [2026-03-25T13:55:33.640+0000] {dagbag.py:387} ERROR - Failed to import: /opt/airflow/dags/import_from_git.py
Traceback (most recent call last):
  File "/home/airflow/.local/lib/python3.12/site-packages/airflow/models/dagbag.py", line 383, in parse
    loader.exec_module(new_module)
  File "<frozen importlib._bootstrap_external>", line 999, in exec_module
  File "<frozen importlib._bootstrap>", line 488, in _call_with_frames_removed
  File "/opt/airflow/dags/import_from_git.py", line 45, in <module>
    repo_links=get_link();
               ^^^^^^^^^^
  File "/opt/airflow/dags/import_from_git.py", line 4, in get_link
    repo_links=Variable.get("LINKS",deserialize_json=True)
               ^^^^^^^^^^^^^^^^^^^^^^^^^^^^^^^^^^^^^^^^^^^
  File "/home/airflow/.local/lib/python3.12/site-packages/airflow/models/variable.py", line 145, in get
    raise KeyError(f"Variable {key} does not exist")
KeyError: 'Variable LINKS does not exist'
[2026-03-25T13:55:33.643+0000] {processor.py:927} WARNING - No viable dags retrieved from /opt/airflow/dags/import_from_git.py
[2026-03-25T13:55:33.655+0000] {processor.py:208} INFO - Processing /opt/airflow/dags/import_from_git.py took 0.056 seconds
[2026-03-25T13:56:04.330+0000] {processor.py:186} INFO - Started process (PID=40046) to work on /opt/airflow/dags/import_from_git.py
[2026-03-25T13:56:04.331+0000] {processor.py:914} INFO - Processing file /opt/airflow/dags/import_from_git.py for tasks to queue
[2026-03-25T13:56:04.334+0000] {logging_mixin.py:190} INFO - [2026-03-25T13:56:04.333+0000] {dagbag.py:588} INFO - Filling up the DagBag from /opt/airflow/dags/import_from_git.py
[2026-03-25T13:56:04.363+0000] {logging_mixin.py:190} INFO - [2026-03-25T13:56:04.361+0000] {dagbag.py:387} ERROR - Failed to import: /opt/airflow/dags/import_from_git.py
Traceback (most recent call last):
  File "/home/airflow/.local/lib/python3.12/site-packages/airflow/models/dagbag.py", line 383, in parse
    loader.exec_module(new_module)
  File "<frozen importlib._bootstrap_external>", line 999, in exec_module
  File "<frozen importlib._bootstrap>", line 488, in _call_with_frames_removed
  File "/opt/airflow/dags/import_from_git.py", line 45, in <module>
    repo_links=get_link();
               ^^^^^^^^^^
  File "/opt/airflow/dags/import_from_git.py", line 4, in get_link
    repo_links=Variable.get("LINKS",deserialize_json=True)
               ^^^^^^^^^^^^^^^^^^^^^^^^^^^^^^^^^^^^^^^^^^^
  File "/home/airflow/.local/lib/python3.12/site-packages/airflow/models/variable.py", line 145, in get
    raise KeyError(f"Variable {key} does not exist")
KeyError: 'Variable LINKS does not exist'
[2026-03-25T13:56:04.364+0000] {processor.py:927} WARNING - No viable dags retrieved from /opt/airflow/dags/import_from_git.py
[2026-03-25T13:56:04.380+0000] {processor.py:208} INFO - Processing /opt/airflow/dags/import_from_git.py took 0.059 seconds
[2026-03-25T13:56:35.084+0000] {processor.py:186} INFO - Started process (PID=40087) to work on /opt/airflow/dags/import_from_git.py
[2026-03-25T13:56:35.085+0000] {processor.py:914} INFO - Processing file /opt/airflow/dags/import_from_git.py for tasks to queue
[2026-03-25T13:56:35.088+0000] {logging_mixin.py:190} INFO - [2026-03-25T13:56:35.088+0000] {dagbag.py:588} INFO - Filling up the DagBag from /opt/airflow/dags/import_from_git.py
[2026-03-25T13:56:35.116+0000] {logging_mixin.py:190} INFO - [2026-03-25T13:56:35.115+0000] {dagbag.py:387} ERROR - Failed to import: /opt/airflow/dags/import_from_git.py
Traceback (most recent call last):
  File "/home/airflow/.local/lib/python3.12/site-packages/airflow/models/dagbag.py", line 383, in parse
    loader.exec_module(new_module)
  File "<frozen importlib._bootstrap_external>", line 999, in exec_module
  File "<frozen importlib._bootstrap>", line 488, in _call_with_frames_removed
  File "/opt/airflow/dags/import_from_git.py", line 45, in <module>
    repo_links=get_link();
               ^^^^^^^^^^
  File "/opt/airflow/dags/import_from_git.py", line 4, in get_link
    repo_links=Variable.get("LINKS",deserialize_json=True)
               ^^^^^^^^^^^^^^^^^^^^^^^^^^^^^^^^^^^^^^^^^^^
  File "/home/airflow/.local/lib/python3.12/site-packages/airflow/models/variable.py", line 145, in get
    raise KeyError(f"Variable {key} does not exist")
KeyError: 'Variable LINKS does not exist'
[2026-03-25T13:56:35.117+0000] {processor.py:927} WARNING - No viable dags retrieved from /opt/airflow/dags/import_from_git.py
[2026-03-25T13:56:35.128+0000] {processor.py:208} INFO - Processing /opt/airflow/dags/import_from_git.py took 0.051 seconds
[2026-03-25T13:57:05.825+0000] {processor.py:186} INFO - Started process (PID=40128) to work on /opt/airflow/dags/import_from_git.py
[2026-03-25T13:57:05.826+0000] {processor.py:914} INFO - Processing file /opt/airflow/dags/import_from_git.py for tasks to queue
[2026-03-25T13:57:05.828+0000] {logging_mixin.py:190} INFO - [2026-03-25T13:57:05.828+0000] {dagbag.py:588} INFO - Filling up the DagBag from /opt/airflow/dags/import_from_git.py
[2026-03-25T13:57:05.857+0000] {logging_mixin.py:190} INFO - [2026-03-25T13:57:05.855+0000] {dagbag.py:387} ERROR - Failed to import: /opt/airflow/dags/import_from_git.py
Traceback (most recent call last):
  File "/home/airflow/.local/lib/python3.12/site-packages/airflow/models/dagbag.py", line 383, in parse
    loader.exec_module(new_module)
  File "<frozen importlib._bootstrap_external>", line 999, in exec_module
  File "<frozen importlib._bootstrap>", line 488, in _call_with_frames_removed
  File "/opt/airflow/dags/import_from_git.py", line 45, in <module>
    repo_links=get_link();
               ^^^^^^^^^^
  File "/opt/airflow/dags/import_from_git.py", line 4, in get_link
    repo_links=Variable.get("LINKS",deserialize_json=True)
               ^^^^^^^^^^^^^^^^^^^^^^^^^^^^^^^^^^^^^^^^^^^
  File "/home/airflow/.local/lib/python3.12/site-packages/airflow/models/variable.py", line 145, in get
    raise KeyError(f"Variable {key} does not exist")
KeyError: 'Variable LINKS does not exist'
[2026-03-25T13:57:05.858+0000] {processor.py:927} WARNING - No viable dags retrieved from /opt/airflow/dags/import_from_git.py
[2026-03-25T13:57:05.871+0000] {processor.py:208} INFO - Processing /opt/airflow/dags/import_from_git.py took 0.057 seconds
[2026-03-25T13:57:36.601+0000] {processor.py:186} INFO - Started process (PID=40169) to work on /opt/airflow/dags/import_from_git.py
[2026-03-25T13:57:36.602+0000] {processor.py:914} INFO - Processing file /opt/airflow/dags/import_from_git.py for tasks to queue
[2026-03-25T13:57:36.604+0000] {logging_mixin.py:190} INFO - [2026-03-25T13:57:36.604+0000] {dagbag.py:588} INFO - Filling up the DagBag from /opt/airflow/dags/import_from_git.py
[2026-03-25T13:57:36.635+0000] {logging_mixin.py:190} INFO - [2026-03-25T13:57:36.632+0000] {dagbag.py:387} ERROR - Failed to import: /opt/airflow/dags/import_from_git.py
Traceback (most recent call last):
  File "/home/airflow/.local/lib/python3.12/site-packages/airflow/models/dagbag.py", line 383, in parse
    loader.exec_module(new_module)
  File "<frozen importlib._bootstrap_external>", line 999, in exec_module
  File "<frozen importlib._bootstrap>", line 488, in _call_with_frames_removed
  File "/opt/airflow/dags/import_from_git.py", line 45, in <module>
    repo_links=get_link();
               ^^^^^^^^^^
  File "/opt/airflow/dags/import_from_git.py", line 4, in get_link
    repo_links=Variable.get("LINKS",deserialize_json=True)
               ^^^^^^^^^^^^^^^^^^^^^^^^^^^^^^^^^^^^^^^^^^^
  File "/home/airflow/.local/lib/python3.12/site-packages/airflow/models/variable.py", line 145, in get
    raise KeyError(f"Variable {key} does not exist")
KeyError: 'Variable LINKS does not exist'
[2026-03-25T13:57:36.636+0000] {processor.py:927} WARNING - No viable dags retrieved from /opt/airflow/dags/import_from_git.py
[2026-03-25T13:57:36.650+0000] {processor.py:208} INFO - Processing /opt/airflow/dags/import_from_git.py took 0.056 seconds
[2026-03-25T13:58:07.354+0000] {processor.py:186} INFO - Started process (PID=40216) to work on /opt/airflow/dags/import_from_git.py
[2026-03-25T13:58:07.355+0000] {processor.py:914} INFO - Processing file /opt/airflow/dags/import_from_git.py for tasks to queue
[2026-03-25T13:58:07.357+0000] {logging_mixin.py:190} INFO - [2026-03-25T13:58:07.357+0000] {dagbag.py:588} INFO - Filling up the DagBag from /opt/airflow/dags/import_from_git.py
[2026-03-25T13:58:07.391+0000] {logging_mixin.py:190} INFO - [2026-03-25T13:58:07.389+0000] {dagbag.py:387} ERROR - Failed to import: /opt/airflow/dags/import_from_git.py
Traceback (most recent call last):
  File "/home/airflow/.local/lib/python3.12/site-packages/airflow/models/dagbag.py", line 383, in parse
    loader.exec_module(new_module)
  File "<frozen importlib._bootstrap_external>", line 999, in exec_module
  File "<frozen importlib._bootstrap>", line 488, in _call_with_frames_removed
  File "/opt/airflow/dags/import_from_git.py", line 45, in <module>
    repo_links=get_link();
               ^^^^^^^^^^
  File "/opt/airflow/dags/import_from_git.py", line 4, in get_link
    repo_links=Variable.get("LINKS",deserialize_json=True)
               ^^^^^^^^^^^^^^^^^^^^^^^^^^^^^^^^^^^^^^^^^^^
  File "/home/airflow/.local/lib/python3.12/site-packages/airflow/models/variable.py", line 145, in get
    raise KeyError(f"Variable {key} does not exist")
KeyError: 'Variable LINKS does not exist'
[2026-03-25T13:58:07.392+0000] {processor.py:927} WARNING - No viable dags retrieved from /opt/airflow/dags/import_from_git.py
[2026-03-25T13:58:07.406+0000] {processor.py:208} INFO - Processing /opt/airflow/dags/import_from_git.py took 0.061 seconds
[2026-03-25T13:58:38.104+0000] {processor.py:186} INFO - Started process (PID=40257) to work on /opt/airflow/dags/import_from_git.py
[2026-03-25T13:58:38.105+0000] {processor.py:914} INFO - Processing file /opt/airflow/dags/import_from_git.py for tasks to queue
[2026-03-25T13:58:38.108+0000] {logging_mixin.py:190} INFO - [2026-03-25T13:58:38.108+0000] {dagbag.py:588} INFO - Filling up the DagBag from /opt/airflow/dags/import_from_git.py
[2026-03-25T13:58:38.142+0000] {logging_mixin.py:190} INFO - [2026-03-25T13:58:38.140+0000] {dagbag.py:387} ERROR - Failed to import: /opt/airflow/dags/import_from_git.py
Traceback (most recent call last):
  File "/home/airflow/.local/lib/python3.12/site-packages/airflow/models/dagbag.py", line 383, in parse
    loader.exec_module(new_module)
  File "<frozen importlib._bootstrap_external>", line 999, in exec_module
  File "<frozen importlib._bootstrap>", line 488, in _call_with_frames_removed
  File "/opt/airflow/dags/import_from_git.py", line 45, in <module>
    repo_links=get_link();
               ^^^^^^^^^^
  File "/opt/airflow/dags/import_from_git.py", line 4, in get_link
    repo_links=Variable.get("LINKS",deserialize_json=True)
               ^^^^^^^^^^^^^^^^^^^^^^^^^^^^^^^^^^^^^^^^^^^
  File "/home/airflow/.local/lib/python3.12/site-packages/airflow/models/variable.py", line 145, in get
    raise KeyError(f"Variable {key} does not exist")
KeyError: 'Variable LINKS does not exist'
[2026-03-25T13:58:38.143+0000] {processor.py:927} WARNING - No viable dags retrieved from /opt/airflow/dags/import_from_git.py
[2026-03-25T13:58:38.159+0000] {processor.py:208} INFO - Processing /opt/airflow/dags/import_from_git.py took 0.065 seconds
[2026-03-25T13:59:08.860+0000] {processor.py:186} INFO - Started process (PID=40298) to work on /opt/airflow/dags/import_from_git.py
[2026-03-25T13:59:08.861+0000] {processor.py:914} INFO - Processing file /opt/airflow/dags/import_from_git.py for tasks to queue
[2026-03-25T13:59:08.865+0000] {logging_mixin.py:190} INFO - [2026-03-25T13:59:08.864+0000] {dagbag.py:588} INFO - Filling up the DagBag from /opt/airflow/dags/import_from_git.py
[2026-03-25T13:59:08.897+0000] {logging_mixin.py:190} INFO - [2026-03-25T13:59:08.896+0000] {dagbag.py:387} ERROR - Failed to import: /opt/airflow/dags/import_from_git.py
Traceback (most recent call last):
  File "/home/airflow/.local/lib/python3.12/site-packages/airflow/models/dagbag.py", line 383, in parse
    loader.exec_module(new_module)
  File "<frozen importlib._bootstrap_external>", line 999, in exec_module
  File "<frozen importlib._bootstrap>", line 488, in _call_with_frames_removed
  File "/opt/airflow/dags/import_from_git.py", line 45, in <module>
    repo_links=get_link();
               ^^^^^^^^^^
  File "/opt/airflow/dags/import_from_git.py", line 4, in get_link
    repo_links=Variable.get("LINKS",deserialize_json=True)
               ^^^^^^^^^^^^^^^^^^^^^^^^^^^^^^^^^^^^^^^^^^^
  File "/home/airflow/.local/lib/python3.12/site-packages/airflow/models/variable.py", line 145, in get
    raise KeyError(f"Variable {key} does not exist")
KeyError: 'Variable LINKS does not exist'
[2026-03-25T13:59:08.898+0000] {processor.py:927} WARNING - No viable dags retrieved from /opt/airflow/dags/import_from_git.py
[2026-03-25T13:59:08.911+0000] {processor.py:208} INFO - Processing /opt/airflow/dags/import_from_git.py took 0.059 seconds
[2026-03-25T13:59:39.573+0000] {processor.py:186} INFO - Started process (PID=40339) to work on /opt/airflow/dags/import_from_git.py
[2026-03-25T13:59:39.574+0000] {processor.py:914} INFO - Processing file /opt/airflow/dags/import_from_git.py for tasks to queue
[2026-03-25T13:59:39.578+0000] {logging_mixin.py:190} INFO - [2026-03-25T13:59:39.577+0000] {dagbag.py:588} INFO - Filling up the DagBag from /opt/airflow/dags/import_from_git.py
[2026-03-25T13:59:39.613+0000] {logging_mixin.py:190} INFO - [2026-03-25T13:59:39.610+0000] {dagbag.py:387} ERROR - Failed to import: /opt/airflow/dags/import_from_git.py
Traceback (most recent call last):
  File "/home/airflow/.local/lib/python3.12/site-packages/airflow/models/dagbag.py", line 383, in parse
    loader.exec_module(new_module)
  File "<frozen importlib._bootstrap_external>", line 999, in exec_module
  File "<frozen importlib._bootstrap>", line 488, in _call_with_frames_removed
  File "/opt/airflow/dags/import_from_git.py", line 45, in <module>
    repo_links=get_link();
               ^^^^^^^^^^
  File "/opt/airflow/dags/import_from_git.py", line 4, in get_link
    repo_links=Variable.get("LINKS",deserialize_json=True)
               ^^^^^^^^^^^^^^^^^^^^^^^^^^^^^^^^^^^^^^^^^^^
  File "/home/airflow/.local/lib/python3.12/site-packages/airflow/models/variable.py", line 145, in get
    raise KeyError(f"Variable {key} does not exist")
KeyError: 'Variable LINKS does not exist'
[2026-03-25T13:59:39.614+0000] {processor.py:927} WARNING - No viable dags retrieved from /opt/airflow/dags/import_from_git.py
[2026-03-25T13:59:39.630+0000] {processor.py:208} INFO - Processing /opt/airflow/dags/import_from_git.py took 0.066 seconds
[2026-03-25T14:00:10.322+0000] {processor.py:186} INFO - Started process (PID=40380) to work on /opt/airflow/dags/import_from_git.py
[2026-03-25T14:00:10.323+0000] {processor.py:914} INFO - Processing file /opt/airflow/dags/import_from_git.py for tasks to queue
[2026-03-25T14:00:10.326+0000] {logging_mixin.py:190} INFO - [2026-03-25T14:00:10.325+0000] {dagbag.py:588} INFO - Filling up the DagBag from /opt/airflow/dags/import_from_git.py
[2026-03-25T14:00:10.359+0000] {logging_mixin.py:190} INFO - [2026-03-25T14:00:10.357+0000] {dagbag.py:387} ERROR - Failed to import: /opt/airflow/dags/import_from_git.py
Traceback (most recent call last):
  File "/home/airflow/.local/lib/python3.12/site-packages/airflow/models/dagbag.py", line 383, in parse
    loader.exec_module(new_module)
  File "<frozen importlib._bootstrap_external>", line 999, in exec_module
  File "<frozen importlib._bootstrap>", line 488, in _call_with_frames_removed
  File "/opt/airflow/dags/import_from_git.py", line 45, in <module>
    repo_links=get_link();
               ^^^^^^^^^^
  File "/opt/airflow/dags/import_from_git.py", line 4, in get_link
    repo_links=Variable.get("LINKS",deserialize_json=True)
               ^^^^^^^^^^^^^^^^^^^^^^^^^^^^^^^^^^^^^^^^^^^
  File "/home/airflow/.local/lib/python3.12/site-packages/airflow/models/variable.py", line 145, in get
    raise KeyError(f"Variable {key} does not exist")
KeyError: 'Variable LINKS does not exist'
[2026-03-25T14:00:10.361+0000] {processor.py:927} WARNING - No viable dags retrieved from /opt/airflow/dags/import_from_git.py
[2026-03-25T14:00:10.377+0000] {processor.py:208} INFO - Processing /opt/airflow/dags/import_from_git.py took 0.062 seconds
[2026-03-25T14:00:41.033+0000] {processor.py:186} INFO - Started process (PID=40421) to work on /opt/airflow/dags/import_from_git.py
[2026-03-25T14:00:41.034+0000] {processor.py:914} INFO - Processing file /opt/airflow/dags/import_from_git.py for tasks to queue
[2026-03-25T14:00:41.036+0000] {logging_mixin.py:190} INFO - [2026-03-25T14:00:41.036+0000] {dagbag.py:588} INFO - Filling up the DagBag from /opt/airflow/dags/import_from_git.py
[2026-03-25T14:00:41.063+0000] {logging_mixin.py:190} INFO - [2026-03-25T14:00:41.061+0000] {dagbag.py:387} ERROR - Failed to import: /opt/airflow/dags/import_from_git.py
Traceback (most recent call last):
  File "/home/airflow/.local/lib/python3.12/site-packages/airflow/models/dagbag.py", line 383, in parse
    loader.exec_module(new_module)
  File "<frozen importlib._bootstrap_external>", line 999, in exec_module
  File "<frozen importlib._bootstrap>", line 488, in _call_with_frames_removed
  File "/opt/airflow/dags/import_from_git.py", line 45, in <module>
    repo_links=get_link();
               ^^^^^^^^^^
  File "/opt/airflow/dags/import_from_git.py", line 4, in get_link
    repo_links=Variable.get("LINKS",deserialize_json=True)
               ^^^^^^^^^^^^^^^^^^^^^^^^^^^^^^^^^^^^^^^^^^^
  File "/home/airflow/.local/lib/python3.12/site-packages/airflow/models/variable.py", line 145, in get
    raise KeyError(f"Variable {key} does not exist")
KeyError: 'Variable LINKS does not exist'
[2026-03-25T14:00:41.064+0000] {processor.py:927} WARNING - No viable dags retrieved from /opt/airflow/dags/import_from_git.py
[2026-03-25T14:00:41.076+0000] {processor.py:208} INFO - Processing /opt/airflow/dags/import_from_git.py took 0.051 seconds
[2026-03-25T14:01:11.771+0000] {processor.py:186} INFO - Started process (PID=40462) to work on /opt/airflow/dags/import_from_git.py
[2026-03-25T14:01:11.772+0000] {processor.py:914} INFO - Processing file /opt/airflow/dags/import_from_git.py for tasks to queue
[2026-03-25T14:01:11.775+0000] {logging_mixin.py:190} INFO - [2026-03-25T14:01:11.775+0000] {dagbag.py:588} INFO - Filling up the DagBag from /opt/airflow/dags/import_from_git.py
[2026-03-25T14:01:11.802+0000] {logging_mixin.py:190} INFO - [2026-03-25T14:01:11.800+0000] {dagbag.py:387} ERROR - Failed to import: /opt/airflow/dags/import_from_git.py
Traceback (most recent call last):
  File "/home/airflow/.local/lib/python3.12/site-packages/airflow/models/dagbag.py", line 383, in parse
    loader.exec_module(new_module)
  File "<frozen importlib._bootstrap_external>", line 999, in exec_module
  File "<frozen importlib._bootstrap>", line 488, in _call_with_frames_removed
  File "/opt/airflow/dags/import_from_git.py", line 45, in <module>
    repo_links=get_link();
               ^^^^^^^^^^
  File "/opt/airflow/dags/import_from_git.py", line 4, in get_link
    repo_links=Variable.get("LINKS",deserialize_json=True)
               ^^^^^^^^^^^^^^^^^^^^^^^^^^^^^^^^^^^^^^^^^^^
  File "/home/airflow/.local/lib/python3.12/site-packages/airflow/models/variable.py", line 145, in get
    raise KeyError(f"Variable {key} does not exist")
KeyError: 'Variable LINKS does not exist'
[2026-03-25T14:01:11.803+0000] {processor.py:927} WARNING - No viable dags retrieved from /opt/airflow/dags/import_from_git.py
[2026-03-25T14:01:11.817+0000] {processor.py:208} INFO - Processing /opt/airflow/dags/import_from_git.py took 0.052 seconds
[2026-03-25T14:01:42.522+0000] {processor.py:186} INFO - Started process (PID=40503) to work on /opt/airflow/dags/import_from_git.py
[2026-03-25T14:01:42.523+0000] {processor.py:914} INFO - Processing file /opt/airflow/dags/import_from_git.py for tasks to queue
[2026-03-25T14:01:42.526+0000] {logging_mixin.py:190} INFO - [2026-03-25T14:01:42.526+0000] {dagbag.py:588} INFO - Filling up the DagBag from /opt/airflow/dags/import_from_git.py
[2026-03-25T14:01:42.555+0000] {logging_mixin.py:190} INFO - [2026-03-25T14:01:42.553+0000] {dagbag.py:387} ERROR - Failed to import: /opt/airflow/dags/import_from_git.py
Traceback (most recent call last):
  File "/home/airflow/.local/lib/python3.12/site-packages/airflow/models/dagbag.py", line 383, in parse
    loader.exec_module(new_module)
  File "<frozen importlib._bootstrap_external>", line 999, in exec_module
  File "<frozen importlib._bootstrap>", line 488, in _call_with_frames_removed
  File "/opt/airflow/dags/import_from_git.py", line 45, in <module>
    repo_links=get_link();
               ^^^^^^^^^^
  File "/opt/airflow/dags/import_from_git.py", line 4, in get_link
    repo_links=Variable.get("LINKS",deserialize_json=True)
               ^^^^^^^^^^^^^^^^^^^^^^^^^^^^^^^^^^^^^^^^^^^
  File "/home/airflow/.local/lib/python3.12/site-packages/airflow/models/variable.py", line 145, in get
    raise KeyError(f"Variable {key} does not exist")
KeyError: 'Variable LINKS does not exist'
[2026-03-25T14:01:42.556+0000] {processor.py:927} WARNING - No viable dags retrieved from /opt/airflow/dags/import_from_git.py
[2026-03-25T14:01:42.568+0000] {processor.py:208} INFO - Processing /opt/airflow/dags/import_from_git.py took 0.056 seconds
[2026-03-25T14:02:13.245+0000] {processor.py:186} INFO - Started process (PID=40544) to work on /opt/airflow/dags/import_from_git.py
[2026-03-25T14:02:13.247+0000] {processor.py:914} INFO - Processing file /opt/airflow/dags/import_from_git.py for tasks to queue
[2026-03-25T14:02:13.250+0000] {logging_mixin.py:190} INFO - [2026-03-25T14:02:13.249+0000] {dagbag.py:588} INFO - Filling up the DagBag from /opt/airflow/dags/import_from_git.py
[2026-03-25T14:02:13.288+0000] {logging_mixin.py:190} INFO - [2026-03-25T14:02:13.285+0000] {dagbag.py:387} ERROR - Failed to import: /opt/airflow/dags/import_from_git.py
Traceback (most recent call last):
  File "/home/airflow/.local/lib/python3.12/site-packages/airflow/models/dagbag.py", line 383, in parse
    loader.exec_module(new_module)
  File "<frozen importlib._bootstrap_external>", line 999, in exec_module
  File "<frozen importlib._bootstrap>", line 488, in _call_with_frames_removed
  File "/opt/airflow/dags/import_from_git.py", line 45, in <module>
    repo_links=get_link();
               ^^^^^^^^^^
  File "/opt/airflow/dags/import_from_git.py", line 4, in get_link
    repo_links=Variable.get("LINKS",deserialize_json=True)
               ^^^^^^^^^^^^^^^^^^^^^^^^^^^^^^^^^^^^^^^^^^^
  File "/home/airflow/.local/lib/python3.12/site-packages/airflow/models/variable.py", line 145, in get
    raise KeyError(f"Variable {key} does not exist")
KeyError: 'Variable LINKS does not exist'
[2026-03-25T14:02:13.289+0000] {processor.py:927} WARNING - No viable dags retrieved from /opt/airflow/dags/import_from_git.py
[2026-03-25T14:02:13.305+0000] {processor.py:208} INFO - Processing /opt/airflow/dags/import_from_git.py took 0.070 seconds
[2026-03-25T14:02:44.031+0000] {processor.py:186} INFO - Started process (PID=40585) to work on /opt/airflow/dags/import_from_git.py
[2026-03-25T14:02:44.032+0000] {processor.py:914} INFO - Processing file /opt/airflow/dags/import_from_git.py for tasks to queue
[2026-03-25T14:02:44.035+0000] {logging_mixin.py:190} INFO - [2026-03-25T14:02:44.035+0000] {dagbag.py:588} INFO - Filling up the DagBag from /opt/airflow/dags/import_from_git.py
[2026-03-25T14:02:44.067+0000] {logging_mixin.py:190} INFO - [2026-03-25T14:02:44.065+0000] {dagbag.py:387} ERROR - Failed to import: /opt/airflow/dags/import_from_git.py
Traceback (most recent call last):
  File "/home/airflow/.local/lib/python3.12/site-packages/airflow/models/dagbag.py", line 383, in parse
    loader.exec_module(new_module)
  File "<frozen importlib._bootstrap_external>", line 999, in exec_module
  File "<frozen importlib._bootstrap>", line 488, in _call_with_frames_removed
  File "/opt/airflow/dags/import_from_git.py", line 45, in <module>
    repo_links=get_link();
               ^^^^^^^^^^
  File "/opt/airflow/dags/import_from_git.py", line 4, in get_link
    repo_links=Variable.get("LINKS",deserialize_json=True)
               ^^^^^^^^^^^^^^^^^^^^^^^^^^^^^^^^^^^^^^^^^^^
  File "/home/airflow/.local/lib/python3.12/site-packages/airflow/models/variable.py", line 145, in get
    raise KeyError(f"Variable {key} does not exist")
KeyError: 'Variable LINKS does not exist'
[2026-03-25T14:02:44.068+0000] {processor.py:927} WARNING - No viable dags retrieved from /opt/airflow/dags/import_from_git.py
[2026-03-25T14:02:44.080+0000] {processor.py:208} INFO - Processing /opt/airflow/dags/import_from_git.py took 0.060 seconds
[2026-03-25T14:03:14.756+0000] {processor.py:186} INFO - Started process (PID=40626) to work on /opt/airflow/dags/import_from_git.py
[2026-03-25T14:03:14.757+0000] {processor.py:914} INFO - Processing file /opt/airflow/dags/import_from_git.py for tasks to queue
[2026-03-25T14:03:14.760+0000] {logging_mixin.py:190} INFO - [2026-03-25T14:03:14.759+0000] {dagbag.py:588} INFO - Filling up the DagBag from /opt/airflow/dags/import_from_git.py
[2026-03-25T14:03:14.796+0000] {logging_mixin.py:190} INFO - [2026-03-25T14:03:14.793+0000] {dagbag.py:387} ERROR - Failed to import: /opt/airflow/dags/import_from_git.py
Traceback (most recent call last):
  File "/home/airflow/.local/lib/python3.12/site-packages/airflow/models/dagbag.py", line 383, in parse
    loader.exec_module(new_module)
  File "<frozen importlib._bootstrap_external>", line 999, in exec_module
  File "<frozen importlib._bootstrap>", line 488, in _call_with_frames_removed
  File "/opt/airflow/dags/import_from_git.py", line 45, in <module>
    repo_links=get_link();
               ^^^^^^^^^^
  File "/opt/airflow/dags/import_from_git.py", line 4, in get_link
    repo_links=Variable.get("LINKS",deserialize_json=True)
               ^^^^^^^^^^^^^^^^^^^^^^^^^^^^^^^^^^^^^^^^^^^
  File "/home/airflow/.local/lib/python3.12/site-packages/airflow/models/variable.py", line 145, in get
    raise KeyError(f"Variable {key} does not exist")
KeyError: 'Variable LINKS does not exist'
[2026-03-25T14:03:14.797+0000] {processor.py:927} WARNING - No viable dags retrieved from /opt/airflow/dags/import_from_git.py
[2026-03-25T14:03:14.809+0000] {processor.py:208} INFO - Processing /opt/airflow/dags/import_from_git.py took 0.061 seconds
[2026-03-25T14:03:45.485+0000] {processor.py:186} INFO - Started process (PID=40667) to work on /opt/airflow/dags/import_from_git.py
[2026-03-25T14:03:45.486+0000] {processor.py:914} INFO - Processing file /opt/airflow/dags/import_from_git.py for tasks to queue
[2026-03-25T14:03:45.489+0000] {logging_mixin.py:190} INFO - [2026-03-25T14:03:45.488+0000] {dagbag.py:588} INFO - Filling up the DagBag from /opt/airflow/dags/import_from_git.py
[2026-03-25T14:03:45.518+0000] {logging_mixin.py:190} INFO - [2026-03-25T14:03:45.516+0000] {dagbag.py:387} ERROR - Failed to import: /opt/airflow/dags/import_from_git.py
Traceback (most recent call last):
  File "/home/airflow/.local/lib/python3.12/site-packages/airflow/models/dagbag.py", line 383, in parse
    loader.exec_module(new_module)
  File "<frozen importlib._bootstrap_external>", line 999, in exec_module
  File "<frozen importlib._bootstrap>", line 488, in _call_with_frames_removed
  File "/opt/airflow/dags/import_from_git.py", line 45, in <module>
    repo_links=get_link();
               ^^^^^^^^^^
  File "/opt/airflow/dags/import_from_git.py", line 4, in get_link
    repo_links=Variable.get("LINKS",deserialize_json=True)
               ^^^^^^^^^^^^^^^^^^^^^^^^^^^^^^^^^^^^^^^^^^^
  File "/home/airflow/.local/lib/python3.12/site-packages/airflow/models/variable.py", line 145, in get
    raise KeyError(f"Variable {key} does not exist")
KeyError: 'Variable LINKS does not exist'
[2026-03-25T14:03:45.518+0000] {processor.py:927} WARNING - No viable dags retrieved from /opt/airflow/dags/import_from_git.py
[2026-03-25T14:03:45.531+0000] {processor.py:208} INFO - Processing /opt/airflow/dags/import_from_git.py took 0.053 seconds
[2026-03-25T14:04:16.201+0000] {processor.py:186} INFO - Started process (PID=40708) to work on /opt/airflow/dags/import_from_git.py
[2026-03-25T14:04:16.202+0000] {processor.py:914} INFO - Processing file /opt/airflow/dags/import_from_git.py for tasks to queue
[2026-03-25T14:04:16.206+0000] {logging_mixin.py:190} INFO - [2026-03-25T14:04:16.205+0000] {dagbag.py:588} INFO - Filling up the DagBag from /opt/airflow/dags/import_from_git.py
[2026-03-25T14:04:16.241+0000] {logging_mixin.py:190} INFO - [2026-03-25T14:04:16.239+0000] {dagbag.py:387} ERROR - Failed to import: /opt/airflow/dags/import_from_git.py
Traceback (most recent call last):
  File "/home/airflow/.local/lib/python3.12/site-packages/airflow/models/dagbag.py", line 383, in parse
    loader.exec_module(new_module)
  File "<frozen importlib._bootstrap_external>", line 999, in exec_module
  File "<frozen importlib._bootstrap>", line 488, in _call_with_frames_removed
  File "/opt/airflow/dags/import_from_git.py", line 45, in <module>
    repo_links=get_link();
               ^^^^^^^^^^
  File "/opt/airflow/dags/import_from_git.py", line 4, in get_link
    repo_links=Variable.get("LINKS",deserialize_json=True)
               ^^^^^^^^^^^^^^^^^^^^^^^^^^^^^^^^^^^^^^^^^^^
  File "/home/airflow/.local/lib/python3.12/site-packages/airflow/models/variable.py", line 145, in get
    raise KeyError(f"Variable {key} does not exist")
KeyError: 'Variable LINKS does not exist'
[2026-03-25T14:04:16.242+0000] {processor.py:927} WARNING - No viable dags retrieved from /opt/airflow/dags/import_from_git.py
[2026-03-25T14:04:16.258+0000] {processor.py:208} INFO - Processing /opt/airflow/dags/import_from_git.py took 0.065 seconds
[2026-03-25T14:04:46.949+0000] {processor.py:186} INFO - Started process (PID=40749) to work on /opt/airflow/dags/import_from_git.py
[2026-03-25T14:04:46.951+0000] {processor.py:914} INFO - Processing file /opt/airflow/dags/import_from_git.py for tasks to queue
[2026-03-25T14:04:46.953+0000] {logging_mixin.py:190} INFO - [2026-03-25T14:04:46.953+0000] {dagbag.py:588} INFO - Filling up the DagBag from /opt/airflow/dags/import_from_git.py
[2026-03-25T14:04:46.987+0000] {logging_mixin.py:190} INFO - [2026-03-25T14:04:46.985+0000] {dagbag.py:387} ERROR - Failed to import: /opt/airflow/dags/import_from_git.py
Traceback (most recent call last):
  File "/home/airflow/.local/lib/python3.12/site-packages/airflow/models/dagbag.py", line 383, in parse
    loader.exec_module(new_module)
  File "<frozen importlib._bootstrap_external>", line 999, in exec_module
  File "<frozen importlib._bootstrap>", line 488, in _call_with_frames_removed
  File "/opt/airflow/dags/import_from_git.py", line 45, in <module>
    repo_links=get_link();
               ^^^^^^^^^^
  File "/opt/airflow/dags/import_from_git.py", line 4, in get_link
    repo_links=Variable.get("LINKS",deserialize_json=True)
               ^^^^^^^^^^^^^^^^^^^^^^^^^^^^^^^^^^^^^^^^^^^
  File "/home/airflow/.local/lib/python3.12/site-packages/airflow/models/variable.py", line 145, in get
    raise KeyError(f"Variable {key} does not exist")
KeyError: 'Variable LINKS does not exist'
[2026-03-25T14:04:46.988+0000] {processor.py:927} WARNING - No viable dags retrieved from /opt/airflow/dags/import_from_git.py
[2026-03-25T14:04:47.001+0000] {processor.py:208} INFO - Processing /opt/airflow/dags/import_from_git.py took 0.059 seconds
[2026-03-25T14:05:17.766+0000] {processor.py:186} INFO - Started process (PID=40790) to work on /opt/airflow/dags/import_from_git.py
[2026-03-25T14:05:17.767+0000] {processor.py:914} INFO - Processing file /opt/airflow/dags/import_from_git.py for tasks to queue
[2026-03-25T14:05:17.771+0000] {logging_mixin.py:190} INFO - [2026-03-25T14:05:17.771+0000] {dagbag.py:588} INFO - Filling up the DagBag from /opt/airflow/dags/import_from_git.py
[2026-03-25T14:05:17.810+0000] {logging_mixin.py:190} INFO - [2026-03-25T14:05:17.807+0000] {dagbag.py:387} ERROR - Failed to import: /opt/airflow/dags/import_from_git.py
Traceback (most recent call last):
  File "/home/airflow/.local/lib/python3.12/site-packages/airflow/models/dagbag.py", line 383, in parse
    loader.exec_module(new_module)
  File "<frozen importlib._bootstrap_external>", line 999, in exec_module
  File "<frozen importlib._bootstrap>", line 488, in _call_with_frames_removed
  File "/opt/airflow/dags/import_from_git.py", line 45, in <module>
    repo_links=get_link();
               ^^^^^^^^^^
  File "/opt/airflow/dags/import_from_git.py", line 4, in get_link
    repo_links=Variable.get("LINKS",deserialize_json=True)
               ^^^^^^^^^^^^^^^^^^^^^^^^^^^^^^^^^^^^^^^^^^^
  File "/home/airflow/.local/lib/python3.12/site-packages/airflow/models/variable.py", line 145, in get
    raise KeyError(f"Variable {key} does not exist")
KeyError: 'Variable LINKS does not exist'
[2026-03-25T14:05:17.811+0000] {processor.py:927} WARNING - No viable dags retrieved from /opt/airflow/dags/import_from_git.py
[2026-03-25T14:05:17.830+0000] {processor.py:208} INFO - Processing /opt/airflow/dags/import_from_git.py took 0.075 seconds
[2026-03-25T14:05:48.689+0000] {processor.py:186} INFO - Started process (PID=40831) to work on /opt/airflow/dags/import_from_git.py
[2026-03-25T14:05:48.690+0000] {processor.py:914} INFO - Processing file /opt/airflow/dags/import_from_git.py for tasks to queue
[2026-03-25T14:05:48.695+0000] {logging_mixin.py:190} INFO - [2026-03-25T14:05:48.694+0000] {dagbag.py:588} INFO - Filling up the DagBag from /opt/airflow/dags/import_from_git.py
[2026-03-25T14:05:48.738+0000] {logging_mixin.py:190} INFO - [2026-03-25T14:05:48.736+0000] {dagbag.py:387} ERROR - Failed to import: /opt/airflow/dags/import_from_git.py
Traceback (most recent call last):
  File "/home/airflow/.local/lib/python3.12/site-packages/airflow/models/dagbag.py", line 383, in parse
    loader.exec_module(new_module)
  File "<frozen importlib._bootstrap_external>", line 999, in exec_module
  File "<frozen importlib._bootstrap>", line 488, in _call_with_frames_removed
  File "/opt/airflow/dags/import_from_git.py", line 45, in <module>
    repo_links=get_link();
               ^^^^^^^^^^
  File "/opt/airflow/dags/import_from_git.py", line 4, in get_link
    repo_links=Variable.get("LINKS",deserialize_json=True)
               ^^^^^^^^^^^^^^^^^^^^^^^^^^^^^^^^^^^^^^^^^^^
  File "/home/airflow/.local/lib/python3.12/site-packages/airflow/models/variable.py", line 145, in get
    raise KeyError(f"Variable {key} does not exist")
KeyError: 'Variable LINKS does not exist'
[2026-03-25T14:05:48.739+0000] {processor.py:927} WARNING - No viable dags retrieved from /opt/airflow/dags/import_from_git.py
[2026-03-25T14:05:48.756+0000] {processor.py:208} INFO - Processing /opt/airflow/dags/import_from_git.py took 0.078 seconds
[2026-03-25T14:06:19.619+0000] {processor.py:186} INFO - Started process (PID=40872) to work on /opt/airflow/dags/import_from_git.py
[2026-03-25T14:06:19.620+0000] {processor.py:914} INFO - Processing file /opt/airflow/dags/import_from_git.py for tasks to queue
[2026-03-25T14:06:19.623+0000] {logging_mixin.py:190} INFO - [2026-03-25T14:06:19.622+0000] {dagbag.py:588} INFO - Filling up the DagBag from /opt/airflow/dags/import_from_git.py
[2026-03-25T14:06:19.663+0000] {logging_mixin.py:190} INFO - [2026-03-25T14:06:19.660+0000] {dagbag.py:387} ERROR - Failed to import: /opt/airflow/dags/import_from_git.py
Traceback (most recent call last):
  File "/home/airflow/.local/lib/python3.12/site-packages/airflow/models/dagbag.py", line 383, in parse
    loader.exec_module(new_module)
  File "<frozen importlib._bootstrap_external>", line 999, in exec_module
  File "<frozen importlib._bootstrap>", line 488, in _call_with_frames_removed
  File "/opt/airflow/dags/import_from_git.py", line 45, in <module>
    repo_links=get_link();
               ^^^^^^^^^^
  File "/opt/airflow/dags/import_from_git.py", line 4, in get_link
    repo_links=Variable.get("LINKS",deserialize_json=True)
               ^^^^^^^^^^^^^^^^^^^^^^^^^^^^^^^^^^^^^^^^^^^
  File "/home/airflow/.local/lib/python3.12/site-packages/airflow/models/variable.py", line 145, in get
    raise KeyError(f"Variable {key} does not exist")
KeyError: 'Variable LINKS does not exist'
[2026-03-25T14:06:19.664+0000] {processor.py:927} WARNING - No viable dags retrieved from /opt/airflow/dags/import_from_git.py
[2026-03-25T14:06:19.684+0000] {processor.py:208} INFO - Processing /opt/airflow/dags/import_from_git.py took 0.077 seconds
[2026-03-25T14:06:50.577+0000] {processor.py:186} INFO - Started process (PID=40913) to work on /opt/airflow/dags/import_from_git.py
[2026-03-25T14:06:50.578+0000] {processor.py:914} INFO - Processing file /opt/airflow/dags/import_from_git.py for tasks to queue
[2026-03-25T14:06:50.582+0000] {logging_mixin.py:190} INFO - [2026-03-25T14:06:50.581+0000] {dagbag.py:588} INFO - Filling up the DagBag from /opt/airflow/dags/import_from_git.py
[2026-03-25T14:06:50.628+0000] {logging_mixin.py:190} INFO - [2026-03-25T14:06:50.624+0000] {dagbag.py:387} ERROR - Failed to import: /opt/airflow/dags/import_from_git.py
Traceback (most recent call last):
  File "/home/airflow/.local/lib/python3.12/site-packages/airflow/models/dagbag.py", line 383, in parse
    loader.exec_module(new_module)
  File "<frozen importlib._bootstrap_external>", line 999, in exec_module
  File "<frozen importlib._bootstrap>", line 488, in _call_with_frames_removed
  File "/opt/airflow/dags/import_from_git.py", line 45, in <module>
    repo_links=get_link();
               ^^^^^^^^^^
  File "/opt/airflow/dags/import_from_git.py", line 4, in get_link
    repo_links=Variable.get("LINKS",deserialize_json=True)
               ^^^^^^^^^^^^^^^^^^^^^^^^^^^^^^^^^^^^^^^^^^^
  File "/home/airflow/.local/lib/python3.12/site-packages/airflow/models/variable.py", line 145, in get
    raise KeyError(f"Variable {key} does not exist")
KeyError: 'Variable LINKS does not exist'
[2026-03-25T14:06:50.629+0000] {processor.py:927} WARNING - No viable dags retrieved from /opt/airflow/dags/import_from_git.py
[2026-03-25T14:06:50.649+0000] {processor.py:208} INFO - Processing /opt/airflow/dags/import_from_git.py took 0.082 seconds
[2026-03-25T14:07:21.509+0000] {processor.py:186} INFO - Started process (PID=40954) to work on /opt/airflow/dags/import_from_git.py
[2026-03-25T14:07:21.510+0000] {processor.py:914} INFO - Processing file /opt/airflow/dags/import_from_git.py for tasks to queue
[2026-03-25T14:07:21.514+0000] {logging_mixin.py:190} INFO - [2026-03-25T14:07:21.513+0000] {dagbag.py:588} INFO - Filling up the DagBag from /opt/airflow/dags/import_from_git.py
[2026-03-25T14:07:21.556+0000] {logging_mixin.py:190} INFO - [2026-03-25T14:07:21.553+0000] {dagbag.py:387} ERROR - Failed to import: /opt/airflow/dags/import_from_git.py
Traceback (most recent call last):
  File "/home/airflow/.local/lib/python3.12/site-packages/airflow/models/dagbag.py", line 383, in parse
    loader.exec_module(new_module)
  File "<frozen importlib._bootstrap_external>", line 999, in exec_module
  File "<frozen importlib._bootstrap>", line 488, in _call_with_frames_removed
  File "/opt/airflow/dags/import_from_git.py", line 45, in <module>
    repo_links=get_link();
               ^^^^^^^^^^
  File "/opt/airflow/dags/import_from_git.py", line 4, in get_link
    repo_links=Variable.get("LINKS",deserialize_json=True)
               ^^^^^^^^^^^^^^^^^^^^^^^^^^^^^^^^^^^^^^^^^^^
  File "/home/airflow/.local/lib/python3.12/site-packages/airflow/models/variable.py", line 145, in get
    raise KeyError(f"Variable {key} does not exist")
KeyError: 'Variable LINKS does not exist'
[2026-03-25T14:07:21.557+0000] {processor.py:927} WARNING - No viable dags retrieved from /opt/airflow/dags/import_from_git.py
[2026-03-25T14:07:21.573+0000] {processor.py:208} INFO - Processing /opt/airflow/dags/import_from_git.py took 0.077 seconds
[2026-03-25T14:07:52.528+0000] {processor.py:186} INFO - Started process (PID=40995) to work on /opt/airflow/dags/import_from_git.py
[2026-03-25T14:07:52.529+0000] {processor.py:914} INFO - Processing file /opt/airflow/dags/import_from_git.py for tasks to queue
[2026-03-25T14:07:52.533+0000] {logging_mixin.py:190} INFO - [2026-03-25T14:07:52.533+0000] {dagbag.py:588} INFO - Filling up the DagBag from /opt/airflow/dags/import_from_git.py
[2026-03-25T14:07:52.579+0000] {logging_mixin.py:190} INFO - [2026-03-25T14:07:52.576+0000] {dagbag.py:387} ERROR - Failed to import: /opt/airflow/dags/import_from_git.py
Traceback (most recent call last):
  File "/home/airflow/.local/lib/python3.12/site-packages/airflow/models/dagbag.py", line 383, in parse
    loader.exec_module(new_module)
  File "<frozen importlib._bootstrap_external>", line 999, in exec_module
  File "<frozen importlib._bootstrap>", line 488, in _call_with_frames_removed
  File "/opt/airflow/dags/import_from_git.py", line 45, in <module>
    repo_links=get_link();
               ^^^^^^^^^^
  File "/opt/airflow/dags/import_from_git.py", line 4, in get_link
    repo_links=Variable.get("LINKS",deserialize_json=True)
               ^^^^^^^^^^^^^^^^^^^^^^^^^^^^^^^^^^^^^^^^^^^
  File "/home/airflow/.local/lib/python3.12/site-packages/airflow/models/variable.py", line 145, in get
    raise KeyError(f"Variable {key} does not exist")
KeyError: 'Variable LINKS does not exist'
[2026-03-25T14:07:52.581+0000] {processor.py:927} WARNING - No viable dags retrieved from /opt/airflow/dags/import_from_git.py
[2026-03-25T14:07:52.601+0000] {processor.py:208} INFO - Processing /opt/airflow/dags/import_from_git.py took 0.086 seconds
[2026-03-25T14:08:23.486+0000] {processor.py:186} INFO - Started process (PID=41036) to work on /opt/airflow/dags/import_from_git.py
[2026-03-25T14:08:23.487+0000] {processor.py:914} INFO - Processing file /opt/airflow/dags/import_from_git.py for tasks to queue
[2026-03-25T14:08:23.491+0000] {logging_mixin.py:190} INFO - [2026-03-25T14:08:23.490+0000] {dagbag.py:588} INFO - Filling up the DagBag from /opt/airflow/dags/import_from_git.py
[2026-03-25T14:08:23.533+0000] {logging_mixin.py:190} INFO - [2026-03-25T14:08:23.531+0000] {dagbag.py:387} ERROR - Failed to import: /opt/airflow/dags/import_from_git.py
Traceback (most recent call last):
  File "/home/airflow/.local/lib/python3.12/site-packages/airflow/models/dagbag.py", line 383, in parse
    loader.exec_module(new_module)
  File "<frozen importlib._bootstrap_external>", line 999, in exec_module
  File "<frozen importlib._bootstrap>", line 488, in _call_with_frames_removed
  File "/opt/airflow/dags/import_from_git.py", line 45, in <module>
    repo_links=get_link();
               ^^^^^^^^^^
  File "/opt/airflow/dags/import_from_git.py", line 4, in get_link
    repo_links=Variable.get("LINKS",deserialize_json=True)
               ^^^^^^^^^^^^^^^^^^^^^^^^^^^^^^^^^^^^^^^^^^^
  File "/home/airflow/.local/lib/python3.12/site-packages/airflow/models/variable.py", line 145, in get
    raise KeyError(f"Variable {key} does not exist")
KeyError: 'Variable LINKS does not exist'
[2026-03-25T14:08:23.534+0000] {processor.py:927} WARNING - No viable dags retrieved from /opt/airflow/dags/import_from_git.py
[2026-03-25T14:08:23.554+0000] {processor.py:208} INFO - Processing /opt/airflow/dags/import_from_git.py took 0.078 seconds
[2026-03-25T14:08:54.461+0000] {processor.py:186} INFO - Started process (PID=41077) to work on /opt/airflow/dags/import_from_git.py
[2026-03-25T14:08:54.463+0000] {processor.py:914} INFO - Processing file /opt/airflow/dags/import_from_git.py for tasks to queue
[2026-03-25T14:08:54.468+0000] {logging_mixin.py:190} INFO - [2026-03-25T14:08:54.467+0000] {dagbag.py:588} INFO - Filling up the DagBag from /opt/airflow/dags/import_from_git.py
[2026-03-25T14:08:54.515+0000] {logging_mixin.py:190} INFO - [2026-03-25T14:08:54.512+0000] {dagbag.py:387} ERROR - Failed to import: /opt/airflow/dags/import_from_git.py
Traceback (most recent call last):
  File "/home/airflow/.local/lib/python3.12/site-packages/airflow/models/dagbag.py", line 383, in parse
    loader.exec_module(new_module)
  File "<frozen importlib._bootstrap_external>", line 999, in exec_module
  File "<frozen importlib._bootstrap>", line 488, in _call_with_frames_removed
  File "/opt/airflow/dags/import_from_git.py", line 45, in <module>
    repo_links=get_link();
               ^^^^^^^^^^
  File "/opt/airflow/dags/import_from_git.py", line 4, in get_link
    repo_links=Variable.get("LINKS",deserialize_json=True)
               ^^^^^^^^^^^^^^^^^^^^^^^^^^^^^^^^^^^^^^^^^^^
  File "/home/airflow/.local/lib/python3.12/site-packages/airflow/models/variable.py", line 145, in get
    raise KeyError(f"Variable {key} does not exist")
KeyError: 'Variable LINKS does not exist'
[2026-03-25T14:08:54.517+0000] {processor.py:927} WARNING - No viable dags retrieved from /opt/airflow/dags/import_from_git.py
[2026-03-25T14:08:54.541+0000] {processor.py:208} INFO - Processing /opt/airflow/dags/import_from_git.py took 0.095 seconds
[2026-03-25T14:09:25.452+0000] {processor.py:186} INFO - Started process (PID=41118) to work on /opt/airflow/dags/import_from_git.py
[2026-03-25T14:09:25.454+0000] {processor.py:914} INFO - Processing file /opt/airflow/dags/import_from_git.py for tasks to queue
[2026-03-25T14:09:25.458+0000] {logging_mixin.py:190} INFO - [2026-03-25T14:09:25.457+0000] {dagbag.py:588} INFO - Filling up the DagBag from /opt/airflow/dags/import_from_git.py
[2026-03-25T14:09:25.495+0000] {logging_mixin.py:190} INFO - [2026-03-25T14:09:25.493+0000] {dagbag.py:387} ERROR - Failed to import: /opt/airflow/dags/import_from_git.py
Traceback (most recent call last):
  File "/home/airflow/.local/lib/python3.12/site-packages/airflow/models/dagbag.py", line 383, in parse
    loader.exec_module(new_module)
  File "<frozen importlib._bootstrap_external>", line 999, in exec_module
  File "<frozen importlib._bootstrap>", line 488, in _call_with_frames_removed
  File "/opt/airflow/dags/import_from_git.py", line 45, in <module>
    repo_links=get_link();
               ^^^^^^^^^^
  File "/opt/airflow/dags/import_from_git.py", line 4, in get_link
    repo_links=Variable.get("LINKS",deserialize_json=True)
               ^^^^^^^^^^^^^^^^^^^^^^^^^^^^^^^^^^^^^^^^^^^
  File "/home/airflow/.local/lib/python3.12/site-packages/airflow/models/variable.py", line 145, in get
    raise KeyError(f"Variable {key} does not exist")
KeyError: 'Variable LINKS does not exist'
[2026-03-25T14:09:25.496+0000] {processor.py:927} WARNING - No viable dags retrieved from /opt/airflow/dags/import_from_git.py
[2026-03-25T14:09:25.516+0000] {processor.py:208} INFO - Processing /opt/airflow/dags/import_from_git.py took 0.076 seconds
[2026-03-25T14:09:56.411+0000] {processor.py:186} INFO - Started process (PID=41159) to work on /opt/airflow/dags/import_from_git.py
[2026-03-25T14:09:56.412+0000] {processor.py:914} INFO - Processing file /opt/airflow/dags/import_from_git.py for tasks to queue
[2026-03-25T14:09:56.416+0000] {logging_mixin.py:190} INFO - [2026-03-25T14:09:56.415+0000] {dagbag.py:588} INFO - Filling up the DagBag from /opt/airflow/dags/import_from_git.py
[2026-03-25T14:09:56.455+0000] {logging_mixin.py:190} INFO - [2026-03-25T14:09:56.453+0000] {dagbag.py:387} ERROR - Failed to import: /opt/airflow/dags/import_from_git.py
Traceback (most recent call last):
  File "/home/airflow/.local/lib/python3.12/site-packages/airflow/models/dagbag.py", line 383, in parse
    loader.exec_module(new_module)
  File "<frozen importlib._bootstrap_external>", line 999, in exec_module
  File "<frozen importlib._bootstrap>", line 488, in _call_with_frames_removed
  File "/opt/airflow/dags/import_from_git.py", line 45, in <module>
    repo_links=get_link();
               ^^^^^^^^^^
  File "/opt/airflow/dags/import_from_git.py", line 4, in get_link
    repo_links=Variable.get("LINKS",deserialize_json=True)
               ^^^^^^^^^^^^^^^^^^^^^^^^^^^^^^^^^^^^^^^^^^^
  File "/home/airflow/.local/lib/python3.12/site-packages/airflow/models/variable.py", line 145, in get
    raise KeyError(f"Variable {key} does not exist")
KeyError: 'Variable LINKS does not exist'
[2026-03-25T14:09:56.456+0000] {processor.py:927} WARNING - No viable dags retrieved from /opt/airflow/dags/import_from_git.py
[2026-03-25T14:09:56.474+0000] {processor.py:208} INFO - Processing /opt/airflow/dags/import_from_git.py took 0.075 seconds
[2026-03-25T14:10:27.384+0000] {processor.py:186} INFO - Started process (PID=41200) to work on /opt/airflow/dags/import_from_git.py
[2026-03-25T14:10:27.385+0000] {processor.py:914} INFO - Processing file /opt/airflow/dags/import_from_git.py for tasks to queue
[2026-03-25T14:10:27.389+0000] {logging_mixin.py:190} INFO - [2026-03-25T14:10:27.388+0000] {dagbag.py:588} INFO - Filling up the DagBag from /opt/airflow/dags/import_from_git.py
[2026-03-25T14:10:27.429+0000] {logging_mixin.py:190} INFO - [2026-03-25T14:10:27.427+0000] {dagbag.py:387} ERROR - Failed to import: /opt/airflow/dags/import_from_git.py
Traceback (most recent call last):
  File "/home/airflow/.local/lib/python3.12/site-packages/airflow/models/dagbag.py", line 383, in parse
    loader.exec_module(new_module)
  File "<frozen importlib._bootstrap_external>", line 999, in exec_module
  File "<frozen importlib._bootstrap>", line 488, in _call_with_frames_removed
  File "/opt/airflow/dags/import_from_git.py", line 45, in <module>
    repo_links=get_link();
               ^^^^^^^^^^
  File "/opt/airflow/dags/import_from_git.py", line 4, in get_link
    repo_links=Variable.get("LINKS",deserialize_json=True)
               ^^^^^^^^^^^^^^^^^^^^^^^^^^^^^^^^^^^^^^^^^^^
  File "/home/airflow/.local/lib/python3.12/site-packages/airflow/models/variable.py", line 145, in get
    raise KeyError(f"Variable {key} does not exist")
KeyError: 'Variable LINKS does not exist'
[2026-03-25T14:10:27.430+0000] {processor.py:927} WARNING - No viable dags retrieved from /opt/airflow/dags/import_from_git.py
[2026-03-25T14:10:27.447+0000] {processor.py:208} INFO - Processing /opt/airflow/dags/import_from_git.py took 0.076 seconds
[2026-03-25T14:10:58.349+0000] {processor.py:186} INFO - Started process (PID=41241) to work on /opt/airflow/dags/import_from_git.py
[2026-03-25T14:10:58.350+0000] {processor.py:914} INFO - Processing file /opt/airflow/dags/import_from_git.py for tasks to queue
[2026-03-25T14:10:58.355+0000] {logging_mixin.py:190} INFO - [2026-03-25T14:10:58.354+0000] {dagbag.py:588} INFO - Filling up the DagBag from /opt/airflow/dags/import_from_git.py
[2026-03-25T14:10:58.398+0000] {logging_mixin.py:190} INFO - [2026-03-25T14:10:58.395+0000] {dagbag.py:387} ERROR - Failed to import: /opt/airflow/dags/import_from_git.py
Traceback (most recent call last):
  File "/home/airflow/.local/lib/python3.12/site-packages/airflow/models/dagbag.py", line 383, in parse
    loader.exec_module(new_module)
  File "<frozen importlib._bootstrap_external>", line 999, in exec_module
  File "<frozen importlib._bootstrap>", line 488, in _call_with_frames_removed
  File "/opt/airflow/dags/import_from_git.py", line 45, in <module>
    repo_links=get_link();
               ^^^^^^^^^^
  File "/opt/airflow/dags/import_from_git.py", line 4, in get_link
    repo_links=Variable.get("LINKS",deserialize_json=True)
               ^^^^^^^^^^^^^^^^^^^^^^^^^^^^^^^^^^^^^^^^^^^
  File "/home/airflow/.local/lib/python3.12/site-packages/airflow/models/variable.py", line 145, in get
    raise KeyError(f"Variable {key} does not exist")
KeyError: 'Variable LINKS does not exist'
[2026-03-25T14:10:58.399+0000] {processor.py:927} WARNING - No viable dags retrieved from /opt/airflow/dags/import_from_git.py
[2026-03-25T14:10:58.420+0000] {processor.py:208} INFO - Processing /opt/airflow/dags/import_from_git.py took 0.081 seconds
[2026-03-25T14:11:29.349+0000] {processor.py:186} INFO - Started process (PID=41282) to work on /opt/airflow/dags/import_from_git.py
[2026-03-25T14:11:29.351+0000] {processor.py:914} INFO - Processing file /opt/airflow/dags/import_from_git.py for tasks to queue
[2026-03-25T14:11:29.355+0000] {logging_mixin.py:190} INFO - [2026-03-25T14:11:29.354+0000] {dagbag.py:588} INFO - Filling up the DagBag from /opt/airflow/dags/import_from_git.py
[2026-03-25T14:11:29.393+0000] {logging_mixin.py:190} INFO - [2026-03-25T14:11:29.391+0000] {dagbag.py:387} ERROR - Failed to import: /opt/airflow/dags/import_from_git.py
Traceback (most recent call last):
  File "/home/airflow/.local/lib/python3.12/site-packages/airflow/models/dagbag.py", line 383, in parse
    loader.exec_module(new_module)
  File "<frozen importlib._bootstrap_external>", line 999, in exec_module
  File "<frozen importlib._bootstrap>", line 488, in _call_with_frames_removed
  File "/opt/airflow/dags/import_from_git.py", line 45, in <module>
    repo_links=get_link();
               ^^^^^^^^^^
  File "/opt/airflow/dags/import_from_git.py", line 4, in get_link
    repo_links=Variable.get("LINKS",deserialize_json=True)
               ^^^^^^^^^^^^^^^^^^^^^^^^^^^^^^^^^^^^^^^^^^^
  File "/home/airflow/.local/lib/python3.12/site-packages/airflow/models/variable.py", line 145, in get
    raise KeyError(f"Variable {key} does not exist")
KeyError: 'Variable LINKS does not exist'
[2026-03-25T14:11:29.395+0000] {processor.py:927} WARNING - No viable dags retrieved from /opt/airflow/dags/import_from_git.py
[2026-03-25T14:11:29.413+0000] {processor.py:208} INFO - Processing /opt/airflow/dags/import_from_git.py took 0.074 seconds
[2026-03-25T14:12:00.314+0000] {processor.py:186} INFO - Started process (PID=41323) to work on /opt/airflow/dags/import_from_git.py
[2026-03-25T14:12:00.315+0000] {processor.py:914} INFO - Processing file /opt/airflow/dags/import_from_git.py for tasks to queue
[2026-03-25T14:12:00.319+0000] {logging_mixin.py:190} INFO - [2026-03-25T14:12:00.318+0000] {dagbag.py:588} INFO - Filling up the DagBag from /opt/airflow/dags/import_from_git.py
[2026-03-25T14:12:00.360+0000] {logging_mixin.py:190} INFO - [2026-03-25T14:12:00.357+0000] {dagbag.py:387} ERROR - Failed to import: /opt/airflow/dags/import_from_git.py
Traceback (most recent call last):
  File "/home/airflow/.local/lib/python3.12/site-packages/airflow/models/dagbag.py", line 383, in parse
    loader.exec_module(new_module)
  File "<frozen importlib._bootstrap_external>", line 999, in exec_module
  File "<frozen importlib._bootstrap>", line 488, in _call_with_frames_removed
  File "/opt/airflow/dags/import_from_git.py", line 45, in <module>
    repo_links=get_link();
               ^^^^^^^^^^
  File "/opt/airflow/dags/import_from_git.py", line 4, in get_link
    repo_links=Variable.get("LINKS",deserialize_json=True)
               ^^^^^^^^^^^^^^^^^^^^^^^^^^^^^^^^^^^^^^^^^^^
  File "/home/airflow/.local/lib/python3.12/site-packages/airflow/models/variable.py", line 145, in get
    raise KeyError(f"Variable {key} does not exist")
KeyError: 'Variable LINKS does not exist'
[2026-03-25T14:12:00.362+0000] {processor.py:927} WARNING - No viable dags retrieved from /opt/airflow/dags/import_from_git.py
[2026-03-25T14:12:00.381+0000] {processor.py:208} INFO - Processing /opt/airflow/dags/import_from_git.py took 0.079 seconds
[2026-03-25T14:12:31.298+0000] {processor.py:186} INFO - Started process (PID=41364) to work on /opt/airflow/dags/import_from_git.py
[2026-03-25T14:12:31.300+0000] {processor.py:914} INFO - Processing file /opt/airflow/dags/import_from_git.py for tasks to queue
[2026-03-25T14:12:31.305+0000] {logging_mixin.py:190} INFO - [2026-03-25T14:12:31.304+0000] {dagbag.py:588} INFO - Filling up the DagBag from /opt/airflow/dags/import_from_git.py
[2026-03-25T14:12:31.346+0000] {logging_mixin.py:190} INFO - [2026-03-25T14:12:31.344+0000] {dagbag.py:387} ERROR - Failed to import: /opt/airflow/dags/import_from_git.py
Traceback (most recent call last):
  File "/home/airflow/.local/lib/python3.12/site-packages/airflow/models/dagbag.py", line 383, in parse
    loader.exec_module(new_module)
  File "<frozen importlib._bootstrap_external>", line 999, in exec_module
  File "<frozen importlib._bootstrap>", line 488, in _call_with_frames_removed
  File "/opt/airflow/dags/import_from_git.py", line 45, in <module>
    repo_links=get_link();
               ^^^^^^^^^^
  File "/opt/airflow/dags/import_from_git.py", line 4, in get_link
    repo_links=Variable.get("LINKS",deserialize_json=True)
               ^^^^^^^^^^^^^^^^^^^^^^^^^^^^^^^^^^^^^^^^^^^
  File "/home/airflow/.local/lib/python3.12/site-packages/airflow/models/variable.py", line 145, in get
    raise KeyError(f"Variable {key} does not exist")
KeyError: 'Variable LINKS does not exist'
[2026-03-25T14:12:31.347+0000] {processor.py:927} WARNING - No viable dags retrieved from /opt/airflow/dags/import_from_git.py
[2026-03-25T14:12:31.365+0000] {processor.py:208} INFO - Processing /opt/airflow/dags/import_from_git.py took 0.077 seconds
[2026-03-25T14:13:02.257+0000] {processor.py:186} INFO - Started process (PID=41405) to work on /opt/airflow/dags/import_from_git.py
[2026-03-25T14:13:02.260+0000] {processor.py:914} INFO - Processing file /opt/airflow/dags/import_from_git.py for tasks to queue
[2026-03-25T14:13:02.265+0000] {logging_mixin.py:190} INFO - [2026-03-25T14:13:02.264+0000] {dagbag.py:588} INFO - Filling up the DagBag from /opt/airflow/dags/import_from_git.py
[2026-03-25T14:13:02.307+0000] {logging_mixin.py:190} INFO - [2026-03-25T14:13:02.304+0000] {dagbag.py:387} ERROR - Failed to import: /opt/airflow/dags/import_from_git.py
Traceback (most recent call last):
  File "/home/airflow/.local/lib/python3.12/site-packages/airflow/models/dagbag.py", line 383, in parse
    loader.exec_module(new_module)
  File "<frozen importlib._bootstrap_external>", line 999, in exec_module
  File "<frozen importlib._bootstrap>", line 488, in _call_with_frames_removed
  File "/opt/airflow/dags/import_from_git.py", line 45, in <module>
    repo_links=get_link();
               ^^^^^^^^^^
  File "/opt/airflow/dags/import_from_git.py", line 4, in get_link
    repo_links=Variable.get("LINKS",deserialize_json=True)
               ^^^^^^^^^^^^^^^^^^^^^^^^^^^^^^^^^^^^^^^^^^^
  File "/home/airflow/.local/lib/python3.12/site-packages/airflow/models/variable.py", line 145, in get
    raise KeyError(f"Variable {key} does not exist")
KeyError: 'Variable LINKS does not exist'
[2026-03-25T14:13:02.309+0000] {processor.py:927} WARNING - No viable dags retrieved from /opt/airflow/dags/import_from_git.py
[2026-03-25T14:13:02.329+0000] {processor.py:208} INFO - Processing /opt/airflow/dags/import_from_git.py took 0.083 seconds
[2026-03-25T14:13:33.217+0000] {processor.py:186} INFO - Started process (PID=41446) to work on /opt/airflow/dags/import_from_git.py
[2026-03-25T14:13:33.219+0000] {processor.py:914} INFO - Processing file /opt/airflow/dags/import_from_git.py for tasks to queue
[2026-03-25T14:13:33.223+0000] {logging_mixin.py:190} INFO - [2026-03-25T14:13:33.223+0000] {dagbag.py:588} INFO - Filling up the DagBag from /opt/airflow/dags/import_from_git.py
[2026-03-25T14:13:33.264+0000] {logging_mixin.py:190} INFO - [2026-03-25T14:13:33.261+0000] {dagbag.py:387} ERROR - Failed to import: /opt/airflow/dags/import_from_git.py
Traceback (most recent call last):
  File "/home/airflow/.local/lib/python3.12/site-packages/airflow/models/dagbag.py", line 383, in parse
    loader.exec_module(new_module)
  File "<frozen importlib._bootstrap_external>", line 999, in exec_module
  File "<frozen importlib._bootstrap>", line 488, in _call_with_frames_removed
  File "/opt/airflow/dags/import_from_git.py", line 45, in <module>
    repo_links=get_link();
               ^^^^^^^^^^
  File "/opt/airflow/dags/import_from_git.py", line 4, in get_link
    repo_links=Variable.get("LINKS",deserialize_json=True)
               ^^^^^^^^^^^^^^^^^^^^^^^^^^^^^^^^^^^^^^^^^^^
  File "/home/airflow/.local/lib/python3.12/site-packages/airflow/models/variable.py", line 145, in get
    raise KeyError(f"Variable {key} does not exist")
KeyError: 'Variable LINKS does not exist'
[2026-03-25T14:13:33.265+0000] {processor.py:927} WARNING - No viable dags retrieved from /opt/airflow/dags/import_from_git.py
[2026-03-25T14:13:33.282+0000] {processor.py:208} INFO - Processing /opt/airflow/dags/import_from_git.py took 0.078 seconds
[2026-03-25T14:14:04.157+0000] {processor.py:186} INFO - Started process (PID=41487) to work on /opt/airflow/dags/import_from_git.py
[2026-03-25T14:14:04.159+0000] {processor.py:914} INFO - Processing file /opt/airflow/dags/import_from_git.py for tasks to queue
[2026-03-25T14:14:04.162+0000] {logging_mixin.py:190} INFO - [2026-03-25T14:14:04.162+0000] {dagbag.py:588} INFO - Filling up the DagBag from /opt/airflow/dags/import_from_git.py
[2026-03-25T14:14:04.203+0000] {logging_mixin.py:190} INFO - [2026-03-25T14:14:04.200+0000] {dagbag.py:387} ERROR - Failed to import: /opt/airflow/dags/import_from_git.py
Traceback (most recent call last):
  File "/home/airflow/.local/lib/python3.12/site-packages/airflow/models/dagbag.py", line 383, in parse
    loader.exec_module(new_module)
  File "<frozen importlib._bootstrap_external>", line 999, in exec_module
  File "<frozen importlib._bootstrap>", line 488, in _call_with_frames_removed
  File "/opt/airflow/dags/import_from_git.py", line 45, in <module>
    repo_links=get_link();
               ^^^^^^^^^^
  File "/opt/airflow/dags/import_from_git.py", line 4, in get_link
    repo_links=Variable.get("LINKS",deserialize_json=True)
               ^^^^^^^^^^^^^^^^^^^^^^^^^^^^^^^^^^^^^^^^^^^
  File "/home/airflow/.local/lib/python3.12/site-packages/airflow/models/variable.py", line 145, in get
    raise KeyError(f"Variable {key} does not exist")
KeyError: 'Variable LINKS does not exist'
[2026-03-25T14:14:04.204+0000] {processor.py:927} WARNING - No viable dags retrieved from /opt/airflow/dags/import_from_git.py
[2026-03-25T14:14:04.224+0000] {processor.py:208} INFO - Processing /opt/airflow/dags/import_from_git.py took 0.079 seconds
[2026-03-25T14:14:35.121+0000] {processor.py:186} INFO - Started process (PID=41528) to work on /opt/airflow/dags/import_from_git.py
[2026-03-25T14:14:35.123+0000] {processor.py:914} INFO - Processing file /opt/airflow/dags/import_from_git.py for tasks to queue
[2026-03-25T14:14:35.127+0000] {logging_mixin.py:190} INFO - [2026-03-25T14:14:35.126+0000] {dagbag.py:588} INFO - Filling up the DagBag from /opt/airflow/dags/import_from_git.py
[2026-03-25T14:14:35.167+0000] {logging_mixin.py:190} INFO - [2026-03-25T14:14:35.164+0000] {dagbag.py:387} ERROR - Failed to import: /opt/airflow/dags/import_from_git.py
Traceback (most recent call last):
  File "/home/airflow/.local/lib/python3.12/site-packages/airflow/models/dagbag.py", line 383, in parse
    loader.exec_module(new_module)
  File "<frozen importlib._bootstrap_external>", line 999, in exec_module
  File "<frozen importlib._bootstrap>", line 488, in _call_with_frames_removed
  File "/opt/airflow/dags/import_from_git.py", line 45, in <module>
    repo_links=get_link();
               ^^^^^^^^^^
  File "/opt/airflow/dags/import_from_git.py", line 4, in get_link
    repo_links=Variable.get("LINKS",deserialize_json=True)
               ^^^^^^^^^^^^^^^^^^^^^^^^^^^^^^^^^^^^^^^^^^^
  File "/home/airflow/.local/lib/python3.12/site-packages/airflow/models/variable.py", line 145, in get
    raise KeyError(f"Variable {key} does not exist")
KeyError: 'Variable LINKS does not exist'
[2026-03-25T14:14:35.168+0000] {processor.py:927} WARNING - No viable dags retrieved from /opt/airflow/dags/import_from_git.py
[2026-03-25T14:14:35.187+0000] {processor.py:208} INFO - Processing /opt/airflow/dags/import_from_git.py took 0.078 seconds
[2026-03-25T14:15:06.049+0000] {processor.py:186} INFO - Started process (PID=41569) to work on /opt/airflow/dags/import_from_git.py
[2026-03-25T14:15:06.051+0000] {processor.py:914} INFO - Processing file /opt/airflow/dags/import_from_git.py for tasks to queue
[2026-03-25T14:15:06.055+0000] {logging_mixin.py:190} INFO - [2026-03-25T14:15:06.054+0000] {dagbag.py:588} INFO - Filling up the DagBag from /opt/airflow/dags/import_from_git.py
[2026-03-25T14:15:06.095+0000] {logging_mixin.py:190} INFO - [2026-03-25T14:15:06.093+0000] {dagbag.py:387} ERROR - Failed to import: /opt/airflow/dags/import_from_git.py
Traceback (most recent call last):
  File "/home/airflow/.local/lib/python3.12/site-packages/airflow/models/dagbag.py", line 383, in parse
    loader.exec_module(new_module)
  File "<frozen importlib._bootstrap_external>", line 999, in exec_module
  File "<frozen importlib._bootstrap>", line 488, in _call_with_frames_removed
  File "/opt/airflow/dags/import_from_git.py", line 45, in <module>
    repo_links=get_link();
               ^^^^^^^^^^
  File "/opt/airflow/dags/import_from_git.py", line 4, in get_link
    repo_links=Variable.get("LINKS",deserialize_json=True)
               ^^^^^^^^^^^^^^^^^^^^^^^^^^^^^^^^^^^^^^^^^^^
  File "/home/airflow/.local/lib/python3.12/site-packages/airflow/models/variable.py", line 145, in get
    raise KeyError(f"Variable {key} does not exist")
KeyError: 'Variable LINKS does not exist'
[2026-03-25T14:15:06.097+0000] {processor.py:927} WARNING - No viable dags retrieved from /opt/airflow/dags/import_from_git.py
[2026-03-25T14:15:06.118+0000] {processor.py:208} INFO - Processing /opt/airflow/dags/import_from_git.py took 0.081 seconds
[2026-03-25T14:15:37.006+0000] {processor.py:186} INFO - Started process (PID=41610) to work on /opt/airflow/dags/import_from_git.py
[2026-03-25T14:15:37.007+0000] {processor.py:914} INFO - Processing file /opt/airflow/dags/import_from_git.py for tasks to queue
[2026-03-25T14:15:37.011+0000] {logging_mixin.py:190} INFO - [2026-03-25T14:15:37.010+0000] {dagbag.py:588} INFO - Filling up the DagBag from /opt/airflow/dags/import_from_git.py
[2026-03-25T14:15:37.050+0000] {logging_mixin.py:190} INFO - [2026-03-25T14:15:37.046+0000] {dagbag.py:387} ERROR - Failed to import: /opt/airflow/dags/import_from_git.py
Traceback (most recent call last):
  File "/home/airflow/.local/lib/python3.12/site-packages/airflow/models/dagbag.py", line 383, in parse
    loader.exec_module(new_module)
  File "<frozen importlib._bootstrap_external>", line 999, in exec_module
  File "<frozen importlib._bootstrap>", line 488, in _call_with_frames_removed
  File "/opt/airflow/dags/import_from_git.py", line 45, in <module>
    repo_links=get_link();
               ^^^^^^^^^^
  File "/opt/airflow/dags/import_from_git.py", line 4, in get_link
    repo_links=Variable.get("LINKS",deserialize_json=True)
               ^^^^^^^^^^^^^^^^^^^^^^^^^^^^^^^^^^^^^^^^^^^
  File "/home/airflow/.local/lib/python3.12/site-packages/airflow/models/variable.py", line 145, in get
    raise KeyError(f"Variable {key} does not exist")
KeyError: 'Variable LINKS does not exist'
[2026-03-25T14:15:37.051+0000] {processor.py:927} WARNING - No viable dags retrieved from /opt/airflow/dags/import_from_git.py
[2026-03-25T14:15:37.070+0000] {processor.py:208} INFO - Processing /opt/airflow/dags/import_from_git.py took 0.076 seconds
[2026-03-25T14:16:07.945+0000] {processor.py:186} INFO - Started process (PID=41651) to work on /opt/airflow/dags/import_from_git.py
[2026-03-25T14:16:07.947+0000] {processor.py:914} INFO - Processing file /opt/airflow/dags/import_from_git.py for tasks to queue
[2026-03-25T14:16:07.951+0000] {logging_mixin.py:190} INFO - [2026-03-25T14:16:07.950+0000] {dagbag.py:588} INFO - Filling up the DagBag from /opt/airflow/dags/import_from_git.py
[2026-03-25T14:16:07.987+0000] {logging_mixin.py:190} INFO - [2026-03-25T14:16:07.985+0000] {dagbag.py:387} ERROR - Failed to import: /opt/airflow/dags/import_from_git.py
Traceback (most recent call last):
  File "/home/airflow/.local/lib/python3.12/site-packages/airflow/models/dagbag.py", line 383, in parse
    loader.exec_module(new_module)
  File "<frozen importlib._bootstrap_external>", line 999, in exec_module
  File "<frozen importlib._bootstrap>", line 488, in _call_with_frames_removed
  File "/opt/airflow/dags/import_from_git.py", line 45, in <module>
    repo_links=get_link();
               ^^^^^^^^^^
  File "/opt/airflow/dags/import_from_git.py", line 4, in get_link
    repo_links=Variable.get("LINKS",deserialize_json=True)
               ^^^^^^^^^^^^^^^^^^^^^^^^^^^^^^^^^^^^^^^^^^^
  File "/home/airflow/.local/lib/python3.12/site-packages/airflow/models/variable.py", line 145, in get
    raise KeyError(f"Variable {key} does not exist")
KeyError: 'Variable LINKS does not exist'
[2026-03-25T14:16:07.988+0000] {processor.py:927} WARNING - No viable dags retrieved from /opt/airflow/dags/import_from_git.py
[2026-03-25T14:16:08.005+0000] {processor.py:208} INFO - Processing /opt/airflow/dags/import_from_git.py took 0.071 seconds
[2026-03-25T14:16:38.870+0000] {processor.py:186} INFO - Started process (PID=41692) to work on /opt/airflow/dags/import_from_git.py
[2026-03-25T14:16:38.872+0000] {processor.py:914} INFO - Processing file /opt/airflow/dags/import_from_git.py for tasks to queue
[2026-03-25T14:16:38.876+0000] {logging_mixin.py:190} INFO - [2026-03-25T14:16:38.875+0000] {dagbag.py:588} INFO - Filling up the DagBag from /opt/airflow/dags/import_from_git.py
[2026-03-25T14:16:38.917+0000] {logging_mixin.py:190} INFO - [2026-03-25T14:16:38.915+0000] {dagbag.py:387} ERROR - Failed to import: /opt/airflow/dags/import_from_git.py
Traceback (most recent call last):
  File "/home/airflow/.local/lib/python3.12/site-packages/airflow/models/dagbag.py", line 383, in parse
    loader.exec_module(new_module)
  File "<frozen importlib._bootstrap_external>", line 999, in exec_module
  File "<frozen importlib._bootstrap>", line 488, in _call_with_frames_removed
  File "/opt/airflow/dags/import_from_git.py", line 45, in <module>
    repo_links=get_link();
               ^^^^^^^^^^
  File "/opt/airflow/dags/import_from_git.py", line 4, in get_link
    repo_links=Variable.get("LINKS",deserialize_json=True)
               ^^^^^^^^^^^^^^^^^^^^^^^^^^^^^^^^^^^^^^^^^^^
  File "/home/airflow/.local/lib/python3.12/site-packages/airflow/models/variable.py", line 145, in get
    raise KeyError(f"Variable {key} does not exist")
KeyError: 'Variable LINKS does not exist'
[2026-03-25T14:16:38.918+0000] {processor.py:927} WARNING - No viable dags retrieved from /opt/airflow/dags/import_from_git.py
[2026-03-25T14:16:38.936+0000] {processor.py:208} INFO - Processing /opt/airflow/dags/import_from_git.py took 0.078 seconds
[2026-03-25T14:17:09.809+0000] {processor.py:186} INFO - Started process (PID=41733) to work on /opt/airflow/dags/import_from_git.py
[2026-03-25T14:17:09.810+0000] {processor.py:914} INFO - Processing file /opt/airflow/dags/import_from_git.py for tasks to queue
[2026-03-25T14:17:09.814+0000] {logging_mixin.py:190} INFO - [2026-03-25T14:17:09.813+0000] {dagbag.py:588} INFO - Filling up the DagBag from /opt/airflow/dags/import_from_git.py
[2026-03-25T14:17:09.852+0000] {logging_mixin.py:190} INFO - [2026-03-25T14:17:09.850+0000] {dagbag.py:387} ERROR - Failed to import: /opt/airflow/dags/import_from_git.py
Traceback (most recent call last):
  File "/home/airflow/.local/lib/python3.12/site-packages/airflow/models/dagbag.py", line 383, in parse
    loader.exec_module(new_module)
  File "<frozen importlib._bootstrap_external>", line 999, in exec_module
  File "<frozen importlib._bootstrap>", line 488, in _call_with_frames_removed
  File "/opt/airflow/dags/import_from_git.py", line 45, in <module>
    repo_links=get_link();
               ^^^^^^^^^^
  File "/opt/airflow/dags/import_from_git.py", line 4, in get_link
    repo_links=Variable.get("LINKS",deserialize_json=True)
               ^^^^^^^^^^^^^^^^^^^^^^^^^^^^^^^^^^^^^^^^^^^
  File "/home/airflow/.local/lib/python3.12/site-packages/airflow/models/variable.py", line 145, in get
    raise KeyError(f"Variable {key} does not exist")
KeyError: 'Variable LINKS does not exist'
[2026-03-25T14:17:09.854+0000] {processor.py:927} WARNING - No viable dags retrieved from /opt/airflow/dags/import_from_git.py
[2026-03-25T14:17:09.870+0000] {processor.py:208} INFO - Processing /opt/airflow/dags/import_from_git.py took 0.072 seconds
[2026-03-25T14:17:40.746+0000] {processor.py:186} INFO - Started process (PID=41780) to work on /opt/airflow/dags/import_from_git.py
[2026-03-25T14:17:40.747+0000] {processor.py:914} INFO - Processing file /opt/airflow/dags/import_from_git.py for tasks to queue
[2026-03-25T14:17:40.751+0000] {logging_mixin.py:190} INFO - [2026-03-25T14:17:40.751+0000] {dagbag.py:588} INFO - Filling up the DagBag from /opt/airflow/dags/import_from_git.py
[2026-03-25T14:17:40.793+0000] {logging_mixin.py:190} INFO - [2026-03-25T14:17:40.790+0000] {dagbag.py:387} ERROR - Failed to import: /opt/airflow/dags/import_from_git.py
Traceback (most recent call last):
  File "/home/airflow/.local/lib/python3.12/site-packages/airflow/models/dagbag.py", line 383, in parse
    loader.exec_module(new_module)
  File "<frozen importlib._bootstrap_external>", line 999, in exec_module
  File "<frozen importlib._bootstrap>", line 488, in _call_with_frames_removed
  File "/opt/airflow/dags/import_from_git.py", line 45, in <module>
    repo_links=get_link();
               ^^^^^^^^^^
  File "/opt/airflow/dags/import_from_git.py", line 4, in get_link
    repo_links=Variable.get("LINKS",deserialize_json=True)
               ^^^^^^^^^^^^^^^^^^^^^^^^^^^^^^^^^^^^^^^^^^^
  File "/home/airflow/.local/lib/python3.12/site-packages/airflow/models/variable.py", line 145, in get
    raise KeyError(f"Variable {key} does not exist")
KeyError: 'Variable LINKS does not exist'
[2026-03-25T14:17:40.795+0000] {processor.py:927} WARNING - No viable dags retrieved from /opt/airflow/dags/import_from_git.py
[2026-03-25T14:17:40.815+0000] {processor.py:208} INFO - Processing /opt/airflow/dags/import_from_git.py took 0.079 seconds
[2026-03-25T14:18:11.715+0000] {processor.py:186} INFO - Started process (PID=41821) to work on /opt/airflow/dags/import_from_git.py
[2026-03-25T14:18:11.716+0000] {processor.py:914} INFO - Processing file /opt/airflow/dags/import_from_git.py for tasks to queue
[2026-03-25T14:18:11.721+0000] {logging_mixin.py:190} INFO - [2026-03-25T14:18:11.720+0000] {dagbag.py:588} INFO - Filling up the DagBag from /opt/airflow/dags/import_from_git.py
[2026-03-25T14:18:11.761+0000] {logging_mixin.py:190} INFO - [2026-03-25T14:18:11.759+0000] {dagbag.py:387} ERROR - Failed to import: /opt/airflow/dags/import_from_git.py
Traceback (most recent call last):
  File "/home/airflow/.local/lib/python3.12/site-packages/airflow/models/dagbag.py", line 383, in parse
    loader.exec_module(new_module)
  File "<frozen importlib._bootstrap_external>", line 999, in exec_module
  File "<frozen importlib._bootstrap>", line 488, in _call_with_frames_removed
  File "/opt/airflow/dags/import_from_git.py", line 45, in <module>
    repo_links=get_link();
               ^^^^^^^^^^
  File "/opt/airflow/dags/import_from_git.py", line 4, in get_link
    repo_links=Variable.get("LINKS",deserialize_json=True)
               ^^^^^^^^^^^^^^^^^^^^^^^^^^^^^^^^^^^^^^^^^^^
  File "/home/airflow/.local/lib/python3.12/site-packages/airflow/models/variable.py", line 145, in get
    raise KeyError(f"Variable {key} does not exist")
KeyError: 'Variable LINKS does not exist'
[2026-03-25T14:18:11.762+0000] {processor.py:927} WARNING - No viable dags retrieved from /opt/airflow/dags/import_from_git.py
[2026-03-25T14:18:11.781+0000] {processor.py:208} INFO - Processing /opt/airflow/dags/import_from_git.py took 0.078 seconds
[2026-03-25T14:18:42.648+0000] {processor.py:186} INFO - Started process (PID=41862) to work on /opt/airflow/dags/import_from_git.py
[2026-03-25T14:18:42.649+0000] {processor.py:914} INFO - Processing file /opt/airflow/dags/import_from_git.py for tasks to queue
[2026-03-25T14:18:42.653+0000] {logging_mixin.py:190} INFO - [2026-03-25T14:18:42.653+0000] {dagbag.py:588} INFO - Filling up the DagBag from /opt/airflow/dags/import_from_git.py
[2026-03-25T14:18:42.692+0000] {logging_mixin.py:190} INFO - [2026-03-25T14:18:42.689+0000] {dagbag.py:387} ERROR - Failed to import: /opt/airflow/dags/import_from_git.py
Traceback (most recent call last):
  File "/home/airflow/.local/lib/python3.12/site-packages/airflow/models/dagbag.py", line 383, in parse
    loader.exec_module(new_module)
  File "<frozen importlib._bootstrap_external>", line 999, in exec_module
  File "<frozen importlib._bootstrap>", line 488, in _call_with_frames_removed
  File "/opt/airflow/dags/import_from_git.py", line 45, in <module>
    repo_links=get_link();
               ^^^^^^^^^^
  File "/opt/airflow/dags/import_from_git.py", line 4, in get_link
    repo_links=Variable.get("LINKS",deserialize_json=True)
               ^^^^^^^^^^^^^^^^^^^^^^^^^^^^^^^^^^^^^^^^^^^
  File "/home/airflow/.local/lib/python3.12/site-packages/airflow/models/variable.py", line 145, in get
    raise KeyError(f"Variable {key} does not exist")
KeyError: 'Variable LINKS does not exist'
[2026-03-25T14:18:42.693+0000] {processor.py:927} WARNING - No viable dags retrieved from /opt/airflow/dags/import_from_git.py
[2026-03-25T14:18:42.711+0000] {processor.py:208} INFO - Processing /opt/airflow/dags/import_from_git.py took 0.076 seconds
[2026-03-25T14:19:13.575+0000] {processor.py:186} INFO - Started process (PID=41903) to work on /opt/airflow/dags/import_from_git.py
[2026-03-25T14:19:13.577+0000] {processor.py:914} INFO - Processing file /opt/airflow/dags/import_from_git.py for tasks to queue
[2026-03-25T14:19:13.581+0000] {logging_mixin.py:190} INFO - [2026-03-25T14:19:13.580+0000] {dagbag.py:588} INFO - Filling up the DagBag from /opt/airflow/dags/import_from_git.py
[2026-03-25T14:19:13.620+0000] {logging_mixin.py:190} INFO - [2026-03-25T14:19:13.618+0000] {dagbag.py:387} ERROR - Failed to import: /opt/airflow/dags/import_from_git.py
Traceback (most recent call last):
  File "/home/airflow/.local/lib/python3.12/site-packages/airflow/models/dagbag.py", line 383, in parse
    loader.exec_module(new_module)
  File "<frozen importlib._bootstrap_external>", line 999, in exec_module
  File "<frozen importlib._bootstrap>", line 488, in _call_with_frames_removed
  File "/opt/airflow/dags/import_from_git.py", line 45, in <module>
    repo_links=get_link();
               ^^^^^^^^^^
  File "/opt/airflow/dags/import_from_git.py", line 4, in get_link
    repo_links=Variable.get("LINKS",deserialize_json=True)
               ^^^^^^^^^^^^^^^^^^^^^^^^^^^^^^^^^^^^^^^^^^^
  File "/home/airflow/.local/lib/python3.12/site-packages/airflow/models/variable.py", line 145, in get
    raise KeyError(f"Variable {key} does not exist")
KeyError: 'Variable LINKS does not exist'
[2026-03-25T14:19:13.621+0000] {processor.py:927} WARNING - No viable dags retrieved from /opt/airflow/dags/import_from_git.py
[2026-03-25T14:19:13.638+0000] {processor.py:208} INFO - Processing /opt/airflow/dags/import_from_git.py took 0.073 seconds
[2026-03-25T14:19:44.537+0000] {processor.py:186} INFO - Started process (PID=41944) to work on /opt/airflow/dags/import_from_git.py
[2026-03-25T14:19:44.538+0000] {processor.py:914} INFO - Processing file /opt/airflow/dags/import_from_git.py for tasks to queue
[2026-03-25T14:19:44.542+0000] {logging_mixin.py:190} INFO - [2026-03-25T14:19:44.541+0000] {dagbag.py:588} INFO - Filling up the DagBag from /opt/airflow/dags/import_from_git.py
[2026-03-25T14:19:44.583+0000] {logging_mixin.py:190} INFO - [2026-03-25T14:19:44.581+0000] {dagbag.py:387} ERROR - Failed to import: /opt/airflow/dags/import_from_git.py
Traceback (most recent call last):
  File "/home/airflow/.local/lib/python3.12/site-packages/airflow/models/dagbag.py", line 383, in parse
    loader.exec_module(new_module)
  File "<frozen importlib._bootstrap_external>", line 999, in exec_module
  File "<frozen importlib._bootstrap>", line 488, in _call_with_frames_removed
  File "/opt/airflow/dags/import_from_git.py", line 45, in <module>
    repo_links=get_link();
               ^^^^^^^^^^
  File "/opt/airflow/dags/import_from_git.py", line 4, in get_link
    repo_links=Variable.get("LINKS",deserialize_json=True)
               ^^^^^^^^^^^^^^^^^^^^^^^^^^^^^^^^^^^^^^^^^^^
  File "/home/airflow/.local/lib/python3.12/site-packages/airflow/models/variable.py", line 145, in get
    raise KeyError(f"Variable {key} does not exist")
KeyError: 'Variable LINKS does not exist'
[2026-03-25T14:19:44.585+0000] {processor.py:927} WARNING - No viable dags retrieved from /opt/airflow/dags/import_from_git.py
[2026-03-25T14:19:44.603+0000] {processor.py:208} INFO - Processing /opt/airflow/dags/import_from_git.py took 0.077 seconds
[2026-03-25T14:20:15.468+0000] {processor.py:186} INFO - Started process (PID=41985) to work on /opt/airflow/dags/import_from_git.py
[2026-03-25T14:20:15.470+0000] {processor.py:914} INFO - Processing file /opt/airflow/dags/import_from_git.py for tasks to queue
[2026-03-25T14:20:15.473+0000] {logging_mixin.py:190} INFO - [2026-03-25T14:20:15.473+0000] {dagbag.py:588} INFO - Filling up the DagBag from /opt/airflow/dags/import_from_git.py
[2026-03-25T14:20:15.516+0000] {logging_mixin.py:190} INFO - [2026-03-25T14:20:15.513+0000] {dagbag.py:387} ERROR - Failed to import: /opt/airflow/dags/import_from_git.py
Traceback (most recent call last):
  File "/home/airflow/.local/lib/python3.12/site-packages/airflow/models/dagbag.py", line 383, in parse
    loader.exec_module(new_module)
  File "<frozen importlib._bootstrap_external>", line 999, in exec_module
  File "<frozen importlib._bootstrap>", line 488, in _call_with_frames_removed
  File "/opt/airflow/dags/import_from_git.py", line 45, in <module>
    repo_links=get_link();
               ^^^^^^^^^^
  File "/opt/airflow/dags/import_from_git.py", line 4, in get_link
    repo_links=Variable.get("LINKS",deserialize_json=True)
               ^^^^^^^^^^^^^^^^^^^^^^^^^^^^^^^^^^^^^^^^^^^
  File "/home/airflow/.local/lib/python3.12/site-packages/airflow/models/variable.py", line 145, in get
    raise KeyError(f"Variable {key} does not exist")
KeyError: 'Variable LINKS does not exist'
[2026-03-25T14:20:15.517+0000] {processor.py:927} WARNING - No viable dags retrieved from /opt/airflow/dags/import_from_git.py
[2026-03-25T14:20:15.535+0000] {processor.py:208} INFO - Processing /opt/airflow/dags/import_from_git.py took 0.078 seconds
[2026-03-25T14:20:46.440+0000] {processor.py:186} INFO - Started process (PID=42026) to work on /opt/airflow/dags/import_from_git.py
[2026-03-25T14:20:46.442+0000] {processor.py:914} INFO - Processing file /opt/airflow/dags/import_from_git.py for tasks to queue
[2026-03-25T14:20:46.445+0000] {logging_mixin.py:190} INFO - [2026-03-25T14:20:46.445+0000] {dagbag.py:588} INFO - Filling up the DagBag from /opt/airflow/dags/import_from_git.py
[2026-03-25T14:20:46.486+0000] {logging_mixin.py:190} INFO - [2026-03-25T14:20:46.483+0000] {dagbag.py:387} ERROR - Failed to import: /opt/airflow/dags/import_from_git.py
Traceback (most recent call last):
  File "/home/airflow/.local/lib/python3.12/site-packages/airflow/models/dagbag.py", line 383, in parse
    loader.exec_module(new_module)
  File "<frozen importlib._bootstrap_external>", line 999, in exec_module
  File "<frozen importlib._bootstrap>", line 488, in _call_with_frames_removed
  File "/opt/airflow/dags/import_from_git.py", line 45, in <module>
    repo_links=get_link();
               ^^^^^^^^^^
  File "/opt/airflow/dags/import_from_git.py", line 4, in get_link
    repo_links=Variable.get("LINKS",deserialize_json=True)
               ^^^^^^^^^^^^^^^^^^^^^^^^^^^^^^^^^^^^^^^^^^^
  File "/home/airflow/.local/lib/python3.12/site-packages/airflow/models/variable.py", line 145, in get
    raise KeyError(f"Variable {key} does not exist")
KeyError: 'Variable LINKS does not exist'
[2026-03-25T14:20:46.487+0000] {processor.py:927} WARNING - No viable dags retrieved from /opt/airflow/dags/import_from_git.py
[2026-03-25T14:20:46.506+0000] {processor.py:208} INFO - Processing /opt/airflow/dags/import_from_git.py took 0.078 seconds
[2026-03-25T14:21:17.368+0000] {processor.py:186} INFO - Started process (PID=42068) to work on /opt/airflow/dags/import_from_git.py
[2026-03-25T14:21:17.370+0000] {processor.py:914} INFO - Processing file /opt/airflow/dags/import_from_git.py for tasks to queue
[2026-03-25T14:21:17.374+0000] {logging_mixin.py:190} INFO - [2026-03-25T14:21:17.374+0000] {dagbag.py:588} INFO - Filling up the DagBag from /opt/airflow/dags/import_from_git.py
[2026-03-25T14:21:17.418+0000] {logging_mixin.py:190} INFO - [2026-03-25T14:21:17.416+0000] {dagbag.py:387} ERROR - Failed to import: /opt/airflow/dags/import_from_git.py
Traceback (most recent call last):
  File "/home/airflow/.local/lib/python3.12/site-packages/airflow/models/dagbag.py", line 383, in parse
    loader.exec_module(new_module)
  File "<frozen importlib._bootstrap_external>", line 999, in exec_module
  File "<frozen importlib._bootstrap>", line 488, in _call_with_frames_removed
  File "/opt/airflow/dags/import_from_git.py", line 45, in <module>
    repo_links=get_link();
               ^^^^^^^^^^
  File "/opt/airflow/dags/import_from_git.py", line 4, in get_link
    repo_links=Variable.get("LINKS",deserialize_json=True)
               ^^^^^^^^^^^^^^^^^^^^^^^^^^^^^^^^^^^^^^^^^^^
  File "/home/airflow/.local/lib/python3.12/site-packages/airflow/models/variable.py", line 145, in get
    raise KeyError(f"Variable {key} does not exist")
KeyError: 'Variable LINKS does not exist'
[2026-03-25T14:21:17.419+0000] {processor.py:927} WARNING - No viable dags retrieved from /opt/airflow/dags/import_from_git.py
[2026-03-25T14:21:17.440+0000] {processor.py:208} INFO - Processing /opt/airflow/dags/import_from_git.py took 0.082 seconds
[2026-03-25T14:21:48.326+0000] {processor.py:186} INFO - Started process (PID=42109) to work on /opt/airflow/dags/import_from_git.py
[2026-03-25T14:21:48.328+0000] {processor.py:914} INFO - Processing file /opt/airflow/dags/import_from_git.py for tasks to queue
[2026-03-25T14:21:48.331+0000] {logging_mixin.py:190} INFO - [2026-03-25T14:21:48.331+0000] {dagbag.py:588} INFO - Filling up the DagBag from /opt/airflow/dags/import_from_git.py
[2026-03-25T14:21:48.371+0000] {logging_mixin.py:190} INFO - [2026-03-25T14:21:48.369+0000] {dagbag.py:387} ERROR - Failed to import: /opt/airflow/dags/import_from_git.py
Traceback (most recent call last):
  File "/home/airflow/.local/lib/python3.12/site-packages/airflow/models/dagbag.py", line 383, in parse
    loader.exec_module(new_module)
  File "<frozen importlib._bootstrap_external>", line 999, in exec_module
  File "<frozen importlib._bootstrap>", line 488, in _call_with_frames_removed
  File "/opt/airflow/dags/import_from_git.py", line 45, in <module>
    repo_links=get_link();
               ^^^^^^^^^^
  File "/opt/airflow/dags/import_from_git.py", line 4, in get_link
    repo_links=Variable.get("LINKS",deserialize_json=True)
               ^^^^^^^^^^^^^^^^^^^^^^^^^^^^^^^^^^^^^^^^^^^
  File "/home/airflow/.local/lib/python3.12/site-packages/airflow/models/variable.py", line 145, in get
    raise KeyError(f"Variable {key} does not exist")
KeyError: 'Variable LINKS does not exist'
[2026-03-25T14:21:48.372+0000] {processor.py:927} WARNING - No viable dags retrieved from /opt/airflow/dags/import_from_git.py
[2026-03-25T14:21:48.389+0000] {processor.py:208} INFO - Processing /opt/airflow/dags/import_from_git.py took 0.074 seconds
[2026-03-25T14:22:19.269+0000] {processor.py:186} INFO - Started process (PID=42150) to work on /opt/airflow/dags/import_from_git.py
[2026-03-25T14:22:19.271+0000] {processor.py:914} INFO - Processing file /opt/airflow/dags/import_from_git.py for tasks to queue
[2026-03-25T14:22:19.275+0000] {logging_mixin.py:190} INFO - [2026-03-25T14:22:19.274+0000] {dagbag.py:588} INFO - Filling up the DagBag from /opt/airflow/dags/import_from_git.py
[2026-03-25T14:22:19.315+0000] {logging_mixin.py:190} INFO - [2026-03-25T14:22:19.312+0000] {dagbag.py:387} ERROR - Failed to import: /opt/airflow/dags/import_from_git.py
Traceback (most recent call last):
  File "/home/airflow/.local/lib/python3.12/site-packages/airflow/models/dagbag.py", line 383, in parse
    loader.exec_module(new_module)
  File "<frozen importlib._bootstrap_external>", line 999, in exec_module
  File "<frozen importlib._bootstrap>", line 488, in _call_with_frames_removed
  File "/opt/airflow/dags/import_from_git.py", line 45, in <module>
    repo_links=get_link();
               ^^^^^^^^^^
  File "/opt/airflow/dags/import_from_git.py", line 4, in get_link
    repo_links=Variable.get("LINKS",deserialize_json=True)
               ^^^^^^^^^^^^^^^^^^^^^^^^^^^^^^^^^^^^^^^^^^^
  File "/home/airflow/.local/lib/python3.12/site-packages/airflow/models/variable.py", line 145, in get
    raise KeyError(f"Variable {key} does not exist")
KeyError: 'Variable LINKS does not exist'
[2026-03-25T14:22:19.317+0000] {processor.py:927} WARNING - No viable dags retrieved from /opt/airflow/dags/import_from_git.py
[2026-03-25T14:22:19.336+0000] {processor.py:208} INFO - Processing /opt/airflow/dags/import_from_git.py took 0.080 seconds
[2026-03-25T14:22:50.231+0000] {processor.py:186} INFO - Started process (PID=42192) to work on /opt/airflow/dags/import_from_git.py
[2026-03-25T14:22:50.233+0000] {processor.py:914} INFO - Processing file /opt/airflow/dags/import_from_git.py for tasks to queue
[2026-03-25T14:22:50.237+0000] {logging_mixin.py:190} INFO - [2026-03-25T14:22:50.236+0000] {dagbag.py:588} INFO - Filling up the DagBag from /opt/airflow/dags/import_from_git.py
[2026-03-25T14:22:50.277+0000] {logging_mixin.py:190} INFO - [2026-03-25T14:22:50.274+0000] {dagbag.py:387} ERROR - Failed to import: /opt/airflow/dags/import_from_git.py
Traceback (most recent call last):
  File "/home/airflow/.local/lib/python3.12/site-packages/airflow/models/dagbag.py", line 383, in parse
    loader.exec_module(new_module)
  File "<frozen importlib._bootstrap_external>", line 999, in exec_module
  File "<frozen importlib._bootstrap>", line 488, in _call_with_frames_removed
  File "/opt/airflow/dags/import_from_git.py", line 45, in <module>
    repo_links=get_link();
               ^^^^^^^^^^
  File "/opt/airflow/dags/import_from_git.py", line 4, in get_link
    repo_links=Variable.get("LINKS",deserialize_json=True)
               ^^^^^^^^^^^^^^^^^^^^^^^^^^^^^^^^^^^^^^^^^^^
  File "/home/airflow/.local/lib/python3.12/site-packages/airflow/models/variable.py", line 145, in get
    raise KeyError(f"Variable {key} does not exist")
KeyError: 'Variable LINKS does not exist'
[2026-03-25T14:22:50.278+0000] {processor.py:927} WARNING - No viable dags retrieved from /opt/airflow/dags/import_from_git.py
[2026-03-25T14:22:50.297+0000] {processor.py:208} INFO - Processing /opt/airflow/dags/import_from_git.py took 0.079 seconds
[2026-03-25T14:23:21.181+0000] {processor.py:186} INFO - Started process (PID=42233) to work on /opt/airflow/dags/import_from_git.py
[2026-03-25T14:23:21.183+0000] {processor.py:914} INFO - Processing file /opt/airflow/dags/import_from_git.py for tasks to queue
[2026-03-25T14:23:21.187+0000] {logging_mixin.py:190} INFO - [2026-03-25T14:23:21.186+0000] {dagbag.py:588} INFO - Filling up the DagBag from /opt/airflow/dags/import_from_git.py
[2026-03-25T14:23:21.233+0000] {logging_mixin.py:190} INFO - [2026-03-25T14:23:21.230+0000] {dagbag.py:387} ERROR - Failed to import: /opt/airflow/dags/import_from_git.py
Traceback (most recent call last):
  File "/home/airflow/.local/lib/python3.12/site-packages/airflow/models/dagbag.py", line 383, in parse
    loader.exec_module(new_module)
  File "<frozen importlib._bootstrap_external>", line 999, in exec_module
  File "<frozen importlib._bootstrap>", line 488, in _call_with_frames_removed
  File "/opt/airflow/dags/import_from_git.py", line 45, in <module>
    repo_links=get_link();
               ^^^^^^^^^^
  File "/opt/airflow/dags/import_from_git.py", line 4, in get_link
    repo_links=Variable.get("LINKS",deserialize_json=True)
               ^^^^^^^^^^^^^^^^^^^^^^^^^^^^^^^^^^^^^^^^^^^
  File "/home/airflow/.local/lib/python3.12/site-packages/airflow/models/variable.py", line 145, in get
    raise KeyError(f"Variable {key} does not exist")
KeyError: 'Variable LINKS does not exist'
[2026-03-25T14:23:21.235+0000] {processor.py:927} WARNING - No viable dags retrieved from /opt/airflow/dags/import_from_git.py
[2026-03-25T14:23:21.256+0000] {processor.py:208} INFO - Processing /opt/airflow/dags/import_from_git.py took 0.086 seconds
[2026-03-25T14:23:52.147+0000] {processor.py:186} INFO - Started process (PID=42274) to work on /opt/airflow/dags/import_from_git.py
[2026-03-25T14:23:52.148+0000] {processor.py:914} INFO - Processing file /opt/airflow/dags/import_from_git.py for tasks to queue
[2026-03-25T14:23:52.152+0000] {logging_mixin.py:190} INFO - [2026-03-25T14:23:52.152+0000] {dagbag.py:588} INFO - Filling up the DagBag from /opt/airflow/dags/import_from_git.py
[2026-03-25T14:23:52.189+0000] {logging_mixin.py:190} INFO - [2026-03-25T14:23:52.186+0000] {dagbag.py:387} ERROR - Failed to import: /opt/airflow/dags/import_from_git.py
Traceback (most recent call last):
  File "/home/airflow/.local/lib/python3.12/site-packages/airflow/models/dagbag.py", line 383, in parse
    loader.exec_module(new_module)
  File "<frozen importlib._bootstrap_external>", line 999, in exec_module
  File "<frozen importlib._bootstrap>", line 488, in _call_with_frames_removed
  File "/opt/airflow/dags/import_from_git.py", line 45, in <module>
    repo_links=get_link();
               ^^^^^^^^^^
  File "/opt/airflow/dags/import_from_git.py", line 4, in get_link
    repo_links=Variable.get("LINKS",deserialize_json=True)
               ^^^^^^^^^^^^^^^^^^^^^^^^^^^^^^^^^^^^^^^^^^^
  File "/home/airflow/.local/lib/python3.12/site-packages/airflow/models/variable.py", line 145, in get
    raise KeyError(f"Variable {key} does not exist")
KeyError: 'Variable LINKS does not exist'
[2026-03-25T14:23:52.190+0000] {processor.py:927} WARNING - No viable dags retrieved from /opt/airflow/dags/import_from_git.py
[2026-03-25T14:23:52.207+0000] {processor.py:208} INFO - Processing /opt/airflow/dags/import_from_git.py took 0.073 seconds
[2026-03-25T14:24:23.084+0000] {processor.py:186} INFO - Started process (PID=42315) to work on /opt/airflow/dags/import_from_git.py
[2026-03-25T14:24:23.085+0000] {processor.py:914} INFO - Processing file /opt/airflow/dags/import_from_git.py for tasks to queue
[2026-03-25T14:24:23.089+0000] {logging_mixin.py:190} INFO - [2026-03-25T14:24:23.088+0000] {dagbag.py:588} INFO - Filling up the DagBag from /opt/airflow/dags/import_from_git.py
[2026-03-25T14:24:23.129+0000] {logging_mixin.py:190} INFO - [2026-03-25T14:24:23.126+0000] {dagbag.py:387} ERROR - Failed to import: /opt/airflow/dags/import_from_git.py
Traceback (most recent call last):
  File "/home/airflow/.local/lib/python3.12/site-packages/airflow/models/dagbag.py", line 383, in parse
    loader.exec_module(new_module)
  File "<frozen importlib._bootstrap_external>", line 999, in exec_module
  File "<frozen importlib._bootstrap>", line 488, in _call_with_frames_removed
  File "/opt/airflow/dags/import_from_git.py", line 45, in <module>
    repo_links=get_link();
               ^^^^^^^^^^
  File "/opt/airflow/dags/import_from_git.py", line 4, in get_link
    repo_links=Variable.get("LINKS",deserialize_json=True)
               ^^^^^^^^^^^^^^^^^^^^^^^^^^^^^^^^^^^^^^^^^^^
  File "/home/airflow/.local/lib/python3.12/site-packages/airflow/models/variable.py", line 145, in get
    raise KeyError(f"Variable {key} does not exist")
KeyError: 'Variable LINKS does not exist'
[2026-03-25T14:24:23.130+0000] {processor.py:927} WARNING - No viable dags retrieved from /opt/airflow/dags/import_from_git.py
[2026-03-25T14:24:23.148+0000] {processor.py:208} INFO - Processing /opt/airflow/dags/import_from_git.py took 0.073 seconds
[2026-03-25T14:24:54.034+0000] {processor.py:186} INFO - Started process (PID=42356) to work on /opt/airflow/dags/import_from_git.py
[2026-03-25T14:24:54.035+0000] {processor.py:914} INFO - Processing file /opt/airflow/dags/import_from_git.py for tasks to queue
[2026-03-25T14:24:54.039+0000] {logging_mixin.py:190} INFO - [2026-03-25T14:24:54.038+0000] {dagbag.py:588} INFO - Filling up the DagBag from /opt/airflow/dags/import_from_git.py
[2026-03-25T14:24:54.079+0000] {logging_mixin.py:190} INFO - [2026-03-25T14:24:54.075+0000] {dagbag.py:387} ERROR - Failed to import: /opt/airflow/dags/import_from_git.py
Traceback (most recent call last):
  File "/home/airflow/.local/lib/python3.12/site-packages/airflow/models/dagbag.py", line 383, in parse
    loader.exec_module(new_module)
  File "<frozen importlib._bootstrap_external>", line 999, in exec_module
  File "<frozen importlib._bootstrap>", line 488, in _call_with_frames_removed
  File "/opt/airflow/dags/import_from_git.py", line 45, in <module>
    repo_links=get_link();
               ^^^^^^^^^^
  File "/opt/airflow/dags/import_from_git.py", line 4, in get_link
    repo_links=Variable.get("LINKS",deserialize_json=True)
               ^^^^^^^^^^^^^^^^^^^^^^^^^^^^^^^^^^^^^^^^^^^
  File "/home/airflow/.local/lib/python3.12/site-packages/airflow/models/variable.py", line 145, in get
    raise KeyError(f"Variable {key} does not exist")
KeyError: 'Variable LINKS does not exist'
[2026-03-25T14:24:54.080+0000] {processor.py:927} WARNING - No viable dags retrieved from /opt/airflow/dags/import_from_git.py
[2026-03-25T14:24:54.097+0000] {processor.py:208} INFO - Processing /opt/airflow/dags/import_from_git.py took 0.074 seconds
[2026-03-25T14:25:24.996+0000] {processor.py:186} INFO - Started process (PID=42397) to work on /opt/airflow/dags/import_from_git.py
[2026-03-25T14:25:24.997+0000] {processor.py:914} INFO - Processing file /opt/airflow/dags/import_from_git.py for tasks to queue
[2026-03-25T14:25:25.001+0000] {logging_mixin.py:190} INFO - [2026-03-25T14:25:25.000+0000] {dagbag.py:588} INFO - Filling up the DagBag from /opt/airflow/dags/import_from_git.py
[2026-03-25T14:25:25.040+0000] {logging_mixin.py:190} INFO - [2026-03-25T14:25:25.038+0000] {dagbag.py:387} ERROR - Failed to import: /opt/airflow/dags/import_from_git.py
Traceback (most recent call last):
  File "/home/airflow/.local/lib/python3.12/site-packages/airflow/models/dagbag.py", line 383, in parse
    loader.exec_module(new_module)
  File "<frozen importlib._bootstrap_external>", line 999, in exec_module
  File "<frozen importlib._bootstrap>", line 488, in _call_with_frames_removed
  File "/opt/airflow/dags/import_from_git.py", line 45, in <module>
    repo_links=get_link();
               ^^^^^^^^^^
  File "/opt/airflow/dags/import_from_git.py", line 4, in get_link
    repo_links=Variable.get("LINKS",deserialize_json=True)
               ^^^^^^^^^^^^^^^^^^^^^^^^^^^^^^^^^^^^^^^^^^^
  File "/home/airflow/.local/lib/python3.12/site-packages/airflow/models/variable.py", line 145, in get
    raise KeyError(f"Variable {key} does not exist")
KeyError: 'Variable LINKS does not exist'
[2026-03-25T14:25:25.042+0000] {processor.py:927} WARNING - No viable dags retrieved from /opt/airflow/dags/import_from_git.py
[2026-03-25T14:25:25.059+0000] {processor.py:208} INFO - Processing /opt/airflow/dags/import_from_git.py took 0.075 seconds
[2026-03-25T14:25:55.954+0000] {processor.py:186} INFO - Started process (PID=42438) to work on /opt/airflow/dags/import_from_git.py
[2026-03-25T14:25:55.955+0000] {processor.py:914} INFO - Processing file /opt/airflow/dags/import_from_git.py for tasks to queue
[2026-03-25T14:25:55.960+0000] {logging_mixin.py:190} INFO - [2026-03-25T14:25:55.959+0000] {dagbag.py:588} INFO - Filling up the DagBag from /opt/airflow/dags/import_from_git.py
[2026-03-25T14:25:56.002+0000] {logging_mixin.py:190} INFO - [2026-03-25T14:25:56.000+0000] {dagbag.py:387} ERROR - Failed to import: /opt/airflow/dags/import_from_git.py
Traceback (most recent call last):
  File "/home/airflow/.local/lib/python3.12/site-packages/airflow/models/dagbag.py", line 383, in parse
    loader.exec_module(new_module)
  File "<frozen importlib._bootstrap_external>", line 999, in exec_module
  File "<frozen importlib._bootstrap>", line 488, in _call_with_frames_removed
  File "/opt/airflow/dags/import_from_git.py", line 45, in <module>
    repo_links=get_link();
               ^^^^^^^^^^
  File "/opt/airflow/dags/import_from_git.py", line 4, in get_link
    repo_links=Variable.get("LINKS",deserialize_json=True)
               ^^^^^^^^^^^^^^^^^^^^^^^^^^^^^^^^^^^^^^^^^^^
  File "/home/airflow/.local/lib/python3.12/site-packages/airflow/models/variable.py", line 145, in get
    raise KeyError(f"Variable {key} does not exist")
KeyError: 'Variable LINKS does not exist'
[2026-03-25T14:25:56.003+0000] {processor.py:927} WARNING - No viable dags retrieved from /opt/airflow/dags/import_from_git.py
[2026-03-25T14:25:56.022+0000] {processor.py:208} INFO - Processing /opt/airflow/dags/import_from_git.py took 0.081 seconds
[2026-03-25T14:26:26.879+0000] {processor.py:186} INFO - Started process (PID=42479) to work on /opt/airflow/dags/import_from_git.py
[2026-03-25T14:26:26.882+0000] {processor.py:914} INFO - Processing file /opt/airflow/dags/import_from_git.py for tasks to queue
[2026-03-25T14:26:26.886+0000] {logging_mixin.py:190} INFO - [2026-03-25T14:26:26.885+0000] {dagbag.py:588} INFO - Filling up the DagBag from /opt/airflow/dags/import_from_git.py
[2026-03-25T14:26:26.929+0000] {logging_mixin.py:190} INFO - [2026-03-25T14:26:26.927+0000] {dagbag.py:387} ERROR - Failed to import: /opt/airflow/dags/import_from_git.py
Traceback (most recent call last):
  File "/home/airflow/.local/lib/python3.12/site-packages/airflow/models/dagbag.py", line 383, in parse
    loader.exec_module(new_module)
  File "<frozen importlib._bootstrap_external>", line 999, in exec_module
  File "<frozen importlib._bootstrap>", line 488, in _call_with_frames_removed
  File "/opt/airflow/dags/import_from_git.py", line 45, in <module>
    repo_links=get_link();
               ^^^^^^^^^^
  File "/opt/airflow/dags/import_from_git.py", line 4, in get_link
    repo_links=Variable.get("LINKS",deserialize_json=True)
               ^^^^^^^^^^^^^^^^^^^^^^^^^^^^^^^^^^^^^^^^^^^
  File "/home/airflow/.local/lib/python3.12/site-packages/airflow/models/variable.py", line 145, in get
    raise KeyError(f"Variable {key} does not exist")
KeyError: 'Variable LINKS does not exist'
[2026-03-25T14:26:26.930+0000] {processor.py:927} WARNING - No viable dags retrieved from /opt/airflow/dags/import_from_git.py
[2026-03-25T14:26:26.949+0000] {processor.py:208} INFO - Processing /opt/airflow/dags/import_from_git.py took 0.083 seconds
[2026-03-25T14:26:57.822+0000] {processor.py:186} INFO - Started process (PID=42520) to work on /opt/airflow/dags/import_from_git.py
[2026-03-25T14:26:57.824+0000] {processor.py:914} INFO - Processing file /opt/airflow/dags/import_from_git.py for tasks to queue
[2026-03-25T14:26:57.828+0000] {logging_mixin.py:190} INFO - [2026-03-25T14:26:57.828+0000] {dagbag.py:588} INFO - Filling up the DagBag from /opt/airflow/dags/import_from_git.py
[2026-03-25T14:26:57.866+0000] {logging_mixin.py:190} INFO - [2026-03-25T14:26:57.864+0000] {dagbag.py:387} ERROR - Failed to import: /opt/airflow/dags/import_from_git.py
Traceback (most recent call last):
  File "/home/airflow/.local/lib/python3.12/site-packages/airflow/models/dagbag.py", line 383, in parse
    loader.exec_module(new_module)
  File "<frozen importlib._bootstrap_external>", line 999, in exec_module
  File "<frozen importlib._bootstrap>", line 488, in _call_with_frames_removed
  File "/opt/airflow/dags/import_from_git.py", line 45, in <module>
    repo_links=get_link();
               ^^^^^^^^^^
  File "/opt/airflow/dags/import_from_git.py", line 4, in get_link
    repo_links=Variable.get("LINKS",deserialize_json=True)
               ^^^^^^^^^^^^^^^^^^^^^^^^^^^^^^^^^^^^^^^^^^^
  File "/home/airflow/.local/lib/python3.12/site-packages/airflow/models/variable.py", line 145, in get
    raise KeyError(f"Variable {key} does not exist")
KeyError: 'Variable LINKS does not exist'
[2026-03-25T14:26:57.867+0000] {processor.py:927} WARNING - No viable dags retrieved from /opt/airflow/dags/import_from_git.py
[2026-03-25T14:26:57.885+0000] {processor.py:208} INFO - Processing /opt/airflow/dags/import_from_git.py took 0.075 seconds
[2026-03-25T14:27:28.761+0000] {processor.py:186} INFO - Started process (PID=42561) to work on /opt/airflow/dags/import_from_git.py
[2026-03-25T14:27:28.763+0000] {processor.py:914} INFO - Processing file /opt/airflow/dags/import_from_git.py for tasks to queue
[2026-03-25T14:27:28.767+0000] {logging_mixin.py:190} INFO - [2026-03-25T14:27:28.766+0000] {dagbag.py:588} INFO - Filling up the DagBag from /opt/airflow/dags/import_from_git.py
[2026-03-25T14:27:28.804+0000] {logging_mixin.py:190} INFO - [2026-03-25T14:27:28.802+0000] {dagbag.py:387} ERROR - Failed to import: /opt/airflow/dags/import_from_git.py
Traceback (most recent call last):
  File "/home/airflow/.local/lib/python3.12/site-packages/airflow/models/dagbag.py", line 383, in parse
    loader.exec_module(new_module)
  File "<frozen importlib._bootstrap_external>", line 999, in exec_module
  File "<frozen importlib._bootstrap>", line 488, in _call_with_frames_removed
  File "/opt/airflow/dags/import_from_git.py", line 45, in <module>
    repo_links=get_link();
               ^^^^^^^^^^
  File "/opt/airflow/dags/import_from_git.py", line 4, in get_link
    repo_links=Variable.get("LINKS",deserialize_json=True)
               ^^^^^^^^^^^^^^^^^^^^^^^^^^^^^^^^^^^^^^^^^^^
  File "/home/airflow/.local/lib/python3.12/site-packages/airflow/models/variable.py", line 145, in get
    raise KeyError(f"Variable {key} does not exist")
KeyError: 'Variable LINKS does not exist'
[2026-03-25T14:27:28.805+0000] {processor.py:927} WARNING - No viable dags retrieved from /opt/airflow/dags/import_from_git.py
[2026-03-25T14:27:28.823+0000] {processor.py:208} INFO - Processing /opt/airflow/dags/import_from_git.py took 0.072 seconds
[2026-03-25T14:27:59.694+0000] {processor.py:186} INFO - Started process (PID=42602) to work on /opt/airflow/dags/import_from_git.py
[2026-03-25T14:27:59.696+0000] {processor.py:914} INFO - Processing file /opt/airflow/dags/import_from_git.py for tasks to queue
[2026-03-25T14:27:59.701+0000] {logging_mixin.py:190} INFO - [2026-03-25T14:27:59.700+0000] {dagbag.py:588} INFO - Filling up the DagBag from /opt/airflow/dags/import_from_git.py
[2026-03-25T14:27:59.741+0000] {logging_mixin.py:190} INFO - [2026-03-25T14:27:59.739+0000] {dagbag.py:387} ERROR - Failed to import: /opt/airflow/dags/import_from_git.py
Traceback (most recent call last):
  File "/home/airflow/.local/lib/python3.12/site-packages/airflow/models/dagbag.py", line 383, in parse
    loader.exec_module(new_module)
  File "<frozen importlib._bootstrap_external>", line 999, in exec_module
  File "<frozen importlib._bootstrap>", line 488, in _call_with_frames_removed
  File "/opt/airflow/dags/import_from_git.py", line 45, in <module>
    repo_links=get_link();
               ^^^^^^^^^^
  File "/opt/airflow/dags/import_from_git.py", line 4, in get_link
    repo_links=Variable.get("LINKS",deserialize_json=True)
               ^^^^^^^^^^^^^^^^^^^^^^^^^^^^^^^^^^^^^^^^^^^
  File "/home/airflow/.local/lib/python3.12/site-packages/airflow/models/variable.py", line 145, in get
    raise KeyError(f"Variable {key} does not exist")
KeyError: 'Variable LINKS does not exist'
[2026-03-25T14:27:59.743+0000] {processor.py:927} WARNING - No viable dags retrieved from /opt/airflow/dags/import_from_git.py
[2026-03-25T14:27:59.761+0000] {processor.py:208} INFO - Processing /opt/airflow/dags/import_from_git.py took 0.079 seconds
[2026-03-25T14:28:30.641+0000] {processor.py:186} INFO - Started process (PID=42643) to work on /opt/airflow/dags/import_from_git.py
[2026-03-25T14:28:30.643+0000] {processor.py:914} INFO - Processing file /opt/airflow/dags/import_from_git.py for tasks to queue
[2026-03-25T14:28:30.646+0000] {logging_mixin.py:190} INFO - [2026-03-25T14:28:30.646+0000] {dagbag.py:588} INFO - Filling up the DagBag from /opt/airflow/dags/import_from_git.py
[2026-03-25T14:28:30.686+0000] {logging_mixin.py:190} INFO - [2026-03-25T14:28:30.683+0000] {dagbag.py:387} ERROR - Failed to import: /opt/airflow/dags/import_from_git.py
Traceback (most recent call last):
  File "/home/airflow/.local/lib/python3.12/site-packages/airflow/models/dagbag.py", line 383, in parse
    loader.exec_module(new_module)
  File "<frozen importlib._bootstrap_external>", line 999, in exec_module
  File "<frozen importlib._bootstrap>", line 488, in _call_with_frames_removed
  File "/opt/airflow/dags/import_from_git.py", line 45, in <module>
    repo_links=get_link();
               ^^^^^^^^^^
  File "/opt/airflow/dags/import_from_git.py", line 4, in get_link
    repo_links=Variable.get("LINKS",deserialize_json=True)
               ^^^^^^^^^^^^^^^^^^^^^^^^^^^^^^^^^^^^^^^^^^^
  File "/home/airflow/.local/lib/python3.12/site-packages/airflow/models/variable.py", line 145, in get
    raise KeyError(f"Variable {key} does not exist")
KeyError: 'Variable LINKS does not exist'
[2026-03-25T14:28:30.687+0000] {processor.py:927} WARNING - No viable dags retrieved from /opt/airflow/dags/import_from_git.py
[2026-03-25T14:28:30.704+0000] {processor.py:208} INFO - Processing /opt/airflow/dags/import_from_git.py took 0.074 seconds
[2026-03-25T14:29:01.602+0000] {processor.py:186} INFO - Started process (PID=42684) to work on /opt/airflow/dags/import_from_git.py
[2026-03-25T14:29:01.604+0000] {processor.py:914} INFO - Processing file /opt/airflow/dags/import_from_git.py for tasks to queue
[2026-03-25T14:29:01.608+0000] {logging_mixin.py:190} INFO - [2026-03-25T14:29:01.607+0000] {dagbag.py:588} INFO - Filling up the DagBag from /opt/airflow/dags/import_from_git.py
[2026-03-25T14:29:01.653+0000] {logging_mixin.py:190} INFO - [2026-03-25T14:29:01.651+0000] {dagbag.py:387} ERROR - Failed to import: /opt/airflow/dags/import_from_git.py
Traceback (most recent call last):
  File "/home/airflow/.local/lib/python3.12/site-packages/airflow/models/dagbag.py", line 383, in parse
    loader.exec_module(new_module)
  File "<frozen importlib._bootstrap_external>", line 999, in exec_module
  File "<frozen importlib._bootstrap>", line 488, in _call_with_frames_removed
  File "/opt/airflow/dags/import_from_git.py", line 45, in <module>
    repo_links=get_link();
               ^^^^^^^^^^
  File "/opt/airflow/dags/import_from_git.py", line 4, in get_link
    repo_links=Variable.get("LINKS",deserialize_json=True)
               ^^^^^^^^^^^^^^^^^^^^^^^^^^^^^^^^^^^^^^^^^^^
  File "/home/airflow/.local/lib/python3.12/site-packages/airflow/models/variable.py", line 145, in get
    raise KeyError(f"Variable {key} does not exist")
KeyError: 'Variable LINKS does not exist'
[2026-03-25T14:29:01.655+0000] {processor.py:927} WARNING - No viable dags retrieved from /opt/airflow/dags/import_from_git.py
[2026-03-25T14:29:01.673+0000] {processor.py:208} INFO - Processing /opt/airflow/dags/import_from_git.py took 0.083 seconds
[2026-03-25T14:29:32.552+0000] {processor.py:186} INFO - Started process (PID=42726) to work on /opt/airflow/dags/import_from_git.py
[2026-03-25T14:29:32.554+0000] {processor.py:914} INFO - Processing file /opt/airflow/dags/import_from_git.py for tasks to queue
[2026-03-25T14:29:32.558+0000] {logging_mixin.py:190} INFO - [2026-03-25T14:29:32.557+0000] {dagbag.py:588} INFO - Filling up the DagBag from /opt/airflow/dags/import_from_git.py
[2026-03-25T14:29:32.603+0000] {logging_mixin.py:190} INFO - [2026-03-25T14:29:32.600+0000] {dagbag.py:387} ERROR - Failed to import: /opt/airflow/dags/import_from_git.py
Traceback (most recent call last):
  File "/home/airflow/.local/lib/python3.12/site-packages/airflow/models/dagbag.py", line 383, in parse
    loader.exec_module(new_module)
  File "<frozen importlib._bootstrap_external>", line 999, in exec_module
  File "<frozen importlib._bootstrap>", line 488, in _call_with_frames_removed
  File "/opt/airflow/dags/import_from_git.py", line 45, in <module>
    repo_links=get_link();
               ^^^^^^^^^^
  File "/opt/airflow/dags/import_from_git.py", line 4, in get_link
    repo_links=Variable.get("LINKS",deserialize_json=True)
               ^^^^^^^^^^^^^^^^^^^^^^^^^^^^^^^^^^^^^^^^^^^
  File "/home/airflow/.local/lib/python3.12/site-packages/airflow/models/variable.py", line 145, in get
    raise KeyError(f"Variable {key} does not exist")
KeyError: 'Variable LINKS does not exist'
[2026-03-25T14:29:32.604+0000] {processor.py:927} WARNING - No viable dags retrieved from /opt/airflow/dags/import_from_git.py
[2026-03-25T14:29:32.626+0000] {processor.py:208} INFO - Processing /opt/airflow/dags/import_from_git.py took 0.083 seconds
[2026-03-25T14:30:03.517+0000] {processor.py:186} INFO - Started process (PID=42767) to work on /opt/airflow/dags/import_from_git.py
[2026-03-25T14:30:03.518+0000] {processor.py:914} INFO - Processing file /opt/airflow/dags/import_from_git.py for tasks to queue
[2026-03-25T14:30:03.523+0000] {logging_mixin.py:190} INFO - [2026-03-25T14:30:03.522+0000] {dagbag.py:588} INFO - Filling up the DagBag from /opt/airflow/dags/import_from_git.py
[2026-03-25T14:30:03.578+0000] {logging_mixin.py:190} INFO - [2026-03-25T14:30:03.575+0000] {dagbag.py:387} ERROR - Failed to import: /opt/airflow/dags/import_from_git.py
Traceback (most recent call last):
  File "/home/airflow/.local/lib/python3.12/site-packages/airflow/models/dagbag.py", line 383, in parse
    loader.exec_module(new_module)
  File "<frozen importlib._bootstrap_external>", line 999, in exec_module
  File "<frozen importlib._bootstrap>", line 488, in _call_with_frames_removed
  File "/opt/airflow/dags/import_from_git.py", line 45, in <module>
    repo_links=get_link();
               ^^^^^^^^^^
  File "/opt/airflow/dags/import_from_git.py", line 4, in get_link
    repo_links=Variable.get("LINKS",deserialize_json=True)
               ^^^^^^^^^^^^^^^^^^^^^^^^^^^^^^^^^^^^^^^^^^^
  File "/home/airflow/.local/lib/python3.12/site-packages/airflow/models/variable.py", line 145, in get
    raise KeyError(f"Variable {key} does not exist")
KeyError: 'Variable LINKS does not exist'
[2026-03-25T14:30:03.579+0000] {processor.py:927} WARNING - No viable dags retrieved from /opt/airflow/dags/import_from_git.py
[2026-03-25T14:30:03.605+0000] {processor.py:208} INFO - Processing /opt/airflow/dags/import_from_git.py took 0.101 seconds
[2026-03-25T14:30:34.536+0000] {processor.py:186} INFO - Started process (PID=42808) to work on /opt/airflow/dags/import_from_git.py
[2026-03-25T14:30:34.538+0000] {processor.py:914} INFO - Processing file /opt/airflow/dags/import_from_git.py for tasks to queue
[2026-03-25T14:30:34.542+0000] {logging_mixin.py:190} INFO - [2026-03-25T14:30:34.541+0000] {dagbag.py:588} INFO - Filling up the DagBag from /opt/airflow/dags/import_from_git.py
[2026-03-25T14:30:34.580+0000] {logging_mixin.py:190} INFO - [2026-03-25T14:30:34.578+0000] {dagbag.py:387} ERROR - Failed to import: /opt/airflow/dags/import_from_git.py
Traceback (most recent call last):
  File "/home/airflow/.local/lib/python3.12/site-packages/airflow/models/dagbag.py", line 383, in parse
    loader.exec_module(new_module)
  File "<frozen importlib._bootstrap_external>", line 999, in exec_module
  File "<frozen importlib._bootstrap>", line 488, in _call_with_frames_removed
  File "/opt/airflow/dags/import_from_git.py", line 45, in <module>
    repo_links=get_link();
               ^^^^^^^^^^
  File "/opt/airflow/dags/import_from_git.py", line 4, in get_link
    repo_links=Variable.get("LINKS",deserialize_json=True)
               ^^^^^^^^^^^^^^^^^^^^^^^^^^^^^^^^^^^^^^^^^^^
  File "/home/airflow/.local/lib/python3.12/site-packages/airflow/models/variable.py", line 145, in get
    raise KeyError(f"Variable {key} does not exist")
KeyError: 'Variable LINKS does not exist'
[2026-03-25T14:30:34.582+0000] {processor.py:927} WARNING - No viable dags retrieved from /opt/airflow/dags/import_from_git.py
[2026-03-25T14:30:34.598+0000] {processor.py:208} INFO - Processing /opt/airflow/dags/import_from_git.py took 0.075 seconds
[2026-03-25T14:31:05.499+0000] {processor.py:186} INFO - Started process (PID=42849) to work on /opt/airflow/dags/import_from_git.py
[2026-03-25T14:31:05.501+0000] {processor.py:914} INFO - Processing file /opt/airflow/dags/import_from_git.py for tasks to queue
[2026-03-25T14:31:05.504+0000] {logging_mixin.py:190} INFO - [2026-03-25T14:31:05.504+0000] {dagbag.py:588} INFO - Filling up the DagBag from /opt/airflow/dags/import_from_git.py
[2026-03-25T14:31:05.544+0000] {logging_mixin.py:190} INFO - [2026-03-25T14:31:05.542+0000] {dagbag.py:387} ERROR - Failed to import: /opt/airflow/dags/import_from_git.py
Traceback (most recent call last):
  File "/home/airflow/.local/lib/python3.12/site-packages/airflow/models/dagbag.py", line 383, in parse
    loader.exec_module(new_module)
  File "<frozen importlib._bootstrap_external>", line 999, in exec_module
  File "<frozen importlib._bootstrap>", line 488, in _call_with_frames_removed
  File "/opt/airflow/dags/import_from_git.py", line 45, in <module>
    repo_links=get_link();
               ^^^^^^^^^^
  File "/opt/airflow/dags/import_from_git.py", line 4, in get_link
    repo_links=Variable.get("LINKS",deserialize_json=True)
               ^^^^^^^^^^^^^^^^^^^^^^^^^^^^^^^^^^^^^^^^^^^
  File "/home/airflow/.local/lib/python3.12/site-packages/airflow/models/variable.py", line 145, in get
    raise KeyError(f"Variable {key} does not exist")
KeyError: 'Variable LINKS does not exist'
[2026-03-25T14:31:05.545+0000] {processor.py:927} WARNING - No viable dags retrieved from /opt/airflow/dags/import_from_git.py
[2026-03-25T14:31:05.564+0000] {processor.py:208} INFO - Processing /opt/airflow/dags/import_from_git.py took 0.077 seconds
[2026-03-25T14:31:36.436+0000] {processor.py:186} INFO - Started process (PID=42890) to work on /opt/airflow/dags/import_from_git.py
[2026-03-25T14:31:36.438+0000] {processor.py:914} INFO - Processing file /opt/airflow/dags/import_from_git.py for tasks to queue
[2026-03-25T14:31:36.442+0000] {logging_mixin.py:190} INFO - [2026-03-25T14:31:36.441+0000] {dagbag.py:588} INFO - Filling up the DagBag from /opt/airflow/dags/import_from_git.py
[2026-03-25T14:31:36.481+0000] {logging_mixin.py:190} INFO - [2026-03-25T14:31:36.478+0000] {dagbag.py:387} ERROR - Failed to import: /opt/airflow/dags/import_from_git.py
Traceback (most recent call last):
  File "/home/airflow/.local/lib/python3.12/site-packages/airflow/models/dagbag.py", line 383, in parse
    loader.exec_module(new_module)
  File "<frozen importlib._bootstrap_external>", line 999, in exec_module
  File "<frozen importlib._bootstrap>", line 488, in _call_with_frames_removed
  File "/opt/airflow/dags/import_from_git.py", line 45, in <module>
    repo_links=get_link();
               ^^^^^^^^^^
  File "/opt/airflow/dags/import_from_git.py", line 4, in get_link
    repo_links=Variable.get("LINKS",deserialize_json=True)
               ^^^^^^^^^^^^^^^^^^^^^^^^^^^^^^^^^^^^^^^^^^^
  File "/home/airflow/.local/lib/python3.12/site-packages/airflow/models/variable.py", line 145, in get
    raise KeyError(f"Variable {key} does not exist")
KeyError: 'Variable LINKS does not exist'
[2026-03-25T14:31:36.481+0000] {processor.py:927} WARNING - No viable dags retrieved from /opt/airflow/dags/import_from_git.py
[2026-03-25T14:31:36.498+0000] {processor.py:208} INFO - Processing /opt/airflow/dags/import_from_git.py took 0.073 seconds
[2026-03-25T14:32:07.392+0000] {processor.py:186} INFO - Started process (PID=42931) to work on /opt/airflow/dags/import_from_git.py
[2026-03-25T14:32:07.393+0000] {processor.py:914} INFO - Processing file /opt/airflow/dags/import_from_git.py for tasks to queue
[2026-03-25T14:32:07.397+0000] {logging_mixin.py:190} INFO - [2026-03-25T14:32:07.396+0000] {dagbag.py:588} INFO - Filling up the DagBag from /opt/airflow/dags/import_from_git.py
[2026-03-25T14:32:07.436+0000] {logging_mixin.py:190} INFO - [2026-03-25T14:32:07.434+0000] {dagbag.py:387} ERROR - Failed to import: /opt/airflow/dags/import_from_git.py
Traceback (most recent call last):
  File "/home/airflow/.local/lib/python3.12/site-packages/airflow/models/dagbag.py", line 383, in parse
    loader.exec_module(new_module)
  File "<frozen importlib._bootstrap_external>", line 999, in exec_module
  File "<frozen importlib._bootstrap>", line 488, in _call_with_frames_removed
  File "/opt/airflow/dags/import_from_git.py", line 45, in <module>
    repo_links=get_link();
               ^^^^^^^^^^
  File "/opt/airflow/dags/import_from_git.py", line 4, in get_link
    repo_links=Variable.get("LINKS",deserialize_json=True)
               ^^^^^^^^^^^^^^^^^^^^^^^^^^^^^^^^^^^^^^^^^^^
  File "/home/airflow/.local/lib/python3.12/site-packages/airflow/models/variable.py", line 145, in get
    raise KeyError(f"Variable {key} does not exist")
KeyError: 'Variable LINKS does not exist'
[2026-03-25T14:32:07.437+0000] {processor.py:927} WARNING - No viable dags retrieved from /opt/airflow/dags/import_from_git.py
[2026-03-25T14:32:07.457+0000] {processor.py:208} INFO - Processing /opt/airflow/dags/import_from_git.py took 0.075 seconds
[2026-03-25T14:32:38.317+0000] {processor.py:186} INFO - Started process (PID=42972) to work on /opt/airflow/dags/import_from_git.py
[2026-03-25T14:32:38.319+0000] {processor.py:914} INFO - Processing file /opt/airflow/dags/import_from_git.py for tasks to queue
[2026-03-25T14:32:38.322+0000] {logging_mixin.py:190} INFO - [2026-03-25T14:32:38.322+0000] {dagbag.py:588} INFO - Filling up the DagBag from /opt/airflow/dags/import_from_git.py
[2026-03-25T14:32:38.363+0000] {logging_mixin.py:190} INFO - [2026-03-25T14:32:38.361+0000] {dagbag.py:387} ERROR - Failed to import: /opt/airflow/dags/import_from_git.py
Traceback (most recent call last):
  File "/home/airflow/.local/lib/python3.12/site-packages/airflow/models/dagbag.py", line 383, in parse
    loader.exec_module(new_module)
  File "<frozen importlib._bootstrap_external>", line 999, in exec_module
  File "<frozen importlib._bootstrap>", line 488, in _call_with_frames_removed
  File "/opt/airflow/dags/import_from_git.py", line 45, in <module>
    repo_links=get_link();
               ^^^^^^^^^^
  File "/opt/airflow/dags/import_from_git.py", line 4, in get_link
    repo_links=Variable.get("LINKS",deserialize_json=True)
               ^^^^^^^^^^^^^^^^^^^^^^^^^^^^^^^^^^^^^^^^^^^
  File "/home/airflow/.local/lib/python3.12/site-packages/airflow/models/variable.py", line 145, in get
    raise KeyError(f"Variable {key} does not exist")
KeyError: 'Variable LINKS does not exist'
[2026-03-25T14:32:38.364+0000] {processor.py:927} WARNING - No viable dags retrieved from /opt/airflow/dags/import_from_git.py
[2026-03-25T14:32:38.383+0000] {processor.py:208} INFO - Processing /opt/airflow/dags/import_from_git.py took 0.076 seconds
[2026-03-25T14:33:09.285+0000] {processor.py:186} INFO - Started process (PID=43013) to work on /opt/airflow/dags/import_from_git.py
[2026-03-25T14:33:09.286+0000] {processor.py:914} INFO - Processing file /opt/airflow/dags/import_from_git.py for tasks to queue
[2026-03-25T14:33:09.290+0000] {logging_mixin.py:190} INFO - [2026-03-25T14:33:09.289+0000] {dagbag.py:588} INFO - Filling up the DagBag from /opt/airflow/dags/import_from_git.py
[2026-03-25T14:33:09.333+0000] {logging_mixin.py:190} INFO - [2026-03-25T14:33:09.331+0000] {dagbag.py:387} ERROR - Failed to import: /opt/airflow/dags/import_from_git.py
Traceback (most recent call last):
  File "/home/airflow/.local/lib/python3.12/site-packages/airflow/models/dagbag.py", line 383, in parse
    loader.exec_module(new_module)
  File "<frozen importlib._bootstrap_external>", line 999, in exec_module
  File "<frozen importlib._bootstrap>", line 488, in _call_with_frames_removed
  File "/opt/airflow/dags/import_from_git.py", line 45, in <module>
    repo_links=get_link();
               ^^^^^^^^^^
  File "/opt/airflow/dags/import_from_git.py", line 4, in get_link
    repo_links=Variable.get("LINKS",deserialize_json=True)
               ^^^^^^^^^^^^^^^^^^^^^^^^^^^^^^^^^^^^^^^^^^^
  File "/home/airflow/.local/lib/python3.12/site-packages/airflow/models/variable.py", line 145, in get
    raise KeyError(f"Variable {key} does not exist")
KeyError: 'Variable LINKS does not exist'
[2026-03-25T14:33:09.334+0000] {processor.py:927} WARNING - No viable dags retrieved from /opt/airflow/dags/import_from_git.py
[2026-03-25T14:33:09.353+0000] {processor.py:208} INFO - Processing /opt/airflow/dags/import_from_git.py took 0.078 seconds
[2026-03-25T14:33:40.206+0000] {processor.py:186} INFO - Started process (PID=43055) to work on /opt/airflow/dags/import_from_git.py
[2026-03-25T14:33:40.207+0000] {processor.py:914} INFO - Processing file /opt/airflow/dags/import_from_git.py for tasks to queue
[2026-03-25T14:33:40.211+0000] {logging_mixin.py:190} INFO - [2026-03-25T14:33:40.211+0000] {dagbag.py:588} INFO - Filling up the DagBag from /opt/airflow/dags/import_from_git.py
[2026-03-25T14:33:40.251+0000] {logging_mixin.py:190} INFO - [2026-03-25T14:33:40.249+0000] {dagbag.py:387} ERROR - Failed to import: /opt/airflow/dags/import_from_git.py
Traceback (most recent call last):
  File "/home/airflow/.local/lib/python3.12/site-packages/airflow/models/dagbag.py", line 383, in parse
    loader.exec_module(new_module)
  File "<frozen importlib._bootstrap_external>", line 999, in exec_module
  File "<frozen importlib._bootstrap>", line 488, in _call_with_frames_removed
  File "/opt/airflow/dags/import_from_git.py", line 45, in <module>
    repo_links=get_link();
               ^^^^^^^^^^
  File "/opt/airflow/dags/import_from_git.py", line 4, in get_link
    repo_links=Variable.get("LINKS",deserialize_json=True)
               ^^^^^^^^^^^^^^^^^^^^^^^^^^^^^^^^^^^^^^^^^^^
  File "/home/airflow/.local/lib/python3.12/site-packages/airflow/models/variable.py", line 145, in get
    raise KeyError(f"Variable {key} does not exist")
KeyError: 'Variable LINKS does not exist'
[2026-03-25T14:33:40.253+0000] {processor.py:927} WARNING - No viable dags retrieved from /opt/airflow/dags/import_from_git.py
[2026-03-25T14:33:40.272+0000] {processor.py:208} INFO - Processing /opt/airflow/dags/import_from_git.py took 0.076 seconds
[2026-03-25T14:34:11.155+0000] {processor.py:186} INFO - Started process (PID=43096) to work on /opt/airflow/dags/import_from_git.py
[2026-03-25T14:34:11.156+0000] {processor.py:914} INFO - Processing file /opt/airflow/dags/import_from_git.py for tasks to queue
[2026-03-25T14:34:11.160+0000] {logging_mixin.py:190} INFO - [2026-03-25T14:34:11.159+0000] {dagbag.py:588} INFO - Filling up the DagBag from /opt/airflow/dags/import_from_git.py
[2026-03-25T14:34:11.199+0000] {logging_mixin.py:190} INFO - [2026-03-25T14:34:11.197+0000] {dagbag.py:387} ERROR - Failed to import: /opt/airflow/dags/import_from_git.py
Traceback (most recent call last):
  File "/home/airflow/.local/lib/python3.12/site-packages/airflow/models/dagbag.py", line 383, in parse
    loader.exec_module(new_module)
  File "<frozen importlib._bootstrap_external>", line 999, in exec_module
  File "<frozen importlib._bootstrap>", line 488, in _call_with_frames_removed
  File "/opt/airflow/dags/import_from_git.py", line 45, in <module>
    repo_links=get_link();
               ^^^^^^^^^^
  File "/opt/airflow/dags/import_from_git.py", line 4, in get_link
    repo_links=Variable.get("LINKS",deserialize_json=True)
               ^^^^^^^^^^^^^^^^^^^^^^^^^^^^^^^^^^^^^^^^^^^
  File "/home/airflow/.local/lib/python3.12/site-packages/airflow/models/variable.py", line 145, in get
    raise KeyError(f"Variable {key} does not exist")
KeyError: 'Variable LINKS does not exist'
[2026-03-25T14:34:11.200+0000] {processor.py:927} WARNING - No viable dags retrieved from /opt/airflow/dags/import_from_git.py
[2026-03-25T14:34:11.217+0000] {processor.py:208} INFO - Processing /opt/airflow/dags/import_from_git.py took 0.074 seconds
[2026-03-25T14:34:42.078+0000] {processor.py:186} INFO - Started process (PID=43137) to work on /opt/airflow/dags/import_from_git.py
[2026-03-25T14:34:42.080+0000] {processor.py:914} INFO - Processing file /opt/airflow/dags/import_from_git.py for tasks to queue
[2026-03-25T14:34:42.084+0000] {logging_mixin.py:190} INFO - [2026-03-25T14:34:42.083+0000] {dagbag.py:588} INFO - Filling up the DagBag from /opt/airflow/dags/import_from_git.py
[2026-03-25T14:34:42.126+0000] {logging_mixin.py:190} INFO - [2026-03-25T14:34:42.122+0000] {dagbag.py:387} ERROR - Failed to import: /opt/airflow/dags/import_from_git.py
Traceback (most recent call last):
  File "/home/airflow/.local/lib/python3.12/site-packages/airflow/models/dagbag.py", line 383, in parse
    loader.exec_module(new_module)
  File "<frozen importlib._bootstrap_external>", line 999, in exec_module
  File "<frozen importlib._bootstrap>", line 488, in _call_with_frames_removed
  File "/opt/airflow/dags/import_from_git.py", line 45, in <module>
    repo_links=get_link();
               ^^^^^^^^^^
  File "/opt/airflow/dags/import_from_git.py", line 4, in get_link
    repo_links=Variable.get("LINKS",deserialize_json=True)
               ^^^^^^^^^^^^^^^^^^^^^^^^^^^^^^^^^^^^^^^^^^^
  File "/home/airflow/.local/lib/python3.12/site-packages/airflow/models/variable.py", line 145, in get
    raise KeyError(f"Variable {key} does not exist")
KeyError: 'Variable LINKS does not exist'
[2026-03-25T14:34:42.127+0000] {processor.py:927} WARNING - No viable dags retrieved from /opt/airflow/dags/import_from_git.py
[2026-03-25T14:34:42.145+0000] {processor.py:208} INFO - Processing /opt/airflow/dags/import_from_git.py took 0.080 seconds
[2026-03-25T14:35:13.049+0000] {processor.py:186} INFO - Started process (PID=43178) to work on /opt/airflow/dags/import_from_git.py
[2026-03-25T14:35:13.051+0000] {processor.py:914} INFO - Processing file /opt/airflow/dags/import_from_git.py for tasks to queue
[2026-03-25T14:35:13.055+0000] {logging_mixin.py:190} INFO - [2026-03-25T14:35:13.054+0000] {dagbag.py:588} INFO - Filling up the DagBag from /opt/airflow/dags/import_from_git.py
[2026-03-25T14:35:13.096+0000] {logging_mixin.py:190} INFO - [2026-03-25T14:35:13.093+0000] {dagbag.py:387} ERROR - Failed to import: /opt/airflow/dags/import_from_git.py
Traceback (most recent call last):
  File "/home/airflow/.local/lib/python3.12/site-packages/airflow/models/dagbag.py", line 383, in parse
    loader.exec_module(new_module)
  File "<frozen importlib._bootstrap_external>", line 999, in exec_module
  File "<frozen importlib._bootstrap>", line 488, in _call_with_frames_removed
  File "/opt/airflow/dags/import_from_git.py", line 45, in <module>
    repo_links=get_link();
               ^^^^^^^^^^
  File "/opt/airflow/dags/import_from_git.py", line 4, in get_link
    repo_links=Variable.get("LINKS",deserialize_json=True)
               ^^^^^^^^^^^^^^^^^^^^^^^^^^^^^^^^^^^^^^^^^^^
  File "/home/airflow/.local/lib/python3.12/site-packages/airflow/models/variable.py", line 145, in get
    raise KeyError(f"Variable {key} does not exist")
KeyError: 'Variable LINKS does not exist'
[2026-03-25T14:35:13.097+0000] {processor.py:927} WARNING - No viable dags retrieved from /opt/airflow/dags/import_from_git.py
[2026-03-25T14:35:13.117+0000] {processor.py:208} INFO - Processing /opt/airflow/dags/import_from_git.py took 0.079 seconds
[2026-03-25T14:35:44.000+0000] {processor.py:186} INFO - Started process (PID=43225) to work on /opt/airflow/dags/import_from_git.py
[2026-03-25T14:35:44.002+0000] {processor.py:914} INFO - Processing file /opt/airflow/dags/import_from_git.py for tasks to queue
[2026-03-25T14:35:44.005+0000] {logging_mixin.py:190} INFO - [2026-03-25T14:35:44.004+0000] {dagbag.py:588} INFO - Filling up the DagBag from /opt/airflow/dags/import_from_git.py
[2026-03-25T14:35:44.044+0000] {logging_mixin.py:190} INFO - [2026-03-25T14:35:44.041+0000] {dagbag.py:387} ERROR - Failed to import: /opt/airflow/dags/import_from_git.py
Traceback (most recent call last):
  File "/home/airflow/.local/lib/python3.12/site-packages/airflow/models/dagbag.py", line 383, in parse
    loader.exec_module(new_module)
  File "<frozen importlib._bootstrap_external>", line 999, in exec_module
  File "<frozen importlib._bootstrap>", line 488, in _call_with_frames_removed
  File "/opt/airflow/dags/import_from_git.py", line 45, in <module>
    repo_links=get_link();
               ^^^^^^^^^^
  File "/opt/airflow/dags/import_from_git.py", line 4, in get_link
    repo_links=Variable.get("LINKS",deserialize_json=True)
               ^^^^^^^^^^^^^^^^^^^^^^^^^^^^^^^^^^^^^^^^^^^
  File "/home/airflow/.local/lib/python3.12/site-packages/airflow/models/variable.py", line 145, in get
    raise KeyError(f"Variable {key} does not exist")
KeyError: 'Variable LINKS does not exist'
[2026-03-25T14:35:44.046+0000] {processor.py:927} WARNING - No viable dags retrieved from /opt/airflow/dags/import_from_git.py
[2026-03-25T14:35:44.063+0000] {processor.py:208} INFO - Processing /opt/airflow/dags/import_from_git.py took 0.073 seconds
[2026-03-25T14:36:14.928+0000] {processor.py:186} INFO - Started process (PID=43266) to work on /opt/airflow/dags/import_from_git.py
[2026-03-25T14:36:14.930+0000] {processor.py:914} INFO - Processing file /opt/airflow/dags/import_from_git.py for tasks to queue
[2026-03-25T14:36:14.934+0000] {logging_mixin.py:190} INFO - [2026-03-25T14:36:14.934+0000] {dagbag.py:588} INFO - Filling up the DagBag from /opt/airflow/dags/import_from_git.py
[2026-03-25T14:36:14.978+0000] {logging_mixin.py:190} INFO - [2026-03-25T14:36:14.975+0000] {dagbag.py:387} ERROR - Failed to import: /opt/airflow/dags/import_from_git.py
Traceback (most recent call last):
  File "/home/airflow/.local/lib/python3.12/site-packages/airflow/models/dagbag.py", line 383, in parse
    loader.exec_module(new_module)
  File "<frozen importlib._bootstrap_external>", line 999, in exec_module
  File "<frozen importlib._bootstrap>", line 488, in _call_with_frames_removed
  File "/opt/airflow/dags/import_from_git.py", line 45, in <module>
    repo_links=get_link();
               ^^^^^^^^^^
  File "/opt/airflow/dags/import_from_git.py", line 4, in get_link
    repo_links=Variable.get("LINKS",deserialize_json=True)
               ^^^^^^^^^^^^^^^^^^^^^^^^^^^^^^^^^^^^^^^^^^^
  File "/home/airflow/.local/lib/python3.12/site-packages/airflow/models/variable.py", line 145, in get
    raise KeyError(f"Variable {key} does not exist")
KeyError: 'Variable LINKS does not exist'
[2026-03-25T14:36:14.980+0000] {processor.py:927} WARNING - No viable dags retrieved from /opt/airflow/dags/import_from_git.py
[2026-03-25T14:36:15.000+0000] {processor.py:208} INFO - Processing /opt/airflow/dags/import_from_git.py took 0.085 seconds
[2026-03-25T14:36:45.907+0000] {processor.py:186} INFO - Started process (PID=43308) to work on /opt/airflow/dags/import_from_git.py
[2026-03-25T14:36:45.909+0000] {processor.py:914} INFO - Processing file /opt/airflow/dags/import_from_git.py for tasks to queue
[2026-03-25T14:36:45.913+0000] {logging_mixin.py:190} INFO - [2026-03-25T14:36:45.912+0000] {dagbag.py:588} INFO - Filling up the DagBag from /opt/airflow/dags/import_from_git.py
[2026-03-25T14:36:45.954+0000] {logging_mixin.py:190} INFO - [2026-03-25T14:36:45.952+0000] {dagbag.py:387} ERROR - Failed to import: /opt/airflow/dags/import_from_git.py
Traceback (most recent call last):
  File "/home/airflow/.local/lib/python3.12/site-packages/airflow/models/dagbag.py", line 383, in parse
    loader.exec_module(new_module)
  File "<frozen importlib._bootstrap_external>", line 999, in exec_module
  File "<frozen importlib._bootstrap>", line 488, in _call_with_frames_removed
  File "/opt/airflow/dags/import_from_git.py", line 45, in <module>
    repo_links=get_link();
               ^^^^^^^^^^
  File "/opt/airflow/dags/import_from_git.py", line 4, in get_link
    repo_links=Variable.get("LINKS",deserialize_json=True)
               ^^^^^^^^^^^^^^^^^^^^^^^^^^^^^^^^^^^^^^^^^^^
  File "/home/airflow/.local/lib/python3.12/site-packages/airflow/models/variable.py", line 145, in get
    raise KeyError(f"Variable {key} does not exist")
KeyError: 'Variable LINKS does not exist'
[2026-03-25T14:36:45.956+0000] {processor.py:927} WARNING - No viable dags retrieved from /opt/airflow/dags/import_from_git.py
[2026-03-25T14:36:45.976+0000] {processor.py:208} INFO - Processing /opt/airflow/dags/import_from_git.py took 0.081 seconds
[2026-03-25T14:37:16.847+0000] {processor.py:186} INFO - Started process (PID=43349) to work on /opt/airflow/dags/import_from_git.py
[2026-03-25T14:37:16.848+0000] {processor.py:914} INFO - Processing file /opt/airflow/dags/import_from_git.py for tasks to queue
[2026-03-25T14:37:16.852+0000] {logging_mixin.py:190} INFO - [2026-03-25T14:37:16.851+0000] {dagbag.py:588} INFO - Filling up the DagBag from /opt/airflow/dags/import_from_git.py
[2026-03-25T14:37:16.891+0000] {logging_mixin.py:190} INFO - [2026-03-25T14:37:16.889+0000] {dagbag.py:387} ERROR - Failed to import: /opt/airflow/dags/import_from_git.py
Traceback (most recent call last):
  File "/home/airflow/.local/lib/python3.12/site-packages/airflow/models/dagbag.py", line 383, in parse
    loader.exec_module(new_module)
  File "<frozen importlib._bootstrap_external>", line 999, in exec_module
  File "<frozen importlib._bootstrap>", line 488, in _call_with_frames_removed
  File "/opt/airflow/dags/import_from_git.py", line 45, in <module>
    repo_links=get_link();
               ^^^^^^^^^^
  File "/opt/airflow/dags/import_from_git.py", line 4, in get_link
    repo_links=Variable.get("LINKS",deserialize_json=True)
               ^^^^^^^^^^^^^^^^^^^^^^^^^^^^^^^^^^^^^^^^^^^
  File "/home/airflow/.local/lib/python3.12/site-packages/airflow/models/variable.py", line 145, in get
    raise KeyError(f"Variable {key} does not exist")
KeyError: 'Variable LINKS does not exist'
[2026-03-25T14:37:16.892+0000] {processor.py:927} WARNING - No viable dags retrieved from /opt/airflow/dags/import_from_git.py
[2026-03-25T14:37:16.910+0000] {processor.py:208} INFO - Processing /opt/airflow/dags/import_from_git.py took 0.076 seconds
[2026-03-25T14:37:47.818+0000] {processor.py:186} INFO - Started process (PID=43390) to work on /opt/airflow/dags/import_from_git.py
[2026-03-25T14:37:47.819+0000] {processor.py:914} INFO - Processing file /opt/airflow/dags/import_from_git.py for tasks to queue
[2026-03-25T14:37:47.824+0000] {logging_mixin.py:190} INFO - [2026-03-25T14:37:47.823+0000] {dagbag.py:588} INFO - Filling up the DagBag from /opt/airflow/dags/import_from_git.py
[2026-03-25T14:37:47.865+0000] {logging_mixin.py:190} INFO - [2026-03-25T14:37:47.863+0000] {dagbag.py:387} ERROR - Failed to import: /opt/airflow/dags/import_from_git.py
Traceback (most recent call last):
  File "/home/airflow/.local/lib/python3.12/site-packages/airflow/models/dagbag.py", line 383, in parse
    loader.exec_module(new_module)
  File "<frozen importlib._bootstrap_external>", line 999, in exec_module
  File "<frozen importlib._bootstrap>", line 488, in _call_with_frames_removed
  File "/opt/airflow/dags/import_from_git.py", line 45, in <module>
    repo_links=get_link();
               ^^^^^^^^^^
  File "/opt/airflow/dags/import_from_git.py", line 4, in get_link
    repo_links=Variable.get("LINKS",deserialize_json=True)
               ^^^^^^^^^^^^^^^^^^^^^^^^^^^^^^^^^^^^^^^^^^^
  File "/home/airflow/.local/lib/python3.12/site-packages/airflow/models/variable.py", line 145, in get
    raise KeyError(f"Variable {key} does not exist")
KeyError: 'Variable LINKS does not exist'
[2026-03-25T14:37:47.866+0000] {processor.py:927} WARNING - No viable dags retrieved from /opt/airflow/dags/import_from_git.py
[2026-03-25T14:37:47.884+0000] {processor.py:208} INFO - Processing /opt/airflow/dags/import_from_git.py took 0.078 seconds
[2026-03-25T14:38:18.756+0000] {processor.py:186} INFO - Started process (PID=43431) to work on /opt/airflow/dags/import_from_git.py
[2026-03-25T14:38:18.758+0000] {processor.py:914} INFO - Processing file /opt/airflow/dags/import_from_git.py for tasks to queue
[2026-03-25T14:38:18.762+0000] {logging_mixin.py:190} INFO - [2026-03-25T14:38:18.762+0000] {dagbag.py:588} INFO - Filling up the DagBag from /opt/airflow/dags/import_from_git.py
[2026-03-25T14:38:18.804+0000] {logging_mixin.py:190} INFO - [2026-03-25T14:38:18.801+0000] {dagbag.py:387} ERROR - Failed to import: /opt/airflow/dags/import_from_git.py
Traceback (most recent call last):
  File "/home/airflow/.local/lib/python3.12/site-packages/airflow/models/dagbag.py", line 383, in parse
    loader.exec_module(new_module)
  File "<frozen importlib._bootstrap_external>", line 999, in exec_module
  File "<frozen importlib._bootstrap>", line 488, in _call_with_frames_removed
  File "/opt/airflow/dags/import_from_git.py", line 45, in <module>
    repo_links=get_link();
               ^^^^^^^^^^
  File "/opt/airflow/dags/import_from_git.py", line 4, in get_link
    repo_links=Variable.get("LINKS",deserialize_json=True)
               ^^^^^^^^^^^^^^^^^^^^^^^^^^^^^^^^^^^^^^^^^^^
  File "/home/airflow/.local/lib/python3.12/site-packages/airflow/models/variable.py", line 145, in get
    raise KeyError(f"Variable {key} does not exist")
KeyError: 'Variable LINKS does not exist'
[2026-03-25T14:38:18.805+0000] {processor.py:927} WARNING - No viable dags retrieved from /opt/airflow/dags/import_from_git.py
[2026-03-25T14:38:18.825+0000] {processor.py:208} INFO - Processing /opt/airflow/dags/import_from_git.py took 0.079 seconds
[2026-03-25T14:38:49.686+0000] {processor.py:186} INFO - Started process (PID=43472) to work on /opt/airflow/dags/import_from_git.py
[2026-03-25T14:38:49.688+0000] {processor.py:914} INFO - Processing file /opt/airflow/dags/import_from_git.py for tasks to queue
[2026-03-25T14:38:49.692+0000] {logging_mixin.py:190} INFO - [2026-03-25T14:38:49.691+0000] {dagbag.py:588} INFO - Filling up the DagBag from /opt/airflow/dags/import_from_git.py
[2026-03-25T14:38:49.735+0000] {logging_mixin.py:190} INFO - [2026-03-25T14:38:49.732+0000] {dagbag.py:387} ERROR - Failed to import: /opt/airflow/dags/import_from_git.py
Traceback (most recent call last):
  File "/home/airflow/.local/lib/python3.12/site-packages/airflow/models/dagbag.py", line 383, in parse
    loader.exec_module(new_module)
  File "<frozen importlib._bootstrap_external>", line 999, in exec_module
  File "<frozen importlib._bootstrap>", line 488, in _call_with_frames_removed
  File "/opt/airflow/dags/import_from_git.py", line 45, in <module>
    repo_links=get_link();
               ^^^^^^^^^^
  File "/opt/airflow/dags/import_from_git.py", line 4, in get_link
    repo_links=Variable.get("LINKS",deserialize_json=True)
               ^^^^^^^^^^^^^^^^^^^^^^^^^^^^^^^^^^^^^^^^^^^
  File "/home/airflow/.local/lib/python3.12/site-packages/airflow/models/variable.py", line 145, in get
    raise KeyError(f"Variable {key} does not exist")
KeyError: 'Variable LINKS does not exist'
[2026-03-25T14:38:49.737+0000] {processor.py:927} WARNING - No viable dags retrieved from /opt/airflow/dags/import_from_git.py
[2026-03-25T14:38:49.755+0000] {processor.py:208} INFO - Processing /opt/airflow/dags/import_from_git.py took 0.082 seconds
[2026-03-25T14:39:20.660+0000] {processor.py:186} INFO - Started process (PID=43513) to work on /opt/airflow/dags/import_from_git.py
[2026-03-25T14:39:20.662+0000] {processor.py:914} INFO - Processing file /opt/airflow/dags/import_from_git.py for tasks to queue
[2026-03-25T14:39:20.666+0000] {logging_mixin.py:190} INFO - [2026-03-25T14:39:20.665+0000] {dagbag.py:588} INFO - Filling up the DagBag from /opt/airflow/dags/import_from_git.py
[2026-03-25T14:39:20.705+0000] {logging_mixin.py:190} INFO - [2026-03-25T14:39:20.702+0000] {dagbag.py:387} ERROR - Failed to import: /opt/airflow/dags/import_from_git.py
Traceback (most recent call last):
  File "/home/airflow/.local/lib/python3.12/site-packages/airflow/models/dagbag.py", line 383, in parse
    loader.exec_module(new_module)
  File "<frozen importlib._bootstrap_external>", line 999, in exec_module
  File "<frozen importlib._bootstrap>", line 488, in _call_with_frames_removed
  File "/opt/airflow/dags/import_from_git.py", line 45, in <module>
    repo_links=get_link();
               ^^^^^^^^^^
  File "/opt/airflow/dags/import_from_git.py", line 4, in get_link
    repo_links=Variable.get("LINKS",deserialize_json=True)
               ^^^^^^^^^^^^^^^^^^^^^^^^^^^^^^^^^^^^^^^^^^^
  File "/home/airflow/.local/lib/python3.12/site-packages/airflow/models/variable.py", line 145, in get
    raise KeyError(f"Variable {key} does not exist")
KeyError: 'Variable LINKS does not exist'
[2026-03-25T14:39:20.706+0000] {processor.py:927} WARNING - No viable dags retrieved from /opt/airflow/dags/import_from_git.py
[2026-03-25T14:39:20.724+0000] {processor.py:208} INFO - Processing /opt/airflow/dags/import_from_git.py took 0.077 seconds
[2026-03-25T14:39:51.593+0000] {processor.py:186} INFO - Started process (PID=43554) to work on /opt/airflow/dags/import_from_git.py
[2026-03-25T14:39:51.595+0000] {processor.py:914} INFO - Processing file /opt/airflow/dags/import_from_git.py for tasks to queue
[2026-03-25T14:39:51.600+0000] {logging_mixin.py:190} INFO - [2026-03-25T14:39:51.599+0000] {dagbag.py:588} INFO - Filling up the DagBag from /opt/airflow/dags/import_from_git.py
[2026-03-25T14:39:51.643+0000] {logging_mixin.py:190} INFO - [2026-03-25T14:39:51.640+0000] {dagbag.py:387} ERROR - Failed to import: /opt/airflow/dags/import_from_git.py
Traceback (most recent call last):
  File "/home/airflow/.local/lib/python3.12/site-packages/airflow/models/dagbag.py", line 383, in parse
    loader.exec_module(new_module)
  File "<frozen importlib._bootstrap_external>", line 999, in exec_module
  File "<frozen importlib._bootstrap>", line 488, in _call_with_frames_removed
  File "/opt/airflow/dags/import_from_git.py", line 45, in <module>
    repo_links=get_link();
               ^^^^^^^^^^
  File "/opt/airflow/dags/import_from_git.py", line 4, in get_link
    repo_links=Variable.get("LINKS",deserialize_json=True)
               ^^^^^^^^^^^^^^^^^^^^^^^^^^^^^^^^^^^^^^^^^^^
  File "/home/airflow/.local/lib/python3.12/site-packages/airflow/models/variable.py", line 145, in get
    raise KeyError(f"Variable {key} does not exist")
KeyError: 'Variable LINKS does not exist'
[2026-03-25T14:39:51.644+0000] {processor.py:927} WARNING - No viable dags retrieved from /opt/airflow/dags/import_from_git.py
[2026-03-25T14:39:51.660+0000] {processor.py:208} INFO - Processing /opt/airflow/dags/import_from_git.py took 0.080 seconds
[2026-03-25T14:40:22.537+0000] {processor.py:186} INFO - Started process (PID=43595) to work on /opt/airflow/dags/import_from_git.py
[2026-03-25T14:40:22.538+0000] {processor.py:914} INFO - Processing file /opt/airflow/dags/import_from_git.py for tasks to queue
[2026-03-25T14:40:22.542+0000] {logging_mixin.py:190} INFO - [2026-03-25T14:40:22.542+0000] {dagbag.py:588} INFO - Filling up the DagBag from /opt/airflow/dags/import_from_git.py
[2026-03-25T14:40:22.578+0000] {logging_mixin.py:190} INFO - [2026-03-25T14:40:22.576+0000] {dagbag.py:387} ERROR - Failed to import: /opt/airflow/dags/import_from_git.py
Traceback (most recent call last):
  File "/home/airflow/.local/lib/python3.12/site-packages/airflow/models/dagbag.py", line 383, in parse
    loader.exec_module(new_module)
  File "<frozen importlib._bootstrap_external>", line 999, in exec_module
  File "<frozen importlib._bootstrap>", line 488, in _call_with_frames_removed
  File "/opt/airflow/dags/import_from_git.py", line 45, in <module>
    repo_links=get_link();
               ^^^^^^^^^^
  File "/opt/airflow/dags/import_from_git.py", line 4, in get_link
    repo_links=Variable.get("LINKS",deserialize_json=True)
               ^^^^^^^^^^^^^^^^^^^^^^^^^^^^^^^^^^^^^^^^^^^
  File "/home/airflow/.local/lib/python3.12/site-packages/airflow/models/variable.py", line 145, in get
    raise KeyError(f"Variable {key} does not exist")
KeyError: 'Variable LINKS does not exist'
[2026-03-25T14:40:22.579+0000] {processor.py:927} WARNING - No viable dags retrieved from /opt/airflow/dags/import_from_git.py
[2026-03-25T14:40:22.597+0000] {processor.py:208} INFO - Processing /opt/airflow/dags/import_from_git.py took 0.069 seconds
[2026-03-25T14:40:53.453+0000] {processor.py:186} INFO - Started process (PID=43636) to work on /opt/airflow/dags/import_from_git.py
[2026-03-25T14:40:53.455+0000] {processor.py:914} INFO - Processing file /opt/airflow/dags/import_from_git.py for tasks to queue
[2026-03-25T14:40:53.459+0000] {logging_mixin.py:190} INFO - [2026-03-25T14:40:53.458+0000] {dagbag.py:588} INFO - Filling up the DagBag from /opt/airflow/dags/import_from_git.py
[2026-03-25T14:40:53.503+0000] {logging_mixin.py:190} INFO - [2026-03-25T14:40:53.500+0000] {dagbag.py:387} ERROR - Failed to import: /opt/airflow/dags/import_from_git.py
Traceback (most recent call last):
  File "/home/airflow/.local/lib/python3.12/site-packages/airflow/models/dagbag.py", line 383, in parse
    loader.exec_module(new_module)
  File "<frozen importlib._bootstrap_external>", line 999, in exec_module
  File "<frozen importlib._bootstrap>", line 488, in _call_with_frames_removed
  File "/opt/airflow/dags/import_from_git.py", line 45, in <module>
    repo_links=get_link();
               ^^^^^^^^^^
  File "/opt/airflow/dags/import_from_git.py", line 4, in get_link
    repo_links=Variable.get("LINKS",deserialize_json=True)
               ^^^^^^^^^^^^^^^^^^^^^^^^^^^^^^^^^^^^^^^^^^^
  File "/home/airflow/.local/lib/python3.12/site-packages/airflow/models/variable.py", line 145, in get
    raise KeyError(f"Variable {key} does not exist")
KeyError: 'Variable LINKS does not exist'
[2026-03-25T14:40:53.505+0000] {processor.py:927} WARNING - No viable dags retrieved from /opt/airflow/dags/import_from_git.py
[2026-03-25T14:40:53.524+0000] {processor.py:208} INFO - Processing /opt/airflow/dags/import_from_git.py took 0.083 seconds
[2026-03-25T14:41:24.430+0000] {processor.py:186} INFO - Started process (PID=43677) to work on /opt/airflow/dags/import_from_git.py
[2026-03-25T14:41:24.432+0000] {processor.py:914} INFO - Processing file /opt/airflow/dags/import_from_git.py for tasks to queue
[2026-03-25T14:41:24.437+0000] {logging_mixin.py:190} INFO - [2026-03-25T14:41:24.436+0000] {dagbag.py:588} INFO - Filling up the DagBag from /opt/airflow/dags/import_from_git.py
[2026-03-25T14:41:24.481+0000] {logging_mixin.py:190} INFO - [2026-03-25T14:41:24.478+0000] {dagbag.py:387} ERROR - Failed to import: /opt/airflow/dags/import_from_git.py
Traceback (most recent call last):
  File "/home/airflow/.local/lib/python3.12/site-packages/airflow/models/dagbag.py", line 383, in parse
    loader.exec_module(new_module)
  File "<frozen importlib._bootstrap_external>", line 999, in exec_module
  File "<frozen importlib._bootstrap>", line 488, in _call_with_frames_removed
  File "/opt/airflow/dags/import_from_git.py", line 45, in <module>
    repo_links=get_link();
               ^^^^^^^^^^
  File "/opt/airflow/dags/import_from_git.py", line 4, in get_link
    repo_links=Variable.get("LINKS",deserialize_json=True)
               ^^^^^^^^^^^^^^^^^^^^^^^^^^^^^^^^^^^^^^^^^^^
  File "/home/airflow/.local/lib/python3.12/site-packages/airflow/models/variable.py", line 145, in get
    raise KeyError(f"Variable {key} does not exist")
KeyError: 'Variable LINKS does not exist'
[2026-03-25T14:41:24.482+0000] {processor.py:927} WARNING - No viable dags retrieved from /opt/airflow/dags/import_from_git.py
[2026-03-25T14:41:24.500+0000] {processor.py:208} INFO - Processing /opt/airflow/dags/import_from_git.py took 0.081 seconds
[2026-03-25T14:41:55.379+0000] {processor.py:186} INFO - Started process (PID=43718) to work on /opt/airflow/dags/import_from_git.py
[2026-03-25T14:41:55.381+0000] {processor.py:914} INFO - Processing file /opt/airflow/dags/import_from_git.py for tasks to queue
[2026-03-25T14:41:55.385+0000] {logging_mixin.py:190} INFO - [2026-03-25T14:41:55.384+0000] {dagbag.py:588} INFO - Filling up the DagBag from /opt/airflow/dags/import_from_git.py
[2026-03-25T14:41:55.426+0000] {logging_mixin.py:190} INFO - [2026-03-25T14:41:55.424+0000] {dagbag.py:387} ERROR - Failed to import: /opt/airflow/dags/import_from_git.py
Traceback (most recent call last):
  File "/home/airflow/.local/lib/python3.12/site-packages/airflow/models/dagbag.py", line 383, in parse
    loader.exec_module(new_module)
  File "<frozen importlib._bootstrap_external>", line 999, in exec_module
  File "<frozen importlib._bootstrap>", line 488, in _call_with_frames_removed
  File "/opt/airflow/dags/import_from_git.py", line 45, in <module>
    repo_links=get_link();
               ^^^^^^^^^^
  File "/opt/airflow/dags/import_from_git.py", line 4, in get_link
    repo_links=Variable.get("LINKS",deserialize_json=True)
               ^^^^^^^^^^^^^^^^^^^^^^^^^^^^^^^^^^^^^^^^^^^
  File "/home/airflow/.local/lib/python3.12/site-packages/airflow/models/variable.py", line 145, in get
    raise KeyError(f"Variable {key} does not exist")
KeyError: 'Variable LINKS does not exist'
[2026-03-25T14:41:55.427+0000] {processor.py:927} WARNING - No viable dags retrieved from /opt/airflow/dags/import_from_git.py
[2026-03-25T14:41:55.443+0000] {processor.py:208} INFO - Processing /opt/airflow/dags/import_from_git.py took 0.074 seconds
[2026-03-25T14:42:26.376+0000] {processor.py:186} INFO - Started process (PID=43759) to work on /opt/airflow/dags/import_from_git.py
[2026-03-25T14:42:26.378+0000] {processor.py:914} INFO - Processing file /opt/airflow/dags/import_from_git.py for tasks to queue
[2026-03-25T14:42:26.383+0000] {logging_mixin.py:190} INFO - [2026-03-25T14:42:26.382+0000] {dagbag.py:588} INFO - Filling up the DagBag from /opt/airflow/dags/import_from_git.py
[2026-03-25T14:42:26.427+0000] {logging_mixin.py:190} INFO - [2026-03-25T14:42:26.425+0000] {dagbag.py:387} ERROR - Failed to import: /opt/airflow/dags/import_from_git.py
Traceback (most recent call last):
  File "/home/airflow/.local/lib/python3.12/site-packages/airflow/models/dagbag.py", line 383, in parse
    loader.exec_module(new_module)
  File "<frozen importlib._bootstrap_external>", line 999, in exec_module
  File "<frozen importlib._bootstrap>", line 488, in _call_with_frames_removed
  File "/opt/airflow/dags/import_from_git.py", line 45, in <module>
    repo_links=get_link();
               ^^^^^^^^^^
  File "/opt/airflow/dags/import_from_git.py", line 4, in get_link
    repo_links=Variable.get("LINKS",deserialize_json=True)
               ^^^^^^^^^^^^^^^^^^^^^^^^^^^^^^^^^^^^^^^^^^^
  File "/home/airflow/.local/lib/python3.12/site-packages/airflow/models/variable.py", line 145, in get
    raise KeyError(f"Variable {key} does not exist")
KeyError: 'Variable LINKS does not exist'
[2026-03-25T14:42:26.429+0000] {processor.py:927} WARNING - No viable dags retrieved from /opt/airflow/dags/import_from_git.py
[2026-03-25T14:42:26.446+0000] {processor.py:208} INFO - Processing /opt/airflow/dags/import_from_git.py took 0.083 seconds
[2026-03-25T14:42:57.351+0000] {processor.py:186} INFO - Started process (PID=43800) to work on /opt/airflow/dags/import_from_git.py
[2026-03-25T14:42:57.352+0000] {processor.py:914} INFO - Processing file /opt/airflow/dags/import_from_git.py for tasks to queue
[2026-03-25T14:42:57.357+0000] {logging_mixin.py:190} INFO - [2026-03-25T14:42:57.356+0000] {dagbag.py:588} INFO - Filling up the DagBag from /opt/airflow/dags/import_from_git.py
[2026-03-25T14:42:57.399+0000] {logging_mixin.py:190} INFO - [2026-03-25T14:42:57.396+0000] {dagbag.py:387} ERROR - Failed to import: /opt/airflow/dags/import_from_git.py
Traceback (most recent call last):
  File "/home/airflow/.local/lib/python3.12/site-packages/airflow/models/dagbag.py", line 383, in parse
    loader.exec_module(new_module)
  File "<frozen importlib._bootstrap_external>", line 999, in exec_module
  File "<frozen importlib._bootstrap>", line 488, in _call_with_frames_removed
  File "/opt/airflow/dags/import_from_git.py", line 45, in <module>
    repo_links=get_link();
               ^^^^^^^^^^
  File "/opt/airflow/dags/import_from_git.py", line 4, in get_link
    repo_links=Variable.get("LINKS",deserialize_json=True)
               ^^^^^^^^^^^^^^^^^^^^^^^^^^^^^^^^^^^^^^^^^^^
  File "/home/airflow/.local/lib/python3.12/site-packages/airflow/models/variable.py", line 145, in get
    raise KeyError(f"Variable {key} does not exist")
KeyError: 'Variable LINKS does not exist'
[2026-03-25T14:42:57.401+0000] {processor.py:927} WARNING - No viable dags retrieved from /opt/airflow/dags/import_from_git.py
[2026-03-25T14:42:57.420+0000] {processor.py:208} INFO - Processing /opt/airflow/dags/import_from_git.py took 0.082 seconds
[2026-03-25T14:43:28.356+0000] {processor.py:186} INFO - Started process (PID=43841) to work on /opt/airflow/dags/import_from_git.py
[2026-03-25T14:43:28.358+0000] {processor.py:914} INFO - Processing file /opt/airflow/dags/import_from_git.py for tasks to queue
[2026-03-25T14:43:28.362+0000] {logging_mixin.py:190} INFO - [2026-03-25T14:43:28.361+0000] {dagbag.py:588} INFO - Filling up the DagBag from /opt/airflow/dags/import_from_git.py
[2026-03-25T14:43:28.402+0000] {logging_mixin.py:190} INFO - [2026-03-25T14:43:28.400+0000] {dagbag.py:387} ERROR - Failed to import: /opt/airflow/dags/import_from_git.py
Traceback (most recent call last):
  File "/home/airflow/.local/lib/python3.12/site-packages/airflow/models/dagbag.py", line 383, in parse
    loader.exec_module(new_module)
  File "<frozen importlib._bootstrap_external>", line 999, in exec_module
  File "<frozen importlib._bootstrap>", line 488, in _call_with_frames_removed
  File "/opt/airflow/dags/import_from_git.py", line 45, in <module>
    repo_links=get_link();
               ^^^^^^^^^^
  File "/opt/airflow/dags/import_from_git.py", line 4, in get_link
    repo_links=Variable.get("LINKS",deserialize_json=True)
               ^^^^^^^^^^^^^^^^^^^^^^^^^^^^^^^^^^^^^^^^^^^
  File "/home/airflow/.local/lib/python3.12/site-packages/airflow/models/variable.py", line 145, in get
    raise KeyError(f"Variable {key} does not exist")
KeyError: 'Variable LINKS does not exist'
[2026-03-25T14:43:28.404+0000] {processor.py:927} WARNING - No viable dags retrieved from /opt/airflow/dags/import_from_git.py
[2026-03-25T14:43:28.423+0000] {processor.py:208} INFO - Processing /opt/airflow/dags/import_from_git.py took 0.080 seconds
[2026-03-25T14:43:59.318+0000] {processor.py:186} INFO - Started process (PID=43882) to work on /opt/airflow/dags/import_from_git.py
[2026-03-25T14:43:59.319+0000] {processor.py:914} INFO - Processing file /opt/airflow/dags/import_from_git.py for tasks to queue
[2026-03-25T14:43:59.324+0000] {logging_mixin.py:190} INFO - [2026-03-25T14:43:59.323+0000] {dagbag.py:588} INFO - Filling up the DagBag from /opt/airflow/dags/import_from_git.py
[2026-03-25T14:43:59.364+0000] {logging_mixin.py:190} INFO - [2026-03-25T14:43:59.362+0000] {dagbag.py:387} ERROR - Failed to import: /opt/airflow/dags/import_from_git.py
Traceback (most recent call last):
  File "/home/airflow/.local/lib/python3.12/site-packages/airflow/models/dagbag.py", line 383, in parse
    loader.exec_module(new_module)
  File "<frozen importlib._bootstrap_external>", line 999, in exec_module
  File "<frozen importlib._bootstrap>", line 488, in _call_with_frames_removed
  File "/opt/airflow/dags/import_from_git.py", line 45, in <module>
    repo_links=get_link();
               ^^^^^^^^^^
  File "/opt/airflow/dags/import_from_git.py", line 4, in get_link
    repo_links=Variable.get("LINKS",deserialize_json=True)
               ^^^^^^^^^^^^^^^^^^^^^^^^^^^^^^^^^^^^^^^^^^^
  File "/home/airflow/.local/lib/python3.12/site-packages/airflow/models/variable.py", line 145, in get
    raise KeyError(f"Variable {key} does not exist")
KeyError: 'Variable LINKS does not exist'
[2026-03-25T14:43:59.365+0000] {processor.py:927} WARNING - No viable dags retrieved from /opt/airflow/dags/import_from_git.py
[2026-03-25T14:43:59.383+0000] {processor.py:208} INFO - Processing /opt/airflow/dags/import_from_git.py took 0.077 seconds
[2026-03-25T14:44:30.275+0000] {processor.py:186} INFO - Started process (PID=43923) to work on /opt/airflow/dags/import_from_git.py
[2026-03-25T14:44:30.277+0000] {processor.py:914} INFO - Processing file /opt/airflow/dags/import_from_git.py for tasks to queue
[2026-03-25T14:44:30.281+0000] {logging_mixin.py:190} INFO - [2026-03-25T14:44:30.280+0000] {dagbag.py:588} INFO - Filling up the DagBag from /opt/airflow/dags/import_from_git.py
[2026-03-25T14:44:30.322+0000] {logging_mixin.py:190} INFO - [2026-03-25T14:44:30.320+0000] {dagbag.py:387} ERROR - Failed to import: /opt/airflow/dags/import_from_git.py
Traceback (most recent call last):
  File "/home/airflow/.local/lib/python3.12/site-packages/airflow/models/dagbag.py", line 383, in parse
    loader.exec_module(new_module)
  File "<frozen importlib._bootstrap_external>", line 999, in exec_module
  File "<frozen importlib._bootstrap>", line 488, in _call_with_frames_removed
  File "/opt/airflow/dags/import_from_git.py", line 45, in <module>
    repo_links=get_link();
               ^^^^^^^^^^
  File "/opt/airflow/dags/import_from_git.py", line 4, in get_link
    repo_links=Variable.get("LINKS",deserialize_json=True)
               ^^^^^^^^^^^^^^^^^^^^^^^^^^^^^^^^^^^^^^^^^^^
  File "/home/airflow/.local/lib/python3.12/site-packages/airflow/models/variable.py", line 145, in get
    raise KeyError(f"Variable {key} does not exist")
KeyError: 'Variable LINKS does not exist'
[2026-03-25T14:44:30.323+0000] {processor.py:927} WARNING - No viable dags retrieved from /opt/airflow/dags/import_from_git.py
[2026-03-25T14:44:30.341+0000] {processor.py:208} INFO - Processing /opt/airflow/dags/import_from_git.py took 0.079 seconds
[2026-03-25T14:45:01.222+0000] {processor.py:186} INFO - Started process (PID=43964) to work on /opt/airflow/dags/import_from_git.py
[2026-03-25T14:45:01.224+0000] {processor.py:914} INFO - Processing file /opt/airflow/dags/import_from_git.py for tasks to queue
[2026-03-25T14:45:01.227+0000] {logging_mixin.py:190} INFO - [2026-03-25T14:45:01.227+0000] {dagbag.py:588} INFO - Filling up the DagBag from /opt/airflow/dags/import_from_git.py
[2026-03-25T14:45:01.269+0000] {logging_mixin.py:190} INFO - [2026-03-25T14:45:01.266+0000] {dagbag.py:387} ERROR - Failed to import: /opt/airflow/dags/import_from_git.py
Traceback (most recent call last):
  File "/home/airflow/.local/lib/python3.12/site-packages/airflow/models/dagbag.py", line 383, in parse
    loader.exec_module(new_module)
  File "<frozen importlib._bootstrap_external>", line 999, in exec_module
  File "<frozen importlib._bootstrap>", line 488, in _call_with_frames_removed
  File "/opt/airflow/dags/import_from_git.py", line 45, in <module>
    repo_links=get_link();
               ^^^^^^^^^^
  File "/opt/airflow/dags/import_from_git.py", line 4, in get_link
    repo_links=Variable.get("LINKS",deserialize_json=True)
               ^^^^^^^^^^^^^^^^^^^^^^^^^^^^^^^^^^^^^^^^^^^
  File "/home/airflow/.local/lib/python3.12/site-packages/airflow/models/variable.py", line 145, in get
    raise KeyError(f"Variable {key} does not exist")
KeyError: 'Variable LINKS does not exist'
[2026-03-25T14:45:01.270+0000] {processor.py:927} WARNING - No viable dags retrieved from /opt/airflow/dags/import_from_git.py
[2026-03-25T14:45:01.287+0000] {processor.py:208} INFO - Processing /opt/airflow/dags/import_from_git.py took 0.076 seconds
[2026-03-25T14:45:32.151+0000] {processor.py:186} INFO - Started process (PID=44005) to work on /opt/airflow/dags/import_from_git.py
[2026-03-25T14:45:32.152+0000] {processor.py:914} INFO - Processing file /opt/airflow/dags/import_from_git.py for tasks to queue
[2026-03-25T14:45:32.156+0000] {logging_mixin.py:190} INFO - [2026-03-25T14:45:32.155+0000] {dagbag.py:588} INFO - Filling up the DagBag from /opt/airflow/dags/import_from_git.py
[2026-03-25T14:45:32.194+0000] {logging_mixin.py:190} INFO - [2026-03-25T14:45:32.191+0000] {dagbag.py:387} ERROR - Failed to import: /opt/airflow/dags/import_from_git.py
Traceback (most recent call last):
  File "/home/airflow/.local/lib/python3.12/site-packages/airflow/models/dagbag.py", line 383, in parse
    loader.exec_module(new_module)
  File "<frozen importlib._bootstrap_external>", line 999, in exec_module
  File "<frozen importlib._bootstrap>", line 488, in _call_with_frames_removed
  File "/opt/airflow/dags/import_from_git.py", line 45, in <module>
    repo_links=get_link();
               ^^^^^^^^^^
  File "/opt/airflow/dags/import_from_git.py", line 4, in get_link
    repo_links=Variable.get("LINKS",deserialize_json=True)
               ^^^^^^^^^^^^^^^^^^^^^^^^^^^^^^^^^^^^^^^^^^^
  File "/home/airflow/.local/lib/python3.12/site-packages/airflow/models/variable.py", line 145, in get
    raise KeyError(f"Variable {key} does not exist")
KeyError: 'Variable LINKS does not exist'
[2026-03-25T14:45:32.195+0000] {processor.py:927} WARNING - No viable dags retrieved from /opt/airflow/dags/import_from_git.py
[2026-03-25T14:45:32.212+0000] {processor.py:208} INFO - Processing /opt/airflow/dags/import_from_git.py took 0.072 seconds
[2026-03-25T14:46:03.075+0000] {processor.py:186} INFO - Started process (PID=44046) to work on /opt/airflow/dags/import_from_git.py
[2026-03-25T14:46:03.077+0000] {processor.py:914} INFO - Processing file /opt/airflow/dags/import_from_git.py for tasks to queue
[2026-03-25T14:46:03.082+0000] {logging_mixin.py:190} INFO - [2026-03-25T14:46:03.081+0000] {dagbag.py:588} INFO - Filling up the DagBag from /opt/airflow/dags/import_from_git.py
[2026-03-25T14:46:03.122+0000] {logging_mixin.py:190} INFO - [2026-03-25T14:46:03.120+0000] {dagbag.py:387} ERROR - Failed to import: /opt/airflow/dags/import_from_git.py
Traceback (most recent call last):
  File "/home/airflow/.local/lib/python3.12/site-packages/airflow/models/dagbag.py", line 383, in parse
    loader.exec_module(new_module)
  File "<frozen importlib._bootstrap_external>", line 999, in exec_module
  File "<frozen importlib._bootstrap>", line 488, in _call_with_frames_removed
  File "/opt/airflow/dags/import_from_git.py", line 45, in <module>
    repo_links=get_link();
               ^^^^^^^^^^
  File "/opt/airflow/dags/import_from_git.py", line 4, in get_link
    repo_links=Variable.get("LINKS",deserialize_json=True)
               ^^^^^^^^^^^^^^^^^^^^^^^^^^^^^^^^^^^^^^^^^^^
  File "/home/airflow/.local/lib/python3.12/site-packages/airflow/models/variable.py", line 145, in get
    raise KeyError(f"Variable {key} does not exist")
KeyError: 'Variable LINKS does not exist'
[2026-03-25T14:46:03.124+0000] {processor.py:927} WARNING - No viable dags retrieved from /opt/airflow/dags/import_from_git.py
[2026-03-25T14:46:03.144+0000] {processor.py:208} INFO - Processing /opt/airflow/dags/import_from_git.py took 0.082 seconds
[2026-03-25T14:46:33.992+0000] {processor.py:186} INFO - Started process (PID=44088) to work on /opt/airflow/dags/import_from_git.py
[2026-03-25T14:46:33.994+0000] {processor.py:914} INFO - Processing file /opt/airflow/dags/import_from_git.py for tasks to queue
[2026-03-25T14:46:33.997+0000] {logging_mixin.py:190} INFO - [2026-03-25T14:46:33.997+0000] {dagbag.py:588} INFO - Filling up the DagBag from /opt/airflow/dags/import_from_git.py
[2026-03-25T14:46:34.035+0000] {logging_mixin.py:190} INFO - [2026-03-25T14:46:34.032+0000] {dagbag.py:387} ERROR - Failed to import: /opt/airflow/dags/import_from_git.py
Traceback (most recent call last):
  File "/home/airflow/.local/lib/python3.12/site-packages/airflow/models/dagbag.py", line 383, in parse
    loader.exec_module(new_module)
  File "<frozen importlib._bootstrap_external>", line 999, in exec_module
  File "<frozen importlib._bootstrap>", line 488, in _call_with_frames_removed
  File "/opt/airflow/dags/import_from_git.py", line 45, in <module>
    repo_links=get_link();
               ^^^^^^^^^^
  File "/opt/airflow/dags/import_from_git.py", line 4, in get_link
    repo_links=Variable.get("LINKS",deserialize_json=True)
               ^^^^^^^^^^^^^^^^^^^^^^^^^^^^^^^^^^^^^^^^^^^
  File "/home/airflow/.local/lib/python3.12/site-packages/airflow/models/variable.py", line 145, in get
    raise KeyError(f"Variable {key} does not exist")
KeyError: 'Variable LINKS does not exist'
[2026-03-25T14:46:34.036+0000] {processor.py:927} WARNING - No viable dags retrieved from /opt/airflow/dags/import_from_git.py
[2026-03-25T14:46:34.055+0000] {processor.py:208} INFO - Processing /opt/airflow/dags/import_from_git.py took 0.073 seconds
[2026-03-25T14:47:04.920+0000] {processor.py:186} INFO - Started process (PID=44129) to work on /opt/airflow/dags/import_from_git.py
[2026-03-25T14:47:04.922+0000] {processor.py:914} INFO - Processing file /opt/airflow/dags/import_from_git.py for tasks to queue
[2026-03-25T14:47:04.926+0000] {logging_mixin.py:190} INFO - [2026-03-25T14:47:04.925+0000] {dagbag.py:588} INFO - Filling up the DagBag from /opt/airflow/dags/import_from_git.py
[2026-03-25T14:47:04.964+0000] {logging_mixin.py:190} INFO - [2026-03-25T14:47:04.961+0000] {dagbag.py:387} ERROR - Failed to import: /opt/airflow/dags/import_from_git.py
Traceback (most recent call last):
  File "/home/airflow/.local/lib/python3.12/site-packages/airflow/models/dagbag.py", line 383, in parse
    loader.exec_module(new_module)
  File "<frozen importlib._bootstrap_external>", line 999, in exec_module
  File "<frozen importlib._bootstrap>", line 488, in _call_with_frames_removed
  File "/opt/airflow/dags/import_from_git.py", line 45, in <module>
    repo_links=get_link();
               ^^^^^^^^^^
  File "/opt/airflow/dags/import_from_git.py", line 4, in get_link
    repo_links=Variable.get("LINKS",deserialize_json=True)
               ^^^^^^^^^^^^^^^^^^^^^^^^^^^^^^^^^^^^^^^^^^^
  File "/home/airflow/.local/lib/python3.12/site-packages/airflow/models/variable.py", line 145, in get
    raise KeyError(f"Variable {key} does not exist")
KeyError: 'Variable LINKS does not exist'
[2026-03-25T14:47:04.965+0000] {processor.py:927} WARNING - No viable dags retrieved from /opt/airflow/dags/import_from_git.py
[2026-03-25T14:47:04.986+0000] {processor.py:208} INFO - Processing /opt/airflow/dags/import_from_git.py took 0.076 seconds
[2026-03-25T14:47:35.859+0000] {processor.py:186} INFO - Started process (PID=44170) to work on /opt/airflow/dags/import_from_git.py
[2026-03-25T14:47:35.860+0000] {processor.py:914} INFO - Processing file /opt/airflow/dags/import_from_git.py for tasks to queue
[2026-03-25T14:47:35.863+0000] {logging_mixin.py:190} INFO - [2026-03-25T14:47:35.863+0000] {dagbag.py:588} INFO - Filling up the DagBag from /opt/airflow/dags/import_from_git.py
[2026-03-25T14:47:35.900+0000] {logging_mixin.py:190} INFO - [2026-03-25T14:47:35.898+0000] {dagbag.py:387} ERROR - Failed to import: /opt/airflow/dags/import_from_git.py
Traceback (most recent call last):
  File "/home/airflow/.local/lib/python3.12/site-packages/airflow/models/dagbag.py", line 383, in parse
    loader.exec_module(new_module)
  File "<frozen importlib._bootstrap_external>", line 999, in exec_module
  File "<frozen importlib._bootstrap>", line 488, in _call_with_frames_removed
  File "/opt/airflow/dags/import_from_git.py", line 45, in <module>
    repo_links=get_link();
               ^^^^^^^^^^
  File "/opt/airflow/dags/import_from_git.py", line 4, in get_link
    repo_links=Variable.get("LINKS",deserialize_json=True)
               ^^^^^^^^^^^^^^^^^^^^^^^^^^^^^^^^^^^^^^^^^^^
  File "/home/airflow/.local/lib/python3.12/site-packages/airflow/models/variable.py", line 145, in get
    raise KeyError(f"Variable {key} does not exist")
KeyError: 'Variable LINKS does not exist'
[2026-03-25T14:47:35.902+0000] {processor.py:927} WARNING - No viable dags retrieved from /opt/airflow/dags/import_from_git.py
[2026-03-25T14:47:35.919+0000] {processor.py:208} INFO - Processing /opt/airflow/dags/import_from_git.py took 0.070 seconds
[2026-03-25T14:48:06.796+0000] {processor.py:186} INFO - Started process (PID=44211) to work on /opt/airflow/dags/import_from_git.py
[2026-03-25T14:48:06.797+0000] {processor.py:914} INFO - Processing file /opt/airflow/dags/import_from_git.py for tasks to queue
[2026-03-25T14:48:06.801+0000] {logging_mixin.py:190} INFO - [2026-03-25T14:48:06.800+0000] {dagbag.py:588} INFO - Filling up the DagBag from /opt/airflow/dags/import_from_git.py
[2026-03-25T14:48:06.842+0000] {logging_mixin.py:190} INFO - [2026-03-25T14:48:06.840+0000] {dagbag.py:387} ERROR - Failed to import: /opt/airflow/dags/import_from_git.py
Traceback (most recent call last):
  File "/home/airflow/.local/lib/python3.12/site-packages/airflow/models/dagbag.py", line 383, in parse
    loader.exec_module(new_module)
  File "<frozen importlib._bootstrap_external>", line 999, in exec_module
  File "<frozen importlib._bootstrap>", line 488, in _call_with_frames_removed
  File "/opt/airflow/dags/import_from_git.py", line 45, in <module>
    repo_links=get_link();
               ^^^^^^^^^^
  File "/opt/airflow/dags/import_from_git.py", line 4, in get_link
    repo_links=Variable.get("LINKS",deserialize_json=True)
               ^^^^^^^^^^^^^^^^^^^^^^^^^^^^^^^^^^^^^^^^^^^
  File "/home/airflow/.local/lib/python3.12/site-packages/airflow/models/variable.py", line 145, in get
    raise KeyError(f"Variable {key} does not exist")
KeyError: 'Variable LINKS does not exist'
[2026-03-25T14:48:06.844+0000] {processor.py:927} WARNING - No viable dags retrieved from /opt/airflow/dags/import_from_git.py
[2026-03-25T14:48:06.864+0000] {processor.py:208} INFO - Processing /opt/airflow/dags/import_from_git.py took 0.079 seconds
[2026-03-25T14:48:37.757+0000] {processor.py:186} INFO - Started process (PID=44252) to work on /opt/airflow/dags/import_from_git.py
[2026-03-25T14:48:37.759+0000] {processor.py:914} INFO - Processing file /opt/airflow/dags/import_from_git.py for tasks to queue
[2026-03-25T14:48:37.763+0000] {logging_mixin.py:190} INFO - [2026-03-25T14:48:37.762+0000] {dagbag.py:588} INFO - Filling up the DagBag from /opt/airflow/dags/import_from_git.py
[2026-03-25T14:48:37.803+0000] {logging_mixin.py:190} INFO - [2026-03-25T14:48:37.799+0000] {dagbag.py:387} ERROR - Failed to import: /opt/airflow/dags/import_from_git.py
Traceback (most recent call last):
  File "/home/airflow/.local/lib/python3.12/site-packages/airflow/models/dagbag.py", line 383, in parse
    loader.exec_module(new_module)
  File "<frozen importlib._bootstrap_external>", line 999, in exec_module
  File "<frozen importlib._bootstrap>", line 488, in _call_with_frames_removed
  File "/opt/airflow/dags/import_from_git.py", line 45, in <module>
    repo_links=get_link();
               ^^^^^^^^^^
  File "/opt/airflow/dags/import_from_git.py", line 4, in get_link
    repo_links=Variable.get("LINKS",deserialize_json=True)
               ^^^^^^^^^^^^^^^^^^^^^^^^^^^^^^^^^^^^^^^^^^^
  File "/home/airflow/.local/lib/python3.12/site-packages/airflow/models/variable.py", line 145, in get
    raise KeyError(f"Variable {key} does not exist")
KeyError: 'Variable LINKS does not exist'
[2026-03-25T14:48:37.805+0000] {processor.py:927} WARNING - No viable dags retrieved from /opt/airflow/dags/import_from_git.py
[2026-03-25T14:48:37.824+0000] {processor.py:208} INFO - Processing /opt/airflow/dags/import_from_git.py took 0.078 seconds
[2026-03-25T19:13:11.536+0000] {processor.py:186} INFO - Started process (PID=44293) to work on /opt/airflow/dags/import_from_git.py
[2026-03-25T19:13:11.538+0000] {processor.py:914} INFO - Processing file /opt/airflow/dags/import_from_git.py for tasks to queue
[2026-03-25T19:13:11.542+0000] {logging_mixin.py:190} INFO - [2026-03-25T19:13:11.541+0000] {dagbag.py:588} INFO - Filling up the DagBag from /opt/airflow/dags/import_from_git.py
[2026-03-25T19:13:11.586+0000] {logging_mixin.py:190} INFO - [2026-03-25T19:13:11.584+0000] {dagbag.py:387} ERROR - Failed to import: /opt/airflow/dags/import_from_git.py
Traceback (most recent call last):
  File "/home/airflow/.local/lib/python3.12/site-packages/airflow/models/dagbag.py", line 383, in parse
    loader.exec_module(new_module)
  File "<frozen importlib._bootstrap_external>", line 999, in exec_module
  File "<frozen importlib._bootstrap>", line 488, in _call_with_frames_removed
  File "/opt/airflow/dags/import_from_git.py", line 45, in <module>
    repo_links=get_link();
               ^^^^^^^^^^
  File "/opt/airflow/dags/import_from_git.py", line 4, in get_link
    repo_links=Variable.get("LINKS",deserialize_json=True)
               ^^^^^^^^^^^^^^^^^^^^^^^^^^^^^^^^^^^^^^^^^^^
  File "/home/airflow/.local/lib/python3.12/site-packages/airflow/models/variable.py", line 145, in get
    raise KeyError(f"Variable {key} does not exist")
KeyError: 'Variable LINKS does not exist'
[2026-03-25T19:13:11.588+0000] {processor.py:927} WARNING - No viable dags retrieved from /opt/airflow/dags/import_from_git.py
[2026-03-25T19:13:11.606+0000] {processor.py:208} INFO - Processing /opt/airflow/dags/import_from_git.py took 0.084 seconds
[2026-03-25T19:13:42.422+0000] {processor.py:186} INFO - Started process (PID=44334) to work on /opt/airflow/dags/import_from_git.py
[2026-03-25T19:13:42.423+0000] {processor.py:914} INFO - Processing file /opt/airflow/dags/import_from_git.py for tasks to queue
[2026-03-25T19:13:42.426+0000] {logging_mixin.py:190} INFO - [2026-03-25T19:13:42.426+0000] {dagbag.py:588} INFO - Filling up the DagBag from /opt/airflow/dags/import_from_git.py
[2026-03-25T19:13:42.456+0000] {logging_mixin.py:190} INFO - [2026-03-25T19:13:42.454+0000] {dagbag.py:387} ERROR - Failed to import: /opt/airflow/dags/import_from_git.py
Traceback (most recent call last):
  File "/home/airflow/.local/lib/python3.12/site-packages/airflow/models/dagbag.py", line 383, in parse
    loader.exec_module(new_module)
  File "<frozen importlib._bootstrap_external>", line 999, in exec_module
  File "<frozen importlib._bootstrap>", line 488, in _call_with_frames_removed
  File "/opt/airflow/dags/import_from_git.py", line 45, in <module>
    repo_links=get_link();
               ^^^^^^^^^^
  File "/opt/airflow/dags/import_from_git.py", line 4, in get_link
    repo_links=Variable.get("LINKS",deserialize_json=True)
               ^^^^^^^^^^^^^^^^^^^^^^^^^^^^^^^^^^^^^^^^^^^
  File "/home/airflow/.local/lib/python3.12/site-packages/airflow/models/variable.py", line 145, in get
    raise KeyError(f"Variable {key} does not exist")
KeyError: 'Variable LINKS does not exist'
[2026-03-25T19:13:42.457+0000] {processor.py:927} WARNING - No viable dags retrieved from /opt/airflow/dags/import_from_git.py
[2026-03-25T19:13:42.473+0000] {processor.py:208} INFO - Processing /opt/airflow/dags/import_from_git.py took 0.059 seconds
[2026-03-25T19:14:13.196+0000] {processor.py:186} INFO - Started process (PID=44375) to work on /opt/airflow/dags/import_from_git.py
[2026-03-25T19:14:13.198+0000] {processor.py:914} INFO - Processing file /opt/airflow/dags/import_from_git.py for tasks to queue
[2026-03-25T19:14:13.201+0000] {logging_mixin.py:190} INFO - [2026-03-25T19:14:13.200+0000] {dagbag.py:588} INFO - Filling up the DagBag from /opt/airflow/dags/import_from_git.py
[2026-03-25T19:14:13.227+0000] {logging_mixin.py:190} INFO - [2026-03-25T19:14:13.225+0000] {dagbag.py:387} ERROR - Failed to import: /opt/airflow/dags/import_from_git.py
Traceback (most recent call last):
  File "/home/airflow/.local/lib/python3.12/site-packages/airflow/models/dagbag.py", line 383, in parse
    loader.exec_module(new_module)
  File "<frozen importlib._bootstrap_external>", line 999, in exec_module
  File "<frozen importlib._bootstrap>", line 488, in _call_with_frames_removed
  File "/opt/airflow/dags/import_from_git.py", line 45, in <module>
    repo_links=get_link();
               ^^^^^^^^^^
  File "/opt/airflow/dags/import_from_git.py", line 4, in get_link
    repo_links=Variable.get("LINKS",deserialize_json=True)
               ^^^^^^^^^^^^^^^^^^^^^^^^^^^^^^^^^^^^^^^^^^^
  File "/home/airflow/.local/lib/python3.12/site-packages/airflow/models/variable.py", line 145, in get
    raise KeyError(f"Variable {key} does not exist")
KeyError: 'Variable LINKS does not exist'
[2026-03-25T19:14:13.227+0000] {processor.py:927} WARNING - No viable dags retrieved from /opt/airflow/dags/import_from_git.py
[2026-03-25T19:14:13.241+0000] {processor.py:208} INFO - Processing /opt/airflow/dags/import_from_git.py took 0.053 seconds
[2026-03-25T19:14:44.011+0000] {processor.py:186} INFO - Started process (PID=44416) to work on /opt/airflow/dags/import_from_git.py
[2026-03-25T19:14:44.012+0000] {processor.py:914} INFO - Processing file /opt/airflow/dags/import_from_git.py for tasks to queue
[2026-03-25T19:14:44.015+0000] {logging_mixin.py:190} INFO - [2026-03-25T19:14:44.015+0000] {dagbag.py:588} INFO - Filling up the DagBag from /opt/airflow/dags/import_from_git.py
[2026-03-25T19:14:44.051+0000] {logging_mixin.py:190} INFO - [2026-03-25T19:14:44.049+0000] {dagbag.py:387} ERROR - Failed to import: /opt/airflow/dags/import_from_git.py
Traceback (most recent call last):
  File "/home/airflow/.local/lib/python3.12/site-packages/airflow/models/dagbag.py", line 383, in parse
    loader.exec_module(new_module)
  File "<frozen importlib._bootstrap_external>", line 999, in exec_module
  File "<frozen importlib._bootstrap>", line 488, in _call_with_frames_removed
  File "/opt/airflow/dags/import_from_git.py", line 45, in <module>
    repo_links=get_link();
               ^^^^^^^^^^
  File "/opt/airflow/dags/import_from_git.py", line 4, in get_link
    repo_links=Variable.get("LINKS",deserialize_json=True)
               ^^^^^^^^^^^^^^^^^^^^^^^^^^^^^^^^^^^^^^^^^^^
  File "/home/airflow/.local/lib/python3.12/site-packages/airflow/models/variable.py", line 145, in get
    raise KeyError(f"Variable {key} does not exist")
KeyError: 'Variable LINKS does not exist'
[2026-03-25T19:14:44.051+0000] {processor.py:927} WARNING - No viable dags retrieved from /opt/airflow/dags/import_from_git.py
[2026-03-25T19:14:44.065+0000] {processor.py:208} INFO - Processing /opt/airflow/dags/import_from_git.py took 0.060 seconds
[2026-03-25T19:15:14.828+0000] {processor.py:186} INFO - Started process (PID=44457) to work on /opt/airflow/dags/import_from_git.py
[2026-03-25T19:15:14.829+0000] {processor.py:914} INFO - Processing file /opt/airflow/dags/import_from_git.py for tasks to queue
[2026-03-25T19:15:14.833+0000] {logging_mixin.py:190} INFO - [2026-03-25T19:15:14.832+0000] {dagbag.py:588} INFO - Filling up the DagBag from /opt/airflow/dags/import_from_git.py
[2026-03-25T19:15:14.864+0000] {logging_mixin.py:190} INFO - [2026-03-25T19:15:14.862+0000] {dagbag.py:387} ERROR - Failed to import: /opt/airflow/dags/import_from_git.py
Traceback (most recent call last):
  File "/home/airflow/.local/lib/python3.12/site-packages/airflow/models/dagbag.py", line 383, in parse
    loader.exec_module(new_module)
  File "<frozen importlib._bootstrap_external>", line 999, in exec_module
  File "<frozen importlib._bootstrap>", line 488, in _call_with_frames_removed
  File "/opt/airflow/dags/import_from_git.py", line 45, in <module>
    repo_links=get_link();
               ^^^^^^^^^^
  File "/opt/airflow/dags/import_from_git.py", line 4, in get_link
    repo_links=Variable.get("LINKS",deserialize_json=True)
               ^^^^^^^^^^^^^^^^^^^^^^^^^^^^^^^^^^^^^^^^^^^
  File "/home/airflow/.local/lib/python3.12/site-packages/airflow/models/variable.py", line 145, in get
    raise KeyError(f"Variable {key} does not exist")
KeyError: 'Variable LINKS does not exist'
[2026-03-25T19:15:14.865+0000] {processor.py:927} WARNING - No viable dags retrieved from /opt/airflow/dags/import_from_git.py
[2026-03-25T19:15:14.881+0000] {processor.py:208} INFO - Processing /opt/airflow/dags/import_from_git.py took 0.063 seconds
[2026-03-25T19:15:45.603+0000] {processor.py:186} INFO - Started process (PID=44498) to work on /opt/airflow/dags/import_from_git.py
[2026-03-25T19:15:45.604+0000] {processor.py:914} INFO - Processing file /opt/airflow/dags/import_from_git.py for tasks to queue
[2026-03-25T19:15:45.608+0000] {logging_mixin.py:190} INFO - [2026-03-25T19:15:45.607+0000] {dagbag.py:588} INFO - Filling up the DagBag from /opt/airflow/dags/import_from_git.py
[2026-03-25T19:15:45.643+0000] {logging_mixin.py:190} INFO - [2026-03-25T19:15:45.640+0000] {dagbag.py:387} ERROR - Failed to import: /opt/airflow/dags/import_from_git.py
Traceback (most recent call last):
  File "/home/airflow/.local/lib/python3.12/site-packages/airflow/models/dagbag.py", line 383, in parse
    loader.exec_module(new_module)
  File "<frozen importlib._bootstrap_external>", line 999, in exec_module
  File "<frozen importlib._bootstrap>", line 488, in _call_with_frames_removed
  File "/opt/airflow/dags/import_from_git.py", line 45, in <module>
    repo_links=get_link();
               ^^^^^^^^^^
  File "/opt/airflow/dags/import_from_git.py", line 4, in get_link
    repo_links=Variable.get("LINKS",deserialize_json=True)
               ^^^^^^^^^^^^^^^^^^^^^^^^^^^^^^^^^^^^^^^^^^^
  File "/home/airflow/.local/lib/python3.12/site-packages/airflow/models/variable.py", line 145, in get
    raise KeyError(f"Variable {key} does not exist")
KeyError: 'Variable LINKS does not exist'
[2026-03-25T19:15:45.644+0000] {processor.py:927} WARNING - No viable dags retrieved from /opt/airflow/dags/import_from_git.py
[2026-03-25T19:15:45.661+0000] {processor.py:208} INFO - Processing /opt/airflow/dags/import_from_git.py took 0.069 seconds
[2026-03-25T19:16:16.382+0000] {processor.py:186} INFO - Started process (PID=44539) to work on /opt/airflow/dags/import_from_git.py
[2026-03-25T19:16:16.383+0000] {processor.py:914} INFO - Processing file /opt/airflow/dags/import_from_git.py for tasks to queue
[2026-03-25T19:16:16.385+0000] {logging_mixin.py:190} INFO - [2026-03-25T19:16:16.385+0000] {dagbag.py:588} INFO - Filling up the DagBag from /opt/airflow/dags/import_from_git.py
[2026-03-25T19:16:16.414+0000] {logging_mixin.py:190} INFO - [2026-03-25T19:16:16.412+0000] {dagbag.py:387} ERROR - Failed to import: /opt/airflow/dags/import_from_git.py
Traceback (most recent call last):
  File "/home/airflow/.local/lib/python3.12/site-packages/airflow/models/dagbag.py", line 383, in parse
    loader.exec_module(new_module)
  File "<frozen importlib._bootstrap_external>", line 999, in exec_module
  File "<frozen importlib._bootstrap>", line 488, in _call_with_frames_removed
  File "/opt/airflow/dags/import_from_git.py", line 45, in <module>
    repo_links=get_link();
               ^^^^^^^^^^
  File "/opt/airflow/dags/import_from_git.py", line 4, in get_link
    repo_links=Variable.get("LINKS",deserialize_json=True)
               ^^^^^^^^^^^^^^^^^^^^^^^^^^^^^^^^^^^^^^^^^^^
  File "/home/airflow/.local/lib/python3.12/site-packages/airflow/models/variable.py", line 145, in get
    raise KeyError(f"Variable {key} does not exist")
KeyError: 'Variable LINKS does not exist'
[2026-03-25T19:16:16.415+0000] {processor.py:927} WARNING - No viable dags retrieved from /opt/airflow/dags/import_from_git.py
[2026-03-25T19:16:16.427+0000] {processor.py:208} INFO - Processing /opt/airflow/dags/import_from_git.py took 0.051 seconds
[2026-03-25T19:16:47.142+0000] {processor.py:186} INFO - Started process (PID=44580) to work on /opt/airflow/dags/import_from_git.py
[2026-03-25T19:16:47.144+0000] {processor.py:914} INFO - Processing file /opt/airflow/dags/import_from_git.py for tasks to queue
[2026-03-25T19:16:47.147+0000] {logging_mixin.py:190} INFO - [2026-03-25T19:16:47.146+0000] {dagbag.py:588} INFO - Filling up the DagBag from /opt/airflow/dags/import_from_git.py
[2026-03-25T19:16:47.188+0000] {logging_mixin.py:190} INFO - [2026-03-25T19:16:47.185+0000] {dagbag.py:387} ERROR - Failed to import: /opt/airflow/dags/import_from_git.py
Traceback (most recent call last):
  File "/home/airflow/.local/lib/python3.12/site-packages/airflow/models/dagbag.py", line 383, in parse
    loader.exec_module(new_module)
  File "<frozen importlib._bootstrap_external>", line 999, in exec_module
  File "<frozen importlib._bootstrap>", line 488, in _call_with_frames_removed
  File "/opt/airflow/dags/import_from_git.py", line 45, in <module>
    repo_links=get_link();
               ^^^^^^^^^^
  File "/opt/airflow/dags/import_from_git.py", line 4, in get_link
    repo_links=Variable.get("LINKS",deserialize_json=True)
               ^^^^^^^^^^^^^^^^^^^^^^^^^^^^^^^^^^^^^^^^^^^
  File "/home/airflow/.local/lib/python3.12/site-packages/airflow/models/variable.py", line 145, in get
    raise KeyError(f"Variable {key} does not exist")
KeyError: 'Variable LINKS does not exist'
[2026-03-25T19:16:47.191+0000] {processor.py:927} WARNING - No viable dags retrieved from /opt/airflow/dags/import_from_git.py
[2026-03-25T19:16:47.209+0000] {processor.py:208} INFO - Processing /opt/airflow/dags/import_from_git.py took 0.077 seconds
[2026-03-25T19:18:33.430+0000] {processor.py:186} INFO - Started process (PID=44623) to work on /opt/airflow/dags/import_from_git.py
[2026-03-25T19:18:33.431+0000] {processor.py:914} INFO - Processing file /opt/airflow/dags/import_from_git.py for tasks to queue
[2026-03-25T19:18:33.434+0000] {logging_mixin.py:190} INFO - [2026-03-25T19:18:33.433+0000] {dagbag.py:588} INFO - Filling up the DagBag from /opt/airflow/dags/import_from_git.py
[2026-03-25T19:18:33.467+0000] {logging_mixin.py:190} INFO - [2026-03-25T19:18:33.465+0000] {dagbag.py:387} ERROR - Failed to import: /opt/airflow/dags/import_from_git.py
Traceback (most recent call last):
  File "/home/airflow/.local/lib/python3.12/site-packages/airflow/models/dagbag.py", line 383, in parse
    loader.exec_module(new_module)
  File "<frozen importlib._bootstrap_external>", line 999, in exec_module
  File "<frozen importlib._bootstrap>", line 488, in _call_with_frames_removed
  File "/opt/airflow/dags/import_from_git.py", line 45, in <module>
    repo_links=get_link();
               ^^^^^^^^^^
  File "/opt/airflow/dags/import_from_git.py", line 4, in get_link
    repo_links=Variable.get("LINKS",deserialize_json=True)
               ^^^^^^^^^^^^^^^^^^^^^^^^^^^^^^^^^^^^^^^^^^^
  File "/home/airflow/.local/lib/python3.12/site-packages/airflow/models/variable.py", line 145, in get
    raise KeyError(f"Variable {key} does not exist")
KeyError: 'Variable LINKS does not exist'
[2026-03-25T19:18:33.467+0000] {processor.py:927} WARNING - No viable dags retrieved from /opt/airflow/dags/import_from_git.py
[2026-03-25T19:18:33.479+0000] {processor.py:208} INFO - Processing /opt/airflow/dags/import_from_git.py took 0.057 seconds
[2026-03-25T19:19:04.171+0000] {processor.py:186} INFO - Started process (PID=44662) to work on /opt/airflow/dags/import_from_git.py
[2026-03-25T19:19:04.172+0000] {processor.py:914} INFO - Processing file /opt/airflow/dags/import_from_git.py for tasks to queue
[2026-03-25T19:19:04.175+0000] {logging_mixin.py:190} INFO - [2026-03-25T19:19:04.174+0000] {dagbag.py:588} INFO - Filling up the DagBag from /opt/airflow/dags/import_from_git.py
[2026-03-25T19:19:04.204+0000] {logging_mixin.py:190} INFO - [2026-03-25T19:19:04.202+0000] {dagbag.py:387} ERROR - Failed to import: /opt/airflow/dags/import_from_git.py
Traceback (most recent call last):
  File "/home/airflow/.local/lib/python3.12/site-packages/airflow/models/dagbag.py", line 383, in parse
    loader.exec_module(new_module)
  File "<frozen importlib._bootstrap_external>", line 999, in exec_module
  File "<frozen importlib._bootstrap>", line 488, in _call_with_frames_removed
  File "/opt/airflow/dags/import_from_git.py", line 45, in <module>
    repo_links=get_link();
               ^^^^^^^^^^
  File "/opt/airflow/dags/import_from_git.py", line 4, in get_link
    repo_links=Variable.get("LINKS",deserialize_json=True)
               ^^^^^^^^^^^^^^^^^^^^^^^^^^^^^^^^^^^^^^^^^^^
  File "/home/airflow/.local/lib/python3.12/site-packages/airflow/models/variable.py", line 145, in get
    raise KeyError(f"Variable {key} does not exist")
KeyError: 'Variable LINKS does not exist'
[2026-03-25T19:19:04.205+0000] {processor.py:927} WARNING - No viable dags retrieved from /opt/airflow/dags/import_from_git.py
[2026-03-25T19:19:04.217+0000] {processor.py:208} INFO - Processing /opt/airflow/dags/import_from_git.py took 0.053 seconds
[2026-03-25T19:19:34.912+0000] {processor.py:186} INFO - Started process (PID=44704) to work on /opt/airflow/dags/import_from_git.py
[2026-03-25T19:19:34.913+0000] {processor.py:914} INFO - Processing file /opt/airflow/dags/import_from_git.py for tasks to queue
[2026-03-25T19:19:34.916+0000] {logging_mixin.py:190} INFO - [2026-03-25T19:19:34.915+0000] {dagbag.py:588} INFO - Filling up the DagBag from /opt/airflow/dags/import_from_git.py
[2026-03-25T19:19:34.943+0000] {logging_mixin.py:190} INFO - [2026-03-25T19:19:34.941+0000] {dagbag.py:387} ERROR - Failed to import: /opt/airflow/dags/import_from_git.py
Traceback (most recent call last):
  File "/home/airflow/.local/lib/python3.12/site-packages/airflow/models/dagbag.py", line 383, in parse
    loader.exec_module(new_module)
  File "<frozen importlib._bootstrap_external>", line 999, in exec_module
  File "<frozen importlib._bootstrap>", line 488, in _call_with_frames_removed
  File "/opt/airflow/dags/import_from_git.py", line 45, in <module>
    repo_links=get_link();
               ^^^^^^^^^^
  File "/opt/airflow/dags/import_from_git.py", line 4, in get_link
    repo_links=Variable.get("LINKS",deserialize_json=True)
               ^^^^^^^^^^^^^^^^^^^^^^^^^^^^^^^^^^^^^^^^^^^
  File "/home/airflow/.local/lib/python3.12/site-packages/airflow/models/variable.py", line 145, in get
    raise KeyError(f"Variable {key} does not exist")
KeyError: 'Variable LINKS does not exist'
[2026-03-25T19:19:34.944+0000] {processor.py:927} WARNING - No viable dags retrieved from /opt/airflow/dags/import_from_git.py
[2026-03-25T19:19:34.957+0000] {processor.py:208} INFO - Processing /opt/airflow/dags/import_from_git.py took 0.052 seconds
[2026-03-25T19:20:05.679+0000] {processor.py:186} INFO - Started process (PID=44745) to work on /opt/airflow/dags/import_from_git.py
[2026-03-25T19:20:05.680+0000] {processor.py:914} INFO - Processing file /opt/airflow/dags/import_from_git.py for tasks to queue
[2026-03-25T19:20:05.683+0000] {logging_mixin.py:190} INFO - [2026-03-25T19:20:05.682+0000] {dagbag.py:588} INFO - Filling up the DagBag from /opt/airflow/dags/import_from_git.py
[2026-03-25T19:20:05.719+0000] {logging_mixin.py:190} INFO - [2026-03-25T19:20:05.717+0000] {dagbag.py:387} ERROR - Failed to import: /opt/airflow/dags/import_from_git.py
Traceback (most recent call last):
  File "/home/airflow/.local/lib/python3.12/site-packages/airflow/models/dagbag.py", line 383, in parse
    loader.exec_module(new_module)
  File "<frozen importlib._bootstrap_external>", line 999, in exec_module
  File "<frozen importlib._bootstrap>", line 488, in _call_with_frames_removed
  File "/opt/airflow/dags/import_from_git.py", line 45, in <module>
    repo_links=get_link();
               ^^^^^^^^^^
  File "/opt/airflow/dags/import_from_git.py", line 4, in get_link
    repo_links=Variable.get("LINKS",deserialize_json=True)
               ^^^^^^^^^^^^^^^^^^^^^^^^^^^^^^^^^^^^^^^^^^^
  File "/home/airflow/.local/lib/python3.12/site-packages/airflow/models/variable.py", line 145, in get
    raise KeyError(f"Variable {key} does not exist")
KeyError: 'Variable LINKS does not exist'
[2026-03-25T19:20:05.720+0000] {processor.py:927} WARNING - No viable dags retrieved from /opt/airflow/dags/import_from_git.py
[2026-03-25T19:20:05.731+0000] {processor.py:208} INFO - Processing /opt/airflow/dags/import_from_git.py took 0.060 seconds
[2026-03-25T19:20:36.431+0000] {processor.py:186} INFO - Started process (PID=44786) to work on /opt/airflow/dags/import_from_git.py
[2026-03-25T19:20:36.432+0000] {processor.py:914} INFO - Processing file /opt/airflow/dags/import_from_git.py for tasks to queue
[2026-03-25T19:20:36.434+0000] {logging_mixin.py:190} INFO - [2026-03-25T19:20:36.434+0000] {dagbag.py:588} INFO - Filling up the DagBag from /opt/airflow/dags/import_from_git.py
[2026-03-25T19:20:36.465+0000] {logging_mixin.py:190} INFO - [2026-03-25T19:20:36.463+0000] {dagbag.py:387} ERROR - Failed to import: /opt/airflow/dags/import_from_git.py
Traceback (most recent call last):
  File "/home/airflow/.local/lib/python3.12/site-packages/airflow/models/dagbag.py", line 383, in parse
    loader.exec_module(new_module)
  File "<frozen importlib._bootstrap_external>", line 999, in exec_module
  File "<frozen importlib._bootstrap>", line 488, in _call_with_frames_removed
  File "/opt/airflow/dags/import_from_git.py", line 45, in <module>
    repo_links=get_link();
               ^^^^^^^^^^
  File "/opt/airflow/dags/import_from_git.py", line 4, in get_link
    repo_links=Variable.get("LINKS",deserialize_json=True)
               ^^^^^^^^^^^^^^^^^^^^^^^^^^^^^^^^^^^^^^^^^^^
  File "/home/airflow/.local/lib/python3.12/site-packages/airflow/models/variable.py", line 145, in get
    raise KeyError(f"Variable {key} does not exist")
KeyError: 'Variable LINKS does not exist'
[2026-03-25T19:20:36.466+0000] {processor.py:927} WARNING - No viable dags retrieved from /opt/airflow/dags/import_from_git.py
[2026-03-25T19:20:36.481+0000] {processor.py:208} INFO - Processing /opt/airflow/dags/import_from_git.py took 0.058 seconds
[2026-03-25T19:21:07.255+0000] {processor.py:186} INFO - Started process (PID=44827) to work on /opt/airflow/dags/import_from_git.py
[2026-03-25T19:21:07.256+0000] {processor.py:914} INFO - Processing file /opt/airflow/dags/import_from_git.py for tasks to queue
[2026-03-25T19:21:07.259+0000] {logging_mixin.py:190} INFO - [2026-03-25T19:21:07.258+0000] {dagbag.py:588} INFO - Filling up the DagBag from /opt/airflow/dags/import_from_git.py
[2026-03-25T19:21:07.298+0000] {logging_mixin.py:190} INFO - [2026-03-25T19:21:07.295+0000] {dagbag.py:387} ERROR - Failed to import: /opt/airflow/dags/import_from_git.py
Traceback (most recent call last):
  File "/home/airflow/.local/lib/python3.12/site-packages/airflow/models/dagbag.py", line 383, in parse
    loader.exec_module(new_module)
  File "<frozen importlib._bootstrap_external>", line 999, in exec_module
  File "<frozen importlib._bootstrap>", line 488, in _call_with_frames_removed
  File "/opt/airflow/dags/import_from_git.py", line 45, in <module>
    repo_links=get_link();
               ^^^^^^^^^^
  File "/opt/airflow/dags/import_from_git.py", line 4, in get_link
    repo_links=Variable.get("LINKS",deserialize_json=True)
               ^^^^^^^^^^^^^^^^^^^^^^^^^^^^^^^^^^^^^^^^^^^
  File "/home/airflow/.local/lib/python3.12/site-packages/airflow/models/variable.py", line 145, in get
    raise KeyError(f"Variable {key} does not exist")
KeyError: 'Variable LINKS does not exist'
[2026-03-25T19:21:07.299+0000] {processor.py:927} WARNING - No viable dags retrieved from /opt/airflow/dags/import_from_git.py
[2026-03-25T19:21:07.318+0000] {processor.py:208} INFO - Processing /opt/airflow/dags/import_from_git.py took 0.073 seconds
[2026-03-25T19:21:38.036+0000] {processor.py:186} INFO - Started process (PID=44874) to work on /opt/airflow/dags/import_from_git.py
[2026-03-25T19:21:38.037+0000] {processor.py:914} INFO - Processing file /opt/airflow/dags/import_from_git.py for tasks to queue
[2026-03-25T19:21:38.040+0000] {logging_mixin.py:190} INFO - [2026-03-25T19:21:38.040+0000] {dagbag.py:588} INFO - Filling up the DagBag from /opt/airflow/dags/import_from_git.py
[2026-03-25T19:21:38.073+0000] {logging_mixin.py:190} INFO - [2026-03-25T19:21:38.071+0000] {dagbag.py:387} ERROR - Failed to import: /opt/airflow/dags/import_from_git.py
Traceback (most recent call last):
  File "/home/airflow/.local/lib/python3.12/site-packages/airflow/models/dagbag.py", line 383, in parse
    loader.exec_module(new_module)
  File "<frozen importlib._bootstrap_external>", line 999, in exec_module
  File "<frozen importlib._bootstrap>", line 488, in _call_with_frames_removed
  File "/opt/airflow/dags/import_from_git.py", line 45, in <module>
    repo_links=get_link();
               ^^^^^^^^^^
  File "/opt/airflow/dags/import_from_git.py", line 4, in get_link
    repo_links=Variable.get("LINKS",deserialize_json=True)
               ^^^^^^^^^^^^^^^^^^^^^^^^^^^^^^^^^^^^^^^^^^^
  File "/home/airflow/.local/lib/python3.12/site-packages/airflow/models/variable.py", line 145, in get
    raise KeyError(f"Variable {key} does not exist")
KeyError: 'Variable LINKS does not exist'
[2026-03-25T19:21:38.074+0000] {processor.py:927} WARNING - No viable dags retrieved from /opt/airflow/dags/import_from_git.py
[2026-03-25T19:21:38.090+0000] {processor.py:208} INFO - Processing /opt/airflow/dags/import_from_git.py took 0.062 seconds
[2026-03-25T19:22:08.681+0000] {processor.py:186} INFO - Started process (PID=44915) to work on /opt/airflow/dags/import_from_git.py
[2026-03-25T19:22:08.683+0000] {processor.py:914} INFO - Processing file /opt/airflow/dags/import_from_git.py for tasks to queue
[2026-03-25T19:22:08.686+0000] {logging_mixin.py:190} INFO - [2026-03-25T19:22:08.686+0000] {dagbag.py:588} INFO - Filling up the DagBag from /opt/airflow/dags/import_from_git.py
[2026-03-25T19:22:08.718+0000] {logging_mixin.py:190} INFO - [2026-03-25T19:22:08.716+0000] {dagbag.py:387} ERROR - Failed to import: /opt/airflow/dags/import_from_git.py
Traceback (most recent call last):
  File "/home/airflow/.local/lib/python3.12/site-packages/airflow/models/dagbag.py", line 383, in parse
    loader.exec_module(new_module)
  File "<frozen importlib._bootstrap_external>", line 999, in exec_module
  File "<frozen importlib._bootstrap>", line 488, in _call_with_frames_removed
  File "/opt/airflow/dags/import_from_git.py", line 45, in <module>
    repo_links=get_link();
               ^^^^^^^^^^
  File "/opt/airflow/dags/import_from_git.py", line 4, in get_link
    repo_links=Variable.get("LINKS",deserialize_json=True)
               ^^^^^^^^^^^^^^^^^^^^^^^^^^^^^^^^^^^^^^^^^^^
  File "/home/airflow/.local/lib/python3.12/site-packages/airflow/models/variable.py", line 145, in get
    raise KeyError(f"Variable {key} does not exist")
KeyError: 'Variable LINKS does not exist'
[2026-03-25T19:22:08.720+0000] {processor.py:927} WARNING - No viable dags retrieved from /opt/airflow/dags/import_from_git.py
[2026-03-25T19:22:08.735+0000] {processor.py:208} INFO - Processing /opt/airflow/dags/import_from_git.py took 0.063 seconds
[2026-03-25T19:22:39.450+0000] {processor.py:186} INFO - Started process (PID=44956) to work on /opt/airflow/dags/import_from_git.py
[2026-03-25T19:22:39.452+0000] {processor.py:914} INFO - Processing file /opt/airflow/dags/import_from_git.py for tasks to queue
[2026-03-25T19:22:39.455+0000] {logging_mixin.py:190} INFO - [2026-03-25T19:22:39.455+0000] {dagbag.py:588} INFO - Filling up the DagBag from /opt/airflow/dags/import_from_git.py
[2026-03-25T19:22:39.490+0000] {logging_mixin.py:190} INFO - [2026-03-25T19:22:39.488+0000] {dagbag.py:387} ERROR - Failed to import: /opt/airflow/dags/import_from_git.py
Traceback (most recent call last):
  File "/home/airflow/.local/lib/python3.12/site-packages/airflow/models/dagbag.py", line 383, in parse
    loader.exec_module(new_module)
  File "<frozen importlib._bootstrap_external>", line 999, in exec_module
  File "<frozen importlib._bootstrap>", line 488, in _call_with_frames_removed
  File "/opt/airflow/dags/import_from_git.py", line 45, in <module>
    repo_links=get_link();
               ^^^^^^^^^^
  File "/opt/airflow/dags/import_from_git.py", line 4, in get_link
    repo_links=Variable.get("LINKS",deserialize_json=True)
               ^^^^^^^^^^^^^^^^^^^^^^^^^^^^^^^^^^^^^^^^^^^
  File "/home/airflow/.local/lib/python3.12/site-packages/airflow/models/variable.py", line 145, in get
    raise KeyError(f"Variable {key} does not exist")
KeyError: 'Variable LINKS does not exist'
[2026-03-25T19:22:39.492+0000] {processor.py:927} WARNING - No viable dags retrieved from /opt/airflow/dags/import_from_git.py
[2026-03-25T19:22:39.507+0000] {processor.py:208} INFO - Processing /opt/airflow/dags/import_from_git.py took 0.069 seconds
[2026-03-25T19:23:10.206+0000] {processor.py:186} INFO - Started process (PID=44997) to work on /opt/airflow/dags/import_from_git.py
[2026-03-25T19:23:10.207+0000] {processor.py:914} INFO - Processing file /opt/airflow/dags/import_from_git.py for tasks to queue
[2026-03-25T19:23:10.210+0000] {logging_mixin.py:190} INFO - [2026-03-25T19:23:10.210+0000] {dagbag.py:588} INFO - Filling up the DagBag from /opt/airflow/dags/import_from_git.py
[2026-03-25T19:23:10.240+0000] {logging_mixin.py:190} INFO - [2026-03-25T19:23:10.238+0000] {dagbag.py:387} ERROR - Failed to import: /opt/airflow/dags/import_from_git.py
Traceback (most recent call last):
  File "/home/airflow/.local/lib/python3.12/site-packages/airflow/models/dagbag.py", line 383, in parse
    loader.exec_module(new_module)
  File "<frozen importlib._bootstrap_external>", line 999, in exec_module
  File "<frozen importlib._bootstrap>", line 488, in _call_with_frames_removed
  File "/opt/airflow/dags/import_from_git.py", line 45, in <module>
    repo_links=get_link();
               ^^^^^^^^^^
  File "/opt/airflow/dags/import_from_git.py", line 4, in get_link
    repo_links=Variable.get("LINKS",deserialize_json=True)
               ^^^^^^^^^^^^^^^^^^^^^^^^^^^^^^^^^^^^^^^^^^^
  File "/home/airflow/.local/lib/python3.12/site-packages/airflow/models/variable.py", line 145, in get
    raise KeyError(f"Variable {key} does not exist")
KeyError: 'Variable LINKS does not exist'
[2026-03-25T19:23:10.241+0000] {processor.py:927} WARNING - No viable dags retrieved from /opt/airflow/dags/import_from_git.py
[2026-03-25T19:23:10.254+0000] {processor.py:208} INFO - Processing /opt/airflow/dags/import_from_git.py took 0.056 seconds
[2026-03-25T19:23:40.987+0000] {processor.py:186} INFO - Started process (PID=45038) to work on /opt/airflow/dags/import_from_git.py
[2026-03-25T19:23:40.989+0000] {processor.py:914} INFO - Processing file /opt/airflow/dags/import_from_git.py for tasks to queue
[2026-03-25T19:23:40.991+0000] {logging_mixin.py:190} INFO - [2026-03-25T19:23:40.991+0000] {dagbag.py:588} INFO - Filling up the DagBag from /opt/airflow/dags/import_from_git.py
[2026-03-25T19:23:41.023+0000] {logging_mixin.py:190} INFO - [2026-03-25T19:23:41.021+0000] {dagbag.py:387} ERROR - Failed to import: /opt/airflow/dags/import_from_git.py
Traceback (most recent call last):
  File "/home/airflow/.local/lib/python3.12/site-packages/airflow/models/dagbag.py", line 383, in parse
    loader.exec_module(new_module)
  File "<frozen importlib._bootstrap_external>", line 999, in exec_module
  File "<frozen importlib._bootstrap>", line 488, in _call_with_frames_removed
  File "/opt/airflow/dags/import_from_git.py", line 45, in <module>
    repo_links=get_link();
               ^^^^^^^^^^
  File "/opt/airflow/dags/import_from_git.py", line 4, in get_link
    repo_links=Variable.get("LINKS",deserialize_json=True)
               ^^^^^^^^^^^^^^^^^^^^^^^^^^^^^^^^^^^^^^^^^^^
  File "/home/airflow/.local/lib/python3.12/site-packages/airflow/models/variable.py", line 145, in get
    raise KeyError(f"Variable {key} does not exist")
KeyError: 'Variable LINKS does not exist'
[2026-03-25T19:23:41.024+0000] {processor.py:927} WARNING - No viable dags retrieved from /opt/airflow/dags/import_from_git.py
[2026-03-25T19:23:41.036+0000] {processor.py:208} INFO - Processing /opt/airflow/dags/import_from_git.py took 0.056 seconds
[2026-03-25T19:24:11.689+0000] {processor.py:186} INFO - Started process (PID=45079) to work on /opt/airflow/dags/import_from_git.py
[2026-03-25T19:24:11.690+0000] {processor.py:914} INFO - Processing file /opt/airflow/dags/import_from_git.py for tasks to queue
[2026-03-25T19:24:11.692+0000] {logging_mixin.py:190} INFO - [2026-03-25T19:24:11.692+0000] {dagbag.py:588} INFO - Filling up the DagBag from /opt/airflow/dags/import_from_git.py
[2026-03-25T19:24:11.724+0000] {logging_mixin.py:190} INFO - [2026-03-25T19:24:11.722+0000] {dagbag.py:387} ERROR - Failed to import: /opt/airflow/dags/import_from_git.py
Traceback (most recent call last):
  File "/home/airflow/.local/lib/python3.12/site-packages/airflow/models/dagbag.py", line 383, in parse
    loader.exec_module(new_module)
  File "<frozen importlib._bootstrap_external>", line 999, in exec_module
  File "<frozen importlib._bootstrap>", line 488, in _call_with_frames_removed
  File "/opt/airflow/dags/import_from_git.py", line 45, in <module>
    repo_links=get_link();
               ^^^^^^^^^^
  File "/opt/airflow/dags/import_from_git.py", line 4, in get_link
    repo_links=Variable.get("LINKS",deserialize_json=True)
               ^^^^^^^^^^^^^^^^^^^^^^^^^^^^^^^^^^^^^^^^^^^
  File "/home/airflow/.local/lib/python3.12/site-packages/airflow/models/variable.py", line 145, in get
    raise KeyError(f"Variable {key} does not exist")
KeyError: 'Variable LINKS does not exist'
[2026-03-25T19:24:11.725+0000] {processor.py:927} WARNING - No viable dags retrieved from /opt/airflow/dags/import_from_git.py
[2026-03-25T19:24:11.739+0000] {processor.py:208} INFO - Processing /opt/airflow/dags/import_from_git.py took 0.059 seconds
[2026-03-25T19:24:42.342+0000] {processor.py:186} INFO - Started process (PID=45120) to work on /opt/airflow/dags/import_from_git.py
[2026-03-25T19:24:42.343+0000] {processor.py:914} INFO - Processing file /opt/airflow/dags/import_from_git.py for tasks to queue
[2026-03-25T19:24:42.347+0000] {logging_mixin.py:190} INFO - [2026-03-25T19:24:42.346+0000] {dagbag.py:588} INFO - Filling up the DagBag from /opt/airflow/dags/import_from_git.py
[2026-03-25T19:24:42.378+0000] {logging_mixin.py:190} INFO - [2026-03-25T19:24:42.376+0000] {dagbag.py:387} ERROR - Failed to import: /opt/airflow/dags/import_from_git.py
Traceback (most recent call last):
  File "/home/airflow/.local/lib/python3.12/site-packages/airflow/models/dagbag.py", line 383, in parse
    loader.exec_module(new_module)
  File "<frozen importlib._bootstrap_external>", line 999, in exec_module
  File "<frozen importlib._bootstrap>", line 488, in _call_with_frames_removed
  File "/opt/airflow/dags/import_from_git.py", line 45, in <module>
    repo_links=get_link();
               ^^^^^^^^^^
  File "/opt/airflow/dags/import_from_git.py", line 4, in get_link
    repo_links=Variable.get("LINKS",deserialize_json=True)
               ^^^^^^^^^^^^^^^^^^^^^^^^^^^^^^^^^^^^^^^^^^^
  File "/home/airflow/.local/lib/python3.12/site-packages/airflow/models/variable.py", line 145, in get
    raise KeyError(f"Variable {key} does not exist")
KeyError: 'Variable LINKS does not exist'
[2026-03-25T19:24:42.379+0000] {processor.py:927} WARNING - No viable dags retrieved from /opt/airflow/dags/import_from_git.py
[2026-03-25T19:24:42.394+0000] {processor.py:208} INFO - Processing /opt/airflow/dags/import_from_git.py took 0.061 seconds
[2026-03-25T19:25:13.325+0000] {processor.py:186} INFO - Started process (PID=45161) to work on /opt/airflow/dags/import_from_git.py
[2026-03-25T19:25:13.326+0000] {processor.py:914} INFO - Processing file /opt/airflow/dags/import_from_git.py for tasks to queue
[2026-03-25T19:25:13.329+0000] {logging_mixin.py:190} INFO - [2026-03-25T19:25:13.328+0000] {dagbag.py:588} INFO - Filling up the DagBag from /opt/airflow/dags/import_from_git.py
[2026-03-25T19:25:13.364+0000] {logging_mixin.py:190} INFO - [2026-03-25T19:25:13.362+0000] {dagbag.py:387} ERROR - Failed to import: /opt/airflow/dags/import_from_git.py
Traceback (most recent call last):
  File "/home/airflow/.local/lib/python3.12/site-packages/airflow/models/dagbag.py", line 383, in parse
    loader.exec_module(new_module)
  File "<frozen importlib._bootstrap_external>", line 999, in exec_module
  File "<frozen importlib._bootstrap>", line 488, in _call_with_frames_removed
  File "/opt/airflow/dags/import_from_git.py", line 45, in <module>
    repo_links=get_link();
               ^^^^^^^^^^
  File "/opt/airflow/dags/import_from_git.py", line 4, in get_link
    repo_links=Variable.get("LINKS",deserialize_json=True)
               ^^^^^^^^^^^^^^^^^^^^^^^^^^^^^^^^^^^^^^^^^^^
  File "/home/airflow/.local/lib/python3.12/site-packages/airflow/models/variable.py", line 145, in get
    raise KeyError(f"Variable {key} does not exist")
KeyError: 'Variable LINKS does not exist'
[2026-03-25T19:25:13.365+0000] {processor.py:927} WARNING - No viable dags retrieved from /opt/airflow/dags/import_from_git.py
[2026-03-25T19:25:13.381+0000] {processor.py:208} INFO - Processing /opt/airflow/dags/import_from_git.py took 0.064 seconds
[2026-03-25T19:25:44.086+0000] {processor.py:186} INFO - Started process (PID=45202) to work on /opt/airflow/dags/import_from_git.py
[2026-03-25T19:25:44.088+0000] {processor.py:914} INFO - Processing file /opt/airflow/dags/import_from_git.py for tasks to queue
[2026-03-25T19:25:44.091+0000] {logging_mixin.py:190} INFO - [2026-03-25T19:25:44.090+0000] {dagbag.py:588} INFO - Filling up the DagBag from /opt/airflow/dags/import_from_git.py
[2026-03-25T19:25:44.126+0000] {logging_mixin.py:190} INFO - [2026-03-25T19:25:44.124+0000] {dagbag.py:387} ERROR - Failed to import: /opt/airflow/dags/import_from_git.py
Traceback (most recent call last):
  File "/home/airflow/.local/lib/python3.12/site-packages/airflow/models/dagbag.py", line 383, in parse
    loader.exec_module(new_module)
  File "<frozen importlib._bootstrap_external>", line 999, in exec_module
  File "<frozen importlib._bootstrap>", line 488, in _call_with_frames_removed
  File "/opt/airflow/dags/import_from_git.py", line 45, in <module>
    repo_links=get_link();
               ^^^^^^^^^^
  File "/opt/airflow/dags/import_from_git.py", line 4, in get_link
    repo_links=Variable.get("LINKS",deserialize_json=True)
               ^^^^^^^^^^^^^^^^^^^^^^^^^^^^^^^^^^^^^^^^^^^
  File "/home/airflow/.local/lib/python3.12/site-packages/airflow/models/variable.py", line 145, in get
    raise KeyError(f"Variable {key} does not exist")
KeyError: 'Variable LINKS does not exist'
[2026-03-25T19:25:44.127+0000] {processor.py:927} WARNING - No viable dags retrieved from /opt/airflow/dags/import_from_git.py
[2026-03-25T19:25:44.139+0000] {processor.py:208} INFO - Processing /opt/airflow/dags/import_from_git.py took 0.063 seconds
[2026-03-25T19:26:14.868+0000] {processor.py:186} INFO - Started process (PID=45243) to work on /opt/airflow/dags/import_from_git.py
[2026-03-25T19:26:14.869+0000] {processor.py:914} INFO - Processing file /opt/airflow/dags/import_from_git.py for tasks to queue
[2026-03-25T19:26:14.872+0000] {logging_mixin.py:190} INFO - [2026-03-25T19:26:14.872+0000] {dagbag.py:588} INFO - Filling up the DagBag from /opt/airflow/dags/import_from_git.py
[2026-03-25T19:26:14.898+0000] {logging_mixin.py:190} INFO - [2026-03-25T19:26:14.896+0000] {dagbag.py:387} ERROR - Failed to import: /opt/airflow/dags/import_from_git.py
Traceback (most recent call last):
  File "/home/airflow/.local/lib/python3.12/site-packages/airflow/models/dagbag.py", line 383, in parse
    loader.exec_module(new_module)
  File "<frozen importlib._bootstrap_external>", line 999, in exec_module
  File "<frozen importlib._bootstrap>", line 488, in _call_with_frames_removed
  File "/opt/airflow/dags/import_from_git.py", line 45, in <module>
    repo_links=get_link();
               ^^^^^^^^^^
  File "/opt/airflow/dags/import_from_git.py", line 4, in get_link
    repo_links=Variable.get("LINKS",deserialize_json=True)
               ^^^^^^^^^^^^^^^^^^^^^^^^^^^^^^^^^^^^^^^^^^^
  File "/home/airflow/.local/lib/python3.12/site-packages/airflow/models/variable.py", line 145, in get
    raise KeyError(f"Variable {key} does not exist")
KeyError: 'Variable LINKS does not exist'
[2026-03-25T19:26:14.899+0000] {processor.py:927} WARNING - No viable dags retrieved from /opt/airflow/dags/import_from_git.py
[2026-03-25T19:26:14.916+0000] {processor.py:208} INFO - Processing /opt/airflow/dags/import_from_git.py took 0.055 seconds
[2026-03-25T19:26:45.588+0000] {processor.py:186} INFO - Started process (PID=45284) to work on /opt/airflow/dags/import_from_git.py
[2026-03-25T19:26:45.590+0000] {processor.py:914} INFO - Processing file /opt/airflow/dags/import_from_git.py for tasks to queue
[2026-03-25T19:26:45.593+0000] {logging_mixin.py:190} INFO - [2026-03-25T19:26:45.593+0000] {dagbag.py:588} INFO - Filling up the DagBag from /opt/airflow/dags/import_from_git.py
[2026-03-25T19:26:45.626+0000] {logging_mixin.py:190} INFO - [2026-03-25T19:26:45.624+0000] {dagbag.py:387} ERROR - Failed to import: /opt/airflow/dags/import_from_git.py
Traceback (most recent call last):
  File "/home/airflow/.local/lib/python3.12/site-packages/airflow/models/dagbag.py", line 383, in parse
    loader.exec_module(new_module)
  File "<frozen importlib._bootstrap_external>", line 999, in exec_module
  File "<frozen importlib._bootstrap>", line 488, in _call_with_frames_removed
  File "/opt/airflow/dags/import_from_git.py", line 45, in <module>
    repo_links=get_link();
               ^^^^^^^^^^
  File "/opt/airflow/dags/import_from_git.py", line 4, in get_link
    repo_links=Variable.get("LINKS",deserialize_json=True)
               ^^^^^^^^^^^^^^^^^^^^^^^^^^^^^^^^^^^^^^^^^^^
  File "/home/airflow/.local/lib/python3.12/site-packages/airflow/models/variable.py", line 145, in get
    raise KeyError(f"Variable {key} does not exist")
KeyError: 'Variable LINKS does not exist'
[2026-03-25T19:26:45.627+0000] {processor.py:927} WARNING - No viable dags retrieved from /opt/airflow/dags/import_from_git.py
[2026-03-25T19:26:45.640+0000] {processor.py:208} INFO - Processing /opt/airflow/dags/import_from_git.py took 0.059 seconds
[2026-03-25T19:27:16.328+0000] {processor.py:186} INFO - Started process (PID=45325) to work on /opt/airflow/dags/import_from_git.py
[2026-03-25T19:27:16.329+0000] {processor.py:914} INFO - Processing file /opt/airflow/dags/import_from_git.py for tasks to queue
[2026-03-25T19:27:16.332+0000] {logging_mixin.py:190} INFO - [2026-03-25T19:27:16.332+0000] {dagbag.py:588} INFO - Filling up the DagBag from /opt/airflow/dags/import_from_git.py
[2026-03-25T19:27:16.365+0000] {logging_mixin.py:190} INFO - [2026-03-25T19:27:16.363+0000] {dagbag.py:387} ERROR - Failed to import: /opt/airflow/dags/import_from_git.py
Traceback (most recent call last):
  File "/home/airflow/.local/lib/python3.12/site-packages/airflow/models/dagbag.py", line 383, in parse
    loader.exec_module(new_module)
  File "<frozen importlib._bootstrap_external>", line 999, in exec_module
  File "<frozen importlib._bootstrap>", line 488, in _call_with_frames_removed
  File "/opt/airflow/dags/import_from_git.py", line 45, in <module>
    repo_links=get_link();
               ^^^^^^^^^^
  File "/opt/airflow/dags/import_from_git.py", line 4, in get_link
    repo_links=Variable.get("LINKS",deserialize_json=True)
               ^^^^^^^^^^^^^^^^^^^^^^^^^^^^^^^^^^^^^^^^^^^
  File "/home/airflow/.local/lib/python3.12/site-packages/airflow/models/variable.py", line 145, in get
    raise KeyError(f"Variable {key} does not exist")
KeyError: 'Variable LINKS does not exist'
[2026-03-25T19:27:16.366+0000] {processor.py:927} WARNING - No viable dags retrieved from /opt/airflow/dags/import_from_git.py
[2026-03-25T19:27:16.380+0000] {processor.py:208} INFO - Processing /opt/airflow/dags/import_from_git.py took 0.060 seconds
[2026-03-25T19:27:47.003+0000] {processor.py:186} INFO - Started process (PID=45368) to work on /opt/airflow/dags/import_from_git.py
[2026-03-25T19:27:47.004+0000] {processor.py:914} INFO - Processing file /opt/airflow/dags/import_from_git.py for tasks to queue
[2026-03-25T19:27:47.008+0000] {logging_mixin.py:190} INFO - [2026-03-25T19:27:47.007+0000] {dagbag.py:588} INFO - Filling up the DagBag from /opt/airflow/dags/import_from_git.py
[2026-03-25T19:27:47.046+0000] {logging_mixin.py:190} INFO - [2026-03-25T19:27:47.043+0000] {dagbag.py:387} ERROR - Failed to import: /opt/airflow/dags/import_from_git.py
Traceback (most recent call last):
  File "/home/airflow/.local/lib/python3.12/site-packages/airflow/models/dagbag.py", line 383, in parse
    loader.exec_module(new_module)
  File "<frozen importlib._bootstrap_external>", line 999, in exec_module
  File "<frozen importlib._bootstrap>", line 488, in _call_with_frames_removed
  File "/opt/airflow/dags/import_from_git.py", line 45, in <module>
    repo_links=get_link();
               ^^^^^^^^^^
  File "/opt/airflow/dags/import_from_git.py", line 4, in get_link
    repo_links=Variable.get("LINKS",deserialize_json=True)
               ^^^^^^^^^^^^^^^^^^^^^^^^^^^^^^^^^^^^^^^^^^^
  File "/home/airflow/.local/lib/python3.12/site-packages/airflow/models/variable.py", line 145, in get
    raise KeyError(f"Variable {key} does not exist")
KeyError: 'Variable LINKS does not exist'
[2026-03-25T19:27:47.047+0000] {processor.py:927} WARNING - No viable dags retrieved from /opt/airflow/dags/import_from_git.py
[2026-03-25T19:27:47.067+0000] {processor.py:208} INFO - Processing /opt/airflow/dags/import_from_git.py took 0.072 seconds
[2026-03-25T19:28:17.828+0000] {processor.py:186} INFO - Started process (PID=45407) to work on /opt/airflow/dags/import_from_git.py
[2026-03-25T19:28:17.829+0000] {processor.py:914} INFO - Processing file /opt/airflow/dags/import_from_git.py for tasks to queue
[2026-03-25T19:28:17.832+0000] {logging_mixin.py:190} INFO - [2026-03-25T19:28:17.832+0000] {dagbag.py:588} INFO - Filling up the DagBag from /opt/airflow/dags/import_from_git.py
[2026-03-25T19:28:17.866+0000] {logging_mixin.py:190} INFO - [2026-03-25T19:28:17.864+0000] {dagbag.py:387} ERROR - Failed to import: /opt/airflow/dags/import_from_git.py
Traceback (most recent call last):
  File "/home/airflow/.local/lib/python3.12/site-packages/airflow/models/dagbag.py", line 383, in parse
    loader.exec_module(new_module)
  File "<frozen importlib._bootstrap_external>", line 999, in exec_module
  File "<frozen importlib._bootstrap>", line 488, in _call_with_frames_removed
  File "/opt/airflow/dags/import_from_git.py", line 45, in <module>
    repo_links=get_link();
               ^^^^^^^^^^
  File "/opt/airflow/dags/import_from_git.py", line 4, in get_link
    repo_links=Variable.get("LINKS",deserialize_json=True)
               ^^^^^^^^^^^^^^^^^^^^^^^^^^^^^^^^^^^^^^^^^^^
  File "/home/airflow/.local/lib/python3.12/site-packages/airflow/models/variable.py", line 145, in get
    raise KeyError(f"Variable {key} does not exist")
KeyError: 'Variable LINKS does not exist'
[2026-03-25T19:28:17.867+0000] {processor.py:927} WARNING - No viable dags retrieved from /opt/airflow/dags/import_from_git.py
[2026-03-25T19:28:17.882+0000] {processor.py:208} INFO - Processing /opt/airflow/dags/import_from_git.py took 0.063 seconds
[2026-03-25T19:28:48.462+0000] {processor.py:186} INFO - Started process (PID=45450) to work on /opt/airflow/dags/import_from_git.py
[2026-03-25T19:28:48.463+0000] {processor.py:914} INFO - Processing file /opt/airflow/dags/import_from_git.py for tasks to queue
[2026-03-25T19:28:48.466+0000] {logging_mixin.py:190} INFO - [2026-03-25T19:28:48.466+0000] {dagbag.py:588} INFO - Filling up the DagBag from /opt/airflow/dags/import_from_git.py
[2026-03-25T19:28:48.497+0000] {logging_mixin.py:190} INFO - [2026-03-25T19:28:48.495+0000] {dagbag.py:387} ERROR - Failed to import: /opt/airflow/dags/import_from_git.py
Traceback (most recent call last):
  File "/home/airflow/.local/lib/python3.12/site-packages/airflow/models/dagbag.py", line 383, in parse
    loader.exec_module(new_module)
  File "<frozen importlib._bootstrap_external>", line 999, in exec_module
  File "<frozen importlib._bootstrap>", line 488, in _call_with_frames_removed
  File "/opt/airflow/dags/import_from_git.py", line 45, in <module>
    repo_links=get_link();
               ^^^^^^^^^^
  File "/opt/airflow/dags/import_from_git.py", line 4, in get_link
    repo_links=Variable.get("LINKS",deserialize_json=True)
               ^^^^^^^^^^^^^^^^^^^^^^^^^^^^^^^^^^^^^^^^^^^
  File "/home/airflow/.local/lib/python3.12/site-packages/airflow/models/variable.py", line 145, in get
    raise KeyError(f"Variable {key} does not exist")
KeyError: 'Variable LINKS does not exist'
[2026-03-25T19:28:48.498+0000] {processor.py:927} WARNING - No viable dags retrieved from /opt/airflow/dags/import_from_git.py
[2026-03-25T19:28:48.512+0000] {processor.py:208} INFO - Processing /opt/airflow/dags/import_from_git.py took 0.059 seconds
[2026-03-25T19:29:19.236+0000] {processor.py:186} INFO - Started process (PID=45489) to work on /opt/airflow/dags/import_from_git.py
[2026-03-25T19:29:19.237+0000] {processor.py:914} INFO - Processing file /opt/airflow/dags/import_from_git.py for tasks to queue
[2026-03-25T19:29:19.241+0000] {logging_mixin.py:190} INFO - [2026-03-25T19:29:19.240+0000] {dagbag.py:588} INFO - Filling up the DagBag from /opt/airflow/dags/import_from_git.py
[2026-03-25T19:29:19.276+0000] {logging_mixin.py:190} INFO - [2026-03-25T19:29:19.273+0000] {dagbag.py:387} ERROR - Failed to import: /opt/airflow/dags/import_from_git.py
Traceback (most recent call last):
  File "/home/airflow/.local/lib/python3.12/site-packages/airflow/models/dagbag.py", line 383, in parse
    loader.exec_module(new_module)
  File "<frozen importlib._bootstrap_external>", line 999, in exec_module
  File "<frozen importlib._bootstrap>", line 488, in _call_with_frames_removed
  File "/opt/airflow/dags/import_from_git.py", line 45, in <module>
    repo_links=get_link();
               ^^^^^^^^^^
  File "/opt/airflow/dags/import_from_git.py", line 4, in get_link
    repo_links=Variable.get("LINKS",deserialize_json=True)
               ^^^^^^^^^^^^^^^^^^^^^^^^^^^^^^^^^^^^^^^^^^^
  File "/home/airflow/.local/lib/python3.12/site-packages/airflow/models/variable.py", line 145, in get
    raise KeyError(f"Variable {key} does not exist")
KeyError: 'Variable LINKS does not exist'
[2026-03-25T19:29:19.277+0000] {processor.py:927} WARNING - No viable dags retrieved from /opt/airflow/dags/import_from_git.py
[2026-03-25T19:29:19.292+0000] {processor.py:208} INFO - Processing /opt/airflow/dags/import_from_git.py took 0.064 seconds
[2026-03-25T19:29:50.215+0000] {processor.py:186} INFO - Started process (PID=45530) to work on /opt/airflow/dags/import_from_git.py
[2026-03-25T19:29:50.216+0000] {processor.py:914} INFO - Processing file /opt/airflow/dags/import_from_git.py for tasks to queue
[2026-03-25T19:29:50.220+0000] {logging_mixin.py:190} INFO - [2026-03-25T19:29:50.219+0000] {dagbag.py:588} INFO - Filling up the DagBag from /opt/airflow/dags/import_from_git.py
[2026-03-25T19:29:50.250+0000] {logging_mixin.py:190} INFO - [2026-03-25T19:29:50.249+0000] {dagbag.py:387} ERROR - Failed to import: /opt/airflow/dags/import_from_git.py
Traceback (most recent call last):
  File "/home/airflow/.local/lib/python3.12/site-packages/airflow/models/dagbag.py", line 383, in parse
    loader.exec_module(new_module)
  File "<frozen importlib._bootstrap_external>", line 999, in exec_module
  File "<frozen importlib._bootstrap>", line 488, in _call_with_frames_removed
  File "/opt/airflow/dags/import_from_git.py", line 45, in <module>
    repo_links=get_link();
               ^^^^^^^^^^
  File "/opt/airflow/dags/import_from_git.py", line 4, in get_link
    repo_links=Variable.get("LINKS",deserialize_json=True)
               ^^^^^^^^^^^^^^^^^^^^^^^^^^^^^^^^^^^^^^^^^^^
  File "/home/airflow/.local/lib/python3.12/site-packages/airflow/models/variable.py", line 145, in get
    raise KeyError(f"Variable {key} does not exist")
KeyError: 'Variable LINKS does not exist'
[2026-03-25T19:29:50.251+0000] {processor.py:927} WARNING - No viable dags retrieved from /opt/airflow/dags/import_from_git.py
[2026-03-25T19:29:50.267+0000] {processor.py:208} INFO - Processing /opt/airflow/dags/import_from_git.py took 0.060 seconds
[2026-03-25T19:30:20.999+0000] {processor.py:186} INFO - Started process (PID=45571) to work on /opt/airflow/dags/import_from_git.py
[2026-03-25T19:30:21.000+0000] {processor.py:914} INFO - Processing file /opt/airflow/dags/import_from_git.py for tasks to queue
[2026-03-25T19:30:21.003+0000] {logging_mixin.py:190} INFO - [2026-03-25T19:30:21.002+0000] {dagbag.py:588} INFO - Filling up the DagBag from /opt/airflow/dags/import_from_git.py
[2026-03-25T19:30:21.038+0000] {logging_mixin.py:190} INFO - [2026-03-25T19:30:21.036+0000] {dagbag.py:387} ERROR - Failed to import: /opt/airflow/dags/import_from_git.py
Traceback (most recent call last):
  File "/home/airflow/.local/lib/python3.12/site-packages/airflow/models/dagbag.py", line 383, in parse
    loader.exec_module(new_module)
  File "<frozen importlib._bootstrap_external>", line 999, in exec_module
  File "<frozen importlib._bootstrap>", line 488, in _call_with_frames_removed
  File "/opt/airflow/dags/import_from_git.py", line 45, in <module>
    repo_links=get_link();
               ^^^^^^^^^^
  File "/opt/airflow/dags/import_from_git.py", line 4, in get_link
    repo_links=Variable.get("LINKS",deserialize_json=True)
               ^^^^^^^^^^^^^^^^^^^^^^^^^^^^^^^^^^^^^^^^^^^
  File "/home/airflow/.local/lib/python3.12/site-packages/airflow/models/variable.py", line 145, in get
    raise KeyError(f"Variable {key} does not exist")
KeyError: 'Variable LINKS does not exist'
[2026-03-25T19:30:21.039+0000] {processor.py:927} WARNING - No viable dags retrieved from /opt/airflow/dags/import_from_git.py
[2026-03-25T19:30:21.054+0000] {processor.py:208} INFO - Processing /opt/airflow/dags/import_from_git.py took 0.063 seconds
[2026-03-25T19:30:52.496+0000] {processor.py:186} INFO - Started process (PID=45612) to work on /opt/airflow/dags/import_from_git.py
[2026-03-25T19:30:52.505+0000] {processor.py:914} INFO - Processing file /opt/airflow/dags/import_from_git.py for tasks to queue
[2026-03-25T19:30:52.530+0000] {logging_mixin.py:190} INFO - [2026-03-25T19:30:52.526+0000] {dagbag.py:588} INFO - Filling up the DagBag from /opt/airflow/dags/import_from_git.py
[2026-03-25T19:30:52.821+0000] {logging_mixin.py:190} INFO - [2026-03-25T19:30:52.802+0000] {dagbag.py:387} ERROR - Failed to import: /opt/airflow/dags/import_from_git.py
Traceback (most recent call last):
  File "/home/airflow/.local/lib/python3.12/site-packages/airflow/models/dagbag.py", line 383, in parse
    loader.exec_module(new_module)
  File "<frozen importlib._bootstrap_external>", line 999, in exec_module
  File "<frozen importlib._bootstrap>", line 488, in _call_with_frames_removed
  File "/opt/airflow/dags/import_from_git.py", line 45, in <module>
    repo_links=get_link();
               ^^^^^^^^^^
  File "/opt/airflow/dags/import_from_git.py", line 4, in get_link
    repo_links=Variable.get("LINKS",deserialize_json=True)
               ^^^^^^^^^^^^^^^^^^^^^^^^^^^^^^^^^^^^^^^^^^^
  File "/home/airflow/.local/lib/python3.12/site-packages/airflow/models/variable.py", line 145, in get
    raise KeyError(f"Variable {key} does not exist")
KeyError: 'Variable LINKS does not exist'
[2026-03-25T19:30:52.829+0000] {processor.py:927} WARNING - No viable dags retrieved from /opt/airflow/dags/import_from_git.py
[2026-03-25T19:30:52.943+0000] {processor.py:208} INFO - Processing /opt/airflow/dags/import_from_git.py took 0.520 seconds
[2026-03-25T19:31:23.239+0000] {processor.py:186} INFO - Started process (PID=45653) to work on /opt/airflow/dags/import_from_git.py
[2026-03-25T19:31:23.240+0000] {processor.py:914} INFO - Processing file /opt/airflow/dags/import_from_git.py for tasks to queue
[2026-03-25T19:31:23.243+0000] {logging_mixin.py:190} INFO - [2026-03-25T19:31:23.243+0000] {dagbag.py:588} INFO - Filling up the DagBag from /opt/airflow/dags/import_from_git.py
[2026-03-25T19:31:23.280+0000] {logging_mixin.py:190} INFO - [2026-03-25T19:31:23.277+0000] {dagbag.py:387} ERROR - Failed to import: /opt/airflow/dags/import_from_git.py
Traceback (most recent call last):
  File "/home/airflow/.local/lib/python3.12/site-packages/airflow/models/dagbag.py", line 383, in parse
    loader.exec_module(new_module)
  File "<frozen importlib._bootstrap_external>", line 999, in exec_module
  File "<frozen importlib._bootstrap>", line 488, in _call_with_frames_removed
  File "/opt/airflow/dags/import_from_git.py", line 45, in <module>
    repo_links=get_link();
               ^^^^^^^^^^
  File "/opt/airflow/dags/import_from_git.py", line 4, in get_link
    repo_links=Variable.get("LINKS",deserialize_json=True)
               ^^^^^^^^^^^^^^^^^^^^^^^^^^^^^^^^^^^^^^^^^^^
  File "/home/airflow/.local/lib/python3.12/site-packages/airflow/models/variable.py", line 145, in get
    raise KeyError(f"Variable {key} does not exist")
KeyError: 'Variable LINKS does not exist'
[2026-03-25T19:31:23.281+0000] {processor.py:927} WARNING - No viable dags retrieved from /opt/airflow/dags/import_from_git.py
[2026-03-25T19:31:23.293+0000] {processor.py:208} INFO - Processing /opt/airflow/dags/import_from_git.py took 0.064 seconds
[2026-03-25T19:31:53.439+0000] {processor.py:186} INFO - Started process (PID=45694) to work on /opt/airflow/dags/import_from_git.py
[2026-03-25T19:31:53.440+0000] {processor.py:914} INFO - Processing file /opt/airflow/dags/import_from_git.py for tasks to queue
[2026-03-25T19:31:53.443+0000] {logging_mixin.py:190} INFO - [2026-03-25T19:31:53.443+0000] {dagbag.py:588} INFO - Filling up the DagBag from /opt/airflow/dags/import_from_git.py
[2026-03-25T19:31:53.479+0000] {logging_mixin.py:190} INFO - [2026-03-25T19:31:53.476+0000] {dagbag.py:387} ERROR - Failed to import: /opt/airflow/dags/import_from_git.py
Traceback (most recent call last):
  File "/home/airflow/.local/lib/python3.12/site-packages/airflow/models/dagbag.py", line 383, in parse
    loader.exec_module(new_module)
  File "<frozen importlib._bootstrap_external>", line 999, in exec_module
  File "<frozen importlib._bootstrap>", line 488, in _call_with_frames_removed
  File "/opt/airflow/dags/import_from_git.py", line 45, in <module>
    repo_links=get_link();
               ^^^^^^^^^^
  File "/opt/airflow/dags/import_from_git.py", line 4, in get_link
    repo_links=Variable.get("LINKS",deserialize_json=True)
               ^^^^^^^^^^^^^^^^^^^^^^^^^^^^^^^^^^^^^^^^^^^
  File "/home/airflow/.local/lib/python3.12/site-packages/airflow/models/variable.py", line 145, in get
    raise KeyError(f"Variable {key} does not exist")
KeyError: 'Variable LINKS does not exist'
[2026-03-25T19:31:53.480+0000] {processor.py:927} WARNING - No viable dags retrieved from /opt/airflow/dags/import_from_git.py
[2026-03-25T19:31:53.496+0000] {processor.py:208} INFO - Processing /opt/airflow/dags/import_from_git.py took 0.066 seconds
[2026-03-25T19:32:23.719+0000] {processor.py:186} INFO - Started process (PID=45737) to work on /opt/airflow/dags/import_from_git.py
[2026-03-25T19:32:23.720+0000] {processor.py:914} INFO - Processing file /opt/airflow/dags/import_from_git.py for tasks to queue
[2026-03-25T19:32:23.723+0000] {logging_mixin.py:190} INFO - [2026-03-25T19:32:23.723+0000] {dagbag.py:588} INFO - Filling up the DagBag from /opt/airflow/dags/import_from_git.py
[2026-03-25T19:32:23.763+0000] {logging_mixin.py:190} INFO - [2026-03-25T19:32:23.761+0000] {dagbag.py:387} ERROR - Failed to import: /opt/airflow/dags/import_from_git.py
Traceback (most recent call last):
  File "/home/airflow/.local/lib/python3.12/site-packages/airflow/models/dagbag.py", line 383, in parse
    loader.exec_module(new_module)
  File "<frozen importlib._bootstrap_external>", line 999, in exec_module
  File "<frozen importlib._bootstrap>", line 488, in _call_with_frames_removed
  File "/opt/airflow/dags/import_from_git.py", line 45, in <module>
    repo_links=get_link();
               ^^^^^^^^^^
  File "/opt/airflow/dags/import_from_git.py", line 4, in get_link
    repo_links=Variable.get("LINKS",deserialize_json=True)
               ^^^^^^^^^^^^^^^^^^^^^^^^^^^^^^^^^^^^^^^^^^^
  File "/home/airflow/.local/lib/python3.12/site-packages/airflow/models/variable.py", line 145, in get
    raise KeyError(f"Variable {key} does not exist")
KeyError: 'Variable LINKS does not exist'
[2026-03-25T19:32:23.763+0000] {processor.py:927} WARNING - No viable dags retrieved from /opt/airflow/dags/import_from_git.py
[2026-03-25T19:32:23.778+0000] {processor.py:208} INFO - Processing /opt/airflow/dags/import_from_git.py took 0.069 seconds
[2026-03-25T19:32:54.562+0000] {processor.py:186} INFO - Started process (PID=45776) to work on /opt/airflow/dags/import_from_git.py
[2026-03-25T19:32:54.563+0000] {processor.py:914} INFO - Processing file /opt/airflow/dags/import_from_git.py for tasks to queue
[2026-03-25T19:32:54.566+0000] {logging_mixin.py:190} INFO - [2026-03-25T19:32:54.565+0000] {dagbag.py:588} INFO - Filling up the DagBag from /opt/airflow/dags/import_from_git.py
[2026-03-25T19:32:54.597+0000] {logging_mixin.py:190} INFO - [2026-03-25T19:32:54.595+0000] {dagbag.py:387} ERROR - Failed to import: /opt/airflow/dags/import_from_git.py
Traceback (most recent call last):
  File "/home/airflow/.local/lib/python3.12/site-packages/airflow/models/dagbag.py", line 383, in parse
    loader.exec_module(new_module)
  File "<frozen importlib._bootstrap_external>", line 999, in exec_module
  File "<frozen importlib._bootstrap>", line 488, in _call_with_frames_removed
  File "/opt/airflow/dags/import_from_git.py", line 45, in <module>
    repo_links=get_link();
               ^^^^^^^^^^
  File "/opt/airflow/dags/import_from_git.py", line 4, in get_link
    repo_links=Variable.get("LINKS",deserialize_json=True)
               ^^^^^^^^^^^^^^^^^^^^^^^^^^^^^^^^^^^^^^^^^^^
  File "/home/airflow/.local/lib/python3.12/site-packages/airflow/models/variable.py", line 145, in get
    raise KeyError(f"Variable {key} does not exist")
KeyError: 'Variable LINKS does not exist'
[2026-03-25T19:32:54.597+0000] {processor.py:927} WARNING - No viable dags retrieved from /opt/airflow/dags/import_from_git.py
[2026-03-25T19:32:54.609+0000] {processor.py:208} INFO - Processing /opt/airflow/dags/import_from_git.py took 0.056 seconds
[2026-03-25T19:33:25.332+0000] {processor.py:186} INFO - Started process (PID=45817) to work on /opt/airflow/dags/import_from_git.py
[2026-03-25T19:33:25.333+0000] {processor.py:914} INFO - Processing file /opt/airflow/dags/import_from_git.py for tasks to queue
[2026-03-25T19:33:25.336+0000] {logging_mixin.py:190} INFO - [2026-03-25T19:33:25.335+0000] {dagbag.py:588} INFO - Filling up the DagBag from /opt/airflow/dags/import_from_git.py
[2026-03-25T19:33:25.370+0000] {logging_mixin.py:190} INFO - [2026-03-25T19:33:25.368+0000] {dagbag.py:387} ERROR - Failed to import: /opt/airflow/dags/import_from_git.py
Traceback (most recent call last):
  File "/home/airflow/.local/lib/python3.12/site-packages/airflow/models/dagbag.py", line 383, in parse
    loader.exec_module(new_module)
  File "<frozen importlib._bootstrap_external>", line 999, in exec_module
  File "<frozen importlib._bootstrap>", line 488, in _call_with_frames_removed
  File "/opt/airflow/dags/import_from_git.py", line 45, in <module>
    repo_links=get_link();
               ^^^^^^^^^^
  File "/opt/airflow/dags/import_from_git.py", line 4, in get_link
    repo_links=Variable.get("LINKS",deserialize_json=True)
               ^^^^^^^^^^^^^^^^^^^^^^^^^^^^^^^^^^^^^^^^^^^
  File "/home/airflow/.local/lib/python3.12/site-packages/airflow/models/variable.py", line 145, in get
    raise KeyError(f"Variable {key} does not exist")
KeyError: 'Variable LINKS does not exist'
[2026-03-25T19:33:25.371+0000] {processor.py:927} WARNING - No viable dags retrieved from /opt/airflow/dags/import_from_git.py
[2026-03-25T19:33:25.384+0000] {processor.py:208} INFO - Processing /opt/airflow/dags/import_from_git.py took 0.063 seconds
[2026-03-25T19:33:56.136+0000] {processor.py:186} INFO - Started process (PID=45858) to work on /opt/airflow/dags/import_from_git.py
[2026-03-25T19:33:56.137+0000] {processor.py:914} INFO - Processing file /opt/airflow/dags/import_from_git.py for tasks to queue
[2026-03-25T19:33:56.140+0000] {logging_mixin.py:190} INFO - [2026-03-25T19:33:56.140+0000] {dagbag.py:588} INFO - Filling up the DagBag from /opt/airflow/dags/import_from_git.py
[2026-03-25T19:33:56.173+0000] {logging_mixin.py:190} INFO - [2026-03-25T19:33:56.171+0000] {dagbag.py:387} ERROR - Failed to import: /opt/airflow/dags/import_from_git.py
Traceback (most recent call last):
  File "/home/airflow/.local/lib/python3.12/site-packages/airflow/models/dagbag.py", line 383, in parse
    loader.exec_module(new_module)
  File "<frozen importlib._bootstrap_external>", line 999, in exec_module
  File "<frozen importlib._bootstrap>", line 488, in _call_with_frames_removed
  File "/opt/airflow/dags/import_from_git.py", line 45, in <module>
    repo_links=get_link();
               ^^^^^^^^^^
  File "/opt/airflow/dags/import_from_git.py", line 4, in get_link
    repo_links=Variable.get("LINKS",deserialize_json=True)
               ^^^^^^^^^^^^^^^^^^^^^^^^^^^^^^^^^^^^^^^^^^^
  File "/home/airflow/.local/lib/python3.12/site-packages/airflow/models/variable.py", line 145, in get
    raise KeyError(f"Variable {key} does not exist")
KeyError: 'Variable LINKS does not exist'
[2026-03-25T19:33:56.173+0000] {processor.py:927} WARNING - No viable dags retrieved from /opt/airflow/dags/import_from_git.py
[2026-03-25T19:33:56.187+0000] {processor.py:208} INFO - Processing /opt/airflow/dags/import_from_git.py took 0.058 seconds
[2026-03-25T19:34:26.779+0000] {processor.py:186} INFO - Started process (PID=45899) to work on /opt/airflow/dags/import_from_git.py
[2026-03-25T19:34:26.780+0000] {processor.py:914} INFO - Processing file /opt/airflow/dags/import_from_git.py for tasks to queue
[2026-03-25T19:34:26.783+0000] {logging_mixin.py:190} INFO - [2026-03-25T19:34:26.782+0000] {dagbag.py:588} INFO - Filling up the DagBag from /opt/airflow/dags/import_from_git.py
[2026-03-25T19:34:26.814+0000] {logging_mixin.py:190} INFO - [2026-03-25T19:34:26.812+0000] {dagbag.py:387} ERROR - Failed to import: /opt/airflow/dags/import_from_git.py
Traceback (most recent call last):
  File "/home/airflow/.local/lib/python3.12/site-packages/airflow/models/dagbag.py", line 383, in parse
    loader.exec_module(new_module)
  File "<frozen importlib._bootstrap_external>", line 999, in exec_module
  File "<frozen importlib._bootstrap>", line 488, in _call_with_frames_removed
  File "/opt/airflow/dags/import_from_git.py", line 45, in <module>
    repo_links=get_link();
               ^^^^^^^^^^
  File "/opt/airflow/dags/import_from_git.py", line 4, in get_link
    repo_links=Variable.get("LINKS",deserialize_json=True)
               ^^^^^^^^^^^^^^^^^^^^^^^^^^^^^^^^^^^^^^^^^^^
  File "/home/airflow/.local/lib/python3.12/site-packages/airflow/models/variable.py", line 145, in get
    raise KeyError(f"Variable {key} does not exist")
KeyError: 'Variable LINKS does not exist'
[2026-03-25T19:34:26.814+0000] {processor.py:927} WARNING - No viable dags retrieved from /opt/airflow/dags/import_from_git.py
[2026-03-25T19:34:26.826+0000] {processor.py:208} INFO - Processing /opt/airflow/dags/import_from_git.py took 0.053 seconds
[2026-03-25T19:34:57.541+0000] {processor.py:186} INFO - Started process (PID=45940) to work on /opt/airflow/dags/import_from_git.py
[2026-03-25T19:34:57.542+0000] {processor.py:914} INFO - Processing file /opt/airflow/dags/import_from_git.py for tasks to queue
[2026-03-25T19:34:57.545+0000] {logging_mixin.py:190} INFO - [2026-03-25T19:34:57.545+0000] {dagbag.py:588} INFO - Filling up the DagBag from /opt/airflow/dags/import_from_git.py
[2026-03-25T19:34:57.578+0000] {logging_mixin.py:190} INFO - [2026-03-25T19:34:57.576+0000] {dagbag.py:387} ERROR - Failed to import: /opt/airflow/dags/import_from_git.py
Traceback (most recent call last):
  File "/home/airflow/.local/lib/python3.12/site-packages/airflow/models/dagbag.py", line 383, in parse
    loader.exec_module(new_module)
  File "<frozen importlib._bootstrap_external>", line 999, in exec_module
  File "<frozen importlib._bootstrap>", line 488, in _call_with_frames_removed
  File "/opt/airflow/dags/import_from_git.py", line 45, in <module>
    repo_links=get_link();
               ^^^^^^^^^^
  File "/opt/airflow/dags/import_from_git.py", line 4, in get_link
    repo_links=Variable.get("LINKS",deserialize_json=True)
               ^^^^^^^^^^^^^^^^^^^^^^^^^^^^^^^^^^^^^^^^^^^
  File "/home/airflow/.local/lib/python3.12/site-packages/airflow/models/variable.py", line 145, in get
    raise KeyError(f"Variable {key} does not exist")
KeyError: 'Variable LINKS does not exist'
[2026-03-25T19:34:57.579+0000] {processor.py:927} WARNING - No viable dags retrieved from /opt/airflow/dags/import_from_git.py
[2026-03-25T19:34:57.591+0000] {processor.py:208} INFO - Processing /opt/airflow/dags/import_from_git.py took 0.058 seconds
[2026-03-25T19:35:28.201+0000] {processor.py:186} INFO - Started process (PID=45981) to work on /opt/airflow/dags/import_from_git.py
[2026-03-25T19:35:28.202+0000] {processor.py:914} INFO - Processing file /opt/airflow/dags/import_from_git.py for tasks to queue
[2026-03-25T19:35:28.205+0000] {logging_mixin.py:190} INFO - [2026-03-25T19:35:28.204+0000] {dagbag.py:588} INFO - Filling up the DagBag from /opt/airflow/dags/import_from_git.py
[2026-03-25T19:35:28.239+0000] {logging_mixin.py:190} INFO - [2026-03-25T19:35:28.237+0000] {dagbag.py:387} ERROR - Failed to import: /opt/airflow/dags/import_from_git.py
Traceback (most recent call last):
  File "/home/airflow/.local/lib/python3.12/site-packages/airflow/models/dagbag.py", line 383, in parse
    loader.exec_module(new_module)
  File "<frozen importlib._bootstrap_external>", line 999, in exec_module
  File "<frozen importlib._bootstrap>", line 488, in _call_with_frames_removed
  File "/opt/airflow/dags/import_from_git.py", line 45, in <module>
    repo_links=get_link();
               ^^^^^^^^^^
  File "/opt/airflow/dags/import_from_git.py", line 4, in get_link
    repo_links=Variable.get("LINKS",deserialize_json=True)
               ^^^^^^^^^^^^^^^^^^^^^^^^^^^^^^^^^^^^^^^^^^^
  File "/home/airflow/.local/lib/python3.12/site-packages/airflow/models/variable.py", line 145, in get
    raise KeyError(f"Variable {key} does not exist")
KeyError: 'Variable LINKS does not exist'
[2026-03-25T19:35:28.240+0000] {processor.py:927} WARNING - No viable dags retrieved from /opt/airflow/dags/import_from_git.py
[2026-03-25T19:35:28.255+0000] {processor.py:208} INFO - Processing /opt/airflow/dags/import_from_git.py took 0.062 seconds
[2026-03-25T19:35:58.987+0000] {processor.py:186} INFO - Started process (PID=46022) to work on /opt/airflow/dags/import_from_git.py
[2026-03-25T19:35:58.988+0000] {processor.py:914} INFO - Processing file /opt/airflow/dags/import_from_git.py for tasks to queue
[2026-03-25T19:35:58.992+0000] {logging_mixin.py:190} INFO - [2026-03-25T19:35:58.991+0000] {dagbag.py:588} INFO - Filling up the DagBag from /opt/airflow/dags/import_from_git.py
[2026-03-25T19:35:59.025+0000] {logging_mixin.py:190} INFO - [2026-03-25T19:35:59.023+0000] {dagbag.py:387} ERROR - Failed to import: /opt/airflow/dags/import_from_git.py
Traceback (most recent call last):
  File "/home/airflow/.local/lib/python3.12/site-packages/airflow/models/dagbag.py", line 383, in parse
    loader.exec_module(new_module)
  File "<frozen importlib._bootstrap_external>", line 999, in exec_module
  File "<frozen importlib._bootstrap>", line 488, in _call_with_frames_removed
  File "/opt/airflow/dags/import_from_git.py", line 45, in <module>
    repo_links=get_link();
               ^^^^^^^^^^
  File "/opt/airflow/dags/import_from_git.py", line 4, in get_link
    repo_links=Variable.get("LINKS",deserialize_json=True)
               ^^^^^^^^^^^^^^^^^^^^^^^^^^^^^^^^^^^^^^^^^^^
  File "/home/airflow/.local/lib/python3.12/site-packages/airflow/models/variable.py", line 145, in get
    raise KeyError(f"Variable {key} does not exist")
KeyError: 'Variable LINKS does not exist'
[2026-03-25T19:35:59.026+0000] {processor.py:927} WARNING - No viable dags retrieved from /opt/airflow/dags/import_from_git.py
[2026-03-25T19:35:59.040+0000] {processor.py:208} INFO - Processing /opt/airflow/dags/import_from_git.py took 0.063 seconds
[2026-03-25T19:36:29.648+0000] {processor.py:186} INFO - Started process (PID=46063) to work on /opt/airflow/dags/import_from_git.py
[2026-03-25T19:36:29.649+0000] {processor.py:914} INFO - Processing file /opt/airflow/dags/import_from_git.py for tasks to queue
[2026-03-25T19:36:29.652+0000] {logging_mixin.py:190} INFO - [2026-03-25T19:36:29.651+0000] {dagbag.py:588} INFO - Filling up the DagBag from /opt/airflow/dags/import_from_git.py
[2026-03-25T19:36:29.680+0000] {logging_mixin.py:190} INFO - [2026-03-25T19:36:29.678+0000] {dagbag.py:387} ERROR - Failed to import: /opt/airflow/dags/import_from_git.py
Traceback (most recent call last):
  File "/home/airflow/.local/lib/python3.12/site-packages/airflow/models/dagbag.py", line 383, in parse
    loader.exec_module(new_module)
  File "<frozen importlib._bootstrap_external>", line 999, in exec_module
  File "<frozen importlib._bootstrap>", line 488, in _call_with_frames_removed
  File "/opt/airflow/dags/import_from_git.py", line 45, in <module>
    repo_links=get_link();
               ^^^^^^^^^^
  File "/opt/airflow/dags/import_from_git.py", line 4, in get_link
    repo_links=Variable.get("LINKS",deserialize_json=True)
               ^^^^^^^^^^^^^^^^^^^^^^^^^^^^^^^^^^^^^^^^^^^
  File "/home/airflow/.local/lib/python3.12/site-packages/airflow/models/variable.py", line 145, in get
    raise KeyError(f"Variable {key} does not exist")
KeyError: 'Variable LINKS does not exist'
[2026-03-25T19:36:29.681+0000] {processor.py:927} WARNING - No viable dags retrieved from /opt/airflow/dags/import_from_git.py
[2026-03-25T19:36:29.694+0000] {processor.py:208} INFO - Processing /opt/airflow/dags/import_from_git.py took 0.054 seconds
[2026-03-25T19:37:00.665+0000] {processor.py:186} INFO - Started process (PID=46104) to work on /opt/airflow/dags/import_from_git.py
[2026-03-25T19:37:00.666+0000] {processor.py:914} INFO - Processing file /opt/airflow/dags/import_from_git.py for tasks to queue
[2026-03-25T19:37:00.669+0000] {logging_mixin.py:190} INFO - [2026-03-25T19:37:00.669+0000] {dagbag.py:588} INFO - Filling up the DagBag from /opt/airflow/dags/import_from_git.py
[2026-03-25T19:37:00.701+0000] {logging_mixin.py:190} INFO - [2026-03-25T19:37:00.699+0000] {dagbag.py:387} ERROR - Failed to import: /opt/airflow/dags/import_from_git.py
Traceback (most recent call last):
  File "/home/airflow/.local/lib/python3.12/site-packages/airflow/models/dagbag.py", line 383, in parse
    loader.exec_module(new_module)
  File "<frozen importlib._bootstrap_external>", line 999, in exec_module
  File "<frozen importlib._bootstrap>", line 488, in _call_with_frames_removed
  File "/opt/airflow/dags/import_from_git.py", line 45, in <module>
    repo_links=get_link();
               ^^^^^^^^^^
  File "/opt/airflow/dags/import_from_git.py", line 4, in get_link
    repo_links=Variable.get("LINKS",deserialize_json=True)
               ^^^^^^^^^^^^^^^^^^^^^^^^^^^^^^^^^^^^^^^^^^^
  File "/home/airflow/.local/lib/python3.12/site-packages/airflow/models/variable.py", line 145, in get
    raise KeyError(f"Variable {key} does not exist")
KeyError: 'Variable LINKS does not exist'
[2026-03-25T19:37:00.702+0000] {processor.py:927} WARNING - No viable dags retrieved from /opt/airflow/dags/import_from_git.py
[2026-03-25T19:37:00.716+0000] {processor.py:208} INFO - Processing /opt/airflow/dags/import_from_git.py took 0.059 seconds
[2026-03-25T19:37:31.477+0000] {processor.py:186} INFO - Started process (PID=46145) to work on /opt/airflow/dags/import_from_git.py
[2026-03-25T19:37:31.478+0000] {processor.py:914} INFO - Processing file /opt/airflow/dags/import_from_git.py for tasks to queue
[2026-03-25T19:37:31.482+0000] {logging_mixin.py:190} INFO - [2026-03-25T19:37:31.481+0000] {dagbag.py:588} INFO - Filling up the DagBag from /opt/airflow/dags/import_from_git.py
[2026-03-25T19:37:31.513+0000] {logging_mixin.py:190} INFO - [2026-03-25T19:37:31.511+0000] {dagbag.py:387} ERROR - Failed to import: /opt/airflow/dags/import_from_git.py
Traceback (most recent call last):
  File "/home/airflow/.local/lib/python3.12/site-packages/airflow/models/dagbag.py", line 383, in parse
    loader.exec_module(new_module)
  File "<frozen importlib._bootstrap_external>", line 999, in exec_module
  File "<frozen importlib._bootstrap>", line 488, in _call_with_frames_removed
  File "/opt/airflow/dags/import_from_git.py", line 45, in <module>
    repo_links=get_link();
               ^^^^^^^^^^
  File "/opt/airflow/dags/import_from_git.py", line 4, in get_link
    repo_links=Variable.get("LINKS",deserialize_json=True)
               ^^^^^^^^^^^^^^^^^^^^^^^^^^^^^^^^^^^^^^^^^^^
  File "/home/airflow/.local/lib/python3.12/site-packages/airflow/models/variable.py", line 145, in get
    raise KeyError(f"Variable {key} does not exist")
KeyError: 'Variable LINKS does not exist'
[2026-03-25T19:37:31.514+0000] {processor.py:927} WARNING - No viable dags retrieved from /opt/airflow/dags/import_from_git.py
[2026-03-25T19:37:31.529+0000] {processor.py:208} INFO - Processing /opt/airflow/dags/import_from_git.py took 0.060 seconds
[2026-03-25T19:38:02.303+0000] {processor.py:186} INFO - Started process (PID=46186) to work on /opt/airflow/dags/import_from_git.py
[2026-03-25T19:38:02.304+0000] {processor.py:914} INFO - Processing file /opt/airflow/dags/import_from_git.py for tasks to queue
[2026-03-25T19:38:02.307+0000] {logging_mixin.py:190} INFO - [2026-03-25T19:38:02.306+0000] {dagbag.py:588} INFO - Filling up the DagBag from /opt/airflow/dags/import_from_git.py
[2026-03-25T19:38:02.340+0000] {logging_mixin.py:190} INFO - [2026-03-25T19:38:02.338+0000] {dagbag.py:387} ERROR - Failed to import: /opt/airflow/dags/import_from_git.py
Traceback (most recent call last):
  File "/home/airflow/.local/lib/python3.12/site-packages/airflow/models/dagbag.py", line 383, in parse
    loader.exec_module(new_module)
  File "<frozen importlib._bootstrap_external>", line 999, in exec_module
  File "<frozen importlib._bootstrap>", line 488, in _call_with_frames_removed
  File "/opt/airflow/dags/import_from_git.py", line 45, in <module>
    repo_links=get_link();
               ^^^^^^^^^^
  File "/opt/airflow/dags/import_from_git.py", line 4, in get_link
    repo_links=Variable.get("LINKS",deserialize_json=True)
               ^^^^^^^^^^^^^^^^^^^^^^^^^^^^^^^^^^^^^^^^^^^
  File "/home/airflow/.local/lib/python3.12/site-packages/airflow/models/variable.py", line 145, in get
    raise KeyError(f"Variable {key} does not exist")
KeyError: 'Variable LINKS does not exist'
[2026-03-25T19:38:02.341+0000] {processor.py:927} WARNING - No viable dags retrieved from /opt/airflow/dags/import_from_git.py
[2026-03-25T19:38:02.357+0000] {processor.py:208} INFO - Processing /opt/airflow/dags/import_from_git.py took 0.067 seconds
[2026-03-25T19:38:33.004+0000] {processor.py:186} INFO - Started process (PID=46227) to work on /opt/airflow/dags/import_from_git.py
[2026-03-25T19:38:33.006+0000] {processor.py:914} INFO - Processing file /opt/airflow/dags/import_from_git.py for tasks to queue
[2026-03-25T19:38:33.008+0000] {logging_mixin.py:190} INFO - [2026-03-25T19:38:33.008+0000] {dagbag.py:588} INFO - Filling up the DagBag from /opt/airflow/dags/import_from_git.py
[2026-03-25T19:38:33.041+0000] {logging_mixin.py:190} INFO - [2026-03-25T19:38:33.039+0000] {dagbag.py:387} ERROR - Failed to import: /opt/airflow/dags/import_from_git.py
Traceback (most recent call last):
  File "/home/airflow/.local/lib/python3.12/site-packages/airflow/models/dagbag.py", line 383, in parse
    loader.exec_module(new_module)
  File "<frozen importlib._bootstrap_external>", line 999, in exec_module
  File "<frozen importlib._bootstrap>", line 488, in _call_with_frames_removed
  File "/opt/airflow/dags/import_from_git.py", line 45, in <module>
    repo_links=get_link();
               ^^^^^^^^^^
  File "/opt/airflow/dags/import_from_git.py", line 4, in get_link
    repo_links=Variable.get("LINKS",deserialize_json=True)
               ^^^^^^^^^^^^^^^^^^^^^^^^^^^^^^^^^^^^^^^^^^^
  File "/home/airflow/.local/lib/python3.12/site-packages/airflow/models/variable.py", line 145, in get
    raise KeyError(f"Variable {key} does not exist")
KeyError: 'Variable LINKS does not exist'
[2026-03-25T19:38:33.042+0000] {processor.py:927} WARNING - No viable dags retrieved from /opt/airflow/dags/import_from_git.py
[2026-03-25T19:38:33.057+0000] {processor.py:208} INFO - Processing /opt/airflow/dags/import_from_git.py took 0.061 seconds
[2026-03-25T19:39:03.961+0000] {processor.py:186} INFO - Started process (PID=46268) to work on /opt/airflow/dags/import_from_git.py
[2026-03-25T19:39:03.962+0000] {processor.py:914} INFO - Processing file /opt/airflow/dags/import_from_git.py for tasks to queue
[2026-03-25T19:39:03.965+0000] {logging_mixin.py:190} INFO - [2026-03-25T19:39:03.964+0000] {dagbag.py:588} INFO - Filling up the DagBag from /opt/airflow/dags/import_from_git.py
[2026-03-25T19:39:03.998+0000] {logging_mixin.py:190} INFO - [2026-03-25T19:39:03.995+0000] {dagbag.py:387} ERROR - Failed to import: /opt/airflow/dags/import_from_git.py
Traceback (most recent call last):
  File "/home/airflow/.local/lib/python3.12/site-packages/airflow/models/dagbag.py", line 383, in parse
    loader.exec_module(new_module)
  File "<frozen importlib._bootstrap_external>", line 999, in exec_module
  File "<frozen importlib._bootstrap>", line 488, in _call_with_frames_removed
  File "/opt/airflow/dags/import_from_git.py", line 45, in <module>
    repo_links=get_link();
               ^^^^^^^^^^
  File "/opt/airflow/dags/import_from_git.py", line 4, in get_link
    repo_links=Variable.get("LINKS",deserialize_json=True)
               ^^^^^^^^^^^^^^^^^^^^^^^^^^^^^^^^^^^^^^^^^^^
  File "/home/airflow/.local/lib/python3.12/site-packages/airflow/models/variable.py", line 145, in get
    raise KeyError(f"Variable {key} does not exist")
KeyError: 'Variable LINKS does not exist'
[2026-03-25T19:39:03.998+0000] {processor.py:927} WARNING - No viable dags retrieved from /opt/airflow/dags/import_from_git.py
[2026-03-25T19:39:04.011+0000] {processor.py:208} INFO - Processing /opt/airflow/dags/import_from_git.py took 0.061 seconds
[2026-03-25T19:39:34.732+0000] {processor.py:186} INFO - Started process (PID=46309) to work on /opt/airflow/dags/import_from_git.py
[2026-03-25T19:39:34.734+0000] {processor.py:914} INFO - Processing file /opt/airflow/dags/import_from_git.py for tasks to queue
[2026-03-25T19:39:34.737+0000] {logging_mixin.py:190} INFO - [2026-03-25T19:39:34.736+0000] {dagbag.py:588} INFO - Filling up the DagBag from /opt/airflow/dags/import_from_git.py
[2026-03-25T19:39:34.769+0000] {logging_mixin.py:190} INFO - [2026-03-25T19:39:34.768+0000] {dagbag.py:387} ERROR - Failed to import: /opt/airflow/dags/import_from_git.py
Traceback (most recent call last):
  File "/home/airflow/.local/lib/python3.12/site-packages/airflow/models/dagbag.py", line 383, in parse
    loader.exec_module(new_module)
  File "<frozen importlib._bootstrap_external>", line 999, in exec_module
  File "<frozen importlib._bootstrap>", line 488, in _call_with_frames_removed
  File "/opt/airflow/dags/import_from_git.py", line 45, in <module>
    repo_links=get_link();
               ^^^^^^^^^^
  File "/opt/airflow/dags/import_from_git.py", line 4, in get_link
    repo_links=Variable.get("LINKS",deserialize_json=True)
               ^^^^^^^^^^^^^^^^^^^^^^^^^^^^^^^^^^^^^^^^^^^
  File "/home/airflow/.local/lib/python3.12/site-packages/airflow/models/variable.py", line 145, in get
    raise KeyError(f"Variable {key} does not exist")
KeyError: 'Variable LINKS does not exist'
[2026-03-25T19:39:34.770+0000] {processor.py:927} WARNING - No viable dags retrieved from /opt/airflow/dags/import_from_git.py
[2026-03-25T19:39:34.782+0000] {processor.py:208} INFO - Processing /opt/airflow/dags/import_from_git.py took 0.057 seconds
[2026-03-25T19:40:05.484+0000] {processor.py:186} INFO - Started process (PID=46350) to work on /opt/airflow/dags/import_from_git.py
[2026-03-25T19:40:05.485+0000] {processor.py:914} INFO - Processing file /opt/airflow/dags/import_from_git.py for tasks to queue
[2026-03-25T19:40:05.488+0000] {logging_mixin.py:190} INFO - [2026-03-25T19:40:05.487+0000] {dagbag.py:588} INFO - Filling up the DagBag from /opt/airflow/dags/import_from_git.py
[2026-03-25T19:40:05.519+0000] {logging_mixin.py:190} INFO - [2026-03-25T19:40:05.517+0000] {dagbag.py:387} ERROR - Failed to import: /opt/airflow/dags/import_from_git.py
Traceback (most recent call last):
  File "/home/airflow/.local/lib/python3.12/site-packages/airflow/models/dagbag.py", line 383, in parse
    loader.exec_module(new_module)
  File "<frozen importlib._bootstrap_external>", line 999, in exec_module
  File "<frozen importlib._bootstrap>", line 488, in _call_with_frames_removed
  File "/opt/airflow/dags/import_from_git.py", line 45, in <module>
    repo_links=get_link();
               ^^^^^^^^^^
  File "/opt/airflow/dags/import_from_git.py", line 4, in get_link
    repo_links=Variable.get("LINKS",deserialize_json=True)
               ^^^^^^^^^^^^^^^^^^^^^^^^^^^^^^^^^^^^^^^^^^^
  File "/home/airflow/.local/lib/python3.12/site-packages/airflow/models/variable.py", line 145, in get
    raise KeyError(f"Variable {key} does not exist")
KeyError: 'Variable LINKS does not exist'
[2026-03-25T19:40:05.520+0000] {processor.py:927} WARNING - No viable dags retrieved from /opt/airflow/dags/import_from_git.py
[2026-03-25T19:40:05.533+0000] {processor.py:208} INFO - Processing /opt/airflow/dags/import_from_git.py took 0.058 seconds
[2026-03-25T19:40:36.260+0000] {processor.py:186} INFO - Started process (PID=46391) to work on /opt/airflow/dags/import_from_git.py
[2026-03-25T19:40:36.262+0000] {processor.py:914} INFO - Processing file /opt/airflow/dags/import_from_git.py for tasks to queue
[2026-03-25T19:40:36.265+0000] {logging_mixin.py:190} INFO - [2026-03-25T19:40:36.265+0000] {dagbag.py:588} INFO - Filling up the DagBag from /opt/airflow/dags/import_from_git.py
[2026-03-25T19:40:36.297+0000] {logging_mixin.py:190} INFO - [2026-03-25T19:40:36.295+0000] {dagbag.py:387} ERROR - Failed to import: /opt/airflow/dags/import_from_git.py
Traceback (most recent call last):
  File "/home/airflow/.local/lib/python3.12/site-packages/airflow/models/dagbag.py", line 383, in parse
    loader.exec_module(new_module)
  File "<frozen importlib._bootstrap_external>", line 999, in exec_module
  File "<frozen importlib._bootstrap>", line 488, in _call_with_frames_removed
  File "/opt/airflow/dags/import_from_git.py", line 45, in <module>
    repo_links=get_link();
               ^^^^^^^^^^
  File "/opt/airflow/dags/import_from_git.py", line 4, in get_link
    repo_links=Variable.get("LINKS",deserialize_json=True)
               ^^^^^^^^^^^^^^^^^^^^^^^^^^^^^^^^^^^^^^^^^^^
  File "/home/airflow/.local/lib/python3.12/site-packages/airflow/models/variable.py", line 145, in get
    raise KeyError(f"Variable {key} does not exist")
KeyError: 'Variable LINKS does not exist'
[2026-03-25T19:40:36.298+0000] {processor.py:927} WARNING - No viable dags retrieved from /opt/airflow/dags/import_from_git.py
[2026-03-25T19:40:36.311+0000] {processor.py:208} INFO - Processing /opt/airflow/dags/import_from_git.py took 0.059 seconds
[2026-03-25T19:41:07.062+0000] {processor.py:186} INFO - Started process (PID=46432) to work on /opt/airflow/dags/import_from_git.py
[2026-03-25T19:41:07.063+0000] {processor.py:914} INFO - Processing file /opt/airflow/dags/import_from_git.py for tasks to queue
[2026-03-25T19:41:07.066+0000] {logging_mixin.py:190} INFO - [2026-03-25T19:41:07.065+0000] {dagbag.py:588} INFO - Filling up the DagBag from /opt/airflow/dags/import_from_git.py
[2026-03-25T19:41:07.095+0000] {logging_mixin.py:190} INFO - [2026-03-25T19:41:07.093+0000] {dagbag.py:387} ERROR - Failed to import: /opt/airflow/dags/import_from_git.py
Traceback (most recent call last):
  File "/home/airflow/.local/lib/python3.12/site-packages/airflow/models/dagbag.py", line 383, in parse
    loader.exec_module(new_module)
  File "<frozen importlib._bootstrap_external>", line 999, in exec_module
  File "<frozen importlib._bootstrap>", line 488, in _call_with_frames_removed
  File "/opt/airflow/dags/import_from_git.py", line 45, in <module>
    repo_links=get_link();
               ^^^^^^^^^^
  File "/opt/airflow/dags/import_from_git.py", line 4, in get_link
    repo_links=Variable.get("LINKS",deserialize_json=True)
               ^^^^^^^^^^^^^^^^^^^^^^^^^^^^^^^^^^^^^^^^^^^
  File "/home/airflow/.local/lib/python3.12/site-packages/airflow/models/variable.py", line 145, in get
    raise KeyError(f"Variable {key} does not exist")
KeyError: 'Variable LINKS does not exist'
[2026-03-25T19:41:07.096+0000] {processor.py:927} WARNING - No viable dags retrieved from /opt/airflow/dags/import_from_git.py
[2026-03-25T19:41:07.111+0000] {processor.py:208} INFO - Processing /opt/airflow/dags/import_from_git.py took 0.057 seconds
[2026-03-25T19:41:37.809+0000] {processor.py:186} INFO - Started process (PID=46473) to work on /opt/airflow/dags/import_from_git.py
[2026-03-25T19:41:37.811+0000] {processor.py:914} INFO - Processing file /opt/airflow/dags/import_from_git.py for tasks to queue
[2026-03-25T19:41:37.814+0000] {logging_mixin.py:190} INFO - [2026-03-25T19:41:37.813+0000] {dagbag.py:588} INFO - Filling up the DagBag from /opt/airflow/dags/import_from_git.py
[2026-03-25T19:41:37.848+0000] {logging_mixin.py:190} INFO - [2026-03-25T19:41:37.846+0000] {dagbag.py:387} ERROR - Failed to import: /opt/airflow/dags/import_from_git.py
Traceback (most recent call last):
  File "/home/airflow/.local/lib/python3.12/site-packages/airflow/models/dagbag.py", line 383, in parse
    loader.exec_module(new_module)
  File "<frozen importlib._bootstrap_external>", line 999, in exec_module
  File "<frozen importlib._bootstrap>", line 488, in _call_with_frames_removed
  File "/opt/airflow/dags/import_from_git.py", line 45, in <module>
    repo_links=get_link();
               ^^^^^^^^^^
  File "/opt/airflow/dags/import_from_git.py", line 4, in get_link
    repo_links=Variable.get("LINKS",deserialize_json=True)
               ^^^^^^^^^^^^^^^^^^^^^^^^^^^^^^^^^^^^^^^^^^^
  File "/home/airflow/.local/lib/python3.12/site-packages/airflow/models/variable.py", line 145, in get
    raise KeyError(f"Variable {key} does not exist")
KeyError: 'Variable LINKS does not exist'
[2026-03-25T19:41:37.849+0000] {processor.py:927} WARNING - No viable dags retrieved from /opt/airflow/dags/import_from_git.py
[2026-03-25T19:41:37.862+0000] {processor.py:208} INFO - Processing /opt/airflow/dags/import_from_git.py took 0.061 seconds
[2026-03-25T19:42:08.580+0000] {processor.py:186} INFO - Started process (PID=46514) to work on /opt/airflow/dags/import_from_git.py
[2026-03-25T19:42:08.581+0000] {processor.py:914} INFO - Processing file /opt/airflow/dags/import_from_git.py for tasks to queue
[2026-03-25T19:42:08.584+0000] {logging_mixin.py:190} INFO - [2026-03-25T19:42:08.583+0000] {dagbag.py:588} INFO - Filling up the DagBag from /opt/airflow/dags/import_from_git.py
[2026-03-25T19:42:08.617+0000] {logging_mixin.py:190} INFO - [2026-03-25T19:42:08.614+0000] {dagbag.py:387} ERROR - Failed to import: /opt/airflow/dags/import_from_git.py
Traceback (most recent call last):
  File "/home/airflow/.local/lib/python3.12/site-packages/airflow/models/dagbag.py", line 383, in parse
    loader.exec_module(new_module)
  File "<frozen importlib._bootstrap_external>", line 999, in exec_module
  File "<frozen importlib._bootstrap>", line 488, in _call_with_frames_removed
  File "/opt/airflow/dags/import_from_git.py", line 45, in <module>
    repo_links=get_link();
               ^^^^^^^^^^
  File "/opt/airflow/dags/import_from_git.py", line 4, in get_link
    repo_links=Variable.get("LINKS",deserialize_json=True)
               ^^^^^^^^^^^^^^^^^^^^^^^^^^^^^^^^^^^^^^^^^^^
  File "/home/airflow/.local/lib/python3.12/site-packages/airflow/models/variable.py", line 145, in get
    raise KeyError(f"Variable {key} does not exist")
KeyError: 'Variable LINKS does not exist'
[2026-03-25T19:42:08.617+0000] {processor.py:927} WARNING - No viable dags retrieved from /opt/airflow/dags/import_from_git.py
[2026-03-25T19:42:08.633+0000] {processor.py:208} INFO - Processing /opt/airflow/dags/import_from_git.py took 0.060 seconds
[2026-03-25T19:42:39.242+0000] {processor.py:186} INFO - Started process (PID=46555) to work on /opt/airflow/dags/import_from_git.py
[2026-03-25T19:42:39.243+0000] {processor.py:914} INFO - Processing file /opt/airflow/dags/import_from_git.py for tasks to queue
[2026-03-25T19:42:39.246+0000] {logging_mixin.py:190} INFO - [2026-03-25T19:42:39.246+0000] {dagbag.py:588} INFO - Filling up the DagBag from /opt/airflow/dags/import_from_git.py
[2026-03-25T19:42:39.272+0000] {logging_mixin.py:190} INFO - [2026-03-25T19:42:39.271+0000] {dagbag.py:387} ERROR - Failed to import: /opt/airflow/dags/import_from_git.py
Traceback (most recent call last):
  File "/home/airflow/.local/lib/python3.12/site-packages/airflow/models/dagbag.py", line 383, in parse
    loader.exec_module(new_module)
  File "<frozen importlib._bootstrap_external>", line 999, in exec_module
  File "<frozen importlib._bootstrap>", line 488, in _call_with_frames_removed
  File "/opt/airflow/dags/import_from_git.py", line 45, in <module>
    repo_links=get_link();
               ^^^^^^^^^^
  File "/opt/airflow/dags/import_from_git.py", line 4, in get_link
    repo_links=Variable.get("LINKS",deserialize_json=True)
               ^^^^^^^^^^^^^^^^^^^^^^^^^^^^^^^^^^^^^^^^^^^
  File "/home/airflow/.local/lib/python3.12/site-packages/airflow/models/variable.py", line 145, in get
    raise KeyError(f"Variable {key} does not exist")
KeyError: 'Variable LINKS does not exist'
[2026-03-25T19:42:39.273+0000] {processor.py:927} WARNING - No viable dags retrieved from /opt/airflow/dags/import_from_git.py
[2026-03-25T19:42:39.284+0000] {processor.py:208} INFO - Processing /opt/airflow/dags/import_from_git.py took 0.050 seconds
[2026-03-25T19:43:09.994+0000] {processor.py:186} INFO - Started process (PID=46596) to work on /opt/airflow/dags/import_from_git.py
[2026-03-25T19:43:09.995+0000] {processor.py:914} INFO - Processing file /opt/airflow/dags/import_from_git.py for tasks to queue
[2026-03-25T19:43:09.998+0000] {logging_mixin.py:190} INFO - [2026-03-25T19:43:09.998+0000] {dagbag.py:588} INFO - Filling up the DagBag from /opt/airflow/dags/import_from_git.py
[2026-03-25T19:43:10.031+0000] {logging_mixin.py:190} INFO - [2026-03-25T19:43:10.029+0000] {dagbag.py:387} ERROR - Failed to import: /opt/airflow/dags/import_from_git.py
Traceback (most recent call last):
  File "/home/airflow/.local/lib/python3.12/site-packages/airflow/models/dagbag.py", line 383, in parse
    loader.exec_module(new_module)
  File "<frozen importlib._bootstrap_external>", line 999, in exec_module
  File "<frozen importlib._bootstrap>", line 488, in _call_with_frames_removed
  File "/opt/airflow/dags/import_from_git.py", line 45, in <module>
    repo_links=get_link();
               ^^^^^^^^^^
  File "/opt/airflow/dags/import_from_git.py", line 4, in get_link
    repo_links=Variable.get("LINKS",deserialize_json=True)
               ^^^^^^^^^^^^^^^^^^^^^^^^^^^^^^^^^^^^^^^^^^^
  File "/home/airflow/.local/lib/python3.12/site-packages/airflow/models/variable.py", line 145, in get
    raise KeyError(f"Variable {key} does not exist")
KeyError: 'Variable LINKS does not exist'
[2026-03-25T19:43:10.032+0000] {processor.py:927} WARNING - No viable dags retrieved from /opt/airflow/dags/import_from_git.py
[2026-03-25T19:43:10.048+0000] {processor.py:208} INFO - Processing /opt/airflow/dags/import_from_git.py took 0.063 seconds
[2026-03-25T19:43:40.636+0000] {processor.py:186} INFO - Started process (PID=46637) to work on /opt/airflow/dags/import_from_git.py
[2026-03-25T19:43:40.637+0000] {processor.py:914} INFO - Processing file /opt/airflow/dags/import_from_git.py for tasks to queue
[2026-03-25T19:43:40.640+0000] {logging_mixin.py:190} INFO - [2026-03-25T19:43:40.639+0000] {dagbag.py:588} INFO - Filling up the DagBag from /opt/airflow/dags/import_from_git.py
[2026-03-25T19:43:40.671+0000] {logging_mixin.py:190} INFO - [2026-03-25T19:43:40.669+0000] {dagbag.py:387} ERROR - Failed to import: /opt/airflow/dags/import_from_git.py
Traceback (most recent call last):
  File "/home/airflow/.local/lib/python3.12/site-packages/airflow/models/dagbag.py", line 383, in parse
    loader.exec_module(new_module)
  File "<frozen importlib._bootstrap_external>", line 999, in exec_module
  File "<frozen importlib._bootstrap>", line 488, in _call_with_frames_removed
  File "/opt/airflow/dags/import_from_git.py", line 45, in <module>
    repo_links=get_link();
               ^^^^^^^^^^
  File "/opt/airflow/dags/import_from_git.py", line 4, in get_link
    repo_links=Variable.get("LINKS",deserialize_json=True)
               ^^^^^^^^^^^^^^^^^^^^^^^^^^^^^^^^^^^^^^^^^^^
  File "/home/airflow/.local/lib/python3.12/site-packages/airflow/models/variable.py", line 145, in get
    raise KeyError(f"Variable {key} does not exist")
KeyError: 'Variable LINKS does not exist'
[2026-03-25T19:43:40.672+0000] {processor.py:927} WARNING - No viable dags retrieved from /opt/airflow/dags/import_from_git.py
[2026-03-25T19:43:40.685+0000] {processor.py:208} INFO - Processing /opt/airflow/dags/import_from_git.py took 0.061 seconds
[2026-03-25T19:44:11.432+0000] {processor.py:186} INFO - Started process (PID=46684) to work on /opt/airflow/dags/import_from_git.py
[2026-03-25T19:44:11.433+0000] {processor.py:914} INFO - Processing file /opt/airflow/dags/import_from_git.py for tasks to queue
[2026-03-25T19:44:11.436+0000] {logging_mixin.py:190} INFO - [2026-03-25T19:44:11.436+0000] {dagbag.py:588} INFO - Filling up the DagBag from /opt/airflow/dags/import_from_git.py
[2026-03-25T19:44:11.466+0000] {logging_mixin.py:190} INFO - [2026-03-25T19:44:11.464+0000] {dagbag.py:387} ERROR - Failed to import: /opt/airflow/dags/import_from_git.py
Traceback (most recent call last):
  File "/home/airflow/.local/lib/python3.12/site-packages/airflow/models/dagbag.py", line 383, in parse
    loader.exec_module(new_module)
  File "<frozen importlib._bootstrap_external>", line 999, in exec_module
  File "<frozen importlib._bootstrap>", line 488, in _call_with_frames_removed
  File "/opt/airflow/dags/import_from_git.py", line 45, in <module>
    repo_links=get_link();
               ^^^^^^^^^^
  File "/opt/airflow/dags/import_from_git.py", line 4, in get_link
    repo_links=Variable.get("LINKS",deserialize_json=True)
               ^^^^^^^^^^^^^^^^^^^^^^^^^^^^^^^^^^^^^^^^^^^
  File "/home/airflow/.local/lib/python3.12/site-packages/airflow/models/variable.py", line 145, in get
    raise KeyError(f"Variable {key} does not exist")
KeyError: 'Variable LINKS does not exist'
[2026-03-25T19:44:11.467+0000] {processor.py:927} WARNING - No viable dags retrieved from /opt/airflow/dags/import_from_git.py
[2026-03-25T19:44:11.480+0000] {processor.py:208} INFO - Processing /opt/airflow/dags/import_from_git.py took 0.056 seconds
[2026-03-25T19:44:42.233+0000] {processor.py:186} INFO - Started process (PID=46726) to work on /opt/airflow/dags/import_from_git.py
[2026-03-25T19:44:42.234+0000] {processor.py:914} INFO - Processing file /opt/airflow/dags/import_from_git.py for tasks to queue
[2026-03-25T19:44:42.237+0000] {logging_mixin.py:190} INFO - [2026-03-25T19:44:42.237+0000] {dagbag.py:588} INFO - Filling up the DagBag from /opt/airflow/dags/import_from_git.py
[2026-03-25T19:44:42.269+0000] {logging_mixin.py:190} INFO - [2026-03-25T19:44:42.267+0000] {dagbag.py:387} ERROR - Failed to import: /opt/airflow/dags/import_from_git.py
Traceback (most recent call last):
  File "/home/airflow/.local/lib/python3.12/site-packages/airflow/models/dagbag.py", line 383, in parse
    loader.exec_module(new_module)
  File "<frozen importlib._bootstrap_external>", line 999, in exec_module
  File "<frozen importlib._bootstrap>", line 488, in _call_with_frames_removed
  File "/opt/airflow/dags/import_from_git.py", line 45, in <module>
    repo_links=get_link();
               ^^^^^^^^^^
  File "/opt/airflow/dags/import_from_git.py", line 4, in get_link
    repo_links=Variable.get("LINKS",deserialize_json=True)
               ^^^^^^^^^^^^^^^^^^^^^^^^^^^^^^^^^^^^^^^^^^^
  File "/home/airflow/.local/lib/python3.12/site-packages/airflow/models/variable.py", line 145, in get
    raise KeyError(f"Variable {key} does not exist")
KeyError: 'Variable LINKS does not exist'
[2026-03-25T19:44:42.270+0000] {processor.py:927} WARNING - No viable dags retrieved from /opt/airflow/dags/import_from_git.py
[2026-03-25T19:44:42.287+0000] {processor.py:208} INFO - Processing /opt/airflow/dags/import_from_git.py took 0.063 seconds
[2026-03-25T19:45:12.912+0000] {processor.py:186} INFO - Started process (PID=46767) to work on /opt/airflow/dags/import_from_git.py
[2026-03-25T19:45:12.914+0000] {processor.py:914} INFO - Processing file /opt/airflow/dags/import_from_git.py for tasks to queue
[2026-03-25T19:45:12.917+0000] {logging_mixin.py:190} INFO - [2026-03-25T19:45:12.917+0000] {dagbag.py:588} INFO - Filling up the DagBag from /opt/airflow/dags/import_from_git.py
[2026-03-25T19:45:12.951+0000] {logging_mixin.py:190} INFO - [2026-03-25T19:45:12.949+0000] {dagbag.py:387} ERROR - Failed to import: /opt/airflow/dags/import_from_git.py
Traceback (most recent call last):
  File "/home/airflow/.local/lib/python3.12/site-packages/airflow/models/dagbag.py", line 383, in parse
    loader.exec_module(new_module)
  File "<frozen importlib._bootstrap_external>", line 999, in exec_module
  File "<frozen importlib._bootstrap>", line 488, in _call_with_frames_removed
  File "/opt/airflow/dags/import_from_git.py", line 45, in <module>
    repo_links=get_link();
               ^^^^^^^^^^
  File "/opt/airflow/dags/import_from_git.py", line 4, in get_link
    repo_links=Variable.get("LINKS",deserialize_json=True)
               ^^^^^^^^^^^^^^^^^^^^^^^^^^^^^^^^^^^^^^^^^^^
  File "/home/airflow/.local/lib/python3.12/site-packages/airflow/models/variable.py", line 145, in get
    raise KeyError(f"Variable {key} does not exist")
KeyError: 'Variable LINKS does not exist'
[2026-03-25T19:45:12.953+0000] {processor.py:927} WARNING - No viable dags retrieved from /opt/airflow/dags/import_from_git.py
[2026-03-25T19:45:12.967+0000] {processor.py:208} INFO - Processing /opt/airflow/dags/import_from_git.py took 0.063 seconds
[2026-03-25T19:45:43.582+0000] {processor.py:186} INFO - Started process (PID=46808) to work on /opt/airflow/dags/import_from_git.py
[2026-03-25T19:45:43.583+0000] {processor.py:914} INFO - Processing file /opt/airflow/dags/import_from_git.py for tasks to queue
[2026-03-25T19:45:43.585+0000] {logging_mixin.py:190} INFO - [2026-03-25T19:45:43.585+0000] {dagbag.py:588} INFO - Filling up the DagBag from /opt/airflow/dags/import_from_git.py
[2026-03-25T19:45:43.615+0000] {logging_mixin.py:190} INFO - [2026-03-25T19:45:43.614+0000] {dagbag.py:387} ERROR - Failed to import: /opt/airflow/dags/import_from_git.py
Traceback (most recent call last):
  File "/home/airflow/.local/lib/python3.12/site-packages/airflow/models/dagbag.py", line 383, in parse
    loader.exec_module(new_module)
  File "<frozen importlib._bootstrap_external>", line 999, in exec_module
  File "<frozen importlib._bootstrap>", line 488, in _call_with_frames_removed
  File "/opt/airflow/dags/import_from_git.py", line 45, in <module>
    repo_links=get_link();
               ^^^^^^^^^^
  File "/opt/airflow/dags/import_from_git.py", line 4, in get_link
    repo_links=Variable.get("LINKS",deserialize_json=True)
               ^^^^^^^^^^^^^^^^^^^^^^^^^^^^^^^^^^^^^^^^^^^
  File "/home/airflow/.local/lib/python3.12/site-packages/airflow/models/variable.py", line 145, in get
    raise KeyError(f"Variable {key} does not exist")
KeyError: 'Variable LINKS does not exist'
[2026-03-25T19:45:43.616+0000] {processor.py:927} WARNING - No viable dags retrieved from /opt/airflow/dags/import_from_git.py
[2026-03-25T19:45:43.626+0000] {processor.py:208} INFO - Processing /opt/airflow/dags/import_from_git.py took 0.052 seconds
[2026-03-25T19:46:14.376+0000] {processor.py:186} INFO - Started process (PID=46849) to work on /opt/airflow/dags/import_from_git.py
[2026-03-25T19:46:14.378+0000] {processor.py:914} INFO - Processing file /opt/airflow/dags/import_from_git.py for tasks to queue
[2026-03-25T19:46:14.381+0000] {logging_mixin.py:190} INFO - [2026-03-25T19:46:14.381+0000] {dagbag.py:588} INFO - Filling up the DagBag from /opt/airflow/dags/import_from_git.py
[2026-03-25T19:46:14.411+0000] {logging_mixin.py:190} INFO - [2026-03-25T19:46:14.409+0000] {dagbag.py:387} ERROR - Failed to import: /opt/airflow/dags/import_from_git.py
Traceback (most recent call last):
  File "/home/airflow/.local/lib/python3.12/site-packages/airflow/models/dagbag.py", line 383, in parse
    loader.exec_module(new_module)
  File "<frozen importlib._bootstrap_external>", line 999, in exec_module
  File "<frozen importlib._bootstrap>", line 488, in _call_with_frames_removed
  File "/opt/airflow/dags/import_from_git.py", line 45, in <module>
    repo_links=get_link();
               ^^^^^^^^^^
  File "/opt/airflow/dags/import_from_git.py", line 4, in get_link
    repo_links=Variable.get("LINKS",deserialize_json=True)
               ^^^^^^^^^^^^^^^^^^^^^^^^^^^^^^^^^^^^^^^^^^^
  File "/home/airflow/.local/lib/python3.12/site-packages/airflow/models/variable.py", line 145, in get
    raise KeyError(f"Variable {key} does not exist")
KeyError: 'Variable LINKS does not exist'
[2026-03-25T19:46:14.412+0000] {processor.py:927} WARNING - No viable dags retrieved from /opt/airflow/dags/import_from_git.py
[2026-03-25T19:46:14.425+0000] {processor.py:208} INFO - Processing /opt/airflow/dags/import_from_git.py took 0.060 seconds
[2026-03-25T19:46:45.149+0000] {processor.py:186} INFO - Started process (PID=46890) to work on /opt/airflow/dags/import_from_git.py
[2026-03-25T19:46:45.151+0000] {processor.py:914} INFO - Processing file /opt/airflow/dags/import_from_git.py for tasks to queue
[2026-03-25T19:46:45.153+0000] {logging_mixin.py:190} INFO - [2026-03-25T19:46:45.153+0000] {dagbag.py:588} INFO - Filling up the DagBag from /opt/airflow/dags/import_from_git.py
[2026-03-25T19:46:45.188+0000] {logging_mixin.py:190} INFO - [2026-03-25T19:46:45.186+0000] {dagbag.py:387} ERROR - Failed to import: /opt/airflow/dags/import_from_git.py
Traceback (most recent call last):
  File "/home/airflow/.local/lib/python3.12/site-packages/airflow/models/dagbag.py", line 383, in parse
    loader.exec_module(new_module)
  File "<frozen importlib._bootstrap_external>", line 999, in exec_module
  File "<frozen importlib._bootstrap>", line 488, in _call_with_frames_removed
  File "/opt/airflow/dags/import_from_git.py", line 45, in <module>
    repo_links=get_link();
               ^^^^^^^^^^
  File "/opt/airflow/dags/import_from_git.py", line 4, in get_link
    repo_links=Variable.get("LINKS",deserialize_json=True)
               ^^^^^^^^^^^^^^^^^^^^^^^^^^^^^^^^^^^^^^^^^^^
  File "/home/airflow/.local/lib/python3.12/site-packages/airflow/models/variable.py", line 145, in get
    raise KeyError(f"Variable {key} does not exist")
KeyError: 'Variable LINKS does not exist'
[2026-03-25T19:46:45.188+0000] {processor.py:927} WARNING - No viable dags retrieved from /opt/airflow/dags/import_from_git.py
[2026-03-25T19:46:45.202+0000] {processor.py:208} INFO - Processing /opt/airflow/dags/import_from_git.py took 0.061 seconds
[2026-03-25T19:47:15.835+0000] {processor.py:186} INFO - Started process (PID=46931) to work on /opt/airflow/dags/import_from_git.py
[2026-03-25T19:47:15.836+0000] {processor.py:914} INFO - Processing file /opt/airflow/dags/import_from_git.py for tasks to queue
[2026-03-25T19:47:15.839+0000] {logging_mixin.py:190} INFO - [2026-03-25T19:47:15.838+0000] {dagbag.py:588} INFO - Filling up the DagBag from /opt/airflow/dags/import_from_git.py
[2026-03-25T19:47:15.868+0000] {logging_mixin.py:190} INFO - [2026-03-25T19:47:15.866+0000] {dagbag.py:387} ERROR - Failed to import: /opt/airflow/dags/import_from_git.py
Traceback (most recent call last):
  File "/home/airflow/.local/lib/python3.12/site-packages/airflow/models/dagbag.py", line 383, in parse
    loader.exec_module(new_module)
  File "<frozen importlib._bootstrap_external>", line 999, in exec_module
  File "<frozen importlib._bootstrap>", line 488, in _call_with_frames_removed
  File "/opt/airflow/dags/import_from_git.py", line 45, in <module>
    repo_links=get_link();
               ^^^^^^^^^^
  File "/opt/airflow/dags/import_from_git.py", line 4, in get_link
    repo_links=Variable.get("LINKS",deserialize_json=True)
               ^^^^^^^^^^^^^^^^^^^^^^^^^^^^^^^^^^^^^^^^^^^
  File "/home/airflow/.local/lib/python3.12/site-packages/airflow/models/variable.py", line 145, in get
    raise KeyError(f"Variable {key} does not exist")
KeyError: 'Variable LINKS does not exist'
[2026-03-25T19:47:15.869+0000] {processor.py:927} WARNING - No viable dags retrieved from /opt/airflow/dags/import_from_git.py
[2026-03-25T19:47:15.883+0000] {processor.py:208} INFO - Processing /opt/airflow/dags/import_from_git.py took 0.058 seconds
[2026-03-25T19:47:46.631+0000] {processor.py:186} INFO - Started process (PID=46972) to work on /opt/airflow/dags/import_from_git.py
[2026-03-25T19:47:46.632+0000] {processor.py:914} INFO - Processing file /opt/airflow/dags/import_from_git.py for tasks to queue
[2026-03-25T19:47:46.635+0000] {logging_mixin.py:190} INFO - [2026-03-25T19:47:46.635+0000] {dagbag.py:588} INFO - Filling up the DagBag from /opt/airflow/dags/import_from_git.py
[2026-03-25T19:47:46.664+0000] {logging_mixin.py:190} INFO - [2026-03-25T19:47:46.662+0000] {dagbag.py:387} ERROR - Failed to import: /opt/airflow/dags/import_from_git.py
Traceback (most recent call last):
  File "/home/airflow/.local/lib/python3.12/site-packages/airflow/models/dagbag.py", line 383, in parse
    loader.exec_module(new_module)
  File "<frozen importlib._bootstrap_external>", line 999, in exec_module
  File "<frozen importlib._bootstrap>", line 488, in _call_with_frames_removed
  File "/opt/airflow/dags/import_from_git.py", line 45, in <module>
    repo_links=get_link();
               ^^^^^^^^^^
  File "/opt/airflow/dags/import_from_git.py", line 4, in get_link
    repo_links=Variable.get("LINKS",deserialize_json=True)
               ^^^^^^^^^^^^^^^^^^^^^^^^^^^^^^^^^^^^^^^^^^^
  File "/home/airflow/.local/lib/python3.12/site-packages/airflow/models/variable.py", line 145, in get
    raise KeyError(f"Variable {key} does not exist")
KeyError: 'Variable LINKS does not exist'
[2026-03-25T19:47:46.664+0000] {processor.py:927} WARNING - No viable dags retrieved from /opt/airflow/dags/import_from_git.py
[2026-03-25T19:47:46.677+0000] {processor.py:208} INFO - Processing /opt/airflow/dags/import_from_git.py took 0.054 seconds
[2026-03-25T19:48:17.436+0000] {processor.py:186} INFO - Started process (PID=47013) to work on /opt/airflow/dags/import_from_git.py
[2026-03-25T19:48:17.437+0000] {processor.py:914} INFO - Processing file /opt/airflow/dags/import_from_git.py for tasks to queue
[2026-03-25T19:48:17.440+0000] {logging_mixin.py:190} INFO - [2026-03-25T19:48:17.440+0000] {dagbag.py:588} INFO - Filling up the DagBag from /opt/airflow/dags/import_from_git.py
[2026-03-25T19:48:17.475+0000] {logging_mixin.py:190} INFO - [2026-03-25T19:48:17.473+0000] {dagbag.py:387} ERROR - Failed to import: /opt/airflow/dags/import_from_git.py
Traceback (most recent call last):
  File "/home/airflow/.local/lib/python3.12/site-packages/airflow/models/dagbag.py", line 383, in parse
    loader.exec_module(new_module)
  File "<frozen importlib._bootstrap_external>", line 999, in exec_module
  File "<frozen importlib._bootstrap>", line 488, in _call_with_frames_removed
  File "/opt/airflow/dags/import_from_git.py", line 45, in <module>
    repo_links=get_link();
               ^^^^^^^^^^
  File "/opt/airflow/dags/import_from_git.py", line 4, in get_link
    repo_links=Variable.get("LINKS",deserialize_json=True)
               ^^^^^^^^^^^^^^^^^^^^^^^^^^^^^^^^^^^^^^^^^^^
  File "/home/airflow/.local/lib/python3.12/site-packages/airflow/models/variable.py", line 145, in get
    raise KeyError(f"Variable {key} does not exist")
KeyError: 'Variable LINKS does not exist'
[2026-03-25T19:48:17.476+0000] {processor.py:927} WARNING - No viable dags retrieved from /opt/airflow/dags/import_from_git.py
[2026-03-25T19:48:17.493+0000] {processor.py:208} INFO - Processing /opt/airflow/dags/import_from_git.py took 0.067 seconds
[2026-03-25T19:48:48.231+0000] {processor.py:186} INFO - Started process (PID=47054) to work on /opt/airflow/dags/import_from_git.py
[2026-03-25T19:48:48.232+0000] {processor.py:914} INFO - Processing file /opt/airflow/dags/import_from_git.py for tasks to queue
[2026-03-25T19:48:48.235+0000] {logging_mixin.py:190} INFO - [2026-03-25T19:48:48.235+0000] {dagbag.py:588} INFO - Filling up the DagBag from /opt/airflow/dags/import_from_git.py
[2026-03-25T19:48:48.269+0000] {logging_mixin.py:190} INFO - [2026-03-25T19:48:48.267+0000] {dagbag.py:387} ERROR - Failed to import: /opt/airflow/dags/import_from_git.py
Traceback (most recent call last):
  File "/home/airflow/.local/lib/python3.12/site-packages/airflow/models/dagbag.py", line 383, in parse
    loader.exec_module(new_module)
  File "<frozen importlib._bootstrap_external>", line 999, in exec_module
  File "<frozen importlib._bootstrap>", line 488, in _call_with_frames_removed
  File "/opt/airflow/dags/import_from_git.py", line 45, in <module>
    repo_links=get_link();
               ^^^^^^^^^^
  File "/opt/airflow/dags/import_from_git.py", line 4, in get_link
    repo_links=Variable.get("LINKS",deserialize_json=True)
               ^^^^^^^^^^^^^^^^^^^^^^^^^^^^^^^^^^^^^^^^^^^
  File "/home/airflow/.local/lib/python3.12/site-packages/airflow/models/variable.py", line 145, in get
    raise KeyError(f"Variable {key} does not exist")
KeyError: 'Variable LINKS does not exist'
[2026-03-25T19:48:48.270+0000] {processor.py:927} WARNING - No viable dags retrieved from /opt/airflow/dags/import_from_git.py
[2026-03-25T19:48:48.288+0000] {processor.py:208} INFO - Processing /opt/airflow/dags/import_from_git.py took 0.067 seconds
[2026-03-25T19:49:19.058+0000] {processor.py:186} INFO - Started process (PID=47095) to work on /opt/airflow/dags/import_from_git.py
[2026-03-25T19:49:19.059+0000] {processor.py:914} INFO - Processing file /opt/airflow/dags/import_from_git.py for tasks to queue
[2026-03-25T19:49:19.062+0000] {logging_mixin.py:190} INFO - [2026-03-25T19:49:19.062+0000] {dagbag.py:588} INFO - Filling up the DagBag from /opt/airflow/dags/import_from_git.py
[2026-03-25T19:49:19.101+0000] {logging_mixin.py:190} INFO - [2026-03-25T19:49:19.098+0000] {dagbag.py:387} ERROR - Failed to import: /opt/airflow/dags/import_from_git.py
Traceback (most recent call last):
  File "/home/airflow/.local/lib/python3.12/site-packages/airflow/models/dagbag.py", line 383, in parse
    loader.exec_module(new_module)
  File "<frozen importlib._bootstrap_external>", line 999, in exec_module
  File "<frozen importlib._bootstrap>", line 488, in _call_with_frames_removed
  File "/opt/airflow/dags/import_from_git.py", line 45, in <module>
    repo_links=get_link();
               ^^^^^^^^^^
  File "/opt/airflow/dags/import_from_git.py", line 4, in get_link
    repo_links=Variable.get("LINKS",deserialize_json=True)
               ^^^^^^^^^^^^^^^^^^^^^^^^^^^^^^^^^^^^^^^^^^^
  File "/home/airflow/.local/lib/python3.12/site-packages/airflow/models/variable.py", line 145, in get
    raise KeyError(f"Variable {key} does not exist")
KeyError: 'Variable LINKS does not exist'
[2026-03-25T19:49:19.102+0000] {processor.py:927} WARNING - No viable dags retrieved from /opt/airflow/dags/import_from_git.py
[2026-03-25T19:49:19.124+0000] {processor.py:208} INFO - Processing /opt/airflow/dags/import_from_git.py took 0.077 seconds
[2026-03-25T19:49:50.609+0000] {processor.py:186} INFO - Started process (PID=47138) to work on /opt/airflow/dags/import_from_git.py
[2026-03-25T19:49:50.628+0000] {processor.py:914} INFO - Processing file /opt/airflow/dags/import_from_git.py for tasks to queue
[2026-03-25T19:49:50.729+0000] {logging_mixin.py:190} INFO - [2026-03-25T19:49:50.713+0000] {dagbag.py:588} INFO - Filling up the DagBag from /opt/airflow/dags/import_from_git.py
[2026-03-25T19:49:50.991+0000] {logging_mixin.py:190} INFO - [2026-03-25T19:49:50.978+0000] {dagbag.py:387} ERROR - Failed to import: /opt/airflow/dags/import_from_git.py
Traceback (most recent call last):
  File "/home/airflow/.local/lib/python3.12/site-packages/airflow/models/dagbag.py", line 383, in parse
    loader.exec_module(new_module)
  File "<frozen importlib._bootstrap_external>", line 999, in exec_module
  File "<frozen importlib._bootstrap>", line 488, in _call_with_frames_removed
  File "/opt/airflow/dags/import_from_git.py", line 45, in <module>
    repo_links=get_link();
               ^^^^^^^^^^
  File "/opt/airflow/dags/import_from_git.py", line 4, in get_link
    repo_links=Variable.get("LINKS",deserialize_json=True)
               ^^^^^^^^^^^^^^^^^^^^^^^^^^^^^^^^^^^^^^^^^^^
  File "/home/airflow/.local/lib/python3.12/site-packages/airflow/models/variable.py", line 145, in get
    raise KeyError(f"Variable {key} does not exist")
KeyError: 'Variable LINKS does not exist'
[2026-03-25T19:49:50.998+0000] {processor.py:927} WARNING - No viable dags retrieved from /opt/airflow/dags/import_from_git.py
[2026-03-25T19:49:51.104+0000] {processor.py:208} INFO - Processing /opt/airflow/dags/import_from_git.py took 0.587 seconds
[2026-03-25T19:50:21.602+0000] {processor.py:186} INFO - Started process (PID=47179) to work on /opt/airflow/dags/import_from_git.py
[2026-03-25T19:50:21.612+0000] {processor.py:914} INFO - Processing file /opt/airflow/dags/import_from_git.py for tasks to queue
[2026-03-25T19:50:21.615+0000] {logging_mixin.py:190} INFO - [2026-03-25T19:50:21.615+0000] {dagbag.py:588} INFO - Filling up the DagBag from /opt/airflow/dags/import_from_git.py
[2026-03-25T19:50:21.648+0000] {logging_mixin.py:190} INFO - [2026-03-25T19:50:21.646+0000] {dagbag.py:387} ERROR - Failed to import: /opt/airflow/dags/import_from_git.py
Traceback (most recent call last):
  File "/home/airflow/.local/lib/python3.12/site-packages/airflow/models/dagbag.py", line 383, in parse
    loader.exec_module(new_module)
  File "<frozen importlib._bootstrap_external>", line 999, in exec_module
  File "<frozen importlib._bootstrap>", line 488, in _call_with_frames_removed
  File "/opt/airflow/dags/import_from_git.py", line 45, in <module>
    repo_links=get_link();
               ^^^^^^^^^^
  File "/opt/airflow/dags/import_from_git.py", line 4, in get_link
    repo_links=Variable.get("LINKS",deserialize_json=True)
               ^^^^^^^^^^^^^^^^^^^^^^^^^^^^^^^^^^^^^^^^^^^
  File "/home/airflow/.local/lib/python3.12/site-packages/airflow/models/variable.py", line 145, in get
    raise KeyError(f"Variable {key} does not exist")
KeyError: 'Variable LINKS does not exist'
[2026-03-25T19:50:21.649+0000] {processor.py:927} WARNING - No viable dags retrieved from /opt/airflow/dags/import_from_git.py
[2026-03-25T19:50:21.663+0000] {processor.py:208} INFO - Processing /opt/airflow/dags/import_from_git.py took 0.068 seconds
[2026-03-25T19:50:52.608+0000] {processor.py:186} INFO - Started process (PID=47220) to work on /opt/airflow/dags/import_from_git.py
[2026-03-25T19:50:52.618+0000] {processor.py:914} INFO - Processing file /opt/airflow/dags/import_from_git.py for tasks to queue
[2026-03-25T19:50:52.638+0000] {logging_mixin.py:190} INFO - [2026-03-25T19:50:52.635+0000] {dagbag.py:588} INFO - Filling up the DagBag from /opt/airflow/dags/import_from_git.py
[2026-03-25T19:50:52.897+0000] {logging_mixin.py:190} INFO - [2026-03-25T19:50:52.880+0000] {dagbag.py:387} ERROR - Failed to import: /opt/airflow/dags/import_from_git.py
Traceback (most recent call last):
  File "/home/airflow/.local/lib/python3.12/site-packages/airflow/models/dagbag.py", line 383, in parse
    loader.exec_module(new_module)
  File "<frozen importlib._bootstrap_external>", line 999, in exec_module
  File "<frozen importlib._bootstrap>", line 488, in _call_with_frames_removed
  File "/opt/airflow/dags/import_from_git.py", line 45, in <module>
    repo_links=get_link();
               ^^^^^^^^^^
  File "/opt/airflow/dags/import_from_git.py", line 4, in get_link
    repo_links=Variable.get("LINKS",deserialize_json=True)
               ^^^^^^^^^^^^^^^^^^^^^^^^^^^^^^^^^^^^^^^^^^^
  File "/home/airflow/.local/lib/python3.12/site-packages/airflow/models/variable.py", line 145, in get
    raise KeyError(f"Variable {key} does not exist")
KeyError: 'Variable LINKS does not exist'
[2026-03-25T19:50:52.906+0000] {processor.py:927} WARNING - No viable dags retrieved from /opt/airflow/dags/import_from_git.py
[2026-03-25T19:50:53.015+0000] {processor.py:208} INFO - Processing /opt/airflow/dags/import_from_git.py took 0.471 seconds
[2026-03-25T19:51:23.186+0000] {processor.py:186} INFO - Started process (PID=47261) to work on /opt/airflow/dags/import_from_git.py
[2026-03-25T19:51:23.195+0000] {processor.py:914} INFO - Processing file /opt/airflow/dags/import_from_git.py for tasks to queue
[2026-03-25T19:51:23.198+0000] {logging_mixin.py:190} INFO - [2026-03-25T19:51:23.198+0000] {dagbag.py:588} INFO - Filling up the DagBag from /opt/airflow/dags/import_from_git.py
[2026-03-25T19:51:23.228+0000] {logging_mixin.py:190} INFO - [2026-03-25T19:51:23.226+0000] {dagbag.py:387} ERROR - Failed to import: /opt/airflow/dags/import_from_git.py
Traceback (most recent call last):
  File "/home/airflow/.local/lib/python3.12/site-packages/airflow/models/dagbag.py", line 383, in parse
    loader.exec_module(new_module)
  File "<frozen importlib._bootstrap_external>", line 999, in exec_module
  File "<frozen importlib._bootstrap>", line 488, in _call_with_frames_removed
  File "/opt/airflow/dags/import_from_git.py", line 45, in <module>
    repo_links=get_link();
               ^^^^^^^^^^
  File "/opt/airflow/dags/import_from_git.py", line 4, in get_link
    repo_links=Variable.get("LINKS",deserialize_json=True)
               ^^^^^^^^^^^^^^^^^^^^^^^^^^^^^^^^^^^^^^^^^^^
  File "/home/airflow/.local/lib/python3.12/site-packages/airflow/models/variable.py", line 145, in get
    raise KeyError(f"Variable {key} does not exist")
KeyError: 'Variable LINKS does not exist'
[2026-03-25T19:51:23.229+0000] {processor.py:927} WARNING - No viable dags retrieved from /opt/airflow/dags/import_from_git.py
[2026-03-25T19:51:23.242+0000] {processor.py:208} INFO - Processing /opt/airflow/dags/import_from_git.py took 0.067 seconds
[2026-03-25T19:51:53.997+0000] {processor.py:186} INFO - Started process (PID=47302) to work on /opt/airflow/dags/import_from_git.py
[2026-03-25T19:51:54.007+0000] {processor.py:914} INFO - Processing file /opt/airflow/dags/import_from_git.py for tasks to queue
[2026-03-25T19:51:54.011+0000] {logging_mixin.py:190} INFO - [2026-03-25T19:51:54.010+0000] {dagbag.py:588} INFO - Filling up the DagBag from /opt/airflow/dags/import_from_git.py
[2026-03-25T19:51:54.043+0000] {logging_mixin.py:190} INFO - [2026-03-25T19:51:54.041+0000] {dagbag.py:387} ERROR - Failed to import: /opt/airflow/dags/import_from_git.py
Traceback (most recent call last):
  File "/home/airflow/.local/lib/python3.12/site-packages/airflow/models/dagbag.py", line 383, in parse
    loader.exec_module(new_module)
  File "<frozen importlib._bootstrap_external>", line 999, in exec_module
  File "<frozen importlib._bootstrap>", line 488, in _call_with_frames_removed
  File "/opt/airflow/dags/import_from_git.py", line 45, in <module>
    repo_links=get_link();
               ^^^^^^^^^^
  File "/opt/airflow/dags/import_from_git.py", line 4, in get_link
    repo_links=Variable.get("LINKS",deserialize_json=True)
               ^^^^^^^^^^^^^^^^^^^^^^^^^^^^^^^^^^^^^^^^^^^
  File "/home/airflow/.local/lib/python3.12/site-packages/airflow/models/variable.py", line 145, in get
    raise KeyError(f"Variable {key} does not exist")
KeyError: 'Variable LINKS does not exist'
[2026-03-25T19:51:54.044+0000] {processor.py:927} WARNING - No viable dags retrieved from /opt/airflow/dags/import_from_git.py
[2026-03-25T19:51:54.059+0000] {processor.py:208} INFO - Processing /opt/airflow/dags/import_from_git.py took 0.068 seconds
[2026-03-25T19:52:24.722+0000] {processor.py:186} INFO - Started process (PID=47343) to work on /opt/airflow/dags/import_from_git.py
[2026-03-25T19:52:24.732+0000] {processor.py:914} INFO - Processing file /opt/airflow/dags/import_from_git.py for tasks to queue
[2026-03-25T19:52:24.735+0000] {logging_mixin.py:190} INFO - [2026-03-25T19:52:24.735+0000] {dagbag.py:588} INFO - Filling up the DagBag from /opt/airflow/dags/import_from_git.py
[2026-03-25T19:52:24.765+0000] {logging_mixin.py:190} INFO - [2026-03-25T19:52:24.763+0000] {dagbag.py:387} ERROR - Failed to import: /opt/airflow/dags/import_from_git.py
Traceback (most recent call last):
  File "/home/airflow/.local/lib/python3.12/site-packages/airflow/models/dagbag.py", line 383, in parse
    loader.exec_module(new_module)
  File "<frozen importlib._bootstrap_external>", line 999, in exec_module
  File "<frozen importlib._bootstrap>", line 488, in _call_with_frames_removed
  File "/opt/airflow/dags/import_from_git.py", line 45, in <module>
    repo_links=get_link();
               ^^^^^^^^^^
  File "/opt/airflow/dags/import_from_git.py", line 4, in get_link
    repo_links=Variable.get("LINKS",deserialize_json=True)
               ^^^^^^^^^^^^^^^^^^^^^^^^^^^^^^^^^^^^^^^^^^^
  File "/home/airflow/.local/lib/python3.12/site-packages/airflow/models/variable.py", line 145, in get
    raise KeyError(f"Variable {key} does not exist")
KeyError: 'Variable LINKS does not exist'
[2026-03-25T19:52:24.766+0000] {processor.py:927} WARNING - No viable dags retrieved from /opt/airflow/dags/import_from_git.py
[2026-03-25T19:52:24.780+0000] {processor.py:208} INFO - Processing /opt/airflow/dags/import_from_git.py took 0.065 seconds
[2026-03-25T19:52:55.410+0000] {processor.py:186} INFO - Started process (PID=47384) to work on /opt/airflow/dags/import_from_git.py
[2026-03-25T19:52:55.421+0000] {processor.py:914} INFO - Processing file /opt/airflow/dags/import_from_git.py for tasks to queue
[2026-03-25T19:52:55.424+0000] {logging_mixin.py:190} INFO - [2026-03-25T19:52:55.423+0000] {dagbag.py:588} INFO - Filling up the DagBag from /opt/airflow/dags/import_from_git.py
[2026-03-25T19:52:55.454+0000] {logging_mixin.py:190} INFO - [2026-03-25T19:52:55.452+0000] {dagbag.py:387} ERROR - Failed to import: /opt/airflow/dags/import_from_git.py
Traceback (most recent call last):
  File "/home/airflow/.local/lib/python3.12/site-packages/airflow/models/dagbag.py", line 383, in parse
    loader.exec_module(new_module)
  File "<frozen importlib._bootstrap_external>", line 999, in exec_module
  File "<frozen importlib._bootstrap>", line 488, in _call_with_frames_removed
  File "/opt/airflow/dags/import_from_git.py", line 45, in <module>
    repo_links=get_link();
               ^^^^^^^^^^
  File "/opt/airflow/dags/import_from_git.py", line 4, in get_link
    repo_links=Variable.get("LINKS",deserialize_json=True)
               ^^^^^^^^^^^^^^^^^^^^^^^^^^^^^^^^^^^^^^^^^^^
  File "/home/airflow/.local/lib/python3.12/site-packages/airflow/models/variable.py", line 145, in get
    raise KeyError(f"Variable {key} does not exist")
KeyError: 'Variable LINKS does not exist'
[2026-03-25T19:52:55.455+0000] {processor.py:927} WARNING - No viable dags retrieved from /opt/airflow/dags/import_from_git.py
[2026-03-25T19:52:55.468+0000] {processor.py:208} INFO - Processing /opt/airflow/dags/import_from_git.py took 0.065 seconds
[2026-03-25T19:53:26.176+0000] {processor.py:186} INFO - Started process (PID=47425) to work on /opt/airflow/dags/import_from_git.py
[2026-03-25T19:53:26.177+0000] {processor.py:914} INFO - Processing file /opt/airflow/dags/import_from_git.py for tasks to queue
[2026-03-25T19:53:26.181+0000] {logging_mixin.py:190} INFO - [2026-03-25T19:53:26.180+0000] {dagbag.py:588} INFO - Filling up the DagBag from /opt/airflow/dags/import_from_git.py
[2026-03-25T19:53:26.215+0000] {logging_mixin.py:190} INFO - [2026-03-25T19:53:26.213+0000] {dagbag.py:387} ERROR - Failed to import: /opt/airflow/dags/import_from_git.py
Traceback (most recent call last):
  File "/home/airflow/.local/lib/python3.12/site-packages/airflow/models/dagbag.py", line 383, in parse
    loader.exec_module(new_module)
  File "<frozen importlib._bootstrap_external>", line 999, in exec_module
  File "<frozen importlib._bootstrap>", line 488, in _call_with_frames_removed
  File "/opt/airflow/dags/import_from_git.py", line 45, in <module>
    repo_links=get_link();
               ^^^^^^^^^^
  File "/opt/airflow/dags/import_from_git.py", line 4, in get_link
    repo_links=Variable.get("LINKS",deserialize_json=True)
               ^^^^^^^^^^^^^^^^^^^^^^^^^^^^^^^^^^^^^^^^^^^
  File "/home/airflow/.local/lib/python3.12/site-packages/airflow/models/variable.py", line 145, in get
    raise KeyError(f"Variable {key} does not exist")
KeyError: 'Variable LINKS does not exist'
[2026-03-25T19:53:26.216+0000] {processor.py:927} WARNING - No viable dags retrieved from /opt/airflow/dags/import_from_git.py
[2026-03-25T19:53:26.230+0000] {processor.py:208} INFO - Processing /opt/airflow/dags/import_from_git.py took 0.061 seconds
[2026-03-25T19:53:56.927+0000] {processor.py:186} INFO - Started process (PID=47466) to work on /opt/airflow/dags/import_from_git.py
[2026-03-25T19:53:56.937+0000] {processor.py:914} INFO - Processing file /opt/airflow/dags/import_from_git.py for tasks to queue
[2026-03-25T19:53:56.940+0000] {logging_mixin.py:190} INFO - [2026-03-25T19:53:56.940+0000] {dagbag.py:588} INFO - Filling up the DagBag from /opt/airflow/dags/import_from_git.py
[2026-03-25T19:53:56.971+0000] {logging_mixin.py:190} INFO - [2026-03-25T19:53:56.969+0000] {dagbag.py:387} ERROR - Failed to import: /opt/airflow/dags/import_from_git.py
Traceback (most recent call last):
  File "/home/airflow/.local/lib/python3.12/site-packages/airflow/models/dagbag.py", line 383, in parse
    loader.exec_module(new_module)
  File "<frozen importlib._bootstrap_external>", line 999, in exec_module
  File "<frozen importlib._bootstrap>", line 488, in _call_with_frames_removed
  File "/opt/airflow/dags/import_from_git.py", line 45, in <module>
    repo_links=get_link();
               ^^^^^^^^^^
  File "/opt/airflow/dags/import_from_git.py", line 4, in get_link
    repo_links=Variable.get("LINKS",deserialize_json=True)
               ^^^^^^^^^^^^^^^^^^^^^^^^^^^^^^^^^^^^^^^^^^^
  File "/home/airflow/.local/lib/python3.12/site-packages/airflow/models/variable.py", line 145, in get
    raise KeyError(f"Variable {key} does not exist")
KeyError: 'Variable LINKS does not exist'
[2026-03-25T19:53:56.972+0000] {processor.py:927} WARNING - No viable dags retrieved from /opt/airflow/dags/import_from_git.py
[2026-03-25T19:53:56.987+0000] {processor.py:208} INFO - Processing /opt/airflow/dags/import_from_git.py took 0.067 seconds
[2026-03-25T19:54:27.738+0000] {processor.py:186} INFO - Started process (PID=47507) to work on /opt/airflow/dags/import_from_git.py
[2026-03-25T19:54:27.748+0000] {processor.py:914} INFO - Processing file /opt/airflow/dags/import_from_git.py for tasks to queue
[2026-03-25T19:54:27.751+0000] {logging_mixin.py:190} INFO - [2026-03-25T19:54:27.750+0000] {dagbag.py:588} INFO - Filling up the DagBag from /opt/airflow/dags/import_from_git.py
[2026-03-25T19:54:27.782+0000] {logging_mixin.py:190} INFO - [2026-03-25T19:54:27.780+0000] {dagbag.py:387} ERROR - Failed to import: /opt/airflow/dags/import_from_git.py
Traceback (most recent call last):
  File "/home/airflow/.local/lib/python3.12/site-packages/airflow/models/dagbag.py", line 383, in parse
    loader.exec_module(new_module)
  File "<frozen importlib._bootstrap_external>", line 999, in exec_module
  File "<frozen importlib._bootstrap>", line 488, in _call_with_frames_removed
  File "/opt/airflow/dags/import_from_git.py", line 45, in <module>
    repo_links=get_link();
               ^^^^^^^^^^
  File "/opt/airflow/dags/import_from_git.py", line 4, in get_link
    repo_links=Variable.get("LINKS",deserialize_json=True)
               ^^^^^^^^^^^^^^^^^^^^^^^^^^^^^^^^^^^^^^^^^^^
  File "/home/airflow/.local/lib/python3.12/site-packages/airflow/models/variable.py", line 145, in get
    raise KeyError(f"Variable {key} does not exist")
KeyError: 'Variable LINKS does not exist'
[2026-03-25T19:54:27.783+0000] {processor.py:927} WARNING - No viable dags retrieved from /opt/airflow/dags/import_from_git.py
[2026-03-25T19:54:27.797+0000] {processor.py:208} INFO - Processing /opt/airflow/dags/import_from_git.py took 0.071 seconds
[2026-03-25T19:54:58.708+0000] {processor.py:186} INFO - Started process (PID=47548) to work on /opt/airflow/dags/import_from_git.py
[2026-03-25T19:54:58.725+0000] {processor.py:914} INFO - Processing file /opt/airflow/dags/import_from_git.py for tasks to queue
[2026-03-25T19:54:58.746+0000] {logging_mixin.py:190} INFO - [2026-03-25T19:54:58.743+0000] {dagbag.py:588} INFO - Filling up the DagBag from /opt/airflow/dags/import_from_git.py
[2026-03-25T19:54:58.981+0000] {logging_mixin.py:190} INFO - [2026-03-25T19:54:58.967+0000] {dagbag.py:387} ERROR - Failed to import: /opt/airflow/dags/import_from_git.py
Traceback (most recent call last):
  File "/home/airflow/.local/lib/python3.12/site-packages/airflow/models/dagbag.py", line 383, in parse
    loader.exec_module(new_module)
  File "<frozen importlib._bootstrap_external>", line 999, in exec_module
  File "<frozen importlib._bootstrap>", line 488, in _call_with_frames_removed
  File "/opt/airflow/dags/import_from_git.py", line 45, in <module>
    repo_links=get_link();
               ^^^^^^^^^^
  File "/opt/airflow/dags/import_from_git.py", line 4, in get_link
    repo_links=Variable.get("LINKS",deserialize_json=True)
               ^^^^^^^^^^^^^^^^^^^^^^^^^^^^^^^^^^^^^^^^^^^
  File "/home/airflow/.local/lib/python3.12/site-packages/airflow/models/variable.py", line 145, in get
    raise KeyError(f"Variable {key} does not exist")
KeyError: 'Variable LINKS does not exist'
[2026-03-25T19:54:58.989+0000] {processor.py:927} WARNING - No viable dags retrieved from /opt/airflow/dags/import_from_git.py
[2026-03-25T19:54:59.091+0000] {processor.py:208} INFO - Processing /opt/airflow/dags/import_from_git.py took 0.446 seconds
[2026-03-25T19:55:29.291+0000] {processor.py:186} INFO - Started process (PID=47592) to work on /opt/airflow/dags/import_from_git.py
[2026-03-25T19:55:29.292+0000] {processor.py:914} INFO - Processing file /opt/airflow/dags/import_from_git.py for tasks to queue
[2026-03-25T19:55:29.294+0000] {logging_mixin.py:190} INFO - [2026-03-25T19:55:29.293+0000] {dagbag.py:588} INFO - Filling up the DagBag from /opt/airflow/dags/import_from_git.py
[2026-03-25T19:55:29.320+0000] {logging_mixin.py:190} INFO - [2026-03-25T19:55:29.318+0000] {dagbag.py:387} ERROR - Failed to import: /opt/airflow/dags/import_from_git.py
Traceback (most recent call last):
  File "/home/airflow/.local/lib/python3.12/site-packages/airflow/models/dagbag.py", line 383, in parse
    loader.exec_module(new_module)
  File "<frozen importlib._bootstrap_external>", line 999, in exec_module
  File "<frozen importlib._bootstrap>", line 488, in _call_with_frames_removed
  File "/opt/airflow/dags/import_from_git.py", line 45, in <module>
    repo_links=get_link();
               ^^^^^^^^^^
  File "/opt/airflow/dags/import_from_git.py", line 4, in get_link
    repo_links=Variable.get("LINKS",deserialize_json=True)
               ^^^^^^^^^^^^^^^^^^^^^^^^^^^^^^^^^^^^^^^^^^^
  File "/home/airflow/.local/lib/python3.12/site-packages/airflow/models/variable.py", line 145, in get
    raise KeyError(f"Variable {key} does not exist")
KeyError: 'Variable LINKS does not exist'
[2026-03-25T19:55:29.321+0000] {processor.py:927} WARNING - No viable dags retrieved from /opt/airflow/dags/import_from_git.py
[2026-03-25T19:55:29.330+0000] {processor.py:208} INFO - Processing /opt/airflow/dags/import_from_git.py took 0.048 seconds
[2026-03-25T19:56:00.028+0000] {processor.py:186} INFO - Started process (PID=47630) to work on /opt/airflow/dags/import_from_git.py
[2026-03-25T19:56:00.038+0000] {processor.py:914} INFO - Processing file /opt/airflow/dags/import_from_git.py for tasks to queue
[2026-03-25T19:56:00.041+0000] {logging_mixin.py:190} INFO - [2026-03-25T19:56:00.041+0000] {dagbag.py:588} INFO - Filling up the DagBag from /opt/airflow/dags/import_from_git.py
[2026-03-25T19:56:00.073+0000] {logging_mixin.py:190} INFO - [2026-03-25T19:56:00.072+0000] {dagbag.py:387} ERROR - Failed to import: /opt/airflow/dags/import_from_git.py
Traceback (most recent call last):
  File "/home/airflow/.local/lib/python3.12/site-packages/airflow/models/dagbag.py", line 383, in parse
    loader.exec_module(new_module)
  File "<frozen importlib._bootstrap_external>", line 999, in exec_module
  File "<frozen importlib._bootstrap>", line 488, in _call_with_frames_removed
  File "/opt/airflow/dags/import_from_git.py", line 45, in <module>
    repo_links=get_link();
               ^^^^^^^^^^
  File "/opt/airflow/dags/import_from_git.py", line 4, in get_link
    repo_links=Variable.get("LINKS",deserialize_json=True)
               ^^^^^^^^^^^^^^^^^^^^^^^^^^^^^^^^^^^^^^^^^^^
  File "/home/airflow/.local/lib/python3.12/site-packages/airflow/models/variable.py", line 145, in get
    raise KeyError(f"Variable {key} does not exist")
KeyError: 'Variable LINKS does not exist'
[2026-03-25T19:56:00.074+0000] {processor.py:927} WARNING - No viable dags retrieved from /opt/airflow/dags/import_from_git.py
[2026-03-25T19:56:00.088+0000] {processor.py:208} INFO - Processing /opt/airflow/dags/import_from_git.py took 0.070 seconds
[2026-03-25T19:56:30.827+0000] {processor.py:186} INFO - Started process (PID=47671) to work on /opt/airflow/dags/import_from_git.py
[2026-03-25T19:56:30.828+0000] {processor.py:914} INFO - Processing file /opt/airflow/dags/import_from_git.py for tasks to queue
[2026-03-25T19:56:30.831+0000] {logging_mixin.py:190} INFO - [2026-03-25T19:56:30.831+0000] {dagbag.py:588} INFO - Filling up the DagBag from /opt/airflow/dags/import_from_git.py
[2026-03-25T19:56:30.863+0000] {logging_mixin.py:190} INFO - [2026-03-25T19:56:30.861+0000] {dagbag.py:387} ERROR - Failed to import: /opt/airflow/dags/import_from_git.py
Traceback (most recent call last):
  File "/home/airflow/.local/lib/python3.12/site-packages/airflow/models/dagbag.py", line 383, in parse
    loader.exec_module(new_module)
  File "<frozen importlib._bootstrap_external>", line 999, in exec_module
  File "<frozen importlib._bootstrap>", line 488, in _call_with_frames_removed
  File "/opt/airflow/dags/import_from_git.py", line 45, in <module>
    repo_links=get_link();
               ^^^^^^^^^^
  File "/opt/airflow/dags/import_from_git.py", line 4, in get_link
    repo_links=Variable.get("LINKS",deserialize_json=True)
               ^^^^^^^^^^^^^^^^^^^^^^^^^^^^^^^^^^^^^^^^^^^
  File "/home/airflow/.local/lib/python3.12/site-packages/airflow/models/variable.py", line 145, in get
    raise KeyError(f"Variable {key} does not exist")
KeyError: 'Variable LINKS does not exist'
[2026-03-25T19:56:30.864+0000] {processor.py:927} WARNING - No viable dags retrieved from /opt/airflow/dags/import_from_git.py
[2026-03-25T19:56:30.877+0000] {processor.py:208} INFO - Processing /opt/airflow/dags/import_from_git.py took 0.057 seconds
[2026-03-25T19:57:01.578+0000] {processor.py:186} INFO - Started process (PID=47712) to work on /opt/airflow/dags/import_from_git.py
[2026-03-25T19:57:01.585+0000] {processor.py:914} INFO - Processing file /opt/airflow/dags/import_from_git.py for tasks to queue
[2026-03-25T19:57:01.588+0000] {logging_mixin.py:190} INFO - [2026-03-25T19:57:01.588+0000] {dagbag.py:588} INFO - Filling up the DagBag from /opt/airflow/dags/import_from_git.py
[2026-03-25T19:57:01.619+0000] {logging_mixin.py:190} INFO - [2026-03-25T19:57:01.618+0000] {dagbag.py:387} ERROR - Failed to import: /opt/airflow/dags/import_from_git.py
Traceback (most recent call last):
  File "/home/airflow/.local/lib/python3.12/site-packages/airflow/models/dagbag.py", line 383, in parse
    loader.exec_module(new_module)
  File "<frozen importlib._bootstrap_external>", line 999, in exec_module
  File "<frozen importlib._bootstrap>", line 488, in _call_with_frames_removed
  File "/opt/airflow/dags/import_from_git.py", line 45, in <module>
    repo_links=get_link();
               ^^^^^^^^^^
  File "/opt/airflow/dags/import_from_git.py", line 4, in get_link
    repo_links=Variable.get("LINKS",deserialize_json=True)
               ^^^^^^^^^^^^^^^^^^^^^^^^^^^^^^^^^^^^^^^^^^^
  File "/home/airflow/.local/lib/python3.12/site-packages/airflow/models/variable.py", line 145, in get
    raise KeyError(f"Variable {key} does not exist")
KeyError: 'Variable LINKS does not exist'
[2026-03-25T19:57:01.620+0000] {processor.py:927} WARNING - No viable dags retrieved from /opt/airflow/dags/import_from_git.py
[2026-03-25T19:57:01.634+0000] {processor.py:208} INFO - Processing /opt/airflow/dags/import_from_git.py took 0.067 seconds
[2026-03-25T19:57:31.681+0000] {processor.py:186} INFO - Started process (PID=47753) to work on /opt/airflow/dags/import_from_git.py
[2026-03-25T19:57:31.683+0000] {processor.py:914} INFO - Processing file /opt/airflow/dags/import_from_git.py for tasks to queue
[2026-03-25T19:57:31.686+0000] {logging_mixin.py:190} INFO - [2026-03-25T19:57:31.685+0000] {dagbag.py:588} INFO - Filling up the DagBag from /opt/airflow/dags/import_from_git.py
[2026-03-25T19:57:31.715+0000] {logging_mixin.py:190} INFO - [2026-03-25T19:57:31.714+0000] {dagbag.py:387} ERROR - Failed to import: /opt/airflow/dags/import_from_git.py
Traceback (most recent call last):
  File "/home/airflow/.local/lib/python3.12/site-packages/airflow/models/dagbag.py", line 383, in parse
    loader.exec_module(new_module)
  File "<frozen importlib._bootstrap_external>", line 999, in exec_module
  File "<frozen importlib._bootstrap>", line 488, in _call_with_frames_removed
  File "/opt/airflow/dags/import_from_git.py", line 45, in <module>
    repo_links=get_link();
               ^^^^^^^^^^
  File "/opt/airflow/dags/import_from_git.py", line 4, in get_link
    repo_links=Variable.get("LINKS",deserialize_json=True)
               ^^^^^^^^^^^^^^^^^^^^^^^^^^^^^^^^^^^^^^^^^^^
  File "/home/airflow/.local/lib/python3.12/site-packages/airflow/models/variable.py", line 145, in get
    raise KeyError(f"Variable {key} does not exist")
KeyError: 'Variable LINKS does not exist'
[2026-03-25T19:57:31.716+0000] {processor.py:927} WARNING - No viable dags retrieved from /opt/airflow/dags/import_from_git.py
[2026-03-25T19:57:31.727+0000] {processor.py:208} INFO - Processing /opt/airflow/dags/import_from_git.py took 0.054 seconds
[2026-03-25T19:58:02.383+0000] {processor.py:186} INFO - Started process (PID=47792) to work on /opt/airflow/dags/import_from_git.py
[2026-03-25T19:58:02.384+0000] {processor.py:914} INFO - Processing file /opt/airflow/dags/import_from_git.py for tasks to queue
[2026-03-25T19:58:02.387+0000] {logging_mixin.py:190} INFO - [2026-03-25T19:58:02.387+0000] {dagbag.py:588} INFO - Filling up the DagBag from /opt/airflow/dags/import_from_git.py
[2026-03-25T19:58:02.419+0000] {logging_mixin.py:190} INFO - [2026-03-25T19:58:02.417+0000] {dagbag.py:387} ERROR - Failed to import: /opt/airflow/dags/import_from_git.py
Traceback (most recent call last):
  File "/home/airflow/.local/lib/python3.12/site-packages/airflow/models/dagbag.py", line 383, in parse
    loader.exec_module(new_module)
  File "<frozen importlib._bootstrap_external>", line 999, in exec_module
  File "<frozen importlib._bootstrap>", line 488, in _call_with_frames_removed
  File "/opt/airflow/dags/import_from_git.py", line 45, in <module>
    repo_links=get_link();
               ^^^^^^^^^^
  File "/opt/airflow/dags/import_from_git.py", line 4, in get_link
    repo_links=Variable.get("LINKS",deserialize_json=True)
               ^^^^^^^^^^^^^^^^^^^^^^^^^^^^^^^^^^^^^^^^^^^
  File "/home/airflow/.local/lib/python3.12/site-packages/airflow/models/variable.py", line 145, in get
    raise KeyError(f"Variable {key} does not exist")
KeyError: 'Variable LINKS does not exist'
[2026-03-25T19:58:02.420+0000] {processor.py:927} WARNING - No viable dags retrieved from /opt/airflow/dags/import_from_git.py
[2026-03-25T19:58:02.435+0000] {processor.py:208} INFO - Processing /opt/airflow/dags/import_from_git.py took 0.060 seconds
[2026-03-25T19:58:33.055+0000] {processor.py:186} INFO - Started process (PID=47833) to work on /opt/airflow/dags/import_from_git.py
[2026-03-25T19:58:33.057+0000] {processor.py:914} INFO - Processing file /opt/airflow/dags/import_from_git.py for tasks to queue
[2026-03-25T19:58:33.060+0000] {logging_mixin.py:190} INFO - [2026-03-25T19:58:33.060+0000] {dagbag.py:588} INFO - Filling up the DagBag from /opt/airflow/dags/import_from_git.py
[2026-03-25T19:58:33.091+0000] {logging_mixin.py:190} INFO - [2026-03-25T19:58:33.089+0000] {dagbag.py:387} ERROR - Failed to import: /opt/airflow/dags/import_from_git.py
Traceback (most recent call last):
  File "/home/airflow/.local/lib/python3.12/site-packages/airflow/models/dagbag.py", line 383, in parse
    loader.exec_module(new_module)
  File "<frozen importlib._bootstrap_external>", line 999, in exec_module
  File "<frozen importlib._bootstrap>", line 488, in _call_with_frames_removed
  File "/opt/airflow/dags/import_from_git.py", line 45, in <module>
    repo_links=get_link();
               ^^^^^^^^^^
  File "/opt/airflow/dags/import_from_git.py", line 4, in get_link
    repo_links=Variable.get("LINKS",deserialize_json=True)
               ^^^^^^^^^^^^^^^^^^^^^^^^^^^^^^^^^^^^^^^^^^^
  File "/home/airflow/.local/lib/python3.12/site-packages/airflow/models/variable.py", line 145, in get
    raise KeyError(f"Variable {key} does not exist")
KeyError: 'Variable LINKS does not exist'
[2026-03-25T19:58:33.092+0000] {processor.py:927} WARNING - No viable dags retrieved from /opt/airflow/dags/import_from_git.py
[2026-03-25T19:58:33.107+0000] {processor.py:208} INFO - Processing /opt/airflow/dags/import_from_git.py took 0.064 seconds
[2026-03-25T19:59:03.842+0000] {processor.py:186} INFO - Started process (PID=47874) to work on /opt/airflow/dags/import_from_git.py
[2026-03-25T19:59:03.843+0000] {processor.py:914} INFO - Processing file /opt/airflow/dags/import_from_git.py for tasks to queue
[2026-03-25T19:59:03.846+0000] {logging_mixin.py:190} INFO - [2026-03-25T19:59:03.846+0000] {dagbag.py:588} INFO - Filling up the DagBag from /opt/airflow/dags/import_from_git.py
[2026-03-25T19:59:03.876+0000] {logging_mixin.py:190} INFO - [2026-03-25T19:59:03.874+0000] {dagbag.py:387} ERROR - Failed to import: /opt/airflow/dags/import_from_git.py
Traceback (most recent call last):
  File "/home/airflow/.local/lib/python3.12/site-packages/airflow/models/dagbag.py", line 383, in parse
    loader.exec_module(new_module)
  File "<frozen importlib._bootstrap_external>", line 999, in exec_module
  File "<frozen importlib._bootstrap>", line 488, in _call_with_frames_removed
  File "/opt/airflow/dags/import_from_git.py", line 45, in <module>
    repo_links=get_link();
               ^^^^^^^^^^
  File "/opt/airflow/dags/import_from_git.py", line 4, in get_link
    repo_links=Variable.get("LINKS",deserialize_json=True)
               ^^^^^^^^^^^^^^^^^^^^^^^^^^^^^^^^^^^^^^^^^^^
  File "/home/airflow/.local/lib/python3.12/site-packages/airflow/models/variable.py", line 145, in get
    raise KeyError(f"Variable {key} does not exist")
KeyError: 'Variable LINKS does not exist'
[2026-03-25T19:59:03.877+0000] {processor.py:927} WARNING - No viable dags retrieved from /opt/airflow/dags/import_from_git.py
[2026-03-25T19:59:03.889+0000] {processor.py:208} INFO - Processing /opt/airflow/dags/import_from_git.py took 0.054 seconds
[2026-03-25T19:59:34.632+0000] {processor.py:186} INFO - Started process (PID=47915) to work on /opt/airflow/dags/import_from_git.py
[2026-03-25T19:59:34.634+0000] {processor.py:914} INFO - Processing file /opt/airflow/dags/import_from_git.py for tasks to queue
[2026-03-25T19:59:34.637+0000] {logging_mixin.py:190} INFO - [2026-03-25T19:59:34.637+0000] {dagbag.py:588} INFO - Filling up the DagBag from /opt/airflow/dags/import_from_git.py
[2026-03-25T19:59:34.666+0000] {logging_mixin.py:190} INFO - [2026-03-25T19:59:34.664+0000] {dagbag.py:387} ERROR - Failed to import: /opt/airflow/dags/import_from_git.py
Traceback (most recent call last):
  File "/home/airflow/.local/lib/python3.12/site-packages/airflow/models/dagbag.py", line 383, in parse
    loader.exec_module(new_module)
  File "<frozen importlib._bootstrap_external>", line 999, in exec_module
  File "<frozen importlib._bootstrap>", line 488, in _call_with_frames_removed
  File "/opt/airflow/dags/import_from_git.py", line 45, in <module>
    repo_links=get_link();
               ^^^^^^^^^^
  File "/opt/airflow/dags/import_from_git.py", line 4, in get_link
    repo_links=Variable.get("LINKS",deserialize_json=True)
               ^^^^^^^^^^^^^^^^^^^^^^^^^^^^^^^^^^^^^^^^^^^
  File "/home/airflow/.local/lib/python3.12/site-packages/airflow/models/variable.py", line 145, in get
    raise KeyError(f"Variable {key} does not exist")
KeyError: 'Variable LINKS does not exist'
[2026-03-25T19:59:34.667+0000] {processor.py:927} WARNING - No viable dags retrieved from /opt/airflow/dags/import_from_git.py
[2026-03-25T19:59:34.683+0000] {processor.py:208} INFO - Processing /opt/airflow/dags/import_from_git.py took 0.058 seconds
[2026-03-25T20:00:05.423+0000] {processor.py:186} INFO - Started process (PID=47956) to work on /opt/airflow/dags/import_from_git.py
[2026-03-25T20:00:05.424+0000] {processor.py:914} INFO - Processing file /opt/airflow/dags/import_from_git.py for tasks to queue
[2026-03-25T20:00:05.427+0000] {logging_mixin.py:190} INFO - [2026-03-25T20:00:05.427+0000] {dagbag.py:588} INFO - Filling up the DagBag from /opt/airflow/dags/import_from_git.py
[2026-03-25T20:00:05.458+0000] {logging_mixin.py:190} INFO - [2026-03-25T20:00:05.456+0000] {dagbag.py:387} ERROR - Failed to import: /opt/airflow/dags/import_from_git.py
Traceback (most recent call last):
  File "/home/airflow/.local/lib/python3.12/site-packages/airflow/models/dagbag.py", line 383, in parse
    loader.exec_module(new_module)
  File "<frozen importlib._bootstrap_external>", line 999, in exec_module
  File "<frozen importlib._bootstrap>", line 488, in _call_with_frames_removed
  File "/opt/airflow/dags/import_from_git.py", line 45, in <module>
    repo_links=get_link();
               ^^^^^^^^^^
  File "/opt/airflow/dags/import_from_git.py", line 4, in get_link
    repo_links=Variable.get("LINKS",deserialize_json=True)
               ^^^^^^^^^^^^^^^^^^^^^^^^^^^^^^^^^^^^^^^^^^^
  File "/home/airflow/.local/lib/python3.12/site-packages/airflow/models/variable.py", line 145, in get
    raise KeyError(f"Variable {key} does not exist")
KeyError: 'Variable LINKS does not exist'
[2026-03-25T20:00:05.459+0000] {processor.py:927} WARNING - No viable dags retrieved from /opt/airflow/dags/import_from_git.py
[2026-03-25T20:00:05.473+0000] {processor.py:208} INFO - Processing /opt/airflow/dags/import_from_git.py took 0.057 seconds
[2026-03-25T20:00:36.090+0000] {processor.py:186} INFO - Started process (PID=47997) to work on /opt/airflow/dags/import_from_git.py
[2026-03-25T20:00:36.092+0000] {processor.py:914} INFO - Processing file /opt/airflow/dags/import_from_git.py for tasks to queue
[2026-03-25T20:00:36.095+0000] {logging_mixin.py:190} INFO - [2026-03-25T20:00:36.095+0000] {dagbag.py:588} INFO - Filling up the DagBag from /opt/airflow/dags/import_from_git.py
[2026-03-25T20:00:36.124+0000] {logging_mixin.py:190} INFO - [2026-03-25T20:00:36.122+0000] {dagbag.py:387} ERROR - Failed to import: /opt/airflow/dags/import_from_git.py
Traceback (most recent call last):
  File "/home/airflow/.local/lib/python3.12/site-packages/airflow/models/dagbag.py", line 383, in parse
    loader.exec_module(new_module)
  File "<frozen importlib._bootstrap_external>", line 999, in exec_module
  File "<frozen importlib._bootstrap>", line 488, in _call_with_frames_removed
  File "/opt/airflow/dags/import_from_git.py", line 45, in <module>
    repo_links=get_link();
               ^^^^^^^^^^
  File "/opt/airflow/dags/import_from_git.py", line 4, in get_link
    repo_links=Variable.get("LINKS",deserialize_json=True)
               ^^^^^^^^^^^^^^^^^^^^^^^^^^^^^^^^^^^^^^^^^^^
  File "/home/airflow/.local/lib/python3.12/site-packages/airflow/models/variable.py", line 145, in get
    raise KeyError(f"Variable {key} does not exist")
KeyError: 'Variable LINKS does not exist'
[2026-03-25T20:00:36.125+0000] {processor.py:927} WARNING - No viable dags retrieved from /opt/airflow/dags/import_from_git.py
[2026-03-25T20:00:36.139+0000] {processor.py:208} INFO - Processing /opt/airflow/dags/import_from_git.py took 0.057 seconds
[2026-03-25T20:01:08.133+0000] {processor.py:186} INFO - Started process (PID=48038) to work on /opt/airflow/dags/import_from_git.py
[2026-03-25T20:01:08.148+0000] {processor.py:914} INFO - Processing file /opt/airflow/dags/import_from_git.py for tasks to queue
[2026-03-25T20:01:08.168+0000] {logging_mixin.py:190} INFO - [2026-03-25T20:01:08.164+0000] {dagbag.py:588} INFO - Filling up the DagBag from /opt/airflow/dags/import_from_git.py
[2026-03-25T20:01:08.387+0000] {logging_mixin.py:190} INFO - [2026-03-25T20:01:08.375+0000] {dagbag.py:387} ERROR - Failed to import: /opt/airflow/dags/import_from_git.py
Traceback (most recent call last):
  File "/home/airflow/.local/lib/python3.12/site-packages/airflow/models/dagbag.py", line 383, in parse
    loader.exec_module(new_module)
  File "<frozen importlib._bootstrap_external>", line 999, in exec_module
  File "<frozen importlib._bootstrap>", line 488, in _call_with_frames_removed
  File "/opt/airflow/dags/import_from_git.py", line 45, in <module>
    repo_links=get_link();
               ^^^^^^^^^^
  File "/opt/airflow/dags/import_from_git.py", line 4, in get_link
    repo_links=Variable.get("LINKS",deserialize_json=True)
               ^^^^^^^^^^^^^^^^^^^^^^^^^^^^^^^^^^^^^^^^^^^
  File "/home/airflow/.local/lib/python3.12/site-packages/airflow/models/variable.py", line 145, in get
    raise KeyError(f"Variable {key} does not exist")
KeyError: 'Variable LINKS does not exist'
[2026-03-25T20:01:08.393+0000] {processor.py:927} WARNING - No viable dags retrieved from /opt/airflow/dags/import_from_git.py
[2026-03-25T20:01:08.488+0000] {processor.py:208} INFO - Processing /opt/airflow/dags/import_from_git.py took 0.409 seconds
[2026-03-25T20:01:39.391+0000] {processor.py:186} INFO - Started process (PID=48081) to work on /opt/airflow/dags/import_from_git.py
[2026-03-25T20:01:39.401+0000] {processor.py:914} INFO - Processing file /opt/airflow/dags/import_from_git.py for tasks to queue
[2026-03-25T20:01:39.404+0000] {logging_mixin.py:190} INFO - [2026-03-25T20:01:39.404+0000] {dagbag.py:588} INFO - Filling up the DagBag from /opt/airflow/dags/import_from_git.py
[2026-03-25T20:01:39.437+0000] {logging_mixin.py:190} INFO - [2026-03-25T20:01:39.435+0000] {dagbag.py:387} ERROR - Failed to import: /opt/airflow/dags/import_from_git.py
Traceback (most recent call last):
  File "/home/airflow/.local/lib/python3.12/site-packages/airflow/models/dagbag.py", line 383, in parse
    loader.exec_module(new_module)
  File "<frozen importlib._bootstrap_external>", line 999, in exec_module
  File "<frozen importlib._bootstrap>", line 488, in _call_with_frames_removed
  File "/opt/airflow/dags/import_from_git.py", line 45, in <module>
    repo_links=get_link();
               ^^^^^^^^^^
  File "/opt/airflow/dags/import_from_git.py", line 4, in get_link
    repo_links=Variable.get("LINKS",deserialize_json=True)
               ^^^^^^^^^^^^^^^^^^^^^^^^^^^^^^^^^^^^^^^^^^^
  File "/home/airflow/.local/lib/python3.12/site-packages/airflow/models/variable.py", line 145, in get
    raise KeyError(f"Variable {key} does not exist")
KeyError: 'Variable LINKS does not exist'
[2026-03-25T20:01:39.438+0000] {processor.py:927} WARNING - No viable dags retrieved from /opt/airflow/dags/import_from_git.py
[2026-03-25T20:01:39.451+0000] {processor.py:208} INFO - Processing /opt/airflow/dags/import_from_git.py took 0.073 seconds
[2026-03-25T20:02:10.160+0000] {processor.py:186} INFO - Started process (PID=48122) to work on /opt/airflow/dags/import_from_git.py
[2026-03-25T20:02:10.165+0000] {processor.py:914} INFO - Processing file /opt/airflow/dags/import_from_git.py for tasks to queue
[2026-03-25T20:02:10.168+0000] {logging_mixin.py:190} INFO - [2026-03-25T20:02:10.167+0000] {dagbag.py:588} INFO - Filling up the DagBag from /opt/airflow/dags/import_from_git.py
[2026-03-25T20:02:10.193+0000] {logging_mixin.py:190} INFO - [2026-03-25T20:02:10.191+0000] {dagbag.py:387} ERROR - Failed to import: /opt/airflow/dags/import_from_git.py
Traceback (most recent call last):
  File "/home/airflow/.local/lib/python3.12/site-packages/airflow/models/dagbag.py", line 383, in parse
    loader.exec_module(new_module)
  File "<frozen importlib._bootstrap_external>", line 999, in exec_module
  File "<frozen importlib._bootstrap>", line 488, in _call_with_frames_removed
  File "/opt/airflow/dags/import_from_git.py", line 45, in <module>
    repo_links=get_link();
               ^^^^^^^^^^
  File "/opt/airflow/dags/import_from_git.py", line 4, in get_link
    repo_links=Variable.get("LINKS",deserialize_json=True)
               ^^^^^^^^^^^^^^^^^^^^^^^^^^^^^^^^^^^^^^^^^^^
  File "/home/airflow/.local/lib/python3.12/site-packages/airflow/models/variable.py", line 145, in get
    raise KeyError(f"Variable {key} does not exist")
KeyError: 'Variable LINKS does not exist'
[2026-03-25T20:02:10.194+0000] {processor.py:927} WARNING - No viable dags retrieved from /opt/airflow/dags/import_from_git.py
[2026-03-25T20:02:10.207+0000] {processor.py:208} INFO - Processing /opt/airflow/dags/import_from_git.py took 0.060 seconds
